date,hard_coal_tran_actual,gas_tran_actual,biomass_tran_actual,pumped_storage_tran_actual,hydro_tran_actual,other_conv_tran_actual,hard_coal_tran_fitted,gas_tran_fitted,biomass_tran_fitted,pumped_storage_tran_fitted,hydro_tran_fitted,other_conv_tran_fitted,hard_coal_tran_lower,gas_tran_lower,biomass_tran_lower,pumped_storage_tran_lower,hydro_tran_lower,other_conv_tran_lower,hard_coal_tran_upper,gas_tran_upper,biomass_tran_upper,pumped_storage_tran_upper,hydro_tran_upper,other_conv_tran_upper
2026-02-06 00:00:00+00:00,2901.86,411.37,417.61,0.29000962,306.89,129.79,1345.509847938063,340.1493335487427,411.554907840138,232.31038536566658,573.8913985824942,111.12584334736522,1167.420260362171,337.94031014033726,412.57634673345655,322.70358383678763,577.7499313408988,110.19598543167115,1167.420260362171,337.94031014033726,412.57634673345655,322.70358383678763,577.7499313408988,110.19598543167115
2026-02-06 01:00:00+00:00,2790.06,412.37,415.01,0.26001084,306.87,127.14,1341.8262512560198,340.094554265274,412.27082978164907,240.19212065676174,573.8913985824942,111.12584334736522,1167.420260362171,337.94031014033726,412.57634673345655,322.70358383678763,577.7499313408988,110.19598543167115,1167.420260362171,337.94031014033726,412.57634673345655,322.70358383678763,577.7499313408988,110.19598543167115
2026-02-06 02:00:00+00:00,2710.55,423.24,413.65,0.17999375,313.13,126.55,1344.1842920593901,340.0916306321534,413.20882001078144,248.07385594785688,573.8913985824942,111.12584334736522,1167.420260362171,337.94031014033726,412.57634673345655,322.70358383678763,577.7499313408988,110.19598543167115,1167.420260362171,337.94031014033726,412.57634673345655,322.70358383678763,577.7499313408988,110.19598543167115
2026-02-06 03:00:00+00:00,2691.75,446.05,415.52,0.08999741,313.71,129.36,1357.3354158031384,340.1311763201957,414.438686172665,255.95559123895208,573.8913985824942,111.12584334736522,1167.420260362171,337.94031014033726,412.57634673345655,322.70358383678763,577.7499313408988,110.19598543167115,1167.420260362171,337.94031014033726,412.57634673345655,322.70358383678763,577.7499313408988,110.19598543167115
2026-02-06 04:00:00+00:00,2675.76,442.17,428.05,0.4400035,311.4,214.73,1384.041107251521,340.15933530775123,415.99635379938394,263.8373265300472,573.8913985824942,111.12584334736522,1167.420260362171,337.94031014033726,412.57634673345655,322.70358383678763,577.7499313408988,110.19598543167115,1167.420260362171,337.94031014033726,412.57634673345655,322.70358383678763,577.7499313408988,110.19598543167115
2026-02-06 05:00:00+00:00,2650.31,441.51,459.68,624.84,310.42,247.94,1441.5700638443811,340.17718482138645,418.5134073769372,271.7190618211424,573.8913985824942,111.12584334736522,1167.420260362171,337.94031014033726,412.57634673345655,322.70358383678763,577.7499313408988,110.19598543167115,1167.420260362171,337.94031014033726,412.57634673345655,322.70358383678763,577.7499313408988,110.19598543167115
2026-02-06 06:00:00+00:00,2643.53,441.99,497.78,1387.08,323.66998,220.44,1483.2330210835478,340.16025839108016,420.55313654355155,279.60079711223756,573.8913985824942,111.12584334736522,1167.420260362171,337.94031014033726,412.57634673345655,322.70358383678763,577.7499313408988,110.19598543167115,1167.420260362171,337.94031014033726,412.57634673345655,322.70358383678763,577.7499313408988,110.19598543167115
2026-02-06 07:00:00+00:00,2622.9,442.99,509.65,1401.9325,336.07,232.64,1487.9549277289084,339.98099488859873,421.3933446572918,287.4825324033327,573.8913985824942,111.12584334736522,1167.420260362171,337.94031014033726,412.57634673345655,322.70358383678763,577.7499313408988,110.19598543167115,1167.420260362171,337.94031014033726,412.57634673345655,322.70358383678763,577.7499313408988,110.19598543167115
2026-02-06 08:00:00+00:00,2647.19,443.68,500.09,1416.7849,335.45,130.37,1463.3318548229165,339.87820678831537,421.20566105787026,295.3642676944279,573.8913985824942,111.12584334736522,1167.420260362171,337.94031014033726,412.57634673345655,322.70358383678763,577.7499313408988,110.19598543167115,1167.420260362171,337.94031014033726,412.57634673345655,322.70358383678763,577.7499313408988,110.19598543167115
2026-02-06 09:00:00+00:00,2642.86,443.71,480.08,1431.6375,346.09,127.82,1435.3358315380356,339.71540773517853,420.87642710419806,303.24600298552303,573.8913985824942,111.12584334736522,1167.420260362171,337.94031014033726,412.57634673345655,322.70358383678763,577.7499313408988,110.19598543167115,1167.420260362171,337.94031014033726,412.57634673345655,322.70358383678763,577.7499313408988,110.19598543167115
2026-02-06 10:00:00+00:00,2652.95,442.82,458.98,1446.49,350.39,127.76,1410.3414496000373,339.5669191384615,420.52321149975984,311.12773827661823,573.8913985824942,111.12584334736522,1167.420260362171,337.94031014033726,412.57634673345655,322.70358383678763,577.7499313408988,110.19598543167115,1167.420260362171,337.94031014033726,412.57634673345655,322.70358383678763,577.7499313408988,110.19598543167115
2026-02-06 11:00:00+00:00,2656.15,442.49,444.86,1030.58,338.88,127.67,1390.0805335677023,339.33318406455885,419.935482342938,319.00947356771337,573.8913985824942,111.12584334736522,1167.420260362171,337.94031014033726,412.57634673345655,322.70358383678763,577.7499313408988,110.19598543167115,1167.420260362171,337.94031014033726,412.57634673345655,322.70358383678763,577.7499313408988,110.19598543167115
2026-02-06 12:00:00+00:00,2657.88,443.45,439.86,100.149994,340.68,128.51,1380.8217930686012,339.3753456151324,420.4266182172961,326.8912088588085,573.8913985824942,111.12584334736522,1167.420260362171,337.94031014033726,412.57634673345655,322.70358383678763,577.7499313408988,110.19598543167115,1167.420260362171,337.94031014033726,412.57634673345655,322.70358383678763,577.7499313408988,110.19598543167115
2026-02-06 13:00:00+00:00,2663.26,443.54,434.87,942.85,334.71,132.82,1382.934425532171,339.3205664458833,421.45309076158884,334.7729441499037,573.8913985824942,111.12584334736522,1167.420260362171,337.94031014033726,412.57634673345655,322.70358383678763,577.7499313408988,110.19598543167115,1167.420260362171,337.94031014033726,412.57634673345655,322.70358383678763,577.7499313408988,110.19598543167115
2026-02-06 14:00:00+00:00,2665.27,443.35,451.19,1143.03,339.4,132.72,1405.4904945363785,339.4022736288215,423.2696669100937,342.65467944099885,573.8913985824942,111.12584334736522,1167.420260362171,337.94031014033726,412.57634673345655,322.70358383678763,577.7499313408988,110.19598543167115,1167.420260362171,337.94031014033726,412.57634673345655,322.70358383678763,577.7499313408988,110.19598543167115
2026-02-06 15:00:00+00:00,2664.41,443.37,488.99,1174.39,376.95,133.07,1418.139749535936,339.3607275052071,424.562566568012,350.53641473209404,573.8913985824942,111.12584334736522,1167.420260362171,337.94031014033726,412.57634673345655,322.70358383678763,577.7499313408988,110.19598543167115,1167.420260362171,337.94031014033726,412.57634673345655,322.70358383678763,577.7499313408988,110.19598543167115
2026-02-06 16:00:00+00:00,2661.05,442.55,510.49,1333.95,410.4,128.68,1431.7732643001477,339.3302603757606,426.0004127850275,358.4181500231892,573.8913985824942,111.12584334736522,1167.420260362171,337.94031014033726,412.57634673345655,322.70358383678763,577.7499313408988,110.19598543167115,1167.420260362171,337.94031014033726,412.57634673345655,322.70358383678763,577.7499313408988,110.19598543167115
2026-02-06 17:00:00+00:00,2670.18,443.18,513.69,1493.51,372.72,128.93,1433.700374854367,339.3390313308,427.26493829956723,366.2998853142844,573.8913985824942,111.12584334736522,1167.420260362171,337.94031014033726,412.57634673345655,322.70358383678763,577.7499313408988,110.19598543167115,1167.420260362171,337.94031014033726,412.57634673345655,322.70358383678763,577.7499313408988,110.19598543167115
2026-02-06 18:00:00+00:00,2677.22,443.7,500.72,785.7001,364.91,132.58,1417.7412938514697,339.4167374726968,428.04702367817106,374.1816206053795,573.8913985824942,111.12584334736522,1167.420260362171,337.94031014033726,412.57634673345655,322.70358383678763,577.7499313408988,110.19598543167115,1167.420260362171,337.94031014033726,412.57634673345655,322.70358383678763,577.7499313408988,110.19598543167115
2026-02-06 19:00:00+00:00,2676.35,443.52,484.84,131.91002,336.65,135.26,1388.8059157662508,339.48028759984953,428.2165762913377,382.06335589647466,573.8913985824942,111.12584334736522,1167.420260362171,337.94031014033726,412.57634673345655,322.70358383678763,577.7499313408988,110.19598543167115,1167.420260362171,337.94031014033726,412.57634673345655,322.70358383678763,577.7499313408988,110.19598543167115
2026-02-06 20:00:00+00:00,2692.82,443.64,464.82,338.28,341.31,144.8,1364.010410859378,339.47059355575266,428.50699281931657,389.94509118756986,573.8913985824942,111.12584334736522,1167.420260362171,337.94031014033726,412.57634673345655,322.70358383678763,577.7499313408988,110.19598543167115,1167.420260362171,337.94031014033726,412.57634673345655,322.70358383678763,577.7499313408988,110.19598543167115
2026-02-06 21:00:00+00:00,2465.06,444.38,451.22,125.979996,333.09,144.41,1343.9556528261692,339.51798700415014,429.18656417483214,397.826826478665,573.8913985824942,111.12584334736522,1167.420260362171,337.94031014033726,412.57634673345655,322.70358383678763,577.7499313408988,110.19598543167115,1167.420260362171,337.94031014033726,412.57634673345655,322.70358383678763,577.7499313408988,110.19598543167115
2026-02-06 22:00:00+00:00,2035.89,419.52,436.25,17.81,328.0,141.29,1313.4288783169902,339.5332205995765,429.3082540779993,405.7085617697602,573.8913985824942,111.12584334736522,1167.420260362171,337.94031014033726,412.57634673345655,322.70358383678763,577.7499313408988,110.19598543167115,1167.420260362171,337.94031014033726,412.57634673345655,322.70358383678763,577.7499313408988,110.19598543167115
2026-02-06 23:00:00+00:00,1788.59,414.33,428.86,60.22,318.43,141.85,1285.2991244629259,339.4755176829873,429.56363260269717,413.59029706085533,573.8913985824942,111.12584334736522,1167.420260362171,337.94031014033726,412.57634673345655,322.70358383678763,577.7499313408988,110.19598543167115,1167.420260362171,337.94031014033726,412.57634673345655,322.70358383678763,577.7499313408988,110.19598543167115
2026-02-07 00:00:00+00:00,1750.0,414.25,420.91,69.95998,313.61,141.33,1268.9980091043774,339.22393332675284,405.88291518540973,232.31038536566658,573.8913985824942,111.12584334736522,1167.420260362171,337.94031014033726,412.57634673345655,322.70358383678763,577.7499313408988,110.19598543167115,1167.420260362171,337.94031014033726,412.57634673345655,322.70358383678763,577.7499313408988,110.19598543167115
2026-02-07 01:00:00+00:00,1675.0,414.25,419.59,26.54999,309.27,140.82,1266.502112569923,339.20285252362726,406.8375561929512,240.19212065676174,573.8913985824942,111.12584334736522,1167.420260362171,337.94031014033726,412.57634673345655,322.70358383678763,577.7499313408988,110.19598543167115,1167.420260362171,337.94031014033726,412.57634673345655,322.70358383678763,577.7499313408988,110.19598543167115
2026-02-07 02:00:00+00:00,1645.59,415.06,419.45,34.51999,309.59,143.44,1268.0440757244849,339.26963390956723,408.0564254614804,248.07385594785688,573.8913985824942,111.12584334736522,1167.420260362171,337.94031014033726,412.57634673345655,322.70358383678763,577.7499313408988,110.19598543167115,1167.420260362171,337.94031014033726,412.57634673345655,322.70358383678763,577.7499313408988,110.19598543167115
2026-02-07 03:00:00+00:00,1660.14,415.14,424.94,16.26999,319.06,141.62,1274.4080315471267,339.27963563787273,409.2854045183382,255.95559123895208,573.8913985824942,111.12584334736522,1167.420260362171,337.94031014033726,412.57634673345655,322.70358383678763,577.7499313408988,110.19598543167115,1167.420260362171,337.94031014033726,412.57634673345655,322.70358383678763,577.7499313408988,110.19598543167115
2026-02-07 04:00:00+00:00,1645.85,414.97,437.73,87.41,319.25,140.61,1279.2486202257926,339.2977928078777,410.49705749360294,263.8373265300472,573.8913985824942,111.12584334736522,1167.420260362171,337.94031014033726,412.57634673345655,322.70358383678763,577.7499313408988,110.19598543167115,1167.420260362171,337.94031014033726,412.57634673345655,322.70358383678763,577.7499313408988,110.19598543167115
2026-02-07 05:00:00+00:00,1655.22,414.77,459.18,96.25,315.55,138.6,1295.3604308811473,339.4008885645309,412.0358303786526,271.7190618211424,573.8913985824942,111.12584334736522,1167.420260362171,337.94031014033726,412.57634673345655,322.70358383678763,577.7499313408988,110.19598543167115,1167.420260362171,337.94031014033726,412.57634673345655,322.70358383678763,577.7499313408988,110.19598543167115
2026-02-07 06:00:00+00:00,1702.47,414.45,493.65,28.839998,323.36,132.67,1309.9876992140637,339.29040702848425,413.32026156549443,279.60079711223756,573.8913985824942,111.12584334736522,1167.420260362171,337.94031014033726,412.57634673345655,322.70358383678763,577.7499313408988,110.19598543167115,1167.420260362171,337.94031014033726,412.57634673345655,322.70358383678763,577.7499313408988,110.19598543167115
2026-02-07 07:00:00+00:00,1813.73,414.65,503.35,25.480013,325.3,131.55,1323.1705123957347,339.3574961571748,414.54085857247935,287.4825324033327,573.8913985824942,111.12584334736522,1167.420260362171,337.94031014033726,412.57634673345655,322.70358383678763,577.7499313408988,110.19598543167115,1167.420260362171,337.94031014033726,412.57634673345655,322.70358383678763,577.7499313408988,110.19598543167115
2026-02-07 08:00:00+00:00,1735.24,414.04,498.24,97.95,344.35,132.96,1304.5089190520641,339.2031602078358,414.33822286353757,295.3642676944279,573.8913985824942,111.12584334736522,1167.420260362171,337.94031014033726,412.57634673345655,322.70358383678763,577.7499313408988,110.19598543167115,1167.420260362171,337.94031014033726,412.57634673345655,322.70358383678763,577.7499313408988,110.19598543167115
2026-02-07 09:00:00+00:00,1647.59,413.1,472.67,25.109987,407.09,134.1,1268.558687579388,338.9486521599389,413.24853415920137,303.24600298552303,573.8913985824942,111.12584334736522,1167.420260362171,337.94031014033726,412.57634673345655,322.70358383678763,577.7499313408988,110.19598543167115,1167.420260362171,337.94031014033726,412.57634673345655,322.70358383678763,577.7499313408988,110.19598543167115
2026-02-07 10:00:00+00:00,1647.42,411.57,441.0,26.089998,405.12,135.91,1229.5562901233138,338.7615408414246,412.14660067324905,311.12773827661823,573.8913985824942,111.12584334736522,1167.420260362171,337.94031014033726,412.57634673345655,322.70358383678763,577.7499313408988,110.19598543167115,1167.420260362171,337.94031014033726,412.57634673345655,322.70358383678763,577.7499313408988,110.19598543167115
2026-02-07 11:00:00+00:00,1641.55,406.59,435.58,35.440002,366.65,135.98,1202.075053605815,338.5981263641929,411.6017645717955,319.00947356771337,573.8913985824942,111.12584334736522,1167.420260362171,337.94031014033726,412.57634673345655,322.70358383678763,577.7499313408988,110.19598543167115,1167.420260362171,337.94031014033726,412.57634673345655,322.70358383678763,577.7499313408988,110.19598543167115
2026-02-07 12:00:00+00:00,1648.15,413.62,436.21,48.48001,360.01,137.68,1182.6653035798213,338.35392771489063,411.52067932902105,326.8912088588085,573.8913985824942,111.12584334736522,1167.420260362171,337.94031014033726,412.57634673345655,322.70358383678763,577.7499313408988,110.19598543167115,1167.420260362171,337.94031014033726,412.57634673345655,322.70358383678763,577.7499313408988,110.19598543167115
2026-02-07 13:00:00+00:00,1644.65,442.77,443.85,67.28,359.07996,143.55,1191.953380260129,338.254063239336,412.47933233168044,334.7729441499037,573.8913985824942,111.12584334736522,1167.420260362171,337.94031014033726,412.57634673345655,322.70358383678763,577.7499313408988,110.19598543167115,1167.420260362171,337.94031014033726,412.57634673345655,322.70358383678763,577.7499313408988,110.19598543167115
2026-02-07 14:00:00+00:00,1634.45,443.28,467.8,59.429993,356.24,143.7,1226.2606783141991,338.2115939452959,414.4090626284023,342.65467944099885,573.8913985824942,111.12584334736522,1167.420260362171,337.94031014033726,412.57634673345655,322.70358383678763,577.7499313408988,110.19598543167115,1167.420260362171,337.94031014033726,412.57634673345655,322.70358383678763,577.7499313408988,110.19598543167115
2026-02-07 15:00:00+00:00,1686.74,443.85,497.62,195.16,354.43,144.95,1282.0923509022275,338.2663731138289,417.2449611814297,350.53641473209404,573.8913985824942,111.12584334736522,1167.420260362171,337.94031014033726,412.57634673345655,322.70358383678763,577.7499313408988,110.19598543167115,1167.420260362171,337.94031014033726,412.57634673345655,322.70358383678763,577.7499313408988,110.19598543167115
2026-02-07 16:00:00+00:00,1812.1,443.13,520.31,591.62,360.59,142.14,1339.394414512754,338.539346139983,420.75623454761455,358.4181500231892,573.8913985824942,111.12584334736522,1167.420260362171,337.94031014033726,412.57634673345655,322.70358383678763,577.7499313408988,110.19598543167115,1167.420260362171,337.94031014033726,412.57634673345655,322.70358383678763,577.7499313408988,110.19598543167115
2026-02-07 17:00:00+00:00,1826.09,442.91,519.7,735.93005,416.33,140.72,1365.487996294154,338.76892667936,423.2420018996285,366.2998853142844,573.8913985824942,111.12584334736522,1167.420260362171,337.94031014033726,412.57634673345655,322.70358383678763,577.7499313408988,110.19598543167115,1167.420260362171,337.94031014033726,412.57634673345655,322.70358383678763,577.7499313408988,110.19598543167115
2026-02-07 18:00:00+00:00,1816.66,443.94,512.07,307.07,374.29,139.54,1360.0707781391043,339.0042002357119,424.637079033685,374.1816206053795,573.8913985824942,111.12584334736522,1167.420260362171,337.94031014033726,412.57634673345655,322.70358383678763,577.7499313408988,110.19598543167115,1167.420260362171,337.94031014033726,412.57634673345655,322.70358383678763,577.7499313408988,110.19598543167115
2026-02-07 19:00:00+00:00,1812.0,444.28,489.41,74.19002,340.2,142.29,1341.4524019616333,339.2165467023322,425.9006593982633,382.06335589647466,573.8913985824942,111.12584334736522,1167.420260362171,337.94031014033726,412.57634673345655,322.70358383678763,577.7499313408988,110.19598543167115,1167.420260362171,337.94031014033726,412.57634673345655,322.70358383678763,577.7499313408988,110.19598543167115
2026-02-07 20:00:00+00:00,1813.98,445.59,467.73,15.8099985,333.52,143.49,1333.7645602128678,339.56353346870156,427.67455242059833,389.94509118756986,573.8913985824942,111.12584334736522,1167.420260362171,337.94031014033726,412.57634673345655,322.70358383678763,577.7499313408988,110.19598543167115,1167.420260362171,337.94031014033726,412.57634673345655,322.70358383678763,577.7499313408988,110.19598543167115
2026-02-07 21:00:00+00:00,1824.56,445.87,449.24,74.56999,334.6,144.62,1324.1680090461487,339.68032419340915,428.95202295246906,397.826826478665,573.8913985824942,111.12584334736522,1167.420260362171,337.94031014033726,412.57634673345655,322.70358383678763,577.7499313408988,110.19598543167115,1167.420260362171,337.94031014033726,412.57634673345655,322.70358383678763,577.7499313408988,110.19598543167115
2026-02-07 22:00:00+00:00,1744.39,442.79,439.27,27.839998,336.67,145.08,1308.811215464045,339.74587475326973,429.7472963766372,405.7085617697602,573.8913985824942,111.12584334736522,1167.420260362171,337.94031014033726,412.57634673345655,322.70358383678763,577.7499313408988,110.19598543167115,1167.420260362171,337.94031014033726,412.57634673345655,322.70358383678763,577.7499313408988,110.19598543167115
2026-02-07 23:00:00+00:00,1624.63,415.48,428.43,7.0100107,342.34,141.27,1293.4117496145177,339.7384889738762,430.44018517796695,413.59029706085533,573.8913985824942,111.12584334736522,1167.420260362171,337.94031014033726,412.57634673345655,322.70358383678763,577.7499313408988,110.19598543167115,1167.420260362171,337.94031014033726,412.57634673345655,322.70358383678763,577.7499313408988,110.19598543167115
2026-02-08 00:00:00+00:00,1666.66,415.4,420.82,6.250001,344.3,143.33,1283.7221574440573,339.64354868962573,408.0376921126832,232.31038536566658,573.8913985824942,111.12584334736522,1167.420260362171,337.94031014033726,412.57634673345655,322.70358383678763,577.7499313408988,110.19598543167115,1167.420260362171,337.94031014033726,412.57634673345655,322.70358383678763,577.7499313408988,110.19598543167115
2026-02-08 01:00:00+00:00,1679.0,415.4,418.77,47.160004,346.34,140.49,1278.569586452942,339.59230858045635,408.8107463479817,240.19212065676174,573.8913985824942,111.12584334736522,1167.420260362171,337.94031014033726,412.57634673345655,322.70358383678763,577.7499313408988,110.19598543167115,1167.420260362171,337.94031014033726,412.57634673345655,322.70358383678763,577.7499313408988,110.19598543167115
2026-02-08 02:00:00+00:00,1672.28,415.44,419.1,81.619995,345.84,140.03,1277.79898294706,339.6040030572611,409.801191561967,248.07385594785688,573.8913985824942,111.12584334736522,1167.420260362171,337.94031014033726,412.57634673345655,322.70358383678763,577.7499313408988,110.19598543167115,1167.420260362171,337.94031014033726,412.57634673345655,322.70358383678763,577.7499313408988,110.19598543167115
2026-02-08 03:00:00+00:00,1663.53,418.15,425.32,10.190003,343.98,137.17,1283.3451174560946,339.6377014790622,410.9388769553245,255.95559123895208,573.8913985824942,111.12584334736522,1167.420260362171,337.94031014033726,412.57634673345655,322.70358383678763,577.7499313408988,110.19598543167115,1167.420260362171,337.94031014033726,412.57634673345655,322.70358383678763,577.7499313408988,110.19598543167115
2026-02-08 04:00:00+00:00,1649.71,445.88,438.25,54.98001,349.92,142.59,1281.950019202322,339.61954436759913,411.84399104869175,263.8373265300472,573.8913985824942,111.12584334736522,1167.420260362171,337.94031014033726,412.57634673345655,322.70358383678763,577.7499313408988,110.19598543167115,1167.420260362171,337.94031014033726,412.57634673345655,322.70358383678763,577.7499313408988,110.19598543167115
2026-02-08 05:00:00+00:00,1643.96,445.72,455.41,50.5,347.32,142.06,1282.770528146304,339.6078498907944,412.79009655830873,271.7190618211424,573.8913985824942,111.12584334736522,1167.420260362171,337.94031014033726,412.57634673345655,322.70358383678763,577.7499313408988,110.19598543167115,1167.420260362171,337.94031014033726,412.57634673345655,322.70358383678763,577.7499313408988,110.19598543167115
2026-02-08 06:00:00+00:00,1705.58,429.21,489.37,48.359985,351.61,143.95,1298.8964997259366,339.7443362401174,414.6117907866129,279.60079711223756,573.8913985824942,111.12584334736522,1167.420260362171,337.94031014033726,412.57634673345655,322.70358383678763,577.7499313408988,110.19598543167115,1167.420260362171,337.94031014033726,412.57634673345655,322.70358383678763,577.7499313408988,110.19598543167115
2026-02-08 07:00:00+00:00,1777.83,416.16,501.83,53.04001,364.12,143.57,1303.8300360097408,339.7258714137426,415.45576653408466,287.4825324033327,573.8913985824942,111.12584334736522,1167.420260362171,337.94031014033726,412.57634673345655,322.70358383678763,577.7499313408988,110.19598543167115,1167.420260362171,337.94031014033726,412.57634673345655,322.70358383678763,577.7499313408988,110.19598543167115
2026-02-08 08:00:00+00:00,1677.54,416.01,483.72,94.61,374.01,146.91,1297.8353308060052,339.62569923166814,415.6727429663457,295.3642676944279,573.8913985824942,111.12584334736522,1167.420260362171,337.94031014033726,412.57634673345655,322.70358383678763,577.7499313408988,110.19598543167115,1167.420260362171,337.94031014033726,412.57634673345655,322.70358383678763,577.7499313408988,110.19598543167115
2026-02-08 09:00:00+00:00,1604.12,409.26,454.89,53.98999,362.7,145.41,1279.990590872963,339.394887849428,415.3969220193703,303.24600298552303,573.8913985824942,111.12584334736522,1167.420260362171,337.94031014033726,412.57634673345655,322.70358383678763,577.7499313408988,110.19598543167115,1167.420260362171,337.94031014033726,412.57634673345655,322.70358383678763,577.7499313408988,110.19598543167115
2026-02-08 10:00:00+00:00,1614.87,412.03,443.49,112.75,359.75998,145.66,1265.0175041502346,339.128377554137,415.0951813895881,311.12773827661823,573.8913985824942,111.12584334736522,1167.420260362171,337.94031014033726,412.57634673345655,322.70358383678763,577.7499313408988,110.19598543167115,1167.420260362171,337.94031014033726,412.57634673345655,322.70358383678763,577.7499313408988,110.19598543167115
2026-02-08 11:00:00+00:00,1612.46,412.09,432.37,94.19,359.19,140.53,1246.848837342915,338.9331108803039,414.880119473601,319.00947356771337,573.8913985824942,111.12584334736522,1167.420260362171,337.94031014033726,412.57634673345655,322.70358383678763,577.7499313408988,110.19598543167115,1167.420260362171,337.94031014033726,412.57634673345655,322.70358383678763,577.7499313408988,110.19598543167115
2026-02-08 12:00:00+00:00,1608.58,412.82,434.81,78.129974,355.85,141.04,1228.4972447388016,338.7164556577305,414.54351943485955,326.8912088588085,573.8913985824942,111.12584334736522,1167.420260362171,337.94031014033726,412.57634673345655,322.70358383678763,577.7499313408988,110.19598543167115,1167.420260362171,337.94031014033726,412.57634673345655,322.70358383678763,577.7499313408988,110.19598543167115
2026-02-08 13:00:00+00:00,1594.49,407.42,443.89,69.87999,352.34,140.54,1228.1540161040589,338.6409033695644,415.2877412808477,334.7729441499037,573.8913985824942,111.12584334736522,1167.420260362171,337.94031014033726,412.57634673345655,322.70358383678763,577.7499313408988,110.19598543167115,1167.420260362171,337.94031014033726,412.57634673345655,322.70358383678763,577.7499313408988,110.19598543167115
2026-02-08 14:00:00+00:00,1594.21,403.69,454.57,100.899994,356.03,140.03,1247.8242864195054,338.6048966859242,416.8794786958825,342.65467944099885,573.8913985824942,111.12584334736522,1167.420260362171,337.94031014033726,412.57634673345655,322.70358383678763,577.7499313408988,110.19598543167115,1167.420260362171,337.94031014033726,412.57634673345655,322.70358383678763,577.7499313408988,110.19598543167115
2026-02-08 15:00:00+00:00,1756.05,405.45,490.7,188.01,388.28,139.58,1289.531586065816,338.656752294514,419.2568589470738,350.53641473209404,573.8913985824942,111.12584334736522,1167.420260362171,337.94031014033726,412.57634673345655,322.70358383678763,577.7499313408988,110.19598543167115,1167.420260362171,337.94031014033726,412.57634673345655,322.70358383678763,577.7499313408988,110.19598543167115
2026-02-08 16:00:00+00:00,2101.42,405.48,508.55,444.11,369.41,143.0,1332.3272211526967,338.7896997704382,421.8299056919548,358.4181500231892,573.8913985824942,111.12584334736522,1167.420260362171,337.94031014033726,412.57634673345655,322.70358383678763,577.7499313408988,110.19598543167115,1167.420260362171,337.94031014033726,412.57634673345655,322.70358383678763,577.7499313408988,110.19598543167115
2026-02-08 17:00:00+00:00,2272.86,405.98,507.17,651.15,399.27,142.12,1356.0718750660328,338.99619899865615,423.9367896626983,366.2998853142844,573.8913985824942,111.12584334736522,1167.420260362171,337.94031014033726,412.57634673345655,322.70358383678763,577.7499313408988,110.19598543167115,1167.420260362171,337.94031014033726,412.57634673345655,322.70358383678763,577.7499313408988,110.19598543167115
2026-02-08 18:00:00+00:00,2528.99,406.21,498.92,328.0,351.45,140.61,1355.44393364463,339.241936202869,425.53268673533154,374.1816206053795,573.8913985824942,111.12584334736522,1167.420260362171,337.94031014033726,412.57634673345655,322.70358383678763,577.7499313408988,110.19598543167115,1167.420260362171,337.94031014033726,412.57634673345655,322.70358383678763,577.7499313408988,110.19598543167115
2026-02-08 19:00:00+00:00,2610.55,406.19,486.56,76.66002,325.07,142.03,1345.6060703863122,339.3142571430028,426.4807105189716,382.06335589647466,573.8913985824942,111.12584334736522,1167.420260362171,337.94031014033726,412.57634673345655,322.70358383678763,577.7499313408988,110.19598543167115,1167.420260362171,337.94031014033726,412.57634673345655,322.70358383678763,577.7499313408988,110.19598543167115
2026-02-08 20:00:00+00:00,2456.92,406.2,476.39,106.36998,323.68,143.96,1339.0228915836492,339.3622659598175,427.53538427740943,389.94509118756986,573.8913985824942,111.12584334736522,1167.420260362171,337.94031014033726,412.57634673345655,322.70358383678763,577.7499313408988,110.19598543167115,1167.420260362171,337.94031014033726,412.57634673345655,322.70358383678763,577.7499313408988,110.19598543167115
2026-02-08 21:00:00+00:00,2002.45,405.72,460.81,117.11,324.84,146.17,1329.867580658166,339.47090127066434,428.6516833512756,397.826826478665,573.8913985824942,111.12584334736522,1167.420260362171,337.94031014033726,412.57634673345655,322.70358383678763,577.7499313408988,110.19598543167115,1167.420260362171,337.94031014033726,412.57634673345655,322.70358383678763,577.7499313408988,110.19598543167115
2026-02-08 22:00:00+00:00,1949.57,406.35,444.72,80.5,328.62,148.17,1312.1593930674321,339.5296814809549,429.4980062878871,405.7085617697602,573.8913985824942,111.12584334736522,1167.420260362171,337.94031014033726,412.57634673345655,322.70358383678763,577.7499313408988,110.19598543167115,1167.420260362171,337.94031014033726,412.57634673345655,322.70358383678763,577.7499313408988,110.19598543167115
2026-02-08 23:00:00+00:00,1933.68,405.41,428.46,48.919983,345.92,147.48,1293.4270422199713,339.4541292234919,430.1107266850721,413.59029706085533,573.8913985824942,111.12584334736522,1167.420260362171,337.94031014033726,412.57634673345655,322.70358383678763,577.7499313408988,110.19598543167115,1167.420260362171,337.94031014033726,412.57634673345655,322.70358383678763,577.7499313408988,110.19598543167115
2026-02-09 00:00:00+00:00,1951.23,405.57,418.91,75.140015,354.06998,146.57,1283.9341926102763,339.37272963838154,407.6021064081091,232.31038536566658,573.8913985824942,111.12584334736522,1167.420260362171,337.94031014033726,412.57634673345655,322.70358383678763,577.7499313408988,110.19598543167115,1167.420260362171,337.94031014033726,412.57634673345655,322.70358383678763,577.7499313408988,110.19598543167115
2026-02-09 01:00:00+00:00,1958.5,405.48,416.3,36.200012,344.96,145.28,1282.5866235774977,339.4025813437332,408.61381637935705,240.19212065676174,573.8913985824942,111.12584334736522,1167.420260362171,337.94031014033726,412.57634673345655,322.70358383678763,577.7499313408988,110.19598543167115,1167.420260362171,337.94031014033726,412.57634673345655,322.70358383678763,577.7499313408988,110.19598543167115
2026-02-09 02:00:00+00:00,1965.81,405.45,414.52,41.20999,348.99,145.94,1286.707242981919,339.5267579035119,410.026351518321,248.07385594785688,573.8913985824942,111.12584334736522,1167.420260362171,337.94031014033726,412.57634673345655,322.70358383678763,577.7499313408988,110.19598543167115,1167.420260362171,337.94031014033726,412.57634673345655,322.70358383678763,577.7499313408988,110.19598543167115
2026-02-09 03:00:00+00:00,1959.38,405.42,419.57,59.73001,345.52,144.61,1300.057499017341,339.6687839826544,411.7173711257672,255.95559123895208,573.8913985824942,111.12584334736522,1167.420260362171,337.94031014033726,412.57634673345655,322.70358383678763,577.7499313408988,110.19598543167115,1167.420260362171,337.94031014033726,412.57634673345655,322.70358383678763,577.7499313408988,110.19598543167115
2026-02-09 04:00:00+00:00,2102.76,405.22,427.99,56.570007,345.7,147.18,1331.14977458159,339.6843251759086,413.4907295505449,263.8373265300472,573.8913985824942,111.12584334736522,1167.420260362171,337.94031014033726,412.57634673345655,322.70358383678763,577.7499313408988,110.19598543167115,1167.420260362171,337.94031014033726,412.57634673345655,322.70358383678763,577.7499313408988,110.19598543167115
2026-02-09 05:00:00+00:00,2486.21,405.07,451.85,826.2,358.29,143.72,1397.9338467319244,339.76372426690494,416.3357219115578,271.7190618211424,573.8913985824942,111.12584334736522,1167.420260362171,337.94031014033726,412.57634673345655,322.70358383678763,577.7499313408988,110.19598543167115,1167.420260362171,337.94031014033726,412.57634673345655,322.70358383678763,577.7499313408988,110.19598543167115
2026-02-09 06:00:00+00:00,2657.99,436.95,484.21,1213.3,389.44998,144.76,1441.5624939206414,339.8000385512373,418.727983029137,279.60079711223756,573.8913985824942,111.12584334736522,1167.420260362171,337.94031014033726,412.57634673345655,322.70358383678763,577.7499313408988,110.19598543167115,1167.420260362171,337.94031014033726,412.57634673345655,322.70358383678763,577.7499313408988,110.19598543167115
2026-02-09 07:00:00+00:00,2661.41,501.19,489.68,1198.895,422.81,142.9,1450.9082551939355,339.6823247988785,419.8268180861172,287.4825324033327,573.8913985824942,111.12584334736522,1167.420260362171,337.94031014033726,412.57634673345655,322.70358383678763,577.7499313408988,110.19598543167115,1167.420260362171,337.94031014033726,412.57634673345655,322.70358383678763,577.7499313408988,110.19598543167115
2026-02-09 08:00:00+00:00,2681.46,511.905,470.7,1184.4899,417.11,138.76,1429.3023985733744,339.57661306547453,419.9769849310292,295.3642676944279,573.8913985824942,111.12584334736522,1167.420260362171,337.94031014033726,412.57634673345655,322.70358383678763,577.7499313408988,110.19598543167115,1167.420260362171,337.94031014033726,412.57634673345655,322.70358383678763,577.7499313408988,110.19598543167115
2026-02-09 09:00:00+00:00,2687.72,522.62,451.39,636.61,388.63,139.9,1394.497796086412,339.3891940320485,419.7733659660673,303.24600298552303,573.8913985824942,111.12584334736522,1167.420260362171,337.94031014033726,412.57634673345655,322.70358383678763,577.7499313408988,110.19598543167115,1167.420260362171,337.94031014033726,412.57634673345655,322.70358383678763,577.7499313408988,110.19598543167115
2026-02-09 10:00:00+00:00,2656.53,408.72,435.37,164.79,381.01,139.58,1361.504491294399,339.26240155119666,419.7521449300194,311.12773827661823,573.8913985824942,111.12584334736522,1167.420260362171,337.94031014033726,412.57634673345655,322.70358383678763,577.7499313408988,110.19598543167115,1167.420260362171,337.94031014033726,412.57634673345655,322.70358383678763,577.7499313408988,110.19598543167115
2026-02-09 11:00:00+00:00,2651.1,404.55,424.38,299.76,411.06,141.9,1348.0408615604188,339.14114868021613,419.848980248105,319.00947356771337,573.8913985824942,111.12584334736522,1167.420260362171,337.94031014033726,412.57634673345655,322.70358383678763,577.7499313408988,110.19598543167115,1167.420260362171,337.94031014033726,412.57634673345655,322.70358383678763,577.7499313408988,110.19598543167115
2026-02-09 12:00:00+00:00,2643.46,404.65,425.47,354.64,395.29,139.76,1340.6809612088668,339.0896007726186,420.2166728432641,326.8912088588085,573.8913985824942,111.12584334736522,1167.420260362171,337.94031014033726,412.57634673345655,322.70358383678763,577.7499313408988,110.19598543167115,1167.420260362171,337.94031014033726,412.57634673345655,322.70358383678763,577.7499313408988,110.19598543167115
2026-02-09 13:00:00+00:00,2646.13,404.71,434.68,655.58,447.54,139.19,1344.2914584825896,339.0017385221468,420.5354281507709,334.7729441499037,573.8913985824942,111.12584334736522,1167.420260362171,337.94031014033726,412.57634673345655,322.70358383678763,577.7499313408988,110.19598543167115,1167.420260362171,337.94031014033726,412.57634673345655,322.70358383678763,577.7499313408988,110.19598543167115
2026-02-09 14:00:00+00:00,2652.61,414.82,455.12,845.48,407.09,143.18,1363.8324225919562,338.91387630237807,421.5143855162317,342.65467944099885,573.8913985824942,111.12584334736522,1167.420260362171,337.94031014033726,412.57634673345655,322.70358383678763,577.7499313408988,110.19598543167115,1167.420260362171,337.94031014033726,412.57634673345655,322.70358383678763,577.7499313408988,110.19598543167115
2026-02-09 15:00:00+00:00,2654.39,449.28665,487.43,1438.01,421.93,144.85,1381.357352766826,338.8960268751236,423.05473151698794,350.53641473209404,573.8913985824942,111.12584334736522,1167.420260362171,337.94031014033726,412.57634673345655,322.70358383678763,577.7499313408988,110.19598543167115,1167.420260362171,337.94031014033726,412.57634673345655,322.70358383678763,577.7499313408988,110.19598543167115
2026-02-09 16:00:00+00:00,2660.4,483.75333,503.44,1422.24,420.02,146.55,1408.6006279075277,338.9686555580079,425.3234098187688,358.4181500231892,573.8913985824942,111.12584334736522,1167.420260362171,337.94031014033726,412.57634673345655,322.70358383678763,577.7499313408988,110.19598543167115,1167.420260362171,337.94031014033726,412.57634673345655,322.70358383678763,577.7499313408988,110.19598543167115
2026-02-09 17:00:00+00:00,2666.37,518.22,506.35,1391.11,528.58,146.39,1427.1645764952157,339.1499195517391,427.5843452244055,366.2998853142844,573.8913985824942,111.12584334736522,1167.420260362171,337.94031014033726,412.57634673345655,322.70358383678763,577.7499313408988,110.19598543167115,1167.420260362171,337.94031014033726,412.57634673345655,322.70358383678763,577.7499313408988,110.19598543167115
2026-02-09 18:00:00+00:00,2651.4,442.07,498.61,1460.14,506.75,145.27,1427.802949875627,339.47705625181726,429.392693129078,374.1816206053795,573.8913985824942,111.12584334736522,1167.420260362171,337.94031014033726,412.57634673345655,322.70358383678763,577.7499313408988,110.19598543167115,1167.420260362171,337.94031014033726,412.57634673345655,322.70358383678763,577.7499313408988,110.19598543167115
2026-02-09 19:00:00+00:00,2654.18,442.49,487.36,1058.65,440.73,144.7,1400.5058487660008,339.5315278817804,430.06672690033736,382.06335589647466,573.8913985824942,111.12584334736522,1167.420260362171,337.94031014033726,412.57634673345655,322.70358383678763,577.7499313408988,110.19598543167115,1167.420260362171,337.94031014033726,412.57634673345655,322.70358383678763,577.7499313408988,110.19598543167115
2026-02-09 20:00:00+00:00,2653.47,442.89,470.9,567.0,408.05,142.83,1382.410261483769,339.6226214495814,430.88681258773784,389.94509118756986,573.8913985824942,111.12584334736522,1167.420260362171,337.94031014033726,412.57634673345655,322.70358383678763,577.7499313408988,110.19598543167115,1167.420260362171,337.94031014033726,412.57634673345655,322.70358383678763,577.7499313408988,110.19598543167115
2026-02-09 21:00:00+00:00,2478.54,434.48,454.43,100.73001,383.19,142.99,1358.6807921992133,339.70463640310896,431.533645162838,397.826826478665,573.8913985824942,111.12584334736522,1167.420260362171,337.94031014033726,412.57634673345655,322.70358383678763,577.7499313408988,110.19598543167115,1167.420260362171,337.94031014033726,412.57634673345655,322.70358383678763,577.7499313408988,110.19598543167115
2026-02-09 22:00:00+00:00,2314.55,422.81,436.47,110.04001,354.89,145.14,1330.9769839074547,339.7623392026143,432.08131896243464,405.7085617697602,573.8913985824942,111.12584334736522,1167.420260362171,337.94031014033726,412.57634673345655,322.70358383678763,577.7499313408988,110.19598543167115,1167.420260362171,337.94031014033726,412.57634673345655,322.70358383678763,577.7499313408988,110.19598543167115
2026-02-09 23:00:00+00:00,2333.22,421.45,424.04,107.47002,350.86,144.93,1309.9759482128409,339.813887082373,432.7655497807226,413.59029706085533,573.8913985824942,111.12584334736522,1167.420260362171,337.94031014033726,412.57634673345655,322.70358383678763,577.7499313408988,110.19598543167115,1167.420260362171,337.94031014033726,412.57634673345655,322.70358383678763,577.7499313408988,110.19598543167115
2026-02-10 00:00:00+00:00,2251.62,413.69,418.57,51.549988,354.39,144.45,1298.4275770606268,339.8709744577836,410.3495073533117,232.31038536566658,573.8913985824942,111.12584334736522,1167.420260362171,337.94031014033726,412.57634673345655,322.70358383678763,577.7499313408988,110.19598543167115,1167.420260362171,337.94031014033726,412.57634673345655,322.70358383678763,577.7499313408988,110.19598543167115
2026-02-10 01:00:00+00:00,2148.36,414.41,413.11,16.920015,347.65,143.45,1288.3520712498066,339.853124999826,411.0600929909178,240.19212065676174,573.8913985824942,111.12584334736522,1167.420260362171,337.94031014033726,412.57634673345655,322.70358383678763,577.7499313408988,110.19598543167115,1167.420260362171,337.94031014033726,412.57634673345655,322.70358383678763,577.7499313408988,110.19598543167115
2026-02-10 02:00:00+00:00,2148.8,414.52,412.92,30.32001,351.14996,144.62,1287.4048669568194,339.76495506514556,411.8328364212306,248.07385594785688,573.8913985824942,111.12584334736522,1167.420260362171,337.94031014033726,412.57634673345655,322.70358383678763,577.7499313408988,110.19598543167115,1167.420260362171,337.94031014033726,412.57634673345655,322.70358383678763,577.7499313408988,110.19598543167115
2026-02-10 03:00:00+00:00,2142.55,414.49,417.8,51.820007,352.54,146.06,1288.8335383388464,339.7166384777415,412.77592756255314,255.95559123895208,573.8913985824942,111.12584334736522,1167.420260362171,337.94031014033726,412.57634673345655,322.70358383678763,577.7499313408988,110.19598543167115,1167.420260362171,337.94031014033726,412.57634673345655,322.70358383678763,577.7499313408988,110.19598543167115
2026-02-10 04:00:00+00:00,2294.84,414.28,429.81,78.229996,348.86,143.02,1309.798980200223,339.8135793117837,414.51440215723426,263.8373265300472,573.8913985824942,111.12584334736522,1167.420260362171,337.94031014033726,412.57634673345655,322.70358383678763,577.7499313408988,110.19598543167115,1167.420260362171,337.94031014033726,412.57634673345655,322.70358383678763,577.7499313408988,110.19598543167115
2026-02-10 05:00:00+00:00,2614.29,413.93,458.16,583.89,361.45,136.07,1367.628538201463,339.934524640614,417.35566567112664,271.7190618211424,573.8913985824942,111.12584334736522,1167.420260362171,337.94031014033726,412.57634673345655,322.70358383678763,577.7499313408988,110.19598543167115,1167.420260362171,337.94031014033726,412.57634673345655,322.70358383678763,577.7499313408988,110.19598543167115
2026-02-10 06:00:00+00:00,2637.38,413.77,495.48,1175.8,400.68,134.13,1405.3865261169935,339.8826689902659,419.2774372215967,279.60079711223756,573.8913985824942,111.12584334736522,1167.420260362171,337.94031014033726,412.57634673345655,322.70358383678763,577.7499313408988,110.19598543167115,1167.420260362171,337.94031014033726,412.57634673345655,322.70358383678763,577.7499313408988,110.19598543167115
2026-02-10 07:00:00+00:00,2640.55,406.03,506.27,1209.42,420.11,137.99,1406.249179374337,339.7886517893443,419.79902910488926,287.4825324033327,573.8913985824942,111.12584334736522,1167.420260362171,337.94031014033726,412.57634673345655,322.70358383678763,577.7499313408988,110.19598543167115,1167.420260362171,337.94031014033726,412.57634673345655,322.70358383678763,577.7499313408988,110.19598543167115
2026-02-10 08:00:00+00:00,2649.59,382.91,499.84,584.92,449.69,131.98,1388.2603597149193,339.6158509829275,419.4600852942418,295.3642676944279,573.8913985824942,111.12584334736522,1167.420260362171,337.94031014033726,412.57634673345655,322.70358383678763,577.7499313408988,110.19598543167115,1167.420260362171,337.94031014033726,412.57634673345655,322.70358383678763,577.7499313408988,110.19598543167115
2026-02-10 09:00:00+00:00,2647.69,383.65,474.54,221.26,382.67,133.58,1370.825830978026,339.31795041345487,419.1511733204875,303.24600298552303,573.8913985824942,111.12584334736522,1167.420260362171,337.94031014033726,412.57634673345655,322.70358383678763,577.7499313408988,110.19598543167115,1167.420260362171,337.94031014033726,412.57634673345655,322.70358383678763,577.7499313408988,110.19598543167115
2026-02-10 10:00:00+00:00,2326.28,384.07,448.21,106.36998,379.42,133.44,1364.2597939136283,339.1211452543083,419.13732635713853,311.12773827661823,573.8913985824942,111.12584334736522,1167.420260362171,337.94031014033726,412.57634673345655,322.70358383678763,577.7499313408988,110.19598543167115,1167.420260362171,337.94031014033726,412.57634673345655,322.70358383678763,577.7499313408988,110.19598543167115
2026-02-10 11:00:00+00:00,1965.03,382.17,432.66,86.859985,378.67,129.69,1362.3696233336036,339.0128175998312,418.9404478435311,319.00947356771337,573.8913985824942,111.12584334736522,1167.420260362171,337.94031014033726,412.57634673345655,322.70358383678763,577.7499313408988,110.19598543167115,1167.420260362171,337.94031014033726,412.57634673345655,322.70358383678763,577.7499313408988,110.19598543167115
2026-02-10 12:00:00+00:00,1966.64,383.68,428.7,54.839996,360.31,130.07,1355.2018589816332,338.8295531733922,418.80882272377755,326.8912088588085,573.8913985824942,111.12584334736522,1167.420260362171,337.94031014033726,412.57634673345655,322.70358383678763,577.7499313408988,110.19598543167115,1167.420260362171,337.94031014033726,412.57634673345655,322.70358383678763,577.7499313408988,110.19598543167115
2026-02-10 13:00:00+00:00,2020.77,383.67,432.85,33.700012,360.91,130.06,1351.5069291331815,338.5955104877423,418.84105567789317,334.7729441499037,573.8913985824942,111.12584334736522,1167.420260362171,337.94031014033726,412.57634673345655,322.70358383678763,577.7499313408988,110.19598543167115,1167.420260362171,337.94031014033726,412.57634673345655,322.70358383678763,577.7499313408988,110.19598543167115
2026-02-10 14:00:00+00:00,2509.79,381.64,458.2,142.4,373.38,130.37,1359.7393249720133,338.56504325369923,419.9566602502961,342.65467944099885,573.8913985824942,111.12584334736522,1167.420260362171,337.94031014033726,412.57634673345655,322.70358383678763,577.7499313408988,110.19598543167115,1167.420260362171,337.94031014033726,412.57634673345655,322.70358383678763,577.7499313408988,110.19598543167115
2026-02-10 15:00:00+00:00,2630.18,381.56,488.44,1027.26,404.62,130.09,1370.3945200212545,338.54657842732445,421.46005752345377,350.53641473209404,573.8913985824942,111.12584334736522,1167.420260362171,337.94031014033726,412.57634673345655,322.70358383678763,577.7499313408988,110.19598543167115,1167.420260362171,337.94031014033726,412.57634673345655,322.70358383678763,577.7499313408988,110.19598543167115
2026-02-10 16:00:00+00:00,2655.96,381.02,506.17,1313.08,390.44,128.02,1391.2310944972085,338.64967421324855,423.60751023679626,358.4181500231892,573.8913985824942,111.12584334736522,1167.420260362171,337.94031014033726,412.57634673345655,322.70358383678763,577.7499313408988,110.19598543167115,1167.420260362171,337.94031014033726,412.57634673345655,322.70358383678763,577.7499313408988,110.19598543167115
2026-02-10 17:00:00+00:00,2667.9,381.1,502.57,1261.5798,354.91,128.52,1398.6752189624513,338.91326090325776,425.6803451295068,366.2998853142844,573.8913985824942,111.12584334736522,1167.420260362171,337.94031014033726,412.57634673345655,322.70358383678763,577.7499313408988,110.19598543167115,1167.420260362171,337.94031014033726,412.57634673345655,322.70358383678763,577.7499313408988,110.19598543167115
2026-02-10 18:00:00+00:00,2666.33,381.16,490.44,793.76,364.08,127.13,1383.5025763277376,338.7643102699014,426.0707039039376,374.1816206053795,573.8913985824942,111.12584334736522,1167.420260362171,337.94031014033726,412.57634673345655,322.70358383678763,577.7499313408988,110.19598543167115,1167.420260362171,337.94031014033726,412.57634673345655,322.70358383678763,577.7499313408988,110.19598543167115
2026-02-10 19:00:00+00:00,2676.4,381.14,468.64,931.82,366.89,131.06,1360.094886884086,338.8787927884475,426.73635925147323,382.06335589647466,573.8913985824942,111.12584334736522,1167.420260362171,337.94031014033726,412.57634673345655,322.70358383678763,577.7499313408988,110.19598543167115,1167.420260362171,337.94031014033726,412.57634673345655,322.70358383678763,577.7499313408988,110.19598543167115
2026-02-10 20:00:00+00:00,2674.91,381.37,453.98,529.11,350.37,129.54,1340.1270827791727,339.0178951730632,427.50032690739266,389.94509118756986,573.8913985824942,111.12584334736522,1167.420260362171,337.94031014033726,412.57634673345655,322.70358383678763,577.7499313408988,110.19598543167115,1167.420260362171,337.94031014033726,412.57634673345655,322.70358383678763,577.7499313408988,110.19598543167115
2026-02-10 21:00:00+00:00,2487.32,382.29,444.56,128.8,357.79,129.88,1309.5223891116889,339.09021625811965,427.6436759294685,397.826826478665,573.8913985824942,111.12584334736522,1167.420260362171,337.94031014033726,412.57634673345655,322.70358383678763,577.7499313408988,110.19598543167115,1167.420260362171,337.94031014033726,412.57634673345655,322.70358383678763,577.7499313408988,110.19598543167115
2026-02-10 22:00:00+00:00,1876.45,382.85,430.7,77.57999,356.15,126.97,1282.6617807159066,339.18684932157254,427.96325860450287,405.7085617697602,573.8913985824942,111.12584334736522,1167.420260362171,337.94031014033726,412.57634673345655,322.70358383678763,577.7499313408988,110.19598543167115,1167.420260362171,337.94031014033726,412.57634673345655,322.70358383678763,577.7499313408988,110.19598543167115
2026-02-10 23:00:00+00:00,1804.32,381.77,418.58,40.049988,359.62,129.97,1263.712616079875,339.17777070729903,428.09993645562986,413.59029706085533,573.8913985824942,111.12584334736522,1167.420260362171,337.94031014033726,412.57634673345655,322.70358383678763,577.7499313408988,110.19598543167115,1167.420260362171,337.94031014033726,412.57634673345655,322.70358383678763,577.7499313408988,110.19598543167115
2026-02-11 00:00:00+00:00,1730.65,381.32,412.78,20.989992,349.43,129.74,1241.0543637531023,338.9938907646559,404.3785757391359,232.31038536566658,573.8913985824942,111.12584334736522,1167.420260362171,337.94031014033726,412.57634673345655,322.70358383678763,577.7499313408988,110.19598543167115,1167.420260362171,337.94031014033726,412.57634673345655,322.70358383678763,577.7499313408988,110.19598543167115
2026-02-11 01:00:00+00:00,1689.05,381.22,410.77,24.03,356.46,126.69,1235.0264966472273,338.9112603841692,404.9489996458663,240.19212065676174,573.8913985824942,111.12584334736522,1167.420260362171,337.94031014033726,412.57634673345655,322.70358383678763,577.7499313408988,110.19598543167115,1167.420260362171,337.94031014033726,412.57634673345655,322.70358383678763,577.7499313408988,110.19598543167115
2026-02-11 02:00:00+00:00,1650.54,380.98,410.28,12.489991,358.32,126.89,1233.5139923810866,338.8130887797252,405.7606496903503,248.07385594785688,573.8913985824942,111.12584334736522,1167.420260362171,337.94031014033726,412.57634673345655,322.70358383678763,577.7499313408988,110.19598543167115,1167.420260362171,337.94031014033726,412.57634673345655,322.70358383678763,577.7499313408988,110.19598543167115
2026-02-11 03:00:00+00:00,1612.0,381.07,413.25,55.72,365.15,124.82,1231.7475865318138,338.7106083914893,406.85579595034613,255.95559123895208,573.8913985824942,111.12584334736522,1167.420260362171,337.94031014033726,412.57634673345655,322.70358383678763,577.7499313408988,110.19598543167115,1167.420260362171,337.94031014033726,412.57634673345655,322.70358383678763,577.7499313408988,110.19598543167115
2026-02-11 04:00:00+00:00,1640.77,381.19,424.62,92.55998,386.39,123.95,1255.296557880465,338.6505973133611,408.14955187123917,263.8373265300472,573.8913985824942,111.12584334736522,1167.420260362171,337.94031014033726,412.57634673345655,322.70358383678763,577.7499313408988,110.19598543167115,1167.420260362171,337.94031014033726,412.57634673345655,322.70358383678763,577.7499313408988,110.19598543167115
2026-02-11 05:00:00+00:00,1970.42,380.52,441.67,390.0,407.85,123.7,1308.8843968689769,338.5442702657855,410.0340507467402,271.7190618211424,573.8913985824942,111.12584334736522,1167.420260362171,337.94031014033726,412.57634673345655,322.70358383678763,577.7499313408988,110.19598543167115,1167.420260362171,337.94031014033726,412.57634673345655,322.70358383678763,577.7499313408988,110.19598543167115
2026-02-11 06:00:00+00:00,2373.87,380.82,471.69,747.58,405.04,132.18,1345.1124762333463,338.4440981115498,411.74456214876716,279.60079711223756,573.8913985824942,111.12584334736522,1167.420260362171,337.94031014033726,412.57634673345655,322.70358383678763,577.7499313408988,110.19598543167115,1167.420260362171,337.94031014033726,412.57634673345655,322.70358383678763,577.7499313408988,110.19598543167115
2026-02-11 07:00:00+00:00,2437.11,380.35,475.76,1014.81,434.91,136.54,1351.9291606874776,338.4420975339193,412.9110282566245,287.4825324033327,573.8913985824942,111.12584334736522,1167.420260362171,337.94031014033726,412.57634673345655,322.70358383678763,577.7499313408988,110.19598543167115,1167.420260362171,337.94031014033726,412.57634673345655,322.70358383678763,577.7499313408988,110.19598543167115
2026-02-11 08:00:00+00:00,2451.06,380.61,471.94,717.84,454.94,138.52,1343.4991215276623,338.49041407956514,413.5303155851212,295.3642676944279,573.8913985824942,111.12584334736522,1167.420260362171,337.94031014033726,412.57634673345655,322.70358383678763,577.7499313408988,110.19598543167115,1167.420260362171,337.94031014033726,412.57634673345655,322.70358383678763,577.7499313408988,110.19598543167115
2026-02-11 09:00:00+00:00,2456.41,380.73,450.23,309.44,469.58,132.16,1331.8754935965646,338.44532893762926,413.7492998164072,303.24600298552303,573.8913985824942,111.12584334736522,1167.420260362171,337.94031014033726,412.57634673345655,322.70358383678763,577.7499313408988,110.19598543167115,1167.420260362171,337.94031014033726,412.57634673345655,322.70358383678763,577.7499313408988,110.19598543167115
2026-02-11 10:00:00+00:00,2460.36,381.54,431.06,469.94,473.46,133.87,1329.168387554924,338.4236327075445,414.4022309421332,311.12773827661823,573.8913985824942,111.12584334736522,1167.420260362171,337.94031014033726,412.57634673345655,322.70358383678763,577.7499313408988,110.19598543167115,1167.420260362171,337.94031014033726,412.57634673345655,322.70358383678763,577.7499313408988,110.19598543167115
2026-02-11 11:00:00+00:00,2475.63,383.04,428.34,306.48,473.77,141.26,1303.9978690296846,338.1477360746765,414.3440285668702,319.00947356771337,573.8913985824942,111.12584334736522,1167.420260362171,337.94031014033726,412.57634673345655,322.70358383678763,577.7499313408988,110.19598543167115,1167.420260362171,337.94031014033726,412.57634673345655,322.70358383678763,577.7499313408988,110.19598543167115
2026-02-11 12:00:00+00:00,2547.49,383.17,426.83,138.63,475.96,142.24,1293.4815087446132,338.25991051253686,415.9792128214828,326.8912088588085,573.8913985824942,111.12584334736522,1167.420260362171,337.94031014033726,412.57634673345655,322.70358383678763,577.7499313408988,110.19598543167115,1167.420260362171,337.94031014033726,412.57634673345655,322.70358383678763,577.7499313408988,110.19598543167115
2026-02-11 13:00:00+00:00,2524.21,383.14,429.85,209.6,468.68,143.62,1287.8039971594196,338.039100866278,416.3603296914929,334.7729441499037,573.8913985824942,111.12584334736522,1167.420260362171,337.94031014033726,412.57634673345655,322.70358383678763,577.7499313408988,110.19598543167115,1167.420260362171,337.94031014033726,412.57634673345655,322.70358383678763,577.7499313408988,110.19598543167115
2026-02-11 14:00:00+00:00,2535.13,383.15,442.26,185.38,467.18,143.33,1289.1389817244192,338.1149608219695,417.4930575378151,342.65467944099885,573.8913985824942,111.12584334736522,1167.420260362171,337.94031014033726,412.57634673345655,322.70358383678763,577.7499313408988,110.19598543167115,1167.420260362171,337.94031014033726,412.57634673345655,322.70358383678763,577.7499313408988,110.19598543167115
2026-02-11 15:00:00+00:00,2630.29,386.9,468.09,397.54,503.94,144.86,1303.5004757408747,338.2459077167833,419.1787897663684,350.53641473209404,573.8913985824942,111.12584334736522,1167.420260362171,337.94031014033726,412.57634673345655,322.70358383678763,577.7499313408988,110.19598543167115,1167.420260362171,337.94031014033726,412.57634673345655,322.70358383678763,577.7499313408988,110.19598543167115
2026-02-11 16:00:00+00:00,2656.03,388.78,497.18,791.8,539.41,143.86,1323.2445416759913,338.20959338926053,420.8176792599119,358.4181500231892,573.8913985824942,111.12584334736522,1167.420260362171,337.94031014033726,412.57634673345655,322.70358383678763,577.7499313408988,110.19598543167115,1167.420260362171,337.94031014033726,412.57634673345655,322.70358383678763,577.7499313408988,110.19598543167115
2026-02-11 17:00:00+00:00,2695.96,383.52,505.01,701.78,538.67,138.69,1340.4540638980427,338.33638595792536,422.4559303437608,366.2998853142844,573.8913985824942,111.12584334736522,1167.420260362171,337.94031014033726,412.57634673345655,322.70358383678763,577.7499313408988,110.19598543167115,1167.420260362171,337.94031014033726,412.57634673345655,322.70358383678763,577.7499313408988,110.19598543167115
2026-02-11 18:00:00+00:00,2691.96,383.48,500.14,529.16,529.87,140.06,1334.1549638692536,338.3688534365632,423.37849417724124,374.1816206053795,573.8913985824942,111.12584334736522,1167.420260362171,337.94031014033726,412.57634673345655,322.70358383678763,577.7499313408988,110.19598543167115,1167.420260362171,337.94031014033726,412.57634673345655,322.70358383678763,577.7499313408988,110.19598543167115
2026-02-11 19:00:00+00:00,2644.41,384.23,486.46,109.06999,499.95,140.35,1313.6884452455677,338.4060909923375,423.9988092593905,382.06335589647466,573.8913985824942,111.12584334736522,1167.420260362171,337.94031014033726,412.57634673345655,322.70358383678763,577.7499313408988,110.19598543167115,1167.420260362171,337.94031014033726,412.57634673345655,322.70358383678763,577.7499313408988,110.19598543167115
2026-02-11 20:00:00+00:00,2471.49,382.19,470.72,156.62,483.94,140.64,1300.0513689422014,338.5121103710561,424.84494943235086,389.94509118756986,573.8913985824942,111.12584334736522,1167.420260362171,337.94031014033726,412.57634673345655,322.70358383678763,577.7499313408988,110.19598543167115,1167.420260362171,337.94031014033726,412.57634673345655,322.70358383678763,577.7499313408988,110.19598543167115
2026-02-11 21:00:00+00:00,1844.98,382.58,454.52,34.450012,491.56,141.57,1285.6145618696648,338.5451933505465,425.57000306725917,397.826826478665,573.8913985824942,111.12584334736522,1167.420260362171,337.94031014033726,412.57634673345655,322.70358383678763,577.7499313408988,110.19598543167115,1167.420260362171,337.94031014033726,412.57634673345655,322.70358383678763,577.7499313408988,110.19598543167115
2026-02-11 22:00:00+00:00,1722.0,382.35,434.28,117.770004,490.1,142.64,1262.9813905933943,338.64536551583734,426.238590798282,405.7085617697602,573.8913985824942,111.12584334736522,1167.420260362171,337.94031014033726,412.57634673345655,322.70358383678763,577.7499313408988,110.19598543167115,1167.420260362171,337.94031014033726,412.57634673345655,322.70358383678763,577.7499313408988,110.19598543167115
2026-02-11 23:00:00+00:00,1668.43,381.45,420.52,102.83,486.48,142.66,1234.5323532513933,338.6872193822023,426.78469401439963,413.59029706085533,573.8913985824942,111.12584334736522,1167.420260362171,337.94031014033726,412.57634673345655,322.70358383678763,577.7499313408988,110.19598543167115,1167.420260362171,337.94031014033726,412.57634673345655,322.70358383678763,577.7499313408988,110.19598543167115
2026-02-12 00:00:00+00:00,1654.31,381.54,415.31,31.139986,490.52,141.12,1211.6937307400647,338.6230539283905,403.97994376883787,232.31038536566658,573.8913985824942,111.12584334736522,1167.420260362171,337.94031014033726,412.57634673345655,322.70358383678763,577.7499313408988,110.19598543167115,1167.420260362171,337.94031014033726,412.57634673345655,322.70358383678763,577.7499313408988,110.19598543167115
2026-02-12 01:00:00+00:00,1630.49,381.55,411.9,33.690002,491.01,138.76,1201.6350420473318,338.7112237906096,404.75945674144293,240.19212065676174,573.8913985824942,111.12584334736522,1167.420260362171,337.94031014033726,412.57634673345655,322.70358383678763,577.7499313408988,110.19598543167115,1167.420260362171,337.94031014033726,412.57634673345655,322.70358383678763,577.7499313408988,110.19598543167115
2026-02-12 02:00:00+00:00,1634.8,381.61,410.81,34.850006,489.09,138.85,1200.639303332821,338.7018375199664,405.3648957484301,248.07385594785688,573.8913985824942,111.12584334736522,1167.420260362171,337.94031014033726,412.57634673345655,322.70358383678763,577.7499313408988,110.19598543167115,1167.420260362171,337.94031014033726,412.57634673345655,322.70358383678763,577.7499313408988,110.19598543167115
2026-02-12 03:00:00+00:00,1638.84,382.08,413.65,23.589998,491.59,137.91,1205.9538905563684,338.7206100890917,406.378427216968,255.95559123895208,573.8913985824942,111.12584334736522,1167.420260362171,337.94031014033726,412.57634673345655,322.70358383678763,577.7499313408988,110.19598543167115,1167.420260362171,337.94031014033726,412.57634673345655,322.70358383678763,577.7499313408988,110.19598543167115
2026-02-12 04:00:00+00:00,1699.67,381.95,427.19,94.45,497.19,136.73,1239.6566175232263,338.73938271675894,408.18736485176794,263.8373265300472,573.8913985824942,111.12584334736522,1167.420260362171,337.94031014033726,412.57634673345655,322.70358383678763,577.7499313408988,110.19598543167115,1167.420260362171,337.94031014033726,412.57634673345655,322.70358383678763,577.7499313408988,110.19598543167115
2026-02-12 05:00:00+00:00,2157.05,380.48,451.38,341.83,516.87,125.76,1299.8071984377775,338.6269006309206,410.2892021814833,271.7190618211424,573.8913985824942,111.12584334736522,1167.420260362171,337.94031014033726,412.57634673345655,322.70358383678763,577.7499313408988,110.19598543167115,1167.420260362171,337.94031014033726,412.57634673345655,322.70358383678763,577.7499313408988,110.19598543167115
2026-02-12 06:00:00+00:00,2380.38,380.06,485.53,285.91,514.45,129.61,1345.1902647375368,338.6298242083636,412.5841611315279,279.60079711223756,573.8913985824942,111.12584334736522,1167.420260362171,337.94031014033726,412.57634673345655,322.70358383678763,577.7499313408988,110.19598543167115,1167.420260362171,337.94031014033726,412.57634673345655,322.70358383678763,577.7499313408988,110.19598543167115
2026-02-12 07:00:00+00:00,2405.18,380.45,500.61,363.39,554.4,118.96,1359.6315549412877,338.78800696339704,413.7708141972506,287.4825324033327,573.8913985824942,111.12584334736522,1167.420260362171,337.94031014033726,412.57634673345655,322.70358383678763,577.7499313408988,110.19598543167115,1167.420260362171,337.94031014033726,412.57634673345655,322.70358383678763,577.7499313408988,110.19598543167115
2026-02-12 08:00:00+00:00,2127.77,381.09,494.33,226.94,560.94,115.68,1344.0852058936982,338.6142830151094,413.5980075435537,295.3642676944279,573.8913985824942,111.12584334736522,1167.420260362171,337.94031014033726,412.57634673345655,322.70358383678763,577.7499313408988,110.19598543167115,1167.420260362171,337.94031014033726,412.57634673345655,322.70358383678763,577.7499313408988,110.19598543167115
2026-02-12 09:00:00+00:00,1835.82,383.04,465.79,192.42,545.4,114.17,1322.514023890835,338.4265563406651,414.06381518863077,303.24600298552303,573.8913985824942,111.12584334736522,1167.420260362171,337.94031014033726,412.57634673345655,322.70358383678763,577.7499313408988,110.19598543167115,1167.420260362171,337.94031014033726,412.57634673345655,322.70358383678763,577.7499313408988,110.19598543167115
2026-02-12 10:00:00+00:00,1736.64,383.71,447.61,168.98,550.79,116.65,1312.4348024215292,338.32992326186076,415.0130921426723,311.12773827661823,573.8913985824942,111.12584334736522,1167.420260362171,337.94031014033726,412.57634673345655,322.70358383678763,577.7499313408988,110.19598543167115,1167.420260362171,337.94031014033726,412.57634673345655,322.70358383678763,577.7499313408988,110.19598543167115
2026-02-12 11:00:00+00:00,1528.98,381.35,427.8,136.24,551.08,116.24,1300.9793193488351,338.4362503094364,416.59317422927927,319.00947356771337,573.8913985824942,111.12584334736522,1167.420260362171,337.94031014033726,412.57634673345655,322.70358383678763,577.7499313408988,110.19598543167115,1167.420260362171,337.94031014033726,412.57634673345655,322.70358383678763,577.7499313408988,110.19598543167115
2026-02-12 12:00:00+00:00,1409.09,382.28,421.52,43.45999,563.52,116.51,1290.0882933840055,338.2880694053198,416.8908848040427,326.8912088588085,573.8913985824942,111.12584334736522,1167.420260362171,337.94031014033726,412.57634673345655,322.70358383678763,577.7499313408988,110.19598543167115,1167.420260362171,337.94031014033726,412.57634673345655,322.70358383678763,577.7499313408988,110.19598543167115
2026-02-12 13:00:00+00:00,1396.82,382.18,428.64,86.84,570.63,115.53,1276.7619667192128,338.3668530316942,417.56125186946355,334.7729441499037,573.8913985824942,111.12584334736522,1167.420260362171,337.94031014033726,412.57634673345655,322.70358383678763,577.7499313408988,110.19598543167115,1167.420260362171,337.94031014033726,412.57634673345655,322.70358383678763,577.7499313408988,110.19598543167115
2026-02-12 14:00:00+00:00,1390.0,381.79,448.74,93.979996,561.9,115.47,1280.5758049331575,338.3490035110992,417.68731360269055,342.65467944099885,573.8913985824942,111.12584334736522,1167.420260362171,337.94031014033726,412.57634673345655,322.70358383678763,577.7499313408988,110.19598543167115,1167.420260362171,337.94031014033726,412.57634673345655,322.70358383678763,577.7499313408988,110.19598543167115
2026-02-12 15:00:00+00:00,1396.66,383.14,478.79,95.2,564.01,115.73,1292.5731371455795,338.21867200353404,418.62435953804254,350.53641473209404,573.8913985824942,111.12584334736522,1167.420260362171,337.94031014033726,412.57634673345655,322.70358383678763,577.7499313408988,110.19598543167115,1167.420260362171,337.94031014033726,412.57634673345655,322.70358383678763,577.7499313408988,110.19598543167115
2026-02-12 16:00:00+00:00,1402.94,383.71,506.44,104.83,564.79,115.34,1332.2340276137218,338.44009712905034,421.2711408961593,358.4181500231892,573.8913985824942,111.12584334736522,1167.420260362171,337.94031014033726,412.57634673345655,322.70358383678763,577.7499313408988,110.19598543167115,1167.420260362171,337.94031014033726,412.57634673345655,322.70358383678763,577.7499313408988,110.19598543167115
2026-02-12 17:00:00+00:00,1423.81,383.62,513.46,125.70999,564.78,115.3,1354.939215090192,338.65213585435225,423.4249026158088,366.2998853142844,573.8913985824942,111.12584334736522,1167.420260362171,337.94031014033726,412.57634673345655,322.70358383678763,577.7499313408988,110.19598543167115,1167.420260362171,337.94031014033726,412.57634673345655,322.70358383678763,577.7499313408988,110.19598543167115
2026-02-12 18:00:00+00:00,1391.85,383.57,506.6,183.4,577.94,114.7,1337.6592360256357,338.56304287810116,423.8945539674749,374.1816206053795,573.8913985824942,111.12584334736522,1167.420260362171,337.94031014033726,412.57634673345655,322.70358383678763,577.7499313408988,110.19598543167115,1167.420260362171,337.94031014033726,412.57634673345655,322.70358383678763,577.7499313408988,110.19598543167115
2026-02-12 19:00:00+00:00,1386.38,383.06,488.13,127.95,578.53,119.34,1315.8377145458844,338.65413635952143,424.6734853248055,382.06335589647466,573.8913985824942,111.12584334736522,1167.420260362171,337.94031014033726,412.57634673345655,322.70358383678763,577.7499313408988,110.19598543167115,1167.420260362171,337.94031014033726,412.57634673345655,322.70358383678763,577.7499313408988,110.19598543167115
2026-02-12 20:00:00+00:00,1378.23,382.19,473.62,110.75,583.53,126.44,1286.2051441287763,338.7701575639814,425.3477986141957,389.94509118756986,573.8913985824942,111.12584334736522,1167.420260362171,337.94031014033726,412.57634673345655,322.70358383678763,577.7499313408988,110.19598543167115,1167.420260362171,337.94031014033726,412.57634673345655,322.70358383678763,577.7499313408988,110.19598543167115
2026-02-12 21:00:00+00:00,1359.2,381.32,455.59,167.46,590.79,134.48,1263.6871200481323,338.81201143034633,425.9247627373804,397.826826478665,573.8913985824942,111.12584334736522,1167.420260362171,337.94031014033726,412.57634673345655,322.70358383678763,577.7499313408988,110.19598543167115,1167.420260362171,337.94031014033726,412.57634673345655,322.70358383678763,577.7499313408988,110.19598543167115
2026-02-12 22:00:00+00:00,1390.56,381.42,433.18,43.579987,597.39,140.2,1243.786765163539,338.8972576733642,426.6023467112731,405.7085617697602,573.8913985824942,111.12584334736522,1167.420260362171,337.94031014033726,412.57634673345655,322.70358383678763,577.7499313408988,110.19598543167115,1167.420260362171,337.94031014033726,412.57634673345655,322.70358383678763,577.7499313408988,110.19598543167115
2026-02-12 23:00:00+00:00,1363.68,381.3,419.89,208.41,605.25,141.11,1213.3523302773235,338.7929311463093,426.75365135837666,413.59029706085533,573.8913985824942,111.12584334736522,1167.420260362171,337.94031014033726,412.57634673345655,322.70358383678763,577.7499313408988,110.19598543167115,1167.420260362171,337.94031014033726,412.57634673345655,322.70358383678763,577.7499313408988,110.19598543167115
2026-02-13 00:00:00+00:00,1317.4,381.56,412.36,68.45,595.49,140.26,1185.3105046224377,338.75984806508654,403.80292476828953,232.31038536566658,573.8913985824942,111.12584334736522,1167.420260362171,337.94031014033726,412.57634673345655,322.70358383678763,577.7499313408988,110.19598543167115,1167.420260362171,337.94031014033726,412.57634673345655,322.70358383678763,577.7499313408988,110.19598543167115
2026-02-13 01:00:00+00:00,1332.85,381.54,410.87,8.380006,599.21,142.09,1162.8169197100053,338.6995292859661,404.22766514619747,240.19212065676174,573.8913985824942,111.12584334736522,1167.420260362171,337.94031014033726,412.57634673345655,322.70358383678763,577.7499313408988,110.19598543167115,1167.420260362171,337.94031014033726,412.57634673345655,322.70358383678763,577.7499313408988,110.19598543167115
2026-02-13 02:00:00+00:00,1341.44,381.69,412.36,8.420014,602.44,143.16,1161.3202624164635,338.72707281299506,405.3486126646843,248.07385594785688,573.8913985824942,111.12584334736522,1167.420260362171,337.94031014033726,412.57634673345655,322.70358383678763,577.7499313408988,110.19598543167115,1167.420260362171,337.94031014033726,412.57634673345655,322.70358383678763,577.7499313408988,110.19598543167115
2026-02-13 03:00:00+00:00,1366.17,381.49,416.1,15.010011,597.81,141.04,1175.1150480548579,338.7089155566093,406.56601259216734,255.95559123895208,573.8913985824942,111.12584334736522,1167.420260362171,337.94031014033726,412.57634673345655,322.70358383678763,577.7499313408988,110.19598543167115,1167.420260362171,337.94031014033726,412.57634673345655,322.70358383678763,577.7499313408988,110.19598543167115
2026-02-13 04:00:00+00:00,1554.44,381.99,428.53,24.950014,613.94,139.97,1215.3840123612988,338.76077126549933,408.4097548319101,263.8373265300472,573.8913985824942,111.12584334736522,1167.420260362171,337.94031014033726,412.57634673345655,322.70358383678763,577.7499313408988,110.19598543167115,1167.420260362171,337.94031014033726,412.57634673345655,322.70358383678763,577.7499313408988,110.19598543167115
2026-02-13 05:00:00+00:00,1717.27,382.84,454.36,124.75,605.55,143.28,1288.7254511283013,338.8852555123509,411.2305151196873,271.7190618211424,573.8913985824942,111.12584334736522,1167.420260362171,337.94031014033726,412.57634673345655,322.70358383678763,577.7499313408988,110.19598543167115,1167.420260362171,337.94031014033726,412.57634673345655,322.70358383678763,577.7499313408988,110.19598543167115
2026-02-13 06:00:00+00:00,1793.21,383.19,491.45,452.47,604.28,144.47,1346.7495495631601,338.99619899865615,413.8331438073153,279.60079711223756,573.8913985824942,111.12584334736522,1167.420260362171,337.94031014033726,412.57634673345655,322.70358383678763,577.7499313408988,110.19598543167115,1167.420260362171,337.94031014033726,412.57634673345655,322.70358383678763,577.7499313408988,110.19598543167115
2026-02-13 07:00:00+00:00,1784.51,383.28,504.99,946.12,619.03,142.88,1368.4474453790474,338.9841967512621,414.75953216108417,287.4825324033327,573.8913985824942,111.12584334736522,1167.420260362171,337.94031014033726,412.57634673345655,322.70358383678763,577.7499313408988,110.19598543167115,1167.420260362171,337.94031014033726,412.57634673345655,322.70358383678763,577.7499313408988,110.19598543167115
2026-02-13 08:00:00+00:00,1800.76,382.47,490.46,464.9,626.9,145.33,1351.600508384471,338.8541729809198,414.3195389253186,295.3642676944279,573.8913985824942,111.12584334736522,1167.420260362171,337.94031014033726,412.57634673345655,322.70358383678763,577.7499313408988,110.19598543167115,1167.420260362171,337.94031014033726,412.57634673345655,322.70358383678763,577.7499313408988,110.19598543167115
2026-02-13 09:00:00+00:00,1765.76,382.22,467.38,66.03,627.37,143.31,1335.063259361387,338.64536551583734,413.9767489103477,303.24600298552303,573.8913985824942,111.12584334736522,1167.420260362171,337.94031014033726,412.57634673345655,322.70358383678763,577.7499313408988,110.19598543167115,1167.420260362171,337.94031014033726,412.57634673345655,322.70358383678763,577.7499313408988,110.19598543167115
2026-02-13 10:00:00+00:00,1745.21,381.31,445.64,46.079987,629.39,141.74,1324.915569223352,338.45763889993503,414.3637243924098,311.12773827661823,573.8913985824942,111.12584334736522,1167.420260362171,337.94031014033726,412.57634673345655,322.70358383678763,577.7499313408988,110.19598543167115,1167.420260362171,337.94031014033726,412.57634673345655,322.70358383678763,577.7499313408988,110.19598543167115
2026-02-13 11:00:00+00:00,1656.33,380.43,428.48,38.75,626.94,140.21,1317.7690303503264,338.3276151003218,414.686871164845,319.00947356771337,573.8913985824942,111.12584334736522,1167.420260362171,337.94031014033726,412.57634673345655,322.70358383678763,577.7499313408988,110.19598543167115,1167.420260362171,337.94031014033726,412.57634673345655,322.70358383678763,577.7499313408988,110.19598543167115
2026-02-13 12:00:00+00:00,1591.97,381.76,422.7,155.98,627.34,141.41,1317.4362001270256,338.45179161977444,415.9480486256149,326.8912088588085,573.8913985824942,111.12584334736522,1167.420260362171,337.94031014033726,412.57634673345655,322.70358383678763,577.7499313408988,110.19598543167115,1167.420260362171,337.94031014033726,412.57634673345655,322.70358383678763,577.7499313408988,110.19598543167115
2026-02-13 13:00:00+00:00,1680.01,383.56,424.2,375.37,625.09,138.41,1329.075220470817,338.36039027995196,417.0450145747178,334.7729441499037,573.8913985824942,111.12584334736522,1167.420260362171,337.94031014033726,412.57634673345655,322.70358383678763,577.7499313408988,110.19598543167115,1167.420260362171,337.94031014033726,412.57634673345655,322.70358383678763,577.7499313408988,110.19598543167115
2026-02-13 14:00:00+00:00,1795.28,383.67,441.29,791.89,647.73,135.61,1352.016733976012,338.3606980505413,418.7752928359419,342.65467944099885,573.8913985824942,111.12584334736522,1167.420260362171,337.94031014033726,412.57634673345655,322.70358383678763,577.7499313408988,110.19598543167115,1167.420260362171,337.94031014033726,412.57634673345655,322.70358383678763,577.7499313408988,110.19598543167115
2026-02-13 15:00:00+00:00,1792.09,383.33,476.57,973.45,623.87,133.35,1376.679950940644,338.38501011675055,420.6505786848427,350.53641473209404,573.8913985824942,111.12584334736522,1167.420260362171,337.94031014033726,412.57634673345655,322.70358383678763,577.7499313408988,110.19598543167115,1167.420260362171,337.94031014033726,412.57634673345655,322.70358383678763,577.7499313408988,110.19598543167115
2026-02-13 16:00:00+00:00,1800.76,385.11,506.42,1190.62,618.99,134.03,1400.583401569451,338.52088128433724,422.9231824115057,358.4181500231892,573.8913985824942,111.12584334736522,1167.420260362171,337.94031014033726,412.57634673345655,322.70358383678763,577.7499313408988,110.19598543167115,1167.420260362171,337.94031014033726,412.57634673345655,322.70358383678763,577.7499313408988,110.19598543167115
2026-02-13 17:00:00+00:00,1819.83,402.04,511.91,1450.94,609.06,135.95,1411.0548435076132,338.6992216295963,424.77877475836806,366.2998853142844,573.8913985824942,111.12584334736522,1167.420260362171,337.94031014033726,412.57634673345655,322.70358383678763,577.7499313408988,110.19598543167115,1167.420260362171,337.94031014033726,412.57634673345655,322.70358383678763,577.7499313408988,110.19598543167115
2026-02-13 18:00:00+00:00,1820.56,412.44,500.29,893.76,613.91,139.85,1405.628893263694,338.8146273207164,425.7590931664659,374.1816206053795,573.8913985824942,111.12584334736522,1167.420260362171,337.94031014033726,412.57634673345655,322.70358383678763,577.7499313408988,110.19598543167115,1167.420260362171,337.94031014033726,412.57634673345655,322.70358383678763,577.7499313408988,110.19598543167115
2026-02-13 19:00:00+00:00,1833.03,411.93,480.27,388.59,646.78,139.73,1383.37206510642,338.817550953837,426.20151213299846,382.06335589647466,573.8913985824942,111.12584334736522,1167.420260362171,337.94031014033726,412.57634673345655,322.70358383678763,577.7499313408988,110.19598543167115,1167.420260362171,337.94031014033726,412.57634673345655,322.70358383678763,577.7499313408988,110.19598543167115
2026-02-13 20:00:00+00:00,1832.25,411.39,459.3,157.89,620.77,142.01,1366.9193765779842,338.9297252690859,426.9831045755905,389.94509118756986,573.8913985824942,111.12584334736522,1167.420260362171,337.94031014033726,412.57634673345655,322.70358383678763,577.7499313408988,110.19598543167115,1167.420260362171,337.94031014033726,412.57634673345655,322.70358383678763,577.7499313408988,110.19598543167115
2026-02-13 21:00:00+00:00,1702.1,411.12,445.85,148.92,620.77,145.06,1348.360443786043,339.2762499959516,428.1905267191037,397.826826478665,573.8913985824942,111.12584334736522,1167.420260362171,337.94031014033726,412.57634673345655,322.70358383678763,577.7499313408988,110.19598543167115,1167.420260362171,337.94031014033726,412.57634673345655,322.70358383678763,577.7499313408988,110.19598543167115
2026-02-13 22:00:00+00:00,1690.54,411.46,429.46,131.9,595.69,147.3,1320.715983193415,339.335645719582,428.68858996948416,405.7085617697602,573.8913985824942,111.12584334736522,1167.420260362171,337.94031014033726,412.57634673345655,322.70358383678763,577.7499313408988,110.19598543167115,1167.420260362171,337.94031014033726,412.57634673345655,322.70358383678763,577.7499313408988,110.19598543167115
2026-02-13 23:00:00+00:00,1712.83,411.47,420.49,88.47002,597.28,148.82,1288.4310839848565,339.21731639534136,428.9351463026119,413.59029706085533,573.8913985824942,111.12584334736522,1167.420260362171,337.94031014033726,412.57634673345655,322.70358383678763,577.7499313408988,110.19598543167115,1167.420260362171,337.94031014033726,412.57634673345655,322.70358383678763,577.7499313408988,110.19598543167115
2026-02-14 00:00:00+00:00,1696.67,411.48,414.56,54.910004,585.8,147.98,1265.106918710872,339.1686921208644,406.086808262782,232.31038536566658,573.8913985824942,111.12584334736522,1167.420260362171,337.94031014033726,412.57634673345655,322.70358383678763,577.7499313408988,110.19598543167115,1167.420260362171,337.94031014033726,412.57634673345655,322.70358383678763,577.7499313408988,110.19598543167115
2026-02-14 01:00:00+00:00,1719.55,411.57,410.52,76.3,592.73,149.4,1255.2752977240045,339.25686205554484,406.94049432940824,240.19212065676174,573.8913985824942,111.12584334736522,1167.420260362171,337.94031014033726,412.57634673345655,322.70358383678763,577.7499313408988,110.19598543167115,1167.420260362171,337.94031014033726,412.57634673345655,322.70358383678763,577.7499313408988,110.19598543167115
2026-02-14 02:00:00+00:00,1721.22,411.53,411.18,92.12999,587.26,148.51,1245.4029380276252,339.1165288726885,407.49751856681723,248.07385594785688,573.8913985824942,111.12584334736522,1167.420260362171,337.94031014033726,412.57634673345655,322.70358383678763,577.7499313408988,110.19598543167115,1167.420260362171,337.94031014033726,412.57634673345655,322.70358383678763,577.7499313408988,110.19598543167115
2026-02-14 03:00:00+00:00,1724.69,411.48,418.05,62.54001,628.86,148.76,1241.2588517874158,339.06990503091936,408.40501927325096,255.95559123895208,573.8913985824942,111.12584334736522,1167.420260362171,337.94031014033726,412.57634673345655,322.70358383678763,577.7499313408988,110.19598543167115,1167.420260362171,337.94031014033726,412.57634673345655,322.70358383678763,577.7499313408988,110.19598543167115
2026-02-14 04:00:00+00:00,1708.31,411.37,430.01,43.559998,603.41,146.23,1244.012390313065,339.0939094393267,409.45133571335384,263.8373265300472,573.8913985824942,111.12584334736522,1167.420260362171,337.94031014033726,412.57634673345655,322.70358383678763,577.7499313408988,110.19598543167115,1167.420260362171,337.94031014033726,412.57634673345655,322.70358383678763,577.7499313408988,110.19598543167115
2026-02-14 05:00:00+00:00,1695.8,411.26,459.85,36.070007,627.11,144.0,1253.5421849773088,339.1668459235035,410.82019769747706,271.7190618211424,573.8913985824942,111.12584334736522,1167.420260362171,337.94031014033726,412.57634673345655,322.70358383678763,577.7499313408988,110.19598543167115,1167.420260362171,337.94031014033726,412.57634673345655,322.70358383678763,577.7499313408988,110.19598543167115
2026-02-14 06:00:00+00:00,1652.83,411.13,497.97,80.28,605.86,143.25,1273.3632298431844,339.2427058680393,412.34753185009095,279.60079711223756,573.8913985824942,111.12584334736522,1167.420260362171,337.94031014033726,412.57634673345655,322.70358383678763,577.7499313408988,110.19598543167115,1167.420260362171,337.94031014033726,412.57634673345655,322.70358383678763,577.7499313408988,110.19598543167115
2026-02-14 07:00:00+00:00,1757.23,411.36,507.75,114.500015,581.48,142.37,1293.6120584595678,339.2491685334008,413.7094799787272,287.4825324033327,573.8913985824942,111.12584334736522,1167.420260362171,337.94031014033726,412.57634673345655,322.70358383678763,577.7499313408988,110.19598543167115,1167.420260362171,337.94031014033726,412.57634673345655,322.70358383678763,577.7499313408988,110.19598543167115
2026-02-14 08:00:00+00:00,1813.27,412.18,496.74,519.38,579.8,142.74,1309.5365113417424,339.23655094542835,415.03409028776304,295.3642676944279,573.8913985824942,111.12584334736522,1167.420260362171,337.94031014033726,412.57634673345655,322.70358383678763,577.7499313408988,110.19598543167115,1167.420260362171,337.94031014033726,412.57634673345655,322.70358383678763,577.7499313408988,110.19598543167115
2026-02-14 09:00:00+00:00,1821.64,412.35,465.97,485.27,579.89,144.0,1316.4430639883615,339.2573240058034,416.1374674945527,303.24600298552303,573.8913985824942,111.12584334736522,1167.420260362171,337.94031014033726,412.57634673345655,322.70358383678763,577.7499313408988,110.19598543167115,1167.420260362171,337.94031014033726,412.57634673345655,322.70358383678763,577.7499313408988,110.19598543167115
2026-02-14 10:00:00+00:00,1811.93,413.04,438.16,248.37,572.74,143.87,1318.0814899525735,339.3024092758783,417.2682761543241,311.12773827661823,573.8913985824942,111.12584334736522,1167.420260362171,337.94031014033726,412.57634673345655,322.70358383678763,577.7499313408988,110.19598543167115,1167.420260362171,337.94031014033726,412.57634673345655,322.70358383678763,577.7499313408988,110.19598543167115
2026-02-14 11:00:00+00:00,1788.81,413.06,429.59,116.08998,556.3,145.91,1322.6349105135273,339.35688073021566,418.4164210976814,319.00947356771337,573.8913985824942,111.12584334736522,1167.420260362171,337.94031014033726,412.57634673345655,322.70358383678763,577.7499313408988,110.19598543167115,1167.420260362171,337.94031014033726,412.57634673345655,322.70358383678763,577.7499313408988,110.19598543167115
2026-02-14 12:00:00+00:00,1822.99,413.35,429.23,115.09,554.9,143.35,1322.7200450247758,339.55814823909975,419.8743300514361,326.8912088588085,573.8913985824942,111.12584334736522,1167.420260362171,337.94031014033726,412.57634673345655,322.70358383678763,577.7499313408988,110.19598543167115,1167.420260362171,337.94031014033726,412.57634673345655,322.70358383678763,577.7499313408988,110.19598543167115
2026-02-14 13:00:00+00:00,1791.57,414.12,434.91,861.52,548.36,143.25,1319.1584539688138,339.5104470201129,420.6129312390244,334.7729441499037,573.8913985824942,111.12584334736522,1167.420260362171,337.94031014033726,412.57634673345655,322.70358383678763,577.7499313408988,110.19598543167115,1167.420260362171,337.94031014033726,412.57634673345655,322.70358383678763,577.7499313408988,110.19598543167115
2026-02-14 14:00:00+00:00,1820.66,414.07,452.54,1336.14,571.89,141.44,1327.0747941886143,339.49875254330817,421.757989367851,342.65467944099885,573.8913985824942,111.12584334736522,1167.420260362171,337.94031014033726,412.57634673345655,322.70358383678763,577.7499313408988,110.19598543167115,1167.420260362171,337.94031014033726,412.57634673345655,322.70358383678763,577.7499313408988,110.19598543167115
2026-02-14 15:00:00+00:00,1830.53,413.97,487.8,878.37,562.19,140.75,1338.846770146086,339.5019838913405,423.0737788937173,350.53641473209404,573.8913985824942,111.12584334736522,1167.420260362171,337.94031014033726,412.57634673345655,322.70358383678763,577.7499313408988,110.19598543167115,1167.420260362171,337.94031014033726,412.57634673345655,322.70358383678763,577.7499313408988,110.19598543167115
2026-02-14 16:00:00+00:00,1835.75,413.99,513.41,1298.3999,589.76,140.09,1364.7118989310352,339.5136784238228,424.6978371287695,358.4181500231892,573.8913985824942,111.12584334736522,1167.420260362171,337.94031014033726,412.57634673345655,322.70358383678763,577.7499313408988,110.19598543167115,1167.420260362171,337.94031014033726,412.57634673345655,322.70358383678763,577.7499313408988,110.19598543167115
2026-02-14 17:00:00+00:00,1850.59,413.99,518.79,1487.55,598.77,140.4,1383.8465797478316,339.5435300734968,426.11339233499433,366.2998853142844,573.8913985824942,111.12584334736522,1167.420260362171,337.94031014033726,412.57634673345655,322.70358383678763,577.7499313408988,110.19598543167115,1167.420260362171,337.94031014033726,412.57634673345655,322.70358383678763,577.7499313408988,110.19598543167115
2026-02-14 18:00:00+00:00,1853.85,414.02,506.77,1401.13,564.8,141.35,1381.7680788008918,339.6223137346697,427.1571892104552,374.1816206053795,573.8913985824942,111.12584334736522,1167.420260362171,337.94031014033726,412.57634673345655,322.70358383678763,577.7499313408988,110.19598543167115,1167.420260362171,337.94031014033726,412.57634673345655,322.70358383678763,577.7499313408988,110.19598543167115
2026-02-14 19:00:00+00:00,1850.18,414.14,489.0,1194.21,588.0,142.55,1364.4260498008052,339.71340724679305,428.16253382271725,382.06335589647466,573.8913985824942,111.12584334736522,1167.420260362171,337.94031014033726,412.57634673345655,322.70358383678763,577.7499313408988,110.19598543167115,1167.420260362171,337.94031014033726,412.57634673345655,322.70358383678763,577.7499313408988,110.19598543167115
2026-02-14 20:00:00+00:00,1849.15,414.23,466.08,995.89,595.7,143.3,1355.0074868976405,339.7804963754836,429.2250885626112,389.94509118756986,573.8913985824942,111.12584334736522,1167.420260362171,337.94031014033726,412.57634673345655,322.70358383678763,577.7499313408988,110.19598543167115,1167.420260362171,337.94031014033726,412.57634673345655,322.70358383678763,577.7499313408988,110.19598543167115
2026-02-14 21:00:00+00:00,1850.59,414.29,450.6,339.09,568.87,145.45,1350.4027953532157,339.8041930996824,430.11174049109434,397.826826478665,573.8913985824942,111.12584334736522,1167.420260362171,337.94031014033726,412.57634673345655,322.70358383678763,577.7499313408988,110.19598543167115,1167.420260362171,337.94031014033726,412.57634673345655,322.70358383678763,577.7499313408988,110.19598543167115
2026-02-14 22:00:00+00:00,1839.25,414.42,431.27,325.51,571.87,146.12,1337.7212708013103,339.7977304036178,430.71821529203186,405.7085617697602,573.8913985824942,111.12584334736522,1167.420260362171,337.94031014033726,412.57634673345655,322.70358383678763,577.7499313408988,110.19598543167115,1167.420260362171,337.94031014033726,412.57634673345655,322.70358383678763,577.7499313408988,110.19598543167115
2026-02-14 23:00:00+00:00,1815.64,414.42,421.91,288.94,594.51,145.85,1319.6599393111403,339.81881120960765,431.44024681481636,413.59029706085533,573.8913985824942,111.12584334736522,1167.420260362171,337.94031014033726,412.57634673345655,322.70358383678763,577.7499313408988,110.19598543167115,1167.420260362171,337.94031014033726,412.57634673345655,322.70358383678763,577.7499313408988,110.19598543167115
2026-02-15 00:00:00+00:00,1831.44,414.54,417.29,125.58002,592.97,144.82,1307.8905586581902,339.7763419441224,408.78915660360553,232.31038536566658,573.8913985824942,111.12584334736522,1167.420260362171,337.94031014033726,412.57634673345655,322.70358383678763,577.7499313408988,110.19598543167115,1167.420260362171,337.94031014033726,412.57634673345655,322.70358383678763,577.7499313408988,110.19598543167115
2026-02-15 01:00:00+00:00,1755.14,415.13,412.28,39.609985,591.13,144.85,1303.3412087847175,339.7824968081914,409.6217771524333,240.19212065676174,573.8913985824942,111.12584334736522,1167.420260362171,337.94031014033726,412.57634673345655,322.70358383678763,577.7499313408988,110.19598543167115,1167.420260362171,337.94031014033726,412.57634673345655,322.70358383678763,577.7499313408988,110.19598543167115
2026-02-15 02:00:00+00:00,1659.09,415.5,411.0,53.660004,595.76,144.27,1302.913384807526,339.825273844266,410.6662599206527,248.07385594785688,573.8913985824942,111.12584334736522,1167.420260362171,337.94031014033726,412.57634673345655,322.70358383678763,577.7499313408988,110.19598543167115,1167.420260362171,337.94031014033726,412.57634673345655,322.70358383678763,577.7499313408988,110.19598543167115
2026-02-15 03:00:00+00:00,1652.37,415.36,417.37,114.67999,596.64,142.62,1301.6361280720027,339.8278897067973,411.78816878543637,255.95559123895208,573.8913985824942,111.12584334736522,1167.420260362171,337.94031014033726,412.57634673345655,322.70358383678763,577.7499313408988,110.19598543167115,1167.420260362171,337.94031014033726,412.57634673345655,322.70358383678763,577.7499313408988,110.19598543167115
2026-02-15 04:00:00+00:00,1633.53,415.37,429.57,35.03,596.37,142.83,1301.2384330114983,339.836660606159,412.9695446935722,263.8373265300472,573.8913985824942,111.12584334736522,1167.420260362171,337.94031014033726,412.57634673345655,322.70358383678763,577.7499313408988,110.19598543167115,1167.420260362171,337.94031014033726,412.57634673345655,322.70358383678763,577.7499313408988,110.19598543167115
2026-02-15 05:00:00+00:00,1604.0,415.31,458.14,16.630007,593.88,140.58,1299.92312144251,339.8788222738164,414.1901452297501,271.7190618211424,573.8913985824942,111.12584334736522,1167.420260362171,337.94031014033726,412.57634673345655,322.70358383678763,577.7499313408988,110.19598543167115,1167.420260362171,337.94031014033726,412.57634673345655,322.70358383678763,577.7499313408988,110.19598543167115
2026-02-15 06:00:00+00:00,1594.97,418.16,488.38,73.28999,596.48,140.81,1303.5651587194218,339.93360138452357,415.5853490255672,279.60079711223756,573.8913985824942,111.12584334736522,1167.420260362171,337.94031014033726,412.57634673345655,322.70358383678763,577.7499313408988,110.19598543167115,1167.420260362171,337.94031014033726,412.57634673345655,322.70358383678763,577.7499313408988,110.19598543167115
2026-02-15 07:00:00+00:00,1403.23,415.32,493.61,352.25,589.93,141.46,1311.6072972957547,339.99361244873234,417.061170035986,287.4825324033327,573.8913985824942,111.12584334736522,1167.420260362171,337.94031014033726,412.57634673345655,322.70358383678763,577.7499313408988,110.19598543167115,1167.420260362171,337.94031014033726,412.57634673345655,322.70358383678763,577.7499313408988,110.19598543167115
2026-02-15 08:00:00+00:00,1373.6,415.28,486.81,499.09,599.72,141.31,1305.6931106311965,339.90605799955296,417.8376323088622,295.3642676944279,573.8913985824942,111.12584334736522,1167.420260362171,337.94031014033726,412.57634673345655,322.70358383678763,577.7499313408988,110.19598543167115,1167.420260362171,337.94031014033726,412.57634673345655,322.70358383678763,577.7499313408988,110.19598543167115
2026-02-15 09:00:00+00:00,1209.67,415.04,458.55,79.20999,595.67,141.83,1287.1830587993334,339.7520297344226,417.9475751534501,303.24600298552303,573.8913985824942,111.12584334736522,1167.420260362171,337.94031014033726,412.57634673345655,322.70358383678763,577.7499313408988,110.19598543167115,1167.420260362171,337.94031014033726,412.57634673345655,322.70358383678763,577.7499313408988,110.19598543167115
2026-02-15 10:00:00+00:00,1152.09,412.53,434.83,159.06,591.45,142.65,1261.1002170612585,339.6252373677903,417.92761354753026,311.12773827661823,573.8913985824942,111.12584334736522,1167.420260362171,337.94031014033726,412.57634673345655,322.70358383678763,577.7499313408988,110.19598543167115,1167.420260362171,337.94031014033726,412.57634673345655,322.70358383678763,577.7499313408988,110.19598543167115
2026-02-15 11:00:00+00:00,920.06,385.69,418.55,46.48001,592.52,141.55,1229.7807807565487,339.449512811169,417.89638348043417,319.00947356771337,573.8913985824942,111.12584334736522,1167.420260362171,337.94031014033726,412.57634673345655,322.70358383678763,577.7499313408988,110.19598543167115,1167.420260362171,337.94031014033726,412.57634673345655,322.70358383678763,577.7499313408988,110.19598543167115
2026-02-15 12:00:00+00:00,886.29,381.52,418.15,1.1900035,601.04,140.85,1198.263710243253,339.49844471131263,418.51966371417757,326.8912088588085,573.8913985824942,111.12584334736522,1167.420260362171,337.94031014033726,412.57634673345655,322.70358383678763,577.7499313408988,110.19598543167115,1167.420260362171,337.94031014033726,412.57634673345655,322.70358383678763,577.7499313408988,110.19598543167115
2026-02-15 13:00:00+00:00,954.08,381.38,429.0,0.66000473,603.87,140.37,1195.909511901972,339.4527441592013,418.82163599460574,334.7729441499037,573.8913985824942,111.12584334736522,1167.420260362171,337.94031014033726,412.57634673345655,322.70358383678763,577.7499313408988,110.19598543167115,1167.420260362171,337.94031014033726,412.57634673345655,322.70358383678763,577.7499313408988,110.19598543167115
2026-02-15 14:00:00+00:00,965.99,406.82,452.33,9.070008,608.43,140.13,1228.8279954929092,339.4225846832603,420.0210309867523,342.65467944099885,573.8913985824942,111.12584334736522,1167.420260362171,337.94031014033726,412.57634673345655,322.70358383678763,577.7499313408988,110.19598543167115,1167.420260362171,337.94031014033726,412.57634673345655,322.70358383678763,577.7499313408988,110.19598543167115
2026-02-15 15:00:00+00:00,1077.35,412.91,490.51,52.22,599.36,139.73,1262.5230502193208,339.45335947194087,421.9737643179128,350.53641473209404,573.8913985824942,111.12584334736522,1167.420260362171,337.94031014033726,412.57634673345655,322.70358383678763,577.7499313408988,110.19598543167115,1167.420260362171,337.94031014033726,412.57634673345655,322.70358383678763,577.7499313408988,110.19598543167115
2026-02-15 16:00:00+00:00,1189.13,413.59,507.08,59.380005,607.3,141.77,1282.7756708933655,339.4916743617425,423.9125418967886,358.4181500231892,573.8913985824942,111.12584334736522,1167.420260362171,337.94031014033726,412.57634673345655,322.70358383678763,577.7499313408988,110.19598543167115,1167.420260362171,337.94031014033726,412.57634673345655,322.70358383678763,577.7499313408988,110.19598543167115
2026-02-15 17:00:00+00:00,1380.35,410.22,507.91,173.79,631.65,141.79,1305.9517248758104,339.6680143481872,426.127700432597,366.2998853142844,573.8913985824942,111.12584334736522,1167.420260362171,337.94031014033726,412.57634673345655,322.70358383678763,577.7499313408988,110.19598543167115,1167.420260362171,337.94031014033726,412.57634673345655,322.70358383678763,577.7499313408988,110.19598543167115
2026-02-15 18:00:00+00:00,1248.07,413.42,497.14,22.619997,613.59,146.44,1298.8137065413634,339.6527807527609,426.75956500405886,374.1816206053795,573.8913985824942,111.12584334736522,1167.420260362171,337.94031014033726,412.57634673345655,322.70358383678763,577.7499313408988,110.19598543167115,1167.420260362171,337.94031014033726,412.57634673345655,322.70358383678763,577.7499313408988,110.19598543167115
2026-02-15 19:00:00+00:00,1394.99,409.09,481.29,51.98999,588.35,150.18,1298.659141661157,339.66770663327554,427.5128346779503,382.06335589647466,573.8913985824942,111.12584334736522,1167.420260362171,337.94031014033726,412.57634673345655,322.70358383678763,577.7499313408988,110.19598543167115,1167.420260362171,337.94031014033726,412.57634673345655,322.70358383678763,577.7499313408988,110.19598543167115
2026-02-15 20:00:00+00:00,1567.58,381.28,464.41,77.20001,579.61,145.91,1301.6234088834158,339.77311059609013,428.84270911902024,389.94509118756986,573.8913985824942,111.12584334736522,1167.420260362171,337.94031014033726,412.57634673345655,322.70358383678763,577.7499313408988,110.19598543167115,1167.420260362171,337.94031014033726,412.57634673345655,322.70358383678763,577.7499313408988,110.19598543167115
2026-02-15 21:00:00+00:00,1521.42,381.21,449.59,124.739975,581.47,147.46,1304.5027654893458,339.84604699102186,429.65851988510485,397.826826478665,573.8913985824942,111.12584334736522,1167.420260362171,337.94031014033726,412.57634673345655,322.70358383678763,577.7499313408988,110.19598543167115,1167.420260362171,337.94031014033726,412.57634673345655,322.70358383678763,577.7499313408988,110.19598543167115
2026-02-15 22:00:00+00:00,1488.91,381.33,433.7,61.0,583.12,148.65,1284.6829435151146,339.8735903759924,430.24681031495163,405.7085617697602,573.8913985824942,111.12584334736522,1167.420260362171,337.94031014033726,412.57634673345655,322.70358383678763,577.7499313408988,110.19598543167115,1167.420260362171,337.94031014033726,412.57634673345655,322.70358383678763,577.7499313408988,110.19598543167115
2026-02-15 23:00:00+00:00,1331.78,381.48,423.31,49.850006,586.81,148.22,1266.5481365230248,339.8495859982882,430.56986951120746,413.59029706085533,573.8913985824942,111.12584334736522,1167.420260362171,337.94031014033726,412.57634673345655,322.70358383678763,577.7499313408988,110.19598543167115,1167.420260362171,337.94031014033726,412.57634673345655,322.70358383678763,577.7499313408988,110.19598543167115
2026-02-16 00:00:00+00:00,984.71,381.64,418.98,14.859986,588.62,148.1,1255.799419234849,339.92806188887175,407.81550332443413,232.31038536566658,573.8913985824942,111.12584334736522,1167.420260362171,337.94031014033726,412.57634673345655,322.70358383678763,577.7499313408988,110.19598543167115,1167.420260362171,337.94031014033726,412.57634673345655,322.70358383678763,577.7499313408988,110.19598543167115
2026-02-16 01:00:00+00:00,973.79,381.65,415.1,0.079987645,587.8,149.51,1242.5312788060633,339.85451011979427,407.7367907582944,240.19212065676174,573.8913985824942,111.12584334736522,1167.420260362171,337.94031014033726,412.57634673345655,322.70358383678763,577.7499313408988,110.19598543167115,1167.420260362171,337.94031014033726,412.57634673345655,322.70358383678763,577.7499313408988,110.19598543167115
2026-02-16 02:00:00+00:00,966.03,381.63,411.35,0.55999863,589.19,146.99,1231.8379754231,339.7297180745145,408.1800218980944,248.07385594785688,573.8913985824942,111.12584334736522,1167.420260362171,337.94031014033726,412.57634673345655,322.70358383678763,577.7499313408988,110.19598543167115,1167.420260362171,337.94031014033726,412.57634673345655,322.70358383678763,577.7499313408988,110.19598543167115
2026-02-16 03:00:00+00:00,986.87,383.18,416.81,0.29998887,592.53,145.09,1229.6703634914538,339.631854212821,409.46147429595345,255.95559123895208,573.8913985824942,111.12584334736522,1167.420260362171,337.94031014033726,412.57634673345655,322.70358383678763,577.7499313408988,110.19598543167115,1167.420260362171,337.94031014033726,412.57634673345655,322.70358383678763,577.7499313408988,110.19598543167115
2026-02-16 04:00:00+00:00,1204.68,409.11,425.77,0.27999985,598.33,145.42,1244.5950983639436,339.5416837283489,410.97975572008977,263.8373265300472,573.8913985824942,111.12584334736522,1167.420260362171,337.94031014033726,412.57634673345655,322.70358383678763,577.7499313408988,110.19598543167115,1167.420260362171,337.94031014033726,412.57634673345655,322.70358383678763,577.7499313408988,110.19598543167115
2026-02-16 05:00:00+00:00,1453.52,411.06,448.38,136.64,599.11,141.82,1293.2845077234058,339.5639955053409,413.16708823748087,271.7190618211424,573.8913985824942,111.12584334736522,1167.420260362171,337.94031014033726,412.57634673345655,322.70358383678763,577.7499313408988,110.19598543167115,1167.420260362171,337.94031014033726,412.57634673345655,322.70358383678763,577.7499313408988,110.19598543167115
2026-02-16 06:00:00+00:00,1527.86,411.31,470.31,367.92,599.95,215.1,1319.9548008149466,339.41750722424786,414.5523251298468,279.60079711223756,573.8913985824942,111.12584334736522,1167.420260362171,337.94031014033726,412.57634673345655,322.70358383678763,577.7499313408988,110.19598543167115,1167.420260362171,337.94031014033726,412.57634673345655,322.70358383678763,577.7499313408988,110.19598543167115
2026-02-16 07:00:00+00:00,1506.75,410.67,488.25,254.23,604.61,193.22,1337.133423475896,339.4518209587885,415.6983647007541,287.4825324033327,573.8913985824942,111.12584334736522,1167.420260362171,337.94031014033726,412.57634673345655,322.70358383678763,577.7499313408988,110.19598543167115,1167.420260362171,337.94031014033726,412.57634673345655,322.70358383678763,577.7499313408988,110.19598543167115
2026-02-16 08:00:00+00:00,1509.23,412.43,471.72,126.76999,626.47,171.34001,1319.890744786544,339.2199322857114,415.1958721154272,295.3642676944279,573.8913985824942,111.12584334736522,1167.420260362171,337.94031014033726,412.57634673345655,322.70358383678763,577.7499313408988,110.19598543167115,1167.420260362171,337.94031014033726,412.57634673345655,322.70358383678763,577.7499313408988,110.19598543167115
2026-02-16 09:00:00+00:00,1492.92,412.17,442.95,144.19,625.46,149.46,1294.0180090123908,338.93588019169687,414.68474202572787,303.24600298552303,573.8913985824942,111.12584334736522,1167.420260362171,337.94031014033726,412.57634673345655,322.70358383678763,577.7499313408988,110.19598543167115,1167.420260362171,337.94031014033726,412.57634673345655,322.70358383678763,577.7499313408988,110.19598543167115
2026-02-16 10:00:00+00:00,1418.09,411.4,427.56,315.31,646.21,147.46,1280.3782125795815,338.7543085415959,414.5747295964298,311.12773827661823,573.8913985824942,111.12584334736522,1167.420260362171,337.94031014033726,412.57634673345655,322.70358383678763,577.7499313408988,110.19598543167115,1167.420260362171,337.94031014033726,412.57634673345655,322.70358383678763,577.7499313408988,110.19598543167115
2026-02-16 11:00:00+00:00,1518.41,411.93,422.3,329.9,672.29,148.03,1271.994422871425,338.8470949442769,415.2393119382236,319.00947356771337,573.8913985824942,111.12584334736522,1167.420260362171,337.94031014033726,412.57634673345655,322.70358383678763,577.7499313408988,110.19598543167115,1167.420260362171,337.94031014033726,412.57634673345655,322.70358383678763,577.7499313408988,110.19598543167115
2026-02-16 12:00:00+00:00,1608.09,410.91,418.11,201.02,682.08,148.27,1279.3548042434481,339.03251331082737,417.1563854023995,326.8912088588085,573.8913985824942,111.12584334736522,1167.420260362171,337.94031014033726,412.57634673345655,322.70358383678763,577.7499313408988,110.19598543167115,1167.420260362171,337.94031014033726,412.57634673345655,322.70358383678763,577.7499313408988,110.19598543167115
2026-02-16 13:00:00+00:00,1598.73,412.37,426.85,253.3,653.42,145.42,1288.9466983014531,338.96988635624854,418.51317476791957,334.7729441499037,573.8913985824942,111.12584334736522,1167.420260362171,337.94031014033726,412.57634673345655,322.70358383678763,577.7499313408988,110.19598543167115,1167.420260362171,337.94031014033726,412.57634673345655,322.70358383678763,577.7499313408988,110.19598543167115
2026-02-16 14:00:00+00:00,1601.98,412.53,450.4,447.75,659.38,144.79,1305.7645384456703,338.94788246692974,421.01479743964023,342.65467944099885,573.8913985824942,111.12584334736522,1167.420260362171,337.94031014033726,412.57634673345655,322.70358383678763,577.7499313408988,110.19598543167115,1167.420260362171,337.94031014033726,412.57634673345655,322.70358383678763,577.7499313408988,110.19598543167115
2026-02-16 15:00:00+00:00,1599.01,408.1,480.04,483.9,667.27,142.19,1337.673256562642,339.15638221710054,423.20918174567737,350.53641473209404,573.8913985824942,111.12584334736522,1167.420260362171,337.94031014033726,412.57634673345655,322.70358383678763,577.7499313408988,110.19598543167115,1167.420260362171,337.94031014033726,412.57634673345655,322.70358383678763,577.7499313408988,110.19598543167115
2026-02-16 16:00:00+00:00,1709.85,342.78,501.71,652.34,676.54,141.19,1356.8218930186079,339.19300424418344,424.50695682741286,358.4181500231892,573.8913985824942,111.12584334736522,1167.420260362171,337.94031014033726,412.57634673345655,322.70358383678763,577.7499313408988,110.19598543167115,1167.420260362171,337.94031014033726,412.57634673345655,322.70358383678763,577.7499313408988,110.19598543167115
2026-02-16 17:00:00+00:00,1796.59,343.82,507.31,629.84,672.38,145.11,1370.2870803438514,339.24101311954007,425.546960587333,366.2998853142844,573.8913985824942,111.12584334736522,1167.420260362171,337.94031014033726,412.57634673345655,322.70358383678763,577.7499313408988,110.19598543167115,1167.420260362171,337.94031014033726,412.57634673345655,322.70358383678763,577.7499313408988,110.19598543167115
2026-02-16 18:00:00+00:00,1797.61,368.49,498.68,624.72,644.66,147.08,1371.5695064797571,339.4650540044232,427.07397113195594,374.1816206053795,573.8913985824942,111.12584334736522,1167.420260362171,337.94031014033726,412.57634673345655,322.70358383678763,577.7499313408988,110.19598543167115,1167.420260362171,337.94031014033726,412.57634673345655,322.70358383678763,577.7499313408988,110.19598543167115
2026-02-16 19:00:00+00:00,1797.65,406.32,483.11,577.55,651.11,146.56,1352.5550652046275,339.56814988102445,428.0281291158548,382.06335589647466,573.8913985824942,111.12584334736522,1167.420260362171,337.94031014033726,412.57634673345655,322.70358383678763,577.7499313408988,110.19598543167115,1167.420260362171,337.94031014033726,412.57634673345655,322.70358383678763,577.7499313408988,110.19598543167115
2026-02-16 20:00:00+00:00,1794.99,414.28,464.26,648.22,660.86,145.14,1322.6519206221774,339.4679776375438,428.30007640674364,389.94509118756986,573.8913985824942,111.12584334736522,1167.420260362171,337.94031014033726,412.57634673345655,322.70358383678763,577.7499313408988,110.19598543167115,1167.420260362171,337.94031014033726,412.57634673345655,322.70358383678763,577.7499313408988,110.19598543167115
2026-02-16 21:00:00+00:00,1837.53,414.32,447.02,525.4,660.0,142.83,1294.661970564329,339.5713812847344,429.26271752611547,397.826826478665,573.8913985824942,111.12584334736522,1167.420260362171,337.94031014033726,412.57634673345655,322.70358383678763,577.7499313408988,110.19598543167115,1167.420260362171,337.94031014033726,412.57634673345655,322.70358383678763,577.7499313408988,110.19598543167115
2026-02-16 22:00:00+00:00,1680.71,414.37,429.84,241.04,633.78,137.19,1267.9337065784962,339.6440099090768,429.8037033256581,405.7085617697602,573.8913985824942,111.12584334736522,1167.420260362171,337.94031014033726,412.57634673345655,322.70358383678763,577.7499313408988,110.19598543167115,1167.420260362171,337.94031014033726,412.57634673345655,322.70358383678763,577.7499313408988,110.19598543167115
2026-02-16 23:00:00+00:00,1591.58,414.32,416.25,98.44,637.08,136.97,1245.7092723803164,339.6144659186368,429.9356629088018,413.59029706085533,573.8913985824942,111.12584334736522,1167.420260362171,337.94031014033726,412.57634673345655,322.70358383678763,577.7499313408988,110.19598543167115,1167.420260362171,337.94031014033726,412.57634673345655,322.70358383678763,577.7499313408988,110.19598543167115
2026-02-17 00:00:00+00:00,1589.8,414.39,410.96,35.48999,640.89,137.32,1233.3698450878917,339.6721688352261,407.1436549515597,232.31038536566658,573.8913985824942,111.12584334736522,1167.420260362171,337.94031014033726,412.57634673345655,322.70358383678763,577.7499313408988,110.19598543167115,1167.420260362171,337.94031014033726,412.57634673345655,322.70358383678763,577.7499313408988,110.19598543167115
2026-02-17 01:00:00+00:00,1611.77,414.33,410.22,1.2999889,641.73,135.86,1225.8766389873194,339.44982058175833,407.3195603773042,240.19212065676174,573.8913985824942,111.12584334736522,1167.420260362171,337.94031014033726,412.57634673345655,322.70358383678763,577.7499313408988,110.19598543167115,1167.420260362171,337.94031014033726,412.57634673345655,322.70358383678763,577.7499313408988,110.19598543167115
2026-02-17 02:00:00+00:00,1611.1,414.44,410.28,0.29000962,642.94,136.46,1234.3527620637135,339.58338335936696,408.69735290924456,248.07385594785688,573.8913985824942,111.12584334736522,1167.420260362171,337.94031014033726,412.57634673345655,322.70358383678763,577.7499313408988,110.19598543167115,1167.420260362171,337.94031014033726,412.57634673345655,322.70358383678763,577.7499313408988,110.19598543167115
2026-02-17 03:00:00+00:00,1624.94,414.29,414.71,0.2699901,644.95,138.72,1251.872984811824,339.6287763136504,410.299371497804,255.95559123895208,573.8913985824942,111.12584334736522,1167.420260362171,337.94031014033726,412.57634673345655,322.70358383678763,577.7499313408988,110.19598543167115,1167.420260362171,337.94031014033726,412.57634673345655,322.70358383678763,577.7499313408988,110.19598543167115
2026-02-17 04:00:00+00:00,1601.24,414.37,429.45,43.669983,643.42,135.99,1274.9029032280757,339.5804597262464,412.01703571084505,263.8373265300472,573.8913985824942,111.12584334736522,1167.420260362171,337.94031014033726,412.57634673345655,322.70358383678763,577.7499313408988,110.19598543167115,1167.420260362171,337.94031014033726,412.57634673345655,322.70358383678763,577.7499313408988,110.19598543167115
2026-02-17 05:00:00+00:00,1684.18,413.97,456.7,304.02,690.43,136.07,1331.9262758003215,339.6190823866374,414.4658789796619,271.7190618211424,573.8913985824942,111.12584334736522,1167.420260362171,337.94031014033726,412.57634673345655,322.70358383678763,577.7499313408988,110.19598543167115,1167.420260362171,337.94031014033726,412.57634673345655,322.70358383678763,577.7499313408988,110.19598543167115
2026-02-17 06:00:00+00:00,1762.86,413.8,489.39,412.87,721.94,136.06,1370.6050711859652,339.71340724679305,416.7744411703043,279.60079711223756,573.8913985824942,111.12584334736522,1167.420260362171,337.94031014033726,412.57634673345655,322.70358383678763,577.7499313408988,110.19598543167115,1167.420260362171,337.94031014033726,412.57634673345655,322.70358383678763,577.7499313408988,110.19598543167115
2026-02-17 07:00:00+00:00,1766.7,413.6,494.04,881.77,693.48,139.67,1370.607920982451,339.6173894960798,417.58591145889847,287.4825324033327,573.8913985824942,111.12584334736522,1167.420260362171,337.94031014033726,412.57634673345655,322.70358383678763,577.7499313408988,110.19598543167115,1167.420260362171,337.94031014033726,412.57634673345655,322.70358383678763,577.7499313408988,110.19598543167115
2026-02-17 08:00:00+00:00,1764.98,413.83,484.23,900.9,671.92,139.98,1351.3157624583346,339.48413437770523,417.52949742991586,295.3642676944279,573.8913985824942,111.12584334736522,1167.420260362171,337.94031014033726,412.57634673345655,322.70358383678763,577.7499313408988,110.19598543167115,1167.420260362171,337.94031014033726,412.57634673345655,322.70358383678763,577.7499313408988,110.19598543167115
2026-02-17 09:00:00+00:00,1767.8,412.32,456.43,536.54,692.34,142.2,1331.028185014616,339.27994332208135,417.3662520895627,303.24600298552303,573.8913985824942,111.12584334736522,1167.420260362171,337.94031014033726,412.57634673345655,322.70358383678763,577.7499313408988,110.19598543167115,1167.420260362171,337.94031014033726,412.57634673345655,322.70358383678763,577.7499313408988,110.19598543167115
2026-02-17 10:00:00+00:00,1758.4,383.18,430.03,471.97,696.84,139.11,1302.9045854995773,339.2607088026974,416.9531901482973,311.12773827661823,573.8913985824942,111.12584334736522,1167.420260362171,337.94031014033726,412.57634673345655,322.70358383678763,577.7499313408988,110.19598543167115,1167.420260362171,337.94031014033726,412.57634673345655,322.70358383678763,577.7499313408988,110.19598543167115
2026-02-17 11:00:00+00:00,1764.74,381.01,414.04,467.73,648.3,137.58,1263.293997058208,339.04251509767477,416.0583325095118,319.00947356771337,573.8913985824942,111.12584334736522,1167.420260362171,337.94031014033726,412.57634673345655,322.70358383678763,577.7499313408988,110.19598543167115,1167.420260362171,337.94031014033726,412.57634673345655,322.70358383678763,577.7499313408988,110.19598543167115
2026-02-17 12:00:00+00:00,1969.69,381.12,405.56,79.59999,645.61,136.15,1244.2796035619608,338.76923439427173,416.671610874038,326.8912088588085,573.8913985824942,111.12584334736522,1167.420260362171,337.94031014033726,412.57634673345655,322.70358383678763,577.7499313408988,110.19598543167115,1167.420260362171,337.94031014033726,412.57634673345655,322.70358383678763,577.7499313408988,110.19598543167115
2026-02-17 13:00:00+00:00,2110.79,400.79,407.56,39.75,645.67,141.04,1244.5420057582169,338.67814076792877,418.25054246320684,334.7729441499037,573.8913985824942,111.12584334736522,1167.420260362171,337.94031014033726,412.57634673345655,322.70358383678763,577.7499313408988,110.19598543167115,1167.420260362171,337.94031014033726,412.57634673345655,322.70358383678763,577.7499313408988,110.19598543167115
2026-02-17 14:00:00+00:00,2216.08,411.55,430.19,58.829987,633.95,142.07,1253.868844063274,338.7750816605129,419.5080789032327,342.65467944099885,573.8913985824942,111.12584334736522,1167.420260362171,337.94031014033726,412.57634673345655,322.70358383678763,577.7499313408988,110.19598543167115,1167.420260362171,337.94031014033726,412.57634673345655,322.70358383678763,577.7499313408988,110.19598543167115
2026-02-17 15:00:00+00:00,2323.67,434.56,466.57,470.91,644.72,142.45,1282.6435898397915,338.96711704485557,421.9650695360662,350.53641473209404,573.8913985824942,111.12584334736522,1167.420260362171,337.94031014033726,412.57634673345655,322.70358383678763,577.7499313408988,110.19598543167115,1167.420260362171,337.94031014033726,412.57634673345655,322.70358383678763,577.7499313408988,110.19598543167115
2026-02-17 16:00:00+00:00,2511.47,443.34,496.25,1056.93,764.25,140.91,1320.9014260976805,339.3945792894892,425.15003493669315,358.4181500231892,573.8913985824942,111.12584334736522,1167.420260362171,337.94031014033726,412.57634673345655,322.70358383678763,577.7499313408988,110.19598543167115,1167.420260362171,337.94031014033726,412.57634673345655,322.70358383678763,577.7499313408988,110.19598543167115
2026-02-17 17:00:00+00:00,2635.11,443.35,501.51,814.91,657.85,147.3,1346.6555508112892,339.43904910476607,426.903167421277,366.2998853142844,573.8913985824942,111.12584334736522,1167.420260362171,337.94031014033726,412.57634673345655,322.70358383678763,577.7499313408988,110.19598543167115,1167.420260362171,337.94031014033726,412.57634673345655,322.70358383678763,577.7499313408988,110.19598543167115
2026-02-17 18:00:00+00:00,2661.31,430.65,495.67,580.47,647.82,145.61,1349.557388233365,339.49321304765635,427.8883044817143,374.1816206053795,573.8913985824942,111.12584334736522,1167.420260362171,337.94031014033726,412.57634673345655,322.70358383678763,577.7499313408988,110.19598543167115,1167.420260362171,337.94031014033726,412.57634673345655,322.70358383678763,577.7499313408988,110.19598543167115
2026-02-17 19:00:00+00:00,2675.41,413.97,479.46,442.49,675.09,145.67,1333.1144621776002,339.6780160457896,428.81861180921993,382.06335589647466,573.8913985824942,111.12584334736522,1167.420260362171,337.94031014033726,412.57634673345655,322.70358383678763,577.7499313408988,110.19598543167115,1167.420260362171,337.94031014033726,412.57634673345655,322.70358383678763,577.7499313408988,110.19598543167115
2026-02-17 20:00:00+00:00,2510.79,414.0,461.41,138.74,666.85,142.14,1329.0835082542546,339.73541119178947,429.80059923926274,389.94509118756986,573.8913985824942,111.12584334736522,1167.420260362171,337.94031014033726,412.57634673345655,322.70358383678763,577.7499313408988,110.19598543167115,1167.420260362171,337.94031014033726,412.57634673345655,322.70358383678763,577.7499313408988,110.19598543167115
2026-02-17 21:00:00+00:00,1994.52,414.11,444.44,267.67,632.87,144.88,1307.4122679732068,339.80480846809957,430.52802453136957,397.826826478665,573.8913985824942,111.12584334736522,1167.420260362171,337.94031014033726,412.57634673345655,322.70358383678763,577.7499313408988,110.19598543167115,1167.420260362171,337.94031014033726,412.57634673345655,322.70358383678763,577.7499313408988,110.19598543167115
2026-02-17 22:00:00+00:00,2006.97,414.3,430.65,58.5,633.8,145.67,1288.610037172834,339.83496788836294,431.24903213715515,405.7085617697602,573.8913985824942,111.12584334736522,1167.420260362171,337.94031014033726,412.57634673345655,322.70358383678763,577.7499313408988,110.19598543167115,1167.420260362171,337.94031014033726,412.57634673345655,322.70358383678763,577.7499313408988,110.19598543167115
2026-02-17 23:00:00+00:00,2061.31,412.65,422.54,26.79999,641.73,145.7,1282.5119267488685,339.95652852993277,432.2199994276581,413.59029706085533,573.8913985824942,111.12584334736522,1167.420260362171,337.94031014033726,412.57634673345655,322.70358383678763,577.7499313408988,110.19598543167115,1167.420260362171,337.94031014033726,412.57634673345655,322.70358383678763,577.7499313408988,110.19598543167115
2026-02-18 00:00:00+00:00,1925.69,413.4,415.05,54.049988,660.74,139.84,1278.0691213631412,339.81773379882253,409.14083702269994,232.31038536566658,573.8913985824942,111.12584334736522,1167.420260362171,337.94031014033726,412.57634673345655,322.70358383678763,577.7499313408988,110.19598543167115,1167.420260362171,337.94031014033726,412.57634673345655,322.70358383678763,577.7499313408988,110.19598543167115
2026-02-18 01:00:00+00:00,1768.86,413.37,409.01,6.0799875,712.47,138.52,1283.8784510097823,339.81419479728476,410.0691271935583,240.19212065676174,573.8913985824942,111.12584334736522,1167.420260362171,337.94031014033726,412.57634673345655,322.70358383678763,577.7499313408988,110.19598543167115,1167.420260362171,337.94031014033726,412.57634673345655,322.70358383678763,577.7499313408988,110.19598543167115
2026-02-18 02:00:00+00:00,1679.41,413.77,405.3,25.920015,730.31,137.53,1298.9952625029578,339.95129657643116,411.5538827253189,248.07385594785688,573.8913985824942,111.12584334736522,1167.420260362171,337.94031014033726,412.57634673345655,322.70358383678763,577.7499313408988,110.19598543167115,1167.420260362171,337.94031014033726,412.57634673345655,322.70358383678763,577.7499313408988,110.19598543167115
2026-02-18 03:00:00+00:00,1926.01,414.27,407.52,8.250001,681.75,135.6,1327.1326847722191,340.0696259870526,413.56631781897056,255.95559123895208,573.8913985824942,111.12584334736522,1167.420260362171,337.94031014033726,412.57634673345655,322.70358383678763,577.7499313408988,110.19598543167115,1167.420260362171,337.94031014033726,412.57634673345655,322.70358383678763,577.7499313408988,110.19598543167115
2026-02-18 04:00:00+00:00,2328.0,414.95,419.87,8.869996,768.21,137.6,1369.05940613421,340.1905712602052,415.68189319929564,263.8373265300472,573.8913985824942,111.12584334736522,1167.420260362171,337.94031014033726,412.57634673345655,322.70358383678763,577.7499313408988,110.19598543167115,1167.420260362171,337.94031014033726,412.57634673345655,322.70358383678763,577.7499313408988,110.19598543167115
2026-02-18 05:00:00+00:00,2657.46,414.79,448.42,388.64,751.14,135.56,1429.0685250095219,340.21426798440393,418.1193554783542,271.7190618211424,573.8913985824942,111.12584334736522,1167.420260362171,337.94031014033726,412.57634673345655,322.70358383678763,577.7499313408988,110.19598543167115,1167.420260362171,337.94031014033726,412.57634673345655,322.70358383678763,577.7499313408988,110.19598543167115
2026-02-18 06:00:00+00:00,2652.42,414.71,472.92,948.67,663.47,138.28,1472.711135012027,340.1416392986554,419.75346291629967,279.60079711223756,573.8913985824942,111.12584334736522,1167.420260362171,337.94031014033726,412.57634673345655,322.70358383678763,577.7499313408988,110.19598543167115,1167.420260362171,337.94031014033726,412.57634673345655,322.70358383678763,577.7499313408988,110.19598543167115
2026-02-18 07:00:00+00:00,2650.67,414.58,479.76,813.16,649.27,137.12,1479.204440885288,340.2022657926875,420.6446869120478,287.4825324033327,573.8913985824942,111.12584334736522,1167.420260362171,337.94031014033726,412.57634673345655,322.70358383678763,577.7499313408988,110.19598543167115,1167.420260362171,337.94031014033726,412.57634673345655,322.70358383678763,577.7499313408988,110.19598543167115
2026-02-18 08:00:00+00:00,2671.57,414.31,464.11,878.66,640.5,139.32,1457.8682945608123,339.97930205371875,420.6503099497546,295.3642676944279,573.8913985824942,111.12584334736522,1167.420260362171,337.94031014033726,412.57634673345655,322.70358383678763,577.7499313408988,110.19598543167115,1167.420260362171,337.94031014033726,412.57634673345655,322.70358383678763,577.7499313408988,110.19598543167115
2026-02-18 09:00:00+00:00,2675.71,413.78,434.39,602.94,641.63,140.66,1420.1413892591127,339.7371039095856,420.5250551006503,303.24600298552303,573.8913985824942,111.12584334736522,1167.420260362171,337.94031014033726,412.57634673345655,322.70358383678763,577.7499313408988,110.19598543167115,1167.420260362171,337.94031014033726,412.57634673345655,322.70358383678763,577.7499313408988,110.19598543167115
2026-02-18 10:00:00+00:00,2415.75,410.4,414.2,231.6,626.89,140.08,1377.7137491336873,339.4647462895115,419.6000876431097,311.12773827661823,573.8913985824942,111.12584334736522,1167.420260362171,337.94031014033726,412.57634673345655,322.70358383678763,577.7499313408988,110.19598543167115,1167.420260362171,337.94031014033726,412.57634673345655,322.70358383678763,577.7499313408988,110.19598543167115
2026-02-18 11:00:00+00:00,1824.27,409.35,402.75,100.62999,631.81,141.73,1341.427020619578,339.2831746701136,418.5417156986716,319.00947356771337,573.8913985824942,111.12584334736522,1167.420260362171,337.94031014033726,412.57634673345655,322.70358383678763,577.7499313408988,110.19598543167115,1167.420260362171,337.94031014033726,412.57634673345655,322.70358383678763,577.7499313408988,110.19598543167115
2026-02-18 12:00:00+00:00,1787.62,416.33,393.9,21.500002,627.41,145.44,1321.2635206377909,339.1677690375355,419.7803033432936,326.8912088588085,573.8913985824942,111.12584334736522,1167.420260362171,337.94031014033726,412.57634673345655,322.70358383678763,577.7499313408988,110.19598543167115,1167.420260362171,337.94031014033726,412.57634673345655,322.70358383678763,577.7499313408988,110.19598543167115
2026-02-18 13:00:00+00:00,1798.81,417.17,392.78,0.6000072,624.71,144.38,1328.2773453219122,339.0772908688548,421.3901011230844,334.7729441499037,573.8913985824942,111.12584334736522,1167.420260362171,337.94031014033726,412.57634673345655,322.70358383678763,577.7499313408988,110.19598543167115,1167.420260362171,337.94031014033726,412.57634673345655,322.70358383678763,577.7499313408988,110.19598543167115
2026-02-18 14:00:00+00:00,2077.19,429.71,413.41,3.7099926,626.87,152.05,1343.7620996431071,339.0052776129296,422.9198726770324,342.65467944099885,573.8913985824942,111.12584334736522,1167.420260362171,337.94031014033726,412.57634673345655,322.70358383678763,577.7499313408988,110.19598543167115,1167.420260362171,337.94031014033726,412.57634673345655,322.70358383678763,577.7499313408988,110.19598543167115
2026-02-18 15:00:00+00:00,2515.67,426.88,454.89,944.41,673.16,149.47,1365.3174987691577,339.05682549268835,424.5343090403851,350.53641473209404,573.8913985824942,111.12584334736522,1167.420260362171,337.94031014033726,412.57634673345655,322.70358383678763,577.7499313408988,110.19598543167115,1167.420260362171,337.94031014033726,412.57634673345655,322.70358383678763,577.7499313408988,110.19598543167115
2026-02-18 16:00:00+00:00,2660.01,413.59,493.4,1484.41,673.57,149.4,1379.3037473985046,339.1865416066608,426.2566199587952,358.4181500231892,573.8913985824942,111.12584334736522,1167.420260362171,337.94031014033726,412.57634673345655,322.70358383678763,577.7499313408988,110.19598543167115,1167.420260362171,337.94031014033726,412.57634673345655,322.70358383678763,577.7499313408988,110.19598543167115
2026-02-18 17:00:00+00:00,2676.72,413.48,499.67,1398.14,630.07,147.89,1378.5629343943556,339.28640604598473,427.6211333983349,366.2998853142844,573.8913985824942,111.12584334736522,1167.420260362171,337.94031014033726,412.57634673345655,322.70358383678763,577.7499313408988,110.19598543167115,1167.420260362171,337.94031014033726,412.57634673345655,322.70358383678763,577.7499313408988,110.19598543167115
2026-02-18 18:00:00+00:00,2546.44,413.66,498.09,832.24,625.19,149.55,1355.6796314302496,339.3438011334427,428.37863277514305,374.1816206053795,573.8913985824942,111.12584334736522,1167.420260362171,337.94031014033726,412.57634673345655,322.70358383678763,577.7499313408988,110.19598543167115,1167.420260362171,337.94031014033726,412.57634673345655,322.70358383678763,577.7499313408988,110.19598543167115
2026-02-18 19:00:00+00:00,1991.04,413.67,482.26,130.54,616.7,149.16,1321.5872958400928,339.2951768896689,428.3823914828014,382.06335589647466,573.8913985824942,111.12584334736522,1167.420260362171,337.94031014033726,412.57634673345655,322.70358383678763,577.7499313408988,110.19598543167115,1167.420260362171,337.94031014033726,412.57634673345655,322.70358383678763,577.7499313408988,110.19598543167115
2026-02-18 20:00:00+00:00,1735.69,413.88,461.56,155.41,621.78,142.8,1289.5658971927019,339.2925609685957,428.67725012759684,389.94509118756986,573.8913985824942,111.12584334736522,1167.420260362171,337.94031014033726,412.57634673345655,322.70358383678763,577.7499313408988,110.19598543167115,1167.420260362171,337.94031014033726,412.57634673345655,322.70358383678763,577.7499313408988,110.19598543167115
2026-02-18 21:00:00+00:00,1633.32,414.07,445.68,176.82,615.62,139.04,1275.7995194287564,339.39534901320144,429.29710342218004,397.826826478665,573.8913985824942,111.12584334736522,1167.420260362171,337.94031014033726,412.57634673345655,322.70358383678763,577.7499313408988,110.19598543167115,1167.420260362171,337.94031014033726,412.57634673345655,322.70358383678763,577.7499313408988,110.19598543167115
2026-02-18 22:00:00+00:00,1429.9,414.08,429.86,33.630005,616.01,139.7,1249.9514170209447,339.50429192187613,429.9712868977997,405.7085617697602,573.8913985824942,111.12584334736522,1167.420260362171,337.94031014033726,412.57634673345655,322.70358383678763,577.7499313408988,110.19598543167115,1167.420260362171,337.94031014033726,412.57634673345655,322.70358383678763,577.7499313408988,110.19598543167115
2026-02-18 23:00:00+00:00,1470.64,414.1,419.25,70.270004,625.76,141.14,1232.0192094336367,339.7060215230772,431.02446633468816,413.59029706085533,573.8913985824942,111.12584334736522,1167.420260362171,337.94031014033726,412.57634673345655,322.70358383678763,577.7499313408988,110.19598543167115,1167.420260362171,337.94031014033726,412.57634673345655,322.70358383678763,577.7499313408988,110.19598543167115
2026-02-19 00:00:00+00:00,1704.19,414.22,413.38,51.48999,631.2,140.08,1224.6499555115824,339.7584924861648,408.40161225902034,232.31038536566658,573.8913985824942,111.12584334736522,1167.420260362171,337.94031014033726,412.57634673345655,322.70358383678763,577.7499313408988,110.19598543167115,1167.420260362171,337.94031014033726,412.57634673345655,322.70358383678763,577.7499313408988,110.19598543167115
2026-02-19 01:00:00+00:00,1875.57,414.29,407.28,28.56,629.45,137.31,1226.8501468358977,339.7101758987608,409.0560309695751,240.19212065676174,573.8913985824942,111.12584334736522,1167.420260362171,337.94031014033726,412.57634673345655,322.70358383678763,577.7499313408988,110.19598543167115,1167.420260362171,337.94031014033726,412.57634673345655,322.70358383678763,577.7499313408988,110.19598543167115
2026-02-19 02:00:00+00:00,1894.7,413.7,410.07,11.440003,629.59,136.25,1229.4042331946573,339.7072522656402,409.9921186916224,248.07385594785688,573.8913985824942,111.12584334736522,1167.420260362171,337.94031014033726,412.57634673345655,322.70358383678763,577.7499313408988,110.19598543167115,1167.420260362171,337.94031014033726,412.57634673345655,322.70358383678763,577.7499313408988,110.19598543167115
2026-02-19 03:00:00+00:00,1774.31,411.43,416.47,6.9599924,633.62,137.75,1249.4539764639753,339.75880020107655,411.3404610902444,255.95559123895208,573.8913985824942,111.12584334736522,1167.420260362171,337.94031014033726,412.57634673345655,322.70358383678763,577.7499313408988,110.19598543167115,1167.420260362171,337.94031014033726,412.57634673345655,322.70358383678763,577.7499313408988,110.19598543167115
2026-02-19 04:00:00+00:00,1497.67,414.19,427.81,58.359985,633.54,137.92,1280.576837321697,339.7072522656402,412.9573780234735,263.8373265300472,573.8913985824942,111.12584334736522,1167.420260362171,337.94031014033726,412.57634673345655,322.70358383678763,577.7499313408988,110.19598543167115,1167.420260362171,337.94031014033726,412.57634673345655,322.70358383678763,577.7499313408988,110.19598543167115
2026-02-19 05:00:00+00:00,1421.14,412.51,457.17,179.48,632.54,135.17,1329.8066416913134,339.7017127699884,415.37583238120214,271.7190618211424,573.8913985824942,111.12584334736522,1167.420260362171,337.94031014033726,412.57634673345655,322.70358383678763,577.7499313408988,110.19598543167115,1167.420260362171,337.94031014033726,412.57634673345655,322.70358383678763,577.7499313408988,110.19598543167115
2026-02-19 06:00:00+00:00,1538.65,409.31,485.64,81.34,619.04,144.1,1388.8000493461157,339.76818641317783,417.6505668300834,279.60079711223756,573.8913985824942,111.12584334736522,1167.420260362171,337.94031014033726,412.57634673345655,322.70358383678763,577.7499313408988,110.19598543167115,1167.420260362171,337.94031014033726,412.57634673345655,322.70358383678763,577.7499313408988,110.19598543167115
2026-02-19 07:00:00+00:00,1586.93,412.76,492.19,269.97,624.07,144.82,1403.7216960961018,339.7043286325196,418.9915416822196,287.4825324033327,573.8913985824942,111.12584334736522,1167.420260362171,337.94031014033726,412.57634673345655,322.70358383678763,577.7499313408988,110.19598543167115,1167.420260362171,337.94031014033726,412.57634673345655,322.70358383678763,577.7499313408988,110.19598543167115
2026-02-19 08:00:00+00:00,1722.35,413.41,484.14,372.27,624.21,146.74,1394.5651231940546,339.6047719359462,419.5560138445807,295.3642676944279,573.8913985824942,111.12584334736522,1167.420260362171,337.94031014033726,412.57634673345655,322.70358383678763,577.7499313408988,110.19598543167115,1167.420260362171,337.94031014033726,412.57634673345655,322.70358383678763,577.7499313408988,110.19598543167115
2026-02-19 09:00:00+00:00,1807.06,418.78,456.81,474.55,631.4,146.28,1380.75195400579,339.4747481041977,419.8264174960945,303.24600298552303,573.8913985824942,111.12584334736522,1167.420260362171,337.94031014033726,412.57634673345655,322.70358383678763,577.7499313408988,110.19598543167115,1167.420260362171,337.94031014033726,412.57634673345655,322.70358383678763,577.7499313408988,110.19598543167115
2026-02-19 10:00:00+00:00,1871.0,444.45,432.08,135.65,625.74,148.61,1376.8638243276375,339.30163955503036,420.2078246848107,311.12773827661823,573.8913985824942,111.12584334736522,1167.420260362171,337.94031014033726,412.57634673345655,322.70358383678763,577.7499313408988,110.19598543167115,1167.420260362171,337.94031014033726,412.57634673345655,322.70358383678763,577.7499313408988,110.19598543167115
2026-02-19 11:00:00+00:00,1982.61,413.59,422.04,207.68,623.88,148.73,1368.7303050065511,339.18684932157254,420.4719779089477,319.00947356771337,573.8913985824942,111.12584334736522,1167.420260362171,337.94031014033726,412.57634673345655,322.70358383678763,577.7499313408988,110.19598543167115,1167.420260362171,337.94031014033726,412.57634673345655,322.70358383678763,577.7499313408988,110.19598543167115
2026-02-19 12:00:00+00:00,1912.0,410.8,416.97,53.410004,625.6,150.73,1375.1390285667267,339.50259932116387,422.30014847644765,326.8912088588085,573.8913985824942,111.12584334736522,1167.420260362171,337.94031014033726,412.57634673345655,322.70358383678763,577.7499313408988,110.19598543167115,1167.420260362171,337.94031014033726,412.57634673345655,322.70358383678763,577.7499313408988,110.19598543167115
2026-02-19 13:00:00+00:00,1682.18,415.86,420.88,180.65,625.37,151.34,1358.7524087479314,339.49321304765635,422.9623704110154,334.7729441499037,573.8913985824942,111.12584334736522,1167.420260362171,337.94031014033726,412.57634673345655,322.70358383678763,577.7499313408988,110.19598543167115,1167.420260362171,337.94031014033726,412.57634673345655,322.70358383678763,577.7499313408988,110.19598543167115
2026-02-19 14:00:00+00:00,1473.89,430.22,435.61,425.64,628.01,151.5,1359.3134808222821,339.35703415123857,423.5775940847303,342.65467944099885,573.8913985824942,111.12584334736522,1167.420260362171,337.94031014033726,412.57634673345655,322.70358383678763,577.7499313408988,110.19598543167115,1167.420260362171,337.94031014033726,412.57634673345655,322.70358383678763,577.7499313408988,110.19598543167115
2026-02-19 15:00:00+00:00,1322.23,438.56,475.04,532.69,631.08,143.02,1374.967213523679,339.38196170151673,425.01047289414475,350.53641473209404,573.8913985824942,111.12584334736522,1167.420260362171,337.94031014033726,412.57634673345655,322.70358383678763,577.7499313408988,110.19598543167115,1167.420260362171,337.94031014033726,412.57634673345655,322.70358383678763,577.7499313408988,110.19598543167115
2026-02-19 16:00:00+00:00,1631.78,413.46,509.89,940.42,627.77,142.71,1403.403147988543,339.4698240105305,427.04288928915844,358.4181500231892,573.8913985824942,111.12584334736522,1167.420260362171,337.94031014033726,412.57634673345655,322.70358383678763,577.7499313408988,110.19598543167115,1167.420260362171,337.94031014033726,412.57634673345655,322.70358383678763,577.7499313408988,110.19598543167115
2026-02-19 17:00:00+00:00,1780.46,413.52,515.94,773.93005,625.0,144.34,1419.4411099303748,339.58753796348964,428.7116295207479,366.2998853142844,573.8913985824942,111.12584334736522,1167.420260362171,337.94031014033726,412.57634673345655,322.70358383678763,577.7499313408988,110.19598543167115,1167.420260362171,337.94031014033726,412.57634673345655,322.70358383678763,577.7499313408988,110.19598543167115
2026-02-19 18:00:00+00:00,1782.75,420.16,508.7,299.99,659.83,142.35,1420.7663654690944,339.6261604511192,429.8450970078416,374.1816206053795,573.8913985824942,111.12584334736522,1167.420260362171,337.94031014033726,412.57634673345655,322.70358383678763,577.7499313408988,110.19598543167115,1167.420260362171,337.94031014033726,412.57634673345655,322.70358383678763,577.7499313408988,110.19598543167115
2026-02-19 19:00:00+00:00,1764.74,435.75,488.07,141.76,692.98,140.08,1399.6677550697964,339.6349312948033,430.40055755690724,382.06335589647466,573.8913985824942,111.12584334736522,1167.420260362171,337.94031014033726,412.57634673345655,322.70358383678763,577.7499313408988,110.19598543167115,1167.420260362171,337.94031014033726,412.57634673345655,322.70358383678763,577.7499313408988,110.19598543167115
2026-02-19 20:00:00+00:00,1636.72,441.9,463.78,72.16002,666.77,139.5,1369.560084028241,339.57722849529796,430.73671639825267,389.94509118756986,573.8913985824942,111.12584334736522,1167.420260362171,337.94031014033726,412.57634673345655,322.70358383678763,577.7499313408988,110.19598543167115,1167.420260362171,337.94031014033726,412.57634673345655,322.70358383678763,577.7499313408988,110.19598543167115
2026-02-19 21:00:00+00:00,1595.06,442.01,448.97,118.729996,682.77,141.32,1346.613120956175,339.56814988102445,431.1495171265924,397.826826478665,573.8913985824942,111.12584334736522,1167.420260362171,337.94031014033726,412.57634673345655,322.70358383678763,577.7499313408988,110.19598543167115,1167.420260362171,337.94031014033726,412.57634673345655,322.70358383678763,577.7499313408988,110.19598543167115
2026-02-19 22:00:00+00:00,1257.42,443.22,433.13,137.53,684.71,137.74,1324.0362856501142,339.5953856624387,431.3735631336005,405.7085617697602,573.8913985824942,111.12584334736522,1167.420260362171,337.94031014033726,412.57634673345655,322.70358383678763,577.7499313408988,110.19598543167115,1167.420260362171,337.94031014033726,412.57634673345655,322.70358383678763,577.7499313408988,110.19598543167115
2026-02-19 23:00:00+00:00,940.12,444.66,420.42,62.169983,653.75,134.19,1309.8731724938202,339.6437021941651,431.824159854628,413.59029706085533,573.8913985824942,111.12584334736522,1167.420260362171,337.94031014033726,412.57634673345655,322.70358383678763,577.7499313408988,110.19598543167115,1167.420260362171,337.94031014033726,412.57634673345655,322.70358383678763,577.7499313408988,110.19598543167115
2026-02-20 00:00:00+00:00,930.27,443.63,412.68,142.52,652.53,140.09,1312.8071673182512,339.7918831373766,409.6226105461748,232.31038536566658,573.8913985824942,111.12584334736522,1167.420260362171,337.94031014033726,412.57634673345655,322.70358383678763,577.7499313408988,110.19598543167115,1167.420260362171,337.94031014033726,412.57634673345655,322.70358383678763,577.7499313408988,110.19598543167115
2026-02-20 01:00:00+00:00,931.77,444.77,405.99,57.049988,642.86,143.19,1316.6541992145585,339.96052951243223,410.8941887210717,240.19212065676174,573.8913985824942,111.12584334736522,1167.420260362171,337.94031014033726,412.57634673345655,322.70358383678763,577.7499313408988,110.19598543167115,1167.420260362171,337.94031014033726,412.57634673345655,322.70358383678763,577.7499313408988,110.19598543167115
2026-02-20 02:00:00+00:00,933.89,421.19,409.6,21.480013,634.2,142.07,1327.5647829252748,340.10547916328915,412.5112707984297,248.07385594785688,573.8913985824942,111.12584334736522,1167.420260362171,337.94031014033726,412.57634673345655,322.70358383678763,577.7499313408988,110.19598543167115,1167.420260362171,337.94031014033726,412.57634673345655,322.70358383678763,577.7499313408988,110.19598543167115
2026-02-20 03:00:00+00:00,956.36,412.26,411.8,44.23001,640.21,138.16,1344.01986738776,340.23611848053866,414.27943580644944,255.95559123895208,573.8913985824942,111.12584334736522,1167.420260362171,337.94031014033726,412.57634673345655,322.70358383678763,577.7499313408988,110.19598543167115,1167.420260362171,337.94031014033726,412.57634673345655,322.70358383678763,577.7499313408988,110.19598543167115
2026-02-20 04:00:00+00:00,1133.24,409.92,428.66,39.419983,657.0,136.82,1370.0847066138745,340.29997626119695,416.0637305995243,263.8373265300472,573.8913985824942,111.12584334736522,1167.420260362171,337.94031014033726,412.57634673345655,322.70358383678763,577.7499313408988,110.19598543167115,1167.420260362171,337.94031014033726,412.57634673345655,322.70358383678763,577.7499313408988,110.19598543167115
2026-02-20 05:00:00+00:00,1647.04,412.26,459.91,89.20001,727.11,135.22,1427.2697699130974,340.31228622350267,418.41916812001466,271.7190618211424,573.8913985824942,111.12584334736522,1167.420260362171,337.94031014033726,412.57634673345655,322.70358383678763,577.7499313408988,110.19598543167115,1167.420260362171,337.94031014033726,412.57634673345655,322.70358383678763,577.7499313408988,110.19598543167115
2026-02-20 06:00:00+00:00,1640.89,428.83,496.56,343.7,688.94,137.62,1465.5128560459025,340.2762794813205,420.29850377553964,279.60079711223756,573.8913985824942,111.12584334736522,1167.420260362171,337.94031014033726,412.57634673345655,322.70358383678763,577.7499313408988,110.19598543167115,1167.420260362171,337.94031014033726,412.57634673345655,322.70358383678763,577.7499313408988,110.19598543167115
2026-02-20 07:00:00+00:00,1590.02,446.02,497.52,831.6,694.09,140.38,1470.2827495063768,340.2428887744311,421.4348183247407,287.4825324033327,573.8913985824942,111.12584334736522,1167.420260362171,337.94031014033726,412.57634673345655,322.70358383678763,577.7499313408988,110.19598543167115,1167.420260362171,337.94031014033726,412.57634673345655,322.70358383678763,577.7499313408988,110.19598543167115
2026-02-20 08:00:00+00:00,1544.78,446.0,487.83,431.89,661.69,141.21,1444.961301364987,339.9371405031452,421.0062635131503,295.3642676944279,573.8913985824942,111.12584334736522,1167.420260362171,337.94031014033726,412.57634673345655,322.70358383678763,577.7499313408988,110.19598543167115,1167.420260362171,337.94031014033726,412.57634673345655,322.70358383678763,577.7499313408988,110.19598543167115
2026-02-20 09:00:00+00:00,1612.26,445.26,456.9,439.51,688.54,145.4,1425.4034738675946,339.64308682574784,420.4702576453317,303.24600298552303,573.8913985824942,111.12584334736522,1167.420260362171,337.94031014033726,412.57634673345655,322.70358383678763,577.7499313408988,110.19598543167115,1167.420260362171,337.94031014033726,412.57634673345655,322.70358383678763,577.7499313408988,110.19598543167115
2026-02-20 10:00:00+00:00,1801.02,444.96,427.61,238.11,722.09,145.9,1410.1137046824144,339.36749785764147,420.072156678247,311.12773827661823,573.8913985824942,111.12584334736522,1167.420260362171,337.94031014033726,412.57634673345655,322.70358383678763,577.7499313408988,110.19598543167115,1167.420260362171,337.94031014033726,412.57634673345655,322.70358383678763,577.7499313408988,110.19598543167115
2026-02-20 11:00:00+00:00,1800.79,441.48,416.13,403.37,854.52,143.12,1394.9989678646998,339.0889853734983,419.9080490593619,319.00947356771337,573.8913985824942,111.12584334736522,1167.420260362171,337.94031014033726,412.57634673345655,322.70358383678763,577.7499313408988,110.19598543167115,1167.420260362171,337.94031014033726,412.57634673345655,322.70358383678763,577.7499313408988,110.19598543167115
2026-02-20 12:00:00+00:00,1786.47,425.38,415.2,239.38,727.81,139.06,1395.010864410515,339.17392396014645,420.9466984072984,326.8912088588085,573.8913985824942,111.12584334736522,1167.420260362171,337.94031014033726,412.57634673345655,322.70358383678763,577.7499313408988,110.19598543167115,1167.420260362171,337.94031014033726,412.57634673345655,322.70358383678763,577.7499313408988,110.19598543167115
2026-02-20 13:00:00+00:00,1804.63,425.38,412.82,288.82,737.8,141.97,1388.7614385018144,339.10452665313323,421.50509020412323,334.7729441499037,573.8913985824942,111.12584334736522,1167.420260362171,337.94031014033726,412.57634673345655,322.70358383678763,577.7499313408988,110.19598543167115,1167.420260362171,337.94031014033726,412.57634673345655,322.70358383678763,577.7499313408988,110.19598543167115
2026-02-20 14:00:00+00:00,1809.33,428.56,426.81,405.3,845.03,140.53,1389.4469869454565,339.0082012182114,422.49668064890375,342.65467944099885,573.8913985824942,111.12584334736522,1167.420260362171,337.94031014033726,412.57634673345655,322.70358383678763,577.7499313408988,110.19598543167115,1167.420260362171,337.94031014033726,412.57634673345655,322.70358383678763,577.7499313408988,110.19598543167115
2026-02-20 15:00:00+00:00,1812.61,442.16,464.99,640.49,900.68,143.31,1399.2716941618944,339.01697208973434,423.9286206095354,350.53641473209404,573.8913985824942,111.12584334736522,1167.420260362171,337.94031014033726,412.57634673345655,322.70358383678763,577.7499313408988,110.19598543167115,1167.420260362171,337.94031014033726,412.57634673345655,322.70358383678763,577.7499313408988,110.19598543167115
2026-02-20 16:00:00+00:00,1812.96,442.19,497.9,515.22,878.83,141.3,1413.614289424771,339.15022729448964,425.8505025302295,358.4181500231892,573.8913985824942,111.12584334736522,1167.420260362171,337.94031014033726,412.57634673345655,322.70358383678763,577.7499313408988,110.19598543167115,1167.420260362171,337.94031014033726,412.57634673345655,322.70358383678763,577.7499313408988,110.19598543167115
2026-02-20 17:00:00+00:00,1827.45,439.96,500.84,410.78,814.47,135.94,1406.7961171041434,339.2017751435452,427.1184134646748,366.2998853142844,573.8913985824942,111.12584334736522,1167.420260362171,337.94031014033726,412.57634673345655,322.70358383678763,577.7499313408988,110.19598543167115,1167.420260362171,337.94031014033726,412.57634673345655,322.70358383678763,577.7499313408988,110.19598543167115
2026-02-20 18:00:00+00:00,1662.91,437.51,493.22,87.91,700.18,134.92,1373.7386100217964,339.24424440903044,427.5686348302792,374.1816206053795,573.8913985824942,111.12584334736522,1167.420260362171,337.94031014033726,412.57634673345655,322.70358383678763,577.7499313408988,110.19598543167115,1167.420260362171,337.94031014033726,412.57634673345655,322.70358383678763,577.7499313408988,110.19598543167115
2026-02-20 19:00:00+00:00,1475.27,439.33,474.14,56.200012,669.69,134.08,1325.0397761006632,339.18038662550794,427.52517598725063,382.06335589647466,573.8913985824942,111.12584334736522,1167.420260362171,337.94031014033726,412.57634673345655,322.70358383678763,577.7499313408988,110.19598543167115,1167.420260362171,337.94031014033726,412.57634673345655,322.70358383678763,577.7499313408988,110.19598543167115
2026-02-20 20:00:00+00:00,1324.53,408.27,450.05,41.880005,659.33,131.92,1276.4802393985847,339.1833102586285,427.4974065939321,389.94509118756986,573.8913985824942,111.12584334736522,1167.420260362171,337.94031014033726,412.57634673345655,322.70358383678763,577.7499313408988,110.19598543167115,1167.420260362171,337.94031014033726,412.57634673345655,322.70358383678763,577.7499313408988,110.19598543167115
2026-02-20 21:00:00+00:00,1117.58,355.41,434.33,18.230013,694.78,129.15,1243.4410047832732,339.2017751435452,427.7233489080166,397.826826478665,573.8913985824942,111.12584334736522,1167.420260362171,337.94031014033726,412.57634673345655,322.70358383678763,577.7499313408988,110.19598543167115,1167.420260362171,337.94031014033726,412.57634673345655,322.70358383678763,577.7499313408988,110.19598543167115
2026-02-20 22:00:00+00:00,1107.32,340.26,422.66,4.700013,722.08,131.31,1211.9889271448249,339.2017751435452,427.8958264336908,405.7085617697602,573.8913985824942,111.12584334736522,1167.420260362171,337.94031014033726,412.57634673345655,322.70358383678763,577.7499313408988,110.19598543167115,1167.420260362171,337.94031014033726,412.57634673345655,322.70358383678763,577.7499313408988,110.19598543167115
2026-02-20 23:00:00+00:00,1146.86,324.6,405.03,1.5100108,725.98,132.41,1185.8488194162157,339.1654608035352,428.1148330785041,413.59029706085533,573.8913985824942,111.12584334736522,1167.420260362171,337.94031014033726,412.57634673345655,322.70358383678763,577.7499313408988,110.19598543167115,1167.420260362171,337.94031014033726,412.57634673345655,322.70358383678763,577.7499313408988,110.19598543167115
2026-02-21 00:00:00+00:00,982.51,324.68,397.25,0.19000351,723.38,130.75,1170.0257421111394,339.1320700659427,405.28394413332074,232.31038536566658,573.8913985824942,111.12584334736522,1167.420260362171,337.94031014033726,412.57634673345655,322.70358383678763,577.7499313408988,110.19598543167115,1167.420260362171,337.94031014033726,412.57634673345655,322.70358383678763,577.7499313408988,110.19598543167115
2026-02-21 01:00:00+00:00,771.28,324.82,397.46,3.8699963,668.51,128.68,1155.571486481937,339.0082012182114,405.5128953510579,240.19212065676174,573.8913985824942,111.12584334736522,1167.420260362171,337.94031014033726,412.57634673345655,322.70358383678763,577.7499313408988,110.19598543167115,1167.420260362171,337.94031014033726,412.57634673345655,322.70358383678763,577.7499313408988,110.19598543167115
2026-02-21 02:00:00+00:00,722.7701,324.89,398.01,9.739991,675.92,129.9,1152.0385977934254,338.9718868474983,406.35260918054655,248.07385594785688,573.8913985824942,111.12584334736522,1167.420260362171,337.94031014033726,412.57634673345655,322.70358383678763,577.7499313408988,110.19598543167115,1167.420260362171,337.94031014033726,412.57634673345655,322.70358383678763,577.7499313408988,110.19598543167115
2026-02-21 03:00:00+00:00,652.73,324.68,407.64,0.08999741,644.84,130.63,1155.0525123945288,338.9352648204154,407.0977152714092,255.95559123895208,573.8913985824942,111.12584334736522,1167.420260362171,337.94031014033726,412.57634673345655,322.70358383678763,577.7499313408988,110.19598543167115,1167.420260362171,337.94031014033726,412.57634673345655,322.70358383678763,577.7499313408988,110.19598543167115
2026-02-21 04:00:00+00:00,646.58,324.53,425.48,0.14999497,747.06,129.33,1165.4348139097835,338.8447867102766,407.76892300051423,263.8373265300472,573.8913985824942,111.12584334736522,1167.420260362171,337.94031014033726,412.57634673345655,322.70358383678763,577.7499313408988,110.19598543167115,1167.420260362171,337.94031014033726,412.57634673345655,322.70358383678763,577.7499313408988,110.19598543167115
2026-02-21 05:00:00+00:00,634.8,324.4,455.13,0.19000351,751.67,126.39,1178.6184415349342,338.7935465454296,408.993501601922,271.7190618211424,573.8913985824942,111.12584334736522,1167.420260362171,337.94031014033726,412.57634673345655,322.70358383678763,577.7499313408988,110.19598543167115,1167.420260362171,337.94031014033726,412.57634673345655,322.70358383678763,577.7499313408988,110.19598543167115
2026-02-21 06:00:00+00:00,545.87,324.69,489.15,9.8099985,694.72,122.48,1203.8912587440047,338.9841967512621,410.66253254510025,279.60079711223756,573.8913985824942,111.12584334736522,1167.420260362171,337.94031014033726,412.57634673345655,322.70358383678763,577.7499313408988,110.19598543167115,1167.420260362171,337.94031014033726,412.57634673345655,322.70358383678763,577.7499313408988,110.19598543167115
2026-02-21 07:00:00+00:00,510.27,324.75,493.23,87.91,638.2,122.5,1218.0729886935335,338.8489411416378,411.1442319566018,287.4825324033327,573.8913985824942,111.12584334736522,1167.420260362171,337.94031014033726,412.57634673345655,322.70358383678763,577.7499313408988,110.19598543167115,1167.420260362171,337.94031014033726,412.57634673345655,322.70358383678763,577.7499313408988,110.19598543167115
2026-02-21 08:00:00+00:00,165.80997,299.37,483.92,91.23001,619.43,117.83,1221.5184477292678,338.86479013618447,412.26944913468486,295.3642676944279,573.8913985824942,111.12584334736522,1167.420260362171,337.94031014033726,412.57634673345655,322.70358383678763,577.7499313408988,110.19598543167115,1167.420260362171,337.94031014033726,412.57634673345655,322.70358383678763,577.7499313408988,110.19598543167115
2026-02-21 09:00:00+00:00,191.54996,293.3,448.48,162.6,618.44,116.05,1223.271840565342,338.7649256690217,413.13404269416145,303.24600298552303,573.8913985824942,111.12584334736522,1167.420260362171,337.94031014033726,412.57634673345655,322.70358383678763,577.7499313408988,110.19598543167115,1167.420260362171,337.94031014033726,412.57634673345655,322.70358383678763,577.7499313408988,110.19598543167115
2026-02-21 10:00:00+00:00,197.9299,298.4,424.49,462.09,650.06,116.56,1234.5219502242865,338.77308116926315,414.42535023401655,311.12773827661823,573.8913985824942,111.12584334736522,1167.420260362171,337.94031014033726,412.57634673345655,322.70358383678763,577.7499313408988,110.19598543167115,1167.420260362171,337.94031014033726,412.57634673345655,322.70358383678763,577.7499313408988,110.19598543167115
2026-02-21 11:00:00+00:00,205.15,298.63,404.32,205.07,645.6,117.69,1232.23603070929,338.7938542017994,415.6852425868724,319.00947356771337,573.8913985824942,111.12584334736522,1167.420260362171,337.94031014033726,412.57634673345655,322.70358383678763,577.7499313408988,110.19598543167115,1167.420260362171,337.94031014033726,412.57634673345655,322.70358383678763,577.7499313408988,110.19598543167115
2026-02-21 12:00:00+00:00,200.85007,298.4,397.42,291.76,650.2,117.68,1234.643665796616,338.8230904773276,416.68195405931954,326.8912088588085,573.8913985824942,111.12584334736522,1167.420260362171,337.94031014033726,412.57634673345655,322.70358383678763,577.7499313408988,110.19598543167115,1167.420260362171,337.94031014033726,412.57634673345655,322.70358383678763,577.7499313408988,110.19598543167115
2026-02-21 13:00:00+00:00,200.76993,306.63,410.45,211.95,657.24,118.43,1231.1920333203282,338.7296886755263,417.2990430206342,334.7729441499037,573.8913985824942,111.12584334736522,1167.420260362171,337.94031014033726,412.57634673345655,322.70358383678763,577.7499313408988,110.19598543167115,1167.420260362171,337.94031014033726,412.57634673345655,322.70358383678763,577.7499313408988,110.19598543167115
2026-02-21 14:00:00+00:00,252.03995,334.66,436.8,573.13,642.3,128.67,1234.872327275553,338.6839880620088,418.1709529089315,342.65467944099885,573.8913985824942,111.12584334736522,1167.420260362171,337.94031014033726,412.57634673345655,322.70358383678763,577.7499313408988,110.19598543167115,1167.420260362171,337.94031014033726,412.57634673345655,322.70358383678763,577.7499313408988,110.19598543167115
2026-02-21 15:00:00+00:00,258.02994,352.94,473.89,844.53,645.22,127.84,1250.6358881530557,338.64798143691047,419.2397532355041,350.53641473209404,573.8913985824942,111.12584334736522,1167.420260362171,337.94031014033726,412.57634673345655,322.70358383678763,577.7499313408988,110.19598543167115,1167.420260362171,337.94031014033726,412.57634673345655,322.70358383678763,577.7499313408988,110.19598543167115
2026-02-21 16:00:00+00:00,270.95993,353.17,498.25,1287.83,655.73,128.33,1262.1759852119249,338.6116670801168,420.2812411089368,358.4181500231892,573.8913985824942,111.12584334736522,1167.420260362171,337.94031014033726,412.57634673345655,322.70358383678763,577.7499313408988,110.19598543167115,1167.420260362171,337.94031014033726,412.57634673345655,322.70358383678763,577.7499313408988,110.19598543167115
2026-02-21 17:00:00+00:00,270.89005,353.25,498.66,1326.75,649.5,127.11,1260.6827403373466,338.55457973540933,421.0610856082941,366.2998853142844,573.8913985824942,111.12584334736522,1167.420260362171,337.94031014033726,412.57634673345655,322.70358383678763,577.7499313408988,110.19598543167115,1167.420260362171,337.94031014033726,412.57634673345655,322.70358383678763,577.7499313408988,110.19598543167115
2026-02-21 18:00:00+00:00,265.01004,353.24,487.67,1320.06,659.27,127.63,1244.3812584381155,338.49010649565673,421.3482260945739,374.1816206053795,573.8913985824942,111.12584334736522,1167.420260362171,337.94031014033726,412.57634673345655,322.70358383678763,577.7499313408988,110.19598543167115,1167.420260362171,337.94031014033726,412.57634673345655,322.70358383678763,577.7499313408988,110.19598543167115
2026-02-21 19:00:00+00:00,245.28995,353.34,462.01,773.2101,690.13,128.21,1213.9367012647567,338.4836437439145,421.42574993833335,382.06335589647466,573.8913985824942,111.12584334736522,1167.420260362171,337.94031014033726,412.57634673345655,322.70358383678763,577.7499313408988,110.19598543167115,1167.420260362171,337.94031014033726,412.57634673345655,322.70358383678763,577.7499313408988,110.19598543167115
2026-02-21 20:00:00+00:00,241.11996,353.25,449.04,408.88,649.46,128.37,1198.3643567385539,338.5718137357047,422.3020329729944,389.94509118756986,573.8913985824942,111.12584334736522,1167.420260362171,337.94031014033726,412.57634673345655,322.70358383678763,577.7499313408988,110.19598543167115,1167.420260362171,337.94031014033726,412.57634673345655,322.70358383678763,577.7499313408988,110.19598543167115
2026-02-21 21:00:00+00:00,229.27994,353.38,438.84,479.64,649.8,128.75,1182.5623263594268,338.5999725893927,423.03067581446305,397.826826478665,573.8913985824942,111.12584334736522,1167.420260362171,337.94031014033726,412.57634673345655,322.70358383678763,577.7499313408988,110.19598543167115,1167.420260362171,337.94031014033726,412.57634673345655,322.70358383678763,577.7499313408988,110.19598543167115
2026-02-21 22:00:00+00:00,209.85007,353.66,422.52,199.71,647.78,130.28,1147.445554758464,338.48749044644455,423.0699459715306,405.7085617697602,573.8913985824942,111.12584334736522,1167.420260362171,337.94031014033726,412.57634673345655,322.70358383678763,577.7499313408988,110.19598543167115,1167.420260362171,337.94031014033726,412.57634673345655,322.70358383678763,577.7499313408988,110.19598543167115
2026-02-21 23:00:00+00:00,194.98001,353.71,409.24,29.670015,679.64,129.19,1118.1719789210315,338.3853178873399,423.33173046706315,413.59029706085533,573.8913985824942,111.12584334736522,1167.420260362171,337.94031014033726,412.57634673345655,322.70358383678763,577.7499313408988,110.19598543167115,1167.420260362171,337.94031014033726,412.57634673345655,322.70358383678763,577.7499313408988,110.19598543167115
2026-02-22 00:00:00+00:00,184.8099,344.04,404.88,22.339998,642.72,129.04,1100.3264375507554,338.37916290618705,400.6917056950464,232.31038536566658,573.8913985824942,111.12584334736522,1167.420260362171,337.94031014033726,412.57634673345655,322.70358383678763,577.7499313408988,110.19598543167115,1167.420260362171,337.94031014033726,412.57634673345655,322.70358383678763,577.7499313408988,110.19598543167115
2026-02-22 01:00:00+00:00,173.97006,343.87,406.08,18.230013,643.53,128.25,1086.2516059893715,338.3999360111846,401.4726726332909,240.19212065676174,573.8913985824942,111.12584334736522,1167.420260362171,337.94031014033726,412.57634673345655,322.70358383678763,577.7499313408988,110.19598543167115,1167.420260362171,337.94031014033726,412.57634673345655,322.70358383678763,577.7499313408988,110.19598543167115
2026-02-22 02:00:00+00:00,169.29001,343.82,407.76,0.29000962,645.0,127.43,1088.6372752787752,338.46056247737795,402.6500854420174,248.07385594785688,573.8913985824942,111.12584334736522,1167.420260362171,337.94031014033726,412.57634673345655,322.70358383678763,577.7499313408988,110.19598543167115,1167.420260362171,337.94031014033726,412.57634673345655,322.70358383678763,577.7499313408988,110.19598543167115
2026-02-22 03:00:00+00:00,172.41,343.87,413.16,11.730012,647.72,127.13,1093.7844023530645,338.47256472477204,403.85182620258945,255.95559123895208,573.8913985824942,111.12584334736522,1167.420260362171,337.94031014033726,412.57634673345655,322.70358383678763,577.7499313408988,110.19598543167115,1167.420260362171,337.94031014033726,412.57634673345655,322.70358383678763,577.7499313408988,110.19598543167115
2026-02-22 04:00:00+00:00,169.61996,343.67,425.12,0.14999497,651.22,127.01,1099.7915060337903,338.4482525150722,404.8942117400399,263.8373265300472,573.8913985824942,111.12584334736522,1167.420260362171,337.94031014033726,412.57634673345655,322.70358383678763,577.7499313408988,110.19598543167115,1167.420260362171,337.94031014033726,412.57634673345655,322.70358383678763,577.7499313408988,110.19598543167115
2026-02-22 05:00:00+00:00,170.22,346.22,447.18,12.609986,709.5,126.71,1084.8332179093331,338.4090145697804,405.7023051972655,271.7190618211424,573.8913985824942,111.12584334736522,1167.420260362171,337.94031014033726,412.57634673345655,322.70358383678763,577.7499313408988,110.19598543167115,1167.420260362171,337.94031014033726,412.57634673345655,322.70358383678763,577.7499313408988,110.19598543167115
2026-02-22 06:00:00+00:00,177.55002,355.31,476.12,15.440003,755.92,128.09,1096.2630088356573,338.4210168310939,407.0673969923044,279.60079711223756,573.8913985824942,111.12584334736522,1167.420260362171,337.94031014033726,412.57634673345655,322.70358383678763,577.7499313408988,110.19598543167115,1167.420260362171,337.94031014033726,412.57634673345655,322.70358383678763,577.7499313408988,110.19598543167115
2026-02-22 07:00:00+00:00,189.75998,355.63,479.62,3.2000134,696.39,130.67,1107.6033689986398,338.36716074660586,407.98738543937947,287.4825324033327,573.8913985824942,111.12584334736522,1167.420260362171,337.94031014033726,412.57634673345655,322.70358383678763,577.7499313408988,110.19598543167115,1167.420260362171,337.94031014033726,412.57634673345655,322.70358383678763,577.7499313408988,110.19598543167115
2026-02-22 08:00:00+00:00,200.32999,355.58,472.51,1.8299876,695.37,129.99,1111.224958398139,338.30099472212333,408.6264868838917,295.3642676944279,573.8913985824942,111.12584334736522,1167.420260362171,337.94031014033726,412.57634673345655,322.70358383678763,577.7499313408988,110.19598543167115,1167.420260362171,337.94031014033726,412.57634673345655,322.70358383678763,577.7499313408988,110.19598543167115
2026-02-22 09:00:00+00:00,206.47995,355.18,435.21,1.1199962,669.23,128.72,1102.5690190994876,338.2348286906811,409.08316011200645,303.24600298552303,573.8913985824942,111.12584334736522,1167.420260362171,337.94031014033726,412.57634673345655,322.70358383678763,577.7499313408988,110.19598543167115,1167.420260362171,337.94031014033726,412.57634673345655,322.70358383678763,577.7499313408988,110.19598543167115
2026-02-22 10:00:00+00:00,217.32993,354.55,422.77,4.369996,716.24,129.2,1099.9804776217497,338.19820659952876,409.51589926585467,311.12773827661823,573.8913985824942,111.12584334736522,1167.420260362171,337.94031014033726,412.57634673345655,322.70358383678763,577.7499313408988,110.19598543167115,1167.420260362171,337.94031014033726,412.57634673345655,322.70358383678763,577.7499313408988,110.19598543167115
2026-02-22 11:00:00+00:00,217.34995,355.03,413.01,1.7699901,712.03,129.22,1091.1927164763276,338.1346564890592,410.1934434611215,319.00947356771337,573.8913985824942,111.12584334736522,1167.420260362171,337.94031014033726,412.57634673345655,322.70358383678763,577.7499313408988,110.19598543167115,1167.420260362171,337.94031014033726,412.57634673345655,322.70358383678763,577.7499313408988,110.19598543167115
2026-02-22 12:00:00+00:00,213.93997,350.75,413.59,2.4299939,682.57,128.73,1095.02728192329,338.2880694053198,411.532226256688,326.8912088588085,573.8913985824942,111.12584334736522,1167.420260362171,337.94031014033726,412.57634673345655,322.70358383678763,577.7499313408988,110.19598543167115,1167.420260362171,337.94031014033726,412.57634673345655,322.70358383678763,577.7499313408988,110.19598543167115
2026-02-22 13:00:00+00:00,222.67001,350.5,418.67,2.3599865,721.75,127.48,1089.0503635562077,338.11357573229606,412.23659310051477,334.7729441499037,573.8913985824942,111.12584334736522,1167.420260362171,337.94031014033726,412.57634673345655,322.70358383678763,577.7499313408988,110.19598543167115,1167.420260362171,337.94031014033726,412.57634673345655,322.70358383678763,577.7499313408988,110.19598543167115
2026-02-22 14:00:00+00:00,226.66,351.93,436.32,35.450012,711.56,128.44,1112.0490077762638,338.03063760128254,413.46422513949045,342.65467944099885,573.8913985824942,111.12584334736522,1167.420260362171,337.94031014033726,412.57634673345655,322.70358383678763,577.7499313408988,110.19598543167115,1167.420260362171,337.94031014033726,412.57634673345655,322.70358383678763,577.7499313408988,110.19598543167115
2026-02-22 15:00:00+00:00,232.93991,346.0,461.82,70.76999,694.4,127.99,1138.7118093301758,337.997862355209,414.9380545331684,350.53641473209404,573.8913985824942,111.12584334736522,1167.420260362171,337.94031014033726,412.57634673345655,322.70358383678763,577.7499313408988,110.19598543167115,1167.420260362171,337.94031014033726,412.57634673345655,322.70358383678763,577.7499313408988,110.19598543167115
2026-02-22 16:00:00+00:00,248.13998,345.84,488.17,666.19,729.41,127.27,1170.3745966783933,338.00694097307104,416.95824368626245,358.4181500231892,573.8913985824942,111.12584334736522,1167.420260362171,337.94031014033726,412.57634673345655,322.70358383678763,577.7499313408988,110.19598543167115,1167.420260362171,337.94031014033726,412.57634673345655,322.70358383678763,577.7499313408988,110.19598543167115
2026-02-22 17:00:00+00:00,246.06998,345.75,496.3,844.91,671.66,125.73,1180.5383436839059,338.127578430821,418.5525733141123,366.2998853142844,573.8913985824942,111.12584334736522,1167.420260362171,337.94031014033726,412.57634673345655,322.70358383678763,577.7499313408988,110.19598543167115,1167.420260362171,337.94031014033726,412.57634673345655,322.70358383678763,577.7499313408988,110.19598543167115
2026-02-22 18:00:00+00:00,240.92001,345.86,488.45,664.73,636.16,126.77,1181.407842771912,338.1178844585699,419.2050810429363,374.1816206053795,573.8913985824942,111.12584334736522,1167.420260362171,337.94031014033726,412.57634673345655,322.70358383678763,577.7499313408988,110.19598543167115,1167.420260362171,337.94031014033726,412.57634673345655,322.70358383678763,577.7499313408988,110.19598543167115
2026-02-22 19:00:00+00:00,227.34995,345.86,468.91,323.66,619.77,127.27,1172.4520517331564,338.12142344966816,419.85280091914217,382.06335589647466,573.8913985824942,111.12584334736522,1167.420260362171,337.94031014033726,412.57634673345655,322.70358383678763,577.7499313408988,110.19598543167115,1167.420260362171,337.94031014033726,412.57634673345655,322.70358383678763,577.7499313408988,110.19598543167115
2026-02-22 20:00:00+00:00,230.65994,345.77,450.36,140.08,607.92,127.86,1178.4312966659727,338.19466755050416,420.8899888157132,389.94509118756986,573.8913985824942,111.12584334736522,1167.420260362171,337.94031014033726,412.57634673345655,322.70358383678763,577.7499313408988,110.19598543167115,1167.420260362171,337.94031014033726,412.57634673345655,322.70358383678763,577.7499313408988,110.19598543167115
2026-02-22 21:00:00+00:00,215.71005,346.09,435.27,312.6,617.09,127.78,1164.4716294220593,338.2663731138289,422.03495683682206,397.826826478665,573.8913985824942,111.12584334736522,1167.420260362171,337.94031014033726,412.57634673345655,322.70358383678763,577.7499313408988,110.19598543167115,1167.420260362171,337.94031014033726,412.57634673345655,322.70358383678763,577.7499313408988,110.19598543167115
2026-02-22 22:00:00+00:00,195.25998,338.89,418.9,47.179993,612.81,130.36,1136.4643810671596,338.27545173506206,422.7114465881351,405.7085617697602,573.8913985824942,111.12584334736522,1167.420260362171,337.94031014033726,412.57634673345655,322.70358383678763,577.7499313408988,110.19598543167115,1167.420260362171,337.94031014033726,412.57634673345655,322.70358383678763,577.7499313408988,110.19598543167115
2026-02-22 23:00:00+00:00,176.15994,333.28,405.28,0.29000962,629.04,129.02,1119.028863245364,338.3056111692448,423.5422040295133,413.59029706085533,573.8913985824942,111.12584334736522,1167.420260362171,337.94031014033726,412.57634673345655,322.70358383678763,577.7499313408988,110.19598543167115,1167.420260362171,337.94031014033726,412.57634673345655,322.70358383678763,577.7499313408988,110.19598543167115
2026-02-23 00:00:00+00:00,172.95993,325.29,397.39,20.679995,629.39,127.0,1105.8555593547585,338.36331392699196,400.903689235024,232.31038536566658,573.8913985824942,111.12584334736522,1167.420260362171,337.94031014033726,412.57634673345655,322.70358383678763,577.7499313408988,110.19598543167115,1167.420260362171,337.94031014033726,412.57634673345655,322.70358383678763,577.7499313408988,110.19598543167115
2026-02-23 01:00:00+00:00,277.99997,325.22,397.42,66.57001,628.57,127.15,1109.8516483044434,338.2851457652395,401.66962893664794,240.19212065676174,573.8913985824942,111.12584334736522,1167.420260362171,337.94031014033726,412.57634673345655,322.70358383678763,577.7499313408988,110.19598543167115,1167.420260362171,337.94031014033726,412.57634673345655,322.70358383678763,577.7499313408988,110.19598543167115
2026-02-23 02:00:00+00:00,422.98996,325.15,397.49,63.190002,625.85,126.34,1125.5089488928515,338.31884419400035,402.9709902245776,248.07385594785688,573.8913985824942,111.12584334736522,1167.420260362171,337.94031014033726,412.57634673345655,322.70358383678763,577.7499313408988,110.19598543167115,1167.420260362171,337.94031014033726,412.57634673345655,322.70358383678763,577.7499313408988,110.19598543167115
2026-02-23 03:00:00+00:00,519.52,341.18,402.11,122.09,628.65,126.86,1142.7270035684294,338.4125536884021,404.4449728588836,255.95559123895208,573.8913985824942,111.12584334736522,1167.420260362171,337.94031014033726,412.57634673345655,322.70358383678763,577.7499313408988,110.19598543167115,1167.420260362171,337.94031014033726,412.57634673345655,322.70358383678763,577.7499313408988,110.19598543167115
2026-02-23 04:00:00+00:00,499.77,348.55,414.32,5.6600046,627.93,126.62,1177.00290378025,338.3914728684928,406.2582809949137,263.8373265300472,573.8913985824942,111.12584334736522,1167.420260362171,337.94031014033726,412.57634673345655,322.70358383678763,577.7499313408988,110.19598543167115,1167.420260362171,337.94031014033726,412.57634673345655,322.70358383678763,577.7499313408988,110.19598543167115
2026-02-23 05:00:00+00:00,513.25,353.93,441.09,106.87001,620.24,128.66,1232.7705436681279,338.3940887449435,409.22005473241563,271.7190618211424,573.8913985824942,111.12584334736522,1167.420260362171,337.94031014033726,412.57634673345655,322.70358383678763,577.7499313408988,110.19598543167115,1167.420260362171,337.94031014033726,412.57634673345655,322.70358383678763,577.7499313408988,110.19598543167115
2026-02-23 06:00:00+00:00,548.32,353.71,474.44,485.1,629.5,130.7,1273.2845456692403,338.4330190924074,411.26511590685243,279.60079711223756,573.8913985824942,111.12584334736522,1167.420260362171,337.94031014033726,412.57634673345655,322.70358383678763,577.7499313408988,110.19598543167115,1167.420260362171,337.94031014033726,412.57634673345655,322.70358383678763,577.7499313408988,110.19598543167115
2026-02-23 07:00:00+00:00,561.19,318.43,481.02,690.73,631.56,121.17,1270.6588752813495,338.397012378064,411.96056464743225,287.4825324033327,573.8913985824942,111.12584334736522,1167.420260362171,337.94031014033726,412.57634673345655,322.70358383678763,577.7499313408988,110.19598543167115,1167.420260362171,337.94031014033726,412.57634673345655,322.70358383678763,577.7499313408988,110.19598543167115
2026-02-23 08:00:00+00:00,565.32,293.02,460.7,397.59,623.97,116.34,1240.652134872085,338.3159205539201,411.9562441144302,295.3642676944279,573.8913985824942,111.12584334736522,1167.420260362171,337.94031014033726,412.57634673345655,322.70358383678763,577.7499313408988,110.19598543167115,1167.420260362171,337.94031014033726,412.57634673345655,322.70358383678763,577.7499313408988,110.19598543167115
2026-02-23 09:00:00+00:00,548.72,298.71,430.13,53.5,632.73,117.26,1206.2196571385361,338.23713685917977,411.677684593744,303.24600298552303,573.8913985824942,111.12584334736522,1167.420260362171,337.94031014033726,412.57634673345655,322.70358383678763,577.7499313408988,110.19598543167115,1167.420260362171,337.94031014033726,412.57634673345655,322.70358383678763,577.7499313408988,110.19598543167115
2026-02-23 10:00:00+00:00,544.58,357.06,412.9,96.69,628.82,117.67,1171.4818253541644,337.95246943047243,411.0774401968874,311.12773827661823,573.8913985824942,111.12584334736522,1167.420260362171,337.94031014033726,412.57634673345655,322.70358383678763,577.7499313408988,110.19598543167115,1167.420260362171,337.94031014033726,412.57634673345655,322.70358383678763,577.7499313408988,110.19598543167115
2026-02-23 11:00:00+00:00,534.9,368.35,391.65,136.54,631.94,118.81,1154.48969217152,337.8101356755132,411.05491218883554,319.00947356771337,573.8913985824942,111.12584334736522,1167.420260362171,337.94031014033726,412.57634673345655,322.70358383678763,577.7499313408988,110.19598543167115,1167.420260362171,337.94031014033726,412.57634673345655,322.70358383678763,577.7499313408988,110.19598543167115
2026-02-23 12:00:00+00:00,529.36,371.5,385.8,13.889985,640.97,119.32,1142.7624934613582,337.770282250964,411.74325320108164,326.8912088588085,573.8913985824942,111.12584334736522,1167.420260362171,337.94031014033726,412.57634673345655,322.70358383678763,577.7499313408988,110.19598543167115,1167.420260362171,337.94031014033726,412.57634673345655,322.70358383678763,577.7499313408988,110.19598543167115
2026-02-23 13:00:00+00:00,363.08,399.52,386.47,0.11999619,630.84,130.23,1131.5381440189483,337.6888827408212,412.2789457467559,334.7729441499037,573.8913985824942,111.12584334736522,1167.420260362171,337.94031014033726,412.57634673345655,322.70358383678763,577.7499313408988,110.19598543167115,1167.420260362171,337.94031014033726,412.57634673345655,322.70358383678763,577.7499313408988,110.19598543167115
2026-02-23 14:00:00+00:00,312.33,399.15,396.66,60.76999,633.21,132.95,1161.8374123010562,337.80921260592464,413.82217190771667,342.65467944099885,573.8913985824942,111.12584334736522,1167.420260362171,337.94031014033726,412.57634673345655,322.70358383678763,577.7499313408988,110.19598543167115,1167.420260362171,337.94031014033726,412.57634673345655,322.70358383678763,577.7499313408988,110.19598543167115
2026-02-23 15:00:00+00:00,322.85995,432.54,435.71,181.2,639.48,132.16,1213.7556820309264,337.83060107255875,416.3039871925592,350.53641473209404,573.8913985824942,111.12584334736522,1167.420260362171,337.94031014033726,412.57634673345655,322.70358383678763,577.7499313408988,110.19598543167115,1167.420260362171,337.94031014033726,412.57634673345655,322.70358383678763,577.7499313408988,110.19598543167115
2026-02-23 16:00:00+00:00,337.68997,425.38,485.48,345.04,631.94,129.56,1268.6049713885493,337.90938466759485,418.8612844658734,358.4181500231892,573.8913985824942,111.12584334736522,1167.420260362171,337.94031014033726,412.57634673345655,322.70358383678763,577.7499313408988,110.19598543167115,1167.420260362171,337.94031014033726,412.57634673345655,322.70358383678763,577.7499313408988,110.19598543167115
2026-02-23 17:00:00+00:00,498.87997,411.43,499.79,326.95,632.85,128.59,1285.2825647398176,338.0364848188058,420.7560635245894,366.2998853142844,573.8913985824942,111.12584334736522,1167.420260362171,337.94031014033726,412.57634673345655,322.70358383678763,577.7499313408988,110.19598543167115,1167.420260362171,337.94031014033726,412.57634673345655,322.70358383678763,577.7499313408988,110.19598543167115
2026-02-23 18:00:00+00:00,473.33,422.16,494.4,392.97,644.79,129.3,1273.9449721297487,338.0663365540942,421.61713079955763,374.1816206053795,573.8913985824942,111.12584334736522,1167.420260362171,337.94031014033726,412.57634673345655,322.70358383678763,577.7499313408988,110.19598543167115,1167.420260362171,337.94031014033726,412.57634673345655,322.70358383678763,577.7499313408988,110.19598543167115
2026-02-23 19:00:00+00:00,452.09,424.37,478.16,190.38,618.28,129.03,1256.068585060281,338.1762027094939,422.3560227268465,382.06335589647466,573.8913985824942,111.12584334736522,1167.420260362171,337.94031014033726,412.57634673345655,322.70358383678763,577.7499313408988,110.19598543167115,1167.420260362171,337.94031014033726,412.57634673345655,322.70358383678763,577.7499313408988,110.19598543167115
2026-02-23 20:00:00+00:00,445.79996,424.88,457.32,182.57,622.13,130.24,1233.2086394134851,338.2335978422904,422.84123751174053,389.94509118756986,573.8913985824942,111.12584334736522,1167.420260362171,337.94031014033726,412.57634673345655,322.70358383678763,577.7499313408988,110.19598543167115,1167.420260362171,337.94031014033726,412.57634673345655,322.70358383678763,577.7499313408988,110.19598543167115
2026-02-23 21:00:00+00:00,411.38998,425.07,441.74,145.54,613.02,130.09,1212.5832311819922,338.26960446186115,423.1386573803267,397.826826478665,573.8913985824942,111.12584334736522,1167.420260362171,337.94031014033726,412.57634673345655,322.70358383678763,577.7499313408988,110.19598543167115,1167.420260362171,337.94031014033726,412.57634673345655,322.70358383678763,577.7499313408988,110.19598543167115
2026-02-23 22:00:00+00:00,377.42996,414.81,423.91,32.549988,611.25,131.14,1195.9366038444475,338.260525840628,423.31244388946754,405.7085617697602,573.8913985824942,111.12584334736522,1167.420260362171,337.94031014033726,412.57634673345655,322.70358383678763,577.7499313408988,110.19598543167115,1167.420260362171,337.94031014033726,412.57634673345655,322.70358383678763,577.7499313408988,110.19598543167115
2026-02-23 23:00:00+00:00,363.12997,412.4,413.28,364.07,618.8,132.58,1196.123675911121,338.260525840628,423.94230394969014,413.59029706085533,573.8913985824942,111.12584334736522,1167.420260362171,337.94031014033726,412.57634673345655,322.70358383678763,577.7499313408988,110.19598543167115,1167.420260362171,337.94031014033726,412.57634673345655,322.70358383678763,577.7499313408988,110.19598543167115
2026-02-24 00:00:00+00:00,526.37,397.08,404.74,598.37,664.59,130.33,1201.8691409451092,338.40024372609633,401.9526790520018,232.31038536566658,573.8913985824942,111.12584334736522,1167.420260362171,337.94031014033726,412.57634673345655,322.70358383678763,577.7499313408988,110.19598543167115,1167.420260362171,337.94031014033726,412.57634673345655,322.70358383678763,577.7499313408988,110.19598543167115
2026-02-24 01:00:00+00:00,859.47,394.96,397.02,293.32,652.97,129.28,1214.5823660698993,338.48749044644455,403.5642025396565,240.19212065676174,573.8913985824942,111.12584334736522,1167.420260362171,337.94031014033726,412.57634673345655,322.70358383678763,577.7499313408988,110.19598543167115,1167.420260362171,337.94031014033726,412.57634673345655,322.70358383678763,577.7499313408988,110.19598543167115
2026-02-24 02:00:00+00:00,1308.2,394.56,397.72,340.78,670.9,128.76,1232.1743822950955,338.514418532595,405.1760775226115,248.07385594785688,573.8913985824942,111.12584334736522,1167.420260362171,337.94031014033726,412.57634673345655,322.70358383678763,577.7499313408988,110.19598543167115,1167.420260362171,337.94031014033726,412.57634673345655,322.70358383678763,577.7499313408988,110.19598543167115
2026-02-24 03:00:00+00:00,1603.33,394.45,403.67,231.94,645.47,128.73,1248.9829948196834,338.5387306391304,406.7588017333142,255.95559123895208,573.8913985824942,111.12584334736522,1167.420260362171,337.94031014033726,412.57634673345655,322.70358383678763,577.7499313408988,110.19598543167115,1167.420260362171,337.94031014033726,412.57634673345655,322.70358383678763,577.7499313408988,110.19598543167115
2026-02-24 04:00:00+00:00,2264.66,396.83,418.94,394.73,655.05,127.48,1273.753820665341,338.535499408182,408.40660048547545,263.8373265300472,573.8913985824942,111.12584334736522,1167.420260362171,337.94031014033726,412.57634673345655,322.70358383678763,577.7499313408988,110.19598543167115,1167.420260362171,337.94031014033726,412.57634673345655,322.70358383678763,577.7499313408988,110.19598543167115
2026-02-24 05:00:00+00:00,2609.21,403.93,443.56,925.75,658.25,127.27,1344.9144556263834,338.4991849928463,410.54880431179373,271.7190618211424,573.8913985824942,111.12584334736522,1167.420260362171,337.94031014033726,412.57634673345655,322.70358383678763,577.7499313408988,110.19598543167115,1167.420260362171,337.94031014033726,412.57634673345655,322.70358383678763,577.7499313408988,110.19598543167115
2026-02-24 06:00:00+00:00,2735.72,420.24,475.75,1378.59,727.83,127.49,1396.5149061409354,338.54457790537157,412.6855878760344,279.60079711223756,573.8913985824942,111.12584334736522,1167.420260362171,337.94031014033726,412.57634673345655,322.70358383678763,577.7499313408988,110.19598543167115,1167.420260362171,337.94031014033726,412.57634673345655,322.70358383678763,577.7499313408988,110.19598543167115
2026-02-24 07:00:00+00:00,2680.61,448.73,476.7,1170.38,665.38,194.6,1408.46818823198,338.5442702657855,414.0814129550965,287.4825324033327,573.8913985824942,111.12584334736522,1167.420260362171,337.94031014033726,412.57634673345655,322.70358383678763,577.7499313408988,110.19598543167115,1167.420260362171,337.94031014033726,412.57634673345655,322.70358383678763,577.7499313408988,110.19598543167115
2026-02-24 08:00:00+00:00,2640.47,473.79,457.18,1043.41,652.48,140.5,1395.121664236919,338.5231894458762,414.7509470723347,295.3642676944279,573.8913985824942,111.12584334736522,1167.420260362171,337.94031014033726,412.57634673345655,322.70358383678763,577.7499313408988,110.19598543167115,1167.420260362171,337.94031014033726,412.57634673345655,322.70358383678763,577.7499313408988,110.19598543167115
2026-02-24 09:00:00+00:00,2738.06,423.29,429.93,446.33,648.6,119.74,1383.3330137368544,338.39255017468133,415.1916392894908,303.24600298552303,573.8913985824942,111.12584334736522,1167.420260362171,337.94031014033726,412.57634673345655,322.70358383678763,577.7499313408988,110.19598543167115,1167.420260362171,337.94031014033726,412.57634673345655,322.70358383678763,577.7499313408988,110.19598543167115
2026-02-24 10:00:00+00:00,2495.07,429.73,408.16,304.73,644.14,117.59,1355.0034320351674,338.33638595792536,415.4019336421505,311.12773827661823,573.8913985824942,111.12584334736522,1167.420260362171,337.94031014033726,412.57634673345655,322.70358383678763,577.7499313408988,110.19598543167115,1167.420260362171,337.94031014033726,412.57634673345655,322.70358383678763,577.7499313408988,110.19598543167115
2026-02-24 11:00:00+00:00,2126.44,432.48,398.87,73.42999,634.48,118.99,1347.344486915617,338.23590600382937,415.7738213585633,319.00947356771337,573.8913985824942,111.12584334736522,1167.420260362171,337.94031014033726,412.57634673345655,322.70358383678763,577.7499313408988,110.19598543167115,1167.420260362171,337.94031014033726,412.57634673345655,322.70358383678763,577.7499313408988,110.19598543167115
2026-02-24 12:00:00+00:00,2100.04,432.38,391.65,123.30002,630.31,117.68,1349.5417866479243,338.1512751383366,416.67669123761027,326.8912088588085,573.8913985824942,111.12584334736522,1167.420260362171,337.94031014033726,412.57634673345655,322.70358383678763,577.7499313408988,110.19598543167115,1167.420260362171,337.94031014033726,412.57634673345655,322.70358383678763,577.7499313408988,110.19598543167115
2026-02-24 13:00:00+00:00,2679.74,434.93,401.52,92.42999,630.99,135.73,1352.22131014569,338.02417497358385,417.4483150888126,334.7729441499037,573.8913985824942,111.12584334736522,1167.420260362171,337.94031014033726,412.57634673345655,322.70358383678763,577.7499313408988,110.19598543167115,1167.420260362171,337.94031014033726,412.57634673345655,322.70358383678763,577.7499313408988,110.19598543167115
2026-02-24 14:00:00+00:00,2837.77,441.35,420.55,377.22,631.55,138.99,1362.3568881258036,337.93369689056783,418.47894660201615,342.65467944099885,573.8913985824942,111.12584334736522,1167.420260362171,337.94031014033726,412.57634673345655,322.70358383678763,577.7499313408988,110.19598543167115,1167.420260362171,337.94031014033726,412.57634673345655,322.70358383678763,577.7499313408988,110.19598543167115
2026-02-24 15:00:00+00:00,2844.04,426.16,445.38,769.25,634.31,145.47,1374.523570831699,337.84875825787606,419.4631763839713,350.53641473209404,573.8913985824942,111.12584334736522,1167.420260362171,337.94031014033726,412.57634673345655,322.70358383678763,577.7499313408988,110.19598543167115,1167.420260362171,337.94031014033726,412.57634673345655,322.70358383678763,577.7499313408988,110.19598543167115
2026-02-24 16:00:00+00:00,2872.62,424.62,484.44,1061.44,726.0,144.68,1401.522916963538,337.9155396514919,421.3236413736163,358.4181500231892,573.8913985824942,111.12584334736522,1167.420260362171,337.94031014033726,412.57634673345655,322.70358383678763,577.7499313408988,110.19598543167115,1167.420260362171,337.94031014033726,412.57634673345655,322.70358383678763,577.7499313408988,110.19598543167115
2026-02-24 17:00:00+00:00,2862.53,407.06,499.58,1057.29,740.5,123.42,1417.0802392262124,338.18558903171936,423.35558866282526,366.2998853142844,573.8913985824942,111.12584334736522,1167.420260362171,337.94031014033726,412.57634673345655,322.70358383678763,577.7499313408988,110.19598543167115,1167.420260362171,337.94031014033726,412.57634673345655,322.70358383678763,577.7499313408988,110.19598543167115
2026-02-24 18:00:00+00:00,2829.8,405.4,493.86,962.19,766.44,126.45,1411.7392974278862,338.3223831816187,424.43864740919787,374.1816206053795,573.8913985824942,111.12584334736522,1167.420260362171,337.94031014033726,412.57634673345655,322.70358383678763,577.7499313408988,110.19598543167115,1167.420260362171,337.94031014033726,412.57634673345655,322.70358383678763,577.7499313408988,110.19598543167115
2026-02-24 19:00:00+00:00,2777.96,438.12,476.04,882.15,686.3,131.03,1386.8680088471924,338.2740666290132,424.6849785650826,382.06335589647466,573.8913985824942,111.12584334736522,1167.420260362171,337.94031014033726,412.57634673345655,322.70358383678763,577.7499313408988,110.19598543167115,1167.420260362171,337.94031014033726,412.57634673345655,322.70358383678763,577.7499313408988,110.19598543167115
2026-02-24 20:00:00+00:00,2284.62,438.52,451.59,676.27,656.53,129.11,1360.5538008001263,338.3703919998656,425.30842004591847,389.94509118756986,573.8913985824942,111.12584334736522,1167.420260362171,337.94031014033726,412.57634673345655,322.70358383678763,577.7499313408988,110.19598543167115,1167.420260362171,337.94031014033726,412.57634673345655,322.70358383678763,577.7499313408988,110.19598543167115
2026-02-24 21:00:00+00:00,1768.05,441.65,440.3,931.29,709.32,131.24,1333.569988283805,338.56488906154266,426.30624769247623,397.826826478665,573.8913985824942,111.12584334736522,1167.420260362171,337.94031014033726,412.57634673345655,322.70358383678763,577.7499313408988,110.19598543167115,1167.420260362171,337.94031014033726,412.57634673345655,322.70358383678763,577.7499313408988,110.19598543167115
2026-02-24 22:00:00+00:00,1699.86,445.19,422.55,364.53,637.07,131.03,1312.5613495087919,338.6492122629899,427.12270725793775,405.7085617697602,573.8913985824942,111.12584334736522,1167.420260362171,337.94031014033726,412.57634673345655,322.70358383678763,577.7499313408988,110.19598543167115,1167.420260362171,337.94031014033726,412.57634673345655,322.70358383678763,577.7499313408988,110.19598543167115
2026-02-24 23:00:00+00:00,1571.56,445.32,405.09,435.58,646.04,130.82,1291.4195195354953,338.7326123086469,427.97512189000514,413.59029706085533,573.8913985824942,111.12584334736522,1167.420260362171,337.94031014033726,412.57634673345655,322.70358383678763,577.7499313408988,110.19598543167115,1167.420260362171,337.94031014033726,412.57634673345655,322.70358383678763,577.7499313408988,110.19598543167115
2026-02-25 00:00:00+00:00,1569.03,444.69,402.56,160.13,633.93,133.36,1263.9752783468793,338.33346231784503,404.2825561046072,232.31038536566658,573.8913985824942,111.12584334736522,1167.420260362171,337.94031014033726,412.57634673345655,322.70358383678763,577.7499313408988,110.19598543167115,1167.420260362171,337.94031014033726,412.57634673345655,322.70358383678763,577.7499313408988,110.19598543167115
2026-02-25 01:00:00+00:00,1526.23,425.09,397.65,150.43,637.39,131.92,1262.1871130589886,338.44302076217093,405.496003728657,240.19212065676174,573.8913985824942,111.12584334736522,1167.420260362171,337.94031014033726,412.57634673345655,322.70358383678763,577.7499313408988,110.19598543167115,1167.420260362171,337.94031014033726,412.57634673345655,322.70358383678763,577.7499313408988,110.19598543167115
2026-02-25 02:00:00+00:00,1525.02,413.57,402.14,365.25,633.6,129.41,1268.0423660833355,338.58889345603063,406.8868405004751,248.07385594785688,573.8913985824942,111.12584334736522,1167.420260362171,337.94031014033726,412.57634673345655,322.70358383678763,577.7499313408988,110.19598543167115,1167.420260362171,337.94031014033726,412.57634673345655,322.70358383678763,577.7499313408988,110.19598543167115
2026-02-25 03:00:00+00:00,1628.23,413.54,412.56,608.09,711.78,128.05,1281.2406122418292,338.62813145986433,408.34752894271236,255.95559123895208,573.8913985824942,111.12584334736522,1167.420260362171,337.94031014033726,412.57634673345655,322.70358383678763,577.7499313408988,110.19598543167115,1167.420260362171,337.94031014033726,412.57634673345655,322.70358383678763,577.7499313408988,110.19598543167115
2026-02-25 04:00:00+00:00,1724.49,421.02,427.32,736.58,688.16,129.17,1304.948759217711,338.66444575811613,409.91927973731305,263.8373265300472,573.8913985824942,111.12584334736522,1167.420260362171,337.94031014033726,412.57634673345655,322.70358383678763,577.7499313408988,110.19598543167115,1167.420260362171,337.94031014033726,412.57634673345655,322.70358383678763,577.7499313408988,110.19598543167115
2026-02-25 05:00:00+00:00,1720.19,444.47,449.3,1101.45,693.5,128.8,1361.255517657687,338.6916815423946,412.2735619773113,271.7190618211424,573.8913985824942,111.12584334736522,1167.420260362171,337.94031014033726,412.57634673345655,322.70358383678763,577.7499313408988,110.19598543167115,1167.420260362171,337.94031014033726,412.57634673345655,322.70358383678763,577.7499313408988,110.19598543167115
2026-02-25 06:00:00+00:00,1735.99,482.25,475.69,1081.12,656.87,134.17,1392.8271446923802,338.59150944670085,413.82703918184444,279.60079711223756,573.8913985824942,111.12584334736522,1167.420260362171,337.94031014033726,412.57634673345655,322.70358383678763,577.7499313408988,110.19598543167115,1167.420260362171,337.94031014033726,412.57634673345655,322.70358383678763,577.7499313408988,110.19598543167115
2026-02-25 07:00:00+00:00,1654.01,520.03,479.02,405.85,626.46,142.09,1378.0691061532677,338.5856621804597,414.31384715013763,287.4825324033327,573.8913985824942,111.12584334736522,1167.420260362171,337.94031014033726,412.57634673345655,322.70358383678763,577.7499313408988,110.19598543167115,1167.420260362171,337.94031014033726,412.57634673345655,322.70358383678763,577.7499313408988,110.19598543167115
2026-02-25 08:00:00+00:00,1035.19,442.6,469.75,558.4,628.71,143.78,1340.0204764259047,338.546424176626,413.718837349054,295.3642676944279,573.8913985824942,111.12584334736522,1167.420260362171,337.94031014033726,412.57634673345655,322.70358383678763,577.7499313408988,110.19598543167115,1167.420260362171,337.94031014033726,412.57634673345655,322.70358383678763,577.7499313408988,110.19598543167115
2026-02-25 09:00:00+00:00,615.89,444.26,435.98,275.6,633.12,142.37,1290.4785407853367,338.4336343773081,412.9863854079166,303.24600298552303,573.8913985824942,111.12584334736522,1167.420260362171,337.94031014033726,412.57634673345655,322.70358383678763,577.7499313408988,110.19598543167115,1167.420260362171,337.94031014033726,412.57634673345655,322.70358383678763,577.7499313408988,110.19598543167115
2026-02-25 10:00:00+00:00,419.72,443.84,416.33,222.0,630.69,140.71,1231.1013519709877,338.2215956436143,411.6345167251416,311.12773827661823,573.8913985824942,111.12584334736522,1167.420260362171,337.94031014033726,412.57634673345655,322.70358383678763,577.7499313408988,110.19598543167115,1167.420260362171,337.94031014033726,412.57634673345655,322.70358383678763,577.7499313408988,110.19598543167115
2026-02-25 11:00:00+00:00,403.52,401.9,403.08,91.36,630.85,138.23,1172.5057169553015,337.9703189036544,410.04210653527036,319.00947356771337,573.8913985824942,111.12584334736522,1167.420260362171,337.94031014033726,412.57634673345655,322.70358383678763,577.7499313408988,110.19598543167115,1167.420260362171,337.94031014033726,412.57634673345655,322.70358383678763,577.7499313408988,110.19598543167115
2026-02-25 12:00:00+00:00,394.22,395.09,395.82,48.79001,632.22,134.5,1138.043810309738,337.8270619607178,409.511788170773,326.8912088588085,573.8913985824942,111.12584334736522,1167.420260362171,337.94031014033726,412.57634673345655,322.70358383678763,577.7499313408988,110.19598543167115,1167.420260362171,337.94031014033726,412.57634673345655,322.70358383678763,577.7499313408988,110.19598543167115
2026-02-25 13:00:00+00:00,388.04996,416.52,406.96,97.31999,625.12,131.98,1134.9507493409114,337.6305645455749,409.79512673106575,334.7729441499037,573.8913985824942,111.12584334736522,1167.420260362171,337.94031014033726,412.57634673345655,322.70358383678763,577.7499313408988,110.19598543167115,1167.420260362171,337.94031014033726,412.57634673345655,322.70358383678763,577.7499313408988,110.19598543167115
2026-02-25 14:00:00+00:00,444.99997,407.78,430.65,234.43,628.79,126.12,1175.8363466376093,337.46422627494843,411.48716694439025,342.65467944099885,573.8913985824942,111.12584334736522,1167.420260362171,337.94031014033726,412.57634673345655,322.70358383678763,577.7499313408988,110.19598543167115,1167.420260362171,337.94031014033726,412.57634673345655,322.70358383678763,577.7499313408988,110.19598543167115
2026-02-25 15:00:00+00:00,721.67004,401.61,472.03,665.97,619.58,127.6,1252.2570332576279,337.40713885777967,414.42174583450054,350.53641473209404,573.8913985824942,111.12584334736522,1167.420260362171,337.94031014033726,412.57634673345655,322.70358383678763,577.7499313408988,110.19598543167115,1167.420260362171,337.94031014033726,412.57634673345655,322.70358383678763,577.7499313408988,110.19598543167115
2026-02-25 16:00:00+00:00,773.26,403.18,509.23,1044.83,669.56,138.51,1328.933821770683,337.55270395309543,418.28264539953483,358.4181500231892,573.8913985824942,111.12584334736522,1167.420260362171,337.94031014033726,412.57634673345655,322.70358383678763,577.7499313408988,110.19598543167115,1167.420260362171,337.94031014033726,412.57634673345655,322.70358383678763,577.7499313408988,110.19598543167115
2026-02-25 17:00:00+00:00,767.9,403.16,516.1,871.16,694.45,237.86,1351.786080338817,337.93369689056783,421.3051249369399,366.2998853142844,573.8913985824942,111.12584334736522,1167.420260362171,337.94031014033726,412.57634673345655,322.70358383678763,577.7499313408988,110.19598543167115,1167.420260362171,337.94031014033726,412.57634673345655,322.70358383678763,577.7499313408988,110.19598543167115
2026-02-25 18:00:00+00:00,764.88,401.42,514.19,468.57,653.78,141.73,1349.811319505157,338.06802936425714,422.7183341987116,374.1816206053795,573.8913985824942,111.12584334736522,1167.420260362171,337.94031014033726,412.57634673345655,322.70358383678763,577.7499313408988,110.19598543167115,1167.420260362171,337.94031014033726,412.57634673345655,322.70358383678763,577.7499313408988,110.19598543167115
2026-02-25 19:00:00+00:00,616.28,400.35,493.76,126.600006,626.58,124.46,1333.7774855264875,338.23021304468034,423.7878469356576,382.06335589647466,573.8913985824942,111.12584334736522,1167.420260362171,337.94031014033726,412.57634673345655,322.70358383678763,577.7499313408988,110.19598543167115,1167.420260362171,337.94031014033726,412.57634673345655,322.70358383678763,577.7499313408988,110.19598543167115
2026-02-25 20:00:00+00:00,544.43,404.71,471.91,71.98999,605.72,125.25,1314.6083468927948,338.30991990841426,424.74351597262495,389.94509118756986,573.8913985824942,111.12584334736522,1167.420260362171,337.94031014033726,412.57634673345655,322.70358383678763,577.7499313408988,110.19598543167115,1167.420260362171,337.94031014033726,412.57634673345655,322.70358383678763,577.7499313408988,110.19598543167115
2026-02-25 21:00:00+00:00,391.54,411.22,451.99,27.459993,653.64,126.7,1286.7518297222434,338.39962825451465,425.61681320704395,397.826826478665,573.8913985824942,111.12584334736522,1167.420260362171,337.94031014033726,412.57634673345655,322.70358383678763,577.7499313408988,110.19598543167115,1167.420260362171,337.94031014033726,412.57634673345655,322.70358383678763,577.7499313408988,110.19598543167115
2026-02-25 22:00:00+00:00,246.67996,430.02,430.89,19.660006,619.98,128.12,1268.302906253761,338.55658014027836,426.5519162826988,405.7085617697602,573.8913985824942,111.12584334736522,1167.420260362171,337.94031014033726,412.57634673345655,322.70358383678763,577.7499313408988,110.19598543167115,1167.420260362171,337.94031014033726,412.57634673345655,322.70358383678763,577.7499313408988,110.19598543167115
2026-02-25 23:00:00+00:00,233.68002,432.08,419.97,10.720002,646.58,127.71,1250.6474920764933,338.6558291944014,427.33113377844506,413.59029706085533,573.8913985824942,111.12584334736522,1167.420260362171,337.94031014033726,412.57634673345655,322.70358383678763,577.7499313408988,110.19598543167115,1167.420260362171,337.94031014033726,412.57634673345655,322.70358383678763,577.7499313408988,110.19598543167115
2026-02-26 00:00:00+00:00,212.29007,424.76,411.45,7.1900034,653.31,124.69,1236.772286137238,338.8370932159714,405.3391662755373,232.31038536566658,573.8913985824942,111.12584334736522,1167.420260362171,337.94031014033726,412.57634673345655,322.70358383678763,577.7499313408988,110.19598543167115,1167.420260362171,337.94031014033726,412.57634673345655,322.70358383678763,577.7499313408988,110.19598543167115
2026-02-26 01:00:00+00:00,213.08005,418.74,406.86,62.630005,637.76,125.31,1228.7936986073396,338.9012587144056,406.45604978541155,240.19212065676174,573.8913985824942,111.12584334736522,1167.420260362171,337.94031014033726,412.57634673345655,322.70358383678763,577.7499313408988,110.19598543167115,1167.420260362171,337.94031014033726,412.57634673345655,322.70358383678763,577.7499313408988,110.19598543167115
2026-02-26 02:00:00+00:00,214.03,421.33,406.41,35.839996,632.06,125.35,1230.4949606321102,338.93818842569715,407.6451411234244,248.07385594785688,573.8913985824942,111.12584334736522,1167.420260362171,337.94031014033726,412.57634673345655,322.70358383678763,577.7499313408988,110.19598543167115,1167.420260362171,337.94031014033726,412.57634673345655,322.70358383678763,577.7499313408988,110.19598543167115
2026-02-26 03:00:00+00:00,218.77005,420.57,411.46,21.209993,654.89,124.5,1246.1348885217908,338.99650671356784,409.0157123170646,255.95559123895208,573.8913985824942,111.12584334736522,1167.420260362171,337.94031014033726,412.57634673345655,322.70358383678763,577.7499313408988,110.19598543167115,1167.420260362171,337.94031014033726,412.57634673345655,322.70358383678763,577.7499313408988,110.19598543167115
2026-02-26 04:00:00+00:00,258.27,430.56,424.16,108.56999,674.65,125.87,1272.5786806481162,339.030205135369,410.7567770338817,263.8373265300472,573.8913985824942,111.12584334736522,1167.420260362171,337.94031014033726,412.57634673345655,322.70358383678763,577.7499313408988,110.19598543167115,1167.420260362171,337.94031014033726,412.57634673345655,322.70358383678763,577.7499313408988,110.19598543167115
2026-02-26 05:00:00+00:00,373.55997,433.01,451.26,339.49,667.22,238.38,1321.414488246924,339.07267448723496,413.24394775033807,271.7190618211424,573.8913985824942,111.12584334736522,1167.420260362171,337.94031014033726,412.57634673345655,322.70358383678763,577.7499313408988,110.19598543167115,1167.420260362171,337.94031014033726,412.57634673345655,322.70358383678763,577.7499313408988,110.19598543167115
2026-02-26 06:00:00+00:00,354.30997,433.07,482.84,533.23,668.75,244.69,1355.569810411496,339.0014308379382,414.99404437627805,279.60079711223756,573.8913985824942,111.12584334736522,1167.420260362171,337.94031014033726,412.57634673345655,322.70358383678763,577.7499313408988,110.19598543167115,1167.420260362171,337.94031014033726,412.57634673345655,322.70358383678763,577.7499313408988,110.19598543167115
2026-02-26 07:00:00+00:00,314.73996,431.92,492.41,257.07,649.83,245.04,1347.508436435302,338.922647173901,414.96576568948,287.4825324033327,573.8913985824942,111.12584334736522,1167.420260362171,337.94031014033726,412.57634673345655,322.70358383678763,577.7499313408988,110.19598543167115,1167.420260362171,337.94031014033726,412.57634673345655,322.70358383678763,577.7499313408988,110.19598543167115
2026-02-26 08:00:00+00:00,328.25998,429.59,480.16,269.91,669.22,131.71,1304.1496273528862,338.8133965224758,413.45254535342747,295.3642676944279,573.8913985824942,111.12584334736522,1167.420260362171,337.94031014033726,412.57634673345655,322.70358383678763,577.7499313408988,110.19598543167115,1167.420260362171,337.94031014033726,412.57634673345655,322.70358383678763,577.7499313408988,110.19598543167115
2026-02-26 09:00:00+00:00,319.11996,429.89,448.48,0.8200084,639.85,122.57,1242.0766280070052,338.59489501616065,411.34941470353874,303.24600298552303,573.8913985824942,111.12584334736522,1167.420260362171,337.94031014033726,412.57634673345655,322.70358383678763,577.7499313408988,110.19598543167115,1167.420260362171,337.94031014033726,412.57634673345655,322.70358383678763,577.7499313408988,110.19598543167115
2026-02-26 10:00:00+00:00,322.23,403.91,431.45,2.3500073,670.68,127.31,1178.589374600565,338.2139021137945,409.01987983296647,311.12773827661823,573.8913985824942,111.12584334736522,1167.420260362171,337.94031014033726,412.57634673345655,322.70358383678763,577.7499313408988,110.19598543167115,1167.420260362171,337.94031014033726,412.57634673345655,322.70358383678763,577.7499313408988,110.19598543167115
2026-02-26 11:00:00+00:00,302.43997,390.67,419.48,10.510011,679.68,126.43,1127.4264745013054,337.80305762111294,407.15150815986806,319.00947356771337,573.8913985824942,111.12584334736522,1167.420260362171,337.94031014033726,412.57634673345655,322.70358383678763,577.7499313408988,110.19598543167115,1167.420260362171,337.94031014033726,412.57634673345655,322.70358383678763,577.7499313408988,110.19598543167115
2026-02-26 12:00:00+00:00,268.50998,384.23,418.96,30.500002,671.56,128.4,1107.1557174789489,337.69380681985297,407.3881707480287,326.8912088588085,573.8913985824942,111.12584334736522,1167.420260362171,337.94031014033726,412.57634673345655,322.70358383678763,577.7499313408988,110.19598543167115,1167.420260362171,337.94031014033726,412.57634673345655,322.70358383678763,577.7499313408988,110.19598543167115
2026-02-26 13:00:00+00:00,265.0599,385.54,419.72,0.38000596,666.6,128.29,1113.239323929424,337.43991422409067,408.1193176529925,334.7729441499037,573.8913985824942,111.12584334736522,1167.420260362171,337.94031014033726,412.57634673345655,322.70358383678763,577.7499313408988,110.19598543167115,1167.420260362171,337.94031014033726,412.57634673345655,322.70358383678763,577.7499313408988,110.19598543167115
2026-02-26 14:00:00+00:00,266.17,405.09,433.27,50.01999,698.03,128.1,1143.7537705305087,337.28265456773767,409.86755257412864,342.65467944099885,573.8913985824942,111.12584334736522,1167.420260362171,337.94031014033726,412.57634673345655,322.70358383678763,577.7499313408988,110.19598543167115,1167.420260362171,337.94031014033726,412.57634673345655,322.70358383678763,577.7499313408988,110.19598543167115
2026-02-26 15:00:00+00:00,345.69998,409.45,468.98,536.69,740.67,128.63,1217.8000769627272,337.2103336861458,413.0376070499731,350.53641473209404,573.8913985824942,111.12584334736522,1167.420260362171,337.94031014033726,412.57634673345655,322.70358383678763,577.7499313408988,110.19598543167115,1167.420260362171,337.94031014033726,412.57634673345655,322.70358383678763,577.7499313408988,110.19598543167115
2026-02-26 16:00:00+00:00,420.66,411.77,502.65,1153.9398,669.09,128.95,1297.8184350469248,337.37697954068074,417.119102407472,358.4181500231892,573.8913985824942,111.12584334736522,1167.420260362171,337.94031014033726,412.57634673345655,322.70358383678763,577.7499313408988,110.19598543167115,1167.420260362171,337.94031014033726,412.57634673345655,322.70358383678763,577.7499313408988,110.19598543167115
2026-02-26 17:00:00+00:00,550.06,411.78,512.73,1127.6599,646.51,127.25,1317.3644714664306,337.71904211359777,420.1794375142739,366.2998853142844,573.8913985824942,111.12584334736522,1167.420260362171,337.94031014033726,412.57634673345655,322.70358383678763,577.7499313408988,110.19598543167115,1167.420260362171,337.94031014033726,412.57634673345655,322.70358383678763,577.7499313408988,110.19598543167115
2026-02-26 18:00:00+00:00,814.63,412.66,505.07,505.33,629.74,123.65,1297.6661159403736,337.8707622008941,421.61307203958137,374.1816206053795,573.8913985824942,111.12584334736522,1167.420260362171,337.94031014033726,412.57634673345655,322.70358383678763,577.7499313408988,110.19598543167115,1167.420260362171,337.94031014033726,412.57634673345655,322.70358383678763,577.7499313408988,110.19598543167115
2026-02-26 19:00:00+00:00,845.86,413.45,486.78,166.95,624.28,122.71,1271.5523471065192,337.99832426933386,422.75321240430543,382.06335589647466,573.8913985824942,111.12584334736522,1167.420260362171,337.94031014033726,412.57634673345655,322.70358383678763,577.7499313408988,110.19598543167115,1167.420260362171,337.94031014033726,412.57634673345655,322.70358383678763,577.7499313408988,110.19598543167115
2026-02-26 20:00:00+00:00,838.71,412.43,464.03,60.880005,612.07,120.01,1246.0331164018564,338.05079535700213,423.2961450353434,389.94509118756986,573.8913985824942,111.12584334736522,1167.420260362171,337.94031014033726,412.57634673345655,322.70358383678763,577.7499313408988,110.19598543167115,1167.420260362171,337.94031014033726,412.57634673345655,322.70358383678763,577.7499313408988,110.19598543167115
2026-02-26 21:00:00+00:00,726.63,413.09,447.05,19.589998,613.11,123.17,1235.8457204535641,338.2142098217465,424.1243937644316,397.826826478665,573.8913985824942,111.12584334736522,1167.420260362171,337.94031014033726,412.57634673345655,322.70358383678763,577.7499313408988,110.19598543167115,1167.420260362171,337.94031014033726,412.57634673345655,322.70358383678763,577.7499313408988,110.19598543167115
2026-02-26 22:00:00+00:00,818.83,431.87,431.41,2.049989,604.74,129.4,1219.619017091496,338.33807864788264,424.8700274223431,405.7085617697602,573.8913985824942,111.12584334736522,1167.420260362171,337.94031014033726,412.57634673345655,322.70358383678763,577.7499313408988,110.19598543167115,1167.420260362171,337.94031014033726,412.57634673345655,322.70358383678763,577.7499313408988,110.19598543167115
2026-02-26 23:00:00+00:00,820.71,403.73,419.4,125.75,604.23,137.79,1212.3424576088148,338.42270960886407,425.7510508385759,413.59029706085533,573.8913985824942,111.12584334736522,1167.420260362171,337.94031014033726,412.57634673345655,322.70358383678763,577.7499313408988,110.19598543167115,1167.420260362171,337.94031014033726,412.57634673345655,322.70358383678763,577.7499313408988,110.19598543167115
2026-02-27 00:00:00+00:00,666.19,344.5,412.76,84.84999,612.52,128.09,1193.7402834040781,338.51764993630496,403.58052764656395,232.31038536566658,573.8913985824942,111.12584334736522,1167.420260362171,337.94031014033726,412.57634673345655,322.70358383678763,577.7499313408988,110.19598543167115,1167.420260362171,337.94031014033726,412.57634673345655,322.70358383678763,577.7499313408988,110.19598543167115
2026-02-27 01:00:00+00:00,655.27,344.81,410.73,15.109986,592.92,128.82,1186.2476771552112,338.6172066482299,404.9866161442782,240.19212065676174,573.8913985824942,111.12584334736522,1167.420260362171,337.94031014033726,412.57634673345655,322.70358383678763,577.7499313408988,110.19598543167115,1167.420260362171,337.94031014033726,412.57634673345655,322.70358383678763,577.7499313408988,110.19598543167115
2026-02-27 02:00:00+00:00,651.8,344.46,413.63,4.6700144,596.46,129.08,1193.111169906427,338.658752827522,406.38810973726726,248.07385594785688,573.8913985824942,111.12584334736522,1167.420260362171,337.94031014033726,412.57634673345655,322.70358383678763,577.7499313408988,110.19598543167115,1167.420260362171,337.94031014033726,412.57634673345655,322.70358383678763,577.7499313408988,110.19598543167115
2026-02-27 03:00:00+00:00,703.7,344.48,423.37,25.100008,591.31,126.37,1213.2333266754579,338.73492054264716,407.9185700324274,255.95559123895208,573.8913985824942,111.12584334736522,1167.420260362171,337.94031014033726,412.57634673345655,322.70358383678763,577.7499313408988,110.19598543167115,1167.420260362171,337.94031014033726,412.57634673345655,322.70358383678763,577.7499313408988,110.19598543167115
2026-02-27 04:00:00+00:00,1033.04,344.78,435.75,62.450012,606.58,125.3,1243.785196498263,338.8233981922393,409.92270112023306,263.8373265300472,573.8913985824942,111.12584334736522,1167.420260362171,337.94031014033726,412.57634673345655,322.70358383678763,577.7499313408988,110.19598543167115,1167.420260362171,337.94031014033726,412.57634673345655,322.70358383678763,577.7499313408988,110.19598543167115
2026-02-27 05:00:00+00:00,1224.61,363.2,468.43,202.29,596.59,123.88,1299.9294240096522,338.9578841366933,412.7528597015056,271.7190618211424,573.8913985824942,111.12584334736522,1167.420260362171,337.94031014033726,412.57634673345655,322.70358383678763,577.7499313408988,110.19598543167115,1167.420260362171,337.94031014033726,412.57634673345655,322.70358383678763,577.7499313408988,110.19598543167115
2026-02-27 06:00:00+00:00,1057.58,374.1,505.49,457.08,583.35,127.54,1329.9125242821522,338.99742976905793,414.3058226041245,279.60079711223756,573.8913985824942,111.12584334736522,1167.420260362171,337.94031014033726,412.57634673345655,322.70358383678763,577.7499313408988,110.19598543167115,1167.420260362171,337.94031014033726,412.57634673345655,322.70358383678763,577.7499313408988,110.19598543167115
2026-02-27 07:00:00+00:00,728.16,374.62,509.21,177.15,605.34,132.41,1305.5477545899523,339.0340519103604,413.7931410087453,287.4825324033327,573.8913985824942,111.12584334736522,1167.420260362171,337.94031014033726,412.57634673345655,322.70358383678763,577.7499313408988,110.19598543167115,1167.420260362171,337.94031014033726,412.57634673345655,322.70358383678763,577.7499313408988,110.19598543167115
2026-02-27 08:00:00+00:00,618.42,368.39,492.07,4.119996,615.13,138.11,1230.0158051562348,338.6064352269153,411.20278752334514,295.3642676944279,573.8913985824942,111.12584334736522,1167.420260362171,337.94031014033726,412.57634673345655,322.70358383678763,577.7499313408988,110.19598543167115,1167.420260362171,337.94031014033726,412.57634673345655,322.70358383678763,577.7499313408988,110.19598543167115
2026-02-27 09:00:00+00:00,260.48996,364.82,458.17,11.000001,627.61,138.58,1161.9635228402076,338.10203550864577,408.3493860147051,303.24600298552303,573.8913985824942,111.12584334736522,1167.420260362171,337.94031014033726,412.57634673345655,322.70358383678763,577.7499313408988,110.19598543167115,1167.420260362171,337.94031014033726,412.57634673345655,322.70358383678763,577.7499313408988,110.19598543167115
2026-02-27 10:00:00+00:00,251.29001,363.99,437.17,0.14999497,629.08,141.15,1104.4986041483908,337.66503253153013,406.23862995812976,311.12773827661823,573.8913985824942,111.12584334736522,1167.420260362171,337.94031014033726,412.57634673345655,322.70358383678763,577.7499313408988,110.19598543167115,1167.420260362171,337.94031014033726,412.57634673345655,322.70358383678763,577.7499313408988,110.19598543167115
2026-02-27 11:00:00+00:00,244.80997,355.35,426.34,29.56,626.84,141.28,1066.8679098114758,337.3417425625369,405.01591888008005,319.00947356771337,573.8913985824942,111.12584334736522,1167.420260362171,337.94031014033726,412.57634673345655,322.70358383678763,577.7499313408988,110.19598543167115,1167.420260362171,337.94031014033726,412.57634673345655,322.70358383678763,577.7499313408988,110.19598543167115
2026-02-27 12:00:00+00:00,246.98001,345.74,425.81,18.660006,629.1,142.3,1049.8820923105097,337.0213761409997,404.59784216043124,326.8912088588085,573.8913985824942,111.12584334736522,1167.420260362171,337.94031014033726,412.57634673345655,322.70358383678763,577.7499313408988,110.19598543167115,1167.420260362171,337.94031014033726,412.57634673345655,322.70358383678763,577.7499313408988,110.19598543167115
2026-02-27 13:00:00+00:00,246.66995,350.48,433.81,9.600007,636.49,143.63,1047.022287570773,336.8281100419328,405.13006406518264,334.7729441499037,573.8913985824942,111.12584334736522,1167.420260362171,337.94031014033726,412.57634673345655,322.70358383678763,577.7499313408988,110.19598543167115,1167.420260362171,337.94031014033726,412.57634673345655,322.70358383678763,577.7499313408988,110.19598543167115
2026-02-27 14:00:00+00:00,268.15005,372.39,448.89,3.5700085,635.53,137.82,1078.0954851915444,336.71978239032,407.11725997848674,342.65467944099885,573.8913985824942,111.12584334736522,1167.420260362171,337.94031014033726,412.57634673345655,322.70358383678763,577.7499313408988,110.19598543167115,1167.420260362171,337.94031014033726,412.57634673345655,322.70358383678763,577.7499313408988,110.19598543167115
2026-02-27 15:00:00+00:00,324.44998,387.94,485.38,659.38,698.77,133.64,1166.4186477870182,336.75932813403995,410.6640438252812,350.53641473209404,573.8913985824942,111.12584334736522,1167.420260362171,337.94031014033726,412.57634673345655,322.70358383678763,577.7499313408988,110.19598543167115,1167.420260362171,337.94031014033726,412.57634673345655,322.70358383678763,577.7499313408988,110.19598543167115
2026-02-27 16:00:00+00:00,454.85,401.63,511.76,1037.14,616.73,133.83,1266.3581362292327,337.0413795669075,415.16451411283396,358.4181500231892,573.8913985824942,111.12584334736522,1167.420260362171,337.94031014033726,412.57634673345655,322.70358383678763,577.7499313408988,110.19598543167115,1167.420260362171,337.94031014033726,412.57634673345655,322.70358383678763,577.7499313408988,110.19598543167115
2026-02-27 17:00:00+00:00,464.59,429.07,517.22,720.94,597.7,137.01,1299.2113463938274,337.5231599904943,418.3606754580287,366.2998853142844,573.8913985824942,111.12584334736522,1167.420260362171,337.94031014033726,412.57634673345655,322.70358383678763,577.7499313408988,110.19598543167115,1167.420260362171,337.94031014033726,412.57634673345655,322.70358383678763,577.7499313408988,110.19598543167115
2026-02-27 18:00:00+00:00,386.78,430.89,515.86,765.74,601.49,135.68,1286.1592043135254,337.57347705809303,419.3100665711272,374.1816206053795,573.8913985824942,111.12584334736522,1167.420260362171,337.94031014033726,412.57634673345655,322.70358383678763,577.7499313408988,110.19598543167115,1167.420260362171,337.94031014033726,412.57634673345655,322.70358383678763,577.7499313408988,110.19598543167115
2026-02-27 19:00:00+00:00,378.92996,431.73,499.09,703.48,591.23,137.12,1277.2434816126695,337.64579797519946,420.188176269699,382.06335589647466,573.8913985824942,111.12584334736522,1167.420260362171,337.94031014033726,412.57634673345655,322.70358383678763,577.7499313408988,110.19598543167115,1167.420260362171,337.94031014033726,412.57634673345655,322.70358383678763,577.7499313408988,110.19598543167115
2026-02-27 20:00:00+00:00,297.50998,432.93,476.55,456.16,579.69,136.47,1258.0676743579027,337.85783676037494,421.3333849714934,389.94509118756986,573.8913985824942,111.12584334736522,1167.420260362171,337.94031014033726,412.57634673345655,322.70358383678763,577.7499313408988,110.19598543167115,1167.420260362171,337.94031014033726,412.57634673345655,322.70358383678763,577.7499313408988,110.19598543167115
2026-02-27 21:00:00+00:00,251.51999,413.49,458.1,516.53,583.67,131.38,1234.0150807397902,337.93215834853265,422.2210995173252,397.826826478665,573.8913985824942,111.12584334736522,1167.420260362171,337.94031014033726,412.57634673345655,322.70358383678763,577.7499313408988,110.19598543167115,1167.420260362171,337.94031014033726,412.57634673345655,322.70358383678763,577.7499313408988,110.19598543167115
2026-02-27 22:00:00+00:00,225.65005,404.31,438.43,372.19,581.09,131.24,1223.3508636620181,338.1383498625752,423.47916192174245,405.7085617697602,573.8913985824942,111.12584334736522,1167.420260362171,337.94031014033726,412.57634673345655,322.70358383678763,577.7499313408988,110.19598543167115,1167.420260362171,337.94031014033726,412.57634673345655,322.70358383678763,577.7499313408988,110.19598543167115
2026-02-27 23:00:00+00:00,215.00998,405.85,427.6,350.72,580.19,133.2,1196.8467280608245,338.2923781375295,424.6730835930439,413.59029706085533,573.8913985824942,111.12584334736522,1167.420260362171,337.94031014033726,412.57634673345655,322.70358383678763,577.7499313408988,110.19598543167115,1167.420260362171,337.94031014033726,412.57634673345655,322.70358383678763,577.7499313408988,110.19598543167115
2026-02-28 00:00:00+00:00,211.80008,405.58,418.56,163.08,577.97,132.96,1186.9626186788935,338.34223322416653,402.1600678840064,232.31038536566658,573.8913985824942,111.12584334736522,1167.420260362171,337.94031014033726,412.57634673345655,322.70358383678763,577.7499313408988,110.19598543167115,1167.420260362171,337.94031014033726,412.57634673345655,322.70358383678763,577.7499313408988,110.19598543167115
2026-02-28 01:00:00+00:00,208.51993,403.46,415.98,186.97,573.65,131.35,1172.308990848798,338.4619475834268,403.2188866326522,240.19212065676174,573.8913985824942,111.12584334736522,1167.420260362171,337.94031014033726,412.57634673345655,322.70358383678763,577.7499313408988,110.19598543167115,1167.420260362171,337.94031014033726,412.57634673345655,322.70358383678763,577.7499313408988,110.19598543167115
2026-02-28 02:00:00+00:00,205.6,373.45,418.16,297.38,572.76,132.36,1160.6774721805766,338.527498129368,404.52781332103524,248.07385594785688,573.8913985824942,111.12584334736522,1167.420260362171,337.94031014033726,412.57634673345655,322.70358383678763,577.7499313408988,110.19598543167115,1167.420260362171,337.94031014033726,412.57634673345655,322.70358383678763,577.7499313408988,110.19598543167115
2026-02-28 03:00:00+00:00,210.23007,374.9,423.62,156.32,573.63,132.65,1165.0022580515852,338.5670438591685,405.81196626836925,255.95559123895208,573.8913985824942,111.12584334736522,1167.420260362171,337.94031014033726,412.57634673345655,322.70358383678763,577.7499313408988,110.19598543167115,1167.420260362171,337.94031014033726,412.57634673345655,322.70358383678763,577.7499313408988,110.19598543167115
2026-02-28 04:00:00+00:00,217.37997,398.91,437.38,133.35,570.2,132.43,1155.4345468350607,338.62505434717895,406.84855172764816,263.8373265300472,573.8913985824942,111.12584334736522,1167.420260362171,337.94031014033726,412.57634673345655,322.70358383678763,577.7499313408988,110.19598543167115,1167.420260362171,337.94031014033726,412.57634673345655,322.70358383678763,577.7499313408988,110.19598543167115
2026-02-28 05:00:00+00:00,217.53,410.03,472.19,194.13,590.52,131.09,1151.4178506183882,338.6886045021705,408.1772100907984,271.7190618211424,573.8913985824942,111.12584334736522,1167.420260362171,337.94031014033726,412.57634673345655,322.70358383678763,577.7499313408988,110.19598543167115,1167.420260362171,337.94031014033726,412.57634673345655,322.70358383678763,577.7499313408988,110.19598543167115
2026-02-28 06:00:00+00:00,212.25992,388.21,506.54,408.39,604.65,127.41,1163.6734545813179,338.66721598413324,409.0587403582233,279.60079711223756,573.8913985824942,111.12584334736522,1167.420260362171,337.94031014033726,412.57634673345655,322.70358383678763,577.7499313408988,110.19598543167115,1167.420260362171,337.94031014033726,412.57634673345655,322.70358383678763,577.7499313408988,110.19598543167115
2026-02-28 07:00:00+00:00,315.85,345.9,508.57,74.84,579.26,126.29,1157.5100715535048,338.5981263641929,408.81746407363977,287.4825324033327,573.8913985824942,111.12584334736522,1167.420260362171,337.94031014033726,412.57634673345655,322.70358383678763,577.7499313408988,110.19598543167115,1167.420260362171,337.94031014033726,412.57634673345655,322.70358383678763,577.7499313408988,110.19598543167115
2026-02-28 08:00:00+00:00,433.41,328.68,495.73,0.76001084,581.87,128.83,1137.2112533686259,338.3536199443013,407.99806355163577,295.3642676944279,573.8913985824942,111.12584334736522,1167.420260362171,337.94031014033726,412.57634673345655,322.70358383678763,577.7499313408988,110.19598543167115,1167.420260362171,337.94031014033726,412.57634673345655,322.70358383678763,577.7499313408988,110.19598543167115
2026-02-28 09:00:00+00:00,431.56998,325.44,462.69,0.17999375,586.63,128.45,1108.4730028384338,338.0423320937466,407.15728741118625,303.24600298552303,573.8913985824942,111.12584334736522,1167.420260362171,337.94031014033726,412.57634673345655,322.70358383678763,577.7499313408988,110.19598543167115,1167.420260362171,337.94031014033726,412.57634673345655,322.70358383678763,577.7499313408988,110.19598543167115
2026-02-28 10:00:00+00:00,310.68997,325.64,437.14,9.760011,588.66,128.1,1085.8270890631784,337.724889331121,406.60923830675364,311.12773827661823,573.8913985824942,111.12584334736522,1167.420260362171,337.94031014033726,412.57634673345655,322.70358383678763,577.7499313408988,110.19598543167115,1167.420260362171,337.94031014033726,412.57634673345655,322.70358383678763,577.7499313408988,110.19598543167115
2026-02-28 11:00:00+00:00,228.36008,325.62,426.6,6.1099863,586.53,129.37,1081.396254109355,337.5497803756525,407.1492440087107,319.00947356771337,573.8913985824942,111.12584334736522,1167.420260362171,337.94031014033726,412.57634673345655,322.70358383678763,577.7499313408988,110.19598543167115,1167.420260362171,337.94031014033726,412.57634673345655,322.70358383678763,577.7499313408988,110.19598543167115
2026-02-28 12:00:00+00:00,217.23996,325.53,427.7,6.230012,586.94,129.42,1079.2267368556318,337.51931327332875,408.46344336273603,326.8912088588085,573.8913985824942,111.12584334736522,1167.420260362171,337.94031014033726,412.57634673345655,322.70358383678763,577.7499313408988,110.19598543167115,1167.420260362171,337.94031014033726,412.57634673345655,322.70358383678763,577.7499313408988,110.19598543167115
2026-02-28 13:00:00+00:00,201.25992,325.39,436.74,7.239991,580.17,126.32,1084.557548198103,337.58609467390426,410.20427108641707,334.7729441499037,573.8913985824942,111.12584334736522,1167.420260362171,337.94031014033726,412.57634673345655,322.70358383678763,577.7499313408988,110.19598543167115,1167.420260362171,337.94031014033726,412.57634673345655,322.70358383678763,577.7499313408988,110.19598543167115
2026-02-28 14:00:00+00:00,215.38998,325.39,458.37,42.54001,569.15,128.84,1105.465728587553,337.5948655175884,412.0320235126245,342.65467944099885,573.8913985824942,111.12584334736522,1167.420260362171,337.94031014033726,412.57634673345655,322.70358383678763,577.7499313408988,110.19598543167115,1167.420260362171,337.94031014033726,412.57634673345655,322.70358383678763,577.7499313408988,110.19598543167115
2026-02-28 15:00:00+00:00,236.17001,325.31,490.34,128.18,584.63,128.65,1125.7718189635605,337.68303552329803,414.2328712769863,350.53641473209404,573.8913985824942,111.12584334736522,1167.420260362171,337.94031014033726,412.57634673345655,322.70358383678763,577.7499313408988,110.19598543167115,1167.420260362171,337.94031014033726,412.57634673345655,322.70358383678763,577.7499313408988,110.19598543167115
2026-02-28 16:00:00+00:00,239.94003,325.38,516.11,527.31,629.13,127.92,1171.475259105804,337.770282250964,416.4723321310589,358.4181500231892,573.8913985824942,111.12584334736522,1167.420260362171,337.94031014033726,412.57634673345655,322.70358383678763,577.7499313408988,110.19598543167115,1167.420260362171,337.94031014033726,412.57634673345655,322.70358383678763,577.7499313408988,110.19598543167115
2026-02-28 17:00:00+00:00,250.46994,325.06,521.64,683.59,605.54,127.13,1206.4459892620962,337.9700111959199,418.70469342990395,366.2998853142844,573.8913985824942,111.12584334736522,1167.420260362171,337.94031014033726,412.57634673345655,322.70358383678763,577.7499313408988,110.19598543167115,1167.420260362171,337.94031014033726,412.57634673345655,322.70358383678763,577.7499313408988,110.19598543167115
2026-02-28 18:00:00+00:00,246.34995,325.2,518.53,343.46,563.88,128.21,1207.5347987245746,338.02648313302484,419.9453006854886,374.1816206053795,573.8913985824942,111.12584334736522,1167.420260362171,337.94031014033726,412.57634673345655,322.70358383678763,577.7499313408988,110.19598543167115,1167.420260362171,337.94031014033726,412.57634673345655,322.70358383678763,577.7499313408988,110.19598543167115
2026-02-28 19:00:00+00:00,228.17007,325.29,505.7,184.29,559.75,128.16,1202.3175754909194,338.23590600382937,421.17090944785343,382.06335589647466,573.8913985824942,111.12584334736522,1167.420260362171,337.94031014033726,412.57634673345655,322.70358383678763,577.7499313408988,110.19598543167115,1167.420260362171,337.94031014033726,412.57634673345655,322.70358383678763,577.7499313408988,110.19598543167115
2026-02-28 20:00:00+00:00,226.42996,325.4,481.06,111.30998,556.25,128.32,1210.4451149049355,338.3934733611747,422.5232067241177,389.94509118756986,573.8913985824942,111.12584334736522,1167.420260362171,337.94031014033726,412.57634673345655,322.70358383678763,577.7499313408988,110.19598543167115,1167.420260362171,337.94031014033726,412.57634673345655,322.70358383678763,577.7499313408988,110.19598543167115
2026-02-28 21:00:00+00:00,207.95999,325.12,464.67,150.26,552.16,128.44,1221.1855860430062,338.54780928267485,423.8940107395565,397.826826478665,573.8913985824942,111.12584334736522,1167.420260362171,337.94031014033726,412.57634673345655,322.70358383678763,577.7499313408988,110.19598543167115,1167.420260362171,337.94031014033726,412.57634673345655,322.70358383678763,577.7499313408988,110.19598543167115
2026-02-28 22:00:00+00:00,202.76999,325.62,444.67,112.59,550.97,127.43,1221.0486748509995,338.70799250111924,425.0730847033632,405.7085617697602,573.8913985824942,111.12584334736522,1167.420260362171,337.94031014033726,412.57634673345655,322.70358383678763,577.7499313408988,110.19598543167115,1167.420260362171,337.94031014033726,412.57634673345655,322.70358383678763,577.7499313408988,110.19598543167115
2026-02-28 23:00:00+00:00,221.23007,325.73,432.83,102.76999,570.56,127.18,1210.181963446616,338.88017790841576,426.3341139093042,413.59029706085533,573.8913985824942,111.12584334736522,1167.420260362171,337.94031014033726,412.57634673345655,322.70358383678763,577.7499313408988,110.19598543167115,1167.420260362171,337.94031014033726,412.57634673345655,322.70358383678763,577.7499313408988,110.19598543167115
2026-03-01 00:00:00+00:00,227.99002,325.67,424.68,150.04,562.14,127.7,1204.6421412314119,338.9900440175033,403.98069064518745,232.31038536566658,573.8913985824942,111.12584334736522,1167.420260362171,337.94031014033726,412.57634673345655,322.70358383678763,577.7499313408988,110.19598543167115,1167.420260362171,337.94031014033726,412.57634673345655,322.70358383678763,577.7499313408988,110.19598543167115
2026-03-01 01:00:00+00:00,235.44003,325.68,419.98,129.26001,545.39,128.63,1201.4362267777633,339.0655963920501,405.06537588855076,240.19212065676174,573.8913985824942,111.12584334736522,1167.420260362171,337.94031014033726,412.57634673345655,322.70358383678763,577.7499313408988,110.19598543167115,1167.420260362171,337.94031014033726,412.57634673345655,322.70358383678763,577.7499313408988,110.19598543167115
2026-03-01 02:00:00+00:00,228.12997,325.58,420.25,187.64,541.48,128.46,1199.854453106447,339.1317624095729,406.3170679042189,248.07385594785688,573.8913985824942,111.12584334736522,1167.420260362171,337.94031014033726,412.57634673345655,322.70358383678763,577.7499313408988,110.19598543167115,1167.420260362171,337.94031014033726,412.57634673345655,322.70358383678763,577.7499313408988,110.19598543167115
2026-03-01 03:00:00+00:00,227.04996,325.43,424.92,211.95,539.35,127.54,1206.7464311982305,339.1830025744199,407.6417275075749,255.95559123895208,573.8913985824942,111.12584334736522,1167.420260362171,337.94031014033726,412.57634673345655,322.70358383678763,577.7499313408988,110.19598543167115,1167.420260362171,337.94031014033726,412.57634673345655,322.70358383678763,577.7499313408988,110.19598543167115
2026-03-01 04:00:00+00:00,228.18997,325.19,439.89,158.03,541.9,127.73,1212.4665008028126,339.2371663723875,409.0046726916684,263.8373265300472,573.8913985824942,111.12584334736522,1167.420260362171,337.94031014033726,412.57634673345655,322.70358383678763,577.7499313408988,110.19598543167115,1167.420260362171,337.94031014033726,412.57634673345655,322.70358383678763,577.7499313408988,110.19598543167115
2026-03-01 05:00:00+00:00,229.88998,325.26,469.78,94.51999,565.98,126.3,1217.706062706678,339.3607275052071,410.62972250170566,271.7190618211424,573.8913985824942,111.12584334736522,1167.420260362171,337.94031014033726,412.57634673345655,322.70358383678763,577.7499313408988,110.19598543167115,1167.420260362171,337.94031014033726,412.57634673345655,322.70358383678763,577.7499313408988,110.19598543167115
2026-03-01 06:00:00+00:00,217.42996,325.37,503.69,81.98001,532.56,125.07,1220.9401408304554,339.41642970210745,411.91454664876693,279.60079711223756,573.8913985824942,111.12584334736522,1167.420260362171,337.94031014033726,412.57634673345655,322.70358383678763,577.7499313408988,110.19598543167115,1167.420260362171,337.94031014033726,412.57634673345655,322.70358383678763,577.7499313408988,110.19598543167115
2026-03-01 07:00:00+00:00,209.12997,325.36,511.38,41.73001,518.04,124.79,1207.871287552325,339.27963563787273,412.24255004865597,287.4825324033327,573.8913985824942,111.12584334736522,1167.420260362171,337.94031014033726,412.57634673345655,322.70358383678763,577.7499313408988,110.19598543167115,1167.420260362171,337.94031014033726,412.57634673345655,322.70358383678763,577.7499313408988,110.19598543167115
2026-03-01 08:00:00+00:00,208.4,325.43,493.83,45.130005,538.89,124.48,1172.5878213761132,338.95480708254985,410.83053959064983,295.3642676944279,573.8913985824942,111.12584334736522,1167.420260362171,337.94031014033726,412.57634673345655,322.70358383678763,577.7499313408988,110.19598543167115,1167.420260362171,337.94031014033726,412.57634673345655,322.70358383678763,577.7499313408988,110.19598543167115
2026-03-01 09:00:00+00:00,210.26999,325.57,456.62,0.2699901,538.42,126.69,1125.0572522393354,338.60043453965125,409.0089240291981,303.24600298552303,573.8913985824942,111.12584334736522,1167.420260362171,337.94031014033726,412.57634673345655,322.70358383678763,577.7499313408988,110.19598543167115,1167.420260362171,337.94031014033726,412.57634673345655,322.70358383678763,577.7499313408988,110.19598543167115
2026-03-01 10:00:00+00:00,210.97995,325.68,434.62,0.91000473,539.15,127.69,1075.2545543777424,338.2774522138245,408.16354658100374,311.12773827661823,573.8913985824942,111.12584334736522,1167.420260362171,337.94031014033726,412.57634673345655,322.70358383678763,577.7499313408988,110.19598543167115,1167.420260362171,337.94031014033726,412.57634673345655,322.70358383678763,577.7499313408988,110.19598543167115
2026-03-01 11:00:00+00:00,212.17996,325.64,424.76,0.52999985,540.04,128.32,1050.3643859462911,338.0238672673718,408.0894361843738,319.00947356771337,573.8913985824942,111.12584334736522,1167.420260362171,337.94031014033726,412.57634673345655,322.70358383678763,577.7499313408988,110.19598543167115,1167.420260362171,337.94031014033726,412.57634673345655,322.70358383678763,577.7499313408988,110.19598543167115
2026-03-01 12:00:00+00:00,209.62997,325.65,423.14,5.01999,539.37,129.06,1046.2038503216072,337.9061533229529,408.2665878159925,326.8912088588085,573.8913985824942,111.12584334736522,1167.420260362171,337.94031014033726,412.57634673345655,322.70358383678763,577.7499313408988,110.19598543167115,1167.420260362171,337.94031014033726,412.57634673345655,322.70358383678763,577.7499313408988,110.19598543167115
2026-03-01 13:00:00+00:00,210.20999,325.45,425.0,40.160004,531.45,128.24,1044.45364349406,337.8124438333933,408.8136339639846,334.7729441499037,573.8913985824942,111.12584334736522,1167.420260362171,337.94031014033726,412.57634673345655,322.70358383678763,577.7499313408988,110.19598543167115,1167.420260362171,337.94031014033726,412.57634673345655,322.70358383678763,577.7499313408988,110.19598543167115
2026-03-01 14:00:00+00:00,242.19998,327.82,446.54,60.01001,552.45,128.72,1078.4706768371489,337.78228450531776,410.32256846351,342.65467944099885,573.8913985824942,111.12584334736522,1167.420260362171,337.94031014033726,412.57634673345655,322.70358383678763,577.7499313408988,110.19598543167115,1167.420260362171,337.94031014033726,412.57634673345655,322.70358383678763,577.7499313408988,110.19598543167115
2026-03-01 15:00:00+00:00,310.54996,354.98,487.63,287.22,569.71,127.92,1139.4139581928398,337.7942867113116,412.9124513845259,350.53641473209404,573.8913985824942,111.12584334736522,1167.420260362171,337.94031014033726,412.57634673345655,322.70358383678763,577.7499313408988,110.19598543167115,1167.420260362171,337.94031014033726,412.57634673345655,322.70358383678763,577.7499313408988,110.19598543167115
2026-03-01 16:00:00+00:00,459.48,374.05,516.93,758.04004,578.75,128.51,1223.221016699184,337.90646103099436,416.6658644173429,358.4181500231892,573.8913985824942,111.12584334736522,1167.420260362171,337.94031014033726,412.57634673345655,322.70358383678763,577.7499313408988,110.19598543167115,1167.420260362171,337.94031014033726,412.57634673345655,322.70358383678763,577.7499313408988,110.19598543167115
2026-03-01 17:00:00+00:00,515.3,387.81,518.62,1199.26,636.26,126.17,1265.927911406978,338.30622652374257,420.0801042489594,366.2998853142844,573.8913985824942,111.12584334736522,1167.420260362171,337.94031014033726,412.57634673345655,322.70358383678763,577.7499313408988,110.19598543167115,1167.420260362171,337.94031014033726,412.57634673345655,322.70358383678763,577.7499313408988,110.19598543167115
2026-03-01 18:00:00+00:00,513.64,394.79,517.97,795.87,605.16,125.52,1262.3253234586946,338.3223831816187,421.0114029818666,374.1816206053795,573.8913985824942,111.12584334736522,1167.420260362171,337.94031014033726,412.57634673345655,322.70358383678763,577.7499313408988,110.19598543167115,1167.420260362171,337.94031014033726,412.57634673345655,322.70358383678763,577.7499313408988,110.19598543167115
2026-03-01 19:00:00+00:00,491.37997,392.73,506.48,245.08,559.77,125.11,1250.6210441690205,338.46056247737795,422.142304456694,382.06335589647466,573.8913985824942,111.12584334736522,1167.420260362171,337.94031014033726,412.57634673345655,322.70358383678763,577.7499313408988,110.19598543167115,1167.420260362171,337.94031014033726,412.57634673345655,322.70358383678763,577.7499313408988,110.19598543167115
2026-03-01 20:00:00+00:00,344.67996,388.64,483.92,119.58,551.77,125.43,1248.2549910857056,338.684911148202,423.6958657929368,389.94509118756986,573.8913985824942,111.12584334736522,1167.420260362171,337.94031014033726,412.57634673345655,322.70358383678763,577.7499313408988,110.19598543167115,1167.420260362171,337.94031014033726,412.57634673345655,322.70358383678763,577.7499313408988,110.19598543167115
2026-03-01 21:00:00+00:00,247.69998,363.65,465.32,231.46,526.0,124.52,1241.65848522313,338.78123664166577,425.08144078572906,397.826826478665,573.8913985824942,111.12584334736522,1167.420260362171,337.94031014033726,412.57634673345655,322.70358383678763,577.7499313408988,110.19598543167115,1167.420260362171,337.94031014033726,412.57634673345655,322.70358383678763,577.7499313408988,110.19598543167115
2026-03-01 22:00:00+00:00,213.79996,362.4,450.32,59.600006,520.47,124.16,1232.476748047696,338.85386526600814,426.13396967201885,405.7085617697602,573.8913985824942,111.12584334736522,1167.420260362171,337.94031014033726,412.57634673345655,322.70358383678763,577.7499313408988,110.19598543167115,1167.420260362171,337.94031014033726,412.57634673345655,322.70358383678763,577.7499313408988,110.19598543167115
2026-03-01 23:00:00+00:00,258.7999,364.77,439.08,34.059998,506.66,124.72,1227.530266404471,338.9631159759753,427.2711642927594,413.59029706085533,573.8913985824942,111.12584334736522,1167.420260362171,337.94031014033726,412.57634673345655,322.70358383678763,577.7499313408988,110.19598543167115,1167.420260362171,337.94031014033726,412.57634673345655,322.70358383678763,577.7499313408988,110.19598543167115
2026-03-02 00:00:00+00:00,260.78,390.37,432.57,36.559998,517.87,125.54,1208.0967894126086,339.07852172563736,405.401255262567,232.31038536566658,573.8913985824942,111.12584334736522,1167.420260362171,337.94031014033726,412.57634673345655,322.70358383678763,577.7499313408988,110.19598543167115,1167.420260362171,337.94031014033726,412.57634673345655,322.70358383678763,577.7499313408988,110.19598543167115
2026-03-02 01:00:00+00:00,259.22,401.94,426.8,34.119995,547.98,125.49,1227.1142586569085,339.2030060003278,406.96194694678195,240.19212065676174,573.8913985824942,111.12584334736522,1167.420260362171,337.94031014033726,412.57634673345655,322.70358383678763,577.7499313408988,110.19598543167115,1167.420260362171,337.94031014033726,412.57634673345655,322.70358383678763,577.7499313408988,110.19598543167115
2026-03-02 02:00:00+00:00,263.41995,407.0,421.27,33.98001,523.4,125.4,1234.010508321445,339.2762499959516,408.4790297100424,248.07385594785688,573.8913985824942,111.12584334736522,1167.420260362171,337.94031014033726,412.57634673345655,322.70358383678763,577.7499313408988,110.19598543167115,1167.420260362171,337.94031014033726,412.57634673345655,322.70358383678763,577.7499313408988,110.19598543167115
2026-03-02 03:00:00+00:00,261.71,423.5,428.7,52.059998,501.11,127.79,1248.3493105384562,339.3151803155767,410.0951115820797,255.95559123895208,573.8913985824942,111.12584334736522,1167.420260362171,337.94031014033726,412.57634673345655,322.70358383678763,577.7499313408988,110.19598543167115,1167.420260362171,337.94031014033726,412.57634673345655,322.70358383678763,577.7499313408988,110.19598543167115
2026-03-02 04:00:00+00:00,310.02,424.14,443.01,151.53,503.51,125.56,1272.5324949934743,339.3330297121281,411.8668095811931,263.8373265300472,573.8913985824942,111.12584334736522,1167.420260362171,337.94031014033726,412.57634673345655,322.70358383678763,577.7499313408988,110.19598543167115,1167.420260362171,337.94031014033726,412.57634673345655,322.70358383678763,577.7499313408988,110.19598543167115
2026-03-02 05:00:00+00:00,390.28,424.74,463.09,302.59,504.16,124.28,1338.471764723677,339.35087917008565,414.5940289779939,271.7190618211424,573.8913985824942,111.12584334736522,1167.420260362171,337.94031014033726,412.57634673345655,322.70358383678763,577.7499313408988,110.19598543167115,1167.420260362171,337.94031014033726,412.57634673345655,322.70358383678763,577.7499313408988,110.19598543167115
2026-03-02 06:00:00+00:00,391.27,424.65,486.42,880.51,563.23,126.04,1366.3491631555378,339.445204085919,416.48237430400997,279.60079711223756,573.8913985824942,111.12584334736522,1167.420260362171,337.94031014033726,412.57634673345655,322.70358383678763,577.7499313408988,110.19598543167115,1167.420260362171,337.94031014033726,412.57634673345655,322.70358383678763,577.7499313408988,110.19598543167115
2026-03-02 07:00:00+00:00,371.94998,421.91,490.33,416.87,544.96,126.55,1326.208624218009,339.39334849124856,415.7409578939887,287.4825324033327,573.8913985824942,111.12584334736522,1167.420260362171,337.94031014033726,412.57634673345655,322.70358383678763,577.7499313408988,110.19598543167115,1167.420260362171,337.94031014033726,412.57634673345655,322.70358383678763,577.7499313408988,110.19598543167115
2026-03-02 08:00:00+00:00,281.50998,429.49,480.82,158.46,503.73,127.65,1255.1386899224995,339.0237424393044,413.3284827685863,295.3642676944279,573.8913985824942,111.12584334736522,1167.420260362171,337.94031014033726,412.57634673345655,322.70358383678763,577.7499313408988,110.19598543167115,1167.420260362171,337.94031014033726,412.57634673345655,322.70358383678763,577.7499313408988,110.19598543167115
2026-03-02 09:00:00+00:00,270.8599,414.84,447.6,39.0,497.29,127.02,1181.05644213505,338.63597918951643,410.8740325978803,303.24600298552303,573.8913985824942,111.12584334736522,1167.420260362171,337.94031014033726,412.57634673345655,322.70358383678763,577.7499313408988,110.19598543167115,1167.420260362171,337.94031014033726,412.57634673345655,322.70358383678763,577.7499313408988,110.19598543167115
2026-03-02 10:00:00+00:00,237.15994,371.75,431.14,11.350007,509.68,127.84,1112.304464388954,338.3029951757103,409.024924201071,311.12773827661823,573.8913985824942,111.12584334736522,1167.420260362171,337.94031014033726,412.57634673345655,322.70358383678763,577.7499313408988,110.19598543167115,1167.420260362171,337.94031014033726,412.57634673345655,322.70358383678763,577.7499313408988,110.19598543167115
2026-03-02 11:00:00+00:00,221.40005,368.45,420.77,61.51999,552.1,129.56,1080.0968371517852,337.98201339481346,407.92348978433023,319.00947356771337,573.8913985824942,111.12584334736522,1167.420260362171,337.94031014033726,412.57634673345655,322.70358383678763,577.7499313408988,110.19598543167115,1167.420260362171,337.94031014033726,412.57634673345655,322.70358383678763,577.7499313408988,110.19598543167115
2026-03-02 12:00:00+00:00,218.78,374.18,416.36,14.850007,627.71,130.24,1068.1980094797439,337.700577287223,407.48646455915775,326.8912088588085,573.8913985824942,111.12584334736522,1167.420260362171,337.94031014033726,412.57634673345655,322.70358383678763,577.7499313408988,110.19598543167115,1167.420260362171,337.94031014033726,412.57634673345655,322.70358383678763,577.7499313408988,110.19598543167115
2026-03-02 13:00:00+00:00,238.61002,384.65,423.58,0.4400035,516.15,131.47,1083.0715877613193,337.57347705809303,408.43786009994625,334.7729441499037,573.8913985824942,111.12584334736522,1167.420260362171,337.94031014033726,412.57634673345655,322.70358383678763,577.7499313408988,110.19598543167115,1167.420260362171,337.94031014033726,412.57634673345655,322.70358383678763,577.7499313408988,110.19598543167115
2026-03-02 14:00:00+00:00,582.63,408.38,438.87,104.7,505.41,133.54,1137.4807628791511,337.5008483298701,410.72192310171846,342.65467944099885,573.8913985824942,111.12584334736522,1167.420260362171,337.94031014033726,412.57634673345655,322.70358383678763,577.7499313408988,110.19598543167115,1167.420260362171,337.94031014033726,412.57634673345655,322.70358383678763,577.7499313408988,110.19598543167115
2026-03-02 15:00:00+00:00,931.15,402.2,474.07,510.19,512.74,133.37,1223.104674171819,337.52223690644934,414.2208053290625,350.53641473209404,573.8913985824942,111.12584334736522,1167.420260362171,337.94031014033726,412.57634673345655,322.70358383678763,577.7499313408988,110.19598543167115,1167.420260362171,337.94031014033726,412.57634673345655,322.70358383678763,577.7499313408988,110.19598543167115
2026-03-02 16:00:00+00:00,1193.46,413.03,509.52,1117.26,533.18,134.05,1324.2850085565778,337.69503772197413,418.4748302519263,358.4181500231892,573.8913985824942,111.12584334736522,1167.420260362171,337.94031014033726,412.57634673345655,322.70358383678763,577.7499313408988,110.19598543167115,1167.420260362171,337.94031014033726,412.57634673345655,322.70358383678763,577.7499313408988,110.19598543167115
2026-03-02 17:00:00+00:00,1460.51,475.85,516.53,1281.68,528.05,133.3,1369.1184675632626,338.15450654204653,422.2247523104998,366.2998853142844,573.8913985824942,111.12584334736522,1167.420260362171,337.94031014033726,412.57634673345655,322.70358383678763,577.7499313408988,110.19598543167115,1167.420260362171,337.94031014033726,412.57634673345655,322.70358383678763,577.7499313408988,110.19598543167115
2026-03-02 18:00:00+00:00,1659.14,430.58,515.93,1159.58,538.07,132.37,1361.1596446293331,338.3817788704506,423.82185028152605,374.1816206053795,573.8913985824942,111.12584334736522,1167.420260362171,337.94031014033726,412.57634673345655,322.70358383678763,577.7499313408988,110.19598543167115,1167.420260362171,337.94031014033726,412.57634673345655,322.70358383678763,577.7499313408988,110.19598543167115
2026-03-02 19:00:00+00:00,1686.58,430.9,506.1,749.35,537.51,133.52,1329.7586436954366,338.4236327075445,424.4483832677488,382.06335589647466,573.8913985824942,111.12584334736522,1167.420260362171,337.94031014033726,412.57634673345655,322.70358383678763,577.7499313408988,110.19598543167115,1167.420260362171,337.94031014033726,412.57634673345655,322.70358383678763,577.7499313408988,110.19598543167115
2026-03-02 20:00:00+00:00,1722.56,417.5,482.09,502.02,543.58,130.52,1315.51996460686,338.5841235809266,425.7050661447786,389.94509118756986,573.8913985824942,111.12584334736522,1167.420260362171,337.94031014033726,412.57634673345655,322.70358383678763,577.7499313408988,110.19598543167115,1167.420260362171,337.94031014033726,412.57634673345655,322.70358383678763,577.7499313408988,110.19598543167115
2026-03-02 21:00:00+00:00,1763.66,403.86,465.84,147.28,526.31,127.39,1299.4179602692493,338.729073276406,426.82955793604,397.826826478665,573.8913985824942,111.12584334736522,1167.420260362171,337.94031014033726,412.57634673345655,322.70358383678763,577.7499313408988,110.19598543167115,1167.420260362171,337.94031014033726,412.57634673345655,322.70358383678763,577.7499313408988,110.19598543167115
2026-03-02 22:00:00+00:00,1681.39,403.95,449.13,31.139986,521.82,126.37,1282.4619504253465,338.90387463261453,428.0720569323685,405.7085617697602,573.8913985824942,111.12584334736522,1167.420260362171,337.94031014033726,412.57634673345655,322.70358383678763,577.7499313408988,110.19598543167115,1167.420260362171,337.94031014033726,412.57634673345655,322.70358383678763,577.7499313408988,110.19598543167115
2026-03-02 23:00:00+00:00,1765.82,405.5,435.36,78.03,495.68,125.64,1258.3707711436232,339.1071425435033,429.3307998026013,413.59029706085533,573.8913985824942,111.12584334736522,1167.420260362171,337.94031014033726,412.57634673345655,322.70358383678763,577.7499313408988,110.19598543167115,1167.420260362171,337.94031014033726,412.57634673345655,322.70358383678763,577.7499313408988,110.19598543167115
2026-03-03 00:00:00+00:00,1758.24,404.38,425.97,16.510012,494.64,125.5,1254.2617152556247,339.2225482346234,407.21733751115573,232.31038536566658,573.8913985824942,111.12584334736522,1167.420260362171,337.94031014033726,412.57634673345655,322.70358383678763,577.7499313408988,110.19598543167115,1167.420260362171,337.94031014033726,412.57634673345655,322.70358383678763,577.7499313408988,110.19598543167115
2026-03-03 01:00:00+00:00,1757.51,422.0,421.71,13.5599985,491.4,129.17,1261.6444318903805,339.4398187670721,408.84296008636363,240.19212065676174,573.8913985824942,111.12584334736522,1167.420260362171,337.94031014033726,412.57634673345655,322.70358383678763,577.7499313408988,110.19598543167115,1167.420260362171,337.94031014033726,412.57634673345655,322.70358383678763,577.7499313408988,110.19598543167115
2026-03-03 02:00:00+00:00,1757.46,423.66,422.43,17.79001,491.22,129.56,1273.4018291233356,339.6026179372928,410.4388339554647,248.07385594785688,573.8913985824942,111.12584334736522,1167.420260362171,337.94031014033726,412.57634673345655,322.70358383678763,577.7499313408988,110.19598543167115,1167.420260362171,337.94031014033726,412.57634673345655,322.70358383678763,577.7499313408988,110.19598543167115
2026-03-03 03:00:00+00:00,1759.64,430.71,427.91,225.86,506.63,128.53,1295.787749050848,339.6872488090292,412.0274681585263,255.95559123895208,573.8913985824942,111.12584334736522,1167.420260362171,337.94031014033726,412.57634673345655,322.70358383678763,577.7499313408988,110.19598543167115,1167.420260362171,337.94031014033726,412.57634673345655,322.70358383678763,577.7499313408988,110.19598543167115
2026-03-03 04:00:00+00:00,1718.77,435.24,445.25,586.64,533.6,126.27,1331.4714207088007,339.7974226330284,413.9929519577778,263.8373265300472,573.8913985824942,111.12584334736522,1167.420260362171,337.94031014033726,412.57634673345655,322.70358383678763,577.7499313408988,110.19598543167115,1167.420260362171,337.94031014033726,412.57634673345655,322.70358383678763,577.7499313408988,110.19598543167115
2026-03-03 05:00:00+00:00,1691.2,434.91,477.6,817.67,561.59,128.37,1393.237780941718,339.8208116979931,416.7266700375501,271.7190618211424,573.8913985824942,111.12584334736522,1167.420260362171,337.94031014033726,412.57634673345655,322.70358383678763,577.7499313408988,110.19598543167115,1167.420260362171,337.94031014033726,412.57634673345655,322.70358383678763,577.7499313408988,110.19598543167115
2026-03-03 06:00:00+00:00,1691.92,434.83,498.86,1236.69,579.96,128.86,1424.619177830476,339.8735903759924,418.65757746312283,279.60079711223756,573.8913985824942,111.12584334736522,1167.420260362171,337.94031014033726,412.57634673345655,322.70358383678763,577.7499313408988,110.19598543167115,1167.420260362171,337.94031014033726,412.57634673345655,322.70358383678763,577.7499313408988,110.19598543167115
2026-03-03 07:00:00+00:00,1690.66,432.95,500.04,682.65,516.87,129.31,1385.652775762247,339.7063291209051,417.9957643059512,287.4825324033327,573.8913985824942,111.12584334736522,1167.420260362171,337.94031014033726,412.57634673345655,322.70358383678763,577.7499313408988,110.19598543167115,1167.420260362171,337.94031014033726,412.57634673345655,322.70358383678763,577.7499313408988,110.19598543167115
2026-03-03 08:00:00+00:00,1601.77,434.62,478.95,147.74,524.46,129.76,1302.2635312117918,339.21747066139136,415.1767183630636,295.3642676944279,573.8913985824942,111.12584334736522,1167.420260362171,337.94031014033726,412.57634673345655,322.70358383678763,577.7499313408988,110.19598543167115,1167.420260362171,337.94031014033726,412.57634673345655,322.70358383678763,577.7499313408988,110.19598543167115
2026-03-03 09:00:00+00:00,1373.09,415.76,438.32,110.78999,503.74,129.85,1222.867389048398,338.71753300710935,412.29339187514444,303.24600298552303,573.8913985824942,111.12584334736522,1167.420260362171,337.94031014033726,412.57634673345655,322.70358383678763,577.7499313408988,110.19598543167115,1167.420260362171,337.94031014033726,412.57634673345655,322.70358383678763,577.7499313408988,110.19598543167115
2026-03-03 10:00:00+00:00,1063.49,377.85,419.08,39.889984,507.25,126.71,1165.5499784842339,338.28468458539845,409.96209439943414,311.12773827661823,573.8913985824942,111.12584334736522,1167.420260362171,337.94031014033726,412.57634673345655,322.70358383678763,577.7499313408988,110.19598543167115,1167.420260362171,337.94031014033726,412.57634673345655,322.70358383678763,577.7499313408988,110.19598543167115
2026-03-03 11:00:00+00:00,779.62,379.46,407.74,6.26999,493.64,129.33,1124.1283999019702,337.9610868394626,408.505243686759,319.00947356771337,573.8913985824942,111.12584334736522,1167.420260362171,337.94031014033726,412.57634673345655,322.70358383678763,577.7499313408988,110.19598543167115,1167.420260362171,337.94031014033726,412.57634673345655,322.70358383678763,577.7499313408988,110.19598543167115
2026-03-03 12:00:00+00:00,767.12,375.11,402.72,24.329988,488.76,129.58,1115.3929109841984,337.7130413908191,408.53094128582865,326.8912088588085,573.8913985824942,111.12584334736522,1167.420260362171,337.94031014033726,412.57634673345655,322.70358383678763,577.7499313408988,110.19598543167115,1167.420260362171,337.94031014033726,412.57634673345655,322.70358383678763,577.7499313408988,110.19598543167115
2026-03-03 13:00:00+00:00,796.41,379.37,405.96,19.829988,485.43,128.76,1135.035765933314,337.5534735798869,409.94364359856075,334.7729441499037,573.8913985824942,111.12584334736522,1167.420260362171,337.94031014033726,412.57634673345655,322.70358383678763,577.7499313408988,110.19598543167115,1167.420260362171,337.94031014033726,412.57634673345655,322.70358383678763,577.7499313408988,110.19598543167115
2026-03-03 14:00:00+00:00,1389.46,402.08,429.64,40.899994,489.39,130.61,1190.1291578370315,337.50254113691125,412.4618898707511,342.65467944099885,573.8913985824942,111.12584334736522,1167.420260362171,337.94031014033726,412.57634673345655,322.70358383678763,577.7499313408988,110.19598543167115,1167.420260362171,337.94031014033726,412.57634673345655,322.70358383678763,577.7499313408988,110.19598543167115
2026-03-03 15:00:00+00:00,1690.01,405.04,468.65,446.99,534.99,130.01,1263.215556734007,337.514851099217,415.4584213315455,350.53641473209404,573.8913985824942,111.12584334736522,1167.420260362171,337.94031014033726,412.57634673345655,322.70358383678763,577.7499313408988,110.19598543167115,1167.420260362171,337.94031014033726,412.57634673345655,322.70358383678763,577.7499313408988,110.19598543167115
2026-03-03 16:00:00+00:00,1728.51,408.15,501.89,742.34,571.36,130.15,1338.7215114431917,337.6753419934782,419.0170077045993,358.4181500231892,573.8913985824942,111.12584334736522,1167.420260362171,337.94031014033726,412.57634673345655,322.70358383678763,577.7499313408988,110.19598543167115,1167.420260362171,337.94031014033726,412.57634673345655,322.70358383678763,577.7499313408988,110.19598543167115
2026-03-03 17:00:00+00:00,1725.26,408.06,516.38,962.97,610.52,128.1,1384.8727712816958,338.1231162671489,422.6287390009276,366.2998853142844,573.8913985824942,111.12584334736522,1167.420260362171,337.94031014033726,412.57634673345655,322.70358383678763,577.7499313408988,110.19598543167115,1167.420260362171,337.94031014033726,412.57634673345655,322.70358383678763,577.7499313408988,110.19598543167115
2026-03-03 18:00:00+00:00,1727.96,409.08,514.44,1204.31,614.57,128.59,1384.0596756901755,338.2845303493355,424.1125513077832,374.1816206053795,573.8913985824942,111.12584334736522,1167.420260362171,337.94031014033726,412.57634673345655,322.70358383678763,577.7499313408988,110.19598543167115,1167.420260362171,337.94031014033726,412.57634673345655,322.70358383678763,577.7499313408988,110.19598543167115
2026-03-03 19:00:00+00:00,1724.89,423.97,494.57,820.39,569.76,129.37,1366.9325022021276,338.51764993630496,425.2536544884441,382.06335589647466,573.8913985824942,111.12584334736522,1167.420260362171,337.94031014033726,412.57634673345655,322.70358383678763,577.7499313408988,110.19598543167115,1167.420260362171,337.94031014033726,412.57634673345655,322.70358383678763,577.7499313408988,110.19598543167115
2026-03-03 20:00:00+00:00,1721.01,439.36,474.41,424.21,558.35,133.31,1342.4222532206506,338.63567147460475,426.133688081434,389.94509118756986,573.8913985824942,111.12584334736522,1167.420260362171,337.94031014033726,412.57634673345655,322.70358383678763,577.7499313408988,110.19598543167115,1167.420260362171,337.94031014033726,412.57634673345655,322.70358383678763,577.7499313408988,110.19598543167115
2026-03-03 21:00:00+00:00,1725.42,407.3,456.91,332.7,593.76,129.52,1326.2048829674914,338.8594048480407,427.23414217208597,397.826826478665,573.8913985824942,111.12584334736522,1167.420260362171,337.94031014033726,412.57634673345655,322.70358383678763,577.7499313408988,110.19598543167115,1167.420260362171,337.94031014033726,412.57634673345655,322.70358383678763,577.7499313408988,110.19598543167115
2026-03-03 22:00:00+00:00,1710.5,404.32,441.46,125.229996,568.44,125.98,1305.3476482649132,339.0626727589295,428.4421266292781,405.7085617697602,573.8913985824942,111.12584334736522,1167.420260362171,337.94031014033726,412.57634673345655,322.70358383678763,577.7499313408988,110.19598543167115,1167.420260362171,337.94031014033726,412.57634673345655,322.70358383678763,577.7499313408988,110.19598543167115
2026-03-03 23:00:00+00:00,1554.01,412.82,429.09,118.19,563.8,123.32,1302.835613983022,339.2208553997434,429.5869696683924,413.59029706085533,573.8913985824942,111.12584334736522,1167.420260362171,337.94031014033726,412.57634673345655,322.70358383678763,577.7499313408988,110.19598543167115,1167.420260362171,337.94031014033726,412.57634673345655,322.70358383678763,577.7499313408988,110.19598543167115
2026-03-04 00:00:00+00:00,1535.21,426.42,420.39,46.570007,551.51,123.99,1289.2001584050104,339.19623559221577,407.05930347923436,232.31038536566658,573.8913985824942,111.12584334736522,1167.420260362171,337.94031014033726,412.57634673345655,322.70358383678763,577.7499313408988,110.19598543167115,1167.420260362171,337.94031014033726,412.57634673345655,322.70358383678763,577.7499313408988,110.19598543167115
2026-03-04 01:00:00+00:00,1539.02,435.57,416.13,37.059998,544.37,125.06,1287.296156440934,339.26794116106805,408.31744735541935,240.19212065676174,573.8913985824942,111.12584334736522,1167.420260362171,337.94031014033726,412.57634673345655,322.70358383678763,577.7499313408988,110.19598543167115,1167.420260362171,337.94031014033726,412.57634673345655,322.70358383678763,577.7499313408988,110.19598543167115
2026-03-04 02:00:00+00:00,1547.53,434.36,419.07,35.0,546.58,125.41,1291.3495422689575,339.3091795697707,409.71032357910707,248.07385594785688,573.8913985824942,111.12584334736522,1167.420260362171,337.94031014033726,412.57634673345655,322.70358383678763,577.7499313408988,110.19598543167115,1167.420260362171,337.94031014033726,412.57634673345655,322.70358383678763,577.7499313408988,110.19598543167115
2026-03-04 03:00:00+00:00,1598.83,420.33,425.66,52.839996,549.44,123.1,1308.3830348222853,339.34872520213537,411.2881722559429,255.95559123895208,573.8913985824942,111.12584334736522,1167.420260362171,337.94031014033726,412.57634673345655,322.70358383678763,577.7499313408988,110.19598543167115,1167.420260362171,337.94031014033726,412.57634673345655,322.70358383678763,577.7499313408988,110.19598543167115
2026-03-04 04:00:00+00:00,1703.72,416.71,441.88,150.97,593.52,121.1,1329.9580963147444,339.42227702402624,413.1532479666726,263.8373265300472,573.8913985824942,111.12584334736522,1167.420260362171,337.94031014033726,412.57634673345655,322.70358383678763,577.7499313408988,110.19598543167115,1167.420260362171,337.94031014033726,412.57634673345655,322.70358383678763,577.7499313408988,110.19598543167115
2026-03-04 05:00:00+00:00,1706.32,423.52,467.54,616.34,630.71,120.93,1393.0452155525,339.4679776375438,415.7874451136359,271.7190618211424,573.8913985824942,111.12584334736522,1167.420260362171,337.94031014033726,412.57634673345655,322.70358383678763,577.7499313408988,110.19598543167115,1167.420260362171,337.94031014033726,412.57634673345655,322.70358383678763,577.7499313408988,110.19598543167115
2026-03-04 06:00:00+00:00,1705.52,434.63,483.15,846.56,654.69,128.98,1422.6080051709862,339.5716888825623,417.50049055595497,279.60079711223756,573.8913985824942,111.12584334736522,1167.420260362171,337.94031014033726,412.57634673345655,322.70358383678763,577.7499313408988,110.19598543167115,1167.420260362171,337.94031014033726,412.57634673345655,322.70358383678763,577.7499313408988,110.19598543167115
2026-03-04 07:00:00+00:00,1721.57,434.33,483.38,663.16,625.42,242.86,1382.6630868906093,339.4190457930778,416.8632140418596,287.4825324033327,573.8913985824942,111.12584334736522,1167.420260362171,337.94031014033726,412.57634673345655,322.70358383678763,577.7499313408988,110.19598543167115,1167.420260362171,337.94031014033726,412.57634673345655,322.70358383678763,577.7499313408988,110.19598543167115
2026-03-04 08:00:00+00:00,1633.63,429.95,458.31,99.62001,557.23,244.65,1299.4490210120314,338.9392658614568,413.9969442071069,295.3642676944279,573.8913985824942,111.12584334736522,1167.420260362171,337.94031014033726,412.57634673345655,322.70358383678763,577.7499313408988,110.19598543167115,1167.420260362171,337.94031014033726,412.57634673345655,322.70358383678763,577.7499313408988,110.19598543167115
2026-03-04 09:00:00+00:00,1206.31,391.62,434.61,14.079988,563.06,132.3,1208.0291767944866,338.4500996563283,410.76707776317807,303.24600298552303,573.8913985824942,111.12584334736522,1167.420260362171,337.94031014033726,412.57634673345655,322.70358383678763,577.7499313408988,110.19598543167115,1167.420260362171,337.94031014033726,412.57634673345655,322.70358383678763,577.7499313408988,110.19598543167115
2026-03-04 10:00:00+00:00,739.57,370.01,418.03,20.459993,541.17,127.55,1142.6502476485355,338.0357160269097,408.2584713578983,311.12773827661823,573.8913985824942,111.12584334736522,1167.420260362171,337.94031014033726,412.57634673345655,322.70358383678763,577.7499313408988,110.19598543167115,1167.420260362171,337.94031014033726,412.57634673345655,322.70358383678763,577.7499313408988,110.19598543167115
2026-03-04 11:00:00+00:00,717.0,384.18,403.41,6.4200144,538.95,127.95,1098.3797376560656,337.7095023997209,406.7179201869561,319.00947356771337,573.8913985824942,111.12584334736522,1167.420260362171,337.94031014033726,412.57634673345655,322.70358383678763,577.7499313408988,110.19598543167115,1167.420260362171,337.94031014033726,412.57634673345655,322.70358383678763,577.7499313408988,110.19598543167115
2026-03-04 12:00:00+00:00,704.01,384.51,395.98,0.079987645,528.37,126.07,1085.02884206955,337.4983867473083,406.56428797463593,326.8912088588085,573.8913985824942,111.12584334736522,1167.420260362171,337.94031014033726,412.57634673345655,322.70358383678763,577.7499313408988,110.19598543167115,1167.420260362171,337.94031014033726,412.57634673345655,322.70358383678763,577.7499313408988,110.19598543167115
2026-03-04 13:00:00+00:00,871.16,395.98,407.11,12.859986,553.96,128.08,1095.5741209199398,337.33235623335173,407.58999473564086,334.7729441499037,573.8913985824942,111.12584334736522,1167.420260362171,337.94031014033726,412.57634673345655,322.70358383678763,577.7499313408988,110.19598543167115,1167.420260362171,337.94031014033726,412.57634673345655,322.70358383678763,577.7499313408988,110.19598543167115
2026-03-04 14:00:00+00:00,1683.46,406.33,421.26,48.73001,563.21,129.07,1150.7911505716456,337.278192463223,410.17023769124995,342.65467944099885,573.8913985824942,111.12584334736522,1167.420260362171,337.94031014033726,412.57634673345655,322.70358383678763,577.7499313408988,110.19598543167115,1167.420260362171,337.94031014033726,412.57634673345655,322.70358383678763,577.7499313408988,110.19598543167115
2026-03-04 15:00:00+00:00,1747.82,427.96,457.49,397.88,583.72,126.31,1231.9171436715096,337.32066174262764,413.8066047411983,350.53641473209404,573.8913985824942,111.12584334736522,1167.420260362171,337.94031014033726,412.57634673345655,322.70358383678763,577.7499313408988,110.19598543167115,1167.420260362171,337.94031014033726,412.57634673345655,322.70358383678763,577.7499313408988,110.19598543167115
2026-03-04 16:00:00+00:00,1742.51,438.6,504.88,762.42,582.95,125.23,1325.7387999794385,337.5083884240316,418.08493027050343,358.4181500231892,573.8913985824942,111.12584334736522,1167.420260362171,337.94031014033726,412.57634673345655,322.70358383678763,577.7499313408988,110.19598543167115,1167.420260362171,337.94031014033726,412.57634673345655,322.70358383678763,577.7499313408988,110.19598543167115
2026-03-04 17:00:00+00:00,1744.16,443.05,515.92,1009.72,602.58,128.16,1362.3782395998655,337.98662972293215,421.63413943499165,366.2998853142844,573.8913985824942,111.12584334736522,1167.420260362171,337.94031014033726,412.57634673345655,322.70358383678763,577.7499313408988,110.19598543167115,1167.420260362171,337.94031014033726,412.57634673345655,322.70358383678763,577.7499313408988,110.19598543167115
2026-03-04 18:00:00+00:00,1721.89,444.44,515.54,771.72,587.99,126.04,1352.5962003757286,338.0928026238186,422.4926302545602,374.1816206053795,573.8913985824942,111.12584334736522,1167.420260362171,337.94031014033726,412.57634673345655,322.70358383678763,577.7499313408988,110.19598543167115,1167.420260362171,337.94031014033726,412.57634673345655,322.70358383678763,577.7499313408988,110.19598543167115
2026-03-04 19:00:00+00:00,1700.44,444.84,501.9,816.1501,564.35,124.99,1331.843404226504,338.25144739911605,423.5804460769702,382.06335589647466,573.8913985824942,111.12584334736522,1167.420260362171,337.94031014033726,412.57634673345655,322.70358383678763,577.7499313408988,110.19598543167115,1167.420260362171,337.94031014033726,412.57634673345655,322.70358383678763,577.7499313408988,110.19598543167115
2026-03-04 20:00:00+00:00,1703.09,434.92,483.58,306.43,543.86,129.21,1306.931672494216,338.43855860197857,424.77178228893075,389.94509118756986,573.8913985824942,111.12584334736522,1167.420260362171,337.94031014033726,412.57634673345655,322.70358383678763,577.7499313408988,110.19598543167115,1167.420260362171,337.94031014033726,412.57634673345655,322.70358383678763,577.7499313408988,110.19598543167115
2026-03-04 21:00:00+00:00,1699.05,408.69,468.29,230.26,557.04,127.34,1279.0767705922385,338.46025476246626,425.2571237066715,397.826826478665,573.8913985824942,111.12584334736522,1167.420260362171,337.94031014033726,412.57634673345655,322.70358383678763,577.7499313408988,110.19598543167115,1167.420260362171,337.94031014033726,412.57634673345655,322.70358383678763,577.7499313408988,110.19598543167115
2026-03-04 22:00:00+00:00,1565.0,403.59,451.1,52.579987,558.15,129.12,1251.617773881791,338.5581186673501,425.96106084822117,405.7085617697602,573.8913985824942,111.12584334736522,1167.420260362171,337.94031014033726,412.57634673345655,322.70358383678763,577.7499313408988,110.19598543167115,1167.420260362171,337.94031014033726,412.57634673345655,322.70358383678763,577.7499313408988,110.19598543167115
2026-03-04 23:00:00+00:00,1526.88,403.64,431.9,32.200012,548.5,127.27,1229.564840406112,338.72538003665704,426.95403611348644,413.59029706085533,573.8913985824942,111.12584334736522,1167.420260362171,337.94031014033726,412.57634673345655,322.70358383678763,577.7499313408988,110.19598543167115,1167.420260362171,337.94031014033726,412.57634673345655,322.70358383678763,577.7499313408988,110.19598543167115
2026-03-05 00:00:00+00:00,1534.57,404.63,420.03,33.26999,547.28,126.83,1216.150688155805,338.8038559579437,404.72201159371923,232.31038536566658,573.8913985824942,111.12584334736522,1167.420260362171,337.94031014033726,412.57634673345655,322.70358383678763,577.7499313408988,110.19598543167115,1167.420260362171,337.94031014033726,412.57634673345655,322.70358383678763,577.7499313408988,110.19598543167115
2026-03-05 01:00:00+00:00,1534.59,404.62,418.6,33.72,532.25,126.04,1213.7939537403338,338.927724805675,406.0211704414443,240.19212065676174,573.8913985824942,111.12584334736522,1167.420260362171,337.94031014033726,412.57634673345655,322.70358383678763,577.7499313408988,110.19598543167115,1167.420260362171,337.94031014033726,412.57634673345655,322.70358383678763,577.7499313408988,110.19598543167115
2026-03-05 02:00:00+00:00,1538.3,404.64,417.59,27.700014,525.47,126.8,1216.606815129148,339.0062006684197,407.3239452331154,248.07385594785688,573.8913985824942,111.12584334736522,1167.420260362171,337.94031014033726,412.57634673345655,322.70358383678763,577.7499313408988,110.19598543167115,1167.420260362171,337.94031014033726,412.57634673345655,322.70358383678763,577.7499313408988,110.19598543167115
2026-03-05 03:00:00+00:00,1523.82,405.87,423.16,34.98001,522.13,125.72,1236.3518031930726,339.09021625811965,408.78089927941227,255.95559123895208,573.8913985824942,111.12584334736522,1167.420260362171,337.94031014033726,412.57634673345655,322.70358383678763,577.7499313408988,110.19598543167115,1167.420260362171,337.94031014033726,412.57634673345655,322.70358383678763,577.7499313408988,110.19598543167115
2026-03-05 04:00:00+00:00,1521.95,417.97,441.19,184.3,529.61,125.27,1262.20498517355,339.1476113455776,410.55739279698645,263.8373265300472,573.8913985824942,111.12584334736522,1167.420260362171,337.94031014033726,412.57634673345655,322.70358383678763,577.7499313408988,110.19598543167115,1167.420260362171,337.94031014033726,412.57634673345655,322.70358383678763,577.7499313408988,110.19598543167115
2026-03-05 05:00:00+00:00,1597.07,435.98,474.62,608.51,520.3,128.67,1318.5274397656187,339.15115034997973,413.24193190566376,271.7190618211424,573.8913985824942,111.12584334736522,1167.420260362171,337.94031014033726,412.57634673345655,322.70358383678763,577.7499313408988,110.19598543167115,1167.420260362171,337.94031014033726,412.57634673345655,322.70358383678763,577.7499313408988,110.19598543167115
2026-03-05 06:00:00+00:00,1610.75,444.76,493.5,769.78,521.63,130.14,1339.960759721223,339.1696152348964,414.9776916489799,279.60079711223756,573.8913985824942,111.12584334736522,1167.420260362171,337.94031014033726,412.57634673345655,322.70358383678763,577.7499313408988,110.19598543167115,1167.420260362171,337.94031014033726,412.57634673345655,322.70358383678763,577.7499313408988,110.19598543167115
2026-03-05 07:00:00+00:00,1515.91,444.76,482.36,310.36,505.36,130.09,1310.2931091596317,339.13591681309526,414.69839702765927,287.4825324033327,573.8913985824942,111.12584334736522,1167.420260362171,337.94031014033726,412.57634673345655,322.70358383678763,577.7499313408988,110.19598543167115,1167.420260362171,337.94031014033726,412.57634673345655,322.70358383678763,577.7499313408988,110.19598543167115
2026-03-05 08:00:00+00:00,1045.4,412.78,455.2,262.68,500.26,133.92,1238.7489334554882,338.8269372244802,412.47752410611406,295.3642676944279,573.8913985824942,111.12584334736522,1167.420260362171,337.94031014033726,412.57634673345655,322.70358383678763,577.7499313408988,110.19598543167115,1167.420260362171,337.94031014033726,412.57634673345655,322.70358383678763,577.7499313408988,110.19598543167115
2026-03-05 09:00:00+00:00,1042.76,392.16,430.91,76.219986,500.9,134.85,1161.8854641165613,338.4848745699939,410.06076550348723,303.24600298552303,573.8913985824942,111.12584334736522,1167.420260362171,337.94031014033726,412.57634673345655,322.70358383678763,577.7499313408988,110.19598543167115,1167.420260362171,337.94031014033726,412.57634673345655,322.70358383678763,577.7499313408988,110.19598543167115
2026-03-05 10:00:00+00:00,779.8,376.52,414.3,1.1399852,494.27,133.83,1093.784467986789,338.127578430821,407.90924793262195,311.12773827661823,573.8913985824942,111.12584334736522,1167.420260362171,337.94031014033726,412.57634673345655,322.70358383678763,577.7499313408988,110.19598543167115,1167.420260362171,337.94031014033726,412.57634673345655,322.70358383678763,577.7499313408988,110.19598543167115
2026-03-05 11:00:00+00:00,679.86,346.63,394.83,12.149995,503.69,117.0,1047.4531922215708,337.8036729792696,406.45105167407905,319.00947356771337,573.8913985824942,111.12584334736522,1167.420260362171,337.94031014033726,412.57634673345655,322.70358383678763,577.7499313408988,110.19598543167115,1167.420260362171,337.94031014033726,412.57634673345655,322.70358383678763,577.7499313408988,110.19598543167115
2026-03-05 12:00:00+00:00,690.17,343.72,393.1,0.67999375,557.97,118.57,1045.595014226043,337.4557631183372,406.03758092805845,326.8912088588085,573.8913985824942,111.12584334736522,1167.420260362171,337.94031014033726,412.57634673345655,322.70358383678763,577.7499313408988,110.19598543167115,1167.420260362171,337.94031014033726,412.57634673345655,322.70358383678763,577.7499313408988,110.19598543167115
2026-03-05 13:00:00+00:00,706.17,342.74,401.53,34.130005,628.47,117.23,1062.631922090623,337.2985035315812,407.1968512490952,334.7729441499037,573.8913985824942,111.12584334736522,1167.420260362171,337.94031014033726,412.57634673345655,322.70358383678763,577.7499313408988,110.19598543167115,1167.420260362171,337.94031014033726,412.57634673345655,322.70358383678763,577.7499313408988,110.19598543167115
2026-03-05 14:00:00+00:00,873.28,350.09,422.26,51.369995,552.63,117.9,1120.2947800718387,337.2229512462794,409.70560109633846,342.65467944099885,573.8913985824942,111.12584334736522,1167.420260362171,337.94031014033726,412.57634673345655,322.70358383678763,577.7499313408988,110.19598543167115,1167.420260362171,337.94031014033726,412.57634673345655,322.70358383678763,577.7499313408988,110.19598543167115
2026-03-05 15:00:00+00:00,1568.69,371.98,455.6,453.98,610.18,118.43,1204.7798915243452,337.25372603496,413.3606491634534,350.53641473209404,573.8913985824942,111.12584334736522,1167.420260362171,337.94031014033726,412.57634673345655,322.70358383678763,577.7499313408988,110.19598543167115,1167.420260362171,337.94031014033726,412.57634673345655,322.70358383678763,577.7499313408988,110.19598543167115
2026-03-05 16:00:00+00:00,1687.89,376.43,496.95,1189.43,676.38,116.82,1292.1365464999967,337.44437639820245,417.50604976287883,358.4181500231892,573.8913985824942,111.12584334736522,1167.420260362171,337.94031014033726,412.57634673345655,322.70358383678763,577.7499313408988,110.19598543167115,1167.420260362171,337.94031014033726,412.57634673345655,322.70358383678763,577.7499313408988,110.19598543167115
2026-03-05 17:00:00+00:00,1733.83,397.42,513.2,1050.75,587.97,116.8,1321.502747142406,337.8493736160327,420.82379715672107,366.2998853142844,573.8913985824942,111.12584334736522,1167.420260362171,337.94031014033726,412.57634673345655,322.70358383678763,577.7499313408988,110.19598543167115,1167.420260362171,337.94031014033726,412.57634673345655,322.70358383678763,577.7499313408988,110.19598543167115
2026-03-05 18:00:00+00:00,1737.98,372.82,510.46,554.1,519.11,116.63,1311.36080725567,337.9700111959199,422.11119983704407,374.1816206053795,573.8913985824942,111.12584334736522,1167.420260362171,337.94031014033726,412.57634673345655,322.70358383678763,577.7499313408988,110.19598543167115,1167.420260362171,337.94031014033726,412.57634673345655,322.70358383678763,577.7499313408988,110.19598543167115
2026-03-05 19:00:00+00:00,1629.34,372.26,497.32,130.1,523.6,116.29,1291.782267650997,338.060797044523,422.9275053557676,382.06335589647466,573.8913985824942,111.12584334736522,1167.420260362171,337.94031014033726,412.57634673345655,322.70358383678763,577.7499313408988,110.19598543167115,1167.420260362171,337.94031014033726,412.57634673345655,322.70358383678763,577.7499313408988,110.19598543167115
2026-03-05 20:00:00+00:00,1515.5,372.04,477.63,129.48001,524.06,116.59,1278.3570426916663,338.23098199511077,424.0538147155121,389.94509118756986,573.8913985824942,111.12584334736522,1167.420260362171,337.94031014033726,412.57634673345655,322.70358383678763,577.7499313408988,110.19598543167115,1167.420260362171,337.94031014033726,412.57634673345655,322.70358383678763,577.7499313408988,110.19598543167115
2026-03-05 21:00:00+00:00,1515.53,372.73,463.67,51.850006,525.54,115.41,1266.4721857358722,338.4157849054311,425.12955095661874,397.826826478665,573.8913985824942,111.12584334736522,1167.420260362171,337.94031014033726,412.57634673345655,322.70358383678763,577.7499313408988,110.19598543167115,1167.420260362171,337.94031014033726,412.57634673345655,322.70358383678763,577.7499313408988,110.19598543167115
2026-03-05 22:00:00+00:00,1566.08,374.49,443.35,31.940004,523.9,116.21,1255.400468922912,338.55919604313567,426.3090938780323,405.7085617697602,573.8913985824942,111.12584334736522,1167.420260362171,337.94031014033726,412.57634673345655,322.70358383678763,577.7499313408988,110.19598543167115,1167.420260362171,337.94031014033726,412.57634673345655,322.70358383678763,577.7499313408988,110.19598543167115
2026-03-05 23:00:00+00:00,1688.8,373.93,426.36,152.33,525.21,117.0,1248.9065502907947,338.63474844695344,427.36420574525977,413.59029706085533,573.8913985824942,111.12584334736522,1167.420260362171,337.94031014033726,412.57634673345655,322.70358383678763,577.7499313408988,110.19598543167115,1167.420260362171,337.94031014033726,412.57634673345655,322.70358383678763,577.7499313408988,110.19598543167115
2026-03-06 00:00:00+00:00,1684.67,373.01,418.96,461.57,570.0,116.56,1241.230636053299,338.7164556577305,405.1617145666182,232.31038536566658,573.8913985824942,111.12584334736522,1167.420260362171,337.94031014033726,412.57634673345655,322.70358383678763,577.7499313408988,110.19598543167115,1167.420260362171,337.94031014033726,412.57634673345655,322.70358383678763,577.7499313408988,110.19598543167115
2026-03-06 01:00:00+00:00,1694.84,373.28,416.25,387.2,556.72,117.31,1246.3019795270745,338.89248787072154,406.72271555884333,240.19212065676174,573.8913985824942,111.12584334736522,1167.420260362171,337.94031014033726,412.57634673345655,322.70358383678763,577.7499313408988,110.19598543167115,1167.420260362171,337.94031014033726,412.57634673345655,322.70358383678763,577.7499313408988,110.19598543167115
2026-03-06 02:00:00+00:00,1697.08,380.31,416.13,142.25,538.02,118.13,1266.1863191729092,339.10391122617415,408.51422050322503,248.07385594785688,573.8913985824942,111.12584334736522,1167.420260362171,337.94031014033726,412.57634673345655,322.70358383678763,577.7499313408988,110.19598543167115,1167.420260362171,337.94031014033726,412.57634673345655,322.70358383678763,577.7499313408988,110.19598543167115
2026-03-06 03:00:00+00:00,1683.84,383.66,422.76,214.24,541.0,119.52,1289.7235591002643,339.3004086982478,410.51771030385044,255.95559123895208,573.8913985824942,111.12584334736522,1167.420260362171,337.94031014033726,412.57634673345655,322.70358383678763,577.7499313408988,110.19598543167115,1167.420260362171,337.94031014033726,412.57634673345655,322.70358383678763,577.7499313408988,110.19598543167115
2026-03-06 04:00:00+00:00,1684.6,383.55,439.43,395.37,560.87,118.65,1326.3950027795759,339.43597205062264,412.59585280401353,263.8373265300472,573.8913985824942,111.12584334736522,1167.420260362171,337.94031014033726,412.57634673345655,322.70358383678763,577.7499313408988,110.19598543167115,1167.420260362171,337.94031014033726,412.57634673345655,322.70358383678763,577.7499313408988,110.19598543167115
2026-03-06 05:00:00+00:00,1676.17,383.19,476.75,996.38,691.9,116.41,1395.3392974738076,339.5627644172549,415.5362967168735,271.7190618211424,573.8913985824942,111.12584334736522,1167.420260362171,337.94031014033726,412.57634673345655,322.70358383678763,577.7499313408988,110.19598543167115,1167.420260362171,337.94031014033726,412.57634673345655,322.70358383678763,577.7499313408988,110.19598543167115
2026-03-06 06:00:00+00:00,1672.91,386.6,499.26,1158.34,668.06,208.86,1415.8021358827577,339.6530885233502,417.3630260452325,279.60079711223756,573.8913985824942,111.12584334736522,1167.420260362171,337.94031014033726,412.57634673345655,322.70358383678763,577.7499313408988,110.19598543167115,1167.420260362171,337.94031014033726,412.57634673345655,322.70358383678763,577.7499313408988,110.19598543167115
2026-03-06 07:00:00+00:00,1687.58,409.41,497.55,552.4,585.14,214.31,1378.0439935129766,339.46736226912657,416.7233885219768,287.4825324033327,573.8913985824942,111.12584334736522,1167.420260362171,337.94031014033726,412.57634673345655,322.70358383678763,577.7499313408988,110.19598543167115,1167.420260362171,337.94031014033726,412.57634673345655,322.70358383678763,577.7499313408988,110.19598543167115
2026-03-06 08:00:00+00:00,1685.64,434.52,469.18,216.27,575.18,252.25,1291.1930596734762,338.95973123762326,413.92868103041593,295.3642676944279,573.8913985824942,111.12584334736522,1167.420260362171,337.94031014033726,412.57634673345655,322.70358383678763,577.7499313408988,110.19598543167115,1167.420260362171,337.94031014033726,412.57634673345655,322.70358383678763,577.7499313408988,110.19598543167115
2026-03-06 09:00:00+00:00,1400.87,423.54,432.57,171.02,515.43,249.09,1212.7816114475324,338.46533310683196,411.00484250116193,303.24600298552303,573.8913985824942,111.12584334736522,1167.420260362171,337.94031014033726,412.57634673345655,322.70358383678763,577.7499313408988,110.19598543167115,1167.420260362171,337.94031014033726,412.57634673345655,322.70358383678763,577.7499313408988,110.19598543167115
2026-03-06 10:00:00+00:00,1287.94,374.64,414.23,6.880006,504.74,133.95,1162.9227315385006,338.09926606517547,408.84854811816626,311.12773827661823,573.8913985824942,111.12584334736522,1167.420260362171,337.94031014033726,412.57634673345655,322.70358383678763,577.7499313408988,110.19598543167115,1167.420260362171,337.94031014033726,412.57634673345655,322.70358383678763,577.7499313408988,110.19598543167115
2026-03-06 11:00:00+00:00,1280.34,373.13,404.99,29.750002,507.66,128.76,1135.8039471947923,337.84244981955914,407.9407843160982,319.00947356771337,573.8913985824942,111.12584334736522,1167.420260362171,337.94031014033726,412.57634673345655,322.70358383678763,577.7499313408988,110.19598543167115,1167.420260362171,337.94031014033726,412.57634673345655,322.70358383678763,577.7499313408988,110.19598543167115
2026-03-06 12:00:00+00:00,1277.86,372.75,398.47,1.8399974,499.97,131.33,1126.5213796250762,337.6854979320555,408.25935824161456,326.8912088588085,573.8913985824942,111.12584334736522,1167.420260362171,337.94031014033726,412.57634673345655,322.70358383678763,577.7499313408988,110.19598543167115,1167.420260362171,337.94031014033726,412.57634673345655,322.70358383678763,577.7499313408988,110.19598543167115
2026-03-06 13:00:00+00:00,1442.2,375.8,412.3,3.1900036,498.78,135.87,1138.965391049486,337.5016180883809,409.32837215756655,334.7729441499037,573.8913985824942,111.12584334736522,1167.420260362171,337.94031014033726,412.57634673345655,322.70358383678763,577.7499313408988,110.19598543167115,1167.420260362171,337.94031014033726,412.57634673345655,322.70358383678763,577.7499313408988,110.19598543167115
2026-03-06 14:00:00+00:00,1704.92,397.76,427.42,179.99,526.88,135.44,1186.358129193511,337.4111398110082,411.65464223547133,342.65467944099885,573.8913985824942,111.12584334736522,1167.420260362171,337.94031014033726,412.57634673345655,322.70358383678763,577.7499313408988,110.19598543167115,1167.420260362171,337.94031014033726,412.57634673345655,322.70358383678763,577.7499313408988,110.19598543167115
2026-03-06 15:00:00+00:00,1733.06,420.74,462.18,796.11,625.79,135.98,1259.118964468582,337.4386833980113,414.81431151656113,350.53641473209404,573.8913985824942,111.12584334736522,1167.420260362171,337.94031014033726,412.57634673345655,322.70358383678763,577.7499313408988,110.19598543167115,1167.420260362171,337.94031014033726,412.57634673345655,322.70358383678763,577.7499313408988,110.19598543167115
2026-03-06 16:00:00+00:00,1757.03,473.37,501.58,1084.28,662.27,136.51,1319.2334885541823,337.61179182385115,418.08202532128206,358.4181500231892,573.8913985824942,111.12584334736522,1167.420260362171,337.94031014033726,412.57634673345655,322.70358383678763,577.7499313408988,110.19598543167115,1167.420260362171,337.94031014033726,412.57634673345655,322.70358383678763,577.7499313408988,110.19598543167115
2026-03-06 17:00:00+00:00,1766.29,480.82,510.13,1218.98,616.2,136.86,1356.7266375389443,337.99309247137353,421.1661580345952,366.2998853142844,573.8913985824942,111.12584334736522,1167.420260362171,337.94031014033726,412.57634673345655,322.70358383678763,577.7499313408988,110.19598543167115,1167.420260362171,337.94031014033726,412.57634673345655,322.70358383678763,577.7499313408988,110.19598543167115
2026-03-06 18:00:00+00:00,1767.6,447.1,508.44,1148.5999,603.49,135.72,1354.1788466539879,338.14481243459625,422.5164797010322,374.1816206053795,573.8913985824942,111.12584334736522,1167.420260362171,337.94031014033726,412.57634673345655,322.70358383678763,577.7499313408988,110.19598543167115,1167.420260362171,337.94031014033726,412.57634673345655,322.70358383678763,577.7499313408988,110.19598543167115
2026-03-06 19:00:00+00:00,1748.16,411.29,491.41,1154.04,646.45,135.58,1332.1391531341133,338.30791933078376,423.38612363452626,382.06335589647466,573.8913985824942,111.12584334736522,1167.420260362171,337.94031014033726,412.57634673345655,322.70358383678763,577.7499313408988,110.19598543167115,1167.420260362171,337.94031014033726,412.57634673345655,322.70358383678763,577.7499313408988,110.19598543167115
2026-03-06 20:00:00+00:00,1749.04,411.21,469.8,1053.36,642.81,136.38,1316.639399026462,338.5893555065894,424.74710028019297,389.94509118756986,573.8913985824942,111.12584334736522,1167.420260362171,337.94031014033726,412.57634673345655,322.70358383678763,577.7499313408988,110.19598543167115,1167.420260362171,337.94031014033726,412.57634673345655,322.70358383678763,577.7499313408988,110.19598543167115
2026-03-06 21:00:00+00:00,1745.82,410.95,453.61,668.48,625.62,135.98,1298.5493133568389,338.779390327221,425.9533293750435,397.826826478665,573.8913985824942,111.12584334736522,1167.420260362171,337.94031014033726,412.57634673345655,322.70358383678763,577.7499313408988,110.19598543167115,1167.420260362171,337.94031014033726,412.57634673345655,322.70358383678763,577.7499313408988,110.19598543167115
2026-03-06 22:00:00+00:00,1745.11,419.87,433.48,350.03,600.04,136.34,1284.4502476324335,338.9000278576231,426.885290461555,405.7085617697602,573.8913985824942,111.12584334736522,1167.420260362171,337.94031014033726,412.57634673345655,322.70358383678763,577.7499313408988,110.19598543167115,1167.420260362171,337.94031014033726,412.57634673345655,322.70358383678763,577.7499313408988,110.19598543167115
2026-03-06 23:00:00+00:00,1772.4,421.93,417.34,489.11,661.86,137.32,1268.9774344736566,338.9905060263038,427.8705656907794,413.59029706085533,573.8913985824942,111.12584334736522,1167.420260362171,337.94031014033726,412.57634673345655,322.70358383678763,577.7499313408988,110.19598543167115,1167.420260362171,337.94031014033726,412.57634673345655,322.70358383678763,577.7499313408988,110.19598543167115
2026-03-07 00:00:00+00:00,1767.38,422.45,410.91,276.59,727.43,135.7,1254.1057789967192,339.0365143518688,405.57138402291025,232.31038536566658,573.8913985824942,111.12584334736522,1167.420260362171,337.94031014033726,412.57634673345655,322.70358383678763,577.7499313408988,110.19598543167115,1167.420260362171,337.94031014033726,412.57634673345655,322.70358383678763,577.7499313408988,110.19598543167115
2026-03-07 01:00:00+00:00,1780.5,422.33,408.42,192.47,639.72,135.87,1246.5752535757135,339.1357633920724,406.8277189331374,240.19212065676174,573.8913985824942,111.12584334736522,1167.420260362171,337.94031014033726,412.57634673345655,322.70358383678763,577.7499313408988,110.19598543167115,1167.420260362171,337.94031014033726,412.57634673345655,322.70358383678763,577.7499313408988,110.19598543167115
2026-03-07 02:00:00+00:00,1778.93,412.65,406.31,153.58,626.66,135.4,1252.4774014857996,339.25701632159485,408.3071854395212,248.07385594785688,573.8913985824942,111.12584334736522,1167.420260362171,337.94031014033726,412.57634673345655,322.70358383678763,577.7499313408988,110.19598543167115,1167.420260362171,337.94031014033726,412.57634673345655,322.70358383678763,577.7499313408988,110.19598543167115
2026-03-07 03:00:00+00:00,1757.15,419.09,412.41,163.0,659.53,135.05,1260.0345105764272,339.34841760144326,409.8317973410266,255.95559123895208,573.8913985824942,111.12584334736522,1167.420260362171,337.94031014033726,412.57634673345655,322.70358383678763,577.7499313408988,110.19598543167115,1167.420260362171,337.94031014033726,412.57634673345655,322.70358383678763,577.7499313408988,110.19598543167115
2026-03-07 04:00:00+00:00,1752.75,422.24,429.09,322.22,662.79,133.87,1266.1554213115303,339.37565327150213,411.0655952383453,263.8373265300472,573.8913985824942,111.12584334736522,1167.420260362171,337.94031014033726,412.57634673345655,322.70358383678763,577.7499313408988,110.19598543167115,1167.420260362171,337.94031014033726,412.57634673345655,322.70358383678763,577.7499313408988,110.19598543167115
2026-03-07 05:00:00+00:00,1726.39,422.99,463.81,596.42,693.8,130.61,1283.77534288635,339.42366208831686,412.54480250176744,271.7190618211424,573.8913985824942,111.12584334736522,1167.420260362171,337.94031014033726,412.57634673345655,322.70358383678763,577.7499313408988,110.19598543167115,1167.420260362171,337.94031014033726,412.57634673345655,322.70358383678763,577.7499313408988,110.19598543167115
2026-03-07 06:00:00+00:00,1707.68,423.05,482.38,384.16,566.68,129.1,1287.338320240298,339.5552246616568,413.4646515568805,279.60079711223756,573.8913985824942,111.12584334736522,1167.420260362171,337.94031014033726,412.57634673345655,322.70358383678763,577.7499313408988,110.19598543167115,1167.420260362171,337.94031014033726,412.57634673345655,322.70358383678763,577.7499313408988,110.19598543167115
2026-03-07 07:00:00+00:00,1704.54,408.98,476.22,63.869995,564.79,127.65,1247.2903946935269,339.3694983488912,412.47381930718717,287.4825324033327,573.8913985824942,111.12584334736522,1167.420260362171,337.94031014033726,412.57634673345655,322.70358383678763,577.7499313408988,110.19598543167115,1167.420260362171,337.94031014033726,412.57634673345655,322.70358383678763,577.7499313408988,110.19598543167115
2026-03-07 08:00:00+00:00,1333.21,374.83,438.26,128.49002,511.66,131.82,1173.9655831196026,338.87479267881395,409.70319449102414,295.3642676944279,573.8913985824942,111.12584334736522,1167.420260362171,337.94031014033726,412.57634673345655,322.70358383678763,577.7499313408988,110.19598543167115,1167.420260362171,337.94031014033726,412.57634673345655,322.70358383678763,577.7499313408988,110.19598543167115
2026-03-07 09:00:00+00:00,763.24,315.62,403.67,149.52,512.57,128.01,1097.0035934882058,338.3856263887368,406.72322557304386,303.24600298552303,573.8913985824942,111.12584334736522,1167.420260362171,337.94031014033726,412.57634673345655,322.70358383678763,577.7499313408988,110.19598543167115,1167.420260362171,337.94031014033726,412.57634673345655,322.70358383678763,577.7499313408988,110.19598543167115
2026-03-07 10:00:00+00:00,687.14,295.77,383.31,0.7099925,511.99,118.92,1033.724743373244,337.94954661640884,404.3084794520551,311.12773827661823,573.8913985824942,111.12584334736522,1167.420260362171,337.94031014033726,412.57634673345655,322.70358383678763,577.7499313408988,110.19598543167115,1167.420260362171,337.94031014033726,412.57634673345655,322.70358383678763,577.7499313408988,110.19598543167115
2026-03-07 11:00:00+00:00,675.2,295.94,376.21,18.000002,527.22,119.45,1000.401735333383,337.5688614518028,402.9321302769093,319.00947356771337,573.8913985824942,111.12584334736522,1167.420260362171,337.94031014033726,412.57634673345655,322.70358383678763,577.7499313408988,110.19598543167115,1167.420260362171,337.94031014033726,412.57634673345655,322.70358383678763,577.7499313408988,110.19598543167115
2026-03-07 12:00:00+00:00,670.51,296.07,378.82,0.0700084,565.56,121.88,995.5029400808095,337.27603853846307,402.62901501967815,326.8912088588085,573.8913985824942,111.12584334736522,1167.420260362171,337.94031014033726,412.57634673345655,322.70358383678763,577.7499313408988,110.19598543167115,1167.420260362171,337.94031014033726,412.57634673345655,322.70358383678763,577.7499313408988,110.19598543167115
2026-03-07 13:00:00+00:00,669.47,295.18,381.66,2.5700085,645.28,123.9,1008.2686173527127,337.0678463136588,403.4826199897189,334.7729441499037,573.8913985824942,111.12584334736522,1167.420260362171,337.94031014033726,412.57634673345655,322.70358383678763,577.7499313408988,110.19598543167115,1167.420260362171,337.94031014033726,412.57634673345655,322.70358383678763,577.7499313408988,110.19598543167115
2026-03-07 14:00:00+00:00,1242.21,308.98,400.83,252.97,580.98,123.95,1062.4403981096953,336.9932172091218,405.97620559712226,342.65467944099885,573.8913985824942,111.12584334736522,1167.420260362171,337.94031014033726,412.57634673345655,322.70358383678763,577.7499313408988,110.19598543167115,1167.420260362171,337.94031014033726,412.57634673345655,322.70358383678763,577.7499313408988,110.19598543167115
2026-03-07 15:00:00+00:00,1714.19,331.23,452.53,527.67,665.93,122.21,1141.2478433281442,336.98475419743323,409.6317294488757,350.53641473209404,573.8913985824942,111.12584334736522,1167.420260362171,337.94031014033726,412.57634673345655,322.70358383678763,577.7499313408988,110.19598543167115,1167.420260362171,337.94031014033726,412.57634673345655,322.70358383678763,577.7499313408988,110.19598543167115
2026-03-07 16:00:00+00:00,1752.14,368.28,492.58,942.74,810.21,119.96,1224.5440238380113,337.14232141128804,413.9298630583571,358.4181500231892,573.8913985824942,111.12584334736522,1167.420260362171,337.94031014033726,412.57634673345655,322.70358383678763,577.7499313408988,110.19598543167115,1167.420260362171,337.94031014033726,412.57634673345655,322.70358383678763,577.7499313408988,110.19598543167115
2026-03-07 17:00:00+00:00,1758.77,381.49,504.39,952.52,843.53,117.75,1267.608422618979,337.63379577652336,417.7780394109094,366.2998853142844,573.8913985824942,111.12584334736522,1167.420260362171,337.94031014033726,412.57634673345655,322.70358383678763,577.7499313408988,110.19598543167115,1167.420260362171,337.94031014033726,412.57634673345655,322.70358383678763,577.7499313408988,110.19598543167115
2026-03-07 18:00:00+00:00,1741.04,380.62,497.3,927.18,844.71,117.43,1264.0232553305564,337.9330814169393,419.8806616990305,374.1816206053795,573.8913985824942,111.12584334736522,1167.420260362171,337.94031014033726,412.57634673345655,322.70358383678763,577.7499313408988,110.19598543167115,1167.420260362171,337.94031014033726,412.57634673345655,322.70358383678763,577.7499313408988,110.19598543167115
2026-03-07 19:00:00+00:00,1740.04,379.86,489.85,532.96,556.55,117.04,1249.8258061702224,338.13157940984064,421.18194995846113,382.06335589647466,573.8913985824942,111.12584334736522,1167.420260362171,337.94031014033726,412.57634673345655,322.70358383678763,577.7499313408988,110.19598543167115,1167.420260362171,337.94031014033726,412.57634673345655,322.70358383678763,577.7499313408988,110.19598543167115
2026-03-07 20:00:00+00:00,1744.79,380.08,467.17,363.26,507.57,119.15,1243.1348399791625,338.4197859757435,422.7915036930915,389.94509118756986,573.8913985824942,111.12584334736522,1167.420260362171,337.94031014033726,412.57634673345655,322.70358383678763,577.7499313408988,110.19598543167115,1167.420260362171,337.94031014033726,412.57634673345655,322.70358383678763,577.7499313408988,110.19598543167115
2026-03-07 21:00:00+00:00,1743.84,381.06,452.1,258.15,497.9,118.21,1241.8250658926374,338.6224384846477,424.25411203451137,397.826826478665,573.8913985824942,111.12584334736522,1167.420260362171,337.94031014033726,412.57634673345655,322.70358383678763,577.7499313408988,110.19598543167115,1167.420260362171,337.94031014033726,412.57634673345655,322.70358383678763,577.7499313408988,110.19598543167115
2026-03-07 22:00:00+00:00,1743.65,382.08,439.84,207.48,494.49,116.24,1232.8899400757166,338.8306305506099,425.6323016525471,405.7085617697602,573.8913985824942,111.12584334736522,1167.420260362171,337.94031014033726,412.57634673345655,322.70358383678763,577.7499313408988,110.19598543167115,1167.420260362171,337.94031014033726,412.57634673345655,322.70358383678763,577.7499313408988,110.19598543167115
2026-03-07 23:00:00+00:00,1739.93,381.62,425.16,270.26,571.1,117.73,1223.0525479281534,339.0391302422388,426.9950905196544,413.59029706085533,573.8913985824942,111.12584334736522,1167.420260362171,337.94031014033726,412.57634673345655,322.70358383678763,577.7499313408988,110.19598543167115,1167.420260362171,337.94031014033726,412.57634673345655,322.70358383678763,577.7499313408988,110.19598543167115
2026-03-08 00:00:00+00:00,1737.86,382.13,415.77,36.609985,519.24,118.69,1193.3725890421406,339.1389947401047,404.95949070267903,232.31038536566658,573.8913985824942,111.12584334736522,1167.420260362171,337.94031014033726,412.57634673345655,322.70358383678763,577.7499313408988,110.19598543167115,1167.420260362171,337.94031014033726,412.57634673345655,322.70358383678763,577.7499313408988,110.19598543167115
2026-03-08 01:00:00+00:00,1738.51,382.22,412.87,79.34,573.71,118.36,1217.8657361266485,339.2003908686041,406.2944122054265,240.19212065676174,573.8913985824942,111.12584334736522,1167.420260362171,337.94031014033726,412.57634673345655,322.70358383678763,577.7499313408988,110.19598543167115,1167.420260362171,337.94031014033726,412.57634673345655,322.70358383678763,577.7499313408988,110.19598543167115
2026-03-08 02:00:00+00:00,1736.31,382.16,414.59,73.2,571.86,119.5,1225.2002813819379,339.2902535796225,407.860145631824,248.07385594785688,573.8913985824942,111.12584334736522,1167.420260362171,337.94031014033726,412.57634673345655,322.70358383678763,577.7499313408988,110.19598543167115,1167.420260362171,337.94031014033726,412.57634673345655,322.70358383678763,577.7499313408988,110.19598543167115
2026-03-08 03:00:00+00:00,1734.63,382.01,423.64,128.42,581.0,120.51,1234.0290981137975,339.37842351430294,409.4806166135295,255.95559123895208,573.8913985824942,111.12584334736522,1167.420260362171,337.94031014033726,412.57634673345655,322.70358383678763,577.7499313408988,110.19598543167115,1167.420260362171,337.94031014033726,412.57634673345655,322.70358383678763,577.7499313408988,110.19598543167115
2026-03-08 04:00:00+00:00,1724.38,382.05,438.95,276.99,598.17,120.17,1242.834851505775,339.4941368310897,411.02038411608584,263.8373265300472,573.8913985824942,111.12584334736522,1167.420260362171,337.94031014033726,412.57634673345655,322.70358383678763,577.7499313408988,110.19598543167115,1167.420260362171,337.94031014033726,412.57634673345655,322.70358383678763,577.7499313408988,110.19598543167115
2026-03-08 05:00:00+00:00,1704.84,381.86,466.63,78.369995,541.28,120.83,1254.4928258108578,339.6010794241405,412.4184301024006,271.7190618211424,573.8913985824942,111.12584334736522,1167.420260362171,337.94031014033726,412.57634673345655,322.70358383678763,577.7499313408988,110.19598543167115,1167.420260362171,337.94031014033726,412.57634673345655,322.70358383678763,577.7499313408988,110.19598543167115
2026-03-08 06:00:00+00:00,1680.52,379.29,482.88,198.95,472.12,121.12,1252.5900935542334,339.6794011100802,413.2905249333794,279.60079711223756,573.8913985824942,111.12584334736522,1167.420260362171,337.94031014033726,412.57634673345655,322.70358383678763,577.7499313408988,110.19598543167115,1167.420260362171,337.94031014033726,412.57634673345655,322.70358383678763,577.7499313408988,110.19598543167115
2026-03-08 07:00:00+00:00,1446.75,348.59,475.59,51.149994,468.04,120.04,1199.8685689447855,339.4602840875609,411.76237454968856,287.4825324033327,573.8913985824942,111.12584334736522,1167.420260362171,337.94031014033726,412.57634673345655,322.70358383678763,577.7499313408988,110.19598543167115,1167.420260362171,337.94031014033726,412.57634673345655,322.70358383678763,577.7499313408988,110.19598543167115
2026-03-08 08:00:00+00:00,876.53,315.82,447.05,79.740005,477.45,123.44,1120.6900975512735,338.9254173581599,408.6297328581818,295.3642676944279,573.8913985824942,111.12584334736522,1167.420260362171,337.94031014033726,412.57634673345655,322.70358383678763,577.7499313408988,110.19598543167115,1167.420260362171,337.94031014033726,412.57634673345655,322.70358383678763,577.7499313408988,110.19598543167115
2026-03-08 09:00:00+00:00,324.54996,311.32,421.79,1.1199962,525.22,122.93,1056.9638714291946,338.46502548116524,405.6416533887699,303.24600298552303,573.8913985824942,111.12584334736522,1167.420260362171,337.94031014033726,412.57634673345655,322.70358383678763,577.7499313408988,110.19598543167115,1167.420260362171,337.94031014033726,412.57634673345655,322.70358383678763,577.7499313408988,110.19598543167115
2026-03-08 10:00:00+00:00,331.99997,311.47,403.68,0.079987645,582.13,120.7,1008.5948573828194,338.05094950891106,403.829603733917,311.12773827661823,573.8913985824942,111.12584334736522,1167.420260362171,337.94031014033726,412.57634673345655,322.70358383678763,577.7499313408988,110.19598543167115,1167.420260362171,337.94031014033726,412.57634673345655,322.70358383678763,577.7499313408988,110.19598543167115
2026-03-08 11:00:00+00:00,338.72,311.46,388.78,0.08999741,593.65,124.86,976.8180730205667,337.69165291320843,403.03933570548304,319.00947356771337,573.8913985824942,111.12584334736522,1167.420260362171,337.94031014033726,412.57634673345655,322.70358383678763,577.7499313408988,110.19598543167115,1167.420260362171,337.94031014033726,412.57634673345655,322.70358383678763,577.7499313408988,110.19598543167115
2026-03-08 12:00:00+00:00,345.28,311.13,390.14,0.079987645,600.87,125.66,977.5780492363233,337.4163717227516,403.6087245893281,326.8912088588085,573.8913985824942,111.12584334736522,1167.420260362171,337.94031014033726,412.57634673345655,322.70358383678763,577.7499313408988,110.19598543167115,1167.420260362171,337.94031014033726,412.57634673345655,322.70358383678763,577.7499313408988,110.19598543167115
2026-03-08 13:00:00+00:00,334.67996,311.21,391.72,0.08999741,588.82,125.74,993.0383005832587,337.1961775696695,404.41419547147535,334.7729441499037,573.8913985824942,111.12584334736522,1167.420260362171,337.94031014033726,412.57634673345655,322.70358383678763,577.7499313408988,110.19598543167115,1167.420260362171,337.94031014033726,412.57634673345655,322.70358383678763,577.7499313408988,110.19598543167115
2026-03-08 14:00:00+00:00,416.94998,329.4,408.64,12.619996,581.51,126.4,1036.453758363748,337.12385658491326,406.6185571712028,342.65467944099885,573.8913985824942,111.12584334736522,1167.420260362171,337.94031014033726,412.57634673345655,322.70358383678763,577.7499313408988,110.19598543167115,1167.420260362171,337.94031014033726,412.57634673345655,322.70358383678763,577.7499313408988,110.19598543167115
2026-03-08 15:00:00+00:00,1228.85,354.28,448.61,210.61002,606.29,126.26,1116.0340755554976,337.1452450304892,410.21227699776784,350.53641473209404,573.8913985824942,111.12584334736522,1167.420260362171,337.94031014033726,412.57634673345655,322.70358383678763,577.7499313408988,110.19598543167115,1167.420260362171,337.94031014033726,412.57634673345655,322.70358383678763,577.7499313408988,110.19598543167115
2026-03-08 16:00:00+00:00,1671.19,367.26,494.32,744.17004,737.68,127.11,1209.206225923497,337.27496105951303,414.2263707663516,358.4181500231892,573.8913985824942,111.12584334736522,1167.420260362171,337.94031014033726,412.57634673345655,322.70358383678763,577.7499313408988,110.19598543167115,1167.420260362171,337.94031014033726,412.57634673345655,322.70358383678763,577.7499313408988,110.19598543167115
2026-03-08 17:00:00+00:00,1729.0,380.36,503.05,903.01,863.4,125.56,1265.6190265057471,337.7570492188907,418.2234051010448,366.2998853142844,573.8913985824942,111.12584334736522,1167.420260362171,337.94031014033726,412.57634673345655,322.70358383678763,577.7499313408988,110.19598543167115,1167.420260362171,337.94031014033726,412.57634673345655,322.70358383678763,577.7499313408988,110.19598543167115
2026-03-08 18:00:00+00:00,1736.62,382.0,494.36,873.71,842.44,121.91,1273.7467358247704,338.1029586232934,420.3414694651335,374.1816206053795,573.8913985824942,111.12584334736522,1167.420260362171,337.94031014033726,412.57634673345655,322.70358383678763,577.7499313408988,110.19598543167115,1167.420260362171,337.94031014033726,412.57634673345655,322.70358383678763,577.7499313408988,110.19598543167115
2026-03-08 19:00:00+00:00,1734.74,381.92,482.98,714.07007,644.89,120.51,1262.1596102276972,338.12403943972276,421.123268432633,382.06335589647466,573.8913985824942,111.12584334736522,1167.420260362171,337.94031014033726,412.57634673345655,322.70358383678763,577.7499313408988,110.19598543167115,1167.420260362171,337.94031014033726,412.57634673345655,322.70358383678763,577.7499313408988,110.19598543167115
2026-03-08 20:00:00+00:00,1733.67,381.84,465.51,189.96,480.47,119.68,1261.556802870378,338.41193821682043,422.9833543560918,389.94509118756986,573.8913985824942,111.12584334736522,1167.420260362171,337.94031014033726,412.57634673345655,322.70358383678763,577.7499313408988,110.19598543167115,1167.420260362171,337.94031014033726,412.57634673345655,322.70358383678763,577.7499313408988,110.19598543167115
2026-03-08 21:00:00+00:00,1734.02,380.75,449.31,57.440002,474.76,119.77,1266.902187039301,338.76923439427173,425.2869116347727,397.826826478665,573.8913985824942,111.12584334736522,1167.420260362171,337.94031014033726,412.57634673345655,322.70358383678763,577.7499313408988,110.19598543167115,1167.420260362171,337.94031014033726,412.57634673345655,322.70358383678763,577.7499313408988,110.19598543167115
2026-03-08 22:00:00+00:00,1720.83,380.35,433.46,77.34,475.79,118.92,1258.3204847658367,339.0163566599109,426.89549486530126,405.7085617697602,573.8913985824942,111.12584334736522,1167.420260362171,337.94031014033726,412.57634673345655,322.70358383678763,577.7499313408988,110.19598543167115,1167.420260362171,337.94031014033726,412.57634673345655,322.70358383678763,577.7499313408988,110.19598543167115
2026-03-08 23:00:00+00:00,1764.32,380.42,420.88,72.06999,487.54,120.68,1250.6381901374568,339.12822334949317,428.06705643675355,413.59029706085533,573.8913985824942,111.12584334736522,1167.420260362171,337.94031014033726,412.57634673345655,322.70358383678763,577.7499313408988,110.19598543167115,1167.420260362171,337.94031014033726,412.57634673345655,322.70358383678763,577.7499313408988,110.19598543167115
2026-03-09 00:00:00+00:00,1787.05,377.53,415.74,95.479996,470.01,117.57,1243.2823187868096,339.14161063047476,405.809658716173,232.31038536566658,573.8913985824942,111.12584334736522,1167.420260362171,337.94031014033726,412.57634673345655,322.70358383678763,577.7499313408988,110.19598543167115,1167.420260362171,337.94031014033726,412.57634673345655,322.70358383678763,577.7499313408988,110.19598543167115
2026-03-09 01:00:00+00:00,1841.1,377.92,411.93,131.36,467.29,119.15,1245.662074262475,339.28917623024364,407.17267126703024,240.19212065676174,573.8913985824942,111.12584334736522,1167.420260362171,337.94031014033726,412.57634673345655,322.70358383678763,577.7499313408988,110.19598543167115,1167.420260362171,337.94031014033726,412.57634673345655,322.70358383678763,577.7499313408988,110.19598543167115
2026-03-09 02:00:00+00:00,1841.4,381.63,413.2,74.000015,470.01,120.17,1252.936563800397,339.4259704086979,408.53516030696824,248.07385594785688,573.8913985824942,111.12584334736522,1167.420260362171,337.94031014033726,412.57634673345655,322.70358383678763,577.7499313408988,110.19598543167115,1167.420260362171,337.94031014033726,412.57634673345655,322.70358383678763,577.7499313408988,110.19598543167115
2026-03-09 03:00:00+00:00,1869.44,403.21,422.16,30.639986,523.06,124.01,1270.8131153800286,339.5089083898767,410.0915146895527,255.95559123895208,573.8913985824942,111.12584334736522,1167.420260362171,337.94031014033726,412.57634673345655,322.70358383678763,577.7499313408988,110.19598543167115,1167.420260362171,337.94031014033726,412.57634673345655,322.70358383678763,577.7499313408988,110.19598543167115
2026-03-09 04:00:00+00:00,1885.03,411.03,435.7,352.81,587.09,124.4,1300.0353264335638,339.48167266414015,411.8307932357986,263.8373265300472,573.8913985824942,111.12584334736522,1167.420260362171,337.94031014033726,412.57634673345655,322.70358383678763,577.7499313408988,110.19598543167115,1167.420260362171,337.94031014033726,412.57634673345655,322.70358383678763,577.7499313408988,110.19598543167115
2026-03-09 05:00:00+00:00,1901.65,426.05,463.71,769.0,720.44,127.51,1370.761745482397,339.49982983128086,414.7033880462983,271.7190618211424,573.8913985824942,111.12584334736522,1167.420260362171,337.94031014033726,412.57634673345655,322.70358383678763,577.7499313408988,110.19598543167115,1167.420260362171,337.94031014033726,412.57634673345655,322.70358383678763,577.7499313408988,110.19598543167115
2026-03-09 06:00:00+00:00,1899.92,441.04,483.02,1217.0299,656.42,125.76,1396.268276553967,339.61846690113634,416.70394620134095,279.60079711223756,573.8913985824942,111.12584334736522,1167.420260362171,337.94031014033726,412.57634673345655,322.70358383678763,577.7499313408988,110.19598543167115,1167.420260362171,337.94031014033726,412.57634673345655,322.70358383678763,577.7499313408988,110.19598543167115
2026-03-09 07:00:00+00:00,1908.86,439.43,477.48,768.82,594.33,126.56,1349.3701613918986,339.3241053946077,415.514699787508,287.4825324033327,573.8913985824942,111.12584334736522,1167.420260362171,337.94031014033726,412.57634673345655,322.70358383678763,577.7499313408988,110.19598543167115,1167.420260362171,337.94031014033726,412.57634673345655,322.70358383678763,577.7499313408988,110.19598543167115
2026-03-09 08:00:00+00:00,1909.1,394.33,455.35,320.47,508.0,122.8,1265.3390493793104,338.86217497375765,412.69845980491266,295.3642676944279,573.8913985824942,111.12584334736522,1167.420260362171,337.94031014033726,412.57634673345655,322.70358383678763,577.7499313408988,110.19598543167115,1167.420260362171,337.94031014033726,412.57634673345655,322.70358383678763,577.7499313408988,110.19598543167115
2026-03-09 09:00:00+00:00,1690.1,348.53,431.55,44.73999,508.56,118.34,1182.9740698640096,338.395935802683,410.03562105961294,303.24600298552303,573.8913985824942,111.12584334736522,1167.420260362171,337.94031014033726,412.57634673345655,322.70358383678763,577.7499313408988,110.19598543167115,1167.420260362171,337.94031014033726,412.57634673345655,322.70358383678763,577.7499313408988,110.19598543167115
2026-03-09 10:00:00+00:00,1252.4,347.89,417.67,6.989991,516.43,116.82,1122.35865918568,337.99155393167473,407.9375249618721,311.12773827661823,573.8913985824942,111.12584334736522,1167.420260362171,337.94031014033726,412.57634673345655,322.70358383678763,577.7499313408988,110.19598543167115,1167.420260362171,337.94031014033726,412.57634673345655,322.70358383678763,577.7499313408988,110.19598543167115
2026-03-09 11:00:00+00:00,927.54,348.03,394.21,14.299989,592.39,116.16,1099.8051421027471,337.6805737916176,407.1442229086529,319.00947356771337,573.8913985824942,111.12584334736522,1167.420260362171,337.94031014033726,412.57634673345655,322.70358383678763,577.7499313408988,110.19598543167115,1167.420260362171,337.94031014033726,412.57634673345655,322.70358383678763,577.7499313408988,110.19598543167115
2026-03-09 12:00:00+00:00,897.38,348.18,391.32,18.839998,713.56,118.94,1094.403372059787,337.3297403569011,407.28344034942825,326.8912088588085,573.8913985824942,111.12584334736522,1167.420260362171,337.94031014033726,412.57634673345655,322.70358383678763,577.7499313408988,110.19598543167115,1167.420260362171,337.94031014033726,412.57634673345655,322.70358383678763,577.7499313408988,110.19598543167115
2026-03-09 13:00:00+00:00,1092.81,345.93,390.65,4.4599924,772.02,116.77,1129.530259559437,337.13093456014997,408.85908698083847,334.7729441499037,573.8913985824942,111.12584334736522,1167.420260362171,337.94031014033726,412.57634673345655,322.70358383678763,577.7499313408988,110.19598543167115,1167.420260362171,337.94031014033726,412.57634673345655,322.70358383678763,577.7499313408988,110.19598543167115
2026-03-09 14:00:00+00:00,880.64,374.41,399.61,95.099976,661.37,119.72,1184.587342575048,337.0407641370841,411.0680455642667,342.65467944099885,573.8913985824942,111.12584334736522,1167.420260362171,337.94031014033726,412.57634673345655,322.70358383678763,577.7499313408988,110.19598543167115,1167.420260362171,337.94031014033726,412.57634673345655,322.70358383678763,577.7499313408988,110.19598543167115
2026-03-09 15:00:00+00:00,911.45,422.17,441.3,573.56,633.11,170.76,1254.7795378867472,337.0706158145969,413.68556129033885,350.53641473209404,573.8913985824942,111.12584334736522,1167.420260362171,337.94031014033726,412.57634673345655,322.70358383678763,577.7499313408988,110.19598543167115,1167.420260362171,337.94031014033726,412.57634673345655,322.70358383678763,577.7499313408988,110.19598543167115
2026-03-09 16:00:00+00:00,930.41,516.56,493.56,1059.11,518.98,175.31,1323.6265323516802,337.28111604066595,416.9363004026289,358.4181500231892,573.8913985824942,111.12584334736522,1167.420260362171,337.94031014033726,412.57634673345655,322.70358383678763,577.7499313408988,110.19598543167115,1167.420260362171,337.94031014033726,412.57634673345655,322.70358383678763,577.7499313408988,110.19598543167115
2026-03-09 17:00:00+00:00,946.22,497.02667,507.22,1116.04,535.69,119.18,1364.9729185546682,337.61410010943365,420.08253975039617,366.2998853142844,573.8913985824942,111.12584334736522,1167.420260362171,337.94031014033726,412.57634673345655,322.70358383678763,577.7499313408988,110.19598543167115,1167.420260362171,337.94031014033726,412.57634673345655,322.70358383678763,577.7499313408988,110.19598543167115
2026-03-09 18:00:00+00:00,964.14,477.49332,502.81,993.71,586.79,117.86,1366.0903367099822,337.73119857064813,421.7641582987828,374.1816206053795,573.8913985824942,111.12584334736522,1167.420260362171,337.94031014033726,412.57634673345655,322.70358383678763,577.7499313408988,110.19598543167115,1167.420260362171,337.94031014033726,412.57634673345655,322.70358383678763,577.7499313408988,110.19598543167115
2026-03-09 19:00:00+00:00,961.73,457.96,484.75,936.82,568.55,116.77,1342.665744007908,337.9186175515968,422.8562955308066,382.06335589647466,573.8913985824942,111.12584334736522,1167.420260362171,337.94031014033726,412.57634673345655,322.70358383678763,577.7499313408988,110.19598543167115,1167.420260362171,337.94031014033726,412.57634673345655,322.70358383678763,577.7499313408988,110.19598543167115
2026-03-09 20:00:00+00:00,953.29,446.26,464.93,524.41,488.0,117.04,1322.2811101306575,338.02725287725815,423.8132732303005,389.94509118756986,573.8913985824942,111.12584334736522,1167.420260362171,337.94031014033726,412.57634673345655,322.70358383678763,577.7499313408988,110.19598543167115,1167.420260362171,337.94031014033726,412.57634673345655,322.70358383678763,577.7499313408988,110.19598543167115
2026-03-09 21:00:00+00:00,937.12,446.84,450.65,562.93,467.01,120.87,1306.3103440855023,338.2703741625461,424.9443710743146,397.826826478665,573.8913985824942,111.12584334736522,1167.420260362171,337.94031014033726,412.57634673345655,322.70358383678763,577.7499313408988,110.19598543167115,1167.420260362171,337.94031014033726,412.57634673345655,322.70358383678763,577.7499313408988,110.19598543167115
2026-03-09 22:00:00+00:00,853.39,443.16,432.51,384.9,468.47,120.53,1290.4555992000103,338.44117446450986,425.7982005837793,405.7085617697602,573.8913985824942,111.12584334736522,1167.420260362171,337.94031014033726,412.57634673345655,322.70358383678763,577.7499313408988,110.19598543167115,1167.420260362171,337.94031014033726,412.57634673345655,322.70358383678763,577.7499313408988,110.19598543167115
2026-03-09 23:00:00+00:00,1323.05,425.88,417.51,300.36,488.47,122.16,1272.0301383725914,338.5679668868198,426.8371143342193,413.59029706085533,573.8913985824942,111.12584334736522,1167.420260362171,337.94031014033726,412.57634673345655,322.70358383678763,577.7499313408988,110.19598543167115,1167.420260362171,337.94031014033726,412.57634673345655,322.70358383678763,577.7499313408988,110.19598543167115
2026-03-10 00:00:00+00:00,1800.77,425.81,410.82,83.57001,480.88,122.36,1260.8931568929518,338.5999725893927,404.5407153903253,232.31038536566658,573.8913985824942,111.12584334736522,1167.420260362171,337.94031014033726,412.57634673345655,322.70358383678763,577.7499313408988,110.19598543167115,1167.420260362171,337.94031014033726,412.57634673345655,322.70358383678763,577.7499313408988,110.19598543167115
2026-03-10 01:00:00+00:00,1871.3,425.83,407.77,11.220002,457.72,119.51,1260.6266745325534,338.73738222837346,405.71771559859934,240.19212065676174,573.8913985824942,111.12584334736522,1167.420260362171,337.94031014033726,412.57634673345655,322.70358383678763,577.7499313408988,110.19598543167115,1167.420260362171,337.94031014033726,412.57634673345655,322.70358383678763,577.7499313408988,110.19598543167115
2026-03-10 02:00:00+00:00,1862.14,426.15,407.14,11.209992,454.42,119.86,1268.016489449107,338.790622912309,406.9255824212139,248.07385594785688,573.8913985824942,111.12584334736522,1167.420260362171,337.94031014033726,412.57634673345655,322.70358383678763,577.7499313408988,110.19598543167115,1167.420260362171,337.94031014033726,412.57634673345655,322.70358383678763,577.7499313408988,110.19598543167115
2026-03-10 03:00:00+00:00,1865.25,425.44,410.37,21.589998,451.24,117.3,1279.536704961433,338.88694826085015,408.58116057654485,255.95559123895208,573.8913985824942,111.12584334736522,1167.420260362171,337.94031014033726,412.57634673345655,322.70358383678763,577.7499313408988,110.19598543167115,1167.420260362171,337.94031014033726,412.57634673345655,322.70358383678763,577.7499313408988,110.19598543167115
2026-03-10 04:00:00+00:00,1861.83,425.07,429.77,193.42,454.41,118.07,1307.8774952327915,338.9841967512621,410.5483591985081,263.8373265300472,573.8913985824942,111.12584334736522,1167.420260362171,337.94031014033726,412.57634673345655,322.70358383678763,577.7499313408988,110.19598543167115,1167.420260362171,337.94031014033726,412.57634673345655,322.70358383678763,577.7499313408988,110.19598543167115
2026-03-10 05:00:00+00:00,1821.65,424.41,458.81,1274.3599,453.52,116.01,1363.3688013760843,339.03866829198023,413.2593389906909,271.7190618211424,573.8913985824942,111.12584334736522,1167.420260362171,337.94031014033726,412.57634673345655,322.70358383678763,577.7499313408988,110.19598543167115,1167.420260362171,337.94031014033726,412.57634673345655,322.70358383678763,577.7499313408988,110.19598543167115
2026-03-10 06:00:00+00:00,1844.04,401.52,481.18,1496.41,454.71,115.21,1378.8236256674923,339.0817530429665,414.6662888894907,279.60079711223756,573.8913985824942,111.12584334736522,1167.420260362171,337.94031014033726,412.57634673345655,322.70358383678763,577.7499313408988,110.19598543167115,1167.420260362171,337.94031014033726,412.57634673345655,322.70358383678763,577.7499313408988,110.19598543167115
2026-03-10 07:00:00+00:00,1836.88,332.46,474.63,598.1,621.87,118.13,1321.184629113572,338.85678889912873,413.28456848967204,287.4825324033327,573.8913985824942,111.12584334736522,1167.420260362171,337.94031014033726,412.57634673345655,322.70358383678763,577.7499313408988,110.19598543167115,1167.420260362171,337.94031014033726,412.57634673345655,322.70358383678763,577.7499313408988,110.19598543167115
2026-03-10 08:00:00+00:00,1570.03,304.47,453.21,213.19002,534.84,115.21,1239.0333185227373,338.39224247368907,410.36712220657216,295.3642676944279,573.8913985824942,111.12584334736522,1167.420260362171,337.94031014033726,412.57634673345655,322.70358383678763,577.7499313408988,110.19598543167115,1167.420260362171,337.94031014033726,412.57634673345655,322.70358383678763,577.7499313408988,110.19598543167115
2026-03-10 09:00:00+00:00,1033.37,303.89,420.27,189.7,538.1,116.89,1160.3179283722752,338.0621821467339,407.591600231454,303.24600298552303,573.8913985824942,111.12584334736522,1167.420260362171,337.94031014033726,412.57634673345655,322.70358383678763,577.7499313408988,110.19598543167115,1167.420260362171,337.94031014033726,412.57634673345655,322.70358383678763,577.7499313408988,110.19598543167115
2026-03-10 10:00:00+00:00,864.31,304.01,394.56,108.57999,504.78,116.7,1105.032347453721,337.7268899017918,405.544948039568,311.12773827661823,573.8913985824942,111.12584334736522,1167.420260362171,337.94031014033726,412.57634673345655,322.70358383678763,577.7499313408988,110.19598543167115,1167.420260362171,337.94031014033726,412.57634673345655,322.70358383678763,577.7499313408988,110.19598543167115
2026-03-10 11:00:00+00:00,1075.14,304.01,384.45,19.420015,490.89,118.69,1081.3174723374782,337.36990147476683,404.7913858696577,319.00947356771337,573.8913985824942,111.12584334736522,1167.420260362171,337.94031014033726,412.57634673345655,322.70358383678763,577.7499313408988,110.19598543167115,1167.420260362171,337.94031014033726,412.57634673345655,322.70358383678763,577.7499313408988,110.19598543167115
2026-03-10 12:00:00+00:00,1016.33,304.24,381.09,15.619996,468.85,121.31,1089.1355937028743,337.15201536613984,405.5825062777786,326.8912088588085,573.8913985824942,111.12584334736522,1167.420260362171,337.94031014033726,412.57634673345655,322.70358383678763,577.7499313408988,110.19598543167115,1167.420260362171,337.94031014033726,412.57634673345655,322.70358383678763,577.7499313408988,110.19598543167115
2026-03-10 13:00:00+00:00,1095.82,304.09,385.07,15.989991,470.75,123.09,1113.0425460565095,337.0038344257926,407.1131441780045,334.7729441499037,573.8913985824942,111.12584334736522,1167.420260362171,337.94031014033726,412.57634673345655,322.70358383678763,577.7499313408988,110.19598543167115,1167.420260362171,337.94031014033726,412.57634673345655,322.70358383678763,577.7499313408988,110.19598543167115
2026-03-10 14:00:00+00:00,1416.67,314.97,398.42,24.670015,480.85,124.71,1156.2575899270296,336.928589849674,409.8403109327841,342.65467944099885,573.8913985824942,111.12584334736522,1167.420260362171,337.94031014033726,412.57634673345655,322.70358383678763,577.7499313408988,110.19598543167115,1167.420260362171,337.94031014033726,412.57634673345655,322.70358383678763,577.7499313408988,110.19598543167115
2026-03-10 15:00:00+00:00,1784.35,343.29,445.16,555.22,549.44,122.11,1222.990787207674,337.25865023179165,414.11652716966694,350.53641473209404,573.8913985824942,111.12584334736522,1167.420260362171,337.94031014033726,412.57634673345655,322.70358383678763,577.7499313408988,110.19598543167115,1167.420260362171,337.94031014033726,412.57634673345655,322.70358383678763,577.7499313408988,110.19598543167115
2026-03-10 16:00:00+00:00,1864.19,360.1,494.08,1075.28,566.65,119.88,1286.3159736313355,337.3014271647018,417.47213827029475,358.4181500231892,573.8913985824942,111.12584334736522,1167.420260362171,337.94031014033726,412.57634673345655,322.70358383678763,577.7499313408988,110.19598543167115,1167.420260362171,337.94031014033726,412.57634673345655,322.70358383678763,577.7499313408988,110.19598543167115
2026-03-10 17:00:00+00:00,1878.45,372.22,502.45,1090.52,461.87,118.98,1321.687124019141,337.63210307264666,420.2957858749087,366.2998853142844,573.8913985824942,111.12584334736522,1167.420260362171,337.94031014033726,412.57634673345655,322.70358383678763,577.7499313408988,110.19598543167115,1167.420260362171,337.94031014033726,412.57634673345655,322.70358383678763,577.7499313408988,110.19598543167115
2026-03-10 18:00:00+00:00,1843.85,374.27,496.63,1014.01,497.65,118.35,1321.519811545019,337.82506151096874,421.5838817095898,374.1816206053795,573.8913985824942,111.12584334736522,1167.420260362171,337.94031014033726,412.57634673345655,322.70358383678763,577.7499313408988,110.19598543167115,1167.420260362171,337.94031014033726,412.57634673345655,322.70358383678763,577.7499313408988,110.19598543167115
2026-03-10 19:00:00+00:00,1753.71,374.29,478.16,915.41,519.4,118.62,1291.650251680865,337.78843949378836,421.54662502581857,382.06335589647466,573.8913985824942,111.12584334736522,1167.420260362171,337.94031014033726,412.57634673345655,322.70358383678763,577.7499313408988,110.19598543167115,1167.420260362171,337.94031014033726,412.57634673345655,322.70358383678763,577.7499313408988,110.19598543167115
2026-03-10 20:00:00+00:00,1494.88,374.59,460.75,396.78,450.51,118.84,1263.46064236636,337.9700111959199,422.62793023279454,389.94509118756986,573.8913985824942,111.12584334736522,1167.420260362171,337.94031014033726,412.57634673345655,322.70358383678763,577.7499313408988,110.19598543167115,1167.420260362171,337.94031014033726,412.57634673345655,322.70358383678763,577.7499313408988,110.19598543167115
2026-03-10 21:00:00+00:00,1027.23,374.65,440.14,236.67,419.78,121.45,1232.4376708371838,338.17266360479164,423.6178014840573,397.826826478665,573.8913985824942,111.12584334736522,1167.420260362171,337.94031014033726,412.57634673345655,322.70358383678763,577.7499313408988,110.19598543167115,1167.420260362171,337.94031014033726,412.57634673345655,322.70358383678763,577.7499313408988,110.19598543167115
2026-03-10 22:00:00+00:00,833.18,370.7,422.68,41.119995,423.77,122.58,1210.0108099736535,338.33023097677244,424.4019177406234,405.7085617697602,573.8913985824942,111.12584334736522,1167.420260362171,337.94031014033726,412.57634673345655,322.70358383678763,577.7499313408988,110.19598543167115,1167.420260362171,337.94031014033726,412.57634673345655,322.70358383678763,577.7499313408988,110.19598543167115
2026-03-10 23:00:00+00:00,752.38,340.92,411.38,240.84,478.3,122.32,1198.8561914899888,338.4356349549386,425.7144154313459,413.59029706085533,573.8913985824942,111.12584334736522,1167.420260362171,337.94031014033726,412.57634673345655,322.70358383678763,577.7499313408988,110.19598543167115,1167.420260362171,337.94031014033726,412.57634673345655,322.70358383678763,577.7499313408988,110.19598543167115
2026-03-11 00:00:00+00:00,743.05,304.83,407.37,87.64,409.44,123.52,1188.5834589300675,338.47256472477204,403.11858224813227,232.31038536566658,573.8913985824942,111.12584334736522,1167.420260362171,337.94031014033726,412.57634673345655,322.70358383678763,577.7499313408988,110.19598543167115,1167.420260362171,337.94031014033726,412.57634673345655,322.70358383678763,577.7499313408988,110.19598543167115
2026-03-11 01:00:00+00:00,748.51,305.27,406.34,36.799988,406.31,122.48,1177.1148879493999,338.4877982170339,403.78054602843287,240.19212065676174,573.8913985824942,111.12584334736522,1167.420260362171,337.94031014033726,412.57634673345655,322.70358383678763,577.7499313408988,110.19598543167115,1167.420260362171,337.94031014033726,412.57634673345655,322.70358383678763,577.7499313408988,110.19598543167115
2026-03-11 02:00:00+00:00,762.63,305.17,406.61,9.450013,411.22,122.34,1190.8350580255064,338.5270361484063,405.0923105985475,248.07385594785688,573.8913985824942,111.12584334736522,1167.420260362171,337.94031014033726,412.57634673345655,322.70358383678763,577.7499313408988,110.19598543167115,1167.420260362171,337.94031014033726,412.57634673345655,322.70358383678763,577.7499313408988,110.19598543167115
2026-03-11 03:00:00+00:00,778.1,305.03,413.59,4.220002,414.64,119.74,1211.2912958338738,338.66352263016466,406.81520529564824,255.95559123895208,573.8913985824942,111.12584334736522,1167.420260362171,337.94031014033726,412.57634673345655,322.70358383678763,577.7499313408988,110.19598543167115,1167.420260362171,337.94031014033726,412.57634673345655,322.70358383678763,577.7499313408988,110.19598543167115
2026-03-11 04:00:00+00:00,818.22,305.16,426.69,3.3699963,409.3,118.58,1226.152377941058,338.7179941708828,408.5927505786348,263.8373265300472,573.8913985824942,111.12584334736522,1167.420260362171,337.94031014033726,412.57634673345655,322.70358383678763,577.7499313408988,110.19598543167115,1167.420260362171,337.94031014033726,412.57634673345655,322.70358383678763,577.7499313408988,110.19598543167115
2026-03-11 05:00:00+00:00,1145.03,304.99,455.14,95.20999,431.33,207.39,1268.1758034794816,338.76015580783707,411.17067192380534,271.7190618211424,573.8913985824942,111.12584334736522,1167.420260362171,337.94031014033726,412.57634673345655,322.70358383678763,577.7499313408988,110.19598543167115,1167.420260362171,337.94031014033726,412.57634673345655,322.70358383678763,577.7499313408988,110.19598543167115
2026-03-11 06:00:00+00:00,1308.73,304.9,478.06,112.899994,421.18,117.86,1279.435690032484,338.59966489126464,411.9910718719547,279.60079711223756,573.8913985824942,111.12584334736522,1167.420260362171,337.94031014033726,412.57634673345655,322.70358383678763,577.7499313408988,110.19598543167115,1167.420260362171,337.94031014033726,412.57634673345655,322.70358383678763,577.7499313408988,110.19598543167115
2026-03-11 07:00:00+00:00,1164.46,305.03,475.08,37.799988,398.84,115.09,1257.265381655178,338.4362503094364,411.5080687551809,287.4825324033327,573.8913985824942,111.12584334736522,1167.420260362171,337.94031014033726,412.57634673345655,322.70358383678763,577.7499313408988,110.19598543167115,1167.420260362171,337.94031014033726,412.57634673345655,322.70358383678763,577.7499313408988,110.19598543167115
2026-03-11 08:00:00+00:00,1166.99,305.16,454.96,8.200013,454.98,115.07,1219.4347005800553,338.23559829587737,410.48507439496103,295.3642676944279,573.8913985824942,111.12584334736522,1167.420260362171,337.94031014033726,412.57634673345655,322.70358383678763,577.7499313408988,110.19598543167115,1167.420260362171,337.94031014033726,412.57634673345655,322.70358383678763,577.7499313408988,110.19598543167115
2026-03-11 09:00:00+00:00,1366.45,305.97,423.42,5.470002,487.08,233.34001,1192.0895231260063,337.9233874396013,409.76170214905864,303.24600298552303,573.8913985824942,111.12584334736522,1167.420260362171,337.94031014033726,412.57634673345655,322.70358383678763,577.7499313408988,110.19598543167115,1167.420260362171,337.94031014033726,412.57634673345655,322.70358383678763,577.7499313408988,110.19598543167115
2026-03-11 10:00:00+00:00,1459.91,357.77,398.85,5.230012,475.62,207.96333,1175.0103174588794,337.6908831797727,409.80637222210834,311.12773827661823,573.8913985824942,111.12584334736522,1167.420260362171,337.94031014033726,412.57634673345655,322.70358383678763,577.7499313408988,110.19598543167115,1167.420260362171,337.94031014033726,412.57634673345655,322.70358383678763,577.7499313408988,110.19598543167115
2026-03-11 11:00:00+00:00,1624.86,355.93,386.99,9.0599985,517.5,182.58667,1158.7686648334986,337.539778677334,409.68315954948986,319.00947356771337,573.8913985824942,111.12584334736522,1167.420260362171,337.94031014033726,412.57634673345655,322.70358383678763,577.7499313408988,110.19598543167115,1167.420260362171,337.94031014033726,412.57634673345655,322.70358383678763,577.7499313408988,110.19598543167115
2026-03-11 12:00:00+00:00,1615.11,305.52,384.36,0.63000596,479.08,157.21,1164.2159441376657,337.8270619607178,411.88775656770827,326.8912088588085,573.8913985824942,111.12584334736522,1167.420260362171,337.94031014033726,412.57634673345655,322.70358383678763,577.7499313408988,110.19598543167115,1167.420260362171,337.94031014033726,412.57634673345655,322.70358383678763,577.7499313408988,110.19598543167115
2026-03-11 13:00:00+00:00,1425.9,305.29,394.2,0.5400096,432.32,123.98,1161.8046806426626,337.7090404299148,412.9161360631296,334.7729441499037,573.8913985824942,111.12584334736522,1167.420260362171,337.94031014033726,412.57634673345655,322.70358383678763,577.7499313408988,110.19598543167115,1167.420260362171,337.94031014033726,412.57634673345655,322.70358383678763,577.7499313408988,110.19598543167115
2026-03-11 14:00:00+00:00,1068.54,313.66,418.69,8.730012,519.11,123.99,1198.8456599423635,337.7722828177969,414.82492393910525,342.65467944099885,573.8913985824942,111.12584334736522,1167.420260362171,337.94031014033726,412.57634673345655,322.70358383678763,577.7499313408988,110.19598543167115,1167.420260362171,337.94031014033726,412.57634673345655,322.70358383678763,577.7499313408988,110.19598543167115
2026-03-11 15:00:00+00:00,1034.33,341.34,449.44,6.01999,523.14,121.89,1249.7140518992182,338.08649419794966,417.3769221918541,350.53641473209404,573.8913985824942,111.12584334736522,1167.420260362171,337.94031014033726,412.57634673345655,322.70358383678763,577.7499313408988,110.19598543167115,1167.420260362171,337.94031014033726,412.57634673345655,322.70358383678763,577.7499313408988,110.19598543167115
2026-03-11 16:00:00+00:00,1063.95,359.62,492.68,397.93,520.68,119.61,1300.3898183646227,338.1849735670974,419.60076739166453,358.4181500231892,573.8913985824942,111.12584334736522,1167.420260362171,337.94031014033726,412.57634673345655,322.70358383678763,577.7499313408988,110.19598543167115,1167.420260362171,337.94031014033726,412.57634673345655,322.70358383678763,577.7499313408988,110.19598543167115
2026-03-11 17:00:00+00:00,1494.26,374.0,502.91,705.59,501.81,118.9,1327.8791722474277,338.30884239323353,421.5484043353831,366.2998853142844,573.8913985824942,111.12584334736522,1167.420260362171,337.94031014033726,412.57634673345655,322.70358383678763,577.7499313408988,110.19598543167115,1167.420260362171,337.94031014033726,412.57634673345655,322.70358383678763,577.7499313408988,110.19598543167115
2026-03-11 18:00:00+00:00,1628.01,384.04,500.98,946.75,522.6,119.73,1324.6532798006938,338.3146896664344,422.4279747188276,374.1816206053795,573.8913985824942,111.12584334736522,1167.420260362171,337.94031014033726,412.57634673345655,322.70358383678763,577.7499313408988,110.19598543167115,1167.420260362171,337.94031014033726,412.57634673345655,322.70358383678763,577.7499313408988,110.19598543167115
2026-03-11 19:00:00+00:00,1634.85,384.4,486.66,650.99,495.58,119.6,1312.4126553475437,338.3448491006172,423.0543778474752,382.06335589647466,573.8913985824942,111.12584334736522,1167.420260362171,337.94031014033726,412.57634673345655,322.70358383678763,577.7499313408988,110.19598543167115,1167.420260362171,337.94031014033726,412.57634673345655,322.70358383678763,577.7499313408988,110.19598543167115
2026-03-11 20:00:00+00:00,1637.39,384.42,462.8,214.39,447.27,120.3,1295.696457173259,338.39024201314237,423.99879627453123,389.94509118756986,573.8913985824942,111.12584334736522,1167.420260362171,337.94031014033726,412.57634673345655,322.70358383678763,577.7499313408988,110.19598543167115,1167.420260362171,337.94031014033726,412.57634673345655,322.70358383678763,577.7499313408988,110.19598543167115
2026-03-11 21:00:00+00:00,1523.96,384.32,441.51,149.13,438.37,121.26,1270.4246823407839,338.40547552075583,424.5687905716781,397.826826478665,573.8913985824942,111.12584334736522,1167.420260362171,337.94031014033726,412.57634673345655,322.70358383678763,577.7499313408988,110.19598543167115,1167.420260362171,337.94031014033726,412.57634673345655,322.70358383678763,577.7499313408988,110.19598543167115
2026-03-11 22:00:00+00:00,1391.56,390.71,423.37,89.20998,420.12,127.24,1249.331948530138,338.43825083138927,425.2757495017814,405.7085617697602,573.8913985824942,111.12584334736522,1167.420260362171,337.94031014033726,412.57634673345655,322.70358383678763,577.7499313408988,110.19598543167115,1167.420260362171,337.94031014033726,412.57634673345655,322.70358383678763,577.7499313408988,110.19598543167115
2026-03-11 23:00:00+00:00,1164.78,372.05,409.4,36.100006,437.02,133.55,1232.432474893684,338.49595370622023,425.9574894335666,413.59029706085533,573.8913985824942,111.12584334736522,1167.420260362171,337.94031014033726,412.57634673345655,322.70358383678763,577.7499313408988,110.19598543167115,1167.420260362171,337.94031014033726,412.57634673345655,322.70358383678763,577.7499313408988,110.19598543167115
2026-03-12 00:00:00+00:00,826.05,339.31,399.22,68.16,438.57,134.31,1219.6888127367579,338.59289443853015,403.46262461765264,232.31038536566658,573.8913985824942,111.12584334736522,1167.420260362171,337.94031014033726,412.57634673345655,322.70358383678763,577.7499313408988,110.19598543167115,1167.420260362171,337.94031014033726,412.57634673345655,322.70358383678763,577.7499313408988,110.19598543167115
2026-03-12 01:00:00+00:00,802.54,333.14,391.94,29.79999,431.96,133.54,1221.292471210216,338.78062118400356,404.93237306796686,240.19212065676174,573.8913985824942,111.12584334736522,1167.420260362171,337.94031014033726,412.57634673345655,322.70358383678763,577.7499313408988,110.19598543167115,1167.420260362171,337.94031014033726,412.57634673345655,322.70358383678763,577.7499313408988,110.19598543167115
2026-03-12 02:00:00+00:00,813.48,333.23,402.0,89.08,442.8,132.37,1234.52547477634,338.91449176004033,406.58091593540837,248.07385594785688,573.8913985824942,111.12584334736522,1167.420260362171,337.94031014033726,412.57634673345655,322.70358383678763,577.7499313408988,110.19598543167115,1167.420260362171,337.94031014033726,412.57634673345655,322.70358383678763,577.7499313408988,110.19598543167115
2026-03-12 03:00:00+00:00,994.53,333.14,408.9,166.33,455.39,132.21,1241.9444674552024,338.9654242099756,408.1124404063006,255.95559123895208,573.8913985824942,111.12584334736522,1167.420260362171,337.94031014033726,412.57634673345655,322.70358383678763,577.7499313408988,110.19598543167115,1167.420260362171,337.94031014033726,412.57634673345655,322.70358383678763,577.7499313408988,110.19598543167115
2026-03-12 04:00:00+00:00,1219.25,333.97,424.69,181.28,469.76,129.61,1269.8210736687975,339.0925244057392,410.2491114528747,263.8373265300472,573.8913985824942,111.12584334736522,1167.420260362171,337.94031014033726,412.57634673345655,322.70358383678763,577.7499313408988,110.19598543167115,1167.420260362171,337.94031014033726,412.57634673345655,322.70358383678763,577.7499313408988,110.19598543167115
2026-03-12 05:00:00+00:00,1620.39,336.35,451.97,535.72,522.41,233.7,1329.9691098909893,339.15022729448964,413.1247425313442,271.7190618211424,573.8913985824942,111.12584334736522,1167.420260362171,337.94031014033726,412.57634673345655,322.70358383678763,577.7499313408988,110.19598543167115,1167.420260362171,337.94031014033726,412.57634673345655,322.70358383678763,577.7499313408988,110.19598543167115
2026-03-12 06:00:00+00:00,1676.79,354.34,478.28,711.04,523.97,257.83,1359.870753041976,339.23778174366896,415.03349651379926,279.60079711223756,573.8913985824942,111.12584334736522,1167.420260362171,337.94031014033726,412.57634673345655,322.70358383678763,577.7499313408988,110.19598543167115,1167.420260362171,337.94031014033726,412.57634673345655,322.70358383678763,577.7499313408988,110.19598543167115
2026-03-12 07:00:00+00:00,1619.6,349.47,479.76,314.62,486.79,281.96,1332.9341712800992,339.0708281449514,414.42487182677763,287.4825324033327,573.8913985824942,111.12584334736522,1167.420260362171,337.94031014033726,412.57634673345655,322.70358383678763,577.7499313408988,110.19598543167115,1167.420260362171,337.94031014033726,412.57634673345655,322.70358383678763,577.7499313408988,110.19598543167115
2026-03-12 08:00:00+00:00,1413.24,324.23,461.86,80.979996,494.04,123.51,1264.1043651992495,338.8843323704801,412.68420586747,295.3642676944279,573.8913985824942,111.12584334736522,1167.420260362171,337.94031014033726,412.57634673345655,322.70358383678763,577.7499313408988,110.19598543167115,1167.420260362171,337.94031014033726,412.57634673345655,322.70358383678763,577.7499313408988,110.19598543167115
2026-03-12 09:00:00+00:00,927.35,314.29,428.04,4.1099863,488.57,119.24,1195.1946871542011,338.6573677075537,411.16935455254827,303.24600298552303,573.8913985824942,111.12584334736522,1167.420260362171,337.94031014033726,412.57634673345655,322.70358383678763,577.7499313408988,110.19598543167115,1167.420260362171,337.94031014033726,412.57634673345655,322.70358383678763,577.7499313408988,110.19598543167115
2026-03-12 10:00:00+00:00,735.79,314.87,411.42,3.3099988,515.02,118.78,1152.8690009783493,338.4034750602092,410.17837894897724,311.12773827661823,573.8913985824942,111.12584334736522,1167.420260362171,337.94031014033726,412.57634673345655,322.70358383678763,577.7499313408988,110.19598543167115,1167.420260362171,337.94031014033726,412.57634673345655,322.70358383678763,577.7499313408988,110.19598543167115
2026-03-12 11:00:00+00:00,658.4,314.48,397.52,1.7099925,568.32,118.63,1126.084516247066,338.16127681505986,409.4040716572523,319.00947356771337,573.8913985824942,111.12584334736522,1167.420260362171,337.94031014033726,412.57634673345655,322.70358383678763,577.7499313408988,110.19598543167115,1167.420260362171,337.94031014033726,412.57634673345655,322.70358383678763,577.7499313408988,110.19598543167115
2026-03-12 12:00:00+00:00,766.41,314.33,392.42,0.63000596,567.02,119.3,1117.1111087324327,338.1278861534085,409.9478036019424,326.8912088588085,573.8913985824942,111.12584334736522,1167.420260362171,337.94031014033726,412.57634673345655,322.70358383678763,577.7499313408988,110.19598543167115,1167.420260362171,337.94031014033726,412.57634673345655,322.70358383678763,577.7499313408988,110.19598543167115
2026-03-12 13:00:00+00:00,954.72,314.26,395.73,0.08999741,555.33,116.23,1104.7474387322663,337.9615480499657,410.44311044973534,334.7729441499037,573.8913985824942,111.12584334736522,1167.420260362171,337.94031014033726,412.57634673345655,322.70358383678763,577.7499313408988,110.19598543167115,1167.420260362171,337.94031014033726,412.57634673345655,322.70358383678763,577.7499313408988,110.19598543167115
2026-03-12 14:00:00+00:00,1030.78,314.24,416.57,0.8200084,534.34,118.13,1125.3061703619808,337.8798407031643,411.8676876745578,342.65467944099885,573.8913985824942,111.12584334736522,1167.420260362171,337.94031014033726,412.57634673345655,322.70358383678763,577.7499313408988,110.19598543167115,1167.420260362171,337.94031014033726,412.57634673345655,322.70358383678763,577.7499313408988,110.19598543167115
2026-03-12 15:00:00+00:00,1227.05,314.11,453.13,21.109987,542.23,118.44,1175.6862604631474,337.89476654027027,414.912610178436,350.53641473209404,573.8913985824942,111.12584334736522,1167.420260362171,337.94031014033726,412.57634673345655,322.70358383678763,577.7499313408988,110.19598543167115,1167.420260362171,337.94031014033726,412.57634673345655,322.70358383678763,577.7499313408988,110.19598543167115
2026-03-12 16:00:00+00:00,1275.01,342.62,493.91,843.37,674.66,119.36,1248.792004736408,337.9703189036544,418.8555197718323,358.4181500231892,573.8913985824942,111.12584334736522,1167.420260362171,337.94031014033726,412.57634673345655,322.70358383678763,577.7499313408988,110.19598543167115,1167.420260362171,337.94031014033726,412.57634673345655,322.70358383678763,577.7499313408988,110.19598543167115
2026-03-12 17:00:00+00:00,1340.67,360.92,504.5,927.36,528.29,117.35,1296.5239996481696,338.2857611197373,422.48402650385475,366.2998853142844,573.8913985824942,111.12584334736522,1167.420260362171,337.94031014033726,412.57634673345655,322.70358383678763,577.7499313408988,110.19598543167115,1167.420260362171,337.94031014033726,412.57634673345655,322.70358383678763,577.7499313408988,110.19598543167115
2026-03-12 18:00:00+00:00,1284.76,313.88,499.82,740.19,547.51,115.1,1308.1361822550193,338.54380831409475,424.4252715485939,374.1816206053795,573.8913985824942,111.12584334736522,1167.420260362171,337.94031014033726,412.57634673345655,322.70358383678763,577.7499313408988,110.19598543167115,1167.420260362171,337.94031014033726,412.57634673345655,322.70358383678763,577.7499313408988,110.19598543167115
2026-03-12 19:00:00+00:00,899.47,313.65,484.74,332.33,547.1,115.89,1280.299778187598,338.5568878969483,425.29798796808507,382.06335589647466,573.8913985824942,111.12584334736522,1167.420260362171,337.94031014033726,412.57634673345655,322.70358383678763,577.7499313408988,110.19598543167115,1167.420260362171,337.94031014033726,412.57634673345655,322.70358383678763,577.7499313408988,110.19598543167115
2026-03-12 20:00:00+00:00,727.38,313.71,467.02,436.76,506.49,115.89,1253.721359372648,338.7089155566093,426.20332371519095,389.94509118756986,573.8913985824942,111.12584334736522,1167.420260362171,337.94031014033726,412.57634673345655,322.70358383678763,577.7499313408988,110.19598543167115,1167.420260362171,337.94031014033726,412.57634673345655,322.70358383678763,577.7499313408988,110.19598543167115
2026-03-12 21:00:00+00:00,711.95,313.75,448.89,566.65,470.33,116.05,1233.1406728348043,338.8330922056331,426.6911613623649,397.826826478665,573.8913985824942,111.12584334736522,1167.420260362171,337.94031014033726,412.57634673345655,322.70358383678763,577.7499313408988,110.19598543167115,1167.420260362171,337.94031014033726,412.57634673345655,322.70358383678763,577.7499313408988,110.19598543167115
2026-03-12 22:00:00+00:00,899.42,309.76,424.53,46.679993,481.31,117.65,1205.9273006028714,338.93849616844767,427.20482300343855,405.7085617697602,573.8913985824942,111.12584334736522,1167.420260362171,337.94031014033726,412.57634673345655,322.70358383678763,577.7499313408988,110.19598543167115,1167.420260362171,337.94031014033726,412.57634673345655,322.70358383678763,577.7499313408988,110.19598543167115
2026-03-12 23:00:00+00:00,960.34,294.01,408.11,0.79998887,473.98,116.14,1188.6540642049843,339.00466212742856,427.8609057290417,413.59029706085533,573.8913985824942,111.12584334736522,1167.420260362171,337.94031014033726,412.57634673345655,322.70358383678763,577.7499313408988,110.19598543167115,1167.420260362171,337.94031014033726,412.57634673345655,322.70358383678763,577.7499313408988,110.19598543167115
