date,hard_coal_tenn_actual,gas_tenn_actual,biomass_tenn_actual,pumped_storage_tenn_actual,hydro_tenn_actual,other_conv_tenn_actual,other_renew_tenn_actual,hard_coal_tenn_fitted,gas_tenn_fitted,biomass_tenn_fitted,pumped_storage_tenn_fitted,hydro_tenn_fitted,other_conv_tenn_fitted,other_renew_tenn_fitted,hard_coal_tenn_lower,gas_tenn_lower,biomass_tenn_lower,pumped_storage_tenn_lower,hydro_tenn_lower,other_conv_tenn_lower,other_renew_tenn_lower,hard_coal_tenn_upper,gas_tenn_upper,biomass_tenn_upper,pumped_storage_tenn_upper,hydro_tenn_upper,other_conv_tenn_upper,other_renew_tenn_upper
2026-01-24 00:00:00+00:00,252.00002,3285.1,1921.26,0.22999686,544.38,225.22,28.71,411.9294109477889,2958.794687465098,1904.4895609015396,42.95282152531354,532.2755428588016,240.6590709295613,28.857737430116323,517.1155239445823,1834.6012150046938,1931.1120467195058,189.3907482052295,931.1273446873256,272.4538835293906,32.038332068352474,517.1155239445823,1834.6012150046938,1931.1120467195058,189.3907482052295,931.1273446873256,272.4538835293906,32.038332068352474
2026-01-24 01:00:00+00:00,252.90001,3291.23,1912.85,0.22999686,542.39996,225.26,28.71,449.8955282697682,2828.197553831433,1892.759534206181,91.99351294557954,569.7167826987859,247.10325258794677,28.8462772072374,517.1155239445823,1834.6012150046938,1931.1120467195058,189.3907482052295,931.1273446873256,272.4538835293906,32.038332068352474,517.1155239445823,1834.6012150046938,1931.1120467195058,189.3907482052295,931.1273446873256,272.4538835293906,32.038332068352474
2026-01-24 02:00:00+00:00,254.00002,3479.24,1909.94,0.22999686,540.78,225.22,28.71,405.5612463227907,2984.3503321084017,1888.5724909441847,51.181215170980636,568.5432221744508,241.96216526222273,29.208318950869195,517.1155239445823,1834.6012150046938,1931.1120467195058,189.3907482052295,931.1273446873256,272.4538835293906,32.038332068352474,517.1155239445823,1834.6012150046938,1931.1120467195058,189.3907482052295,931.1273446873256,272.4538835293906,32.038332068352474
2026-01-24 03:00:00+00:00,264.35,3498.22,1924.86,0.30000418,539.08,219.28,28.71,372.32602131936125,2928.7519478995246,1899.6040094014106,-8.197992758891502,567.4421861853154,240.0590379923644,28.959258469691598,517.1155239445823,1834.6012150046938,1931.1120467195058,189.3907482052295,931.1273446873256,272.4538835293906,32.038332068352474,517.1155239445823,1834.6012150046938,1931.1120467195058,189.3907482052295,931.1273446873256,272.4538835293906,32.038332068352474
2026-01-24 04:00:00+00:00,292.2,3500.1,1958.82,0.30000418,529.43,217.35,28.71,453.86175597590864,2972.014948348984,1954.9375891117347,-11.265475489062993,569.035644384614,258.27181880099505,29.050382336217382,517.1155239445823,1834.6012150046938,1931.1120467195058,189.3907482052295,931.1273446873256,272.4538835293906,32.038332068352474,517.1155239445823,1834.6012150046938,1931.1120467195058,189.3907482052295,931.1273446873256,272.4538835293906,32.038332068352474
2026-01-24 05:00:00+00:00,345.85,3509.7502,2052.08,0.30000418,527.68,217.35,28.71,456.8087969360757,3251.4808323212046,2007.7411247121352,32.80565450632804,597.635505115823,256.16798473505634,28.795852574794004,517.1155239445823,1834.6012150046938,1931.1120467195058,189.3907482052295,931.1273446873256,272.4538835293906,32.038332068352474,517.1155239445823,1834.6012150046938,1931.1120467195058,189.3907482052295,931.1273446873256,272.4538835293906,32.038332068352474
2026-01-24 06:00:00+00:00,393.1,3538.03,2196.07,0.30000418,517.27,217.35,28.71,444.79337455924207,3314.1374899251723,2090.8826984701786,27.26728395552786,660.9844067141864,222.50935326057504,28.968132754940527,517.1155239445823,1834.6012150046938,1931.1120467195058,189.3907482052295,931.1273446873256,272.4538835293906,32.038332068352474,517.1155239445823,1834.6012150046938,1931.1120467195058,189.3907482052295,931.1273446873256,272.4538835293906,32.038332068352474
2026-01-24 07:00:00+00:00,355.1,3605.01,2282.87,44.429993,565.09,217.39,28.71,435.6330815336066,2900.268637240371,2261.895489825302,189.08016328248644,735.9639072480055,181.16338557706393,35.35853235627385,517.1155239445823,1834.6012150046938,1931.1120467195058,189.3907482052295,931.1273446873256,272.4538835293906,32.038332068352474,517.1155239445823,1834.6012150046938,1931.1120467195058,189.3907482052295,931.1273446873256,272.4538835293906,32.038332068352474
2026-01-24 08:00:00+00:00,328.3,3610.8,2264.47,134.72,564.9,217.47,28.71,444.53817893488724,3093.48530143293,2202.704905437798,237.3619039872574,770.8675012783167,194.21007812081933,35.82763595577114,517.1155239445823,1834.6012150046938,1931.1120467195058,189.3907482052295,931.1273446873256,272.4538835293906,32.038332068352474,517.1155239445823,1834.6012150046938,1931.1120467195058,189.3907482052295,931.1273446873256,272.4538835293906,32.038332068352474
2026-01-24 09:00:00+00:00,323.8,3355.7,2222.49,106.93,560.21,223.48,28.71,488.73709658662835,2967.6131835177125,2083.7577332948304,39.15979235461651,748.4675269801498,194.64209937574765,36.53547805735226,517.1155239445823,1834.6012150046938,1931.1120467195058,189.3907482052295,931.1273446873256,272.4538835293906,32.038332068352474,517.1155239445823,1834.6012150046938,1931.1120467195058,189.3907482052295,931.1273446873256,272.4538835293906,32.038332068352474
2026-01-24 10:00:00+00:00,315.4,3057.28,2180.91,0.7899944,530.7999,225.58,28.71,446.7481112381628,2823.701517647235,2076.889965885006,-31.695252028035384,725.593306338814,185.90593795648118,36.48424603615413,517.1155239445823,1834.6012150046938,1931.1120467195058,189.3907482052295,931.1273446873256,272.4538835293906,32.038332068352474,517.1155239445823,1834.6012150046938,1931.1120467195058,189.3907482052295,931.1273446873256,272.4538835293906,32.038332068352474
2026-01-24 11:00:00+00:00,311.0,3083.13,2102.66,17.750002,489.26,225.65,28.71,546.25078423237,2677.66921539165,1987.9210982348118,-22.043167938217664,776.1489538254848,194.13983433986186,35.21972944952133,517.1155239445823,1834.6012150046938,1931.1120467195058,189.3907482052295,931.1273446873256,272.4538835293906,32.038332068352474,517.1155239445823,1834.6012150046938,1931.1120467195058,189.3907482052295,931.1273446873256,272.4538835293906,32.038332068352474
2026-01-24 12:00:00+00:00,313.5,3260.94,2078.48,16.080004,479.01,225.77,28.71,546.0265075962121,2320.3672660640605,1963.279968851203,-18.727764453381468,688.9686130043511,197.97331340512704,35.42811923249793,517.1155239445823,1834.6012150046938,1931.1120467195058,189.3907482052295,931.1273446873256,272.4538835293906,32.038332068352474,517.1155239445823,1834.6012150046938,1931.1120467195058,189.3907482052295,931.1273446873256,272.4538835293906,32.038332068352474
2026-01-24 13:00:00+00:00,315.8,3253.27,2084.24,56.589996,441.2,225.81,28.71,608.1826222416516,2443.107182491416,1970.5958805244209,-14.272304570049755,694.1028929117368,190.91823064314335,34.87430456533127,517.1155239445823,1834.6012150046938,1931.1120467195058,189.3907482052295,931.1273446873256,272.4538835293906,32.038332068352474,517.1155239445823,1834.6012150046938,1931.1120467195058,189.3907482052295,931.1273446873256,272.4538835293906,32.038332068352474
2026-01-24 14:00:00+00:00,328.6,3849.1902,2118.07,0.5200054,416.07004,225.77,28.71,690.4681199150821,2647.4805146060125,2106.9857424816882,82.26182779991055,702.1103800130136,185.14468936685824,35.08894788078047,517.1155239445823,1834.6012150046938,1931.1120467195058,189.3907482052295,931.1273446873256,272.4538835293906,32.038332068352474,517.1155239445823,1834.6012150046938,1931.1120467195058,189.3907482052295,931.1273446873256,272.4538835293906,32.038332068352474
2026-01-24 15:00:00+00:00,371.2,4215.88,2216.37,133.56,417.09,225.65,28.71,707.0804315744665,3249.3984740071637,2275.4815986791687,304.58858965845786,777.1000685152759,204.3215898309506,34.90833424834671,517.1155239445823,1834.6012150046938,1931.1120467195058,189.3907482052295,931.1273446873256,272.4538835293906,32.038332068352474,517.1155239445823,1834.6012150046938,1931.1120467195058,189.3907482052295,931.1273446873256,272.4538835293906,32.038332068352474
2026-01-24 16:00:00+00:00,469.9,4274.98,2303.02,706.31,414.96,225.58,28.71,519.8705493221292,3234.36748651705,2326.894729164693,524.7476994047365,596.0539279054829,249.67572702180297,31.446848192582536,517.1155239445823,1834.6012150046938,1931.1120467195058,189.3907482052295,931.1273446873256,272.4538835293906,32.038332068352474,517.1155239445823,1834.6012150046938,1931.1120467195058,189.3907482052295,931.1273446873256,272.4538835293906,32.038332068352474
2026-01-24 17:00:00+00:00,468.6,4277.59,2319.06,673.86,398.13004,225.5,28.71,524.2894534612786,3257.465583955429,2299.801094437247,411.8713345535115,546.2743562698536,247.63913890308294,28.679479626534246,517.1155239445823,1834.6012150046938,1931.1120467195058,189.3907482052295,931.1273446873256,272.4538835293906,32.038332068352474,517.1155239445823,1834.6012150046938,1931.1120467195058,189.3907482052295,931.1273446873256,272.4538835293906,32.038332068352474
2026-01-24 18:00:00+00:00,408.8,4275.04,2286.08,57.740005,382.91,225.46,28.71,603.898175717262,3224.2314765924116,2293.1964822835985,281.5725464311332,579.2837606071416,227.98647472154477,28.936873596566706,517.1155239445823,1834.6012150046938,1931.1120467195058,189.3907482052295,931.1273446873256,272.4538835293906,32.038332068352474,517.1155239445823,1834.6012150046938,1931.1120467195058,189.3907482052295,931.1273446873256,272.4538835293906,32.038332068352474
2026-01-24 19:00:00+00:00,348.6,4217.42,2179.33,2.330003,357.18002,225.38,28.71,513.2766525678766,3388.925387176813,2196.743317455874,129.92890752947653,567.9136661806735,225.92101249796733,29.07355425909387,517.1155239445823,1834.6012150046938,1931.1120467195058,189.3907482052295,931.1273446873256,272.4538835293906,32.038332068352474,517.1155239445823,1834.6012150046938,1931.1120467195058,189.3907482052295,931.1273446873256,272.4538835293906,32.038332068352474
2026-01-24 20:00:00+00:00,288.64996,3969.74,2102.26,0.30000418,353.08,225.34,28.71,516.3922460080025,3424.6917297277478,2100.5132974737317,75.28555250714147,622.6925499737931,219.58074519235706,28.67646860533365,517.1155239445823,1834.6012150046938,1931.1120467195058,189.3907482052295,931.1273446873256,272.4538835293906,32.038332068352474,517.1155239445823,1834.6012150046938,1931.1120467195058,189.3907482052295,931.1273446873256,272.4538835293906,32.038332068352474
2026-01-24 21:00:00+00:00,266.4,3483.33,2038.11,0.2799999,351.81003,225.3,28.71,587.6595371012538,3199.0356670145597,2025.564728025145,4.1022731255870895,579.5859269138936,226.55809103725372,28.968164635474604,517.1155239445823,1834.6012150046938,1931.1120467195058,189.3907482052295,931.1273446873256,272.4538835293906,32.038332068352474,517.1155239445823,1834.6012150046938,1931.1120467195058,189.3907482052295,931.1273446873256,272.4538835293906,32.038332068352474
2026-01-24 22:00:00+00:00,248.53001,3389.79,2001.21,0.22999686,343.23007,225.26,28.71,591.4609345359482,2885.2407160781395,1965.1546919888478,24.688800797854896,565.5503176672833,237.03653248178756,29.149962174787234,517.1155239445823,1834.6012150046938,1931.1120467195058,189.3907482052295,931.1273446873256,272.4538835293906,32.038332068352474,517.1155239445823,1834.6012150046938,1931.1120467195058,189.3907482052295,931.1273446873256,272.4538835293906,32.038332068352474
2026-01-24 23:00:00+00:00,416.15,3301.46,1968.48,0.22999686,341.12003,312.22,28.71,570.1094485158753,2811.083467870813,1927.9652612193015,11.620208863533719,556.9313617610769,235.54249186686715,29.25612050086911,517.1155239445823,1834.6012150046938,1931.1120467195058,189.3907482052295,931.1273446873256,272.4538835293906,32.038332068352474,517.1155239445823,1834.6012150046938,1931.1120467195058,189.3907482052295,931.1273446873256,272.4538835293906,32.038332068352474
2026-01-25 00:00:00+00:00,545.08,3069.07,1955.77,0.22999686,327.82004,312.17,28.71,537.0605998037447,2854.4298108789853,1891.921924402319,5.119655724027865,505.56563872169085,237.71113190591655,29.088762029584903,517.1155239445823,1834.6012150046938,1931.1120467195058,189.3907482052295,931.1273446873256,272.4538835293906,32.038332068352474,517.1155239445823,1834.6012150046938,1931.1120467195058,189.3907482052295,931.1273446873256,272.4538835293906,32.038332068352474
2026-01-25 01:00:00+00:00,637.83,3152.01,1943.9,0.22999686,315.76004,312.22,28.71,514.6368540293138,2622.4305896500487,1885.3555986511176,7.6211652310493605,587.0710788953506,238.9744579895578,29.155552392059917,517.1155239445823,1834.6012150046938,1931.1120467195058,189.3907482052295,931.1273446873256,272.4538835293906,32.038332068352474,517.1155239445823,1834.6012150046938,1931.1120467195058,189.3907482052295,931.1273446873256,272.4538835293906,32.038332068352474
2026-01-25 02:00:00+00:00,792.6,3167.38,1936.12,0.22999686,310.04,312.17,28.71,578.8013949682141,2647.6527208580687,1892.4033222702901,10.078251417315869,480.9920193332676,244.53663659140918,29.242586397643734,517.1155239445823,1834.6012150046938,1931.1120467195058,189.3907482052295,931.1273446873256,272.4538835293906,32.038332068352474,517.1155239445823,1834.6012150046938,1931.1120467195058,189.3907482052295,931.1273446873256,272.4538835293906,32.038332068352474
2026-01-25 03:00:00+00:00,971.86,3161.52,1949.34,0.22999686,306.43002,306.24,28.71,660.2999971698938,2587.5323737568774,1900.6910755429622,11.528594231673424,506.61463848265595,249.25943970856446,28.96586818696041,517.1155239445823,1834.6012150046938,1931.1120467195058,189.3907482052295,931.1273446873256,272.4538835293906,32.038332068352474,517.1155239445823,1834.6012150046938,1931.1120467195058,189.3907482052295,931.1273446873256,272.4538835293906,32.038332068352474
2026-01-25 04:00:00+00:00,997.14,3187.74,1983.08,0.19999808,303.53,304.3,28.71,655.4004939195563,2490.723249577802,1957.9930734777968,11.041269122780363,511.9975901063686,248.52847098642758,28.942679256723387,517.1155239445823,1834.6012150046938,1931.1120467195058,189.3907482052295,931.1273446873256,272.4538835293906,32.038332068352474,517.1155239445823,1834.6012150046938,1931.1120467195058,189.3907482052295,931.1273446873256,272.4538835293906,32.038332068352474
2026-01-25 05:00:00+00:00,1015.63,3283.18,2081.75,0.19000357,303.27,304.34,28.71,662.9613149257269,2510.1390924797442,2039.2905446617037,35.50070535409432,493.12821195935345,252.46144589760664,28.942679256723387,517.1155239445823,1834.6012150046938,1931.1120467195058,189.3907482052295,931.1273446873256,272.4538835293906,32.038332068352474,517.1155239445823,1834.6012150046938,1931.1120467195058,189.3907482052295,931.1273446873256,272.4538835293906,32.038332068352474
2026-01-25 06:00:00+00:00,1043.3,3434.75,2225.19,0.19000357,299.64005,304.34,28.71,670.2296923050371,2827.945778995916,2116.5997768919797,28.507148773207717,569.6624431571789,239.9380843016982,29.053614538914243,517.1155239445823,1834.6012150046938,1931.1120467195058,189.3907482052295,931.1273446873256,272.4538835293906,32.038332068352474,517.1155239445823,1834.6012150046938,1931.1120467195058,189.3907482052295,931.1273446873256,272.4538835293906,32.038332068352474
2026-01-25 07:00:00+00:00,1055.73,3548.85,2302.81,0.22999686,306.97,304.38,28.71,607.5092918788666,2452.617916799626,2236.47471861089,156.50554467964193,656.4577797431156,211.68591457822208,38.68920173251182,517.1155239445823,1834.6012150046938,1931.1120467195058,189.3907482052295,931.1273446873256,272.4538835293906,32.038332068352474,517.1155239445823,1834.6012150046938,1931.1120467195058,189.3907482052295,931.1273446873256,272.4538835293906,32.038332068352474
2026-01-25 08:00:00+00:00,1057.01,3968.95,2287.35,0.25000113,314.76004,304.5,28.71,586.3468807172907,2884.5733214484144,2226.4979212401704,225.8786021692162,611.1088491795244,196.40303451265555,38.119327561660725,517.1155239445823,1834.6012150046938,1931.1120467195058,189.3907482052295,931.1273446873256,272.4538835293906,32.038332068352474,517.1155239445823,1834.6012150046938,1931.1120467195058,189.3907482052295,931.1273446873256,272.4538835293906,32.038332068352474
2026-01-25 09:00:00+00:00,1056.06,4039.67,2238.95,0.30000418,312.83,310.59,28.71,559.5183821883309,2997.769099492261,2143.434025390625,101.67576726976719,633.984232319551,195.18336953838417,35.107455901659876,517.1155239445823,1834.6012150046938,1931.1120467195058,189.3907482052295,931.1273446873256,272.4538835293906,32.038332068352474,517.1155239445823,1834.6012150046938,1931.1120467195058,189.3907482052295,931.1273446873256,272.4538835293906,32.038332068352474
2026-01-25 10:00:00+00:00,1049.51,3928.56,2189.05,0.30000418,333.21,312.69,28.71,529.0353216920234,3134.430959777296,2083.8557528503247,55.64794379784823,610.6579765409359,191.84131778517363,36.115320204753814,517.1155239445823,1834.6012150046938,1931.1120467195058,189.3907482052295,931.1273446873256,272.4538835293906,32.038332068352474,517.1155239445823,1834.6012150046938,1931.1120467195058,189.3907482052295,931.1273446873256,272.4538835293906,32.038332068352474
2026-01-25 11:00:00+00:00,1042.44,4065.32,2107.59,0.30000418,306.99008,312.77,28.71,558.8969862668746,3109.2561423026787,2020.9529460798985,65.5676248264861,603.7143625200798,194.56909198667915,37.040972174007855,517.1155239445823,1834.6012150046938,1931.1120467195058,189.3907482052295,931.1273446873256,272.4538835293906,32.038332068352474,517.1155239445823,1834.6012150046938,1931.1120467195058,189.3907482052295,931.1273446873256,272.4538835293906,32.038332068352474
2026-01-25 12:00:00+00:00,1021.22,3940.86,2066.82,0.25999564,298.11002,312.85,28.71,556.4816717837856,2908.9923005214278,2013.7796174669256,42.32850767725853,605.8587919000352,190.2809487494955,37.10079069751384,517.1155239445823,1834.6012150046938,1931.1120467195058,189.3907482052295,931.1273446873256,272.4538835293906,32.038332068352474,517.1155239445823,1834.6012150046938,1931.1120467195058,189.3907482052295,931.1273446873256,272.4538835293906,32.038332068352474
2026-01-25 13:00:00+00:00,1017.97,3861.92,2067.52,31.800005,302.96994,312.85,28.71,600.5496152353832,2904.0930447306155,2033.4258366043332,80.42315722293746,610.4836022507288,195.371684698812,38.92702834075932,517.1155239445823,1834.6012150046938,1931.1120467195058,189.3907482052295,931.1273446873256,272.4538835293906,32.038332068352474,517.1155239445823,1834.6012150046938,1931.1120467195058,189.3907482052295,931.1273446873256,272.4538835293906,32.038332068352474
2026-01-25 14:00:00+00:00,1034.17,3946.52,2091.04,0.25999564,302.30002,312.85,28.71,628.9850134110885,2994.8515514087844,2118.366490068189,73.919555221947,631.8554298802724,203.19469657947616,37.52880251811814,517.1155239445823,1834.6012150046938,1931.1120467195058,189.3907482052295,931.1273446873256,272.4538835293906,32.038332068352474,517.1155239445823,1834.6012150046938,1931.1120467195058,189.3907482052295,931.1273446873256,272.4538835293906,32.038332068352474
2026-01-25 15:00:00+00:00,986.84,4102.42,2185.85,76.47,355.12003,312.77,28.71,702.2337225372085,2973.2017237786886,2277.2900521075508,169.03008776319945,647.7076304011897,191.07279604066917,37.199235293276374,517.1155239445823,1834.6012150046938,1931.1120467195058,189.3907482052295,931.1273446873256,272.4538835293906,32.038332068352474,517.1155239445823,1834.6012150046938,1931.1120467195058,189.3907482052295,931.1273446873256,272.4538835293906,32.038332068352474
2026-01-25 16:00:00+00:00,826.38,4161.26,2277.6,180.26,392.21,312.69,28.71,446.03588576572474,3605.6284549299953,2316.396583082011,444.5051309199812,539.8891777772449,246.82162543134996,31.84089236291332,517.1155239445823,1834.6012150046938,1931.1120467195058,189.3907482052295,931.1273446873256,272.4538835293906,32.038332068352474,517.1155239445823,1834.6012150046938,1931.1120467195058,189.3907482052295,931.1273446873256,272.4538835293906,32.038332068352474
2026-01-25 17:00:00+00:00,826.85,4156.17,2296.32,126.52,345.42,312.69,28.71,432.9884288554501,4013.979305928159,2286.2636367252335,307.60178978443446,540.8219448967029,255.89989397176944,28.96822886954306,517.1155239445823,1834.6012150046938,1931.1120467195058,189.3907482052295,931.1273446873256,272.4538835293906,32.038332068352474,517.1155239445823,1834.6012150046938,1931.1120467195058,189.3907482052295,931.1273446873256,272.4538835293906,32.038332068352474
2026-01-25 18:00:00+00:00,826.99,4154.43,2255.59,262.38,361.64005,312.69,28.71,445.8410243102819,3803.6591089407525,2273.344131014605,182.37382552406243,468.1629854319745,260.7725912368716,29.039435806185235,517.1155239445823,1834.6012150046938,1931.1120467195058,189.3907482052295,931.1273446873256,272.4538835293906,32.038332068352474,517.1155239445823,1834.6012150046938,1931.1120467195058,189.3907482052295,931.1273446873256,272.4538835293906,32.038332068352474
2026-01-25 19:00:00+00:00,814.47,4144.55,2141.27,123.6,324.75003,312.69,28.71,443.33856803270726,3366.5236442431947,2183.1528213897896,43.245305849471265,485.66332670523525,263.24976906345825,28.895706296413834,517.1155239445823,1834.6012150046938,1931.1120467195058,189.3907482052295,931.1273446873256,272.4538835293906,32.038332068352474,517.1155239445823,1834.6012150046938,1931.1120467195058,189.3907482052295,931.1273446873256,272.4538835293906,32.038332068352474
2026-01-25 20:00:00+00:00,731.55,4100.18,2057.04,268.65,308.11002,312.69,28.71,418.9343566316489,3135.6901656870823,2088.990827385617,-13.317857173993957,475.71369380868396,256.9170459731908,28.46088765381757,517.1155239445823,1834.6012150046938,1931.1120467195058,189.3907482052295,931.1273446873256,272.4538835293906,32.038332068352474,517.1155239445823,1834.6012150046938,1931.1120467195058,189.3907482052295,931.1273446873256,272.4538835293906,32.038332068352474
2026-01-25 21:00:00+00:00,699.29,4059.57,2006.4,268.55,300.57004,312.69,28.71,510.52499297524565,3200.362110371967,2036.6564104858762,-74.7277437162769,524.1231712507159,256.27190688147164,28.816923035586356,517.1155239445823,1834.6012150046938,1931.1120467195058,189.3907482052295,931.1273446873256,272.4538835293906,32.038332068352474,517.1155239445823,1834.6012150046938,1931.1120467195058,189.3907482052295,931.1273446873256,272.4538835293906,32.038332068352474
2026-01-25 22:00:00+00:00,670.23,4027.07,1973.21,268.77,288.84,312.69,28.71,442.7622312207901,3192.6308821388716,1960.4691046537587,-35.92166205011793,526.1254524860976,256.8085265451614,28.985269148263733,517.1155239445823,1834.6012150046938,1931.1120467195058,189.3907482052295,931.1273446873256,272.4538835293906,32.038332068352474,517.1155239445823,1834.6012150046938,1931.1120467195058,189.3907482052295,931.1273446873256,272.4538835293906,32.038332068352474
2026-01-25 23:00:00+00:00,641.49,3956.4,1939.04,7.649995,288.33,285.19,28.71,458.6387416801991,3177.7423165598357,1923.9006705870163,-10.217450498252532,555.3758887962983,258.79669605967047,28.904734323458328,517.1155239445823,1834.6012150046938,1931.1120467195058,189.3907482052295,931.1273446873256,272.4538835293906,32.038332068352474,517.1155239445823,1834.6012150046938,1931.1120467195058,189.3907482052295,931.1273446873256,272.4538835293906,32.038332068352474
2026-01-26 00:00:00+00:00,642.51,3957.02,1921.45,0.22999686,279.04,285.23,28.71,476.33550093540606,2962.2824308326026,1885.6395507027378,-4.139914624190112,657.8131695817723,268.45466274504736,28.966549468689863,517.1155239445823,1834.6012150046938,1931.1120467195058,189.3907482052295,931.1273446873256,272.4538835293906,32.038332068352474,517.1155239445823,1834.6012150046938,1931.1120467195058,189.3907482052295,931.1273446873256,272.4538835293906,32.038332068352474
2026-01-26 01:00:00+00:00,644.31,3935.23,1899.7,0.22999686,276.57004,285.19,28.71,421.9370592343295,2812.0056506032743,1887.6463074956548,-10.612864455420493,743.8425645993107,283.1480966166971,28.919440205020837,517.1155239445823,1834.6012150046938,1931.1120467195058,189.3907482052295,931.1273446873256,272.4538835293906,32.038332068352474,517.1155239445823,1834.6012150046938,1931.1120467195058,189.3907482052295,931.1273446873256,272.4538835293906,32.038332068352474
2026-01-26 02:00:00+00:00,645.35,3664.63,1894.07,0.22999686,285.29,285.23,28.71,357.78315961457065,2394.239633228579,1888.7862893577603,-11.733903905021322,738.0564308019748,287.3794056484363,29.121073578712426,517.1155239445823,1834.6012150046938,1931.1120467195058,189.3907482052295,931.1273446873256,272.4538835293906,32.038332068352474,517.1155239445823,1834.6012150046938,1931.1120467195058,189.3907482052295,931.1273446873256,272.4538835293906,32.038332068352474
2026-01-26 03:00:00+00:00,537.99,3764.17,1911.17,0.22999686,289.83,279.46,28.71,313.2983562840395,2791.5780407981824,1885.0413799190983,-10.613040782894387,744.8985557123619,279.6907307113681,29.11170807138981,517.1155239445823,1834.6012150046938,1931.1120467195058,189.3907482052295,931.1273446873256,272.4538835293906,32.038332068352474,517.1155239445823,1834.6012150046938,1931.1120467195058,189.3907482052295,931.1273446873256,272.4538835293906,32.038332068352474
2026-01-26 04:00:00+00:00,324.1,4286.31,1941.2,0.24000663,288.28,277.36,28.71,352.0546442317078,3077.9695660926354,1942.1313804599545,-10.879066786441314,720.2152797333515,277.47346521228224,29.137686105443983,517.1155239445823,1834.6012150046938,1931.1120467195058,189.3907482052295,931.1273446873256,272.4538835293906,32.038332068352474,517.1155239445823,1834.6012150046938,1931.1120467195058,189.3907482052295,931.1273446873256,272.4538835293906,32.038332068352474
2026-01-26 05:00:00+00:00,371.9,4906.36,2013.12,7.750001,294.68002,277.4,28.71,427.8283375236844,3874.899061547377,2018.7691750147476,54.23529448022012,780.5326933344008,275.9758396079067,28.608530121506284,517.1155239445823,1834.6012150046938,1931.1120467195058,189.3907482052295,931.1273446873256,272.4538835293906,32.038332068352474,517.1155239445823,1834.6012150046938,1931.1120467195058,189.3907482052295,931.1273446873256,272.4538835293906,32.038332068352474
2026-01-26 06:00:00+00:00,471.25,4963.2095,2136.5,284.74,388.06003,277.4,28.71,360.83785011469917,4375.755193961267,2141.9143480574144,258.1602664777878,955.4107935495455,285.29719713576526,29.007014313204557,517.1155239445823,1834.6012150046938,1931.1120467195058,189.3907482052295,931.1273446873256,272.4538835293906,32.038332068352474,517.1155239445823,1834.6012150046938,1931.1120467195058,189.3907482052295,931.1273446873256,272.4538835293906,32.038332068352474
2026-01-26 07:00:00+00:00,461.6,5313.64,2222.82,596.49,353.34,277.4,28.71,462.26362351832455,4493.7910951162285,2260.869459739996,567.6606285606751,958.8534055951411,263.9751678887998,33.476909846213424,517.1155239445823,1834.6012150046938,1931.1120467195058,189.3907482052295,931.1273446873256,272.4538835293906,32.038332068352474,517.1155239445823,1834.6012150046938,1931.1120467195058,189.3907482052295,931.1273446873256,272.4538835293906,32.038332068352474
2026-01-26 08:00:00+00:00,472.1,5480.31,2224.07,652.48,417.29,277.4,28.71,471.8682669605902,4272.335329135894,2259.0536098533657,543.771283778348,853.7805894916656,296.32301450286235,31.026173239474637,517.1155239445823,1834.6012150046938,1931.1120467195058,189.3907482052295,931.1273446873256,272.4538835293906,32.038332068352474,517.1155239445823,1834.6012150046938,1931.1120467195058,189.3907482052295,931.1273446873256,272.4538835293906,32.038332068352474
2026-01-26 09:00:00+00:00,485.8,5492.08,2176.56,506.09,493.59998,285.81,28.71,485.3538493748131,4317.317750601112,2223.9029615046247,430.47364437462,844.247374799978,289.93642244852794,30.660990363372743,517.1155239445823,1834.6012150046938,1931.1120467195058,189.3907482052295,931.1273446873256,272.4538835293906,32.038332068352474,517.1155239445823,1834.6012150046938,1931.1120467195058,189.3907482052295,931.1273446873256,272.4538835293906,32.038332068352474
2026-01-26 10:00:00+00:00,484.4,5471.46,2143.19,332.92,403.08,340.06,28.71,450.5077608104896,4368.028494829598,2147.6032745216694,295.2594570678479,824.2229550610941,300.8620556728416,31.44664410916008,517.1155239445823,1834.6012150046938,1931.1120467195058,189.3907482052295,931.1273446873256,272.4538835293906,32.038332068352474,517.1155239445823,1834.6012150046938,1931.1120467195058,189.3907482052295,931.1273446873256,272.4538835293906,32.038332068352474
2026-01-26 11:00:00+00:00,478.4,5239.9194,2080.24,32.319992,461.41,293.56,28.71,499.628639180406,4320.893893962752,2067.5656700269633,213.25280479370187,800.9532192209825,292.15519825263357,30.897427060695886,517.1155239445823,1834.6012150046938,1931.1120467195058,189.3907482052295,931.1273446873256,272.4538835293906,32.038332068352474,517.1155239445823,1834.6012150046938,1931.1120467195058,189.3907482052295,931.1273446873256,272.4538835293906,32.038332068352474
2026-01-26 12:00:00+00:00,473.6,5175.19,2059.34,0.3099987,458.5,293.03,28.71,492.07888450130866,4126.4791009814735,2073.322846749021,233.487839891872,815.0745952775172,293.34393375964385,30.730495610345844,517.1155239445823,1834.6012150046938,1931.1120467195058,189.3907482052295,931.1273446873256,272.4538835293906,32.038332068352474,517.1155239445823,1834.6012150046938,1931.1120467195058,189.3907482052295,931.1273446873256,272.4538835293906,32.038332068352474
2026-01-26 13:00:00+00:00,477.7,5307.8096,2067.49,1.3099988,418.38004,293.03,28.71,441.6511450429076,4176.8346108017,2121.8557432096504,205.2952212981235,955.7458081838117,282.95045840723833,32.381760059604446,517.1155239445823,1834.6012150046938,1931.1120467195058,189.3907482052295,931.1273446873256,272.4538835293906,32.038332068352474,517.1155239445823,1834.6012150046938,1931.1120467195058,189.3907482052295,931.1273446873256,272.4538835293906,32.038332068352474
2026-01-26 14:00:00+00:00,473.5,5636.98,2098.0,259.69,391.07004,293.03,28.71,547.1754885715775,4165.18225574384,2172.3168765717737,270.0554233090696,975.9806843782585,281.8821789042369,33.61223566238518,517.1155239445823,1834.6012150046938,1931.1120467195058,189.3907482052295,931.1273446873256,272.4538835293906,32.038332068352474,517.1155239445823,1834.6012150046938,1931.1120467195058,189.3907482052295,931.1273446873256,272.4538835293906,32.038332068352474
2026-01-26 15:00:00+00:00,486.05,5655.6426,2200.9,795.46,449.73004,293.07,28.71,681.9474822000552,4139.514144790564,2301.763638329633,391.4981731696379,982.8481347552241,272.1884279504487,31.946035879228866,517.1155239445823,1834.6012150046938,1931.1120467195058,189.3907482052295,931.1273446873256,272.4538835293906,32.038332068352474,517.1155239445823,1834.6012150046938,1931.1120467195058,189.3907482052295,931.1273446873256,272.4538835293906,32.038332068352474
2026-01-26 16:00:00+00:00,484.1,5674.3047,2274.87,773.3467,744.85,293.54,28.71,666.9595039261462,4058.9525944174993,2274.8344503739986,702.1117122669625,1003.098784381237,288.97694028973945,31.43586912503877,517.1155239445823,1834.6012150046938,1931.1120467195058,189.3907482052295,931.1273446873256,272.4538835293906,32.038332068352474,517.1155239445823,1834.6012150046938,1931.1120467195058,189.3907482052295,931.1273446873256,272.4538835293906,32.038332068352474
2026-01-26 17:00:00+00:00,488.6,5692.9673,2284.58,751.23334,704.96,295.68,28.71,606.915996013411,4176.248131002173,2267.935350646882,614.6079589155922,975.5960950711014,297.595428020855,28.787264298856247,517.1155239445823,1834.6012150046938,1931.1120467195058,189.3907482052295,931.1273446873256,272.4538835293906,32.038332068352474,517.1155239445823,1834.6012150046938,1931.1120467195058,189.3907482052295,931.1273446873256,272.4538835293906,32.038332068352474
2026-01-26 18:00:00+00:00,489.1,5711.63,2248.22,729.12,644.25,297.14,28.71,633.39987343454,4154.279786581804,2252.230515293073,444.51287864187293,968.4356874919495,281.37915892029656,28.853822254857192,517.1155239445823,1834.6012150046938,1931.1120467195058,189.3907482052295,931.1273446873256,272.4538835293906,32.038332068352474,517.1155239445823,1834.6012150046938,1931.1120467195058,189.3907482052295,931.1273446873256,272.4538835293906,32.038332068352474
2026-01-26 19:00:00+00:00,474.45,5278.22,2168.63,323.16,488.52,293.11,28.71,606.7106101129071,4451.357303031771,2162.0599475602517,226.40313789319794,943.8935143995916,275.7165499513104,28.843964350076813,517.1155239445823,1834.6012150046938,1931.1120467195058,189.3907482052295,931.1273446873256,272.4538835293906,32.038332068352474,517.1155239445823,1834.6012150046938,1931.1120467195058,189.3907482052295,931.1273446873256,272.4538835293906,32.038332068352474
2026-01-26 20:00:00+00:00,460.1,5381.4,2090.26,74.59,344.12003,293.11,28.71,656.6109284119597,4217.789110580351,2100.3412311756238,86.26935143942255,826.0596309376374,273.09635580083426,28.7424251900429,517.1155239445823,1834.6012150046938,1931.1120467195058,189.3907482052295,931.1273446873256,272.4538835293906,32.038332068352474,517.1155239445823,1834.6012150046938,1931.1120467195058,189.3907482052295,931.1273446873256,272.4538835293906,32.038332068352474
2026-01-26 21:00:00+00:00,338.95,5262.74,2025.65,0.30000418,336.59,293.11,28.71,688.7610681773878,3994.379980168562,2005.749756418527,25.42877079790955,815.9007259533192,272.7778368590757,28.930940701489604,517.1155239445823,1834.6012150046938,1931.1120467195058,189.3907482052295,931.1273446873256,272.4538835293906,32.038332068352474,517.1155239445823,1834.6012150046938,1931.1120467195058,189.3907482052295,931.1273446873256,272.4538835293906,32.038332068352474
2026-01-26 22:00:00+00:00,264.25,4807.71,1991.06,0.20999259,350.03,293.07,28.71,796.0237915627249,3559.816985782313,1982.6502067335455,19.95751854201842,709.1638465570958,272.7823731968202,28.7933651867767,517.1155239445823,1834.6012150046938,1931.1120467195058,189.3907482052295,931.1273446873256,272.4538835293906,32.038332068352474,517.1155239445823,1834.6012150046938,1931.1120467195058,189.3907482052295,931.1273446873256,272.4538835293906,32.038332068352474
2026-01-26 23:00:00+00:00,259.3,4674.57,1952.16,0.039979164,355.16,289.66,28.71,747.5058388560034,3641.563605427395,1927.8470548405169,23.11453805802256,727.6178010389938,274.5172972002084,28.834659290016113,517.1155239445823,1834.6012150046938,1931.1120467195058,189.3907482052295,931.1273446873256,272.4538835293906,32.038332068352474,517.1155239445823,1834.6012150046938,1931.1120467195058,189.3907482052295,931.1273446873256,272.4538835293906,32.038332068352474
2026-01-27 00:00:00+00:00,257.7,4616.12,1933.26,0.14000052,367.29,289.03,28.71,883.5837501110825,3934.0165759726005,1872.826330143658,14.511509404969672,684.1679907319844,268.6048719022612,28.89717233709991,517.1155239445823,1834.6012150046938,1931.1120467195058,189.3907482052295,931.1273446873256,272.4538835293906,32.038332068352474,517.1155239445823,1834.6012150046938,1931.1120467195058,189.3907482052295,931.1273446873256,272.4538835293906,32.038332068352474
2026-01-27 01:00:00+00:00,256.7,4562.17,1921.61,0.19000357,379.59,289.03,28.71,874.8093708086965,4095.96621503179,1882.0051977955418,11.18504321349181,669.8114221974649,279.63644919913526,28.359449090260007,517.1155239445823,1834.6012150046938,1931.1120467195058,189.3907482052295,931.1273446873256,272.4538835293906,32.038332068352474,517.1155239445823,1834.6012150046938,1931.1120467195058,189.3907482052295,931.1273446873256,272.4538835293906,32.038332068352474
2026-01-27 02:00:00+00:00,253.50002,4909.47,1914.84,0.19000357,374.41,289.03,28.71,834.1158640895094,3982.3159665159546,1867.724865656174,17.22848141066322,640.8081068787062,253.9434897471005,28.867519903138586,517.1155239445823,1834.6012150046938,1931.1120467195058,189.3907482052295,931.1273446873256,272.4538835293906,32.038332068352474,517.1155239445823,1834.6012150046938,1931.1120467195058,189.3907482052295,931.1273446873256,272.4538835293906,32.038332068352474
2026-01-27 03:00:00+00:00,246.60002,5113.62,1927.86,0.22999686,443.31,283.14,28.71,867.4346514464273,3915.1549289464783,1955.2232345405184,14.368815822755948,644.376368989468,258.3699457992716,29.14199371905182,517.1155239445823,1834.6012150046938,1931.1120467195058,189.3907482052295,931.1273446873256,272.4538835293906,32.038332068352474,517.1155239445823,1834.6012150046938,1931.1120467195058,189.3907482052295,931.1273446873256,272.4538835293906,32.038332068352474
2026-01-27 04:00:00+00:00,282.5,5593.3394,1956.38,2.1699994,504.88,281.16,28.71,831.6020534768877,4243.393330766571,1994.7070590013866,9.946903582274274,695.3348241424925,260.9572556516708,29.094362812488043,517.1155239445823,1834.6012150046938,1931.1120467195058,189.3907482052295,931.1273446873256,272.4538835293906,32.038332068352474,517.1155239445823,1834.6012150046938,1931.1120467195058,189.3907482052295,931.1273446873256,272.4538835293906,32.038332068352474
2026-01-27 05:00:00+00:00,411.5,5801.64,2017.58,526.48,620.73,281.17,28.71,804.2961674503147,4294.761282362589,2041.9636952312032,132.40193370279118,801.4863589276816,259.35870846885757,29.21052776930151,517.1155239445823,1834.6012150046938,1931.1120467195058,189.3907482052295,931.1273446873256,272.4538835293906,32.038332068352474,517.1155239445823,1834.6012150046938,1931.1120467195058,189.3907482052295,931.1273446873256,272.4538835293906,32.038332068352474
2026-01-27 06:00:00+00:00,465.4,5881.98,2117.16,1019.48,686.13,285.21,28.71,1053.8297766176415,4301.380543538287,2173.855647470846,347.82498690366106,1155.392793893967,273.93066768069843,36.789341538093005,517.1155239445823,1834.6012150046938,1931.1120467195058,189.3907482052295,931.1273446873256,272.4538835293906,32.038332068352474,517.1155239445823,1834.6012150046938,1931.1120467195058,189.3907482052295,931.1273446873256,272.4538835293906,32.038332068352474
2026-01-27 07:00:00+00:00,470.1,5920.5,2203.94,725.8,849.86,285.21,28.71,991.0274193739585,4858.693559206178,2311.063969046745,733.5055356096739,1080.247572637521,252.78791924480947,34.01534861653954,517.1155239445823,1834.6012150046938,1931.1120467195058,189.3907482052295,931.1273446873256,272.4538835293906,32.038332068352474,517.1155239445823,1834.6012150046938,1931.1120467195058,189.3907482052295,931.1273446873256,272.4538835293906,32.038332068352474
2026-01-27 08:00:00+00:00,468.85,5890.43,2218.1,432.12,679.91,285.29,28.71,916.2924361541702,4544.157891670582,2233.028260586216,357.89367008902735,900.5344757892614,283.1511693338794,34.35147040381251,517.1155239445823,1834.6012150046938,1931.1120467195058,189.3907482052295,931.1273446873256,272.4538835293906,32.038332068352474,517.1155239445823,1834.6012150046938,1931.1120467195058,189.3907482052295,931.1273446873256,272.4538835293906,32.038332068352474
2026-01-27 09:00:00+00:00,467.95,5699.78,2207.4,37.089996,540.99,289.52,28.71,713.9677774459872,4299.32498959262,2150.4385456127884,229.84330199506633,814.6732894336707,308.6324084949806,33.25671096782959,517.1155239445823,1834.6012150046938,1931.1120467195058,189.3907482052295,931.1273446873256,272.4538835293906,32.038332068352474,517.1155239445823,1834.6012150046938,1931.1120467195058,189.3907482052295,931.1273446873256,272.4538835293906,32.038332068352474
2026-01-27 10:00:00+00:00,469.0,5665.27,2185.35,13.119996,535.23,288.97,28.71,685.5947070331451,4068.795786548533,2050.021242467678,133.9677316093672,800.5844155260407,291.92222891071737,36.481150397051735,517.1155239445823,1834.6012150046938,1931.1120467195058,189.3907482052295,931.1273446873256,272.4538835293906,32.038332068352474,517.1155239445823,1834.6012150046938,1931.1120467195058,189.3907482052295,931.1273446873256,272.4538835293906,32.038332068352474
2026-01-27 11:00:00+00:00,474.85,5709.9297,2121.8,0.24000663,560.21,288.97,28.71,708.2748177335948,3948.1749947494063,2016.4163244805716,135.48628697548872,857.9950823264376,306.1216093309899,35.41001672679821,517.1155239445823,1834.6012150046938,1931.1120467195058,189.3907482052295,931.1273446873256,272.4538835293906,32.038332068352474,517.1155239445823,1834.6012150046938,1931.1120467195058,189.3907482052295,931.1273446873256,272.4538835293906,32.038332068352474
2026-01-27 12:00:00+00:00,480.1,5579.08,2099.09,0.25999564,534.28,289.01,28.71,693.2291995986017,3428.431673140598,1992.2951939234217,109.1272657141783,867.7711674740692,238.9403811421694,36.28176158513741,517.1155239445823,1834.6012150046938,1931.1120467195058,189.3907482052295,931.1273446873256,272.4538835293906,32.038332068352474,517.1155239445823,1834.6012150046938,1931.1120467195058,189.3907482052295,931.1273446873256,272.4538835293906,32.038332068352474
2026-01-27 13:00:00+00:00,470.8,5410.26,2103.12,0.3099987,502.34,289.01,28.71,700.7267867564782,3481.0718804820394,2022.3405715576669,100.8148063296195,946.5567686708519,247.76918524496259,36.78019735316597,517.1155239445823,1834.6012150046938,1931.1120467195058,189.3907482052295,931.1273446873256,272.4538835293906,32.038332068352474,517.1155239445823,1834.6012150046938,1931.1120467195058,189.3907482052295,931.1273446873256,272.4538835293906,32.038332068352474
2026-01-27 14:00:00+00:00,479.1,5563.5,2132.15,2.6699994,473.51,289.01,28.71,675.186729196281,3359.4771842538976,2122.931999768377,183.88006260366592,975.4272124650432,249.22640246900494,36.38618722953273,517.1155239445823,1834.6012150046938,1931.1120467195058,189.3907482052295,931.1273446873256,272.4538835293906,32.038332068352474,517.1155239445823,1834.6012150046938,1931.1120467195058,189.3907482052295,931.1273446873256,272.4538835293906,32.038332068352474
2026-01-27 15:00:00+00:00,484.2,5584.66,2237.13,73.53,454.98,288.97,28.71,625.3652097335242,3235.4050494739777,2282.101533504743,341.4444191368485,973.6588993924704,260.6046415311734,36.30928307916008,517.1155239445823,1834.6012150046938,1931.1120467195058,189.3907482052295,931.1273446873256,272.4538835293906,32.038332068352474,517.1155239445823,1834.6012150046938,1931.1120467195058,189.3907482052295,931.1273446873256,272.4538835293906,32.038332068352474
2026-01-27 16:00:00+00:00,480.65,5516.33,2308.04,232.06,447.17,288.97,28.71,416.7611150915535,4097.991717544538,2261.3072224496636,625.4128313816088,861.3615961592039,310.667410430779,31.609188525098585,517.1155239445823,1834.6012150046938,1931.1120467195058,189.3907482052295,931.1273446873256,272.4538835293906,32.038332068352474,517.1155239445823,1834.6012150046938,1931.1120467195058,189.3907482052295,931.1273446873256,272.4538835293906,32.038332068352474
2026-01-27 17:00:00+00:00,491.5,5317.92,2315.66,236.99,487.54,288.97,28.71,481.13038069252025,4657.3123412665,2263.2890705327936,463.7382200887898,797.4551200022248,309.7242119551313,28.99613022714441,517.1155239445823,1834.6012150046938,1931.1120467195058,189.3907482052295,931.1273446873256,272.4538835293906,32.038332068352474,517.1155239445823,1834.6012150046938,1931.1120467195058,189.3907482052295,931.1273446873256,272.4538835293906,32.038332068352474
2026-01-27 18:00:00+00:00,479.2,5247.8096,2277.69,73.13,445.39,288.97,28.71,440.5144441151618,4456.297444148557,2238.756774240295,249.09125956369655,786.1149055392829,302.0177982103093,28.89765940292977,517.1155239445823,1834.6012150046938,1931.1120467195058,189.3907482052295,931.1273446873256,272.4538835293906,32.038332068352474,517.1155239445823,1834.6012150046938,1931.1120467195058,189.3907482052295,931.1273446873256,272.4538835293906,32.038332068352474
2026-01-27 19:00:00+00:00,358.15,5269.85,2196.92,0.3099987,425.61,288.97,28.71,610.8482659166132,3948.4717333769813,2142.039584351669,91.90548434884789,874.452141766084,269.7205087320506,29.174427011948655,517.1155239445823,1834.6012150046938,1931.1120467195058,189.3907482052295,931.1273446873256,272.4538835293906,32.038332068352474,517.1155239445823,1834.6012150046938,1931.1120467195058,189.3907482052295,931.1273446873256,272.4538835293906,32.038332068352474
2026-01-27 20:00:00+00:00,320.8,5278.35,2116.51,13.899995,475.9,288.97,28.71,479.1486338267681,3865.429019465054,2077.007117022992,74.0130281597608,764.6037272865507,256.17514758497737,29.226791299032293,517.1155239445823,1834.6012150046938,1931.1120467195058,189.3907482052295,931.1273446873256,272.4538835293906,32.038332068352474,517.1155239445823,1834.6012150046938,1931.1120467195058,189.3907482052295,931.1273446873256,272.4538835293906,32.038332068352474
2026-01-27 21:00:00+00:00,288.89996,5011.27,2064.66,30.720003,445.88998,288.97,28.71,494.8670092857908,3645.0055589563362,1997.8864985998425,18.09221639387306,654.8468426842899,259.8638963747683,29.226791299032293,517.1155239445823,1834.6012150046938,1931.1120467195058,189.3907482052295,931.1273446873256,272.4538835293906,32.038332068352474,517.1155239445823,1834.6012150046938,1931.1120467195058,189.3907482052295,931.1273446873256,272.4538835293906,32.038332068352474
2026-01-27 22:00:00+00:00,262.7,5031.89,2017.11,0.19999808,398.16,288.97,28.71,417.85236499602865,3338.225662924687,1961.7791481406132,18.349319486908854,567.9527516502678,252.344811886577,28.738561847850853,517.1155239445823,1834.6012150046938,1931.1120467195058,189.3907482052295,931.1273446873256,272.4538835293906,32.038332068352474,517.1155239445823,1834.6012150046938,1931.1120467195058,189.3907482052295,931.1273446873256,272.4538835293906,32.038332068352474
2026-01-27 23:00:00+00:00,256.75,5136.81,1984.08,0.22000235,396.20004,285.05,28.71,402.6598029044299,3406.3000079150615,1956.7782236908267,14.715423245224315,580.1359893908331,244.8491911092445,29.227866675790988,517.1155239445823,1834.6012150046938,1931.1120467195058,189.3907482052295,931.1273446873256,272.4538835293906,32.038332068352474,517.1155239445823,1834.6012150046938,1931.1120467195058,189.3907482052295,931.1273446873256,272.4538835293906,32.038332068352474
2026-01-28 00:00:00+00:00,262.3,4554.86,1969.57,0.24000663,438.71,285.05,28.71,386.90859621549606,3536.914567038044,1878.6338428090726,19.95318521777122,550.4596903359552,248.68312306756383,29.238263954879926,517.1155239445823,1834.6012150046938,1931.1120467195058,189.3907482052295,931.1273446873256,272.4538835293906,32.038332068352474,517.1155239445823,1834.6012150046938,1931.1120467195058,189.3907482052295,931.1273446873256,272.4538835293906,32.038332068352474
2026-01-28 01:00:00+00:00,261.89996,4426.82,1957.01,0.24000663,451.05,285.48,28.71,437.97265290332786,3559.0768326759235,1879.8476888164041,70.59034208165006,562.2651814410649,243.0868594468952,29.3121631076716,517.1155239445823,1834.6012150046938,1931.1120467195058,189.3907482052295,931.1273446873256,272.4538835293906,32.038332068352474,517.1155239445823,1834.6012150046938,1931.1120467195058,189.3907482052295,931.1273446873256,272.4538835293906,32.038332068352474
2026-01-28 02:00:00+00:00,258.8,4394.14,1948.93,0.24000663,450.97,285.05,28.71,450.8790992099956,3476.973547244583,1870.8289187642279,14.71869102717929,564.6186189382142,238.02527945726197,29.525943786148073,517.1155239445823,1834.6012150046938,1931.1120467195058,189.3907482052295,931.1273446873256,272.4538835293906,32.038332068352474,517.1155239445823,1834.6012150046938,1931.1120467195058,189.3907482052295,931.1273446873256,272.4538835293906,32.038332068352474
2026-01-28 03:00:00+00:00,272.9,4821.08,1952.44,0.22000235,472.54996,279.11,28.71,436.9072798531149,3515.2991491374632,1891.528251712188,13.826873310581192,572.9720751531111,239.16891645575208,29.379403107632967,517.1155239445823,1834.6012150046938,1931.1120467195058,189.3907482052295,931.1273446873256,272.4538835293906,32.038332068352474,517.1155239445823,1834.6012150046938,1931.1120467195058,189.3907482052295,931.1273446873256,272.4538835293906,32.038332068352474
2026-01-28 04:00:00+00:00,304.7,4759.58,1972.25,0.20999259,482.62,277.07,28.71,470.3543497545397,3411.51442664817,1973.5604123607347,39.50010136747642,609.9967424833031,251.20645553089795,29.089414326701288,517.1155239445823,1834.6012150046938,1931.1120467195058,189.3907482052295,931.1273446873256,272.4538835293906,32.038332068352474,517.1155239445823,1834.6012150046938,1931.1120467195058,189.3907482052295,931.1273446873256,272.4538835293906,32.038332068352474
2026-01-28 05:00:00+00:00,379.65,4977.26,2018.12,7.850007,470.87,277.07,28.71,598.1032287970486,4277.494810816815,2039.9240376864313,81.26848024631435,685.3960646920036,247.13263479274548,29.04117771898377,517.1155239445823,1834.6012150046938,1931.1120467195058,189.3907482052295,931.1273446873256,272.4538835293906,32.038332068352474,517.1155239445823,1834.6012150046938,1931.1120467195058,189.3907482052295,931.1273446873256,272.4538835293906,32.038332068352474
2026-01-28 06:00:00+00:00,466.6,5013.26,2128.3,478.93,541.95,278.4,28.71,624.6838891305971,4512.763717290222,2157.2604643514874,189.47716846932806,1176.5143518435602,250.70007095810305,29.998770882865198,517.1155239445823,1834.6012150046938,1931.1120467195058,189.3907482052295,931.1273446873256,272.4538835293906,32.038332068352474,517.1155239445823,1834.6012150046938,1931.1120467195058,189.3907482052295,931.1273446873256,272.4538835293906,32.038332068352474
2026-01-28 07:00:00+00:00,459.5,5269.57,2216.65,705.93,552.15,282.41,28.71,664.5512538794418,4485.150120840698,2290.1782238337364,499.38046936160436,1027.5699429648332,219.32096199024363,36.59488492972539,517.1155239445823,1834.6012150046938,1931.1120467195058,189.3907482052295,931.1273446873256,272.4538835293906,32.038332068352474,517.1155239445823,1834.6012150046938,1931.1120467195058,189.3907482052295,931.1273446873256,272.4538835293906,32.038332068352474
2026-01-28 08:00:00+00:00,465.0,5030.93,2215.1,429.38004,477.13,388.38,28.71,580.629889838564,4398.093186315855,2282.275721701838,401.2167755079702,879.1084733641076,218.80943785737352,34.25903535523289,517.1155239445823,1834.6012150046938,1931.1120467195058,189.3907482052295,931.1273446873256,272.4538835293906,32.038332068352474,517.1155239445823,1834.6012150046938,1931.1120467195058,189.3907482052295,931.1273446873256,272.4538835293906,32.038332068352474
2026-01-28 09:00:00+00:00,474.0,5183.33,2168.19,285.7,464.4,476.51,28.71,574.7365802957111,4308.542562209587,2175.9552129397925,223.848090686075,870.3947242079978,224.54803537086963,33.587394082901426,517.1155239445823,1834.6012150046938,1931.1120467195058,189.3907482052295,931.1273446873256,272.4538835293906,32.038332068352474,517.1155239445823,1834.6012150046938,1931.1120467195058,189.3907482052295,931.1273446873256,272.4538835293906,32.038332068352474
2026-01-28 10:00:00+00:00,476.95,5166.23,2133.79,71.75,497.91,468.76,28.71,561.3552979576922,4422.8412837671785,2081.487975159315,97.55953630691923,795.8389459572288,217.02141618206588,33.35540601393037,517.1155239445823,1834.6012150046938,1931.1120467195058,189.3907482052295,931.1273446873256,272.4538835293906,32.038332068352474,517.1155239445823,1834.6012150046938,1931.1120467195058,189.3907482052295,931.1273446873256,272.4538835293906,32.038332068352474
2026-01-28 11:00:00+00:00,509.25,5066.47,2053.92,74.44,560.73,461.01,28.71,487.01983514282085,4811.885500660228,2046.8527920038287,103.18102433599458,905.2763487359784,241.69459478520392,32.93803326781087,517.1155239445823,1834.6012150046938,1931.1120467195058,189.3907482052295,931.1273446873256,272.4538835293906,32.038332068352474,517.1155239445823,1834.6012150046938,1931.1120467195058,189.3907482052295,931.1273446873256,272.4538835293906,32.038332068352474
2026-01-28 12:00:00+00:00,508.25,4912.36,2027.26,61.119995,559.26,406.98,28.71,541.6508715383918,4321.387578064786,2015.2108740950061,107.29706757405154,775.2870662662094,168.20449486723544,32.93580631409077,517.1155239445823,1834.6012150046938,1931.1120467195058,189.3907482052295,931.1273446873256,272.4538835293906,32.038332068352474,517.1155239445823,1834.6012150046938,1931.1120467195058,189.3907482052295,931.1273446873256,272.4538835293906,32.038332068352474
2026-01-28 13:00:00+00:00,504.0,4875.12,2037.86,46.399994,763.66,394.14,28.71,602.7039083416686,4458.7780538019415,2050.820500792556,161.09354349743174,847.9628105196382,175.3872495385044,33.89024845134471,517.1155239445823,1834.6012150046938,1931.1120467195058,189.3907482052295,931.1273446873256,272.4538835293906,32.038332068352474,517.1155239445823,1834.6012150046938,1931.1120467195058,189.3907482052295,931.1273446873256,272.4538835293906,32.038332068352474
2026-01-28 14:00:00+00:00,502.25,4881.77,2077.09,2.729997,601.99,372.6,28.71,589.6167440487793,4439.479086137482,2170.2598087532665,295.19063157380674,867.2060125049994,212.3055752317714,33.78711798936005,517.1155239445823,1834.6012150046938,1931.1120467195058,189.3907482052295,931.1273446873256,272.4538835293906,32.038332068352474,517.1155239445823,1834.6012150046938,1931.1120467195058,189.3907482052295,931.1273446873256,272.4538835293906,32.038332068352474
2026-01-28 15:00:00+00:00,507.85,4888.67,2150.59,147.86,479.4,454.89,28.71,442.88199161982175,4496.152569490017,2280.6934328832376,344.06384021488486,834.9529674476133,215.4018692230992,35.65099209861718,517.1155239445823,1834.6012150046938,1931.1120467195058,189.3907482052295,931.1273446873256,272.4538835293906,32.038332068352474,517.1155239445823,1834.6012150046938,1931.1120467195058,189.3907482052295,931.1273446873256,272.4538835293906,32.038332068352474
2026-01-28 16:00:00+00:00,512.6,4899.22,2215.46,707.64,469.24,467.725,28.71,378.471898159165,4424.891800120013,2271.679092434315,695.9842132210188,657.6723508384605,290.9385005943868,31.20468197950488,517.1155239445823,1834.6012150046938,1931.1120467195058,189.3907482052295,931.1273446873256,272.4538835293906,32.038332068352474,517.1155239445823,1834.6012150046938,1931.1120467195058,189.3907482052295,931.1273446873256,272.4538835293906,32.038332068352474
2026-01-28 17:00:00+00:00,510.9,4799.55,2238.5,908.36,563.62,480.56,28.71,378.85778155101025,4530.9172668854535,2276.7887340519414,398.045452480013,639.8131689490003,305.098763543565,28.67344915189011,517.1155239445823,1834.6012150046938,1931.1120467195058,189.3907482052295,931.1273446873256,272.4538835293906,32.038332068352474,517.1155239445823,1834.6012150046938,1931.1120467195058,189.3907482052295,931.1273446873256,272.4538835293906,32.038332068352474
2026-01-28 18:00:00+00:00,512.65,4524.3,2193.92,486.99,420.57,478.45996,28.71,354.26489651470774,4603.594660593125,2270.907034940537,250.64491134259538,670.4898234746363,288.30079342449216,28.669838392789302,517.1155239445823,1834.6012150046938,1931.1120467195058,189.3907482052295,931.1273446873256,272.4538835293906,32.038332068352474,517.1155239445823,1834.6012150046938,1931.1120467195058,189.3907482052295,931.1273446873256,272.4538835293906,32.038332068352474
2026-01-28 19:00:00+00:00,428.0,4491.2,2116.71,29.860003,418.47,482.91998,28.71,408.35976061375504,4618.819756684207,2169.513575495596,89.13903834405853,595.6507092039268,280.2091215314107,29.020775293144947,517.1155239445823,1834.6012150046938,1931.1120467195058,189.3907482052295,931.1273446873256,272.4538835293906,32.038332068352474,517.1155239445823,1834.6012150046938,1931.1120467195058,189.3907482052295,931.1273446873256,272.4538835293906,32.038332068352474
2026-01-28 20:00:00+00:00,347.4,4426.43,2043.12,0.3099987,388.62003,487.38,28.71,332.52964629063865,4405.683294819149,2093.6858987752676,54.35969864734935,596.5385906504384,266.2468788059934,28.99641940396811,517.1155239445823,1834.6012150046938,1931.1120467195058,189.3907482052295,931.1273446873256,272.4538835293906,32.038332068352474,517.1155239445823,1834.6012150046938,1931.1120467195058,189.3907482052295,931.1273446873256,272.4538835293906,32.038332068352474
2026-01-28 21:00:00+00:00,337.9,4085.72,1994.58,0.3099987,376.63004,504.45,28.71,356.0598783255349,3670.7787039034924,2005.0635464469503,-37.43756634318274,542.9425018500438,269.16604285935983,29.076579993306996,517.1155239445823,1834.6012150046938,1931.1120467195058,189.3907482052295,931.1273446873256,272.4538835293906,32.038332068352474,517.1155239445823,1834.6012150046938,1931.1120467195058,189.3907482052295,931.1273446873256,272.4538835293906,32.038332068352474
2026-01-28 22:00:00+00:00,349.5,3959.51,1956.23,0.30000418,363.19003,424.09,28.71,312.0860281372362,3341.336341385213,1959.4407898715056,-24.37303499188465,529.8361656790403,266.3268852740627,29.136510181606404,517.1155239445823,1834.6012150046938,1931.1120467195058,189.3907482052295,931.1273446873256,272.4538835293906,32.038332068352474,517.1155239445823,1834.6012150046938,1931.1120467195058,189.3907482052295,931.1273446873256,272.4538835293906,32.038332068352474
2026-01-28 23:00:00+00:00,226.76,3980.29,1910.24,0.19999808,350.93008,279.17,28.71,332.01413189207153,3340.9263497649513,1956.1338535527839,11.04681021793948,517.9845541033862,264.11219014260746,29.43416705653168,517.1155239445823,1834.6012150046938,1931.1120467195058,189.3907482052295,931.1273446873256,272.4538835293906,32.038332068352474,517.1155239445823,1834.6012150046938,1931.1120467195058,189.3907482052295,931.1273446873256,272.4538835293906,32.038332068352474
2026-01-29 00:00:00+00:00,227.61,4015.79,1898.8,0.17999381,357.39005,277.23,28.71,388.138202813927,3170.2452671330357,1892.7936307816778,3.5858604422157896,514.2269152803458,258.22673516440733,29.65308070834995,517.1155239445823,1834.6012150046938,1931.1120467195058,189.3907482052295,931.1273446873256,272.4538835293906,32.038332068352474,517.1155239445823,1834.6012150046938,1931.1120467195058,189.3907482052295,931.1273446873256,272.4538835293906,32.038332068352474
2026-01-29 01:00:00+00:00,226.81001,3966.56,1889.25,0.17999381,362.00003,277.19,28.71,402.71512691058336,3272.606995262321,1876.587333682594,5.262316297024512,512.1179526002118,265.9685240253532,29.680957221722654,517.1155239445823,1834.6012150046938,1931.1120467195058,189.3907482052295,931.1273446873256,272.4538835293906,32.038332068352474,517.1155239445823,1834.6012150046938,1931.1120467195058,189.3907482052295,931.1273446873256,272.4538835293906,32.038332068352474
2026-01-29 02:00:00+00:00,223.11,3916.58,1884.49,0.17999381,370.33,277.23,28.71,358.0675301147271,3239.265183410142,1871.2931479912888,-10.090651545596188,518.50089982863,277.48185879753123,29.525245015057592,517.1155239445823,1834.6012150046938,1931.1120467195058,189.3907482052295,931.1273446873256,272.4538835293906,32.038332068352474,517.1155239445823,1834.6012150046938,1931.1120467195058,189.3907482052295,931.1273446873256,272.4538835293906,32.038332068352474
2026-01-29 03:00:00+00:00,202.00002,3980.9,1893.95,0.17999381,397.00003,271.3,28.71,383.0325235847845,3292.314281156382,1894.4425150349234,-11.41218744480247,528.7107394962752,274.2211337614603,29.123276699569765,517.1155239445823,1834.6012150046938,1931.1120467195058,189.3907482052295,931.1273446873256,272.4538835293906,32.038332068352474,517.1155239445823,1834.6012150046938,1931.1120467195058,189.3907482052295,931.1273446873256,272.4538835293906,32.038332068352474
2026-01-29 04:00:00+00:00,226.35002,4328.59,1920.51,0.19999808,428.55,308.15,28.71,364.2004553429299,3307.9189893318744,1958.047732767172,-1.59844043062148,534.4113797264461,272.1465927762555,29.003305279753718,517.1155239445823,1834.6012150046938,1931.1120467195058,189.3907482052295,931.1273446873256,272.4538835293906,32.038332068352474,517.1155239445823,1834.6012150046938,1931.1120467195058,189.3907482052295,931.1273446873256,272.4538835293906,32.038332068352474
2026-01-29 05:00:00+00:00,326.9,4796.83,2001.07,7.5099955,448.22,352.54,28.71,449.81535069413815,4179.076904694196,2030.7537912158198,43.34546464008895,630.584033299735,270.69528010528734,28.98321986419802,517.1155239445823,1834.6012150046938,1931.1120467195058,189.3907482052295,931.1273446873256,272.4538835293906,32.038332068352474,517.1155239445823,1834.6012150046938,1931.1120467195058,189.3907482052295,931.1273446873256,272.4538835293906,32.038332068352474
2026-01-29 06:00:00+00:00,444.2,4837.85,2104.77,288.79,472.01,356.36,28.71,422.33531838509634,4269.38103435478,2154.8427430372185,208.39133439840418,751.1940177035833,272.27741218884506,29.381704055896297,517.1155239445823,1834.6012150046938,1931.1120467195058,189.3907482052295,931.1273446873256,272.4538835293906,32.038332068352474,517.1155239445823,1834.6012150046938,1931.1120467195058,189.3907482052295,931.1273446873256,272.4538835293906,32.038332068352474
2026-01-29 07:00:00+00:00,457.95,4845.7,2166.53,946.79,738.8,355.54,28.71,506.35736322340045,4591.675261909691,2265.5232995011793,467.25006329087006,804.0033864891299,267.94075199621125,34.077204127566546,517.1155239445823,1834.6012150046938,1931.1120467195058,189.3907482052295,931.1273446873256,272.4538835293906,32.038332068352474,517.1155239445823,1834.6012150046938,1931.1120467195058,189.3907482052295,931.1273446873256,272.4538835293906,32.038332068352474
2026-01-29 08:00:00+00:00,455.3,4843.33,2158.07,936.72,760.9,355.66,28.71,513.7888668387395,4331.2623247891825,2268.7473952329674,489.22594283663454,757.4592088387084,277.98845434029056,32.29061843902999,517.1155239445823,1834.6012150046938,1931.1120467195058,189.3907482052295,931.1273446873256,272.4538835293906,32.038332068352474,517.1155239445823,1834.6012150046938,1931.1120467195058,189.3907482052295,931.1273446873256,272.4538835293906,32.038332068352474
2026-01-29 09:00:00+00:00,448.0,4918.02,2108.93,759.0801,688.88,361.22,28.71,568.9276211367034,4449.21546518194,2210.945980847375,407.505776626149,741.8426282948562,267.69870800625904,32.94296214925237,517.1155239445823,1834.6012150046938,1931.1120467195058,189.3907482052295,931.1273446873256,272.4538835293906,32.038332068352474,517.1155239445823,1834.6012150046938,1931.1120467195058,189.3907482052295,931.1273446873256,272.4538835293906,32.038332068352474
2026-01-29 10:00:00+00:00,458.4,4833.4,2070.78,640.11,605.47,363.14,28.71,575.0199629793939,4603.140717214729,2172.8438176670165,296.6183804968118,733.1257187398967,257.2206136242961,32.43799993788224,517.1155239445823,1834.6012150046938,1931.1120467195058,189.3907482052295,931.1273446873256,272.4538835293906,32.038332068352474,517.1155239445823,1834.6012150046938,1931.1120467195058,189.3907482052295,931.1273446873256,272.4538835293906,32.038332068352474
2026-01-29 11:00:00+00:00,461.9,4825.36,2009.61,157.68,454.29,363.61,28.71,553.3090899359696,4624.5786692990805,2123.2184548341693,255.826458821473,846.3580423034188,258.541470846411,31.327806114750615,517.1155239445823,1834.6012150046938,1931.1120467195058,189.3907482052295,931.1273446873256,272.4538835293906,32.038332068352474,517.1155239445823,1834.6012150046938,1931.1120467195058,189.3907482052295,931.1273446873256,272.4538835293906,32.038332068352474
2026-01-29 12:00:00+00:00,456.3,4824.35,1990.16,74.75,579.69,363.31,28.71,533.53963677488,4709.5421340053335,2116.5670768021146,264.22970608206754,921.9075606121237,243.00186233010857,31.307831257490147,517.1155239445823,1834.6012150046938,1931.1120467195058,189.3907482052295,931.1273446873256,272.4538835293906,32.038332068352474,517.1155239445823,1834.6012150046938,1931.1120467195058,189.3907482052295,931.1273446873256,272.4538835293906,32.038332068352474
2026-01-29 13:00:00+00:00,459.4,4833.04,2000.45,121.9,713.0,363.24,28.71,534.7969346018817,4746.47725413401,2102.23053783777,249.63995177474652,900.8382063721806,257.3761505771863,30.980720728479156,517.1155239445823,1834.6012150046938,1931.1120467195058,189.3907482052295,931.1273446873256,272.4538835293906,32.038332068352474,517.1155239445823,1834.6012150046938,1931.1120467195058,189.3907482052295,931.1273446873256,272.4538835293906,32.038332068352474
2026-01-29 14:00:00+00:00,474.2,4947.23,2039.16,94.61,649.86,363.47,28.71,566.2124657075454,4806.747050170109,2167.329012004143,295.89008462229424,1010.8891930163019,256.7577614030108,31.43234144176582,517.1155239445823,1834.6012150046938,1931.1120467195058,189.3907482052295,931.1273446873256,272.4538835293906,32.038332068352474,517.1155239445823,1834.6012150046938,1931.1120467195058,189.3907482052295,931.1273446873256,272.4538835293906,32.038332068352474
2026-01-29 15:00:00+00:00,467.6,5533.87,2125.82,311.09,593.55,363.25,28.71,566.3782311110913,4888.40406008288,2296.207227637532,425.80488151590873,1024.027247375751,219.2199485059001,31.010857497529997,517.1155239445823,1834.6012150046938,1931.1120467195058,189.3907482052295,931.1273446873256,272.4538835293906,32.038332068352474,517.1155239445823,1834.6012150046938,1931.1120467195058,189.3907482052295,931.1273446873256,272.4538835293906,32.038332068352474
2026-01-29 16:00:00+00:00,463.15,5765.37,2220.31,877.0499,697.74,363.42,28.71,612.3448571344868,4803.235275113043,2359.2667621123696,705.1155611749796,891.8703957245705,251.90148235780575,31.308980492996092,517.1155239445823,1834.6012150046938,1931.1120467195058,189.3907482052295,931.1273446873256,272.4538835293906,32.038332068352474,517.1155239445823,1834.6012150046938,1931.1120467195058,189.3907482052295,931.1273446873256,272.4538835293906,32.038332068352474
2026-01-29 17:00:00+00:00,457.6,5398.33,2255.71,1036.88,915.54,363.57,28.71,575.7371918738266,4817.832898540682,2274.6590157996993,553.461196817304,824.5443992997418,269.97419178917033,28.50741330454024,517.1155239445823,1834.6012150046938,1931.1120467195058,189.3907482052295,931.1273446873256,272.4538835293906,32.038332068352474,517.1155239445823,1834.6012150046938,1931.1120467195058,189.3907482052295,931.1273446873256,272.4538835293906,32.038332068352474
2026-01-29 18:00:00+00:00,455.75,5026.6997,2242.39,431.25,857.89,358.34,28.71,406.2849973707871,4859.035409599795,2258.64558610384,353.5411084871801,885.2282020537575,286.77371459012664,28.166094222803025,517.1155239445823,1834.6012150046938,1931.1120467195058,189.3907482052295,931.1273446873256,272.4538835293906,32.038332068352474,517.1155239445823,1834.6012150046938,1931.1120467195058,189.3907482052295,931.1273446873256,272.4538835293906,32.038332068352474
2026-01-29 19:00:00+00:00,376.95,4841.63,2172.81,65.979996,578.87,358.87,28.71,379.58143565113664,4548.238253369329,2150.2975833740356,156.71467650808302,758.690899512387,265.19953111403476,28.677118690408243,517.1155239445823,1834.6012150046938,1931.1120467195058,189.3907482052295,931.1273446873256,272.4538835293906,32.038332068352474,517.1155239445823,1834.6012150046938,1931.1120467195058,189.3907482052295,931.1273446873256,272.4538835293906,32.038332068352474
2026-01-29 20:00:00+00:00,307.6,4686.4995,2096.72,59.759995,583.74,358.27,28.71,372.4122779232316,4336.378732788108,2083.079177169115,95.35300450686964,741.7360130197974,246.7248392599795,28.88149614168117,517.1155239445823,1834.6012150046938,1931.1120467195058,189.3907482052295,931.1273446873256,272.4538835293906,32.038332068352474,517.1155239445823,1834.6012150046938,1931.1120467195058,189.3907482052295,931.1273446873256,272.4538835293906,32.038332068352474
2026-01-29 21:00:00+00:00,235.2,4623.1797,2027.22,2.6000073,427.42,319.41,28.71,390.29991868811726,4210.221647146975,1997.6892703600408,56.65792648168076,650.8126049996652,253.9161842048992,28.795670527694796,517.1155239445823,1834.6012150046938,1931.1120467195058,189.3907482052295,931.1273446873256,272.4538835293906,32.038332068352474,517.1155239445823,1834.6012150046938,1931.1120467195058,189.3907482052295,931.1273446873256,272.4538835293906,32.038332068352474
2026-01-29 22:00:00+00:00,235.00002,4295.29,1975.65,0.25000113,414.97,277.31,28.71,345.80748388187794,3619.2490384050793,1951.739970456343,48.167139980979755,577.8707665516754,249.23915855714003,28.828313537708336,517.1155239445823,1834.6012150046938,1931.1120467195058,189.3907482052295,931.1273446873256,272.4538835293906,32.038332068352474,517.1155239445823,1834.6012150046938,1931.1120467195058,189.3907482052295,931.1273446873256,272.4538835293906,32.038332068352474
2026-01-29 23:00:00+00:00,214.10002,3985.11,1924.58,0.25000113,388.64005,263.47,28.71,288.1360859589664,3349.3186623575457,1955.3488154273978,-14.648069164806287,567.9777036047445,250.54322355534268,28.722227108345525,517.1155239445823,1834.6012150046938,1931.1120467195058,189.3907482052295,931.1273446873256,272.4538835293906,32.038332068352474,517.1155239445823,1834.6012150046938,1931.1120467195058,189.3907482052295,931.1273446873256,272.4538835293906,32.038332068352474
2026-01-30 00:00:00+00:00,216.7,3746.19,1915.9,0.19000357,394.92,265.51,28.71,329.11220622904943,3461.2014278171614,1933.979967309517,-11.043763202600417,548.0085766969888,233.2847576513925,29.32298223044028,517.1155239445823,1834.6012150046938,1931.1120467195058,189.3907482052295,931.1273446873256,272.4538835293906,32.038332068352474,517.1155239445823,1834.6012150046938,1931.1120467195058,189.3907482052295,931.1273446873256,272.4538835293906,32.038332068352474
2026-01-30 01:00:00+00:00,218.3,3664.76,1909.15,0.14999503,399.34,265.51,28.71,409.94224583152766,3288.911226913696,1891.2254115889816,-9.411505722643795,548.331451944435,239.09799689019903,29.29957907091454,517.1155239445823,1834.6012150046938,1931.1120467195058,189.3907482052295,931.1273446873256,272.4538835293906,32.038332068352474,517.1155239445823,1834.6012150046938,1931.1120467195058,189.3907482052295,931.1273446873256,272.4538835293906,32.038332068352474
2026-01-30 02:00:00+00:00,221.8,3676.8901,1915.46,0.14000052,399.58,265.51,28.71,340.860892338544,3205.1855167718495,1881.2192847631413,-12.612120391801142,539.1343964582345,239.5987432793567,29.104908246520047,517.1155239445823,1834.6012150046938,1931.1120467195058,189.3907482052295,931.1273446873256,272.4538835293906,32.038332068352474,517.1155239445823,1834.6012150046938,1931.1120467195058,189.3907482052295,931.1273446873256,272.4538835293906,32.038332068352474
2026-01-30 03:00:00+00:00,233.3,3707.06,1936.41,0.1699993,431.86,259.57,28.71,342.6973116860173,3224.355929280513,1947.6210481529286,13.608883774517494,538.2696414238587,244.64880003927368,28.92539480635097,517.1155239445823,1834.6012150046938,1931.1120467195058,189.3907482052295,931.1273446873256,272.4538835293906,32.038332068352474,517.1155239445823,1834.6012150046938,1931.1120467195058,189.3907482052295,931.1273446873256,272.4538835293906,32.038332068352474
2026-01-30 04:00:00+00:00,258.5,3899.48,1965.06,0.19000357,425.0,257.59,28.71,365.4502563592133,3178.8417576330626,1979.7892877467418,-3.329662543160424,550.8196927986171,228.45739543331618,29.14971899956207,517.1155239445823,1834.6012150046938,1931.1120467195058,189.3907482052295,931.1273446873256,272.4538835293906,32.038332068352474,517.1155239445823,1834.6012150046938,1931.1120467195058,189.3907482052295,931.1273446873256,272.4538835293906,32.038332068352474
2026-01-30 05:00:00+00:00,284.2,4450.21,2069.15,22.809984,457.22,257.59,28.71,425.1805029556726,3811.9696355582237,2040.9291124849674,58.16533059331098,640.7951614813373,232.1555776255751,28.81480216803483,517.1155239445823,1834.6012150046938,1931.1120467195058,189.3907482052295,931.1273446873256,272.4538835293906,32.038332068352474,517.1155239445823,1834.6012150046938,1931.1120467195058,189.3907482052295,931.1273446873256,272.4538835293906,32.038332068352474
2026-01-30 06:00:00+00:00,320.7,4924.17,2186.86,671.65,461.66,257.59,28.71,438.26225403099033,4118.546781235441,2169.7974940165104,337.5486949941712,947.5264761262831,205.46042438821792,29.20121030388791,517.1155239445823,1834.6012150046938,1931.1120467195058,189.3907482052295,931.1273446873256,272.4538835293906,32.038332068352474,517.1155239445823,1834.6012150046938,1931.1120467195058,189.3907482052295,931.1273446873256,272.4538835293906,32.038332068352474
2026-01-30 07:00:00+00:00,334.2,4927.33,2255.24,982.15,483.62,257.56,28.71,445.67326539039146,4258.86016156135,2282.340716178284,570.5891766511227,907.4835026867758,169.49788845531816,31.71271120069652,517.1155239445823,1834.6012150046938,1931.1120467195058,189.3907482052295,931.1273446873256,272.4538835293906,32.038332068352474,517.1155239445823,1834.6012150046938,1931.1120467195058,189.3907482052295,931.1273446873256,272.4538835293906,32.038332068352474
2026-01-30 08:00:00+00:00,324.9,4919.93,2249.3,591.81,547.55,257.52,28.71,454.9404067305894,4165.745824967269,2286.8539461777827,386.5550800272166,758.9875531659784,172.73063960795088,30.138194800371334,517.1155239445823,1834.6012150046938,1931.1120467195058,189.3907482052295,931.1273446873256,272.4538835293906,32.038332068352474,517.1155239445823,1834.6012150046938,1931.1120467195058,189.3907482052295,931.1273446873256,272.4538835293906,32.038332068352474
2026-01-30 09:00:00+00:00,310.4,4764.0195,2206.51,319.89,691.31,263.37,28.71,493.73479963501774,4149.86506055106,2220.159085857942,221.27646832613598,732.7777524615469,229.399256605833,29.031117323517396,517.1155239445823,1834.6012150046938,1931.1120467195058,189.3907482052295,931.1273446873256,272.4538835293906,32.038332068352474,517.1155239445823,1834.6012150046938,1931.1120467195058,189.3907482052295,931.1273446873256,272.4538835293906,32.038332068352474
2026-01-30 10:00:00+00:00,293.4,4899.25,2158.81,96.27,575.01,265.27,28.71,503.3421405178665,3967.5002463424735,2118.5477988707257,92.96053362778724,691.7789749303911,235.25877361151015,27.93742676967283,517.1155239445823,1834.6012150046938,1931.1120467195058,189.3907482052295,931.1273446873256,272.4538835293906,32.038332068352474,517.1155239445823,1834.6012150046938,1931.1120467195058,189.3907482052295,931.1273446873256,272.4538835293906,32.038332068352474
2026-01-30 11:00:00+00:00,277.5,4461.26,2088.76,0.30000418,496.45,265.27,28.71,466.85246254678503,4081.270951704225,2058.6880407815897,90.8266770005494,727.8871328938179,221.19121511252044,27.37099288563562,517.1155239445823,1834.6012150046938,1931.1120467195058,189.3907482052295,931.1273446873256,272.4538835293906,32.038332068352474,517.1155239445823,1834.6012150046938,1931.1120467195058,189.3907482052295,931.1273446873256,272.4538835293906,32.038332068352474
2026-01-30 12:00:00+00:00,273.1,4444.4,2059.61,0.30000418,501.24997,265.23,28.71,446.7769561609572,4038.6600133368074,2050.8068156595095,55.9883819005029,779.7946541342847,261.8310812662135,28.153539839616204,517.1155239445823,1834.6012150046938,1931.1120467195058,189.3907482052295,931.1273446873256,272.4538835293906,32.038332068352474,517.1155239445823,1834.6012150046938,1931.1120467195058,189.3907482052295,931.1273446873256,272.4538835293906,32.038332068352474
2026-01-30 13:00:00+00:00,268.59998,4463.54,2056.28,0.30000418,502.09,265.19,28.71,455.87246346917243,3615.3433202319466,2059.1364340921255,76.64231424513511,787.5777759263535,221.57443263025579,31.25227980951225,517.1155239445823,1834.6012150046938,1931.1120467195058,189.3907482052295,931.1273446873256,272.4538835293906,32.038332068352474,517.1155239445823,1834.6012150046938,1931.1120467195058,189.3907482052295,931.1273446873256,272.4538835293906,32.038332068352474
2026-01-30 14:00:00+00:00,268.59998,4746.09,2075.83,0.30000418,485.05,265.19,28.71,494.9929790714955,3419.730014829798,2125.4943905081236,157.53430080875916,730.8029239684561,220.03843859930046,30.897950353563157,517.1155239445823,1834.6012150046938,1931.1120467195058,189.3907482052295,931.1273446873256,272.4538835293906,32.038332068352474,517.1155239445823,1834.6012150046938,1931.1120467195058,189.3907482052295,931.1273446873256,272.4538835293906,32.038332068352474
2026-01-30 15:00:00+00:00,293.2,5238.78,2153.25,0.30000418,506.16,265.27,28.71,449.58259026341955,3849.692097977273,2283.785291009061,370.9943800995337,759.7142789061398,220.1492061869344,29.97524535049387,517.1155239445823,1834.6012150046938,1931.1120467195058,189.3907482052295,931.1273446873256,272.4538835293906,32.038332068352474,517.1155239445823,1834.6012150046938,1931.1120467195058,189.3907482052295,931.1273446873256,272.4538835293906,32.038332068352474
2026-01-30 16:00:00+00:00,295.25,4955.82,2236.28,0.30000418,533.6699,265.27,28.71,385.3914167387503,4083.1647326670927,2314.5086653747335,564.7287106304302,807.7485846284128,221.31529344019702,37.69300558610441,517.1155239445823,1834.6012150046938,1931.1120467195058,189.3907482052295,931.1273446873256,272.4538835293906,32.038332068352474,517.1155239445823,1834.6012150046938,1931.1120467195058,189.3907482052295,931.1273446873256,272.4538835293906,32.038332068352474
2026-01-30 17:00:00+00:00,292.4,4959.09,2259.29,73.4,501.94,265.27,28.71,355.38238349882977,4162.027902901278,2253.757264693014,329.9558683213959,696.4563712978207,264.3245555476693,28.331688893374963,517.1155239445823,1834.6012150046938,1931.1120467195058,189.3907482052295,931.1273446873256,272.4538835293906,32.038332068352474,517.1155239445823,1834.6012150046938,1931.1120467195058,189.3907482052295,931.1273446873256,272.4538835293906,32.038332068352474
2026-01-30 18:00:00+00:00,276.7,4833.94,2230.02,52.25,375.69003,265.27,28.71,375.2156664370425,3954.4906118000345,2252.8759884705287,165.72986068880334,621.4195814446276,251.09741414126847,28.475398255162396,517.1155239445823,1834.6012150046938,1931.1120467195058,189.3907482052295,931.1273446873256,272.4538835293906,32.038332068352474,517.1155239445823,1834.6012150046938,1931.1120467195058,189.3907482052295,931.1273446873256,272.4538835293906,32.038332068352474
2026-01-30 19:00:00+00:00,258.4,4182.9,2141.09,1.0099957,335.72,265.31,28.71,357.76276148742613,3333.127351111958,2138.4460074307094,43.30532607947251,587.6625539644785,246.9253118595211,28.74987912798126,517.1155239445823,1834.6012150046938,1931.1120467195058,189.3907482052295,931.1273446873256,272.4538835293906,32.038332068352474,517.1155239445823,1834.6012150046938,1931.1120467195058,189.3907482052295,931.1273446873256,272.4538835293906,32.038332068352474
2026-01-30 20:00:00+00:00,250.10002,3355.1,2054.93,0.30000418,332.48,265.27,28.71,298.46205258170994,3272.3022194254145,2082.4880197769608,24.977230059689674,582.7443426868729,243.88989356159937,28.819524839747462,517.1155239445823,1834.6012150046938,1931.1120467195058,189.3907482052295,931.1273446873256,272.4538835293906,32.038332068352474,517.1155239445823,1834.6012150046938,1931.1120467195058,189.3907482052295,931.1273446873256,272.4538835293906,32.038332068352474
2026-01-30 21:00:00+00:00,236.3,3140.09,1995.94,0.30000418,332.58,265.27,28.71,288.16941785721525,3015.3880331148175,2008.3130202570976,-9.3426089529014,547.5462413260846,242.98523210852105,28.86215652271911,517.1155239445823,1834.6012150046938,1931.1120467195058,189.3907482052295,931.1273446873256,272.4538835293906,32.038332068352474,517.1155239445823,1834.6012150046938,1931.1120467195058,189.3907482052295,931.1273446873256,272.4538835293906,32.038332068352474
2026-01-30 22:00:00+00:00,216.8,2902.59,1958.57,0.30000418,332.82004,265.27,28.71,257.9842387383355,2809.2797843287753,1953.499966280522,1.5453806422096363,537.2929592562634,257.6917514420471,29.07200035970086,517.1155239445823,1834.6012150046938,1931.1120467195058,189.3907482052295,931.1273446873256,272.4538835293906,32.038332068352474,517.1155239445823,1834.6012150046938,1931.1120467195058,189.3907482052295,931.1273446873256,272.4538835293906,32.038332068352474
2026-01-30 23:00:00+00:00,219.8,2941.68,1923.07,0.30000418,294.04,273.22,28.71,282.13348629828636,2639.7927527707307,1919.4739144910045,66.24443645084396,521.6486447111913,255.1448996399262,29.189305872932955,517.1155239445823,1834.6012150046938,1931.1120467195058,189.3907482052295,931.1273446873256,272.4538835293906,32.038332068352474,517.1155239445823,1834.6012150046938,1931.1120467195058,189.3907482052295,931.1273446873256,272.4538835293906,32.038332068352474
2026-01-31 00:00:00+00:00,221.10002,2940.7,1916.45,0.24000663,306.75003,273.22,28.71,277.85238125933995,2493.8753096644164,1891.5419511448447,23.710122356732768,381.1803970392974,274.237806288828,29.146322325943128,517.1155239445823,1834.6012150046938,1931.1120467195058,189.3907482052295,931.1273446873256,272.4538835293906,32.038332068352474,517.1155239445823,1834.6012150046938,1931.1120467195058,189.3907482052295,931.1273446873256,272.4538835293906,32.038332068352474
2026-01-31 01:00:00+00:00,222.00002,3022.76,1915.04,0.24000663,317.80002,273.22,28.71,277.3039834535428,2308.316546135299,1900.0761419215842,37.42437772218213,374.7982957449891,269.5203742973495,29.212155448060535,517.1155239445823,1834.6012150046938,1931.1120467195058,189.3907482052295,931.1273446873256,272.4538835293906,32.038332068352474,517.1155239445823,1834.6012150046938,1931.1120467195058,189.3907482052295,931.1273446873256,272.4538835293906,32.038332068352474
2026-01-31 02:00:00+00:00,224.90001,3029.65,1911.05,0.24000663,327.46,273.22,28.71,276.52608569392635,2054.3355988349026,1892.8041859733958,48.03870818092233,377.0845090802245,265.4638243268803,29.013880717009894,517.1155239445823,1834.6012150046938,1931.1120467195058,189.3907482052295,931.1273446873256,272.4538835293906,32.038332068352474,517.1155239445823,1834.6012150046938,1931.1120467195058,189.3907482052295,931.1273446873256,272.4538835293906,32.038332068352474
2026-01-31 03:00:00+00:00,235.40001,3175.08,1926.53,0.24000663,319.99002,263.33,28.71,290.0140870753321,2100.3642448332553,1884.573599314553,37.049441038892155,364.61960843152804,264.9779005848557,28.80908051637842,517.1155239445823,1834.6012150046938,1931.1120467195058,189.3907482052295,931.1273446873256,272.4538835293906,32.038332068352474,517.1155239445823,1834.6012150046938,1931.1120467195058,189.3907482052295,931.1273446873256,272.4538835293906,32.038332068352474
2026-01-31 04:00:00+00:00,253.60002,3385.2,1945.57,0.24000663,327.50003,261.0,28.71,290.0140870753321,2154.4746972152216,1945.0724268274566,23.308488154463276,371.4964512303767,263.3272995709382,28.79583966274806,517.1155239445823,1834.6012150046938,1931.1120467195058,189.3907482052295,931.1273446873256,272.4538835293906,32.038332068352474,517.1155239445823,1834.6012150046938,1931.1120467195058,189.3907482052295,931.1273446873256,272.4538835293906,32.038332068352474
2026-01-31 05:00:00+00:00,245.3,3304.9,2050.77,0.14000052,332.28,264.95,28.71,296.8928088075619,2449.427738068717,2004.5721548561282,50.86195411091606,377.30629112781105,260.423814647293,28.786071804399086,517.1155239445823,1834.6012150046938,1931.1120467195058,189.3907482052295,931.1273446873256,272.4538835293906,32.038332068352474,517.1155239445823,1834.6012150046938,1931.1120467195058,189.3907482052295,931.1273446873256,272.4538835293906,32.038332068352474
2026-01-31 06:00:00+00:00,249.2,3316.34,2184.49,0.22999686,340.94003,286.04,28.71,294.7202336557498,2496.6668787899107,2075.2427825533878,84.35096631813308,554.508092113474,197.27108907395728,38.82484200286095,517.1155239445823,1834.6012150046938,1931.1120467195058,189.3907482052295,931.1273446873256,272.4538835293906,32.038332068352474,517.1155239445823,1834.6012150046938,1931.1120467195058,189.3907482052295,931.1273446873256,272.4538835293906,32.038332068352474
2026-01-31 07:00:00+00:00,261.1,3487.13,2243.42,0.28999442,379.75003,413.27,28.71,356.452167463711,2376.09618241305,2211.3581741536173,132.82427884257075,539.431193041973,211.34626673224778,32.2135850396634,517.1155239445823,1834.6012150046938,1931.1120467195058,189.3907482052295,931.1273446873256,272.4538835293906,32.038332068352474,517.1155239445823,1834.6012150046938,1931.1120467195058,189.3907482052295,931.1273446873256,272.4538835293906,32.038332068352474
2026-01-31 08:00:00+00:00,263.3,3611.77,2225.55,0.22999686,392.36002,491.81,28.71,376.67070346466375,2908.0105227043096,2210.577583082901,144.7523791793767,576.1383438262893,212.24702620306232,32.46428390682251,517.1155239445823,1834.6012150046938,1931.1120467195058,189.3907482052295,931.1273446873256,272.4538835293906,32.038332068352474,517.1155239445823,1834.6012150046938,1931.1120467195058,189.3907482052295,931.1273446873256,272.4538835293906,32.038332068352474
2026-01-31 09:00:00+00:00,263.05,3694.19,2172.41,0.22000235,412.29,425.73,28.71,338.0494089977022,3163.4789584603222,2149.320817582017,52.14861986174003,579.629558947895,248.5618144765079,31.599362131179156,517.1155239445823,1834.6012150046938,1931.1120467195058,189.3907482052295,931.1273446873256,272.4538835293906,32.038332068352474,517.1155239445823,1834.6012150046938,1931.1120467195058,189.3907482052295,931.1273446873256,272.4538835293906,32.038332068352474
2026-01-31 10:00:00+00:00,260.2,3806.2803,2113.47,31.929995,405.01004,292.88,28.71,332.94773056039,3059.6586325725984,2086.95170216601,21.962793919747725,566.4671042246395,245.22454367748148,31.223378119079236,517.1155239445823,1834.6012150046938,1931.1120467195058,189.3907482052295,931.1273446873256,272.4538835293906,32.038332068352474,517.1155239445823,1834.6012150046938,1931.1120467195058,189.3907482052295,931.1273446873256,272.4538835293906,32.038332068352474
2026-01-31 11:00:00+00:00,254.35002,3885.05,2035.59,0.880006,378.30002,273.3,28.71,340.61303946131886,2840.416696247294,2056.5590274080582,26.74766852556027,565.855161953018,235.3262922630161,30.936519396207174,517.1155239445823,1834.6012150046938,1931.1120467195058,189.3907482052295,931.1273446873256,272.4538835293906,32.038332068352474,517.1155239445823,1834.6012150046938,1931.1120467195058,189.3907482052295,931.1273446873256,272.4538835293906,32.038332068352474
2026-01-31 12:00:00+00:00,251.2,3785.69,2009.3,0.20999259,370.23,273.34,28.71,339.3629133594595,3068.4499480209033,2026.1790915316042,0.5854092816758225,547.8736819831564,244.41264077451603,30.550737552087856,517.1155239445823,1834.6012150046938,1931.1120467195058,189.3907482052295,931.1273446873256,272.4538835293906,32.038332068352474,517.1155239445823,1834.6012150046938,1931.1120467195058,189.3907482052295,931.1273446873256,272.4538835293906,32.038332068352474
2026-01-31 13:00:00+00:00,247.40001,3758.75,2023.68,0.25000113,356.93002,273.34,28.71,335.86715584143496,3082.5120847129365,2051.1303753676457,4.438414409131042,566.2693671291572,246.7472300852482,30.422511031039075,517.1155239445823,1834.6012150046938,1931.1120467195058,189.3907482052295,931.1273446873256,272.4538835293906,32.038332068352474,517.1155239445823,1834.6012150046938,1931.1120467195058,189.3907482052295,931.1273446873256,272.4538835293906,32.038332068352474
2026-01-31 14:00:00+00:00,253.90001,3990.17,2054.88,0.22000235,342.91,273.3,28.71,312.1312723800103,3094.626331427,2117.11836243993,47.8050776622363,575.6825517426715,236.95010118748013,30.530800506928475,517.1155239445823,1834.6012150046938,1931.1120467195058,189.3907482052295,931.1273446873256,272.4538835293906,32.038332068352474,517.1155239445823,1834.6012150046938,1931.1120467195058,189.3907482052295,931.1273446873256,272.4538835293906,32.038332068352474
2026-01-31 15:00:00+00:00,268.95,4025.86,2153.58,0.97999686,344.27,274.75,28.71,353.9405047278575,3472.7408180414386,2218.1481202815044,132.64508455242645,556.1309196175388,241.9312327298736,31.30140715829819,517.1155239445823,1834.6012150046938,1931.1120467195058,189.3907482052295,931.1273446873256,272.4538835293906,32.038332068352474,517.1155239445823,1834.6012150046938,1931.1120467195058,189.3907482052295,931.1273446873256,272.4538835293906,32.038332068352474
2026-01-31 16:00:00+00:00,287.6,4180.62,2217.87,486.2,335.08,375.21,28.71,372.56053570760673,3644.119056323671,2316.1404374625863,352.2379254479298,574.4116481250126,221.0091123917287,36.62638796169721,517.1155239445823,1834.6012150046938,1931.1120467195058,189.3907482052295,931.1273446873256,272.4538835293906,32.038332068352474,517.1155239445823,1834.6012150046938,1931.1120467195058,189.3907482052295,931.1273446873256,272.4538835293906,32.038332068352474
2026-01-31 17:00:00+00:00,288.1,4246.14,2244.01,608.09,335.68008,446.48,28.71,343.60734305665574,3972.8254830688993,2269.500426497734,309.1334819049694,402.4685009744617,273.71842074690227,28.674845840976243,517.1155239445823,1834.6012150046938,1931.1120467195058,189.3907482052295,931.1273446873256,272.4538835293906,32.038332068352474,517.1155239445823,1834.6012150046938,1931.1120467195058,189.3907482052295,931.1273446873256,272.4538835293906,32.038332068352474
2026-01-31 18:00:00+00:00,285.69998,4196.61,2216.78,400.55,331.78006,416.72,28.71,293.1583741149932,3841.3035175162036,2249.3315858576084,220.12760171342467,387.82049082542153,293.94062352556324,28.674590201035805,517.1155239445823,1834.6012150046938,1931.1120467195058,189.3907482052295,931.1273446873256,272.4538835293906,32.038332068352474,517.1155239445823,1834.6012150046938,1931.1120467195058,189.3907482052295,931.1273446873256,272.4538835293906,32.038332068352474
2026-01-31 19:00:00+00:00,257.6,3977.77,2124.81,0.5299999,312.63998,462.87,28.71,283.5594901412286,3475.7957899823095,2163.8954444683022,105.9716491478023,374.26508067641316,287.26360675794933,28.586434562797592,517.1155239445823,1834.6012150046938,1931.1120467195058,189.3907482052295,931.1273446873256,272.4538835293906,32.038332068352474,517.1155239445823,1834.6012150046938,1931.1120467195058,189.3907482052295,931.1273446873256,272.4538835293906,32.038332068352474
2026-01-31 20:00:00+00:00,245.2,3970.61,2042.5,0.30000418,309.65,362.05,28.71,293.191203157131,3537.727295049916,2084.634563451177,40.85254904859923,409.32084259554244,281.28165751731996,28.629926582473765,517.1155239445823,1834.6012150046938,1931.1120467195058,189.3907482052295,931.1273446873256,272.4538835293906,32.038332068352474,517.1155239445823,1834.6012150046938,1931.1120467195058,189.3907482052295,931.1273446873256,272.4538835293906,32.038332068352474
2026-01-31 21:00:00+00:00,232.90001,3919.94,1989.53,0.30000418,298.74002,273.22,28.71,271.7098543444579,3500.944788041229,2013.5058682241693,-36.132660245177505,392.2482929177528,273.3384254719203,28.826631827484558,517.1155239445823,1834.6012150046938,1931.1120467195058,189.3907482052295,931.1273446873256,272.4538835293906,32.038332068352474,517.1155239445823,1834.6012150046938,1931.1120467195058,189.3907482052295,931.1273446873256,272.4538835293906,32.038332068352474
2026-01-31 22:00:00+00:00,213.60002,3777.23,1956.46,0.30000418,300.55002,273.22,28.71,291.4996156861455,3455.134938435945,1954.9424664385438,-33.91592829372854,387.6374568448665,273.13560488377817,28.844397386207365,517.1155239445823,1834.6012150046938,1931.1120467195058,189.3907482052295,931.1273446873256,272.4538835293906,32.038332068352474,517.1155239445823,1834.6012150046938,1931.1120467195058,189.3907482052295,931.1273446873256,272.4538835293906,32.038332068352474
2026-01-31 23:00:00+00:00,207.2,3182.34,1918.97,0.30000418,293.85,273.18,28.71,303.793071603537,2810.1978567707883,1925.2102477908772,-13.557157408393891,383.59141332423053,277.1485766029166,29.17298855448436,517.1155239445823,1834.6012150046938,1931.1120467195058,189.3907482052295,931.1273446873256,272.4538835293906,32.038332068352474,517.1155239445823,1834.6012150046938,1931.1120467195058,189.3907482052295,931.1273446873256,272.4538835293906,32.038332068352474
2026-02-01 00:00:00+00:00,208.10002,2904.39,1910.43,53.03,301.46,273.18,28.71,364.4317959883423,2673.000265469275,1906.0908743923906,-6.946657095079331,315.76488633466636,275.0917659649892,29.340005174471017,517.1155239445823,1834.6012150046938,1931.1120467195058,189.3907482052295,931.1273446873256,272.4538835293906,32.038332068352474,517.1155239445823,1834.6012150046938,1931.1120467195058,189.3907482052295,931.1273446873256,272.4538835293906,32.038332068352474
2026-02-01 01:00:00+00:00,209.3,2889.27,1908.65,2.1000073,304.87003,273.18,28.71,356.9988396761729,2622.910421831874,1908.2342543488573,-6.946657095079331,314.5162654733426,269.9201075282268,29.29245133575753,517.1155239445823,1834.6012150046938,1931.1120467195058,189.3907482052295,931.1273446873256,272.4538835293906,32.038332068352474,517.1155239445823,1834.6012150046938,1931.1120467195058,189.3907482052295,931.1273446873256,272.4538835293906,32.038332068352474
2026-02-01 02:00:00+00:00,208.00002,2787.04,1908.39,0.24000663,299.46,273.18,28.71,363.13629615285754,2699.5685674590677,1893.2802025969554,-10.94393846904103,310.8771106608865,275.8159470205022,29.40474196416402,517.1155239445823,1834.6012150046938,1931.1120467195058,189.3907482052295,931.1273446873256,272.4538835293906,32.038332068352474,517.1155239445823,1834.6012150046938,1931.1120467195058,189.3907482052295,931.1273446873256,272.4538835293906,32.038332068352474
2026-02-01 03:00:00+00:00,220.00002,2800.94,1929.79,0.25999564,302.44003,267.25,28.71,369.24964291152526,2640.336910765105,1893.2296958345003,-6.72301502400461,310.8771106608865,281.074548196805,29.45122485837306,517.1155239445823,1834.6012150046938,1931.1120467195058,189.3907482052295,931.1273446873256,272.4538835293906,32.038332068352474,517.1155239445823,1834.6012150046938,1931.1120467195058,189.3907482052295,931.1273446873256,272.4538835293906,32.038332068352474
2026-02-01 04:00:00+00:00,236.7,2833.16,1963.21,0.28999442,293.76004,265.31,28.71,357.98415847780257,2623.2670134584605,1954.1168813648765,0.6055187922210621,329.0145763415783,275.21978918291234,29.476679228864906,517.1155239445823,1834.6012150046938,1931.1120467195058,189.3907482052295,931.1273446873256,272.4538835293906,32.038332068352474,517.1155239445823,1834.6012150046938,1931.1120467195058,189.3907482052295,931.1273446873256,272.4538835293906,32.038332068352474
2026-02-01 05:00:00+00:00,244.90001,2912.03,2056.7,0.30000418,291.47,265.27,28.71,359.917543476796,2682.6701086555568,2024.4961838139063,20.940446352763615,335.2055830791386,268.9544286170948,29.313650003832883,517.1155239445823,1834.6012150046938,1931.1120467195058,189.3907482052295,931.1273446873256,272.4538835293906,32.038332068352474,517.1155239445823,1834.6012150046938,1931.1120467195058,189.3907482052295,931.1273446873256,272.4538835293906,32.038332068352474
2026-02-01 06:00:00+00:00,248.40001,2947.76,2178.63,5.149995,282.56003,265.31,28.71,343.3874968463422,2628.5956710080472,2095.917417809666,37.85257834630261,526.4735844023908,251.5574880130545,38.89967328302447,517.1155239445823,1834.6012150046938,1931.1120467195058,189.3907482052295,931.1273446873256,272.4538835293906,32.038332068352474,517.1155239445823,1834.6012150046938,1931.1120467195058,189.3907482052295,931.1273446873256,272.4538835293906,32.038332068352474
2026-02-01 07:00:00+00:00,254.10002,2963.8,2253.48,0.30000418,289.70004,265.31,28.71,436.48570060997986,2119.170827003139,2221.788370068503,59.06047631028562,502.44936188730685,221.62274775465926,33.420129454530205,517.1155239445823,1834.6012150046938,1931.1120467195058,189.3907482052295,931.1273446873256,272.4538835293906,32.038332068352474,517.1155239445823,1834.6012150046938,1931.1120467195058,189.3907482052295,931.1273446873256,272.4538835293906,32.038332068352474
2026-02-01 08:00:00+00:00,253.7,2940.48,2236.63,0.2700054,290.18002,265.27,28.71,443.687627281953,2144.079902852464,2211.206997241534,108.23403755577995,480.5893810161443,233.0978979144203,32.6431496320498,517.1155239445823,1834.6012150046938,1931.1120467195058,189.3907482052295,931.1273446873256,272.4538835293906,32.038332068352474,517.1155239445823,1834.6012150046938,1931.1120467195058,189.3907482052295,931.1273446873256,272.4538835293906,32.038332068352474
2026-02-01 09:00:00+00:00,252.90001,2947.52,2195.18,0.24000663,289.53,271.24,28.71,454.55698800773075,2429.710929021066,2141.0446840723434,28.32305111889562,444.61680159961026,231.63500737568052,31.05453930497219,517.1155239445823,1834.6012150046938,1931.1120467195058,189.3907482052295,931.1273446873256,272.4538835293906,32.038332068352474,517.1155239445823,1834.6012150046938,1931.1120467195058,189.3907482052295,931.1273446873256,272.4538835293906,32.038332068352474
2026-02-01 10:00:00+00:00,250.50002,2937.33,2162.62,0.39000052,288.48,273.22,28.71,441.04214379090956,2314.639664476673,2089.8575486649975,1.8784196414550536,450.46929440366983,236.36175263652345,30.43329197538918,517.1155239445823,1834.6012150046938,1931.1120467195058,189.3907482052295,931.1273446873256,272.4538835293906,32.038332068352474,517.1155239445823,1834.6012150046938,1931.1120467195058,189.3907482052295,931.1273446873256,272.4538835293906,32.038332068352474
2026-02-01 11:00:00+00:00,246.7,2927.82,2083.4,0.30000418,282.17,273.26,28.71,449.38061425049455,2223.509415570256,2051.0358592801804,-25.268900624152934,453.565239423343,239.77546016431495,30.04207209419902,517.1155239445823,1834.6012150046938,1931.1120467195058,189.3907482052295,931.1273446873256,272.4538835293906,32.038332068352474,517.1155239445823,1834.6012150046938,1931.1120467195058,189.3907482052295,931.1273446873256,272.4538835293906,32.038332068352474
2026-02-01 12:00:00+00:00,243.60002,2955.03,2059.25,0.30000418,280.35,273.3,28.71,401.911714160821,2144.4801950060073,2043.0829457180496,-24.08428165158429,474.09410505822734,244.70998296605393,31.32949237965208,517.1155239445823,1834.6012150046938,1931.1120467195058,189.3907482052295,931.1273446873256,272.4538835293906,32.038332068352474,517.1155239445823,1834.6012150046938,1931.1120467195058,189.3907482052295,931.1273446873256,272.4538835293906,32.038332068352474
2026-02-01 13:00:00+00:00,240.2,2956.92,2056.66,0.30000418,278.70004,273.3,28.71,367.6760887497163,2079.681611284817,2014.9271386679545,8.909871134907803,497.2207096954456,239.54413618971003,32.316428762850684,517.1155239445823,1834.6012150046938,1931.1120467195058,189.3907482052295,931.1273446873256,272.4538835293906,32.038332068352474,517.1155239445823,1834.6012150046938,1931.1120467195058,189.3907482052295,931.1273446873256,272.4538835293906,32.038332068352474
2026-02-01 14:00:00+00:00,267.19998,3135.17,2107.35,0.30000418,275.38004,273.26,28.71,397.6991258617628,2283.6857461677773,2111.863689227257,52.66206984491396,516.7198519678132,239.85791003767224,31.91172120824304,517.1155239445823,1834.6012150046938,1931.1120467195058,189.3907482052295,931.1273446873256,272.4538835293906,32.038332068352474,517.1155239445823,1834.6012150046938,1931.1120467195058,189.3907482052295,931.1273446873256,272.4538835293906,32.038332068352474
2026-02-01 15:00:00+00:00,271.1,3675.19,2210.36,0.30000418,278.70004,273.26,28.71,357.4171873506169,2579.401359090655,2222.4712413502193,160.90343279104522,545.7879878653762,241.09642623592543,32.77807865128788,517.1155239445823,1834.6012150046938,1931.1120467195058,189.3907482052295,931.1273446873256,272.4538835293906,32.038332068352474,517.1155239445823,1834.6012150046938,1931.1120467195058,189.3907482052295,931.1273446873256,272.4538835293906,32.038332068352474
2026-02-01 16:00:00+00:00,296.2,4037.78,2288.7,238.37,286.72,289.58,28.71,376.31771167304754,3238.4647104931028,2335.402849598862,386.22006221925335,569.1751719607244,229.65166017283053,36.57634788135875,517.1155239445823,1834.6012150046938,1931.1120467195058,189.3907482052295,931.1273446873256,272.4538835293906,32.038332068352474,517.1155239445823,1834.6012150046938,1931.1120467195058,189.3907482052295,931.1273446873256,272.4538835293906,32.038332068352474
2026-02-01 17:00:00+00:00,297.1,3900.35,2305.42,399.57,287.54,384.11,28.71,323.24125574034156,3390.6602197305156,2267.346842374402,301.92628958515496,414.97941175439496,257.7766962543824,28.715854448063517,517.1155239445823,1834.6012150046938,1931.1120467195058,189.3907482052295,931.1273446873256,272.4538835293906,32.038332068352474,517.1155239445823,1834.6012150046938,1931.1120467195058,189.3907482052295,931.1273446873256,272.4538835293906,32.038332068352474
2026-02-01 18:00:00+00:00,296.0,3950.04,2279.63,262.58,279.08,356.96,28.71,318.59549360732683,3306.2348407893555,2250.0686936506336,245.7066809329984,387.2364244710095,258.2510075657233,28.520110189420592,517.1155239445823,1834.6012150046938,1931.1120467195058,189.3907482052295,931.1273446873256,272.4538835293906,32.038332068352474,517.1155239445823,1834.6012150046938,1931.1120467195058,189.3907482052295,931.1273446873256,272.4538835293906,32.038332068352474
2026-02-01 19:00:00+00:00,269.3,3896.06,2194.22,126.9,270.11002,354.08,28.71,322.75954378874223,3480.9373002750663,2152.2233618422065,133.78497746146306,369.37970225248046,261.4814611724406,28.75952400764927,517.1155239445823,1834.6012150046938,1931.1120467195058,189.3907482052295,931.1273446873256,272.4538835293906,32.038332068352474,517.1155239445823,1834.6012150046938,1931.1120467195058,189.3907482052295,931.1273446873256,272.4538835293906,32.038332068352474
2026-02-01 20:00:00+00:00,235.60002,3758.77,2105.85,0.30000418,272.22,354.14,28.71,310.2324674726249,2871.676468658719,2079.904704981447,77.38000777289258,352.0474776830338,253.60615246921196,28.685453936429017,517.1155239445823,1834.6012150046938,1931.1120467195058,189.3907482052295,931.1273446873256,272.4538835293906,32.038332068352474,517.1155239445823,1834.6012150046938,1931.1120467195058,189.3907482052295,931.1273446873256,272.4538835293906,32.038332068352474
2026-02-01 21:00:00+00:00,223.3,3579.79,2034.03,0.30000418,270.61008,354.06,28.71,325.74144193132986,2586.115865736875,2008.1739144931425,12.835630396717448,304.40353672674553,251.3850343421961,28.485996694110543,517.1155239445823,1834.6012150046938,1931.1120467195058,189.3907482052295,931.1273446873256,272.4538835293906,32.038332068352474,517.1155239445823,1834.6012150046938,1931.1120467195058,189.3907482052295,931.1273446873256,272.4538835293906,32.038332068352474
2026-02-01 22:00:00+00:00,209.40001,3236.15,1985.76,0.30000418,274.92,354.8,28.71,301.8990702761144,2456.0939975921483,1945.1182985259068,55.57545527864508,332.3581976338752,258.46710381624246,28.818079030247453,517.1155239445823,1834.6012150046938,1931.1120467195058,189.3907482052295,931.1273446873256,272.4538835293906,32.038332068352474,517.1155239445823,1834.6012150046938,1931.1120467195058,189.3907482052295,931.1273446873256,272.4538835293906,32.038332068352474
2026-02-01 23:00:00+00:00,216.50002,3273.59,1932.37,0.30000418,277.96,277.57,28.71,278.590239611432,2082.1085932943415,1915.3422177815712,37.90453550907159,339.80560528722276,254.93694845003117,28.904391192136604,517.1155239445823,1834.6012150046938,1931.1120467195058,189.3907482052295,931.1273446873256,272.4538835293906,32.038332068352474,517.1155239445823,1834.6012150046938,1931.1120467195058,189.3907482052295,931.1273446873256,272.4538835293906,32.038332068352474
2026-02-02 00:00:00+00:00,210.50002,3183.29,1913.68,0.24000663,275.44003,277.57,28.71,283.22791186223265,1902.1668831582085,1897.28969002974,20.90764524500372,402.84020068617167,258.7483358639849,29.01027949500885,517.1155239445823,1834.6012150046938,1931.1120467195058,189.3907482052295,931.1273446873256,272.4538835293906,32.038332068352474,517.1155239445823,1834.6012150046938,1931.1120467195058,189.3907482052295,931.1273446873256,272.4538835293906,32.038332068352474
2026-02-02 01:00:00+00:00,212.50002,3195.64,1900.19,0.2700054,284.99002,276.7,28.71,273.2265874126941,1792.3808207217028,1899.7676983443093,20.90764524500372,398.0925942390646,252.46593343739602,28.954415665694675,517.1155239445823,1834.6012150046938,1931.1120467195058,189.3907482052295,931.1273446873256,272.4538835293906,32.038332068352474,517.1155239445823,1834.6012150046938,1931.1120467195058,189.3907482052295,931.1273446873256,272.4538835293906,32.038332068352474
2026-02-02 02:00:00+00:00,219.10002,3232.2402,1897.29,0.30000418,288.50003,274.05,28.71,273.8571445456457,1814.6582391013558,1893.445800118782,26.343089573138684,406.46076403382335,263.3017392663238,29.007801224675614,517.1155239445823,1834.6012150046938,1931.1120467195058,189.3907482052295,931.1273446873256,272.4538835293906,32.038332068352474,517.1155239445823,1834.6012150046938,1931.1120467195058,189.3907482052295,931.1273446873256,272.4538835293906,32.038332068352474
2026-02-02 03:00:00+00:00,233.7,3238.6,1913.71,0.30000418,284.24002,267.25,28.71,276.0638130484588,2007.5880500626067,1895.2452597019148,28.929436623687394,386.28594212538883,263.0068546556263,28.900060042111246,517.1155239445823,1834.6012150046938,1931.1120467195058,189.3907482052295,931.1273446873256,272.4538835293906,32.038332068352474,517.1155239445823,1834.6012150046938,1931.1120467195058,189.3907482052295,931.1273446873256,272.4538835293906,32.038332068352474
2026-02-02 04:00:00+00:00,256.6,3131.85,1941.72,0.24000663,281.66,265.31,28.71,284.5861566539252,2061.8439028335747,1959.6739410412913,1.2982558275115252,384.43932520994383,261.41832668268535,28.715728493383278,517.1155239445823,1834.6012150046938,1931.1120467195058,189.3907482052295,931.1273446873256,272.4538835293906,32.038332068352474,517.1155239445823,1834.6012150046938,1931.1120467195058,189.3907482052295,931.1273446873256,272.4538835293906,32.038332068352474
2026-02-02 05:00:00+00:00,293.6,3172.01,2013.58,50.490005,310.59995,265.35,28.71,296.82834715708896,2967.977316286425,2025.387726683089,43.33277929794187,404.1181374653137,255.36794185689064,28.832138483027652,517.1155239445823,1834.6012150046938,1931.1120467195058,189.3907482052295,931.1273446873256,272.4538835293906,32.038332068352474,517.1155239445823,1834.6012150046938,1931.1120467195058,189.3907482052295,931.1273446873256,272.4538835293906,32.038332068352474
2026-02-02 06:00:00+00:00,329.5,3217.53,2136.06,145.15,308.27,265.39,28.71,367.9437563671671,2989.3053682966556,2169.3436232383197,148.44800936082223,539.2997225566883,215.02917844041153,33.6813005060293,517.1155239445823,1834.6012150046938,1931.1120467195058,189.3907482052295,931.1273446873256,272.4538835293906,32.038332068352474,517.1155239445823,1834.6012150046938,1931.1120467195058,189.3907482052295,931.1273446873256,272.4538835293906,32.038332068352474
2026-02-02 07:00:00+00:00,319.5,3247.5503,2206.51,700.44,367.63004,265.39,28.71,343.8762239634648,3120.4041156090934,2273.4498006310023,354.29591907254525,548.650651521315,223.24253206674703,31.929146525234593,517.1155239445823,1834.6012150046938,1931.1120467195058,189.3907482052295,931.1273446873256,272.4538835293906,32.038332068352474,517.1155239445823,1834.6012150046938,1931.1120467195058,189.3907482052295,931.1273446873256,272.4538835293906,32.038332068352474
2026-02-02 08:00:00+00:00,312.7,3265.64,2203.35,418.62,346.77,265.35,28.71,366.96347644282855,2866.7597509498873,2242.121203145772,172.96876281164523,522.2846259956555,240.09303155045384,31.97463887530628,517.1155239445823,1834.6012150046938,1931.1120467195058,189.3907482052295,931.1273446873256,272.4538835293906,32.038332068352474,517.1155239445823,1834.6012150046938,1931.1120467195058,189.3907482052295,931.1273446873256,272.4538835293906,32.038332068352474
2026-02-02 09:00:00+00:00,296.49997,3120.06,2162.63,260.23,352.30002,283.11,28.71,284.3243856494015,2777.846412415096,2155.1135963418365,89.79209749357258,464.6628257259717,235.01774918095003,28.22228089491354,517.1155239445823,1834.6012150046938,1931.1120467195058,189.3907482052295,931.1273446873256,272.4538835293906,32.038332068352474,517.1155239445823,1834.6012150046938,1931.1120467195058,189.3907482052295,931.1273446873256,272.4538835293906,32.038332068352474
2026-02-02 10:00:00+00:00,275.0,3171.88,2113.14,206.32,394.77,285.05,28.71,250.56376037933177,3032.6080271046844,2091.9662738962443,69.0330185244388,468.92762558785347,248.32812344848335,28.021735248685857,517.1155239445823,1834.6012150046938,1931.1120467195058,189.3907482052295,931.1273446873256,272.4538835293906,32.038332068352474,517.1155239445823,1834.6012150046938,1931.1120467195058,189.3907482052295,931.1273446873256,272.4538835293906,32.038332068352474
2026-02-02 11:00:00+00:00,295.34998,3178.35,2035.87,183.9,411.82004,285.09,28.71,284.5167097578548,3042.3414587234333,2064.800066141473,40.706283416898145,520.0369571005159,258.9914322371062,27.400615504003003,517.1155239445823,1834.6012150046938,1931.1120467195058,189.3907482052295,931.1273446873256,272.4538835293906,32.038332068352474,517.1155239445823,1834.6012150046938,1931.1120467195058,189.3907482052295,931.1273446873256,272.4538835293906,32.038332068352474
2026-02-02 12:00:00+00:00,317.4,3164.38,2011.6,236.12,445.32,285.09,28.71,331.87433601224535,3223.156567652285,2045.0827843916375,43.38016185950079,526.2629134323092,252.86306938990742,26.94962381944218,517.1155239445823,1834.6012150046938,1931.1120467195058,189.3907482052295,931.1273446873256,272.4538835293906,32.038332068352474,517.1155239445823,1834.6012150046938,1931.1120467195058,189.3907482052295,931.1273446873256,272.4538835293906,32.038332068352474
2026-02-02 13:00:00+00:00,318.83,3160.76,2017.96,163.75,491.55,285.09,28.71,343.98365068619194,3043.2631241573085,2063.4886049709153,38.8248173396791,534.047160794238,254.04082297867964,28.78877024540365,517.1155239445823,1834.6012150046938,1931.1120467195058,189.3907482052295,931.1273446873256,272.4538835293906,32.038332068352474,517.1155239445823,1834.6012150046938,1931.1120467195058,189.3907482052295,931.1273446873256,272.4538835293906,32.038332068352474
2026-02-02 14:00:00+00:00,413.27,3111.28,2050.85,3.979997,414.28,285.09,28.71,366.4223063595359,3043.7030653131887,2078.623155028227,31.770897550021743,547.4638733710149,245.34408947387018,29.112686556125322,517.1155239445823,1834.6012150046938,1931.1120467195058,189.3907482052295,931.1273446873256,272.4538835293906,32.038332068352474,517.1155239445823,1834.6012150046938,1931.1120467195058,189.3907482052295,931.1273446873256,272.4538835293906,32.038332068352474
2026-02-02 15:00:00+00:00,516.62,3342.54,2137.62,73.88,383.9,285.41,28.71,384.71209644758414,2705.8933789901716,2254.5844744661563,55.03425529954151,586.9594104153653,231.16433038357093,29.94614165092238,517.1155239445823,1834.6012150046938,1931.1120467195058,189.3907482052295,931.1273446873256,272.4538835293906,32.038332068352474,517.1155239445823,1834.6012150046938,1931.1120467195058,189.3907482052295,931.1273446873256,272.4538835293906,32.038332068352474
2026-02-02 16:00:00+00:00,408.7,3667.2,2229.79,332.59,448.76004,366.74,28.71,404.64613708384377,2718.1269720547416,2351.063411173627,335.4745006198258,669.2347395340826,263.4599937251511,35.08183194975451,517.1155239445823,1834.6012150046938,1931.1120467195058,189.3907482052295,931.1273446873256,272.4538835293906,32.038332068352474,517.1155239445823,1834.6012150046938,1931.1120467195058,189.3907482052295,931.1273446873256,272.4538835293906,32.038332068352474
2026-02-02 17:00:00+00:00,403.6,3655.07,2263.72,801.91,454.04,401.16,28.71,383.2106825050939,2979.0471490105374,2266.4609021408373,332.7559553815702,478.3406961883637,286.5614927200598,28.43197764517581,517.1155239445823,1834.6012150046938,1931.1120467195058,189.3907482052295,931.1273446873256,272.4538835293906,32.038332068352474,517.1155239445823,1834.6012150046938,1931.1120467195058,189.3907482052295,931.1273446873256,272.4538835293906,32.038332068352474
2026-02-02 18:00:00+00:00,339.4,3549.7,2229.74,879.94,556.16,366.9,28.71,329.04564688860114,2826.128470221362,2260.2167241561506,170.21285405686368,464.67200773560876,257.1365244975065,28.239256178540256,517.1155239445823,1834.6012150046938,1931.1120467195058,189.3907482052295,931.1273446873256,272.4538835293906,32.038332068352474,517.1155239445823,1834.6012150046938,1931.1120467195058,189.3907482052295,931.1273446873256,272.4538835293906,32.038332068352474
2026-02-02 19:00:00+00:00,303.1,3312.38,2138.93,29.789995,376.1,365.94,28.71,290.81515689041123,2928.3208187848268,2146.8205214999407,112.9571817952068,426.62232476273715,257.7964041385739,28.783041348236704,517.1155239445823,1834.6012150046938,1931.1120467195058,189.3907482052295,931.1273446873256,272.4538835293906,32.038332068352474,517.1155239445823,1834.6012150046938,1931.1120467195058,189.3907482052295,931.1273446873256,272.4538835293906,32.038332068352474
2026-02-02 20:00:00+00:00,274.5,3204.71,2068.55,2.4400036,362.46,365.94,28.71,279.55819164281,2573.6851108400424,2069.118399034318,40.34663910339549,422.15400818845774,264.4394618434117,28.443668591172226,517.1155239445823,1834.6012150046938,1931.1120467195058,189.3907482052295,931.1273446873256,272.4538835293906,32.038332068352474,517.1155239445823,1834.6012150046938,1931.1120467195058,189.3907482052295,931.1273446873256,272.4538835293906,32.038332068352474
2026-02-02 21:00:00+00:00,253.3,3237.66,2021.35,22.79999,349.76004,366.61,28.71,281.7014773215925,2235.1905855894497,2013.319785670278,-20.08973905104952,412.3333012141329,244.64111525993448,28.490086071729326,517.1155239445823,1834.6012150046938,1931.1120467195058,189.3907482052295,931.1273446873256,272.4538835293906,32.038332068352474,517.1155239445823,1834.6012150046938,1931.1120467195058,189.3907482052295,931.1273446873256,272.4538835293906,32.038332068352474
2026-02-02 22:00:00+00:00,267.64996,3029.77,1974.2,0.3199932,343.53,366.37,28.71,265.5944260874636,2161.5177095349673,1925.6017429900244,18.615150269542937,420.1344685909992,250.61554518309867,28.699547641966962,517.1155239445823,1834.6012150046938,1931.1120467195058,189.3907482052295,931.1273446873256,272.4538835293906,32.038332068352474,517.1155239445823,1834.6012150046938,1931.1120467195058,189.3907482052295,931.1273446873256,272.4538835293906,32.038332068352474
2026-02-02 23:00:00+00:00,346.63,3192.03,1931.5,0.009995642,348.50003,363.22,28.71,275.80876248447,1736.8006569132442,1912.225518321534,36.20026776565945,409.38484634661665,251.16664681677184,28.763402406663506,517.1155239445823,1834.6012150046938,1931.1120467195058,189.3907482052295,931.1273446873256,272.4538835293906,32.038332068352474,517.1155239445823,1834.6012150046938,1931.1120467195058,189.3907482052295,931.1273446873256,272.4538835293906,32.038332068352474
2026-02-03 00:00:00+00:00,417.97,3200.41,1919.55,1.134917e-06,350.27,362.68,28.71,243.07896627318132,1989.4461545627585,1894.1897062409082,30.198383202355785,423.4231291495762,247.82487330405593,28.95643169945118,517.1155239445823,1834.6012150046938,1931.1120467195058,189.3907482052295,931.1273446873256,272.4538835293906,32.038332068352474,517.1155239445823,1834.6012150046938,1931.1120467195058,189.3907482052295,931.1273446873256,272.4538835293906,32.038332068352474
2026-02-03 01:00:00+00:00,487.67,3201.79,1908.57,1.134917e-06,350.04,360.79,28.71,245.8062279745144,1952.2427561004322,1900.8021178514116,26.937118677572983,452.4212454246123,262.7897089838333,29.004597452093346,517.1155239445823,1834.6012150046938,1931.1120467195058,189.3907482052295,931.1273446873256,272.4538835293906,32.038332068352474,517.1155239445823,1834.6012150046938,1931.1120467195058,189.3907482052295,931.1273446873256,272.4538835293906,32.038332068352474
2026-02-03 02:00:00+00:00,496.09,2990.52,1901.25,1.134917e-06,363.93002,360.79,28.71,256.1678997720491,1983.6572857952406,1900.8021178514116,28.924348152622315,424.2688261929223,269.0657921922448,28.867762031737634,517.1155239445823,1834.6012150046938,1931.1120467195058,189.3907482052295,931.1273446873256,272.4538835293906,32.038332068352474,517.1155239445823,1834.6012150046938,1931.1120467195058,189.3907482052295,931.1273446873256,272.4538835293906,32.038332068352474
2026-02-03 03:00:00+00:00,440.13,2996.13,1912.14,1.134917e-06,379.45004,354.82,28.71,276.90943247556953,1967.2522540157288,1892.0094533729073,25.091127302986138,432.0138206453367,265.85212794637044,28.8864288377731,517.1155239445823,1834.6012150046938,1931.1120467195058,189.3907482052295,931.1273446873256,272.4538835293906,32.038332068352474,517.1155239445823,1834.6012150046938,1931.1120467195058,189.3907482052295,931.1273446873256,272.4538835293906,32.038332068352474
2026-02-03 04:00:00+00:00,410.9,3387.45,1937.75,0.019990148,376.07004,341.98,28.71,284.3625630555026,2178.5835266856416,1947.8947133202273,12.814415800803715,458.1869712423611,268.3637535601817,28.650673375870497,517.1155239445823,1834.6012150046938,1931.1120467195058,189.3907482052295,931.1273446873256,272.4538835293906,32.038332068352474,517.1155239445823,1834.6012150046938,1931.1120467195058,189.3907482052295,931.1273446873256,272.4538835293906,32.038332068352474
2026-02-03 05:00:00+00:00,490.69,3427.89,2011.17,6.869996,354.37003,337.67,28.71,237.8170181967629,2747.238574370783,1999.2314765212677,67.58235042056123,444.01900311206936,300.70876532140664,28.61901555740633,517.1155239445823,1834.6012150046938,1931.1120467195058,189.3907482052295,931.1273446873256,272.4538835293906,32.038332068352474,517.1155239445823,1834.6012150046938,1931.1120467195058,189.3907482052295,931.1273446873256,272.4538835293906,32.038332068352474
2026-02-03 06:00:00+00:00,580.58,2827.33,2115.75,143.72,303.57004,337.43,28.71,345.6886937783837,2889.425665385446,2116.6287833379506,154.87546903028,670.1167157217269,312.1437145112271,33.14669292566382,517.1155239445823,1834.6012150046938,1931.1120467195058,189.3907482052295,931.1273446873256,272.4538835293906,32.038332068352474,517.1155239445823,1834.6012150046938,1931.1120467195058,189.3907482052295,931.1273446873256,272.4538835293906,32.038332068352474
2026-02-03 07:00:00+00:00,576.62,2669.53,2192.97,190.48,301.68002,336.41,28.71,389.97830085003767,2893.397062750245,2220.5802301843783,215.71623335169056,599.7264831507202,371.4363491590201,29.79626410875571,517.1155239445823,1834.6012150046938,1931.1120467195058,189.3907482052295,931.1273446873256,272.4538835293906,32.038332068352474,517.1155239445823,1834.6012150046938,1931.1120467195058,189.3907482052295,931.1273446873256,272.4538835293906,32.038332068352474
2026-02-03 08:00:00+00:00,554.92,2706.57,2199.56,176.28,333.58005,405.49,28.71,385.6460289194596,2675.8957232751322,2181.0317333911025,109.09240307718815,555.0843961303706,362.66344893143366,29.902821653700265,517.1155239445823,1834.6012150046938,1931.1120467195058,189.3907482052295,931.1273446873256,272.4538835293906,32.038332068352474,517.1155239445823,1834.6012150046938,1931.1120467195058,189.3907482052295,931.1273446873256,272.4538835293906,32.038332068352474
2026-02-03 09:00:00+00:00,531.84,2603.99,2168.43,65.64,320.59,343.02,28.71,373.78306793893535,2688.304132847021,2067.5755387174304,54.66984263153853,555.1733960733593,375.374994521875,28.807418736654395,517.1155239445823,1834.6012150046938,1931.1120467195058,189.3907482052295,931.1273446873256,272.4538835293906,32.038332068352474,517.1155239445823,1834.6012150046938,1931.1120467195058,189.3907482052295,931.1273446873256,272.4538835293906,32.038332068352474
2026-02-03 10:00:00+00:00,519.03,2578.94,2126.34,159.23,409.6,345.53,28.71,361.3120629458291,2811.939649642639,2004.0130514979994,63.5142290539484,556.0167762554945,369.20750185486844,27.36450954849527,517.1155239445823,1834.6012150046938,1931.1120467195058,189.3907482052295,931.1273446873256,272.4538835293906,32.038332068352474,517.1155239445823,1834.6012150046938,1931.1120467195058,189.3907482052295,931.1273446873256,272.4538835293906,32.038332068352474
2026-02-03 11:00:00+00:00,537.73,2570.95,2050.98,6.199998,413.95004,345.7,28.71,335.60869406137533,2590.131670481437,1969.3934092834884,29.363440854493206,569.6370286755823,351.2036498238117,27.120336448353555,517.1155239445823,1834.6012150046938,1931.1120467195058,189.3907482052295,931.1273446873256,272.4538835293906,32.038332068352474,517.1155239445823,1834.6012150046938,1931.1120467195058,189.3907482052295,931.1273446873256,272.4538835293906,32.038332068352474
2026-02-03 12:00:00+00:00,536.77,2673.01,2021.39,0.5399944,372.39005,345.99,28.71,418.73481459584605,3385.038115394043,2008.827642223776,42.336820866107445,580.5457607451197,365.28139471277126,26.97483955523427,517.1155239445823,1834.6012150046938,1931.1120467195058,189.3907482052295,931.1273446873256,272.4538835293906,32.038332068352474,517.1155239445823,1834.6012150046938,1931.1120467195058,189.3907482052295,931.1273446873256,272.4538835293906,32.038332068352474
2026-02-03 13:00:00+00:00,661.71,2962.8,2022.5,1.330003,436.43,345.88,28.71,453.0416155328908,3195.1409742538553,1997.573257781291,-1.1955688236728577,555.0055804000725,328.90429008051524,27.79386265484544,517.1155239445823,1834.6012150046938,1931.1120467195058,189.3907482052295,931.1273446873256,272.4538835293906,32.038332068352474,517.1155239445823,1834.6012150046938,1931.1120467195058,189.3907482052295,931.1273446873256,272.4538835293906,32.038332068352474
2026-02-03 14:00:00+00:00,741.92,3485.63,2047.69,195.7,425.86,351.73,28.71,451.9042136286689,3340.6188029852515,2035.5156853833705,10.217771433822946,612.7862682043433,379.5071126753242,28.481825156031974,517.1155239445823,1834.6012150046938,1931.1120467195058,189.3907482052295,931.1273446873256,272.4538835293906,32.038332068352474,517.1155239445823,1834.6012150046938,1931.1120467195058,189.3907482052295,931.1273446873256,272.4538835293906,32.038332068352474
2026-02-03 15:00:00+00:00,840.46,4039.47,2138.89,142.49,483.89,353.66,28.71,353.96739071376203,3519.9427049843084,2206.0368058487684,106.2817157261593,628.7595845195235,390.88141610067566,29.58876545626999,517.1155239445823,1834.6012150046938,1931.1120467195058,189.3907482052295,931.1273446873256,272.4538835293906,32.038332068352474,517.1155239445823,1834.6012150046938,1931.1120467195058,189.3907482052295,931.1273446873256,272.4538835293906,32.038332068352474
2026-02-03 16:00:00+00:00,991.98004,4244.59,2235.24,405.85,398.98,354.01,28.71,446.5802371804018,4373.189302252872,2312.553784674178,432.5253940054489,717.2087826661061,402.9529325511613,35.54042318237267,517.1155239445823,1834.6012150046938,1931.1120467195058,189.3907482052295,931.1273446873256,272.4538835293906,32.038332068352474,517.1155239445823,1834.6012150046938,1931.1120467195058,189.3907482052295,931.1273446873256,272.4538835293906,32.038332068352474
2026-02-03 17:00:00+00:00,1035.98,4258.8,2258.63,519.77,399.32004,354.3,28.71,411.6505701211352,4393.450438674964,2238.694409569418,332.0416864406899,506.50846045380035,402.73423479831536,28.472383042169668,517.1155239445823,1834.6012150046938,1931.1120467195058,189.3907482052295,931.1273446873256,272.4538835293906,32.038332068352474,517.1155239445823,1834.6012150046938,1931.1120467195058,189.3907482052295,931.1273446873256,272.4538835293906,32.038332068352474
2026-02-03 18:00:00+00:00,1071.6,4254.51,2228.51,190.83,366.49002,354.75,28.71,357.9422482164101,4151.103497120227,2238.328095636829,112.84625873432536,588.1473036173302,387.6184199481629,28.4660207787742,517.1155239445823,1834.6012150046938,1931.1120467195058,189.3907482052295,931.1273446873256,272.4538835293906,32.038332068352474,517.1155239445823,1834.6012150046938,1931.1120467195058,189.3907482052295,931.1273446873256,272.4538835293906,32.038332068352474
2026-02-03 19:00:00+00:00,1012.98,4262.31,2145.64,41.5,332.98,273.18,28.71,316.3128789574498,3429.9258831169427,2121.5614128829957,79.33593060244984,578.346938384917,359.32451297629007,28.682914083063345,517.1155239445823,1834.6012150046938,1931.1120467195058,189.3907482052295,931.1273446873256,272.4538835293906,32.038332068352474,517.1155239445823,1834.6012150046938,1931.1120467195058,189.3907482052295,931.1273446873256,272.4538835293906,32.038332068352474
2026-02-03 20:00:00+00:00,954.44,4077.58,2069.98,5.8399973,323.19003,279.16,28.71,317.95905357257465,3194.970490976494,2059.1172583892776,74.33437884105432,456.6331252285972,314.8710570848133,28.925127425159953,517.1155239445823,1834.6012150046938,1931.1120467195058,189.3907482052295,931.1273446873256,272.4538835293906,32.038332068352474,517.1155239445823,1834.6012150046938,1931.1120467195058,189.3907482052295,931.1273446873256,272.4538835293906,32.038332068352474
2026-02-03 21:00:00+00:00,937.18,4100.27,2015.35,153.01,318.25003,281.13,28.71,309.5984775181586,3214.2983056936855,1996.3976035867192,7.610465169013736,443.1226540684479,307.65024293727436,28.672556106142235,517.1155239445823,1834.6012150046938,1931.1120467195058,189.3907482052295,931.1273446873256,272.4538835293906,32.038332068352474,517.1155239445823,1834.6012150046938,1931.1120467195058,189.3907482052295,931.1273446873256,272.4538835293906,32.038332068352474
2026-02-03 22:00:00+00:00,900.11,3879.52,1974.62,35.97,310.14005,281.13,28.71,284.35387063320695,3189.196586400597,1957.7283483053145,51.814274184509344,410.3455490587173,299.8116054605594,28.697638884386905,517.1155239445823,1834.6012150046938,1931.1120467195058,189.3907482052295,931.1273446873256,272.4538835293906,32.038332068352474,517.1155239445823,1834.6012150046938,1931.1120467195058,189.3907482052295,931.1273446873256,272.4538835293906,32.038332068352474
2026-02-03 23:00:00+00:00,932.51,3869.0,1939.94,14.110002,315.73,279.79,28.71,273.21520145874,3348.2417048346315,1944.3766949790713,15.412678049739668,456.69011103803905,280.0620015468889,28.72049528279394,517.1155239445823,1834.6012150046938,1931.1120467195058,189.3907482052295,931.1273446873256,272.4538835293906,32.038332068352474,517.1155239445823,1834.6012150046938,1931.1120467195058,189.3907482052295,931.1273446873256,272.4538835293906,32.038332068352474
2026-02-04 00:00:00+00:00,882.74,3884.94,1924.03,0.2700054,331.64005,273.26,28.71,283.8856015249679,3542.8432654015305,1891.2169378318727,46.50538505826944,438.56719187773655,311.28574552026674,28.760209818990884,517.1155239445823,1834.6012150046938,1931.1120467195058,189.3907482052295,931.1273446873256,272.4538835293906,32.038332068352474,517.1155239445823,1834.6012150046938,1931.1120467195058,189.3907482052295,931.1273446873256,272.4538835293906,32.038332068352474
2026-02-04 01:00:00+00:00,801.43,3883.43,1909.52,0.2700054,345.18008,273.26,28.71,259.32787023739934,3683.6954812679687,1888.9983671723462,31.658218813107737,444.7020744899642,311.6193103036542,28.84099466205074,517.1155239445823,1834.6012150046938,1931.1120467195058,189.3907482052295,931.1273446873256,272.4538835293906,32.038332068352474,517.1155239445823,1834.6012150046938,1931.1120467195058,189.3907482052295,931.1273446873256,272.4538835293906,32.038332068352474
2026-02-04 02:00:00+00:00,581.52,3888.34,1909.32,0.22000235,361.61002,277.89,28.71,264.5981797943614,3657.8218185354135,1895.4004446094393,-2.78942780544412,433.53823505698756,316.1623173977565,29.063530961852468,517.1155239445823,1834.6012150046938,1931.1120467195058,189.3907482052295,931.1273446873256,272.4538835293906,32.038332068352474,517.1155239445823,1834.6012150046938,1931.1120467195058,189.3907482052295,931.1273446873256,272.4538835293906,32.038332068352474
2026-02-04 03:00:00+00:00,586.32,3894.16,1918.08,0.24000663,369.64005,267.33,28.71,243.29116883446818,3498.68943800096,1913.0669039579495,24.669313778716116,443.2419030593924,318.5025477255998,28.789342769123213,517.1155239445823,1834.6012150046938,1931.1120467195058,189.3907482052295,931.1273446873256,272.4538835293906,32.038332068352474,517.1155239445823,1834.6012150046938,1931.1120467195058,189.3907482052295,931.1273446873256,272.4538835293906,32.038332068352474
2026-02-04 04:00:00+00:00,613.02,3868.78,1943.7,0.2700054,369.07004,255.54,28.71,264.4567377070253,3748.662974612074,1980.784828599509,7.193445812525397,444.08383253857676,342.7893480445291,28.77581624291442,517.1155239445823,1834.6012150046938,1931.1120467195058,189.3907482052295,931.1273446873256,272.4538835293906,32.038332068352474,517.1155239445823,1834.6012150046938,1931.1120467195058,189.3907482052295,931.1273446873256,272.4538835293906,32.038332068352474
2026-02-04 05:00:00+00:00,630.65,3736.65,2014.5,16.539995,381.14005,249.48,28.71,349.01710074111475,3894.3306147947915,2034.4825857647695,60.47392999956273,456.515296656873,367.7047678514604,28.99413749283411,517.1155239445823,1834.6012150046938,1931.1120467195058,189.3907482052295,931.1273446873256,272.4538835293906,32.038332068352474,517.1155239445823,1834.6012150046938,1931.1120467195058,189.3907482052295,931.1273446873256,272.4538835293906,32.038332068352474
2026-02-04 06:00:00+00:00,698.39,4013.78,2125.77,417.08,376.4,249.48,28.71,498.0938810194039,4370.650481901452,2160.172118624812,370.194961674347,613.1909086618982,336.1093792983153,33.465168649499965,517.1155239445823,1834.6012150046938,1931.1120467195058,189.3907482052295,931.1273446873256,272.4538835293906,32.038332068352474,517.1155239445823,1834.6012150046938,1931.1120467195058,189.3907482052295,931.1273446873256,272.4538835293906,32.038332068352474
2026-02-04 07:00:00+00:00,714.64,4087.4,2194.88,1021.52,574.21,249.48,28.71,428.91119052163145,4776.532116722474,2269.940858880851,650.093542809402,583.3521335009709,386.23048724748924,29.356256866658583,517.1155239445823,1834.6012150046938,1931.1120467195058,189.3907482052295,931.1273446873256,272.4538835293906,32.038332068352474,517.1155239445823,1834.6012150046938,1931.1120467195058,189.3907482052295,931.1273446873256,272.4538835293906,32.038332068352474
2026-02-04 08:00:00+00:00,704.11,3890.15,2189.29,33.509995,416.76004,249.52,28.71,392.86620551485134,4507.088253084876,2235.1182812530446,333.91234648685236,611.9893490711769,373.5792880668636,29.081638612562617,517.1155239445823,1834.6012150046938,1931.1120467195058,189.3907482052295,931.1273446873256,272.4538835293906,32.038332068352474,517.1155239445823,1834.6012150046938,1931.1120467195058,189.3907482052295,931.1273446873256,272.4538835293906,32.038332068352474
2026-02-04 09:00:00+00:00,634.16,3757.65,2149.74,32.91002,482.66,255.5,28.71,438.8647900895217,4000.22083966178,2164.3587979381346,110.44225604734031,571.2454960041125,341.53436259243006,28.411996192332342,517.1155239445823,1834.6012150046938,1931.1120467195058,189.3907482052295,931.1273446873256,272.4538835293906,32.038332068352474,517.1155239445823,1834.6012150046938,1931.1120467195058,189.3907482052295,931.1273446873256,272.4538835293906,32.038332068352474
2026-02-04 10:00:00+00:00,547.2,3666.4502,2104.09,105.02,476.29,257.48,28.71,399.70080061636514,4255.029126381326,2092.3051312336843,83.4609147769715,563.1099633516545,310.2738664533024,27.618824367242933,517.1155239445823,1834.6012150046938,1931.1120467195058,189.3907482052295,931.1273446873256,272.4538835293906,32.038332068352474,517.1155239445823,1834.6012150046938,1931.1120467195058,189.3907482052295,931.1273446873256,272.4538835293906,32.038332068352474
2026-02-04 11:00:00+00:00,540.82,3468.47,2026.01,2.0899975,385.00003,257.52,28.71,399.4489086779152,4100.099582350948,2043.7753434324998,66.01059325715744,565.370667008762,330.629421978719,26.935850784113747,517.1155239445823,1834.6012150046938,1931.1120467195058,189.3907482052295,931.1273446873256,272.4538835293906,32.038332068352474,517.1155239445823,1834.6012150046938,1931.1120467195058,189.3907482052295,931.1273446873256,272.4538835293906,32.038332068352474
2026-02-04 12:00:00+00:00,536.06,3625.7,1999.72,0.3099987,393.77,257.56,28.71,439.454777789822,3986.139180245067,2037.0682309539143,75.4080136278741,575.8901382454346,325.9584234670084,26.939656085108346,517.1155239445823,1834.6012150046938,1931.1120467195058,189.3907482052295,931.1273446873256,272.4538835293906,32.038332068352474,517.1155239445823,1834.6012150046938,1931.1120467195058,189.3907482052295,931.1273446873256,272.4538835293906,32.038332068352474
2026-02-04 13:00:00+00:00,547.08,3851.69,1998.18,1.1799939,556.09,257.52,28.71,433.1167965537176,4050.929990479328,2036.57727748871,80.91000789894264,563.8703883320995,301.8151831863501,27.650652167153304,517.1155239445823,1834.6012150046938,1931.1120467195058,189.3907482052295,931.1273446873256,272.4538835293906,32.038332068352474,517.1155239445823,1834.6012150046938,1931.1120467195058,189.3907482052295,931.1273446873256,272.4538835293906,32.038332068352474
2026-02-04 14:00:00+00:00,658.92,3561.47,2031.51,79.57,421.02002,263.45,28.71,517.2134250193324,3928.5737976499704,2083.917245724341,82.29725010205814,624.3449162024672,346.4955967786787,29.547227322266266,517.1155239445823,1834.6012150046938,1931.1120467195058,189.3907482052295,931.1273446873256,272.4538835293906,32.038332068352474,517.1155239445823,1834.6012150046938,1931.1120467195058,189.3907482052295,931.1273446873256,272.4538835293906,32.038332068352474
2026-02-04 15:00:00+00:00,828.42,3579.43,2146.57,78.73001,413.77,265.35,28.71,507.012135944564,3791.6265588492215,2249.7485641001063,243.8647814582876,641.9529681277205,339.3761981051688,29.471888189826494,517.1155239445823,1834.6012150046938,1931.1120467195058,189.3907482052295,931.1273446873256,272.4538835293906,32.038332068352474,517.1155239445823,1834.6012150046938,1931.1120467195058,189.3907482052295,931.1273446873256,272.4538835293906,32.038332068352474
2026-02-04 16:00:00+00:00,908.72,3660.24,2240.71,460.0,490.82004,265.35,28.71,401.88275090039457,3782.475303712429,2360.147396808003,467.9976918523705,700.3631889011685,340.83159939449376,35.08932214765167,517.1155239445823,1834.6012150046938,1931.1120467195058,189.3907482052295,931.1273446873256,272.4538835293906,32.038332068352474,517.1155239445823,1834.6012150046938,1931.1120467195058,189.3907482052295,931.1273446873256,272.4538835293906,32.038332068352474
2026-02-04 17:00:00+00:00,872.82,3677.07,2271.1,485.48,472.45,267.01,28.71,390.2364025487946,3804.0522999228615,2264.6583336321332,399.57888971276026,532.0354683541851,401.4940055735683,28.453833237756335,517.1155239445823,1834.6012150046938,1931.1120467195058,189.3907482052295,931.1273446873256,272.4538835293906,32.038332068352474,517.1155239445823,1834.6012150046938,1931.1120467195058,189.3907482052295,931.1273446873256,272.4538835293906,32.038332068352474
2026-02-04 18:00:00+00:00,818.1,3644.0,2255.48,302.27,516.4,265.31,28.71,380.8352380745191,3683.5574776539142,2246.914727868425,235.20165244934645,496.2218324105324,379.21868909036004,28.242630966081556,517.1155239445823,1834.6012150046938,1931.1120467195058,189.3907482052295,931.1273446873256,272.4538835293906,32.038332068352474,517.1155239445823,1834.6012150046938,1931.1120467195058,189.3907482052295,931.1273446873256,272.4538835293906,32.038332068352474
2026-02-04 19:00:00+00:00,828.69,3572.97,2164.64,2.9400036,405.4,265.31,28.71,406.132170091284,3446.348131392565,2164.7548373507366,83.58014516907791,463.5076293444311,395.70782628632224,28.376910325843834,517.1155239445823,1834.6012150046938,1931.1120467195058,189.3907482052295,931.1273446873256,272.4538835293906,32.038332068352474,517.1155239445823,1834.6012150046938,1931.1120467195058,189.3907482052295,931.1273446873256,272.4538835293906,32.038332068352474
2026-02-04 20:00:00+00:00,804.07,3577.2703,2078.01,0.28999442,395.67,271.24,28.71,331.59422240432775,3782.106656142316,2072.6084767190905,27.84223655159576,440.2207291433586,347.92718413041007,28.61723794913589,517.1155239445823,1834.6012150046938,1931.1120467195058,189.3907482052295,931.1273446873256,272.4538835293906,32.038332068352474,517.1155239445823,1834.6012150046938,1931.1120467195058,189.3907482052295,931.1273446873256,272.4538835293906,32.038332068352474
2026-02-04 21:00:00+00:00,775.97,3476.54,2020.4,0.22999686,406.59,273.18,28.71,336.30596060136986,3529.416532450421,2009.7158680116906,-6.096944890294765,439.97064489531215,350.21186141408356,28.686874725757406,517.1155239445823,1834.6012150046938,1931.1120467195058,189.3907482052295,931.1273446873256,272.4538835293906,32.038332068352474,517.1155239445823,1834.6012150046938,1931.1120467195058,189.3907482052295,931.1273446873256,272.4538835293906,32.038332068352474
2026-02-04 22:00:00+00:00,673.61,3479.03,1974.54,0.039979164,398.24002,273.18,28.71,298.3219225118794,3210.524625544911,1949.1779743833329,8.020226988150768,419.38196286448647,334.98664563570503,28.754762626879508,517.1155239445823,1834.6012150046938,1931.1120467195058,189.3907482052295,931.1273446873256,272.4538835293906,32.038332068352474,517.1155239445823,1834.6012150046938,1931.1120467195058,189.3907482052295,931.1273446873256,272.4538835293906,32.038332068352474
2026-02-04 23:00:00+00:00,561.38,3432.36,1919.74,0.1699993,367.34,273.18,28.71,297.13736588557026,3242.232556391935,1934.4990468588328,5.62489020555239,396.59348628977875,315.7434407875801,28.781097189265918,517.1155239445823,1834.6012150046938,1931.1120467195058,189.3907482052295,931.1273446873256,272.4538835293906,32.038332068352474,517.1155239445823,1834.6012150046938,1931.1120467195058,189.3907482052295,931.1273446873256,272.4538835293906,32.038332068352474
2026-02-05 00:00:00+00:00,480.32,3375.43,1907.15,0.13000602,378.25003,273.18,28.71,283.8108230772841,3146.9133168945364,1893.6502018209508,-2.6582182846911167,420.5981371086715,247.79917467899085,28.869770551719512,517.1155239445823,1834.6012150046938,1931.1120467195058,189.3907482052295,931.1273446873256,272.4538835293906,32.038332068352474,517.1155239445823,1834.6012150046938,1931.1120467195058,189.3907482052295,931.1273446873256,272.4538835293906,32.038332068352474
2026-02-05 01:00:00+00:00,443.64,3392.18,1895.91,1.134917e-06,391.06003,273.18,28.71,293.25762142064247,3261.854283814986,1897.2544671844535,1.1248321150093545,420.9240899610807,254.57436698898653,29.028055335868753,517.1155239445823,1834.6012150046938,1931.1120467195058,189.3907482052295,931.1273446873256,272.4538835293906,32.038332068352474,517.1155239445823,1834.6012150046938,1931.1120467195058,189.3907482052295,931.1273446873256,272.4538835293906,32.038332068352474
2026-02-05 02:00:00+00:00,673.48,3343.45,1890.01,0.14000052,382.62003,273.18,28.71,312.37359738231476,3455.5752297123427,1899.089696167317,-15.912516729600014,430.752198806413,261.2921420180011,28.95070823405827,517.1155239445823,1834.6012150046938,1931.1120467195058,189.3907482052295,931.1273446873256,272.4538835293906,32.038332068352474,517.1155239445823,1834.6012150046938,1931.1120467195058,189.3907482052295,931.1273446873256,272.4538835293906,32.038332068352474
2026-02-05 03:00:00+00:00,766.73,3360.37,1904.51,0.19000357,383.65,267.25,28.71,291.69736564932634,3621.670746885619,1901.9624681314006,-2.832735341592297,446.4958945228692,259.97853465711864,28.759780045481225,517.1155239445823,1834.6012150046938,1931.1120467195058,189.3907482052295,931.1273446873256,272.4538835293906,32.038332068352474,517.1155239445823,1834.6012150046938,1931.1120467195058,189.3907482052295,931.1273446873256,272.4538835293906,32.038332068352474
2026-02-05 04:00:00+00:00,917.34,3527.71,1933.95,0.19000357,402.06003,253.44,28.71,351.68397501785046,3931.631184949726,1984.068018424305,18.793386070715343,470.09659046377436,269.104791164589,28.59466788243416,517.1155239445823,1834.6012150046938,1931.1120467195058,189.3907482052295,931.1273446873256,272.4538835293906,32.038332068352474,517.1155239445823,1834.6012150046938,1931.1120467195058,189.3907482052295,931.1273446873256,272.4538835293906,32.038332068352474
2026-02-05 05:00:00+00:00,1105.56,3651.41,2010.41,49.78,413.69003,249.48,28.71,388.3684826752135,4007.950963924287,2043.6206797216846,37.43668897792239,461.96614464566255,265.93223762055356,28.447089717531007,517.1155239445823,1834.6012150046938,1931.1120467195058,189.3907482052295,931.1273446873256,272.4538835293906,32.038332068352474,517.1155239445823,1834.6012150046938,1931.1120467195058,189.3907482052295,931.1273446873256,272.4538835293906,32.038332068352474
2026-02-05 06:00:00+00:00,1172.71,3893.32,2119.63,794.25,406.42,249.48,28.71,417.9254351928417,4724.666301184074,2140.8333060095424,615.5699893342029,675.1736549109769,254.37227749919217,34.23863676599582,517.1155239445823,1834.6012150046938,1931.1120467195058,189.3907482052295,931.1273446873256,272.4538835293906,32.038332068352474,517.1155239445823,1834.6012150046938,1931.1120467195058,189.3907482052295,931.1273446873256,272.4538835293906,32.038332068352474
2026-02-05 07:00:00+00:00,1129.28,3908.9,2192.71,772.4,552.51,249.48,28.71,488.8876942288731,4825.825076852003,2244.750133736203,906.4174895782953,605.1087439005937,297.59681716659094,28.461957671508515,517.1155239445823,1834.6012150046938,1931.1120467195058,189.3907482052295,931.1273446873256,272.4538835293906,32.038332068352474,517.1155239445823,1834.6012150046938,1931.1120467195058,189.3907482052295,931.1273446873256,272.4538835293906,32.038332068352474
2026-02-05 08:00:00+00:00,1129.62,4031.91,2196.67,750.55,444.79,249.44,28.71,420.4330635260407,4787.436649059663,2250.415755569754,557.8939309134767,582.251498672532,304.17875429591203,29.37558233154395,517.1155239445823,1834.6012150046938,1931.1120467195058,189.3907482052295,931.1273446873256,272.4538835293906,32.038332068352474,517.1155239445823,1834.6012150046938,1931.1120467195058,189.3907482052295,931.1273446873256,272.4538835293906,32.038332068352474
2026-02-05 09:00:00+00:00,1105.17,4158.49,2157.41,571.35,675.82,255.42,28.71,418.44087409835277,4778.607123667302,2178.532003099991,307.53668151639283,577.8155749324841,292.891547294623,29.045888370451777,517.1155239445823,1834.6012150046938,1931.1120467195058,189.3907482052295,931.1273446873256,272.4538835293906,32.038332068352474,517.1155239445823,1834.6012150046938,1931.1120467195058,189.3907482052295,931.1273446873256,272.4538835293906,32.038332068352474
2026-02-05 10:00:00+00:00,1094.57,4283.3,2119.75,585.86,519.96,257.4,28.71,436.1856121761475,5021.250640074887,2099.186595639848,153.30298228866036,548.6663253568213,256.46155191340404,28.483546335585306,517.1155239445823,1834.6012150046938,1931.1120467195058,189.3907482052295,931.1273446873256,272.4538835293906,32.038332068352474,517.1155239445823,1834.6012150046938,1931.1120467195058,189.3907482052295,931.1273446873256,272.4538835293906,32.038332068352474
2026-02-05 11:00:00+00:00,1046.21,4114.23,2045.05,178.43,494.07,378.11,28.71,386.14014826953996,4862.93222761198,2016.987549570948,88.18146740673535,537.1517608260043,263.5274461656112,27.506530220321075,517.1155239445823,1834.6012150046938,1931.1120467195058,189.3907482052295,931.1273446873256,272.4538835293906,32.038332068352474,517.1155239445823,1834.6012150046938,1931.1120467195058,189.3907482052295,931.1273446873256,272.4538835293906,32.038332068352474
2026-02-05 12:00:00+00:00,942.47,3891.29,2028.68,123.47,499.17,339.41,28.71,409.7345244288215,4494.9535430908445,2023.8672803431496,-20.048916614274077,572.3942819799372,253.92209470386246,28.431662780404828,517.1155239445823,1834.6012150046938,1931.1120467195058,189.3907482052295,931.1273446873256,272.4538835293906,32.038332068352474,517.1155239445823,1834.6012150046938,1931.1120467195058,189.3907482052295,931.1273446873256,272.4538835293906,32.038332068352474
2026-02-05 13:00:00+00:00,991.99005,3988.85,2019.79,132.38,473.58,338.73,28.71,509.50741822006205,4166.898459606842,1985.7556030694948,7.112249950882614,573.8841048985386,247.26635958538102,29.913811030724364,517.1155239445823,1834.6012150046938,1931.1120467195058,189.3907482052295,931.1273446873256,272.4538835293906,32.038332068352474,517.1155239445823,1834.6012150046938,1931.1120467195058,189.3907482052295,931.1273446873256,272.4538835293906,32.038332068352474
2026-02-05 14:00:00+00:00,904.3,4016.33,2036.41,33.940002,486.28,344.27,28.71,519.8929900203207,4479.863570998503,2102.0695677118374,87.14259664988737,602.9389974968283,236.121623885711,30.265861355154144,517.1155239445823,1834.6012150046938,1931.1120467195058,189.3907482052295,931.1273446873256,272.4538835293906,32.038332068352474,517.1155239445823,1834.6012150046938,1931.1120467195058,189.3907482052295,931.1273446873256,272.4538835293906,32.038332068352474
2026-02-05 15:00:00+00:00,1057.36,4212.59,2126.37,223.96,504.9,345.2,28.71,494.4104638364476,4492.267292130805,2271.3447288525276,347.64489456481977,607.6490670643607,217.66840948583797,29.277002214286185,517.1155239445823,1834.6012150046938,1931.1120467195058,189.3907482052295,931.1273446873256,272.4538835293906,32.038332068352474,517.1155239445823,1834.6012150046938,1931.1120467195058,189.3907482052295,931.1273446873256,272.4538835293906,32.038332068352474
2026-02-05 16:00:00+00:00,1083.22,4297.71,2213.3,799.8,558.71,265.35,28.71,562.8644942472511,5433.440907876369,2384.792670685891,678.7663177951355,727.4376145244253,235.87647113234274,33.32405490847484,517.1155239445823,1834.6012150046938,1931.1120467195058,189.3907482052295,931.1273446873256,272.4538835293906,32.038332068352474,517.1155239445823,1834.6012150046938,1931.1120467195058,189.3907482052295,931.1273446873256,272.4538835293906,32.038332068352474
2026-02-05 17:00:00+00:00,1185.39,4313.67,2241.25,842.41,545.3,265.31,28.71,571.0757371789712,5507.769709971242,2283.578656550141,649.253117284946,635.8376140593143,260.3382675393944,27.869008092898547,517.1155239445823,1834.6012150046938,1931.1120467195058,189.3907482052295,931.1273446873256,272.4538835293906,32.038332068352474,517.1155239445823,1834.6012150046938,1931.1120467195058,189.3907482052295,931.1273446873256,272.4538835293906,32.038332068352474
2026-02-05 18:00:00+00:00,1199.75,4091.5,2217.78,532.97,530.96,265.31,28.71,572.7456144412113,5169.054051087447,2284.047840989475,406.9635583481172,634.1429147486017,261.89854455386194,28.14928107258601,517.1155239445823,1834.6012150046938,1931.1120467195058,189.3907482052295,931.1273446873256,272.4538835293906,32.038332068352474,517.1155239445823,1834.6012150046938,1931.1120467195058,189.3907482052295,931.1273446873256,272.4538835293906,32.038332068352474
2026-02-05 19:00:00+00:00,1129.75,4003.43,2131.34,304.45,590.61,265.31,28.71,609.5637050630298,4892.266484844587,2198.506278222741,200.6772918393201,585.7088499209958,256.2716609660869,28.615760626392465,517.1155239445823,1834.6012150046938,1931.1120467195058,189.3907482052295,931.1273446873256,272.4538835293906,32.038332068352474,517.1155239445823,1834.6012150046938,1931.1120467195058,189.3907482052295,931.1273446873256,272.4538835293906,32.038332068352474
2026-02-05 20:00:00+00:00,1341.81,3818.81,2053.72,144.22,433.02,271.24,28.71,435.26262409128816,4661.871883776377,2105.8447805584206,133.03785226419438,510.5515919498361,252.09015260023446,28.688803216978545,517.1155239445823,1834.6012150046938,1931.1120467195058,189.3907482052295,931.1273446873256,272.4538835293906,32.038332068352474,517.1155239445823,1834.6012150046938,1931.1120467195058,189.3907482052295,931.1273446873256,272.4538835293906,32.038332068352474
2026-02-05 21:00:00+00:00,1306.56,3745.25,1995.77,35.160004,397.83,273.18,28.71,501.87163293543097,4475.907008275767,2039.288416783327,116.06595852260884,488.13407556015284,255.43162536212324,28.64859858863238,517.1155239445823,1834.6012150046938,1931.1120467195058,189.3907482052295,931.1273446873256,272.4538835293906,32.038332068352474,517.1155239445823,1834.6012150046938,1931.1120467195058,189.3907482052295,931.1273446873256,272.4538835293906,32.038332068352474
2026-02-05 22:00:00+00:00,1165.92,3746.93,1959.02,0.3099987,337.82004,273.18,28.71,533.7754217631726,4367.340581161222,1978.3091507245592,20.139190741976734,482.7196781998744,246.92035108444614,28.675976943535137,517.1155239445823,1834.6012150046938,1931.1120467195058,189.3907482052295,931.1273446873256,272.4538835293906,32.038332068352474,517.1155239445823,1834.6012150046938,1931.1120467195058,189.3907482052295,931.1273446873256,272.4538835293906,32.038332068352474
2026-02-05 23:00:00+00:00,1142.64,3820.5303,1909.99,0.3099987,330.61002,239.55,28.71,600.6615928923876,4205.731876490539,1927.4593595342076,8.743696435289166,462.5668731936721,253.28440423680127,28.628415228332955,517.1155239445823,1834.6012150046938,1931.1120467195058,189.3907482052295,931.1273446873256,272.4538835293906,32.038332068352474,517.1155239445823,1834.6012150046938,1931.1120467195058,189.3907482052295,931.1273446873256,272.4538835293906,32.038332068352474
2026-02-06 00:00:00+00:00,1186.17,3873.44,1903.04,0.25999564,318.91,245.49,28.71,541.1374899443347,4168.916139977761,1890.632262215715,16.81100669835331,432.74200376519536,266.24586923712366,28.76922718337205,517.1155239445823,1834.6012150046938,1931.1120467195058,189.3907482052295,931.1273446873256,272.4538835293906,32.038332068352474,517.1155239445823,1834.6012150046938,1931.1120467195058,189.3907482052295,931.1273446873256,272.4538835293906,32.038332068352474
2026-02-06 01:00:00+00:00,1190.45,3773.5503,1895.73,0.20999259,320.14993,245.53,28.71,579.1398250241273,4131.639088873803,1891.636248013069,7.216061252258044,428.51682174288976,260.70334156022017,28.965403188897287,517.1155239445823,1834.6012150046938,1931.1120467195058,189.3907482052295,931.1273446873256,272.4538835293906,32.038332068352474,517.1155239445823,1834.6012150046938,1931.1120467195058,189.3907482052295,931.1273446873256,272.4538835293906,32.038332068352474
2026-02-06 02:00:00+00:00,1186.94,3587.75,1888.01,0.20999259,315.4,245.53,28.71,623.2347234148633,4034.406272638099,1893.0360193853778,1.1586101035319132,434.1190979807525,270.43473091384686,29.269306259266454,517.1155239445823,1834.6012150046938,1931.1120467195058,189.3907482052295,931.1273446873256,272.4538835293906,32.038332068352474,517.1155239445823,1834.6012150046938,1931.1120467195058,189.3907482052295,931.1273446873256,272.4538835293906,32.038332068352474
2026-02-06 03:00:00+00:00,1177.77,3646.11,1903.57,0.22000235,317.01004,239.55,28.71,591.3716164673224,4385.07869648742,1897.582136459361,-9.916709977086498,444.005677346119,265.91213038754825,29.217065224071646,517.1155239445823,1834.6012150046938,1931.1120467195058,189.3907482052295,931.1273446873256,272.4538835293906,32.038332068352474,517.1155239445823,1834.6012150046938,1931.1120467195058,189.3907482052295,931.1273446873256,272.4538835293906,32.038332068352474
2026-02-06 04:00:00+00:00,1127.24,3732.38,1944.1,0.25999564,327.50003,234.61,28.71,577.4173115473845,4384.2516394955355,1971.9010747956715,-39.654217792524236,524.4931637858167,274.443593697619,28.952147964280428,517.1155239445823,1834.6012150046938,1931.1120467195058,189.3907482052295,931.1273446873256,272.4538835293906,32.038332068352474,517.1155239445823,1834.6012150046938,1931.1120467195058,189.3907482052295,931.1273446873256,272.4538835293906,32.038332068352474
2026-02-06 05:00:00+00:00,1313.97,4239.22,2050.22,180.15,512.13,233.62,28.71,682.2982760835214,5018.681306438372,2027.3153975959956,70.27662020720255,573.8758825741305,255.47758305610253,28.92161409099134,517.1155239445823,1834.6012150046938,1931.1120467195058,189.3907482052295,931.1273446873256,272.4538835293906,32.038332068352474,517.1155239445823,1834.6012150046938,1931.1120467195058,189.3907482052295,931.1273446873256,272.4538835293906,32.038332068352474
2026-02-06 06:00:00+00:00,1266.03,4379.28,2149.19,513.71,649.06,233.62,28.71,1084.5939714661158,5399.140023038489,2189.6367546753254,409.4167381382888,1111.2377292009526,184.43759308781023,35.50862732609483,517.1155239445823,1834.6012150046938,1931.1120467195058,189.3907482052295,931.1273446873256,272.4538835293906,32.038332068352474,517.1155239445823,1834.6012150046938,1931.1120467195058,189.3907482052295,931.1273446873256,272.4538835293906,32.038332068352474
2026-02-06 07:00:00+00:00,1209.4,4270.53,2203.03,830.84,527.94,233.66,28.71,968.9150599287635,5249.374042453768,2276.2264842603718,804.013330451517,1002.210857776141,238.99859764668318,29.798886443249916,517.1155239445823,1834.6012150046938,1931.1120467195058,189.3907482052295,931.1273446873256,272.4538835293906,32.038332068352474,517.1155239445823,1834.6012150046938,1931.1120467195058,189.3907482052295,931.1273446873256,272.4538835293906,32.038332068352474
2026-02-06 08:00:00+00:00,1204.53,4622.2,2187.51,509.93,457.62,233.66,28.71,944.7051265988057,5261.663094243232,2254.597039266194,390.20570556838925,975.3144525593655,226.66088287521654,30.409244224517735,517.1155239445823,1834.6012150046938,1931.1120467195058,189.3907482052295,931.1273446873256,272.4538835293906,32.038332068352474,517.1155239445823,1834.6012150046938,1931.1120467195058,189.3907482052295,931.1273446873256,272.4538835293906,32.038332068352474
2026-02-06 09:00:00+00:00,1341.45,4648.6,2118.85,166.61,679.82,239.63,28.71,843.1999723668326,5220.543360560431,2163.7823337868585,263.150881593095,872.3346224891195,230.28723058671778,32.554926268071014,517.1155239445823,1834.6012150046938,1931.1120467195058,189.3907482052295,931.1273446873256,272.4538835293906,32.038332068352474,517.1155239445823,1834.6012150046938,1931.1120467195058,189.3907482052295,931.1273446873256,272.4538835293906,32.038332068352474
2026-02-06 10:00:00+00:00,1432.4299,4709.69,2056.27,260.93,689.6,241.65,28.71,891.121118668606,5002.54280643215,2084.8340744681027,146.95091754200772,818.9003797287364,248.6458395644258,31.1366775382161,517.1155239445823,1834.6012150046938,1931.1120467195058,189.3907482052295,931.1273446873256,272.4538835293906,32.038332068352474,517.1155239445823,1834.6012150046938,1931.1120467195058,189.3907482052295,931.1273446873256,272.4538835293906,32.038332068352474
2026-02-06 11:00:00+00:00,1415.19,4630.9194,2007.76,94.11,475.6,241.69,28.71,909.9586599412206,4616.642092896154,2045.8240340464863,109.94321467676116,877.9476009653758,252.72408647809812,34.06020256062374,517.1155239445823,1834.6012150046938,1931.1120467195058,189.3907482052295,931.1273446873256,272.4538835293906,32.038332068352474,517.1155239445823,1834.6012150046938,1931.1120467195058,189.3907482052295,931.1273446873256,272.4538835293906,32.038332068352474
2026-02-06 12:00:00+00:00,1402.77,4601.5596,1998.09,0.3099987,438.75,241.73,28.71,955.1564238414404,4666.689962188006,2015.9778133477496,93.80520054351389,856.0917667191436,232.63465122193873,33.90969920989732,517.1155239445823,1834.6012150046938,1931.1120467195058,189.3907482052295,931.1273446873256,272.4538835293906,32.038332068352474,517.1155239445823,1834.6012150046938,1931.1120467195058,189.3907482052295,931.1273446873256,272.4538835293906,32.038332068352474
2026-02-06 13:00:00+00:00,1353.59,4634.62,2007.73,0.3099987,418.70004,241.73,28.71,907.2105661929105,4652.261460027675,2049.3776896223967,86.39727789738535,870.6199502399779,235.83602023351952,35.64122464228338,517.1155239445823,1834.6012150046938,1931.1120467195058,189.3907482052295,931.1273446873256,272.4538835293906,32.038332068352474,517.1155239445823,1834.6012150046938,1931.1120467195058,189.3907482052295,931.1273446873256,272.4538835293906,32.038332068352474
2026-02-06 14:00:00+00:00,1191.2,4744.67,2050.21,21.289995,448.43,241.73,28.71,849.7327740062331,4515.93214766661,2117.3610742534493,116.72872934092914,870.3030222226046,225.66095128088057,35.86790850474114,517.1155239445823,1834.6012150046938,1931.1120467195058,189.3907482052295,931.1273446873256,272.4538835293906,32.038332068352474,517.1155239445823,1834.6012150046938,1931.1120467195058,189.3907482052295,931.1273446873256,272.4538835293906,32.038332068352474
2026-02-06 15:00:00+00:00,1182.67,4779.25,2152.92,216.01,470.84,241.69,28.71,801.9660917876222,4543.435663558436,2283.275812968891,479.8045733079006,888.7682853509641,214.661345718289,35.94458934238462,517.1155239445823,1834.6012150046938,1931.1120467195058,189.3907482052295,931.1273446873256,272.4538835293906,32.038332068352474,517.1155239445823,1834.6012150046938,1931.1120467195058,189.3907482052295,931.1273446873256,272.4538835293906,32.038332068352474
2026-02-06 16:00:00+00:00,1043.71,4823.22,2251.85,588.24,624.83,241.69,28.71,993.6125963116588,4643.779124692898,2377.3708585688273,815.8416740697623,1079.3637358980347,219.70001245433627,35.700178313528404,517.1155239445823,1834.6012150046938,1931.1120467195058,189.3907482052295,931.1273446873256,272.4538835293906,32.038332068352474,517.1155239445823,1834.6012150046938,1931.1120467195058,189.3907482052295,931.1273446873256,272.4538835293906,32.038332068352474
2026-02-06 17:00:00+00:00,928.73,4823.2793,2296.27,349.79,735.16,241.69,28.71,582.3712926986655,4658.4048439329135,2289.690310123843,777.2468685997596,758.9068080971439,274.8690644845455,28.423236606370356,517.1155239445823,1834.6012150046938,1931.1120467195058,189.3907482052295,931.1273446873256,272.4538835293906,32.038332068352474,517.1155239445823,1834.6012150046938,1931.1120467195058,189.3907482052295,931.1273446873256,272.4538835293906,32.038332068352474
2026-02-06 18:00:00+00:00,929.51,4803.65,2278.78,175.98,629.84,241.69,28.71,501.14897639548315,4342.1779433150405,2270.3019754350403,430.451266526514,621.5758649224163,272.49439200404544,28.772713521807855,517.1155239445823,1834.6012150046938,1931.1120467195058,189.3907482052295,931.1273446873256,272.4538835293906,32.038332068352474,517.1155239445823,1834.6012150046938,1931.1120467195058,189.3907482052295,931.1273446873256,272.4538835293906,32.038332068352474
2026-02-06 19:00:00+00:00,809.3,4693.55,2203.0,0.2799999,404.53,241.69,28.71,532.5896466363196,3782.574720616406,2165.1724173539815,185.78874080529306,531.1730570426743,264.52207553837775,28.541112385875486,517.1155239445823,1834.6012150046938,1931.1120467195058,189.3907482052295,931.1273446873256,272.4538835293906,32.038332068352474,517.1155239445823,1834.6012150046938,1931.1120467195058,189.3907482052295,931.1273446873256,272.4538835293906,32.038332068352474
2026-02-06 20:00:00+00:00,801.96,4599.24,2104.71,0.2799999,409.65,244.66,28.71,421.02207803180715,3694.775250741633,2079.520961028657,69.1550079687879,526.3041254730756,268.91681502682786,28.46628085674531,517.1155239445823,1834.6012150046938,1931.1120467195058,189.3907482052295,931.1273446873256,272.4538835293906,32.038332068352474,517.1155239445823,1834.6012150046938,1931.1120467195058,189.3907482052295,931.1273446873256,272.4538835293906,32.038332068352474
2026-02-06 21:00:00+00:00,893.39,4525.62,2028.47,0.2799999,404.14005,245.65,28.71,516.7491891491801,3557.8064519934974,2008.2287005297242,48.30528216265125,534.1687980356452,254.7405572289653,28.682694840792543,517.1155239445823,1834.6012150046938,1931.1120467195058,189.3907482052295,931.1273446873256,272.4538835293906,32.038332068352474,517.1155239445823,1834.6012150046938,1931.1120467195058,189.3907482052295,931.1273446873256,272.4538835293906,32.038332068352474
2026-02-06 22:00:00+00:00,960.4,3860.58,1988.93,0.2799999,393.21,249.25,28.71,514.0460464765209,3386.3054679129464,1953.0281858977285,39.39264045269465,538.4408322564968,264.09358279003783,29.048280837088353,517.1155239445823,1834.6012150046938,1931.1120467195058,189.3907482052295,931.1273446873256,272.4538835293906,32.038332068352474,517.1155239445823,1834.6012150046938,1931.1120467195058,189.3907482052295,931.1273446873256,272.4538835293906,32.038332068352474
2026-02-06 23:00:00+00:00,926.5,3677.3704,1944.19,0.2799999,383.78,225.39,28.71,511.54477828994857,3245.4792565150665,1924.1833255327037,24.46728763000246,529.8611436373702,264.00411391614136,29.17322375949991,517.1155239445823,1834.6012150046938,1931.1120467195058,189.3907482052295,931.1273446873256,272.4538835293906,32.038332068352474,517.1155239445823,1834.6012150046938,1931.1120467195058,189.3907482052295,931.1273446873256,272.4538835293906,32.038332068352474
2026-02-07 00:00:00+00:00,924.78,3607.56,1936.38,0.13000602,375.63004,220.88,28.71,681.8253796241216,3041.6617450118993,1916.594156622369,-0.4075193383068836,417.6313740421367,259.4097105572805,29.095260926351504,517.1155239445823,1834.6012150046938,1931.1120467195058,189.3907482052295,931.1273446873256,272.4538835293906,32.038332068352474,517.1155239445823,1834.6012150046938,1931.1120467195058,189.3907482052295,931.1273446873256,272.4538835293906,32.038332068352474
2026-02-07 01:00:00+00:00,933.43,3558.79,1925.72,0.059998695,387.67,221.63,28.71,664.7916577287697,3253.7245157004954,1911.7886794084704,2.6082325037298233,399.93570809243386,252.3773075567633,28.83633347904966,517.1155239445823,1834.6012150046938,1931.1120467195058,189.3907482052295,931.1273446873256,272.4538835293906,32.038332068352474,517.1155239445823,1834.6012150046938,1931.1120467195058,189.3907482052295,931.1273446873256,272.4538835293906,32.038332068352474
2026-02-07 02:00:00+00:00,928.69,3541.87,1918.75,0.059998695,386.25003,220.33,28.71,637.2051160464807,3203.6821116520964,1916.6093299820573,2.6082325037298233,408.2451904654281,258.1177644011673,28.959670131854,517.1155239445823,1834.6012150046938,1931.1120467195058,189.3907482052295,931.1273446873256,272.4538835293906,32.038332068352474,517.1155239445823,1834.6012150046938,1931.1120467195058,189.3907482052295,931.1273446873256,272.4538835293906,32.038332068352474
2026-02-07 03:00:00+00:00,928.26,3553.42,1933.52,1.134917e-06,373.43002,217.95,28.71,650.9581974789262,2992.064063746335,1910.7948760703425,2.29555040830337,441.512722150567,262.51303655253105,29.06024576926761,517.1155239445823,1834.6012150046938,1931.1120467195058,189.3907482052295,931.1273446873256,272.4538835293906,32.038332068352474,517.1155239445823,1834.6012150046938,1931.1120467195058,189.3907482052295,931.1273446873256,272.4538835293906,32.038332068352474
2026-02-07 04:00:00+00:00,947.41,3524.4202,1965.4,0.019990148,369.48,218.94,28.71,653.2628849881078,2965.4263650629237,1970.385928114984,16.529622707648684,426.12848423568676,268.0265077169407,28.94279055248281,517.1155239445823,1834.6012150046938,1931.1120467195058,189.3907482052295,931.1273446873256,272.4538835293906,32.038332068352474,517.1155239445823,1834.6012150046938,1931.1120467195058,189.3907482052295,931.1273446873256,272.4538835293906,32.038332068352474
2026-02-07 05:00:00+00:00,927.62,3654.74,2075.93,0.25000113,374.93002,214.99,28.71,681.4699414779125,3262.706418944328,2044.39460215284,26.882265256319442,373.09137707043567,280.1026271040854,28.930770700926637,517.1155239445823,1834.6012150046938,1931.1120467195058,189.3907482052295,931.1273446873256,272.4538835293906,32.038332068352474,517.1155239445823,1834.6012150046938,1931.1120467195058,189.3907482052295,931.1273446873256,272.4538835293906,32.038332068352474
2026-02-07 06:00:00+00:00,955.05,3689.25,2210.06,0.3099987,379.03,214.0,28.71,782.8496703576708,2721.087851599221,2222.145770277227,131.89782438433926,731.0669779969908,234.48475887032964,36.190063154554664,517.1155239445823,1834.6012150046938,1931.1120467195058,189.3907482052295,931.1273446873256,272.4538835293906,32.038332068352474,517.1155239445823,1834.6012150046938,1931.1120467195058,189.3907482052295,931.1273446873256,272.4538835293906,32.038332068352474
2026-02-07 07:00:00+00:00,1000.75,3843.76,2259.35,0.3099987,413.4,214.0,28.71,732.5883644418811,3349.6679998950203,2262.2269676153983,261.1198161496646,768.7860336477486,225.6918304451224,36.103705159287195,517.1155239445823,1834.6012150046938,1931.1120467195058,189.3907482052295,931.1273446873256,272.4538835293906,32.038332068352474,517.1155239445823,1834.6012150046938,1931.1120467195058,189.3907482052295,931.1273446873256,272.4538835293906,32.038332068352474
2026-02-07 08:00:00+00:00,1001.67,3790.85,2232.21,0.25999564,446.67,214.0,28.71,964.8952970619982,3327.0063476541955,2211.967666725341,122.74291696018334,723.9067031009394,224.1621712031537,35.52894947043476,517.1155239445823,1834.6012150046938,1931.1120467195058,189.3907482052295,931.1273446873256,272.4538835293906,32.038332068352474,517.1155239445823,1834.6012150046938,1931.1120467195058,189.3907482052295,931.1273446873256,272.4538835293906,32.038332068352474
2026-02-07 09:00:00+00:00,988.65,3689.83,2163.08,0.0699932,470.68997,217.0,28.71,985.9343946017227,3182.193735799786,2087.3018549652184,34.012555371978266,726.6971430688019,227.18986944524443,35.852913524618096,517.1155239445823,1834.6012150046938,1931.1120467195058,189.3907482052295,931.1273446873256,272.4538835293906,32.038332068352474,517.1155239445823,1834.6012150046938,1931.1120467195058,189.3907482052295,931.1273446873256,272.4538835293906,32.038332068352474
2026-02-07 10:00:00+00:00,946.12,3644.35,2105.25,0.039979164,490.62,217.99,28.71,947.0114229764679,3159.311280452028,1964.1757946709497,23.416679142651134,761.9404219528184,229.47276449305735,35.55572927865737,517.1155239445823,1834.6012150046938,1931.1120467195058,189.3907482052295,931.1273446873256,272.4538835293906,32.038332068352474,517.1155239445823,1834.6012150046938,1931.1120467195058,189.3907482052295,931.1273446873256,272.4538835293906,32.038332068352474
2026-02-07 11:00:00+00:00,923.24,3653.14,2040.43,0.050004188,480.79,218.03,28.71,1081.2937444190839,2757.444339019482,1900.637420242526,18.776582604153504,732.4527727274649,211.0245973054625,35.51209995797135,517.1155239445823,1834.6012150046938,1931.1120467195058,189.3907482052295,931.1273446873256,272.4538835293906,32.038332068352474,517.1155239445823,1834.6012150046938,1931.1120467195058,189.3907482052295,931.1273446873256,272.4538835293906,32.038332068352474
2026-02-07 12:00:00+00:00,874.67,3647.33,2033.88,0.039979164,487.93,218.03,28.71,1165.7933435341085,2285.1423283190434,1898.8921196541805,26.143661325967713,689.8874750570383,207.8676984672741,36.07678852164992,517.1155239445823,1834.6012150046938,1931.1120467195058,189.3907482052295,931.1273446873256,272.4538835293906,32.038332068352474,517.1155239445823,1834.6012150046938,1931.1120467195058,189.3907482052295,931.1273446873256,272.4538835293906,32.038332068352474
2026-02-07 13:00:00+00:00,890.54,3657.56,2043.48,0.039979164,462.35,218.59,28.71,1067.9721323711412,2325.3235526912713,1967.5414077343355,25.221620027460972,690.0197832508853,201.05872294697252,35.620152406501504,517.1155239445823,1834.6012150046938,1931.1120467195058,189.3907482052295,931.1273446873256,272.4538835293906,32.038332068352474,517.1155239445823,1834.6012150046938,1931.1120467195058,189.3907482052295,931.1273446873256,272.4538835293906,32.038332068352474
2026-02-07 14:00:00+00:00,972.72,3804.68,2089.18,0.19000357,440.55,218.31,28.71,1178.3928606730697,2782.443032128969,2064.8583574415593,56.82781327096353,758.2680033726954,204.49762801186728,35.013576540883825,517.1155239445823,1834.6012150046938,1931.1120467195058,189.3907482052295,931.1273446873256,272.4538835293906,32.038332068352474,517.1155239445823,1834.6012150046938,1931.1120467195058,189.3907482052295,931.1273446873256,272.4538835293906,32.038332068352474
2026-02-07 15:00:00+00:00,1006.09,3831.53,2203.85,2.649995,430.93,217.99,28.71,1123.0824777195296,3524.8501132444135,2234.896801440223,292.2325431433791,845.6253274453271,197.80577565193528,35.08027249271083,517.1155239445823,1834.6012150046938,1931.1120467195058,189.3907482052295,931.1273446873256,272.4538835293906,32.038332068352474,517.1155239445823,1834.6012150046938,1931.1120467195058,189.3907482052295,931.1273446873256,272.4538835293906,32.038332068352474
2026-02-07 16:00:00+00:00,1027.37,3901.67,2278.47,383.23,420.38,217.99,28.71,1102.3154735997866,3716.9431672653714,2375.7755170979126,559.1285512430144,887.4626649734431,211.20798827764162,36.318208536364295,517.1155239445823,1834.6012150046938,1931.1120467195058,189.3907482052295,931.1273446873256,272.4538835293906,32.038332068352474,517.1155239445823,1834.6012150046938,1931.1120467195058,189.3907482052295,931.1273446873256,272.4538835293906,32.038332068352474
2026-02-07 17:00:00+00:00,1015.9,3908.92,2289.98,449.02,426.49,217.95,28.71,905.0025187929432,4184.15540768725,2294.2636510352745,621.063564678268,645.4122351613134,273.15676332406645,30.393054539073294,517.1155239445823,1834.6012150046938,1931.1120467195058,189.3907482052295,931.1273446873256,272.4538835293906,32.038332068352474,517.1155239445823,1834.6012150046938,1931.1120467195058,189.3907482052295,931.1273446873256,272.4538835293906,32.038332068352474
2026-02-07 18:00:00+00:00,1016.36,3880.8003,2257.1,189.88,432.37,217.95,28.71,665.0310051949068,3994.4357997526595,2264.35934020007,185.1053228717059,536.1063860137535,267.0738644765453,28.787900776576127,517.1155239445823,1834.6012150046938,1931.1120467195058,189.3907482052295,931.1273446873256,272.4538835293906,32.038332068352474,517.1155239445823,1834.6012150046938,1931.1120467195058,189.3907482052295,931.1273446873256,272.4538835293906,32.038332068352474
2026-02-07 19:00:00+00:00,988.06,3862.6,2175.04,15.970002,389.25003,217.95,28.71,754.8852929853425,3668.6420433015473,2201.851595184219,90.19114339860975,465.7639431280295,264.91300803339306,28.93371637387117,517.1155239445823,1834.6012150046938,1931.1120467195058,189.3907482052295,931.1273446873256,272.4538835293906,32.038332068352474,517.1155239445823,1834.6012150046938,1931.1120467195058,189.3907482052295,931.1273446873256,272.4538835293906,32.038332068352474
2026-02-07 20:00:00+00:00,941.46,3782.7,2087.01,0.30000418,402.30002,218.03,28.71,715.3981429851755,3561.5735185054523,2113.6596186822353,90.74922141121978,441.85643338314617,273.78501077332544,29.110118883184256,517.1155239445823,1834.6012150046938,1931.1120467195058,189.3907482052295,931.1273446873256,272.4538835293906,32.038332068352474,517.1155239445823,1834.6012150046938,1931.1120467195058,189.3907482052295,931.1273446873256,272.4538835293906,32.038332068352474
2026-02-07 21:00:00+00:00,936.13,3562.81,2025.59,0.25000113,398.17,225.07,28.71,696.9517681744172,3648.272372426881,2038.4231590729787,37.586531242787856,432.96960748213934,283.3279659565822,29.142581668061148,517.1155239445823,1834.6012150046938,1931.1120467195058,189.3907482052295,931.1273446873256,272.4538835293906,32.038332068352474,517.1155239445823,1834.6012150046938,1931.1120467195058,189.3907482052295,931.1273446873256,272.4538835293906,32.038332068352474
2026-02-07 22:00:00+00:00,951.66,3400.0,1989.4,0.11000174,385.17,221.91,28.71,653.5972852136817,3781.570708448956,1991.2708818232175,19.851571396604356,428.9217200543092,284.244197089642,29.11808812267147,517.1155239445823,1834.6012150046938,1931.1120467195058,189.3907482052295,931.1273446873256,272.4538835293906,32.038332068352474,517.1155239445823,1834.6012150046938,1931.1120467195058,189.3907482052295,931.1273446873256,272.4538835293906,32.038332068352474
2026-02-07 23:00:00+00:00,946.35,3369.76,1936.77,0.22000235,365.24002,227.96,28.71,603.7698646341217,3356.0216565545807,1947.2000978002834,-7.167545448805697,411.72667459305603,286.0197966228731,28.885229387849748,517.1155239445823,1834.6012150046938,1931.1120467195058,189.3907482052295,931.1273446873256,272.4538835293906,32.038332068352474,517.1155239445823,1834.6012150046938,1931.1120467195058,189.3907482052295,931.1273446873256,272.4538835293906,32.038332068352474
2026-02-08 00:00:00+00:00,945.83,3323.94,1915.16,0.28999442,350.79996,225.11,28.71,641.3338667520214,3239.605574934318,1903.8679705164784,-0.2472426765559419,348.3933709817585,275.0657116660038,28.91012321003375,517.1155239445823,1834.6012150046938,1931.1120467195058,189.3907482052295,931.1273446873256,272.4538835293906,32.038332068352474,517.1155239445823,1834.6012150046938,1931.1120467195058,189.3907482052295,931.1273446873256,272.4538835293906,32.038332068352474
2026-02-08 01:00:00+00:00,945.21,3504.75,1911.28,0.25000113,348.39005,225.79,28.71,476.79401274259874,3384.8999696967244,1906.4341568171535,-0.7338341731460503,355.80858585633223,270.28999378151013,28.709740095770954,517.1155239445823,1834.6012150046938,1931.1120467195058,189.3907482052295,931.1273446873256,272.4538835293906,32.038332068352474,517.1155239445823,1834.6012150046938,1931.1120467195058,189.3907482052295,931.1273446873256,272.4538835293906,32.038332068352474
2026-02-08 02:00:00+00:00,943.28,3558.31,1906.67,0.25000113,336.88004,224.48,28.71,559.1092611074681,3243.563301408779,1914.3276518344535,-0.32092907926957537,380.9519443512354,273.05440816795436,28.83893354136341,517.1155239445823,1834.6012150046938,1931.1120467195058,189.3907482052295,931.1273446873256,272.4538835293906,32.038332068352474,517.1155239445823,1834.6012150046938,1931.1120467195058,189.3907482052295,931.1273446873256,272.4538835293906,32.038332068352474
2026-02-08 03:00:00+00:00,940.87,3462.32,1918.84,0.25000113,341.50003,222.15,28.71,558.5255227265786,3264.30829378938,1905.6980253465683,21.615370773264317,396.64494075462414,272.7504350493057,29.075797789544975,517.1155239445823,1834.6012150046938,1931.1120467195058,189.3907482052295,931.1273446873256,272.4538835293906,32.038332068352474,517.1155239445823,1834.6012150046938,1931.1120467195058,189.3907482052295,931.1273446873256,272.4538835293906,32.038332068352474
2026-02-08 04:00:00+00:00,926.87,3479.38,1948.63,0.25000113,353.12003,218.9,28.71,548.2026571734332,3237.336924955459,1973.9572369368898,38.42675320064387,375.47478275552237,264.19413941379224,28.82199297210625,517.1155239445823,1834.6012150046938,1931.1120467195058,189.3907482052295,931.1273446873256,272.4538835293906,32.038332068352474,517.1155239445823,1834.6012150046938,1931.1120467195058,189.3907482052295,931.1273446873256,272.4538835293906,32.038332068352474
2026-02-08 05:00:00+00:00,935.86,3483.85,2063.06,0.25000113,345.48,217.91,28.71,576.6391519591909,3206.344411606129,2044.1411747973043,47.094163937894876,377.0221396078248,264.19413941379224,29.1523771200437,517.1155239445823,1834.6012150046938,1931.1120467195058,189.3907482052295,931.1273446873256,272.4538835293906,32.038332068352474,517.1155239445823,1834.6012150046938,1931.1120467195058,189.3907482052295,931.1273446873256,272.4538835293906,32.038332068352474
2026-02-08 06:00:00+00:00,941.32,3385.02,2185.66,0.2799999,336.11002,217.91,28.71,586.2369742486542,2470.3839202276204,2133.621957764278,7.097975760059541,610.0347677564127,209.95551118122577,36.624531516219676,517.1155239445823,1834.6012150046938,1931.1120467195058,189.3907482052295,931.1273446873256,272.4538835293906,32.038332068352474,517.1155239445823,1834.6012150046938,1931.1120467195058,189.3907482052295,931.1273446873256,272.4538835293906,32.038332068352474
2026-02-08 07:00:00+00:00,943.85,3593.01,2232.31,0.30000418,327.92996,217.91,28.71,555.3599732803907,2656.201992962251,2232.6309228582827,135.14770293312944,613.5161489753623,212.27903396578483,36.44828043347559,517.1155239445823,1834.6012150046938,1931.1120467195058,189.3907482052295,931.1273446873256,272.4538835293906,32.038332068352474,517.1155239445823,1834.6012150046938,1931.1120467195058,189.3907482052295,931.1273446873256,272.4538835293906,32.038332068352474
2026-02-08 08:00:00+00:00,946.07,3578.55,2194.18,0.30000418,332.62003,217.91,28.71,584.0873071933701,3044.9234190116485,2210.9888077241962,96.12893919508936,620.4756625493657,215.86941140431276,35.672750497256615,517.1155239445823,1834.6012150046938,1931.1120467195058,189.3907482052295,931.1273446873256,272.4538835293906,32.038332068352474,517.1155239445823,1834.6012150046938,1931.1120467195058,189.3907482052295,931.1273446873256,272.4538835293906,32.038332068352474
2026-02-08 09:00:00+00:00,937.44,3479.27,2135.63,0.30000418,355.87003,220.92,28.71,458.1367938155348,3083.8922675683552,2116.498280601674,30.402817175374253,622.9792299697723,210.96141982877924,35.56343646261341,517.1155239445823,1834.6012150046938,1931.1120467195058,189.3907482052295,931.1273446873256,272.4538835293906,32.038332068352474,517.1155239445823,1834.6012150046938,1931.1120467195058,189.3907482052295,931.1273446873256,272.4538835293906,32.038332068352474
2026-02-08 10:00:00+00:00,926.72,3488.2,2096.27,0.30000418,411.76004,221.91,28.71,406.2680240030304,3170.925746350178,2089.033995601286,24.227180249920906,598.942726191982,220.9815127160802,35.26388572248637,517.1155239445823,1834.6012150046938,1931.1120467195058,189.3907482052295,931.1273446873256,272.4538835293906,32.038332068352474,517.1155239445823,1834.6012150046938,1931.1120467195058,189.3907482052295,931.1273446873256,272.4538835293906,32.038332068352474
2026-02-08 11:00:00+00:00,932.84,3492.88,2037.23,0.029984655,377.76004,221.95,28.71,408.6232167821063,2751.200245858144,2016.4422157489103,10.313127444894604,566.3063379875252,219.96296574640218,35.35397387938446,517.1155239445823,1834.6012150046938,1931.1120467195058,189.3907482052295,931.1273446873256,272.4538835293906,32.038332068352474,517.1155239445823,1834.6012150046938,1931.1120467195058,189.3907482052295,931.1273446873256,272.4538835293906,32.038332068352474
2026-02-08 12:00:00+00:00,936.29,3502.67,2024.9,1.134917e-06,383.77,221.95,28.71,395.6553586092184,2690.9505089686404,1994.0485651563172,10.500104984421625,606.0152249576252,223.3081630964665,36.74167500139836,517.1155239445823,1834.6012150046938,1931.1120467195058,189.3907482052295,931.1273446873256,272.4538835293906,32.038332068352474,517.1155239445823,1834.6012150046938,1931.1120467195058,189.3907482052295,931.1273446873256,272.4538835293906,32.038332068352474
2026-02-08 13:00:00+00:00,938.18,3565.42,2043.49,0.1600048,386.18002,222.27,28.71,401.76453343466727,2407.4278502288626,2013.4375606970527,14.335492155996207,593.8776891541088,227.6019513187157,36.23264548636034,517.1155239445823,1834.6012150046938,1931.1120467195058,189.3907482052295,931.1273446873256,272.4538835293906,32.038332068352474,517.1155239445823,1834.6012150046938,1931.1120467195058,189.3907482052295,931.1273446873256,272.4538835293906,32.038332068352474
2026-02-08 14:00:00+00:00,938.04,3730.9,2104.04,0.30000418,398.24002,221.95,28.71,386.71550656568945,2812.200761024171,2097.455753705432,49.453879739571676,512.2199205105178,234.1762582584192,35.63742234595908,517.1155239445823,1834.6012150046938,1931.1120467195058,189.3907482052295,931.1273446873256,272.4538835293906,32.038332068352474,517.1155239445823,1834.6012150046938,1931.1120467195058,189.3907482052295,931.1273446873256,272.4538835293906,32.038332068352474
2026-02-08 15:00:00+00:00,977.94006,4203.48,2223.58,20.569994,394.68002,221.91,28.71,508.6156993358056,3418.562819976237,2243.566571347624,152.02001159028947,522.4438206272473,224.39368809244633,34.66426001646876,517.1155239445823,1834.6012150046938,1931.1120467195058,189.3907482052295,931.1273446873256,272.4538835293906,32.038332068352474,517.1155239445823,1834.6012150046938,1931.1120467195058,189.3907482052295,931.1273446873256,272.4538835293906,32.038332068352474
2026-02-08 16:00:00+00:00,1036.04,4237.5,2296.32,65.72,409.39005,221.91,28.71,511.502434747028,3599.7363953070208,2364.525802234723,465.60310786370906,536.5276701669961,214.24806250244518,32.45599844621384,517.1155239445823,1834.6012150046938,1931.1120467195058,189.3907482052295,931.1273446873256,272.4538835293906,32.038332068352474,517.1155239445823,1834.6012150046938,1931.1120467195058,189.3907482052295,931.1273446873256,272.4538835293906,32.038332068352474
2026-02-08 17:00:00+00:00,1048.16,4242.61,2308.2,209.41,395.49002,225.23,28.71,491.46160243365637,4021.9144556002448,2281.283368705205,528.9890045532009,378.80512768254744,282.26049939444016,28.280254376032808,517.1155239445823,1834.6012150046938,1931.1120467195058,189.3907482052295,931.1273446873256,272.4538835293906,32.038332068352474,517.1155239445823,1834.6012150046938,1931.1120467195058,189.3907482052295,931.1273446873256,272.4538835293906,32.038332068352474
2026-02-08 18:00:00+00:00,1033.58,4213.75,2280.48,24.67,386.51004,221.87,28.71,580.2966198120489,4045.359608366859,2264.962720991328,240.65820607840888,365.43835288098944,268.8200504939583,29.0012266549436,517.1155239445823,1834.6012150046938,1931.1120467195058,189.3907482052295,931.1273446873256,272.4538835293906,32.038332068352474,517.1155239445823,1834.6012150046938,1931.1120467195058,189.3907482052295,931.1273446873256,272.4538835293906,32.038332068352474
2026-02-08 19:00:00+00:00,953.4,4196.69,2200.45,0.2799999,363.54,221.87,28.71,582.6313170228013,3922.6207690586407,2190.8638415206615,142.75814543168755,398.3109707077597,268.77487179611296,29.01322640711117,517.1155239445823,1834.6012150046938,1931.1120467195058,189.3907482052295,931.1273446873256,272.4538835293906,32.038332068352474,517.1155239445823,1834.6012150046938,1931.1120467195058,189.3907482052295,931.1273446873256,272.4538835293906,32.038332068352474
2026-02-08 20:00:00+00:00,934.99,4138.45,2116.57,0.30000418,366.33,221.87,28.71,650.1967850001545,3961.914656467691,2084.5030612200717,56.32525892443846,397.92855994761385,269.29768581279814,28.995631246863965,517.1155239445823,1834.6012150046938,1931.1120467195058,189.3907482052295,931.1273446873256,272.4538835293906,32.038332068352474,517.1155239445823,1834.6012150046938,1931.1120467195058,189.3907482052295,931.1273446873256,272.4538835293906,32.038332068352474
2026-02-08 21:00:00+00:00,933.4,3941.82,2055.43,1.9799969,366.08,221.83,28.71,669.4882188392188,3985.7625388951055,2023.5410465113282,-1.5953913897064353,410.37155051612854,275.5115060490196,29.004114552155425,517.1155239445823,1834.6012150046938,1931.1120467195058,189.3907482052295,931.1273446873256,272.4538835293906,32.038332068352474,517.1155239445823,1834.6012150046938,1931.1120467195058,189.3907482052295,931.1273446873256,272.4538835293906,32.038332068352474
2026-02-08 22:00:00+00:00,945.07,3859.61,2004.62,0.30000418,346.06003,221.83,28.71,654.9654528323738,3387.40723393399,1969.34303005334,5.761363623784803,370.7157131001195,279.11490101365797,28.81330345478561,517.1155239445823,1834.6012150046938,1931.1120467195058,189.3907482052295,931.1273446873256,272.4538835293906,32.038332068352474,517.1155239445823,1834.6012150046938,1931.1120467195058,189.3907482052295,931.1273446873256,272.4538835293906,32.038332068352474
2026-02-08 23:00:00+00:00,944.72,4023.68,1960.14,0.2799999,342.99002,232.0,28.71,665.5076603810533,3143.288319806199,1941.0683072940685,32.33501213162987,402.6968575799003,277.7803923048928,28.819721426689476,517.1155239445823,1834.6012150046938,1931.1120467195058,189.3907482052295,931.1273446873256,272.4538835293906,32.038332068352474,517.1155239445823,1834.6012150046938,1931.1120467195058,189.3907482052295,931.1273446873256,272.4538835293906,32.038332068352474
2026-02-09 00:00:00+00:00,944.24,3955.31,1951.04,0.24000663,345.29,229.74,28.71,616.1988712774476,3633.9368948063193,1889.9421786074013,15.787154559631574,429.94527201545,280.548696602736,28.82099672173343,517.1155239445823,1834.6012150046938,1931.1120467195058,189.3907482052295,931.1273446873256,272.4538835293906,32.038332068352474,517.1155239445823,1834.6012150046938,1931.1120467195058,189.3907482052295,931.1273446873256,272.4538835293906,32.038332068352474
2026-02-09 01:00:00+00:00,954.19,3911.51,1943.43,0.24000663,344.57004,230.73,28.71,612.4867999526866,3600.0782052857912,1887.2509713868526,4.401672854053118,436.5368381495856,279.44571068531747,29.01400323527326,517.1155239445823,1834.6012150046938,1931.1120467195058,189.3907482052295,931.1273446873256,272.4538835293906,32.038332068352474,517.1155239445823,1834.6012150046938,1931.1120467195058,189.3907482052295,931.1273446873256,272.4538835293906,32.038332068352474
2026-02-09 02:00:00+00:00,945.39,3930.27,1939.32,8.330003,357.9,229.74,28.71,654.8433756780471,3532.570588294964,1889.475954481005,6.075975642388556,458.71657424063125,279.0439038270253,29.231679725985778,517.1155239445823,1834.6012150046938,1931.1120467195058,189.3907482052295,931.1273446873256,272.4538835293906,32.038332068352474,517.1155239445823,1834.6012150046938,1931.1120467195058,189.3907482052295,931.1273446873256,272.4538835293906,32.038332068352474
2026-02-09 03:00:00+00:00,945.7,4024.11,1945.33,0.24000663,350.4,223.81,28.71,724.6014617103722,3575.2334273651486,1892.6444749801924,8.552601570240313,451.89119007217045,276.40325864763105,29.219325409955566,517.1155239445823,1834.6012150046938,1931.1120467195058,189.3907482052295,931.1273446873256,272.4538835293906,32.038332068352474,517.1155239445823,1834.6012150046938,1931.1120467195058,189.3907482052295,931.1273446873256,272.4538835293906,32.038332068352474
2026-02-09 04:00:00+00:00,950.41,4387.62,1979.02,0.3099987,345.16006,221.83,28.71,744.0380627322154,4061.1488816500723,1964.3003699243652,13.075782982111093,499.22808703165845,275.98439158713535,28.8934530002955,517.1155239445823,1834.6012150046938,1931.1120467195058,189.3907482052295,931.1273446873256,272.4538835293906,32.038332068352474,517.1155239445823,1834.6012150046938,1931.1120467195058,189.3907482052295,931.1273446873256,272.4538835293906,32.038332068352474
2026-02-09 05:00:00+00:00,1033.18,4721.05,2088.37,255.58,422.88,218.86,28.71,856.2361842461116,4364.156061817076,2036.5270966702744,108.60946074372845,555.6166845945578,281.1602414622426,28.890068578307993,517.1155239445823,1834.6012150046938,1931.1120467195058,189.3907482052295,931.1273446873256,272.4538835293906,32.038332068352474,517.1155239445823,1834.6012150046938,1931.1120467195058,189.3907482052295,931.1273446873256,272.4538835293906,32.038332068352474
2026-02-09 06:00:00+00:00,1171.67,4771.9995,2203.9,952.82,694.68,222.19,28.71,1252.2408395436123,4817.74149045971,2217.023001039668,504.3553728564035,1010.1013656422633,220.49399869962662,34.8595862844962,517.1155239445823,1834.6012150046938,1931.1120467195058,189.3907482052295,931.1273446873256,272.4538835293906,32.038332068352474,517.1155239445823,1834.6012150046938,1931.1120467195058,189.3907482052295,931.1273446873256,272.4538835293906,32.038332068352474
2026-02-09 07:00:00+00:00,1173.46,4799.95,2264.53,954.38007,635.8499,222.23,28.71,1285.7091787326424,4999.467503201632,2298.2328810401177,698.4989361653727,1020.5693293441693,238.49763857664374,34.889834493540434,517.1155239445823,1834.6012150046938,1931.1120467195058,189.3907482052295,931.1273446873256,272.4538835293906,32.038332068352474,517.1155239445823,1834.6012150046938,1931.1120467195058,189.3907482052295,931.1273446873256,272.4538835293906,32.038332068352474
2026-02-09 08:00:00+00:00,1173.06,4774.77,2244.64,502.3,523.69,222.23,28.71,1218.2028027924966,4941.216432803817,2252.4556602580365,378.76941366040796,956.7457679041153,240.87267890869225,34.67878886047061,517.1155239445823,1834.6012150046938,1931.1120467195058,189.3907482052295,931.1273446873256,272.4538835293906,32.038332068352474,517.1155239445823,1834.6012150046938,1931.1120467195058,189.3907482052295,931.1273446873256,272.4538835293906,32.038332068352474
2026-02-09 09:00:00+00:00,1165.04,4820.36,2196.47,499.87,430.69,228.2,28.71,1079.3757771387905,5010.429881061414,2153.170317973086,183.46221684028217,783.8958061750307,261.9888232206592,32.13869900980921,517.1155239445823,1834.6012150046938,1931.1120467195058,189.3907482052295,931.1273446873256,272.4538835293906,32.038332068352474,517.1155239445823,1834.6012150046938,1931.1120467195058,189.3907482052295,931.1273446873256,272.4538835293906,32.038332068352474
2026-02-09 10:00:00+00:00,1157.2,4793.99,2152.22,7.209977,348.23,225.87,28.71,1014.7358582331888,4629.45927670535,2066.3302502335987,134.99939954982884,758.6450298381645,263.486079170318,31.62040709379485,517.1155239445823,1834.6012150046938,1931.1120467195058,189.3907482052295,931.1273446873256,272.4538835293906,32.038332068352474,517.1155239445823,1834.6012150046938,1931.1120467195058,189.3907482052295,931.1273446873256,272.4538835293906,32.038332068352474
2026-02-09 11:00:00+00:00,1166.48,4847.8,2072.35,7.6000223,444.04,225.87,28.71,1067.339212375909,4734.080457227957,2024.2826156810793,131.95009402805192,779.3112745487995,265.85093350654626,30.87149576701332,517.1155239445823,1834.6012150046938,1931.1120467195058,189.3907482052295,931.1273446873256,272.4538835293906,32.038332068352474,517.1155239445823,1834.6012150046938,1931.1120467195058,189.3907482052295,931.1273446873256,272.4538835293906,32.038332068352474
2026-02-09 12:00:00+00:00,1179.22,4847.8496,2046.07,155.87,441.73,230.22,28.71,1275.5057621551282,4815.694002715236,2015.9747086771506,101.35237560305927,836.3426828174111,263.82708962533763,34.696759590450526,517.1155239445823,1834.6012150046938,1931.1120467195058,189.3907482052295,931.1273446873256,272.4538835293906,32.038332068352474,517.1155239445823,1834.6012150046938,1931.1120467195058,189.3907482052295,931.1273446873256,272.4538835293906,32.038332068352474
2026-02-09 13:00:00+00:00,1160.4,4858.9,2046.98,166.8,575.74994,230.14,28.71,1393.9862252875255,4635.005885897885,2032.838325677479,98.51495867687272,849.339510056285,265.3311257135155,34.39740569624474,517.1155239445823,1834.6012150046938,1931.1120467195058,189.3907482052295,931.1273446873256,272.4538835293906,32.038332068352474,517.1155239445823,1834.6012150046938,1931.1120467195058,189.3907482052295,931.1273446873256,272.4538835293906,32.038332068352474
2026-02-09 14:00:00+00:00,1142.59,4863.38,2088.66,172.91,531.75,261.16,28.71,1341.1121220908035,4896.206556578887,2115.740380335165,130.92086665207967,946.6309454926534,268.95738492666464,35.01047687394801,517.1155239445823,1834.6012150046938,1931.1120467195058,189.3907482052295,931.1273446873256,272.4538835293906,32.038332068352474,517.1155239445823,1834.6012150046938,1931.1120467195058,189.3907482052295,931.1273446873256,272.4538835293906,32.038332068352474
2026-02-09 15:00:00+00:00,975.88007,4880.9995,2203.27,319.13,578.01,363.6,28.71,1384.8279398850868,4820.4918273527865,2251.653464158033,265.5192760959802,1026.5705660999688,265.2556590732425,35.35370487896239,517.1155239445823,1834.6012150046938,1931.1120467195058,189.3907482052295,931.1273446873256,272.4538835293906,32.038332068352474,517.1155239445823,1834.6012150046938,1931.1120467195058,189.3907482052295,931.1273446873256,272.4538835293906,32.038332068352474
2026-02-09 16:00:00+00:00,965.99,4908.19,2279.41,796.75,398.70004,361.97,28.71,1417.4147782480954,5020.208672397496,2392.5148283430763,740.2261123598757,1139.4343395189123,245.72411866483435,34.29460635010599,517.1155239445823,1834.6012150046938,1931.1120467195058,189.3907482052295,931.1273446873256,272.4538835293906,32.038332068352474,517.1155239445823,1834.6012150046938,1931.1120467195058,189.3907482052295,931.1273446873256,272.4538835293906,32.038332068352474
2026-02-09 17:00:00+00:00,1110.6,4909.5195,2292.62,741.2,409.17,361.61,28.71,963.662461141858,4945.918559898932,2281.727401423701,720.7818510239777,860.3473990667884,290.06686523072364,28.587319406397846,517.1155239445823,1834.6012150046938,1931.1120467195058,189.3907482052295,931.1273446873256,272.4538835293906,32.038332068352474,517.1155239445823,1834.6012150046938,1931.1120467195058,189.3907482052295,931.1273446873256,272.4538835293906,32.038332068352474
2026-02-09 18:00:00+00:00,1161.3,4885.48,2238.71,300.76,497.49,352.82,28.71,857.253950114005,4761.840575614669,2264.3368420392167,494.41410518338455,681.0036845259116,279.6404549652558,28.73814940159442,517.1155239445823,1834.6012150046938,1931.1120467195058,189.3907482052295,931.1273446873256,272.4538835293906,32.038332068352474,517.1155239445823,1834.6012150046938,1931.1120467195058,189.3907482052295,931.1273446873256,272.4538835293906,32.038332068352474
2026-02-09 19:00:00+00:00,1146.37,4868.55,2142.53,53.67,442.83,255.56,28.71,736.0266578663975,4346.55216908761,2166.8335701482565,186.59146371087823,587.9485259993542,280.8900887217097,29.08517908742317,517.1155239445823,1834.6012150046938,1931.1120467195058,189.3907482052295,931.1273446873256,272.4538835293906,32.038332068352474,517.1155239445823,1834.6012150046938,1931.1120467195058,189.3907482052295,931.1273446873256,272.4538835293906,32.038332068352474
2026-02-09 20:00:00+00:00,1145.01,4855.2495,2068.82,0.39000052,423.99,230.73,28.71,770.4758923411347,4320.985228622549,2073.5402081006887,62.040186219815,512.0556160678178,278.4721862815612,29.0934623829,517.1155239445823,1834.6012150046938,1931.1120467195058,189.3907482052295,931.1273446873256,272.4538835293906,32.038332068352474,517.1155239445823,1834.6012150046938,1931.1120467195058,189.3907482052295,931.1273446873256,272.4538835293906,32.038332068352474
2026-02-09 21:00:00+00:00,1147.41,4832.15,2017.35,0.2799999,457.03,229.74,28.71,867.6092038293898,4097.491620838303,2005.220744870119,79.05716283093464,507.43429022055017,269.07983887928873,29.0934623829,517.1155239445823,1834.6012150046938,1931.1120467195058,189.3907482052295,931.1273446873256,272.4538835293906,32.038332068352474,517.1155239445823,1834.6012150046938,1931.1120467195058,189.3907482052295,931.1273446873256,272.4538835293906,32.038332068352474
2026-02-09 22:00:00+00:00,987.2,4819.9395,1976.86,0.19999808,505.42,230.69,28.71,936.780257691805,3969.7068774590043,1952.8451255386228,-0.12310115189950466,479.6144175361302,271.54642398495656,29.15653478569234,517.1155239445823,1834.6012150046938,1931.1120467195058,189.3907482052295,931.1273446873256,272.4538835293906,32.038332068352474,517.1155239445823,1834.6012150046938,1931.1120467195058,189.3907482052295,931.1273446873256,272.4538835293906,32.038332068352474
2026-02-09 23:00:00+00:00,957.9,4491.63,1930.98,0.24000663,518.66,267.33,28.71,868.9862846140879,3529.434742848336,1911.3536772475,3.9600771073398278,455.3562810520044,272.72152542298494,28.974383993497636,517.1155239445823,1834.6012150046938,1931.1120467195058,189.3907482052295,931.1273446873256,272.4538835293906,32.038332068352474,517.1155239445823,1834.6012150046938,1931.1120467195058,189.3907482052295,931.1273446873256,272.4538835293906,32.038332068352474
2026-02-10 00:00:00+00:00,947.83,4454.36,1919.77,0.24000663,526.54,267.25,28.71,807.072031121234,3595.8125128323545,1891.0705366903162,12.119869202447461,519.1290126697919,270.731107368114,29.142101942680167,517.1155239445823,1834.6012150046938,1931.1120467195058,189.3907482052295,931.1273446873256,272.4538835293906,32.038332068352474,517.1155239445823,1834.6012150046938,1931.1120467195058,189.3907482052295,931.1273446873256,272.4538835293906,32.038332068352474
2026-02-10 01:00:00+00:00,948.54,4455.15,1908.48,0.24000663,540.05,266.85,28.71,772.2743102317297,3477.2057306952634,1889.9312737058974,5.383126518127796,508.82520885339625,268.14204617555436,29.284162819029184,517.1155239445823,1834.6012150046938,1931.1120467195058,189.3907482052295,931.1273446873256,272.4538835293906,32.038332068352474,517.1155239445823,1834.6012150046938,1931.1120467195058,189.3907482052295,931.1273446873256,272.4538835293906,32.038332068352474
2026-02-10 02:00:00+00:00,949.39,4361.97,1906.51,0.24000663,517.63,265.43,28.71,812.1624501531126,3404.256617584003,1890.180796347929,5.34599745419186,488.5385980672927,269.0452884157114,29.171268469463104,517.1155239445823,1834.6012150046938,1931.1120467195058,189.3907482052295,931.1273446873256,272.4538835293906,32.038332068352474,517.1155239445823,1834.6012150046938,1931.1120467195058,189.3907482052295,931.1273446873256,272.4538835293906,32.038332068352474
2026-02-10 03:00:00+00:00,945.34,4382.95,1915.62,0.24000663,525.56,265.31,28.71,856.660236757182,3307.3940164139894,1896.3280145468,3.1635128520839544,514.0293993008996,271.6926116102814,29.052758384022447,517.1155239445823,1834.6012150046938,1931.1120467195058,189.3907482052295,931.1273446873256,272.4538835293906,32.038332068352474,517.1155239445823,1834.6012150046938,1931.1120467195058,189.3907482052295,931.1273446873256,272.4538835293906,32.038332068352474
2026-02-10 04:00:00+00:00,947.4,4400.76,1936.55,0.2799999,520.79,265.31,28.71,800.2421206126371,3578.074539556197,1956.917148278717,6.239438357207291,524.0217626365502,266.8507203638081,28.634961106172824,517.1155239445823,1834.6012150046938,1931.1120467195058,189.3907482052295,931.1273446873256,272.4538835293906,32.038332068352474,517.1155239445823,1834.6012150046938,1931.1120467195058,189.3907482052295,931.1273446873256,272.4538835293906,32.038332068352474
2026-02-10 05:00:00+00:00,922.33,4485.01,2000.17,155.22,570.69,264.51,28.71,778.5668982422662,4145.47087405324,2036.8448510656888,128.09720206837324,662.2631801961352,276.7102251287488,29.12066746723323,517.1155239445823,1834.6012150046938,1931.1120467195058,189.3907482052295,931.1273446873256,272.4538835293906,32.038332068352474,517.1155239445823,1834.6012150046938,1931.1120467195058,189.3907482052295,931.1273446873256,272.4538835293906,32.038332068352474
2026-02-10 06:00:00+00:00,1027.74,4486.09,2093.93,427.06,562.69,270.3,28.71,1059.3534867153598,4603.703003292794,2297.0612313844563,611.5320754598027,1042.1344007205698,221.46702176317723,37.88515472936208,517.1155239445823,1834.6012150046938,1931.1120467195058,189.3907482052295,931.1273446873256,272.4538835293906,32.038332068352474,517.1155239445823,1834.6012150046938,1931.1120467195058,189.3907482052295,931.1273446873256,272.4538835293906,32.038332068352474
2026-02-10 07:00:00+00:00,1173.62,4477.56,2148.26,475.15,498.78,276.84,28.71,876.7294921753074,4590.717722286241,2278.9658092782415,651.4320085127072,976.4023417306578,232.45886152167643,35.75867762092458,517.1155239445823,1834.6012150046938,1931.1120467195058,189.3907482052295,931.1273446873256,272.4538835293906,32.038332068352474,517.1155239445823,1834.6012150046938,1931.1120467195058,189.3907482052295,931.1273446873256,272.4538835293906,32.038332068352474
2026-02-10 08:00:00+00:00,1183.85,4470.77,2149.82,22.100008,505.52,269.21,28.71,799.8618962610842,3894.609581672752,2232.853917282328,187.8405173063293,835.4306829434831,231.06529388220494,34.01464456117682,517.1155239445823,1834.6012150046938,1931.1120467195058,189.3907482052295,931.1273446873256,272.4538835293906,32.038332068352474,517.1155239445823,1834.6012150046938,1931.1120467195058,189.3907482052295,931.1273446873256,272.4538835293906,32.038332068352474
2026-02-10 09:00:00+00:00,1172.45,4471.17,2113.71,0.30000418,511.43,253.6,28.71,817.1401296835534,3622.5588741037827,2104.9924216362156,164.61799316517383,719.3102811757565,244.65549894930285,30.352570768218314,517.1155239445823,1834.6012150046938,1931.1120467195058,189.3907482052295,931.1273446873256,272.4538835293906,32.038332068352474,517.1155239445823,1834.6012150046938,1931.1120467195058,189.3907482052295,931.1273446873256,272.4538835293906,32.038332068352474
2026-02-10 10:00:00+00:00,1091.0,4515.02,2070.84,0.25000113,515.05,248.31,28.71,808.4584855671898,3431.6543777843226,2003.152484365378,40.88818408021041,654.8800487451601,263.7727331223627,28.604812204506654,517.1155239445823,1834.6012150046938,1931.1120467195058,189.3907482052295,931.1273446873256,272.4538835293906,32.038332068352474,517.1155239445823,1834.6012150046938,1931.1120467195058,189.3907482052295,931.1273446873256,272.4538835293906,32.038332068352474
2026-02-10 11:00:00+00:00,1030.81,4552.24,2013.61,0.11000174,517.79,250.79,28.71,724.2107011670075,3413.907029259075,1968.9163803315423,0.6733419513315368,758.3514379632894,226.77813394685103,32.04292013093778,517.1155239445823,1834.6012150046938,1931.1120467195058,189.3907482052295,931.1273446873256,272.4538835293906,32.038332068352474,517.1155239445823,1834.6012150046938,1931.1120467195058,189.3907482052295,931.1273446873256,272.4538835293906,32.038332068352474
2026-02-10 12:00:00+00:00,1035.99,4660.94,2009.4,0.11000174,475.86,253.17,28.71,714.9199736654515,3314.869983064813,1941.0571291522126,24.350225232596216,735.9168814953455,205.51033364576125,32.566670535895696,517.1155239445823,1834.6012150046938,1931.1120467195058,189.3907482052295,931.1273446873256,272.4538835293906,32.038332068352474,517.1155239445823,1834.6012150046938,1931.1120467195058,189.3907482052295,931.1273446873256,272.4538835293906,32.038332068352474
2026-02-10 13:00:00+00:00,1092.03,4844.89,2009.43,0.20999259,488.57,261.45,28.71,823.6668272697168,3335.9348654450705,1962.9925803817025,36.94957361235342,709.3386333115081,231.93942508260514,32.71803208587524,517.1155239445823,1834.6012150046938,1931.1120467195058,189.3907482052295,931.1273446873256,272.4538835293906,32.038332068352474,517.1155239445823,1834.6012150046938,1931.1120467195058,189.3907482052295,931.1273446873256,272.4538835293906,32.038332068352474
2026-02-10 14:00:00+00:00,1166.9,5036.64,2043.82,30.740007,505.55,264.83,28.71,920.1995941200639,3795.0178985191556,2078.7557423710105,68.02676559001151,775.9746384743335,239.20680677645134,33.533420753917696,517.1155239445823,1834.6012150046938,1931.1120467195058,189.3907482052295,931.1273446873256,272.4538835293906,32.038332068352474,517.1155239445823,1834.6012150046938,1931.1120467195058,189.3907482052295,931.1273446873256,272.4538835293906,32.038332068352474
2026-02-10 15:00:00+00:00,1150.63,5087.75,2148.77,225.14,555.26,266.22,28.71,923.1216989211648,3742.0741007883316,2234.373427404231,362.4471649776367,851.2255084407216,246.47913208337445,34.8238425528141,517.1155239445823,1834.6012150046938,1931.1120467195058,189.3907482052295,931.1273446873256,272.4538835293906,32.038332068352474,517.1155239445823,1834.6012150046938,1931.1120467195058,189.3907482052295,931.1273446873256,272.4538835293906,32.038332068352474
2026-02-10 16:00:00+00:00,1140.33,5118.4697,2262.81,255.17,527.6,264.34,28.71,894.4057078858872,3433.6115085934007,2339.318106711585,615.5994789869635,923.6661585051216,256.055543899651,34.633031504876186,517.1155239445823,1834.6012150046938,1931.1120467195058,189.3907482052295,931.1273446873256,272.4538835293906,32.038332068352474,517.1155239445823,1834.6012150046938,1931.1120467195058,189.3907482052295,931.1273446873256,272.4538835293906,32.038332068352474
2026-02-10 17:00:00+00:00,1181.2,5128.85,2304.22,159.68,459.21997,254.12,28.71,853.7992464421011,3678.1705305265477,2279.058298430059,592.5766979243001,589.50699973141,283.6057551510389,28.01491336806046,517.1155239445823,1834.6012150046938,1931.1120467195058,189.3907482052295,931.1273446873256,272.4538835293906,32.038332068352474,517.1155239445823,1834.6012150046938,1931.1120467195058,189.3907482052295,931.1273446873256,272.4538835293906,32.038332068352474
2026-02-10 18:00:00+00:00,1157.65,5117.57,2291.81,133.36,610.76,248.03,28.71,822.5824769138619,3352.2677164122547,2257.5026573653145,396.2958015966144,566.660524626333,275.02023931998684,28.359534002475367,517.1155239445823,1834.6012150046938,1931.1120467195058,189.3907482052295,931.1273446873256,272.4538835293906,32.038332068352474,517.1155239445823,1834.6012150046938,1931.1120467195058,189.3907482052295,931.1273446873256,272.4538835293906,32.038332068352474
2026-02-10 19:00:00+00:00,1066.36,4764.93,2224.37,120.73,553.25,246.45,28.71,846.8260070316553,3332.4295730243175,2162.2699565594676,98.51961237564767,525.457833031712,271.05610230328153,28.681972921908066,517.1155239445823,1834.6012150046938,1931.1120467195058,189.3907482052295,931.1273446873256,272.4538835293906,32.038332068352474,517.1155239445823,1834.6012150046938,1931.1120467195058,189.3907482052295,931.1273446873256,272.4538835293906,32.038332068352474
2026-02-10 20:00:00+00:00,950.3,4561.07,2157.31,112.34,477.77,246.56,28.71,860.7688238008434,3297.232508759416,2068.1860163113256,67.39273133815958,508.7381440403647,268.1477256891146,28.668736957813813,517.1155239445823,1834.6012150046938,1931.1120467195058,189.3907482052295,931.1273446873256,272.4538835293906,32.038332068352474,517.1155239445823,1834.6012150046938,1931.1120467195058,189.3907482052295,931.1273446873256,272.4538835293906,32.038332068352474
2026-02-10 21:00:00+00:00,916.88,4438.02,2088.22,14.429994,473.7,248.34,28.71,880.1319315221862,3380.371168832956,1982.4517596944092,40.45912180321636,492.3951369487554,267.33191815352836,28.626273766342948,517.1155239445823,1834.6012150046938,1931.1120467195058,189.3907482052295,931.1273446873256,272.4538835293906,32.038332068352474,517.1155239445823,1834.6012150046938,1931.1120467195058,189.3907482052295,931.1273446873256,272.4538835293906,32.038332068352474
2026-02-10 22:00:00+00:00,769.46,4269.86,2035.85,0.24000663,459.97,251.86,28.71,701.2530989225045,3019.273041211033,1933.551628094164,7.089020278854633,488.2130258812395,270.5463217266423,28.730367095870736,517.1155239445823,1834.6012150046938,1931.1120467195058,189.3907482052295,931.1273446873256,272.4538835293906,32.038332068352474,517.1155239445823,1834.6012150046938,1931.1120467195058,189.3907482052295,931.1273446873256,272.4538835293906,32.038332068352474
2026-02-10 23:00:00+00:00,686.23,4177.84,1984.77,0.24000663,454.76,274.69,28.71,697.8086081254421,2828.2734151651957,1915.3823945409385,6.415863982378198,481.92039764053226,270.57147484800225,28.881009336894415,517.1155239445823,1834.6012150046938,1931.1120467195058,189.3907482052295,931.1273446873256,272.4538835293906,32.038332068352474,517.1155239445823,1834.6012150046938,1931.1120467195058,189.3907482052295,931.1273446873256,272.4538835293906,32.038332068352474
2026-02-11 00:00:00+00:00,685.32,4110.75,1965.33,0.039979164,450.77,274.61,28.71,709.6692815693744,3019.7986490525295,1877.2521716621425,1.3722274816092863,473.65996921824967,269.68879189805784,29.307635262612504,517.1155239445823,1834.6012150046938,1931.1120467195058,189.3907482052295,931.1273446873256,272.4538835293906,32.038332068352474,517.1155239445823,1834.6012150046938,1931.1120467195058,189.3907482052295,931.1273446873256,272.4538835293906,32.038332068352474
2026-02-11 01:00:00+00:00,685.97,4128.95,1955.73,0.039979164,457.44,274.45,28.71,688.5709324790809,2736.878096450304,1878.7913609791512,-2.4026731115886832,498.9315596628492,270.39215814147536,29.44100550995069,517.1155239445823,1834.6012150046938,1931.1120467195058,189.3907482052295,931.1273446873256,272.4538835293906,32.038332068352474,517.1155239445823,1834.6012150046938,1931.1120467195058,189.3907482052295,931.1273446873256,272.4538835293906,32.038332068352474
2026-02-11 02:00:00+00:00,682.53,4055.67,1946.9,0.059998695,450.24,273.42,28.71,702.8449524758752,2682.236726761751,1882.7393792231799,1.966918507959889,489.08598140555284,269.33945457918065,29.12886033996529,517.1155239445823,1834.6012150046938,1931.1120467195058,189.3907482052295,931.1273446873256,272.4538835293906,32.038332068352474,517.1155239445823,1834.6012150046938,1931.1120467195058,189.3907482052295,931.1273446873256,272.4538835293906,32.038332068352474
2026-02-11 03:00:00+00:00,673.12,4069.29,1953.55,0.08999747,451.1,273.42,28.71,670.8582867260608,2622.002481982136,1893.5069020382157,-0.34644327659842133,483.05783541534953,261.07035623161784,29.058095595593183,517.1155239445823,1834.6012150046938,1931.1120467195058,189.3907482052295,931.1273446873256,272.4538835293906,32.038332068352474,517.1155239445823,1834.6012150046938,1931.1120467195058,189.3907482052295,931.1273446873256,272.4538835293906,32.038332068352474
2026-02-11 04:00:00+00:00,718.08,4205.68,1970.61,0.11000174,453.15,274.84,28.71,562.8227027905237,3147.699958035671,1958.1192676281703,4.238738923703636,490.5402081837762,271.9627274740555,29.409296045431052,517.1155239445823,1834.6012150046938,1931.1120467195058,189.3907482052295,931.1273446873256,272.4538835293906,32.038332068352474,517.1155239445823,1834.6012150046938,1931.1120467195058,189.3907482052295,931.1273446873256,272.4538835293906,32.038332068352474
2026-02-11 05:00:00+00:00,959.64,4644.3,2043.91,79.28,469.89,273.66,28.71,635.4428076373239,3353.6192291993802,2043.8307017025393,47.49667573008878,564.5393730902258,277.3158142824526,29.046388581006706,517.1155239445823,1834.6012150046938,1931.1120467195058,189.3907482052295,931.1273446873256,272.4538835293906,32.038332068352474,517.1155239445823,1834.6012150046938,1931.1120467195058,189.3907482052295,931.1273446873256,272.4538835293906,32.038332068352474
2026-02-11 06:00:00+00:00,1060.24,4714.2593,2149.07,381.06,449.51,270.49,28.71,1302.1866852254104,3352.672766435781,2281.5271708842106,421.9595700068294,943.4993098384132,235.26846220619854,34.94583589124171,517.1155239445823,1834.6012150046938,1931.1120467195058,189.3907482052295,931.1273446873256,272.4538835293906,32.038332068352474,517.1155239445823,1834.6012150046938,1931.1120467195058,189.3907482052295,931.1273446873256,272.4538835293906,32.038332068352474
2026-02-11 07:00:00+00:00,1086.6,4738.13,2220.05,584.09,450.11,271.01,28.71,1152.965835934156,3484.134180589891,2302.6023585457574,582.3437742630181,971.069840408114,225.74867759460318,33.23786137582063,517.1155239445823,1834.6012150046938,1931.1120467195058,189.3907482052295,931.1273446873256,272.4538835293906,32.038332068352474,517.1155239445823,1834.6012150046938,1931.1120467195058,189.3907482052295,931.1273446873256,272.4538835293906,32.038332068352474
2026-02-11 08:00:00+00:00,1078.08,4733.22,2209.2,375.72,465.68,293.48,28.71,1160.4092672289598,3359.256072969512,2226.263362935245,247.98144103980337,907.3085238514714,276.1110825470724,34.71766727736812,517.1155239445823,1834.6012150046938,1931.1120467195058,189.3907482052295,931.1273446873256,272.4538835293906,32.038332068352474,517.1155239445823,1834.6012150046938,1931.1120467195058,189.3907482052295,931.1273446873256,272.4538835293906,32.038332068352474
2026-02-11 09:00:00+00:00,1029.58,4675.36,2159.14,25.839998,466.19,303.13,28.71,1024.306762821129,3254.176975156487,2129.54326799011,121.26647497584864,866.0501573459261,284.8195863815376,33.75219865353075,517.1155239445823,1834.6012150046938,1931.1120467195058,189.3907482052295,931.1273446873256,272.4538835293906,32.038332068352474,517.1155239445823,1834.6012150046938,1931.1120467195058,189.3907482052295,931.1273446873256,272.4538835293906,32.038332068352474
2026-02-11 10:00:00+00:00,1019.68005,4668.41,2106.35,148.15,539.97,310.84,28.71,931.3560311596827,3531.845272050771,2030.093168870168,22.139037645798908,828.069060663136,286.57607452811374,33.06282006165044,517.1155239445823,1834.6012150046938,1931.1120467195058,189.3907482052295,931.1273446873256,272.4538835293906,32.038332068352474,517.1155239445823,1834.6012150046938,1931.1120467195058,189.3907482052295,931.1273446873256,272.4538835293906,32.038332068352474
2026-02-11 11:00:00+00:00,1027.86,4625.26,2017.99,63.699997,474.68,310.8,28.71,962.3130880570804,3597.7531747305834,1989.745173237211,-1.162775844101759,812.7438667928951,284.66203019004416,33.063385231756506,517.1155239445823,1834.6012150046938,1931.1120467195058,189.3907482052295,931.1273446873256,272.4538835293906,32.038332068352474,517.1155239445823,1834.6012150046938,1931.1120467195058,189.3907482052295,931.1273446873256,272.4538835293906,32.038332068352474
2026-02-11 12:00:00+00:00,1033.48,4522.1,1986.06,0.30000418,491.38,312.59,28.71,1186.7971767211593,3231.172582350578,1989.404569119396,96.71437305727208,812.4195085177009,233.962607541504,33.70312708517653,517.1155239445823,1834.6012150046938,1931.1120467195058,189.3907482052295,931.1273446873256,272.4538835293906,32.038332068352474,517.1155239445823,1834.6012150046938,1931.1120467195058,189.3907482052295,931.1273446873256,272.4538835293906,32.038332068352474
2026-02-11 13:00:00+00:00,1035.93,4568.11,1990.21,0.30000418,517.88,312.9,28.71,1223.870353664839,3531.2724633609887,2051.3454970796256,113.29516226237848,813.8100331523661,245.3959873931941,33.192609139456884,517.1155239445823,1834.6012150046938,1931.1120467195058,189.3907482052295,931.1273446873256,272.4538835293906,32.038332068352474,517.1155239445823,1834.6012150046938,1931.1120467195058,189.3907482052295,931.1273446873256,272.4538835293906,32.038332068352474
2026-02-11 14:00:00+00:00,1036.01,4572.04,2032.95,3.5500042,490.18,313.93,28.71,1339.7919031050096,3503.4119323219406,2130.255739452482,177.57315674961583,850.8858547476763,248.90691608579533,33.01924831489063,517.1155239445823,1834.6012150046938,1931.1120467195058,189.3907482052295,931.1273446873256,272.4538835293906,32.038332068352474,517.1155239445823,1834.6012150046938,1931.1120467195058,189.3907482052295,931.1273446873256,272.4538835293906,32.038332068352474
2026-02-11 15:00:00+00:00,1032.08,4648.6,2145.91,154.5,485.32,285.96,28.71,1246.344473896671,3684.688954707933,2284.01364222591,530.6461510872905,924.6880280273497,255.1385985802575,34.34362500319636,517.1155239445823,1834.6012150046938,1931.1120467195058,189.3907482052295,931.1273446873256,272.4538835293906,32.038332068352474,517.1155239445823,1834.6012150046938,1931.1120467195058,189.3907482052295,931.1273446873256,272.4538835293906,32.038332068352474
2026-02-11 16:00:00+00:00,1070.53,4689.61,2262.0,460.61,581.4,278.48,28.71,1127.8441513794387,3577.248212063123,2374.8023725114235,679.4627477185347,972.5695446128984,272.0240631434991,33.86054642167522,517.1155239445823,1834.6012150046938,1931.1120467195058,189.3907482052295,931.1273446873256,272.4538835293906,32.038332068352474,517.1155239445823,1834.6012150046938,1931.1120467195058,189.3907482052295,931.1273446873256,272.4538835293906,32.038332068352474
2026-02-11 17:00:00+00:00,1076.97,4723.86,2285.81,292.08,500.25,279.63,28.71,743.6408363231033,3757.935622211638,2283.088336851969,671.4955509448525,695.6156764385562,291.7161516746669,28.077240418662722,517.1155239445823,1834.6012150046938,1931.1120467195058,189.3907482052295,931.1273446873256,272.4538835293906,32.038332068352474,517.1155239445823,1834.6012150046938,1931.1120467195058,189.3907482052295,931.1273446873256,272.4538835293906,32.038332068352474
2026-02-11 18:00:00+00:00,1059.93,4708.7593,2257.36,203.82,481.93,279.95,28.71,743.8546964780136,3295.915423908595,2260.1083391779534,437.69638504854845,638.1662013235684,263.17946248541824,28.549924871541567,517.1155239445823,1834.6012150046938,1931.1120467195058,189.3907482052295,931.1273446873256,272.4538835293906,32.038332068352474,517.1155239445823,1834.6012150046938,1931.1120467195058,189.3907482052295,931.1273446873256,272.4538835293906,32.038332068352474
2026-02-11 19:00:00+00:00,968.5,4675.43,2173.31,66.83,441.17004,281.45,28.71,559.4951257111243,3054.0078528610347,2154.2418238313826,210.160612106371,551.953557898268,271.54776548000194,28.74417469025907,517.1155239445823,1834.6012150046938,1931.1120467195058,189.3907482052295,931.1273446873256,272.4538835293906,32.038332068352474,517.1155239445823,1834.6012150046938,1931.1120467195058,189.3907482052295,931.1273446873256,272.4538835293906,32.038332068352474
2026-02-11 20:00:00+00:00,902.24,3695.12,2084.32,60.690002,442.78,277.34,28.71,363.8211172904985,2827.5240043035155,2066.834010118798,94.68378276003959,528.8073859797867,250.99144309300118,28.587495634397197,517.1155239445823,1834.6012150046938,1931.1120467195058,189.3907482052295,931.1273446873256,272.4538835293906,32.038332068352474,517.1155239445823,1834.6012150046938,1931.1120467195058,189.3907482052295,931.1273446873256,272.4538835293906,32.038332068352474
2026-02-11 21:00:00+00:00,720.42,3197.76,2024.4,0.3099987,448.79004,277.34,28.71,355.32609629128626,2855.768727118615,1987.2756497271519,44.4000231044125,497.2986978953016,260.5043666341055,28.533240837860113,517.1155239445823,1834.6012150046938,1931.1120467195058,189.3907482052295,931.1273446873256,272.4538835293906,32.038332068352474,517.1155239445823,1834.6012150046938,1931.1120467195058,189.3907482052295,931.1273446873256,272.4538835293906,32.038332068352474
2026-02-11 22:00:00+00:00,687.23,3121.91,1977.25,73.13,452.43,280.94,28.71,325.2763438809267,2754.167023335943,1935.3167446983966,7.409894001228366,478.9516457136293,254.09214379542738,28.73250319408077,517.1155239445823,1834.6012150046938,1931.1120467195058,189.3907482052295,931.1273446873256,272.4538835293906,32.038332068352474,517.1155239445823,1834.6012150046938,1931.1120467195058,189.3907482052295,931.1273446873256,272.4538835293906,32.038332068352474
2026-02-11 23:00:00+00:00,632.03,2967.38,1931.43,1.2400067,464.14,292.17,28.71,255.53007675594296,2079.1792642584815,1904.4567303297042,-1.568661423475902,480.1376623163122,259.53306288532644,28.973500927647425,517.1155239445823,1834.6012150046938,1931.1120467195058,189.3907482052295,931.1273446873256,272.4538835293906,32.038332068352474,517.1155239445823,1834.6012150046938,1931.1120467195058,189.3907482052295,931.1273446873256,272.4538835293906,32.038332068352474
2026-02-12 00:00:00+00:00,631.43,2987.22,1920.44,0.25999564,453.34,293.52,28.71,314.1047956536112,1802.3281750741367,1897.818297742044,4.545132902388076,460.3670768659955,269.15945576933274,29.09586841725881,517.1155239445823,1834.6012150046938,1931.1120467195058,189.3907482052295,931.1273446873256,272.4538835293906,32.038332068352474,517.1155239445823,1834.6012150046938,1931.1120467195058,189.3907482052295,931.1273446873256,272.4538835293906,32.038332068352474
2026-02-12 01:00:00+00:00,630.91,3017.91,1905.63,0.009995642,458.0,293.08,28.71,330.7667889108616,1741.5774925910525,1868.8723715218212,12.957934340331292,471.11942487214685,250.50706662059022,29.144245573097628,517.1155239445823,1834.6012150046938,1931.1120467195058,189.3907482052295,931.1273446873256,272.4538835293906,32.038332068352474,517.1155239445823,1834.6012150046938,1931.1120467195058,189.3907482052295,931.1273446873256,272.4538835293906,32.038332068352474
2026-02-12 02:00:00+00:00,629.09,3036.4,1900.35,1.134917e-06,463.78,290.95,28.71,340.54033034449645,1605.2861941598253,1877.7298555333873,12.968957744119336,483.9127817079019,247.48433104582296,28.929855926878734,517.1155239445823,1834.6012150046938,1931.1120467195058,189.3907482052295,931.1273446873256,272.4538835293906,32.038332068352474,517.1155239445823,1834.6012150046938,1931.1120467195058,189.3907482052295,931.1273446873256,272.4538835293906,32.038332068352474
2026-02-12 03:00:00+00:00,624.17,3061.56,1917.19,0.1699993,458.34,289.24,28.71,368.3089639909686,1729.4867645003783,1881.622023404706,17.634957828216443,533.0922410319433,256.1112524803179,29.49188571489251,517.1155239445823,1834.6012150046938,1931.1120467195058,189.3907482052295,931.1273446873256,272.4538835293906,32.038332068352474,517.1155239445823,1834.6012150046938,1931.1120467195058,189.3907482052295,931.1273446873256,272.4538835293906,32.038332068352474
2026-02-12 04:00:00+00:00,668.01,3213.89,1948.04,0.25999564,468.7,286.28,28.71,389.91546058765005,2511.4390798330346,1958.3288787509136,24.136732577506024,525.5310304099119,271.8101494854047,29.10870620643474,517.1155239445823,1834.6012150046938,1931.1120467195058,189.3907482052295,931.1273446873256,272.4538835293906,32.038332068352474,517.1155239445823,1834.6012150046938,1931.1120467195058,189.3907482052295,931.1273446873256,272.4538835293906,32.038332068352474
2026-02-12 05:00:00+00:00,864.53,3662.28,2041.0,50.410004,471.57,286.87,28.71,423.373362488023,2892.428286665136,2028.1240567647844,57.26270974209004,525.9213912386557,275.79415986853473,29.153966564339818,517.1155239445823,1834.6012150046938,1931.1120467195058,189.3907482052295,931.1273446873256,272.4538835293906,32.038332068352474,517.1155239445823,1834.6012150046938,1931.1120467195058,189.3907482052295,931.1273446873256,272.4538835293906,32.038332068352474
2026-02-12 06:00:00+00:00,1047.82,4034.19,2144.07,12.250016,459.76,285.01,28.71,656.3526677527896,3044.5922422076083,2288.6231072848964,418.0456535155653,791.8849314409499,247.76170984773393,36.904309367104105,517.1155239445823,1834.6012150046938,1931.1120467195058,189.3907482052295,931.1273446873256,272.4538835293906,32.038332068352474,517.1155239445823,1834.6012150046938,1931.1120467195058,189.3907482052295,931.1273446873256,272.4538835293906,32.038332068352474
2026-02-12 07:00:00+00:00,1053.73,4098.58,2193.66,0.3199932,458.1,285.29,28.71,658.0669185723239,3323.470974549543,2279.544028186454,341.706965387932,752.0063212083345,245.68641456631585,35.102168460479945,517.1155239445823,1834.6012150046938,1931.1120467195058,189.3907482052295,931.1273446873256,272.4538835293906,32.038332068352474,517.1155239445823,1834.6012150046938,1931.1120467195058,189.3907482052295,931.1273446873256,272.4538835293906,32.038332068352474
2026-02-12 08:00:00+00:00,1019.99,4068.46,2177.6,0.3199932,450.3,286.2,28.71,582.1602335175497,3064.1861037851113,2218.7792234735894,64.49162385908284,706.4854148282061,265.96790865549184,35.01160954261442,517.1155239445823,1834.6012150046938,1931.1120467195058,189.3907482052295,931.1273446873256,272.4538835293906,32.038332068352474,517.1155239445823,1834.6012150046938,1931.1120467195058,189.3907482052295,931.1273446873256,272.4538835293906,32.038332068352474
2026-02-12 09:00:00+00:00,1011.65,3889.95,2127.76,0.3199932,437.67,288.93,28.71,478.35762848384127,3010.1876991185354,2114.170333945698,32.00694280178058,709.7491866471928,252.3151681856882,34.85278989895089,517.1155239445823,1834.6012150046938,1931.1120467195058,189.3907482052295,931.1273446873256,272.4538835293906,32.038332068352474,517.1155239445823,1834.6012150046938,1931.1120467195058,189.3907482052295,931.1273446873256,272.4538835293906,32.038332068352474
2026-02-12 10:00:00+00:00,1020.17004,3778.29,2082.91,0.3199932,430.7,296.21,28.71,430.6941492247534,2917.287624458342,2045.0184194475596,44.93615099339007,697.2323299944894,257.8234676770346,34.734427326997185,517.1155239445823,1834.6012150046938,1931.1120467195058,189.3907482052295,931.1273446873256,272.4538835293906,32.038332068352474,517.1155239445823,1834.6012150046938,1931.1120467195058,189.3907482052295,931.1273446873256,272.4538835293906,32.038332068352474
2026-02-12 11:00:00+00:00,1027.51,3701.64,2013.84,0.2700054,435.9,300.08,28.71,454.52546071182223,2678.016944122081,2030.2839561458445,70.61235976735729,705.1240069708176,259.2458922040726,34.5525206967441,517.1155239445823,1834.6012150046938,1931.1120467195058,189.3907482052295,931.1273446873256,272.4538835293906,32.038332068352474,517.1155239445823,1834.6012150046938,1931.1120467195058,189.3907482052295,931.1273446873256,272.4538835293906,32.038332068352474
2026-02-12 12:00:00+00:00,1024.28,3725.87,1989.4,0.25999564,426.25,302.69,28.71,462.79199180254614,2432.6667799713614,2023.7542569715774,51.21887639439632,708.5477997807097,271.23643954425387,35.00568658727478,517.1155239445823,1834.6012150046938,1931.1120467195058,189.3907482052295,931.1273446873256,272.4538835293906,32.038332068352474,517.1155239445823,1834.6012150046938,1931.1120467195058,189.3907482052295,931.1273446873256,272.4538835293906,32.038332068352474
2026-02-12 13:00:00+00:00,1036.38,3763.41,2000.22,0.25999564,414.49002,302.3,28.71,539.6346527090111,2260.807164602365,2010.9078985628107,120.41978749085149,743.2739919575235,263.0740965898869,34.03173505698362,517.1155239445823,1834.6012150046938,1931.1120467195058,189.3907482052295,931.1273446873256,272.4538835293906,32.038332068352474,517.1155239445823,1834.6012150046938,1931.1120467195058,189.3907482052295,931.1273446873256,272.4538835293906,32.038332068352474
2026-02-12 14:00:00+00:00,1038.94,3695.8604,2044.83,2.1999981,432.45,301.6,28.71,538.9344949864989,3013.3477460391987,2113.1186591951637,128.74868953968064,789.5842343937671,250.06433897317942,33.706399653842034,517.1155239445823,1834.6012150046938,1931.1120467195058,189.3907482052295,931.1273446873256,272.4538835293906,32.038332068352474,517.1155239445823,1834.6012150046938,1931.1120467195058,189.3907482052295,931.1273446873256,272.4538835293906,32.038332068352474
2026-02-12 15:00:00+00:00,1030.37,3771.33,2160.24,62.33,472.51996,294.02,28.71,561.825998654718,3038.7679424076427,2244.793014712106,313.8749557039154,747.4436170689537,264.0919965800323,32.84026857146687,517.1155239445823,1834.6012150046938,1931.1120467195058,189.3907482052295,931.1273446873256,272.4538835293906,32.038332068352474,517.1155239445823,1834.6012150046938,1931.1120467195058,189.3907482052295,931.1273446873256,272.4538835293906,32.038332068352474
2026-02-12 16:00:00+00:00,1021.64,4063.62,2260.96,143.84,466.47,293.66,28.71,515.6383601289544,3359.6774778263652,2359.8804958925007,522.1595020695386,749.8545705433439,260.02012929202243,33.39016824113991,517.1155239445823,1834.6012150046938,1931.1120467195058,189.3907482052295,931.1273446873256,272.4538835293906,32.038332068352474,517.1155239445823,1834.6012150046938,1931.1120467195058,189.3907482052295,931.1273446873256,272.4538835293906,32.038332068352474
2026-02-12 17:00:00+00:00,1018.25,4069.57,2281.07,143.81,458.14,295.91,28.71,517.9005038792687,3388.879381845406,2290.998992545698,565.2638893740998,595.4306473490547,274.3393261398573,27.986524615821583,517.1155239445823,1834.6012150046938,1931.1120467195058,189.3907482052295,931.1273446873256,272.4538835293906,32.038332068352474,517.1155239445823,1834.6012150046938,1931.1120467195058,189.3907482052295,931.1273446873256,272.4538835293906,32.038332068352474
2026-02-12 18:00:00+00:00,1002.28,4062.43,2260.48,57.550003,429.13,295.36,28.71,569.8583447239425,3394.6445953258867,2274.50332461248,414.21913101888424,572.7974676510161,289.3841117028608,28.373370497636024,517.1155239445823,1834.6012150046938,1931.1120467195058,189.3907482052295,931.1273446873256,272.4538835293906,32.038332068352474,517.1155239445823,1834.6012150046938,1931.1120467195058,189.3907482052295,931.1273446873256,272.4538835293906,32.038332068352474
2026-02-12 19:00:00+00:00,736.47,3997.22,2188.72,0.3199932,389.04,296.23,28.71,563.4539441035885,3266.9121660741885,2158.695500302478,199.3906455840568,512.9726858581162,287.14395412103283,28.156877097923385,517.1155239445823,1834.6012150046938,1931.1120467195058,189.3907482052295,931.1273446873256,272.4538835293906,32.038332068352474,517.1155239445823,1834.6012150046938,1931.1120467195058,189.3907482052295,931.1273446873256,272.4538835293906,32.038332068352474
2026-02-12 20:00:00+00:00,494.31,3842.21,2100.6,0.3199932,378.22,293.27,28.71,451.44251931798766,2771.967660737959,2077.1100355796443,92.19217229555383,534.5329055692678,254.53303949135156,28.187539832020114,517.1155239445823,1834.6012150046938,1931.1120467195058,189.3907482052295,931.1273446873256,272.4538835293906,32.038332068352474,517.1155239445823,1834.6012150046938,1931.1120467195058,189.3907482052295,931.1273446873256,272.4538835293906,32.038332068352474
2026-02-12 21:00:00+00:00,488.57,3555.4902,2035.98,61.549995,375.58,293.27,28.71,397.74858835557427,2506.6355049187587,2000.5060900424326,50.97666265182994,561.1418787868115,256.003205179971,28.11332449358477,517.1155239445823,1834.6012150046938,1931.1120467195058,189.3907482052295,931.1273446873256,272.4538835293906,32.038332068352474,517.1155239445823,1834.6012150046938,1931.1120467195058,189.3907482052295,931.1273446873256,272.4538835293906,32.038332068352474
2026-02-12 22:00:00+00:00,478.36,3237.61,1988.12,27.819994,360.94003,296.43,28.71,334.5148746018811,2340.68741491835,1943.1312545368748,1.6326040262885613,523.6795525547416,259.8718526977127,28.19994247180941,517.1155239445823,1834.6012150046938,1931.1120467195058,189.3907482052295,931.1273446873256,272.4538835293906,32.038332068352474,517.1155239445823,1834.6012150046938,1931.1120467195058,189.3907482052295,931.1273446873256,272.4538835293906,32.038332068352474
2026-02-12 23:00:00+00:00,336.83,2829.28,1913.36,1.03,372.70004,284.76,28.71,295.90346074376964,1707.4518731579096,1907.921151360954,9.808446992205461,545.2433114178427,258.534886668395,28.271800607822293,517.1155239445823,1834.6012150046938,1931.1120467195058,189.3907482052295,931.1273446873256,272.4538835293906,32.038332068352474,517.1155239445823,1834.6012150046938,1931.1120467195058,189.3907482052295,931.1273446873256,272.4538835293906,32.038332068352474
2026-02-13 00:00:00+00:00,333.76,2847.98,1913.49,1.134917e-06,373.87003,282.23,28.71,250.60650933698145,1288.5124121045906,1905.151172277413,23.05883894076223,536.9530747178187,259.7983325039926,28.569170958761557,517.1155239445823,1834.6012150046938,1931.1120467195058,189.3907482052295,931.1273446873256,272.4538835293906,32.038332068352474,517.1155239445823,1834.6012150046938,1931.1120467195058,189.3907482052295,931.1273446873256,272.4538835293906,32.038332068352474
2026-02-13 01:00:00+00:00,333.93,2813.27,1906.04,1.134917e-06,383.1,281.75,28.71,246.80952708461257,1128.8704863404064,1891.0291331158442,3.755136121344549,580.394194603589,258.4754746189002,28.81276231115537,517.1155239445823,1834.6012150046938,1931.1120467195058,189.3907482052295,931.1273446873256,272.4538835293906,32.038332068352474,517.1155239445823,1834.6012150046938,1931.1120467195058,189.3907482052295,931.1273446873256,272.4538835293906,32.038332068352474
2026-02-13 02:00:00+00:00,345.51,2829.11,1904.14,1.134917e-06,383.11002,284.13,28.71,244.9492210470084,1025.5972816310073,1882.7248045801264,12.953850440235243,585.9118393577578,258.4238732187831,28.637617223017713,517.1155239445823,1834.6012150046938,1931.1120467195058,189.3907482052295,931.1273446873256,272.4538835293906,32.038332068352474,517.1155239445823,1834.6012150046938,1931.1120467195058,189.3907482052295,931.1273446873256,272.4538835293906,32.038332068352474
2026-02-13 03:00:00+00:00,467.25,2892.68,1922.16,0.19999808,366.20004,281.4,28.71,249.28141252895279,1274.8313401842893,1915.458302444222,23.089804404648646,602.051991365671,256.0550675292688,28.658872845878307,517.1155239445823,1834.6012150046938,1931.1120467195058,189.3907482052295,931.1273446873256,272.4538835293906,32.038332068352474,517.1155239445823,1834.6012150046938,1931.1120467195058,189.3907482052295,931.1273446873256,272.4538835293906,32.038332068352474
2026-02-13 04:00:00+00:00,607.1,3215.19,1955.48,68.27,370.84,282.07,28.71,331.28479954412717,1687.0280491807582,1999.4793058502037,72.62816658226257,552.0305883929386,258.7172685754075,28.46833923354207,517.1155239445823,1834.6012150046938,1931.1120467195058,189.3907482052295,931.1273446873256,272.4538835293906,32.038332068352474,517.1155239445823,1834.6012150046938,1931.1120467195058,189.3907482052295,931.1273446873256,272.4538835293906,32.038332068352474
2026-02-13 05:00:00+00:00,741.31,4286.51,2064.52,41.819992,383.4,278.43,28.71,513.8410062946825,2423.154899486491,2065.789347472331,103.88579876875579,534.3839211173276,261.30690667194494,28.243648476821754,517.1155239445823,1834.6012150046938,1931.1120467195058,189.3907482052295,931.1273446873256,272.4538835293906,32.038332068352474,517.1155239445823,1834.6012150046938,1931.1120467195058,189.3907482052295,931.1273446873256,272.4538835293906,32.038332068352474
2026-02-13 06:00:00+00:00,992.15,4687.91,2194.39,62.409996,371.50003,277.44,28.71,746.4489435331799,3154.4304702661875,2309.473000690842,325.38627599157144,740.8729862902503,241.95152295500424,32.62335207740063,517.1155239445823,1834.6012150046938,1931.1120467195058,189.3907482052295,931.1273446873256,272.4538835293906,32.038332068352474,517.1155239445823,1834.6012150046938,1931.1120467195058,189.3907482052295,931.1273446873256,272.4538835293906,32.038332068352474
2026-02-13 07:00:00+00:00,1031.95,4738.63,2228.36,266.71,384.34,277.44,28.71,797.0970911427598,3557.650167981766,2289.7425234597,468.4190732335882,832.2569477309837,226.82149518566433,33.17360330444004,517.1155239445823,1834.6012150046938,1931.1120467195058,189.3907482052295,931.1273446873256,272.4538835293906,32.038332068352474,517.1155239445823,1834.6012150046938,1931.1120467195058,189.3907482052295,931.1273446873256,272.4538835293906,32.038332068352474
2026-02-13 08:00:00+00:00,998.51,4730.22,2198.52,141.6,404.4,277.44,28.71,853.7466679326262,3595.0102428054615,2220.782210782653,284.0126305635221,786.7753941267927,219.62767650636974,33.037287735647816,517.1155239445823,1834.6012150046938,1931.1120467195058,189.3907482052295,931.1273446873256,272.4538835293906,32.038332068352474,517.1155239445823,1834.6012150046938,1931.1120467195058,189.3907482052295,931.1273446873256,272.4538835293906,32.038332068352474
2026-02-13 09:00:00+00:00,943.87,4708.49,2133.9,0.33000296,415.84,277.44,28.71,822.3393377653276,3517.7571020767573,2127.8395988789634,150.3809237541086,808.209743627125,244.3628723533957,34.3525785866657,517.1155239445823,1834.6012150046938,1931.1120467195058,189.3907482052295,931.1273446873256,272.4538835293906,32.038332068352474,517.1155239445823,1834.6012150046938,1931.1120467195058,189.3907482052295,931.1273446873256,272.4538835293906,32.038332068352474
2026-02-13 10:00:00+00:00,953.68005,4636.55,2079.6,0.2700054,422.27,280.41,28.71,767.8026219015002,3707.1986421033316,2053.469342909688,70.77510830292168,842.4025901238306,224.02762257973401,32.34825103884814,517.1155239445823,1834.6012150046938,1931.1120467195058,189.3907482052295,931.1273446873256,272.4538835293906,32.038332068352474,517.1155239445823,1834.6012150046938,1931.1120467195058,189.3907482052295,931.1273446873256,272.4538835293906,32.038332068352474
2026-02-13 11:00:00+00:00,961.05,4570.53,2022.76,0.28999442,429.18,281.44,28.71,752.9513717583088,3849.8613279733804,1995.012920537935,37.9419815295783,817.1644559661431,230.07360795083366,33.46284132622584,517.1155239445823,1834.6012150046938,1931.1120467195058,189.3907482052295,931.1273446873256,272.4538835293906,32.038332068352474,517.1155239445823,1834.6012150046938,1931.1120467195058,189.3907482052295,931.1273446873256,272.4538835293906,32.038332068352474
2026-02-13 12:00:00+00:00,963.11,4577.64,2013.6,11.5599985,427.98,281.4,28.71,884.6023081172193,3986.8409387084594,1972.5964665300444,36.10184327370399,747.7814849436277,222.00851745249577,33.87502996406506,517.1155239445823,1834.6012150046938,1931.1120467195058,189.3907482052295,931.1273446873256,272.4538835293906,32.038332068352474,517.1155239445823,1834.6012150046938,1931.1120467195058,189.3907482052295,931.1273446873256,272.4538835293906,32.038332068352474
2026-02-13 13:00:00+00:00,964.12006,4620.74,2024.77,65.97,464.63,281.4,28.71,906.789418132699,3915.5730381704607,2012.427137508791,40.27058381000046,790.7361240384595,222.68039086229658,33.568008065541754,517.1155239445823,1834.6012150046938,1931.1120467195058,189.3907482052295,931.1273446873256,272.4538835293906,32.038332068352474,517.1155239445823,1834.6012150046938,1931.1120467195058,189.3907482052295,931.1273446873256,272.4538835293906,32.038332068352474
2026-02-13 14:00:00+00:00,1009.48,4721.91,2076.32,160.22,439.22003,281.4,28.71,1084.8155435104557,3929.442607919026,2116.8486344249673,105.03468279683244,800.5254625521586,219.28044420466935,34.43964468811467,517.1155239445823,1834.6012150046938,1931.1120467195058,189.3907482052295,931.1273446873256,272.4538835293906,32.038332068352474,517.1155239445823,1834.6012150046938,1931.1120467195058,189.3907482052295,931.1273446873256,272.4538835293906,32.038332068352474
2026-02-13 15:00:00+00:00,1105.7,4849.59,2186.62,450.9,453.39,281.4,28.71,1233.2642663540487,4001.509968877166,2268.2204717246905,427.2886678046993,845.7455107646798,221.23512791094217,34.18840004806438,517.1155239445823,1834.6012150046938,1931.1120467195058,189.3907482052295,931.1273446873256,272.4538835293906,32.038332068352474,517.1155239445823,1834.6012150046938,1931.1120467195058,189.3907482052295,931.1273446873256,272.4538835293906,32.038332068352474
2026-02-13 16:00:00+00:00,1103.28,4982.02,2271.47,854.20996,446.92,281.36,28.71,1269.7786751558986,4279.420141016647,2368.1428747051514,659.8252001530611,924.5751221696577,203.23555340045286,33.6840717496775,517.1155239445823,1834.6012150046938,1931.1120467195058,189.3907482052295,931.1273446873256,272.4538835293906,32.038332068352474,517.1155239445823,1834.6012150046938,1931.1120467195058,189.3907482052295,931.1273446873256,272.4538835293906,32.038332068352474
2026-02-13 17:00:00+00:00,1117.69,4995.02,2300.62,1029.69,470.79,281.36,28.71,1019.4356984862702,4241.555149030825,2293.5886748875664,672.1587132386121,905.6547944658348,279.76624347990577,28.72565609014696,517.1155239445823,1834.6012150046938,1931.1120467195058,189.3907482052295,931.1273446873256,272.4538835293906,32.038332068352474,517.1155239445823,1834.6012150046938,1931.1120467195058,189.3907482052295,931.1273446873256,272.4538835293906,32.038332068352474
2026-02-13 18:00:00+00:00,1109.58,4995.26,2280.72,713.45,468.88,281.32,28.71,916.0299924944361,4091.88734358721,2276.184576670789,415.5127364847727,601.5179580317488,278.7801801747028,28.85636381374576,517.1155239445823,1834.6012150046938,1931.1120467195058,189.3907482052295,931.1273446873256,272.4538835293906,32.038332068352474,517.1155239445823,1834.6012150046938,1931.1120467195058,189.3907482052295,931.1273446873256,272.4538835293906,32.038332068352474
2026-02-13 19:00:00+00:00,1052.37,4957.02,2200.83,142.89,464.4,281.32,28.71,822.6944920513806,3788.442379216683,2175.8415253874336,200.3368973680528,511.489407994931,281.3686024612829,28.95748368890671,517.1155239445823,1834.6012150046938,1931.1120467195058,189.3907482052295,931.1273446873256,272.4538835293906,32.038332068352474,517.1155239445823,1834.6012150046938,1931.1120467195058,189.3907482052295,931.1273446873256,272.4538835293906,32.038332068352474
2026-02-13 20:00:00+00:00,1008.63,4904.94,2102.83,13.190003,472.83,281.28,28.71,895.357767943892,3872.3422100896078,2084.9125297351925,91.22845319484165,481.16608633842935,280.1259737954888,28.664566520757866,517.1155239445823,1834.6012150046938,1931.1120467195058,189.3907482052295,931.1273446873256,272.4538835293906,32.038332068352474,517.1155239445823,1834.6012150046938,1931.1120467195058,189.3907482052295,931.1273446873256,272.4538835293906,32.038332068352474
2026-02-13 21:00:00+00:00,965.07,4845.06,2037.36,0.28999442,456.2,283.45,28.71,884.2038635745519,3710.3532828747243,2005.5441535097812,5.5515544913896235,439.3930636095079,275.79183104873977,28.85064571214934,517.1155239445823,1834.6012150046938,1931.1120467195058,189.3907482052295,931.1273446873256,272.4538835293906,32.038332068352474,517.1155239445823,1834.6012150046938,1931.1120467195058,189.3907482052295,931.1273446873256,272.4538835293906,32.038332068352474
2026-02-13 22:00:00+00:00,967.18,4830.46,1982.56,4.5599985,455.35995,286.38,28.71,843.3850316373084,3568.2032837784027,1957.848185515529,5.292929588974118,442.63194889321477,270.459198053279,29.070451839253707,517.1155239445823,1834.6012150046938,1931.1120467195058,189.3907482052295,931.1273446873256,272.4538835293906,32.038332068352474,517.1155239445823,1834.6012150046938,1931.1120467195058,189.3907482052295,931.1273446873256,272.4538835293906,32.038332068352474
2026-02-13 23:00:00+00:00,913.24,4427.06,1938.87,0.2799999,415.4,292.16,28.71,839.0084407814829,3125.9756511766154,1929.7635709277044,11.5320379882059,464.138052317954,263.0710642164537,28.971596197085002,517.1155239445823,1834.6012150046938,1931.1120467195058,189.3907482052295,931.1273446873256,272.4538835293906,32.038332068352474,517.1155239445823,1834.6012150046938,1931.1120467195058,189.3907482052295,931.1273446873256,272.4538835293906,32.038332068352474
2026-02-14 00:00:00+00:00,911.1,4283.12,1931.03,0.25000113,398.62003,293.15,28.71,926.4668754654157,3263.210082660389,1923.717583413474,5.969737417510856,445.3159951896304,267.0094367723081,29.152060299823127,517.1155239445823,1834.6012150046938,1931.1120467195058,189.3907482052295,931.1273446873256,272.4538835293906,32.038332068352474,517.1155239445823,1834.6012150046938,1931.1120467195058,189.3907482052295,931.1273446873256,272.4538835293906,32.038332068352474
2026-02-14 01:00:00+00:00,911.67,4209.34,1926.3,0.25000113,397.76004,293.15,28.71,882.2416597431268,3054.2169675653186,1922.3923095397192,2.719064204710719,427.6915402792369,265.5792694267741,29.32772756540691,517.1155239445823,1834.6012150046938,1931.1120467195058,189.3907482052295,931.1273446873256,272.4538835293906,32.038332068352474,517.1155239445823,1834.6012150046938,1931.1120467195058,189.3907482052295,931.1273446873256,272.4538835293906,32.038332068352474
2026-02-14 02:00:00+00:00,910.59,4264.47,1924.13,0.25000113,364.27,293.11,28.71,901.776509094731,2859.338506447244,1918.00708978924,2.719064204710719,419.2350686769804,265.598220509822,29.158209030994293,517.1155239445823,1834.6012150046938,1931.1120467195058,189.3907482052295,931.1273446873256,272.4538835293906,32.038332068352474,517.1155239445823,1834.6012150046938,1931.1120467195058,189.3907482052295,931.1273446873256,272.4538835293906,32.038332068352474
2026-02-14 03:00:00+00:00,903.15,4270.8,1944.49,0.17999381,344.01004,298.05,28.71,860.0701440263658,2823.635463612531,1922.1488498552617,1.5078904555712995,414.11895374340213,262.9918886363181,29.10805179181896,517.1155239445823,1834.6012150046938,1931.1120467195058,189.3907482052295,931.1273446873256,272.4538835293906,32.038332068352474,517.1155239445823,1834.6012150046938,1931.1120467195058,189.3907482052295,931.1273446873256,272.4538835293906,32.038332068352474
2026-02-14 04:00:00+00:00,887.07,4258.02,1985.56,0.20999259,351.44003,293.07,28.71,803.6532236321245,2712.9090456053764,1979.8469250267403,12.916680548896665,416.6760391839972,262.3102458854474,29.00067301025005,517.1155239445823,1834.6012150046938,1931.1120467195058,189.3907482052295,931.1273446873256,272.4538835293906,32.038332068352474,517.1155239445823,1834.6012150046938,1931.1120467195058,189.3907482052295,931.1273446873256,272.4538835293906,32.038332068352474
2026-02-14 05:00:00+00:00,884.52,4368.02,2116.96,0.22999686,347.85,287.13,28.71,815.5239915048433,2952.2498611354886,2082.7088269820542,17.33174138115976,422.38471438514307,261.6120990714505,28.963031091436502,517.1155239445823,1834.6012150046938,1931.1120467195058,189.3907482052295,931.1273446873256,272.4538835293906,32.038332068352474,517.1155239445823,1834.6012150046938,1931.1120467195058,189.3907482052295,931.1273446873256,272.4538835293906,32.038332068352474
2026-02-14 06:00:00+00:00,885.46,4686.36,2245.13,0.25000113,344.42,285.16,28.71,813.5103649312218,2325.9625209015917,2243.3709552450364,61.346048991420616,708.0174089583577,221.11840041524346,36.49226776225874,517.1155239445823,1834.6012150046938,1931.1120467195058,189.3907482052295,931.1273446873256,272.4538835293906,32.038332068352474,517.1155239445823,1834.6012150046938,1931.1120467195058,189.3907482052295,931.1273446873256,272.4538835293906,32.038332068352474
2026-02-14 07:00:00+00:00,893.71,4843.27,2280.91,0.3099987,362.70004,285.16,28.71,937.7769763284766,2631.9872390537676,2253.534244794747,125.0267002269412,728.7017947746433,217.86893826526932,34.69422382521352,517.1155239445823,1834.6012150046938,1931.1120467195058,189.3907482052295,931.1273446873256,272.4538835293906,32.038332068352474,517.1155239445823,1834.6012150046938,1931.1120467195058,189.3907482052295,931.1273446873256,272.4538835293906,32.038332068352474
2026-02-14 08:00:00+00:00,890.95,4854.91,2250.25,0.2799999,391.93002,285.16,28.71,1034.2223743874515,3133.5747487470444,2250.3176971330026,217.19283040323072,670.0321344558477,214.3067109263425,33.409812445865406,517.1155239445823,1834.6012150046938,1931.1120467195058,189.3907482052295,931.1273446873256,272.4538835293906,32.038332068352474,517.1155239445823,1834.6012150046938,1931.1120467195058,189.3907482052295,931.1273446873256,272.4538835293906,32.038332068352474
2026-02-14 09:00:00+00:00,895.15,4834.67,2181.53,0.28999442,423.74,285.19,28.71,1046.856384056417,3653.7154934896107,2206.2033552896055,102.73172090424906,735.5490737542502,222.35641135029658,33.16038915405544,517.1155239445823,1834.6012150046938,1931.1120467195058,189.3907482052295,931.1273446873256,272.4538835293906,32.038332068352474,517.1155239445823,1834.6012150046938,1931.1120467195058,189.3907482052295,931.1273446873256,272.4538835293906,32.038332068352474
2026-02-14 10:00:00+00:00,901.2,4774.43,2125.58,0.28999442,377.1,291.13,28.71,1044.6294515004242,3724.522289022975,2124.837275737353,73.70368114418977,743.3976026144267,228.3247751120691,33.446241757775624,517.1155239445823,1834.6012150046938,1931.1120467195058,189.3907482052295,931.1273446873256,272.4538835293906,32.038332068352474,517.1155239445823,1834.6012150046938,1931.1120467195058,189.3907482052295,931.1273446873256,272.4538835293906,32.038332068352474
2026-02-14 11:00:00+00:00,909.39,4753.62,2048.07,0.28999442,385.24002,293.11,28.71,1145.0880409337196,3502.609312526988,2021.0513946344938,80.85708363900449,754.0921696695065,235.64606086512163,34.196089325788705,517.1155239445823,1834.6012150046938,1931.1120467195058,189.3907482052295,931.1273446873256,272.4538835293906,32.038332068352474,517.1155239445823,1834.6012150046938,1931.1120467195058,189.3907482052295,931.1273446873256,272.4538835293906,32.038332068352474
2026-02-14 12:00:00+00:00,913.95,4783.2,2031.82,1.6400006,353.91,293.78,28.71,1182.8308098639473,3545.0047940237732,2006.9968947577509,82.29888969619186,809.0950504138548,232.24420555089787,35.15183864846419,517.1155239445823,1834.6012150046938,1931.1120467195058,189.3907482052295,931.1273446873256,272.4538835293906,32.038332068352474,517.1155239445823,1834.6012150046938,1931.1120467195058,189.3907482052295,931.1273446873256,272.4538835293906,32.038332068352474
2026-02-14 13:00:00+00:00,915.46,4774.99,2040.71,171.04,356.24002,293.15,28.71,1129.8108433748362,3436.455285265706,2000.3071734378352,104.10753946980263,774.2592071923214,227.6724790239733,35.20585296526268,517.1155239445823,1834.6012150046938,1931.1120467195058,189.3907482052295,931.1273446873256,272.4538835293906,32.038332068352474,517.1155239445823,1834.6012150046938,1931.1120467195058,189.3907482052295,931.1273446873256,272.4538835293906,32.038332068352474
2026-02-14 14:00:00+00:00,915.48,4852.67,2090.22,284.13,448.6,293.11,28.71,1195.7409964312678,3511.469768177739,2128.8888795687053,255.8060523999152,823.3864323218382,227.11237977724966,35.27894054432454,517.1155239445823,1834.6012150046938,1931.1120467195058,189.3907482052295,931.1273446873256,272.4538835293906,32.038332068352474,517.1155239445823,1834.6012150046938,1931.1120467195058,189.3907482052295,931.1273446873256,272.4538835293906,32.038332068352474
2026-02-14 15:00:00+00:00,971.68005,4931.52,2198.35,414.11,393.08,293.11,28.71,1175.144500949349,3806.791539483932,2273.32815665584,382.43531159976,873.8612960098811,229.62769951762596,35.05139220082841,517.1155239445823,1834.6012150046938,1931.1120467195058,189.3907482052295,931.1273446873256,272.4538835293906,32.038332068352474,517.1155239445823,1834.6012150046938,1931.1120467195058,189.3907482052295,931.1273446873256,272.4538835293906,32.038332068352474
2026-02-14 16:00:00+00:00,1039.22,4981.8594,2278.8,1006.16,429.62003,293.07,28.71,1270.815941514336,3771.2067742074955,2377.0262052508037,810.0206822567673,956.6693913093611,229.6288491956028,35.32803071027825,517.1155239445823,1834.6012150046938,1931.1120467195058,189.3907482052295,931.1273446873256,272.4538835293906,32.038332068352474,517.1155239445823,1834.6012150046938,1931.1120467195058,189.3907482052295,931.1273446873256,272.4538835293906,32.038332068352474
2026-02-14 17:00:00+00:00,1041.72,4994.79,2301.25,906.54663,484.02997,293.07,28.71,1162.5735087354228,4208.930999060478,2320.4973195606344,822.1672025532055,757.1403037782829,268.5366978408609,29.15037904304368,517.1155239445823,1834.6012150046938,1931.1120467195058,189.3907482052295,931.1273446873256,272.4538835293906,32.038332068352474,517.1155239445823,1834.6012150046938,1931.1120467195058,189.3907482052295,931.1273446873256,272.4538835293906,32.038332068352474
2026-02-14 18:00:00+00:00,1039.44,4979.47,2256.83,806.9333,394.81003,293.03,28.71,1077.7265565225619,4011.357334991252,2295.047244122704,633.3573992938608,688.1022337504966,276.66643109732547,29.032059981188326,517.1155239445823,1834.6012150046938,1931.1120467195058,189.3907482052295,931.1273446873256,272.4538835293906,32.038332068352474,517.1155239445823,1834.6012150046938,1931.1120467195058,189.3907482052295,931.1273446873256,272.4538835293906,32.038332068352474
2026-02-14 19:00:00+00:00,970.86005,5005.25,2161.15,707.32,391.63004,293.07,28.71,1109.7164986819596,3769.7687735765744,2210.379420287039,337.945171875461,713.2179474318823,263.3508067920412,29.11800117520287,517.1155239445823,1834.6012150046938,1931.1120467195058,189.3907482052295,931.1273446873256,272.4538835293906,32.038332068352474,517.1155239445823,1834.6012150046938,1931.1120467195058,189.3907482052295,931.1273446873256,272.4538835293906,32.038332068352474
2026-02-14 20:00:00+00:00,901.33,4926.78,2073.27,205.6,384.48,293.11,28.71,1164.2927496611935,3582.5966726033244,2106.372477089733,163.34811868554743,653.7176358242913,260.4588342628939,28.716810350031338,517.1155239445823,1834.6012150046938,1931.1120467195058,189.3907482052295,931.1273446873256,272.4538835293906,32.038332068352474,517.1155239445823,1834.6012150046938,1931.1120467195058,189.3907482052295,931.1273446873256,272.4538835293906,32.038332068352474
2026-02-14 21:00:00+00:00,910.75,4884.95,2008.46,0.75999564,353.14005,293.19,28.71,1165.6498485225939,3534.5382626843993,2027.4646392438492,99.12774028498606,610.249934003831,258.39710541069707,28.53508319654938,517.1155239445823,1834.6012150046938,1931.1120467195058,189.3907482052295,931.1273446873256,272.4538835293906,32.038332068352474,517.1155239445823,1834.6012150046938,1931.1120467195058,189.3907482052295,931.1273446873256,272.4538835293906,32.038332068352474
2026-02-14 22:00:00+00:00,922.41,4868.24,1967.06,0.28999442,347.26004,293.23,28.71,1104.7141221856114,3354.083775271308,1969.5945135717263,52.34273801695369,556.7732981539381,255.14143953540716,28.879977920189642,517.1155239445823,1834.6012150046938,1931.1120467195058,189.3907482052295,931.1273446873256,272.4538835293906,32.038332068352474,517.1155239445823,1834.6012150046938,1931.1120467195058,189.3907482052295,931.1273446873256,272.4538835293906,32.038332068352474
2026-02-14 23:00:00+00:00,908.55,4187.84,1925.73,0.28999442,323.20004,289.9,28.71,1130.1825959958078,3008.442588709933,1931.4028229177895,39.81600467661224,481.29085609626645,243.6570965916303,29.091911799329598,517.1155239445823,1834.6012150046938,1931.1120467195058,189.3907482052295,931.1273446873256,272.4538835293906,32.038332068352474,517.1155239445823,1834.6012150046938,1931.1120467195058,189.3907482052295,931.1273446873256,272.4538835293906,32.038332068352474
2026-02-15 00:00:00+00:00,906.5,3828.6501,1915.95,0.28999442,327.22,290.34,28.71,1044.5522788882763,2980.1692032432475,1906.551687776399,8.907859845203205,441.53441435942057,238.06425531455315,28.651099653585252,517.1155239445823,1834.6012150046938,1931.1120467195058,189.3907482052295,931.1273446873256,272.4538835293906,32.038332068352474,517.1155239445823,1834.6012150046938,1931.1120467195058,189.3907482052295,931.1273446873256,272.4538835293906,32.038332068352474
2026-02-15 01:00:00+00:00,905.48,3335.37,1908.62,0.28999442,331.69003,290.02,28.71,1157.4468102339467,2913.3715966097625,1892.5435932254786,9.089315585047132,414.7375197107905,236.17522858137434,28.463705153491414,517.1155239445823,1834.6012150046938,1931.1120467195058,189.3907482052295,931.1273446873256,272.4538835293906,32.038332068352474,517.1155239445823,1834.6012150046938,1931.1120467195058,189.3907482052295,931.1273446873256,272.4538835293906,32.038332068352474
2026-02-15 02:00:00+00:00,907.6,3015.21,1907.01,0.28999442,333.02,289.31,28.71,1025.8847752089086,2893.999882720963,1892.093874475802,20.455409568184052,404.23697266440615,219.13386479174486,28.306354432444298,517.1155239445823,1834.6012150046938,1931.1120467195058,189.3907482052295,931.1273446873256,272.4538835293906,32.038332068352474,517.1155239445823,1834.6012150046938,1931.1120467195058,189.3907482052295,931.1273446873256,272.4538835293906,32.038332068352474
2026-02-15 03:00:00+00:00,900.64,2940.13,1925.58,0.28999442,329.96,289.35,28.71,985.9558660570137,2931.5516895273295,1901.0409028859783,21.092239347781202,413.34370431011155,243.67367060875833,28.151337590588593,517.1155239445823,1834.6012150046938,1931.1120467195058,189.3907482052295,931.1273446873256,272.4538835293906,32.038332068352474,517.1155239445823,1834.6012150046938,1931.1120467195058,189.3907482052295,931.1273446873256,272.4538835293906,32.038332068352474
2026-02-15 04:00:00+00:00,886.82,2992.46,1965.72,0.28999442,339.31003,289.39,28.71,915.3796181931534,2928.305979998593,1958.1897721156713,8.511708222002,403.7071808064211,247.1815340313663,28.11867827240177,517.1155239445823,1834.6012150046938,1931.1120467195058,189.3907482052295,931.1273446873256,272.4538835293906,32.038332068352474,517.1155239445823,1834.6012150046938,1931.1120467195058,189.3907482052295,931.1273446873256,272.4538835293906,32.038332068352474
2026-02-15 05:00:00+00:00,863.13,2992.05,2098.84,0.28999442,339.59,271.59,28.71,986.3754991123199,3054.229049794307,2033.1258111806453,31.869758064079065,421.6085208245944,249.08321436780113,28.81405003623778,517.1155239445823,1834.6012150046938,1931.1120467195058,189.3907482052295,931.1273446873256,272.4538835293906,32.038332068352474,517.1155239445823,1834.6012150046938,1931.1120467195058,189.3907482052295,931.1273446873256,272.4538835293906,32.038332068352474
2026-02-15 06:00:00+00:00,747.37,2847.79,2234.89,0.28999442,336.46,265.65,28.71,827.2072979385608,2758.252464372986,2232.8070512681456,195.9487199205217,719.894637147341,198.95694323701338,38.37499502686276,517.1155239445823,1834.6012150046938,1931.1120467195058,189.3907482052295,931.1273446873256,272.4538835293906,32.038332068352474,517.1155239445823,1834.6012150046938,1931.1120467195058,189.3907482052295,931.1273446873256,272.4538835293906,32.038332068352474
2026-02-15 07:00:00+00:00,706.76,2853.08,2269.22,97.15,334.91,265.61,28.71,811.4826419225427,2373.189674698482,2224.815144166965,222.37878408261025,736.2424896854903,213.1101577761009,38.306818892551725,517.1155239445823,1834.6012150046938,1931.1120467195058,189.3907482052295,931.1273446873256,272.4538835293906,32.038332068352474,517.1155239445823,1834.6012150046938,1931.1120467195058,189.3907482052295,931.1273446873256,272.4538835293906,32.038332068352474
2026-02-15 08:00:00+00:00,603.1,2670.68,2220.8,67.89,339.98,265.49,28.71,615.9885866404184,2521.2919968363003,2170.5932596410075,129.50030765143944,620.4887555699022,226.93614806246575,36.123952051444455,517.1155239445823,1834.6012150046938,1931.1120467195058,189.3907482052295,931.1273446873256,272.4538835293906,32.038332068352474,517.1155239445823,1834.6012150046938,1931.1120467195058,189.3907482052295,931.1273446873256,272.4538835293906,32.038332068352474
2026-02-15 09:00:00+00:00,468.83,2209.55,2148.15,0.3199932,346.39005,265.33,28.71,594.8184756900494,2037.6859464385366,2049.7752261568417,45.822155650810316,637.1795741476067,197.2467783588143,34.72699381796501,517.1155239445823,1834.6012150046938,1931.1120467195058,189.3907482052295,931.1273446873256,272.4538835293906,32.038332068352474,517.1155239445823,1834.6012150046938,1931.1120467195058,189.3907482052295,931.1273446873256,272.4538835293906,32.038332068352474
2026-02-15 10:00:00+00:00,227.99,2088.65,2089.78,0.050004188,346.54,271.31,28.71,660.3915608802286,1935.6665138217375,1915.4062219354241,25.913100757600205,593.0873864872394,185.4463197827905,31.68262109048932,517.1155239445823,1834.6012150046938,1931.1120467195058,189.3907482052295,931.1273446873256,272.4538835293906,32.038332068352474,517.1155239445823,1834.6012150046938,1931.1120467195058,189.3907482052295,931.1273446873256,272.4538835293906,32.038332068352474
2026-02-15 11:00:00+00:00,183.90001,2042.64,2016.56,1.134917e-06,350.61002,274.08,28.71,384.7195452012479,1841.4581422867384,1880.135282848843,5.545049205676577,608.6036932125573,197.26563529770291,31.527729448226175,517.1155239445823,1834.6012150046938,1931.1120467195058,189.3907482052295,931.1273446873256,272.4538835293906,32.038332068352474,517.1155239445823,1834.6012150046938,1931.1120467195058,189.3907482052295,931.1273446873256,272.4538835293906,32.038332068352474
2026-02-15 12:00:00+00:00,181.50002,1979.15,1988.08,1.134917e-06,358.76004,275.78,28.71,376.71907143164117,1550.5032915415993,1866.1341344329446,-13.226966282075637,635.3450223128091,202.52694750879544,34.411724915936134,517.1155239445823,1834.6012150046938,1931.1120467195058,189.3907482052295,931.1273446873256,272.4538835293906,32.038332068352474,517.1155239445823,1834.6012150046938,1931.1120467195058,189.3907482052295,931.1273446873256,272.4538835293906,32.038332068352474
2026-02-15 13:00:00+00:00,180.40001,1977.66,2000.85,1.134917e-06,355.12003,275.42,28.71,358.2440334661236,1508.0947048556532,1919.929685124494,-2.318994605486324,674.739674041792,202.40316789601823,36.51706923762428,517.1155239445823,1834.6012150046938,1931.1120467195058,189.3907482052295,931.1273446873256,272.4538835293906,32.038332068352474,517.1155239445823,1834.6012150046938,1931.1120467195058,189.3907482052295,931.1273446873256,272.4538835293906,32.038332068352474
2026-02-15 14:00:00+00:00,190.40001,2018.07,2037.73,0.6799938,347.91,276.65,28.71,323.46610789094785,1763.8115228142635,2027.5088851771502,38.515548661907815,587.362457009536,192.89125900330686,36.57554329144154,517.1155239445823,1834.6012150046938,1931.1120467195058,189.3907482052295,931.1273446873256,272.4538835293906,32.038332068352474,517.1155239445823,1834.6012150046938,1931.1120467195058,189.3907482052295,931.1273446873256,272.4538835293906,32.038332068352474
2026-02-15 15:00:00+00:00,177.40001,2157.92,2141.0,115.53999,382.07004,285.23,28.71,357.2652940464927,2129.815643637307,2198.485990185431,122.21714894869964,636.0023995885213,229.92913087519446,36.36928801674217,517.1155239445823,1834.6012150046938,1931.1120467195058,189.3907482052295,931.1273446873256,272.4538835293906,32.038332068352474,517.1155239445823,1834.6012150046938,1931.1120467195058,189.3907482052295,931.1273446873256,272.4538835293906,32.038332068352474
2026-02-15 16:00:00+00:00,173.90001,2196.42,2221.9,635.96,357.47,289.15,28.71,409.2042401377447,2516.963947121068,2270.8636240604437,329.4941835397918,605.1576505765662,222.1440641289149,35.17686891268501,517.1155239445823,1834.6012150046938,1931.1120467195058,189.3907482052295,931.1273446873256,272.4538835293906,32.038332068352474,517.1155239445823,1834.6012150046938,1931.1120467195058,189.3907482052295,931.1273446873256,272.4538835293906,32.038332068352474
2026-02-15 17:00:00+00:00,201.40001,2193.88,2244.43,424.02,359.78,289.11,28.71,414.0680858633405,2692.3476937603928,2271.5572877978993,421.87226710916303,445.1120633591222,263.0817969008235,29.125983214613814,517.1155239445823,1834.6012150046938,1931.1120467195058,189.3907482052295,931.1273446873256,272.4538835293906,32.038332068352474,517.1155239445823,1834.6012150046938,1931.1120467195058,189.3907482052295,931.1273446873256,272.4538835293906,32.038332068352474
2026-02-15 18:00:00+00:00,182.40001,2165.24,2215.52,177.11,355.33,289.11,28.71,438.6037352014715,2720.2100310179035,2258.444542361498,226.5804674906342,352.57366549934375,262.452141609864,29.07351560599859,517.1155239445823,1834.6012150046938,1931.1120467195058,189.3907482052295,931.1273446873256,272.4538835293906,32.038332068352474,517.1155239445823,1834.6012150046938,1931.1120467195058,189.3907482052295,931.1273446873256,272.4538835293906,32.038332068352474
2026-02-15 19:00:00+00:00,186.40001,2121.74,2126.42,44.97,348.93997,289.11,28.71,423.21982181579267,2749.2723334358207,2158.6156646946374,115.3285981866674,382.0781290877683,224.10522934085597,28.867202150433695,517.1155239445823,1834.6012150046938,1931.1120467195058,189.3907482052295,931.1273446873256,272.4538835293906,32.038332068352474,517.1155239445823,1834.6012150046938,1931.1120467195058,189.3907482052295,931.1273446873256,272.4538835293906,32.038332068352474
2026-02-15 20:00:00+00:00,193.8,2068.7,2050.96,10.589997,357.77,289.07,28.71,411.1494820335576,2716.60963844912,2074.394695410031,97.5995318528047,353.14277212572597,223.947868161305,28.855847816147573,517.1155239445823,1834.6012150046938,1931.1120467195058,189.3907482052295,931.1273446873256,272.4538835293906,32.038332068352474,517.1155239445823,1834.6012150046938,1931.1120467195058,189.3907482052295,931.1273446873256,272.4538835293906,32.038332068352474
2026-02-15 21:00:00+00:00,178.40001,2008.52,1985.41,77.91,363.50003,289.07,28.71,406.7175008446412,2871.9511447304376,2011.242985591835,70.06921175667642,359.199125832203,255.7454308723747,29.086503500914528,517.1155239445823,1834.6012150046938,1931.1120467195058,189.3907482052295,931.1273446873256,272.4538835293906,32.038332068352474,517.1155239445823,1834.6012150046938,1931.1120467195058,189.3907482052295,931.1273446873256,272.4538835293906,32.038332068352474
2026-02-15 22:00:00+00:00,175.10002,2007.35,1944.34,23.209993,356.08,289.07,28.71,437.3932244918634,2791.8744728198244,1944.115876980391,21.06605638975475,395.2057090658411,255.26861116909689,28.91427418898083,517.1155239445823,1834.6012150046938,1931.1120467195058,189.3907482052295,931.1273446873256,272.4538835293906,32.038332068352474,517.1155239445823,1834.6012150046938,1931.1120467195058,189.3907482052295,931.1273446873256,272.4538835293906,32.038332068352474
2026-02-15 23:00:00+00:00,174.90001,1899.67,1903.81,1.134917e-06,363.61002,293.07,28.71,404.51510810919166,2526.809148727486,1925.3879056795315,33.73944069390228,391.94499559891267,253.28959006190743,29.084408451271717,517.1155239445823,1834.6012150046938,1931.1120467195058,189.3907482052295,931.1273446873256,272.4538835293906,32.038332068352474,517.1155239445823,1834.6012150046938,1931.1120467195058,189.3907482052295,931.1273446873256,272.4538835293906,32.038332068352474
2026-02-16 00:00:00+00:00,173.8,1897.63,1886.26,1.134917e-06,373.00003,293.07,28.71,391.24817081022974,2314.445825881855,1894.804293781711,-2.884960713691129,430.43243089834345,254.6263382597598,29.238800154698403,517.1155239445823,1834.6012150046938,1931.1120467195058,189.3907482052295,931.1273446873256,272.4538835293906,32.038332068352474,517.1155239445823,1834.6012150046938,1931.1120467195058,189.3907482052295,931.1273446873256,272.4538835293906,32.038332068352474
2026-02-16 01:00:00+00:00,175.90001,1896.08,1875.74,1.134917e-06,419.75,293.11,28.71,385.568286731302,2079.970265640982,1880.278731726733,-4.8564178812972045,430.55192116495283,241.60120481169832,29.23599375143251,517.1155239445823,1834.6012150046938,1931.1120467195058,189.3907482052295,931.1273446873256,272.4538835293906,32.038332068352474,517.1155239445823,1834.6012150046938,1931.1120467195058,189.3907482052295,931.1273446873256,272.4538835293906,32.038332068352474
2026-02-16 02:00:00+00:00,174.10002,1901.05,1871.5,1.134917e-06,481.19998,293.11,28.71,341.1823150152463,2203.2661783676667,1886.4096465207106,-9.846761053859467,421.3379644838575,261.57827502615413,29.177403620465164,517.1155239445823,1834.6012150046938,1931.1120467195058,189.3907482052295,931.1273446873256,272.4538835293906,32.038332068352474,517.1155239445823,1834.6012150046938,1931.1120467195058,189.3907482052295,931.1273446873256,272.4538835293906,32.038332068352474
2026-02-16 03:00:00+00:00,187.2,1911.12,1884.04,1.134917e-06,477.92,293.11,28.71,303.16410604627123,2446.047060552127,1904.073182614057,-7.729893212894893,399.8547302009164,269.8966582104306,28.79423104179628,517.1155239445823,1834.6012150046938,1931.1120467195058,189.3907482052295,931.1273446873256,272.4538835293906,32.038332068352474,517.1155239445823,1834.6012150046938,1931.1120467195058,189.3907482052295,931.1273446873256,272.4538835293906,32.038332068352474
2026-02-16 04:00:00+00:00,209.3,1975.7,1910.12,0.14000052,456.48,293.15,28.71,326.9978750894787,2254.628087229111,1952.2403605463337,8.027970718928259,392.58731503270394,272.1857670923166,28.568877835371925,517.1155239445823,1834.6012150046938,1931.1120467195058,189.3907482052295,931.1273446873256,272.4538835293906,32.038332068352474,517.1155239445823,1834.6012150046938,1931.1120467195058,189.3907482052295,931.1273446873256,272.4538835293906,32.038332068352474
2026-02-16 05:00:00+00:00,223.10002,2085.32,1996.79,14.509995,436.42,284.24,28.71,465.31490188465244,3201.602660267776,2003.335719298581,17.863330130026952,377.01678344747995,282.42001019008507,28.50802888200504,517.1155239445823,1834.6012150046938,1931.1120467195058,189.3907482052295,931.1273446873256,272.4538835293906,32.038332068352474,517.1155239445823,1834.6012150046938,1931.1120467195058,189.3907482052295,931.1273446873256,272.4538835293906,32.038332068352474
2026-02-16 06:00:00+00:00,251.03001,2715.25,2117.56,153.01,420.48,281.28,28.71,597.5743598236378,2274.9670480494024,2202.8026094450083,256.87151812862726,461.5496573948764,244.21395148516524,30.424627849880522,517.1155239445823,1834.6012150046938,1931.1120467195058,189.3907482052295,931.1273446873256,272.4538835293906,32.038332068352474,517.1155239445823,1834.6012150046938,1931.1120467195058,189.3907482052295,931.1273446873256,272.4538835293906,32.038332068352474
2026-02-16 07:00:00+00:00,496.62,3628.1301,2163.19,105.06,428.4,281.32,28.71,634.2151246178959,2716.652129739972,2261.34424994775,331.2705278280662,479.6355182059174,258.46028732332906,28.776747195426314,517.1155239445823,1834.6012150046938,1931.1120467195058,189.3907482052295,931.1273446873256,272.4538835293906,32.038332068352474,517.1155239445823,1834.6012150046938,1931.1120467195058,189.3907482052295,931.1273446873256,272.4538835293906,32.038332068352474
2026-02-16 08:00:00+00:00,646.25,3883.74,2145.51,160.34,433.1,281.32,28.71,700.0930269110052,2858.68954311736,2177.668102867357,107.49417158017583,487.7857455546633,254.89968551138284,28.501526277924533,517.1155239445823,1834.6012150046938,1931.1120467195058,189.3907482052295,931.1273446873256,272.4538835293906,32.038332068352474,517.1155239445823,1834.6012150046938,1931.1120467195058,189.3907482052295,931.1273446873256,272.4538835293906,32.038332068352474
2026-02-16 09:00:00+00:00,765.11,3811.8,2084.76,75.21,430.17,281.36,28.71,702.4311775939562,2686.8161894023137,2103.422431449495,68.6237112911087,481.24574733193293,257.89441560987706,27.899114216647277,517.1155239445823,1834.6012150046938,1931.1120467195058,189.3907482052295,931.1273446873256,272.4538835293906,32.038332068352474,517.1155239445823,1834.6012150046938,1931.1120467195058,189.3907482052295,931.1273446873256,272.4538835293906,32.038332068352474
2026-02-16 10:00:00+00:00,659.23,3735.2102,2042.43,110.25,492.59,290.26,28.71,658.8538728368119,2991.59571403467,2018.4544939671896,16.87218245455196,443.75781767693155,255.75063342790912,27.864864680370026,517.1155239445823,1834.6012150046938,1931.1120467195058,189.3907482052295,931.1273446873256,272.4538835293906,32.038332068352474,517.1155239445823,1834.6012150046938,1931.1120467195058,189.3907482052295,931.1273446873256,272.4538835293906,32.038332068352474
2026-02-16 11:00:00+00:00,633.42,3633.24,1979.79,119.59,572.75,293.54,28.71,726.6931828317428,2881.00261248847,1977.5402069777076,-10.350838140541782,444.3310161656054,252.74615727095573,28.962801323180518,517.1155239445823,1834.6012150046938,1931.1120467195058,189.3907482052295,931.1273446873256,272.4538835293906,32.038332068352474,517.1155239445823,1834.6012150046938,1931.1120467195058,189.3907482052295,931.1273446873256,272.4538835293906,32.038332068352474
2026-02-16 12:00:00+00:00,635.76,3492.83,1962.77,2.8000042,489.37,294.73,28.71,908.1451001859612,2901.704090118641,1978.294708900832,16.01763222299178,462.3758019558184,251.28019227074518,29.055415149194687,517.1155239445823,1834.6012150046938,1931.1120467195058,189.3907482052295,931.1273446873256,272.4538835293906,32.038332068352474,517.1155239445823,1834.6012150046938,1931.1120467195058,189.3907482052295,931.1273446873256,272.4538835293906,32.038332068352474
2026-02-16 13:00:00+00:00,665.88,3662.37,1967.29,39.740005,539.07,294.17,28.71,925.3990335779085,3256.7346719199822,2002.9519953243484,68.69273864496385,471.88712342948554,258.67303664739177,30.305338346166227,517.1155239445823,1834.6012150046938,1931.1120467195058,189.3907482052295,931.1273446873256,272.4538835293906,32.038332068352474,517.1155239445823,1834.6012150046938,1931.1120467195058,189.3907482052295,931.1273446873256,272.4538835293906,32.038332068352474
2026-02-16 14:00:00+00:00,838.4,4020.59,2000.11,7.6900034,503.84,294.53,28.71,953.2171225442094,3281.9441227675916,2076.003621462243,138.77189620096175,433.08996994418555,267.20643204429507,30.55911190920847,517.1155239445823,1834.6012150046938,1931.1120467195058,189.3907482052295,931.1273446873256,272.4538835293906,32.038332068352474,517.1155239445823,1834.6012150046938,1931.1120467195058,189.3907482052295,931.1273446873256,272.4538835293906,32.038332068352474
2026-02-16 15:00:00+00:00,958.51,4183.13,2089.46,338.56,480.92,297.58,28.71,893.9365640394278,4153.669880178801,2261.021512257788,465.0754608574185,517.3078292615737,243.2697740103181,30.52931295613188,517.1155239445823,1834.6012150046938,1931.1120467195058,189.3907482052295,931.1273446873256,272.4538835293906,32.038332068352474,517.1155239445823,1834.6012150046938,1931.1120467195058,189.3907482052295,931.1273446873256,272.4538835293906,32.038332068352474
2026-02-16 16:00:00+00:00,1000.39,4248.84,2199.19,664.32,460.03,306.6,28.71,1076.1084159352117,4442.236003020919,2324.0701671313223,678.8218067329019,591.0935873080186,236.75637094530583,30.25320164692986,517.1155239445823,1834.6012150046938,1931.1120467195058,189.3907482052295,931.1273446873256,272.4538835293906,32.038332068352474,517.1155239445823,1834.6012150046938,1931.1120467195058,189.3907482052295,931.1273446873256,272.4538835293906,32.038332068352474
2026-02-16 17:00:00+00:00,1062.19,4254.66,2233.45,751.1,492.41,313.76,28.71,944.7828667760302,4532.686080999743,2288.9559396492086,634.0332619019789,735.9006130152551,264.63055480168885,29.77848004105035,517.1155239445823,1834.6012150046938,1931.1120467195058,189.3907482052295,931.1273446873256,272.4538835293906,32.038332068352474,517.1155239445823,1834.6012150046938,1931.1120467195058,189.3907482052295,931.1273446873256,272.4538835293906,32.038332068352474
2026-02-16 18:00:00+00:00,1010.26,4252.54,2215.2,797.5399,491.98,305.21,28.71,760.7599929578363,4619.247261514763,2254.871503127838,521.4475621958757,625.6182947587697,279.0302179997491,28.653570053126344,517.1155239445823,1834.6012150046938,1931.1120467195058,189.3907482052295,931.1273446873256,272.4538835293906,32.038332068352474,517.1155239445823,1834.6012150046938,1931.1120467195058,189.3907482052295,931.1273446873256,272.4538835293906,32.038332068352474
2026-02-16 19:00:00+00:00,950.6401,4213.12,2146.88,423.5,479.77,296.27,28.71,694.4079801518212,4127.584764276445,2163.3664463608893,206.02246344138516,566.1080639938505,276.6019923810061,28.915629686197367,517.1155239445823,1834.6012150046938,1931.1120467195058,189.3907482052295,931.1273446873256,272.4538835293906,32.038332068352474,517.1155239445823,1834.6012150046938,1931.1120467195058,189.3907482052295,931.1273446873256,272.4538835293906,32.038332068352474
2026-02-16 20:00:00+00:00,888.71,4015.18,2070.75,203.52,486.55,293.19,28.71,725.4304206241038,3597.8045459593322,2069.6861184369172,79.63342235773355,469.6473211924342,270.71737780073073,28.86121465807674,517.1155239445823,1834.6012150046938,1931.1120467195058,189.3907482052295,931.1273446873256,272.4538835293906,32.038332068352474,517.1155239445823,1834.6012150046938,1931.1120467195058,189.3907482052295,931.1273446873256,272.4538835293906,32.038332068352474
2026-02-16 21:00:00+00:00,803.83,3687.77,2018.13,64.49,475.84,293.98,28.71,682.1589488490836,3476.3753241673635,1998.8222024083318,35.41197418131347,450.198253077208,271.04315811467865,28.894633847770727,517.1155239445823,1834.6012150046938,1931.1120467195058,189.3907482052295,931.1273446873256,272.4538835293906,32.038332068352474,517.1155239445823,1834.6012150046938,1931.1120467195058,189.3907482052295,931.1273446873256,272.4538835293906,32.038332068352474
2026-02-16 22:00:00+00:00,691.2,3495.8,1978.08,0.28999442,498.21,293.19,28.71,693.7448355634185,2763.769940622228,1934.1720676820905,14.789395314228614,438.48272073514585,263.16278568302874,28.74622663396751,517.1155239445823,1834.6012150046938,1931.1120467195058,189.3907482052295,931.1273446873256,272.4538835293906,32.038332068352474,517.1155239445823,1834.6012150046938,1931.1120467195058,189.3907482052295,931.1273446873256,272.4538835293906,32.038332068352474
2026-02-16 23:00:00+00:00,603.41,3334.5,1943.67,0.28999442,447.26,274.35,28.71,620.6290654250212,2655.203184226568,1912.4963681621466,7.951011283588201,439.9434124849318,261.97137022805356,28.973115184529572,517.1155239445823,1834.6012150046938,1931.1120467195058,189.3907482052295,931.1273446873256,272.4538835293906,32.038332068352474,517.1155239445823,1834.6012150046938,1931.1120467195058,189.3907482052295,931.1273446873256,272.4538835293906,32.038332068352474
2026-02-17 00:00:00+00:00,601.48,3356.75,1929.95,0.22000235,443.53,273.37,28.71,509.1451705041391,2785.986127633111,1904.2927894378493,-7.561477312869982,477.63018327531427,263.65195813828643,28.90550489080882,517.1155239445823,1834.6012150046938,1931.1120467195058,189.3907482052295,931.1273446873256,272.4538835293906,32.038332068352474,517.1155239445823,1834.6012150046938,1931.1120467195058,189.3907482052295,931.1273446873256,272.4538835293906,32.038332068352474
2026-02-17 01:00:00+00:00,601.25,3326.07,1920.55,0.17999381,428.73004,273.41,28.71,548.2502888526662,2868.048162837894,1885.19975069591,5.680470159475419,446.2852074044353,269.30519994262227,29.17870032085124,517.1155239445823,1834.6012150046938,1931.1120467195058,189.3907482052295,931.1273446873256,272.4538835293906,32.038332068352474,517.1155239445823,1834.6012150046938,1931.1120467195058,189.3907482052295,931.1273446873256,272.4538835293906,32.038332068352474
2026-02-17 02:00:00+00:00,599.2,3334.58,1907.32,0.17999381,435.02,273.41,28.71,621.2357495136464,2990.8992543056665,1885.7114681612245,-1.718302537524778,427.81924093028823,271.3604542666154,28.936249408450948,517.1155239445823,1834.6012150046938,1931.1120467195058,189.3907482052295,931.1273446873256,272.4538835293906,32.038332068352474,517.1155239445823,1834.6012150046938,1931.1120467195058,189.3907482052295,931.1273446873256,272.4538835293906,32.038332068352474
2026-02-17 03:00:00+00:00,603.2,3320.7302,1921.05,0.17999381,469.28,273.41,28.71,772.8976646803521,3401.1030867663785,1914.7315960562862,0.2467078221180259,458.47050535562767,268.741895328808,28.790379750351594,517.1155239445823,1834.6012150046938,1931.1120467195058,189.3907482052295,931.1273446873256,272.4538835293906,32.038332068352474,517.1155239445823,1834.6012150046938,1931.1120467195058,189.3907482052295,931.1273446873256,272.4538835293906,32.038332068352474
2026-02-17 04:00:00+00:00,658.94,3406.59,1957.34,1.2500012,493.4,273.41,28.71,866.2170293026625,3772.8180994669306,1970.2445726857813,34.98463257126758,459.8212237344899,265.62719974819106,28.350790008227825,517.1155239445823,1834.6012150046938,1931.1120467195058,189.3907482052295,931.1273446873256,272.4538835293906,32.038332068352474,517.1155239445823,1834.6012150046938,1931.1120467195058,189.3907482052295,931.1273446873256,272.4538835293906,32.038332068352474
2026-02-17 05:00:00+00:00,946.69,3889.81,2051.54,197.37,572.39,267.48,28.71,891.1415919133833,4491.55957248388,2046.9259194260871,123.09255776430635,500.79900597785087,270.669345016502,28.399012630285327,517.1155239445823,1834.6012150046938,1931.1120467195058,189.3907482052295,931.1273446873256,272.4538835293906,32.038332068352474,517.1155239445823,1834.6012150046938,1931.1120467195058,189.3907482052295,931.1273446873256,272.4538835293906,32.038332068352474
2026-02-17 06:00:00+00:00,1139.59,4232.92,2146.18,271.03,584.2,258.92,28.71,1049.8919363633809,4596.115777924701,2281.046491549136,559.1312373588414,851.9316825170802,253.1374849795529,31.658675072589947,517.1155239445823,1834.6012150046938,1931.1120467195058,189.3907482052295,931.1273446873256,272.4538835293906,32.038332068352474,517.1155239445823,1834.6012150046938,1931.1120467195058,189.3907482052295,931.1273446873256,272.4538835293906,32.038332068352474
2026-02-17 07:00:00+00:00,1192.47,4238.47,2182.24,311.75,722.1,256.44,28.71,1089.6314466442432,4781.901819638255,2280.484248534329,758.0324828557129,869.5366093494357,255.52700893174637,31.741748546716153,517.1155239445823,1834.6012150046938,1931.1120467195058,189.3907482052295,931.1273446873256,272.4538835293906,32.038332068352474,517.1155239445823,1834.6012150046938,1931.1120467195058,189.3907482052295,931.1273446873256,272.4538835293906,32.038332068352474
2026-02-17 08:00:00+00:00,1197.67,4221.54,2167.28,317.73,713.36,254.36,28.71,1102.6446893242983,4649.180665051311,2194.8566083148803,316.0413061112004,775.4871306845037,250.83669287981502,32.124124475412586,517.1155239445823,1834.6012150046938,1931.1120467195058,189.3907482052295,931.1273446873256,272.4538835293906,32.038332068352474,517.1155239445823,1834.6012150046938,1931.1120467195058,189.3907482052295,931.1273446873256,272.4538835293906,32.038332068352474
2026-02-17 09:00:00+00:00,1085.19,4228.74,2122.3,187.51,574.96,253.66,28.71,995.5245856160417,4171.311761727194,2114.3798838046214,177.0965729813325,646.8059682016178,281.22643210803517,29.20450579097452,517.1155239445823,1834.6012150046938,1931.1120467195058,189.3907482052295,931.1273446873256,272.4538835293906,32.038332068352474,517.1155239445823,1834.6012150046938,1931.1120467195058,189.3907482052295,931.1273446873256,272.4538835293906,32.038332068352474
2026-02-17 10:00:00+00:00,957.31,4004.02,2078.28,7.949998,636.36,259.6,28.71,1003.8707704629583,4004.9263237728874,2027.3410641633027,132.34100596584457,624.3288727884018,258.9625725900675,28.56741357108445,517.1155239445823,1834.6012150046938,1931.1120467195058,189.3907482052295,931.1273446873256,272.4538835293906,32.038332068352474,517.1155239445823,1834.6012150046938,1931.1120467195058,189.3907482052295,931.1273446873256,272.4538835293906,32.038332068352474
2026-02-17 11:00:00+00:00,868.2,3829.9902,2014.6,130.62,533.6699,261.62,28.71,1225.8196965946822,4105.310373598332,1973.391259014189,81.55054199252989,647.0166621270221,229.92990463909783,30.20056894629026,517.1155239445823,1834.6012150046938,1931.1120467195058,189.3907482052295,931.1273446873256,272.4538835293906,32.038332068352474,517.1155239445823,1834.6012150046938,1931.1120467195058,189.3907482052295,931.1273446873256,272.4538835293906,32.038332068352474
2026-02-17 12:00:00+00:00,865.45,3687.55,1985.57,2.3600018,507.27,262.33,28.71,1237.0458495934995,3132.697353127078,1939.4670599991275,55.90040200923937,620.7328602781645,213.57970034576098,30.613754699461268,517.1155239445823,1834.6012150046938,1931.1120467195058,189.3907482052295,931.1273446873256,272.4538835293906,32.038332068352474,517.1155239445823,1834.6012150046938,1931.1120467195058,189.3907482052295,931.1273446873256,272.4538835293906,32.038332068352474
2026-02-17 13:00:00+00:00,866.0,3788.31,1983.18,3.7500012,511.96,261.73,28.71,1090.4637412307152,2640.405519426383,1978.7045126676203,50.29514256984831,637.9845435556812,212.12639236614993,31.18432382417838,517.1155239445823,1834.6012150046938,1931.1120467195058,189.3907482052295,931.1273446873256,272.4538835293906,32.038332068352474,517.1155239445823,1834.6012150046938,1931.1120467195058,189.3907482052295,931.1273446873256,272.4538835293906,32.038332068352474
2026-02-17 14:00:00+00:00,880.47,3990.91,2009.69,1.7299969,509.93,261.55,28.71,1056.9434751627618,3122.962206040192,1990.8517660400425,98.51408950720895,616.8858167388285,237.69566844384386,31.41080184663543,517.1155239445823,1834.6012150046938,1931.1120467195058,189.3907482052295,931.1273446873256,272.4538835293906,32.038332068352474,517.1155239445823,1834.6012150046938,1931.1120467195058,189.3907482052295,931.1273446873256,272.4538835293906,32.038332068352474
2026-02-17 15:00:00+00:00,1067.29,4123.3,2093.09,1.6900036,552.44,282.28,28.71,1152.2136352697466,3572.087052208055,2234.5849835697127,312.24756437239796,747.0627130089375,282.80933488884824,31.35127084257352,517.1155239445823,1834.6012150046938,1931.1120467195058,189.3907482052295,931.1273446873256,272.4538835293906,32.038332068352474,517.1155239445823,1834.6012150046938,1931.1120467195058,189.3907482052295,931.1273446873256,272.4538835293906,32.038332068352474
2026-02-17 16:00:00+00:00,1152.26,4243.41,2185.04,135.46,577.26,290.98,28.71,1163.2795651554418,3986.492476365389,2321.200540460104,717.3919964430977,816.2736532953047,262.54318003315353,32.117769826098204,517.1155239445823,1834.6012150046938,1931.1120467195058,189.3907482052295,931.1273446873256,272.4538835293906,32.038332068352474,517.1155239445823,1834.6012150046938,1931.1120467195058,189.3907482052295,931.1273446873256,272.4538835293906,32.038332068352474
2026-02-17 17:00:00+00:00,1197.45,4291.86,2229.7,588.55,485.9,293.16,28.71,970.5100361271291,4107.84184958154,2269.3691674577476,627.2626072522687,768.5884317661893,273.26851332108924,29.825486179055446,517.1155239445823,1834.6012150046938,1931.1120467195058,189.3907482052295,931.1273446873256,272.4538835293906,32.038332068352474,517.1155239445823,1834.6012150046938,1931.1120467195058,189.3907482052295,931.1273446873256,272.4538835293906,32.038332068352474
2026-02-17 18:00:00+00:00,1194.53,4281.51,2203.76,278.61,432.75,293.32,28.71,1010.8281157946199,4116.967891415327,2253.48372013525,531.5982875831066,505.942335927949,270.8206740672347,28.673761280300283,517.1155239445823,1834.6012150046938,1931.1120467195058,189.3907482052295,931.1273446873256,272.4538835293906,32.038332068352474,517.1155239445823,1834.6012150046938,1931.1120467195058,189.3907482052295,931.1273446873256,272.4538835293906,32.038332068352474
2026-02-17 19:00:00+00:00,1062.63,4153.21,2117.73,0.30000418,397.74002,290.06,28.71,863.6071699927049,3699.629084005369,2171.4110168983675,236.5709562293925,556.6625272574448,265.22648975154675,29.01279309915516,517.1155239445823,1834.6012150046938,1931.1120467195058,189.3907482052295,931.1273446873256,272.4538835293906,32.038332068352474,517.1155239445823,1834.6012150046938,1931.1120467195058,189.3907482052295,931.1273446873256,272.4538835293906,32.038332068352474
2026-02-17 20:00:00+00:00,958.28,4098.29,2036.11,0.30000418,416.70004,289.09,28.71,807.0189884658256,3523.44039939022,2073.270247858803,138.46658110400236,484.00433856085243,252.5504874765307,28.984575838579286,517.1155239445823,1834.6012150046938,1931.1120467195058,189.3907482052295,931.1273446873256,272.4538835293906,32.038332068352474,517.1155239445823,1834.6012150046938,1931.1120467195058,189.3907482052295,931.1273446873256,272.4538835293906,32.038332068352474
2026-02-17 21:00:00+00:00,871.58,3881.24,1992.2,0.30000418,431.07,289.1,28.71,844.0805435828127,3493.4843319566644,1990.0356986223287,16.17765926234921,473.69768491466414,254.5140710211384,28.787712944473206,517.1155239445823,1834.6012150046938,1931.1120467195058,189.3907482052295,931.1273446873256,272.4538835293906,32.038332068352474,517.1155239445823,1834.6012150046938,1931.1120467195058,189.3907482052295,931.1273446873256,272.4538835293906,32.038332068352474
2026-02-17 22:00:00+00:00,857.85,3765.92,1956.89,0.25000113,419.22,290.23,28.71,808.1161850461813,2915.3457016177645,1938.2194567281565,18.14436399769309,489.0075218420317,262.8959937644382,28.701364329607554,517.1155239445823,1834.6012150046938,1931.1120467195058,189.3907482052295,931.1273446873256,272.4538835293906,32.038332068352474,517.1155239445823,1834.6012150046938,1931.1120467195058,189.3907482052295,931.1273446873256,272.4538835293906,32.038332068352474
2026-02-17 23:00:00+00:00,857.71,4546.23,1892.22,0.24000663,412.39005,267.13,28.71,709.0529356116792,2907.2442465231866,1905.3213352332086,0.3897343780936353,493.46335528214786,259.2086155643906,28.36400060791929,517.1155239445823,1834.6012150046938,1931.1120467195058,189.3907482052295,931.1273446873256,272.4538835293906,32.038332068352474,517.1155239445823,1834.6012150046938,1931.1120467195058,189.3907482052295,931.1273446873256,272.4538835293906,32.038332068352474
2026-02-18 00:00:00+00:00,855.16,4613.43,1870.07,0.19000357,417.74002,267.13,28.71,775.5347749824837,3251.8123833696145,1907.8819692184852,-3.826324110041554,446.33684268402226,260.2710788684352,29.05581511360682,517.1155239445823,1834.6012150046938,1931.1120467195058,189.3907482052295,931.1273446873256,272.4538835293906,32.038332068352474,517.1155239445823,1834.6012150046938,1931.1120467195058,189.3907482052295,931.1273446873256,272.4538835293906,32.038332068352474
2026-02-18 01:00:00+00:00,858.79,4566.47,1865.08,0.039979164,425.99,266.42,28.71,815.5326500648044,3537.2805813301566,1907.1410137290793,-4.681434472504492,463.5258742094896,262.06984222636294,29.33948123454444,517.1155239445823,1834.6012150046938,1931.1120467195058,189.3907482052295,931.1273446873256,272.4538835293906,32.038332068352474,517.1155239445823,1834.6012150046938,1931.1120467195058,189.3907482052295,931.1273446873256,272.4538835293906,32.038332068352474
2026-02-18 02:00:00+00:00,865.4,4597.31,1859.84,0.039979164,421.35,265.3,28.71,869.7324883503954,3593.3565789956083,1902.015168420119,-5.6422959020402175,458.98053225557965,260.4220280483805,29.13182650826217,517.1155239445823,1834.6012150046938,1931.1120467195058,189.3907482052295,931.1273446873256,272.4538835293906,32.038332068352474,517.1155239445823,1834.6012150046938,1931.1120467195058,189.3907482052295,931.1273446873256,272.4538835293906,32.038332068352474
2026-02-18 03:00:00+00:00,880.59,4542.93,1872.28,0.08000296,419.56,261.71,28.71,928.9606809772877,3872.083746969156,1909.0456886627207,-7.443842806935351,471.65045763836326,260.33230192168395,29.148669045500714,517.1155239445823,1834.6012150046938,1931.1120467195058,189.3907482052295,931.1273446873256,272.4538835293906,32.038332068352474,517.1155239445823,1834.6012150046938,1931.1120467195058,189.3907482052295,931.1273446873256,272.4538835293906,32.038332068352474
2026-02-18 04:00:00+00:00,943.86,4704.5,1902.49,0.19999808,477.7,261.44,28.71,1046.1053336708621,4294.636134029014,1972.5352907849738,35.8017124703002,595.9188986854401,262.45635521569994,29.106261154982366,517.1155239445823,1834.6012150046938,1931.1120467195058,189.3907482052295,931.1273446873256,272.4538835293906,32.038332068352474,517.1155239445823,1834.6012150046938,1931.1120467195058,189.3907482052295,931.1273446873256,272.4538835293906,32.038332068352474
2026-02-18 05:00:00+00:00,1102.43,4937.31,1976.43,437.44,554.59,258.05,28.71,1141.0655321389372,4632.675643868958,2050.75972364154,185.84100607103989,747.0644240953334,257.767622849994,28.759344226542208,517.1155239445823,1834.6012150046938,1931.1120467195058,189.3907482052295,931.1273446873256,272.4538835293906,32.038332068352474,517.1155239445823,1834.6012150046938,1931.1120467195058,189.3907482052295,931.1273446873256,272.4538835293906,32.038332068352474
2026-02-18 06:00:00+00:00,1182.32,5122.19,2078.23,585.4733,803.2,260.75,28.71,1345.8016137364457,5030.659715355518,2330.3225173953965,747.5289369594293,1202.9512333223884,219.16401777910076,34.917114433457535,517.1155239445823,1834.6012150046938,1931.1120467195058,189.3907482052295,931.1273446873256,272.4538835293906,32.038332068352474,517.1155239445823,1834.6012150046938,1931.1120467195058,189.3907482052295,931.1273446873256,272.4538835293906,32.038332068352474
2026-02-18 07:00:00+00:00,1182.11,5042.51,2157.45,733.50665,719.22,257.72,28.71,1430.616586911125,5412.810118191822,2302.7673455482586,845.0346480617416,1190.0040022824705,216.50238995219405,34.35973970673102,517.1155239445823,1834.6012150046938,1931.1120467195058,189.3907482052295,931.1273446873256,272.4538835293906,32.038332068352474,517.1155239445823,1834.6012150046938,1931.1120467195058,189.3907482052295,931.1273446873256,272.4538835293906,32.038332068352474
2026-02-18 08:00:00+00:00,1173.42,5008.89,2164.86,881.54,722.77,257.85,28.71,1340.47640960106,5281.258980091936,2225.6540372709233,348.842933334137,1178.5178355379471,208.5138097683881,32.18656352212515,517.1155239445823,1834.6012150046938,1931.1120467195058,189.3907482052295,931.1273446873256,272.4538835293906,32.038332068352474,517.1155239445823,1834.6012150046938,1931.1120467195058,189.3907482052295,931.1273446873256,272.4538835293906,32.038332068352474
2026-02-18 09:00:00+00:00,1126.05,4988.63,2122.23,291.83,556.69,254.8,28.71,1315.131648408034,5286.149227134169,2098.9213069880243,233.3417621778488,1096.7019092268333,234.02669576076062,33.360135411245196,517.1155239445823,1834.6012150046938,1931.1120467195058,189.3907482052295,931.1273446873256,272.4538835293906,32.038332068352474,517.1155239445823,1834.6012150046938,1931.1120467195058,189.3907482052295,931.1273446873256,272.4538835293906,32.038332068352474
2026-02-18 10:00:00+00:00,1067.4,4848.15,2083.15,154.56,492.66998,259.37,28.71,1207.2987759871303,4976.050440986549,2054.3184685897204,170.26151570596144,947.7989078716671,247.34507496398004,32.81202350066348,517.1155239445823,1834.6012150046938,1931.1120467195058,189.3907482052295,931.1273446873256,272.4538835293906,32.038332068352474,517.1155239445823,1834.6012150046938,1931.1120467195058,189.3907482052295,931.1273446873256,272.4538835293906,32.038332068352474
2026-02-18 11:00:00+00:00,1035.97,4684.21,2030.9,121.34,478.13,261.51,28.71,1365.2266479127284,4690.364788089269,1963.1725449342264,119.72144955131857,797.0673768126251,236.2289095927097,35.600146170430875,517.1155239445823,1834.6012150046938,1931.1120467195058,189.3907482052295,931.1273446873256,272.4538835293906,32.038332068352474,517.1155239445823,1834.6012150046938,1931.1120467195058,189.3907482052295,931.1273446873256,272.4538835293906,32.038332068352474
2026-02-18 12:00:00+00:00,1030.08,4831.62,2014.58,2.9299939,499.57,261.61,28.71,1320.0784660018612,4347.906511234265,1952.3545272767924,105.20653202453842,741.6731856755332,225.45549529239062,37.64141147235932,517.1155239445823,1834.6012150046938,1931.1120467195058,189.3907482052295,931.1273446873256,272.4538835293906,32.038332068352474,517.1155239445823,1834.6012150046938,1931.1120467195058,189.3907482052295,931.1273446873256,272.4538835293906,32.038332068352474
2026-02-18 13:00:00+00:00,1080.14,4854.1396,2023.05,1.1300061,486.3,261.5,28.71,1203.0963713512847,3960.645782658654,1950.5457430291156,112.81498227740349,705.5636564143681,211.62974580191667,36.234994495269596,517.1155239445823,1834.6012150046938,1931.1120467195058,189.3907482052295,931.1273446873256,272.4538835293906,32.038332068352474,517.1155239445823,1834.6012150046938,1931.1120467195058,189.3907482052295,931.1273446873256,272.4538835293906,32.038332068352474
2026-02-18 14:00:00+00:00,1230.14,4895.46,2054.85,88.26,482.48,261.46,28.71,1241.31782175942,4287.909980946422,2030.319541036726,149.84295575968008,803.4926866786852,223.82369030502286,36.83223347417461,517.1155239445823,1834.6012150046938,1931.1120467195058,189.3907482052295,931.1273446873256,272.4538835293906,32.038332068352474,517.1155239445823,1834.6012150046938,1931.1120467195058,189.3907482052295,931.1273446873256,272.4538835293906,32.038332068352474
2026-02-18 15:00:00+00:00,1373.3,4948.47,2158.23,472.72,550.42,261.46,28.71,1304.839987264913,4553.660864827716,2231.336886274219,263.48046694511095,873.8126452862781,255.66660620337814,35.42679273737156,517.1155239445823,1834.6012150046938,1931.1120467195058,189.3907482052295,931.1273446873256,272.4538835293906,32.038332068352474,517.1155239445823,1834.6012150046938,1931.1120467195058,189.3907482052295,931.1273446873256,272.4538835293906,32.038332068352474
2026-02-18 16:00:00+00:00,1445.97,4975.18,2260.32,731.5,747.84,261.5,28.71,1418.1673068749728,4790.921736142588,2363.022790199769,697.4441403178553,1006.6499490619495,252.44548627444084,36.499406749340864,517.1155239445823,1834.6012150046938,1931.1120467195058,189.3907482052295,931.1273446873256,272.4538835293906,32.038332068352474,517.1155239445823,1834.6012150046938,1931.1120467195058,189.3907482052295,931.1273446873256,272.4538835293906,32.038332068352474
2026-02-18 17:00:00+00:00,1320.92,4974.07,2293.77,990.28,679.77,261.67,28.71,1008.8866438819623,4779.3042169929195,2272.742482298392,542.8205459717683,802.8512023253046,261.70133840970306,29.41659132838621,517.1155239445823,1834.6012150046938,1931.1120467195058,189.3907482052295,931.1273446873256,272.4538835293906,32.038332068352474,517.1155239445823,1834.6012150046938,1931.1120467195058,189.3907482052295,931.1273446873256,272.4538835293906,32.038332068352474
2026-02-18 18:00:00+00:00,1432.0798,5005.6396,2278.32,230.61,502.42,261.5,28.71,982.6536238291787,4296.359668729058,2258.2244893850234,394.81832266263336,587.4299820427658,271.4701408171223,29.1030773438593,517.1155239445823,1834.6012150046938,1931.1120467195058,189.3907482052295,931.1273446873256,272.4538835293906,32.038332068352474,517.1155239445823,1834.6012150046938,1931.1120467195058,189.3907482052295,931.1273446873256,272.4538835293906,32.038332068352474
2026-02-18 19:00:00+00:00,1170.1,4748.1694,2200.89,16.28,397.51004,261.69,28.71,892.4649396481833,3888.900772734848,2162.7201603968633,77.0659826822301,470.6003539137036,283.4192457871058,29.287729585659935,517.1155239445823,1834.6012150046938,1931.1120467195058,189.3907482052295,931.1273446873256,272.4538835293906,32.038332068352474,517.1155239445823,1834.6012150046938,1931.1120467195058,189.3907482052295,931.1273446873256,272.4538835293906,32.038332068352474
2026-02-18 20:00:00+00:00,892.01,4469.05,2115.18,0.3099987,406.14005,261.5,28.71,801.0679595477873,2941.834401101496,2088.9201439312105,40.98937831316897,396.49155014636074,272.6045161129746,29.31101799873766,517.1155239445823,1834.6012150046938,1931.1120467195058,189.3907482052295,931.1273446873256,272.4538835293906,32.038332068352474,517.1155239445823,1834.6012150046938,1931.1120467195058,189.3907482052295,931.1273446873256,272.4538835293906,32.038332068352474
2026-02-18 21:00:00+00:00,838.41,4374.22,2043.69,0.3099987,409.24002,261.54,28.71,561.637182808428,2634.5930346383634,1998.204293175013,23.91529872801189,412.1437597065958,270.3545735087051,28.983356568647455,517.1155239445823,1834.6012150046938,1931.1120467195058,189.3907482052295,931.1273446873256,272.4538835293906,32.038332068352474,517.1155239445823,1834.6012150046938,1931.1120467195058,189.3907482052295,931.1273446873256,272.4538835293906,32.038332068352474
2026-02-18 22:00:00+00:00,750.45,4180.32,1990.41,0.25000113,418.61002,261.58,28.71,439.33931570290963,2190.271495804096,1933.280276534113,9.503684382072237,415.0473983707136,257.23792398022385,28.949772079549074,517.1155239445823,1834.6012150046938,1931.1120467195058,189.3907482052295,931.1273446873256,272.4538835293906,32.038332068352474,517.1155239445823,1834.6012150046938,1931.1120467195058,189.3907482052295,931.1273446873256,272.4538835293906,32.038332068352474
2026-02-18 23:00:00+00:00,426.78,3162.02,1926.44,0.25000113,432.42,274.24,28.71,445.6684912010202,2073.0210732135733,1905.0702406399362,11.74685372609369,415.60630166577084,261.1739186211864,28.89423961183304,517.1155239445823,1834.6012150046938,1931.1120467195058,189.3907482052295,931.1273446873256,272.4538835293906,32.038332068352474,517.1155239445823,1834.6012150046938,1931.1120467195058,189.3907482052295,931.1273446873256,272.4538835293906,32.038332068352474
2026-02-19 00:00:00+00:00,414.27,2677.65,1911.96,0.25000113,437.28003,265.33,28.71,407.17928667961587,2069.4330406127306,1903.5209134872234,0.11742655816664183,405.1149820242756,261.0387180231562,28.965986860424714,517.1155239445823,1834.6012150046938,1931.1120467195058,189.3907482052295,931.1273446873256,272.4538835293906,32.038332068352474,517.1155239445823,1834.6012150046938,1931.1120467195058,189.3907482052295,931.1273446873256,272.4538835293906,32.038332068352474
2026-02-19 01:00:00+00:00,414.81,2437.78,1896.97,0.25000113,426.33,265.33,28.71,357.7559913335281,2167.0055397679434,1898.4696249818242,0.6696048837187334,401.2347946863588,272.2450949052508,28.937299540566283,517.1155239445823,1834.6012150046938,1931.1120467195058,189.3907482052295,931.1273446873256,272.4538835293906,32.038332068352474,517.1155239445823,1834.6012150046938,1931.1120467195058,189.3907482052295,931.1273446873256,272.4538835293906,32.038332068352474
2026-02-19 02:00:00+00:00,415.25,2472.51,1885.66,0.25000113,406.28,265.33,28.71,348.76161944204995,2220.5848685905694,1904.3949754188134,-2.183913916946949,388.63841750936376,268.5552045449306,28.97517279940265,517.1155239445823,1834.6012150046938,1931.1120467195058,189.3907482052295,931.1273446873256,272.4538835293906,32.038332068352474,517.1155239445823,1834.6012150046938,1931.1120467195058,189.3907482052295,931.1273446873256,272.4538835293906,32.038332068352474
2026-02-19 03:00:00+00:00,418.09,2501.27,1896.91,0.25000113,393.58,265.33,28.71,370.2452406415469,2379.4479358371013,1898.015086074671,-5.907006197036225,382.63778959470665,268.10400603490586,28.90346531481474,517.1155239445823,1834.6012150046938,1931.1120467195058,189.3907482052295,931.1273446873256,272.4538835293906,32.038332068352474,517.1155239445823,1834.6012150046938,1931.1120467195058,189.3907482052295,931.1273446873256,272.4538835293906,32.038332068352474
2026-02-19 04:00:00+00:00,447.08,2619.1,1932.68,0.22999686,381.65,265.33,28.71,407.3301854593313,2706.5480914494015,1943.0947814072529,11.753760064101158,373.9935867532529,276.6013049523706,28.658990451292183,517.1155239445823,1834.6012150046938,1931.1120467195058,189.3907482052295,931.1273446873256,272.4538835293906,32.038332068352474,517.1155239445823,1834.6012150046938,1931.1120467195058,189.3907482052295,931.1273446873256,272.4538835293906,32.038332068352474
2026-02-19 05:00:00+00:00,738.5,3291.05,2033.04,0.20999259,374.33,259.4,28.71,465.9380470348875,2954.5196768668707,2027.6512780872395,53.455289802867384,432.0210468920628,286.8663287646814,28.85730718094768,517.1155239445823,1834.6012150046938,1931.1120467195058,189.3907482052295,931.1273446873256,272.4538835293906,32.038332068352474,517.1155239445823,1834.6012150046938,1931.1120467195058,189.3907482052295,931.1273446873256,272.4538835293906,32.038332068352474
2026-02-19 06:00:00+00:00,679.14,3511.33,2131.46,0.30000418,378.13004,257.42,28.71,501.2205425721853,3015.0627327801594,2252.62817534077,293.60145507754083,727.7263507936386,280.749940887779,32.017404718201156,517.1155239445823,1834.6012150046938,1931.1120467195058,189.3907482052295,931.1273446873256,272.4538835293906,32.038332068352474,517.1155239445823,1834.6012150046938,1931.1120467195058,189.3907482052295,931.1273446873256,272.4538835293906,32.038332068352474
2026-02-19 07:00:00+00:00,469.63,3691.46,2179.64,49.259995,428.24,257.42,28.71,485.1595879834234,3078.6314587368015,2268.3603949063804,341.75234496511007,711.6200895506172,280.8426996884576,31.8051701544952,517.1155239445823,1834.6012150046938,1931.1120467195058,189.3907482052295,931.1273446873256,272.4538835293906,32.038332068352474,517.1155239445823,1834.6012150046938,1931.1120467195058,189.3907482052295,931.1273446873256,272.4538835293906,32.038332068352474
2026-02-19 08:00:00+00:00,417.39,3518.75,2161.84,128.73,450.63998,257.42,28.71,472.34140894512495,3144.9996878531674,2227.2741802129276,256.3098181847116,657.3122777869507,272.84359183636104,31.7022484674914,517.1155239445823,1834.6012150046938,1931.1120467195058,189.3907482052295,931.1273446873256,272.4538835293906,32.038332068352474,517.1155239445823,1834.6012150046938,1931.1120467195058,189.3907482052295,931.1273446873256,272.4538835293906,32.038332068352474
2026-02-19 09:00:00+00:00,396.33,3568.83,2109.2,139.24,407.76004,257.46,28.71,489.16031699742865,3106.672811255592,2091.03640469473,121.81102500939735,528.1445607370961,296.10914122376147,29.349207751820792,517.1155239445823,1834.6012150046938,1931.1120467195058,189.3907482052295,931.1273446873256,272.4538835293906,32.038332068352474,517.1155239445823,1834.6012150046938,1931.1120467195058,189.3907482052295,931.1273446873256,272.4538835293906,32.038332068352474
2026-02-19 10:00:00+00:00,374.31,3489.7402,2051.49,0.33000296,394.59,263.4,28.71,437.8048612552957,2950.5981072495024,1998.9456953853207,87.2483188965907,547.7270516423296,290.9822741150482,29.223655743348093,517.1155239445823,1834.6012150046938,1931.1120467195058,189.3907482052295,931.1273446873256,272.4538835293906,32.038332068352474,517.1155239445823,1834.6012150046938,1931.1120467195058,189.3907482052295,931.1273446873256,272.4538835293906,32.038332068352474
2026-02-19 11:00:00+00:00,389.01,3623.53,1993.05,0.30000418,385.42,265.41,28.71,409.6797817752447,2968.66086615523,1954.1401841055463,25.926803827412613,578.7456304957802,252.95245084780063,28.42842406888927,517.1155239445823,1834.6012150046938,1931.1120467195058,189.3907482052295,931.1273446873256,272.4538835293906,32.038332068352474,517.1155239445823,1834.6012150046938,1931.1120467195058,189.3907482052295,931.1273446873256,272.4538835293906,32.038332068352474
2026-02-19 12:00:00+00:00,372.93,3427.34,1970.12,0.30000418,362.39005,265.45,28.71,427.2876275480927,3072.8521875818888,1924.251726867341,39.40376104483454,667.6366015242543,227.00541015340588,31.163511409718218,517.1155239445823,1834.6012150046938,1931.1120467195058,189.3907482052295,931.1273446873256,272.4538835293906,32.038332068352474,517.1155239445823,1834.6012150046938,1931.1120467195058,189.3907482052295,931.1273446873256,272.4538835293906,32.038332068352474
2026-02-19 13:00:00+00:00,362.26,3378.02,1969.71,0.30000418,369.62003,265.45,28.71,461.9590704482788,2735.509963883085,1904.2863471023772,53.81212807710676,693.3176070008903,197.67837066590792,30.959237934858113,517.1155239445823,1834.6012150046938,1931.1120467195058,189.3907482052295,931.1273446873256,272.4538835293906,32.038332068352474,517.1155239445823,1834.6012150046938,1931.1120467195058,189.3907482052295,931.1273446873256,272.4538835293906,32.038332068352474
2026-02-19 14:00:00+00:00,370.19,3608.51,2000.0,35.36,373.68002,265.45,28.71,499.2884282285069,3184.008731076665,1972.5487052364797,44.42805644418152,689.4251559224751,213.53294366328532,31.194193304985703,517.1155239445823,1834.6012150046938,1931.1120467195058,189.3907482052295,931.1273446873256,272.4538835293906,32.038332068352474,517.1155239445823,1834.6012150046938,1931.1120467195058,189.3907482052295,931.1273446873256,272.4538835293906,32.038332068352474
2026-02-19 15:00:00+00:00,372.93,4045.8,2095.67,136.89,428.69998,265.45,28.71,560.4276861186689,3320.5639065535956,2168.4234467911615,174.25763615601994,732.6696522151576,233.93262149106988,32.25071871488729,517.1155239445823,1834.6012150046938,1931.1120467195058,189.3907482052295,931.1273446873256,272.4538835293906,32.038332068352474,517.1155239445823,1834.6012150046938,1931.1120467195058,189.3907482052295,931.1273446873256,272.4538835293906,32.038332068352474
2026-02-19 16:00:00+00:00,290.0,4235.81,2176.45,217.54,612.68,265.41,28.71,551.7246175155366,3695.5140664978644,2293.1780603217176,299.39859714603335,809.3746285314983,225.54933166018864,32.77156749231259,517.1155239445823,1834.6012150046938,1931.1120467195058,189.3907482052295,931.1273446873256,272.4538835293906,32.038332068352474,517.1155239445823,1834.6012150046938,1931.1120467195058,189.3907482052295,931.1273446873256,272.4538835293906,32.038332068352474
2026-02-19 17:00:00+00:00,419.0,4287.99,2218.38,226.46,492.47,265.37,28.71,604.5955610077092,3328.700266077917,2254.0645345999974,319.15460030075025,545.8219415507599,285.6587077017236,28.326017663717547,517.1155239445823,1834.6012150046938,1931.1120467195058,189.3907482052295,931.1273446873256,272.4538835293906,32.038332068352474,517.1155239445823,1834.6012150046938,1931.1120467195058,189.3907482052295,931.1273446873256,272.4538835293906,32.038332068352474
2026-02-19 18:00:00+00:00,413.5,4268.02,2203.87,124.57,442.76,265.37,28.71,515.3170993627666,3395.6832505018638,2229.98110939452,127.18403825190882,492.6923544425537,292.8885772403155,28.716509648076897,517.1155239445823,1834.6012150046938,1931.1120467195058,189.3907482052295,931.1273446873256,272.4538835293906,32.038332068352474,517.1155239445823,1834.6012150046938,1931.1120467195058,189.3907482052295,931.1273446873256,272.4538835293906,32.038332068352474
2026-02-19 19:00:00+00:00,291.0,4159.45,2116.28,0.39000052,399.30002,265.33,28.71,483.353530828924,3328.079338186465,2127.026496484067,16.19840081634095,489.7332574330232,268.59675709113594,28.628970238664614,517.1155239445823,1834.6012150046938,1931.1120467195058,189.3907482052295,931.1273446873256,272.4538835293906,32.038332068352474,517.1155239445823,1834.6012150046938,1931.1120467195058,189.3907482052295,931.1273446873256,272.4538835293906,32.038332068352474
2026-02-19 20:00:00+00:00,188.25002,4229.07,2033.99,0.30000418,396.99002,265.41,28.71,515.9839836323587,3256.989059677857,2061.3477039721506,20.391820260591913,417.4998082319802,258.3001740390061,28.963914765174653,517.1155239445823,1834.6012150046938,1931.1120467195058,189.3907482052295,931.1273446873256,272.4538835293906,32.038332068352474,517.1155239445823,1834.6012150046938,1931.1120467195058,189.3907482052295,931.1273446873256,272.4538835293906,32.038332068352474
2026-02-19 21:00:00+00:00,175.05,4163.39,1972.54,0.30000418,401.94003,265.49,28.71,447.6587745792997,3009.714515125669,2012.2877016770062,-4.161966085828794,421.17610171565747,262.58857225077116,28.903870255350903,517.1155239445823,1834.6012150046938,1931.1120467195058,189.3907482052295,931.1273446873256,272.4538835293906,32.038332068352474,517.1155239445823,1834.6012150046938,1931.1120467195058,189.3907482052295,931.1273446873256,272.4538835293906,32.038332068352474
2026-02-19 22:00:00+00:00,174.00002,4058.45,1931.1,0.30000418,403.22,265.53,28.71,384.2375882025971,3141.9274649924455,1962.6091484143258,-2.834174981794064,400.3158574263455,266.4499073436286,29.042272548685077,517.1155239445823,1834.6012150046938,1931.1120467195058,189.3907482052295,931.1273446873256,272.4538835293906,32.038332068352474,517.1155239445823,1834.6012150046938,1931.1120467195058,189.3907482052295,931.1273446873256,272.4538835293906,32.038332068352474
2026-02-19 23:00:00+00:00,200.10002,3559.62,1884.03,0.24000663,407.35,307.11,28.71,384.63126031871127,3222.4421143496775,1912.4854148504253,-1.889818879195559,389.7752443833534,266.9481949958927,29.068615602521852,517.1155239445823,1834.6012150046938,1931.1120467195058,189.3907482052295,931.1273446873256,272.4538835293906,32.038332068352474,517.1155239445823,1834.6012150046938,1931.1120467195058,189.3907482052295,931.1273446873256,272.4538835293906,32.038332068352474
2026-02-20 00:00:00+00:00,197.60002,3394.6,1867.08,0.24000663,401.87003,309.13,28.71,375.27678611166436,3159.8220536568324,1895.9197625802685,3.843018611328773,401.8115727205478,263.97876832098524,29.028189776254937,517.1155239445823,1834.6012150046938,1931.1120467195058,189.3907482052295,931.1273446873256,272.4538835293906,32.038332068352474,517.1155239445823,1834.6012150046938,1931.1120467195058,189.3907482052295,931.1273446873256,272.4538835293906,32.038332068352474
2026-02-20 01:00:00+00:00,198.2,3364.51,1860.31,0.28999442,398.09,309.17,28.71,379.56284240571836,3186.1266871294883,1892.1447560806787,5.179548620724262,418.67813954829353,260.53569571627827,29.062657353586197,517.1155239445823,1834.6012150046938,1931.1120467195058,189.3907482052295,931.1273446873256,272.4538835293906,32.038332068352474,517.1155239445823,1834.6012150046938,1931.1120467195058,189.3907482052295,931.1273446873256,272.4538835293906,32.038332068352474
2026-02-20 02:00:00+00:00,199.8,3345.26,1864.53,0.30000418,382.28,309.72,28.71,359.6647318922651,3222.076769592508,1897.0355500990554,5.553179340411361,405.9602609671979,255.55219143536684,28.937322940865844,517.1155239445823,1834.6012150046938,1931.1120467195058,189.3907482052295,931.1273446873256,272.4538835293906,32.038332068352474,517.1155239445823,1834.6012150046938,1931.1120467195058,189.3907482052295,931.1273446873256,272.4538835293906,32.038332068352474
2026-02-20 03:00:00+00:00,313.5,3348.42,1877.21,0.2700054,383.66,309.21,28.71,335.5903276955121,3242.148938775187,1896.1866474900414,4.714090116800804,380.96143645796235,255.85288865948237,28.876855986982566,517.1155239445823,1834.6012150046938,1931.1120467195058,189.3907482052295,931.1273446873256,272.4538835293906,32.038332068352474,517.1155239445823,1834.6012150046938,1931.1120467195058,189.3907482052295,931.1273446873256,272.4538835293906,32.038332068352474
2026-02-20 04:00:00+00:00,508.98,3577.25,1916.91,0.25999564,386.19003,309.25,28.71,401.2232685090692,3255.169820474912,1962.1377586382412,-9.911887553346986,407.6903889192822,255.3033705881744,28.70924101259936,517.1155239445823,1834.6012150046938,1931.1120467195058,189.3907482052295,931.1273446873256,272.4538835293906,32.038332068352474,517.1155239445823,1834.6012150046938,1931.1120467195058,189.3907482052295,931.1273446873256,272.4538835293906,32.038332068352474
2026-02-20 05:00:00+00:00,641.43,4045.51,2022.24,46.660004,398.02,304.1,28.71,425.71590085214143,3680.9752301686767,2080.2327774427226,59.3397736550169,461.28523952059413,247.25207136288833,27.931290520976326,517.1155239445823,1834.6012150046938,1931.1120467195058,189.3907482052295,931.1273446873256,272.4538835293906,32.038332068352474,517.1155239445823,1834.6012150046938,1931.1120467195058,189.3907482052295,931.1273446873256,272.4538835293906,32.038332068352474
2026-02-20 06:00:00+00:00,814.81,3845.66,2149.86,496.56003,393.54,304.82,28.71,406.2058372949112,3704.911325193463,2264.8507562669834,474.0772278207023,789.4150698178497,242.7595167055372,31.86846155571507,517.1155239445823,1834.6012150046938,1931.1120467195058,189.3907482052295,931.1273446873256,272.4538835293906,32.038332068352474,517.1155239445823,1834.6012150046938,1931.1120467195058,189.3907482052295,931.1273446873256,272.4538835293906,32.038332068352474
2026-02-20 07:00:00+00:00,906.76,3877.87,2203.64,667.12,399.06003,304.98,28.71,443.40773171292165,3953.8083961592747,2269.7189507017283,491.1560811176213,747.5821215696222,237.21353667617612,32.53964307259962,517.1155239445823,1834.6012150046938,1931.1120467195058,189.3907482052295,931.1273446873256,272.4538835293906,32.038332068352474,517.1155239445823,1834.6012150046938,1931.1120467195058,189.3907482052295,931.1273446873256,272.4538835293906,32.038332068352474
2026-02-20 08:00:00+00:00,784.02,3887.44,2175.6,332.8,402.79,305.21,28.71,337.7977423153763,3826.1855900774203,2198.756223327636,195.52569664235733,539.268092490196,229.29303958791368,28.470769516273084,517.1155239445823,1834.6012150046938,1931.1120467195058,189.3907482052295,931.1273446873256,272.4538835293906,32.038332068352474,517.1155239445823,1834.6012150046938,1931.1120467195058,189.3907482052295,931.1273446873256,272.4538835293906,32.038332068352474
2026-02-20 09:00:00+00:00,539.35,3284.86,2111.79,210.53,454.66,305.33,28.71,346.357254146675,3908.031589509321,2080.8937295699857,81.27279313725428,534.9353049715103,249.4710138582258,28.49507859583229,517.1155239445823,1834.6012150046938,1931.1120467195058,189.3907482052295,931.1273446873256,272.4538835293906,32.038332068352474,517.1155239445823,1834.6012150046938,1931.1120467195058,189.3907482052295,931.1273446873256,272.4538835293906,32.038332068352474
2026-02-20 10:00:00+00:00,475.24,2682.1,2061.21,41.910004,401.77,306.99,28.71,394.51336911967735,3993.6301682321564,1996.5485912479346,51.26896026612147,543.6729072526218,212.72922988350132,28.507427910570925,517.1155239445823,1834.6012150046938,1931.1120467195058,189.3907482052295,931.1273446873256,272.4538835293906,32.038332068352474,517.1155239445823,1834.6012150046938,1931.1120467195058,189.3907482052295,931.1273446873256,272.4538835293906,32.038332068352474
2026-02-20 11:00:00+00:00,522.14,2640.04,1995.93,0.30000418,371.15,313.05,28.71,446.15001755198404,3914.4199794995575,1985.5834116770782,56.90193249516963,674.0797505628773,204.926215482516,30.797355971734273,517.1155239445823,1834.6012150046938,1931.1120467195058,189.3907482052295,931.1273446873256,272.4538835293906,32.038332068352474,517.1155239445823,1834.6012150046938,1931.1120467195058,189.3907482052295,931.1273446873256,272.4538835293906,32.038332068352474
2026-02-20 12:00:00+00:00,684.49,2523.78,1981.08,0.30000418,367.39005,312.89,28.71,504.78940904941584,3938.841296726315,1927.4198370138765,59.74347635144855,678.9071097345588,201.4238328162436,31.47825527386232,517.1155239445823,1834.6012150046938,1931.1120467195058,189.3907482052295,931.1273446873256,272.4538835293906,32.038332068352474,517.1155239445823,1834.6012150046938,1931.1120467195058,189.3907482052295,931.1273446873256,272.4538835293906,32.038332068352474
2026-02-20 13:00:00+00:00,692.12,2645.09,1990.03,0.30000418,463.3,310.91,28.71,483.56154951617515,3974.9161229506954,1972.6624937457245,53.1609568086503,663.8126939107991,242.6315455821378,30.63741490548306,517.1155239445823,1834.6012150046938,1931.1120467195058,189.3907482052295,931.1273446873256,272.4538835293906,32.038332068352474,517.1155239445823,1834.6012150046938,1931.1120467195058,189.3907482052295,931.1273446873256,272.4538835293906,32.038332068352474
2026-02-20 14:00:00+00:00,696.67,2788.25,2041.98,24.990007,391.66,309.17,28.71,565.0393584002068,3844.4865447513707,2024.400054036934,143.51621699749538,730.1710513136583,244.8289110681401,30.795726946537375,517.1155239445823,1834.6012150046938,1931.1120467195058,189.3907482052295,931.1273446873256,272.4538835293906,32.038332068352474,517.1155239445823,1834.6012150046938,1931.1120467195058,189.3907482052295,931.1273446873256,272.4538835293906,32.038332068352474
2026-02-20 15:00:00+00:00,707.75,2977.35,2159.3,196.4,453.09,312.73,28.71,673.9104894561234,4004.835539770206,2206.0283267258606,180.90706064624877,708.2676685250943,236.84642664461742,31.03479544995363,517.1155239445823,1834.6012150046938,1931.1120467195058,189.3907482052295,931.1273446873256,272.4538835293906,32.038332068352474,517.1155239445823,1834.6012150046938,1931.1120467195058,189.3907482052295,931.1273446873256,272.4538835293906,32.038332068352474
2026-02-20 16:00:00+00:00,724.12,3043.58,2250.13,323.23,460.79,313.32,28.71,674.9527021098113,4035.399798004004,2310.0612753236373,339.4423609118293,573.9196746827715,221.95083105121233,33.558472411907644,517.1155239445823,1834.6012150046938,1931.1120467195058,189.3907482052295,931.1273446873256,272.4538835293906,32.038332068352474,517.1155239445823,1834.6012150046938,1931.1120467195058,189.3907482052295,931.1273446873256,272.4538835293906,32.038332068352474
2026-02-20 17:00:00+00:00,730.73,2751.05,2285.71,45.58998,373.98,316.29,28.71,521.416895575399,3831.8844081191683,2291.5267861578204,301.99239493427535,505.54119551012707,256.48324513697474,28.669919153400826,517.1155239445823,1834.6012150046938,1931.1120467195058,189.3907482052295,931.1273446873256,272.4538835293906,32.038332068352474,517.1155239445823,1834.6012150046938,1931.1120467195058,189.3907482052295,931.1273446873256,272.4538835293906,32.038332068352474
2026-02-20 18:00:00+00:00,726.53,2511.84,2254.58,0.30000418,373.26004,312.97,28.71,457.7341038910943,3563.1812455514273,2249.3089757867815,121.49011010102525,493.00140593447986,276.32094961151535,28.81943074777004,517.1155239445823,1834.6012150046938,1931.1120467195058,189.3907482052295,931.1273446873256,272.4538835293906,32.038332068352474,517.1155239445823,1834.6012150046938,1931.1120467195058,189.3907482052295,931.1273446873256,272.4538835293906,32.038332068352474
2026-02-20 19:00:00+00:00,742.35,2392.02,2175.42,0.30000418,360.46,312.97,28.71,362.6433970911042,3057.0621883591057,2142.7740764270166,26.761497125194524,449.8734588414808,278.19625180511815,28.96659384467651,517.1155239445823,1834.6012150046938,1931.1120467195058,189.3907482052295,931.1273446873256,272.4538835293906,32.038332068352474,517.1155239445823,1834.6012150046938,1931.1120467195058,189.3907482052295,931.1273446873256,272.4538835293906,32.038332068352474
2026-02-20 20:00:00+00:00,561.05,2381.68,2089.46,0.14999503,371.55002,312.97,28.71,365.67182348121435,2583.408814471939,2047.3153467683182,34.12670534607648,441.3404181436761,276.6347587557548,28.285263353787084,517.1155239445823,1834.6012150046938,1931.1120467195058,189.3907482052295,931.1273446873256,272.4538835293906,32.038332068352474,517.1155239445823,1834.6012150046938,1931.1120467195058,189.3907482052295,931.1273446873256,272.4538835293906,32.038332068352474
2026-02-20 21:00:00+00:00,378.47,2359.51,2014.6,0.11000174,379.51004,312.97,28.71,305.3294742185638,2041.9274100793766,1992.3387405944125,11.27371282581592,453.72402923496793,261.46540975367253,28.793054490809183,517.1155239445823,1834.6012150046938,1931.1120467195058,189.3907482052295,931.1273446873256,272.4538835293906,32.038332068352474,517.1155239445823,1834.6012150046938,1931.1120467195058,189.3907482052295,931.1273446873256,272.4538835293906,32.038332068352474
2026-02-20 22:00:00+00:00,354.85,2095.89,1953.85,0.11000174,377.39005,313.01,28.71,288.97076793628196,1570.4233340324558,1946.7066009361758,12.337301484326645,437.35968791355344,264.21703077508494,28.74772989965242,517.1155239445823,1834.6012150046938,1931.1120467195058,189.3907482052295,931.1273446873256,272.4538835293906,32.038332068352474,517.1155239445823,1834.6012150046938,1931.1120467195058,189.3907482052295,931.1273446873256,272.4538835293906,32.038332068352474
2026-02-20 23:00:00+00:00,410.87,1276.15,1900.04,0.059998695,379.97,283.33,28.71,284.24801804463993,1403.9660585334439,1918.997758707098,18.632101115857097,447.3896766335894,226.83872118273774,28.184832175925802,517.1155239445823,1834.6012150046938,1931.1120467195058,189.3907482052295,931.1273446873256,272.4538835293906,32.038332068352474,517.1155239445823,1834.6012150046938,1931.1120467195058,189.3907482052295,931.1273446873256,272.4538835293906,32.038332068352474
2026-02-21 00:00:00+00:00,409.73,1176.15,1887.82,0.029984655,366.26004,273.52,28.71,287.7673815057453,1262.4714124992931,1897.171970839779,-14.293637989458801,419.9571120253123,268.5117504808365,28.757948070393248,517.1155239445823,1834.6012150046938,1931.1120467195058,189.3907482052295,931.1273446873256,272.4538835293906,32.038332068352474,517.1155239445823,1834.6012150046938,1931.1120467195058,189.3907482052295,931.1273446873256,272.4538835293906,32.038332068352474
2026-02-21 01:00:00+00:00,362.2,1180.6,1883.41,1.134917e-06,363.02,273.48,28.71,276.87997485175356,1149.9822657505642,1884.458175379598,-14.293637989458801,400.7072073728908,254.46586342320805,28.957465574269996,517.1155239445823,1834.6012150046938,1931.1120467195058,189.3907482052295,931.1273446873256,272.4538835293906,32.038332068352474,517.1155239445823,1834.6012150046938,1931.1120467195058,189.3907482052295,931.1273446873256,272.4538835293906,32.038332068352474
2026-02-21 02:00:00+00:00,204.50002,1187.89,1889.16,1.134917e-06,359.91,273.52,28.71,300.0926054188717,1247.1786772763671,1897.0114391421043,-12.628431585404627,409.4641126817812,252.53416177090855,29.016022537494578,517.1155239445823,1834.6012150046938,1931.1120467195058,189.3907482052295,931.1273446873256,272.4538835293906,32.038332068352474,517.1155239445823,1834.6012150046938,1931.1120467195058,189.3907482052295,931.1273446873256,272.4538835293906,32.038332068352474
2026-02-21 03:00:00+00:00,213.95,1193.24,1907.5,1.134917e-06,358.35,273.52,28.71,312.88105542228146,1140.110318240144,1909.265309083683,-14.69518993759408,431.69084205862004,249.21974190504832,28.959329436971636,517.1155239445823,1834.6012150046938,1931.1120467195058,189.3907482052295,931.1273446873256,272.4538835293906,32.038332068352474,517.1155239445823,1834.6012150046938,1931.1120467195058,189.3907482052295,931.1273446873256,272.4538835293906,32.038332068352474
2026-02-21 04:00:00+00:00,236.00002,1202.55,1948.17,1.134917e-06,365.21,273.48,28.71,315.69332444034154,1077.0595492767216,1912.0763054794756,1.3501570863225538,439.48802540354376,247.41114778032065,28.901838399674283,517.1155239445823,1834.6012150046938,1931.1120467195058,189.3907482052295,931.1273446873256,272.4538835293906,32.038332068352474,517.1155239445823,1834.6012150046938,1931.1120467195058,189.3907482052295,931.1273446873256,272.4538835293906,32.038332068352474
2026-02-21 05:00:00+00:00,280.7,1204.35,2081.9,1.134917e-06,364.70004,270.52,28.71,321.7655050389003,1196.836660165594,2009.0551845457185,25.668734658875138,439.91469082150934,248.46588592985864,28.896378616207322,517.1155239445823,1834.6012150046938,1931.1120467195058,189.3907482052295,931.1273446873256,272.4538835293906,32.038332068352474,517.1155239445823,1834.6012150046938,1931.1120467195058,189.3907482052295,931.1273446873256,272.4538835293906,32.038332068352474
2026-02-21 06:00:00+00:00,286.4,1268.1,2231.85,0.029984655,364.21,269.53,28.71,355.6821376828925,1050.3684964446961,2119.745306685843,209.15479264598386,619.4346153060528,186.8570682813309,34.92917541154329,517.1155239445823,1834.6012150046938,1931.1120467195058,189.3907482052295,931.1273446873256,272.4538835293906,32.038332068352474,517.1155239445823,1834.6012150046938,1931.1120467195058,189.3907482052295,931.1273446873256,272.4538835293906,32.038332068352474
2026-02-21 07:00:00+00:00,284.25,1346.51,2278.44,0.059998695,374.44003,269.53,28.71,306.29070189444644,1229.4680393583808,2143.746859978672,156.35643480289366,617.6828155046003,197.44803124137508,35.13016339021319,517.1155239445823,1834.6012150046938,1931.1120467195058,189.3907482052295,931.1273446873256,272.4538835293906,32.038332068352474,517.1155239445823,1834.6012150046938,1931.1120467195058,189.3907482052295,931.1273446873256,272.4538835293906,32.038332068352474
2026-02-21 08:00:00+00:00,274.25,1353.5,2256.95,0.059998695,382.94003,269.49,28.71,291.70095159168324,1260.8968272076938,2133.374547359788,156.71731761165964,595.016088318071,190.2847127867987,33.70738235059951,517.1155239445823,1834.6012150046938,1931.1120467195058,189.3907482052295,931.1273446873256,272.4538835293906,32.038332068352474,517.1155239445823,1834.6012150046938,1931.1120467195058,189.3907482052295,931.1273446873256,272.4538835293906,32.038332068352474
2026-02-21 09:00:00+00:00,261.89996,1340.63,2186.51,0.22999686,389.84,269.49,28.71,313.60718057110336,1325.3619133561656,2073.970313015252,71.60883173948169,611.0288079012132,212.7274961169842,33.80447687877302,517.1155239445823,1834.6012150046938,1931.1120467195058,189.3907482052295,931.1273446873256,272.4538835293906,32.038332068352474,517.1155239445823,1834.6012150046938,1931.1120467195058,189.3907482052295,931.1273446873256,272.4538835293906,32.038332068352474
2026-02-21 10:00:00+00:00,246.3,1333.27,2116.06,31.020021,389.79,272.46,28.71,304.05754880047823,1310.733644860134,1861.658507478982,16.769796039077846,611.5237686568877,234.62551022733007,33.49178578456123,517.1155239445823,1834.6012150046938,1931.1120467195058,189.3907482052295,931.1273446873256,272.4538835293906,32.038332068352474,517.1155239445823,1834.6012150046938,1931.1120467195058,189.3907482052295,931.1273446873256,272.4538835293906,32.038332068352474
2026-02-21 11:00:00+00:00,232.85002,1330.3,2045.05,0.5599987,390.37003,273.41,28.71,290.9445999102152,1107.5756287755019,1826.7979259120193,68.75751967975279,563.1074740201495,207.1958328490434,33.07487960816532,517.1155239445823,1834.6012150046938,1931.1120467195058,189.3907482052295,931.1273446873256,272.4538835293906,32.038332068352474,517.1155239445823,1834.6012150046938,1931.1120467195058,189.3907482052295,931.1273446873256,272.4538835293906,32.038332068352474
2026-02-21 12:00:00+00:00,222.40001,1274.13,2028.02,29.020006,394.68002,273.41,28.71,280.81404091067293,1247.0680241374337,1864.8956437549282,60.96083393644574,554.8764026985727,241.9400563440689,34.60865359094966,517.1155239445823,1834.6012150046938,1931.1120467195058,189.3907482052295,931.1273446873256,272.4538835293906,32.038332068352474,517.1155239445823,1834.6012150046938,1931.1120467195058,189.3907482052295,931.1273446873256,272.4538835293906,32.038332068352474
2026-02-21 13:00:00+00:00,216.50002,1330.05,2033.08,75.24,388.05002,273.41,28.71,264.81853767021704,1302.0400613467768,1964.7413707684887,73.15601514834688,615.2616596481387,279.1829563869754,34.05677189873417,517.1155239445823,1834.6012150046938,1931.1120467195058,189.3907482052295,931.1273446873256,272.4538835293906,32.038332068352474,517.1155239445823,1834.6012150046938,1931.1120467195058,189.3907482052295,931.1273446873256,272.4538835293906,32.038332068352474
2026-02-21 14:00:00+00:00,215.35002,1365.35,2068.07,236.72,393.88004,273.37,28.71,263.3858101383577,1307.1857257102129,2054.7004616795884,167.6677307069806,593.5792820025545,265.2392987392287,34.156758832244535,517.1155239445823,1834.6012150046938,1931.1120467195058,189.3907482052295,931.1273446873256,272.4538835293906,32.038332068352474,517.1155239445823,1834.6012150046938,1931.1120467195058,189.3907482052295,931.1273446873256,272.4538835293906,32.038332068352474
2026-02-21 15:00:00+00:00,219.8,1413.29,2156.85,974.21,438.72,277.14,28.71,265.9883182478969,1441.6024791040136,2163.213182210094,235.97599236426322,589.9825571340591,261.5016528675402,34.24278464936756,517.1155239445823,1834.6012150046938,1931.1120467195058,189.3907482052295,931.1273446873256,272.4538835293906,32.038332068352474,517.1155239445823,1834.6012150046938,1931.1120467195058,189.3907482052295,931.1273446873256,272.4538835293906,32.038332068352474
2026-02-21 16:00:00+00:00,264.89996,1471.04,2242.56,975.5125,469.15,277.04,28.71,424.71447005471487,1702.4525715493066,2283.4433967451873,550.755762896694,596.9953760909536,267.7436918712569,35.31597835278072,517.1155239445823,1834.6012150046938,1931.1120467195058,189.3907482052295,931.1273446873256,272.4538835293906,32.038332068352474,517.1155239445823,1834.6012150046938,1931.1120467195058,189.3907482052295,931.1273446873256,272.4538835293906,32.038332068352474
2026-02-21 17:00:00+00:00,280.2,1521.42,2258.97,976.815,441.69,277.95,28.71,628.6177069755703,2075.126796375497,2295.2106635906453,596.6287923327263,473.79795983716525,290.93830676990524,28.22254208894034,517.1155239445823,1834.6012150046938,1931.1120467195058,189.3907482052295,931.1273446873256,272.4538835293906,32.038332068352474,517.1155239445823,1834.6012150046938,1931.1120467195058,189.3907482052295,931.1273446873256,272.4538835293906,32.038332068352474
2026-02-21 18:00:00+00:00,282.3,1501.64,2230.65,978.1175,502.14996,277.24,28.71,620.8246014047962,2535.3290919245756,2281.935300066318,350.3497214939746,468.31553139486834,291.14097412379766,28.541109322021242,517.1155239445823,1834.6012150046938,1931.1120467195058,189.3907482052295,931.1273446873256,272.4538835293906,32.038332068352474,517.1155239445823,1834.6012150046938,1931.1120467195058,189.3907482052295,931.1273446873256,272.4538835293906,32.038332068352474
2026-02-21 19:00:00+00:00,274.3,1447.28,2129.94,979.42,527.47,277.84,28.71,501.8183374889995,2202.9726951572784,2144.7383683172393,143.11000749500613,462.874002133143,276.4449204410555,28.714569901182248,517.1155239445823,1834.6012150046938,1931.1120467195058,189.3907482052295,931.1273446873256,272.4538835293906,32.038332068352474,517.1155239445823,1834.6012150046938,1931.1120467195058,189.3907482052295,931.1273446873256,272.4538835293906,32.038332068352474
2026-02-21 20:00:00+00:00,227.2,1416.06,2040.3,546.14,447.87,275.72,28.71,290.66466027915044,2061.9922404962394,2097.0008984759606,108.69433087391752,459.3995977815014,286.1130339710877,28.780118265130135,517.1155239445823,1834.6012150046938,1931.1120467195058,189.3907482052295,931.1273446873256,272.4538835293906,32.038332068352474,517.1155239445823,1834.6012150046938,1931.1120467195058,189.3907482052295,931.1273446873256,272.4538835293906,32.038332068352474
2026-02-21 21:00:00+00:00,198.3,1390.31,1976.79,741.45,456.95,273.41,28.71,242.2992947141144,1219.9806484503767,2005.604348852588,91.87753826708027,463.28352464131484,288.43110279252,28.837683451429363,517.1155239445823,1834.6012150046938,1931.1120467195058,189.3907482052295,931.1273446873256,272.4538835293906,32.038332068352474,517.1155239445823,1834.6012150046938,1931.1120467195058,189.3907482052295,931.1273446873256,272.4538835293906,32.038332068352474
2026-02-21 22:00:00+00:00,169.3,1341.57,1930.07,503.77,622.64996,276.29,28.71,271.1492255316343,1157.2300737661885,1918.605892281172,15.064763181006242,440.8814201451656,278.5543909258108,29.023063192912776,517.1155239445823,1834.6012150046938,1931.1120467195058,189.3907482052295,931.1273446873256,272.4538835293906,32.038332068352474,517.1155239445823,1834.6012150046938,1931.1120467195058,189.3907482052295,931.1273446873256,272.4538835293906,32.038332068352474
2026-02-21 23:00:00+00:00,164.90001,1305.58,1887.45,1.9799969,639.7,281.67,28.71,251.39151514365636,919.5247088721012,1867.7393687330673,22.372569815435412,436.6657639669042,273.20988006186855,28.868409740802093,517.1155239445823,1834.6012150046938,1931.1120467195058,189.3907482052295,931.1273446873256,272.4538835293906,32.038332068352474,517.1155239445823,1834.6012150046938,1931.1120467195058,189.3907482052295,931.1273446873256,272.4538835293906,32.038332068352474
2026-02-22 00:00:00+00:00,163.15001,1229.19,1878.59,0.25000113,620.9,278.63,28.71,201.71106345584366,870.6963933162299,1866.4864826391954,4.0048647411302625,443.95872366209767,277.75025604939367,29.085862747486964,517.1155239445823,1834.6012150046938,1931.1120467195058,189.3907482052295,931.1273446873256,272.4538835293906,32.038332068352474,517.1155239445823,1834.6012150046938,1931.1120467195058,189.3907482052295,931.1273446873256,272.4538835293906,32.038332068352474
2026-02-22 01:00:00+00:00,141.90001,1143.1101,1871.83,0.20999259,621.17,278.9,28.71,221.880021225179,1010.8699829836215,1843.8303052523045,13.787756790964664,459.2076213320429,269.1108154382378,29.215071385470107,517.1155239445823,1834.6012150046938,1931.1120467195058,189.3907482052295,931.1273446873256,272.4538835293906,32.038332068352474,517.1155239445823,1834.6012150046938,1931.1120467195058,189.3907482052295,931.1273446873256,272.4538835293906,32.038332068352474
2026-02-22 02:00:00+00:00,128.10002,1147.32,1870.53,0.08000296,642.53,278.47,28.71,192.9271340571782,1028.035070016626,1840.3235928020326,24.058824694822817,446.0269822425147,264.3911569603294,29.165137138796926,517.1155239445823,1834.6012150046938,1931.1120467195058,189.3907482052295,931.1273446873256,272.4538835293906,32.038332068352474,517.1155239445823,1834.6012150046938,1931.1120467195058,189.3907482052295,931.1273446873256,272.4538835293906,32.038332068352474
2026-02-22 03:00:00+00:00,114.500015,1155.88,1887.88,0.009995642,666.76,277.8,28.71,200.93266209222008,1018.4894426075122,1863.0924915661685,19.961738655672434,444.2440738000685,255.14694844216734,28.97627257535309,517.1155239445823,1834.6012150046938,1931.1120467195058,189.3907482052295,931.1273446873256,272.4538835293906,32.038332068352474,517.1155239445823,1834.6012150046938,1931.1120467195058,189.3907482052295,931.1273446873256,272.4538835293906,32.038332068352474
2026-02-22 04:00:00+00:00,136.3,1155.75,1929.45,1.134917e-06,675.28,274.2,28.71,186.1329768522986,889.2283263361829,1849.479356002011,32.90835102567135,418.92527986040045,224.0071944113569,29.162013846348092,517.1155239445823,1834.6012150046938,1931.1120467195058,189.3907482052295,931.1273446873256,272.4538835293906,32.038332068352474,517.1155239445823,1834.6012150046938,1931.1120467195058,189.3907482052295,931.1273446873256,272.4538835293906,32.038332068352474
2026-02-22 05:00:00+00:00,140.7,1148.84,2060.35,1.134917e-06,682.99,270.36,28.71,167.4777189512871,844.3935329448825,1917.4172030723807,61.430552956056786,442.326980055667,239.04766965705755,28.76523863570332,517.1155239445823,1834.6012150046938,1931.1120467195058,189.3907482052295,931.1273446873256,272.4538835293906,32.038332068352474,517.1155239445823,1834.6012150046938,1931.1120467195058,189.3907482052295,931.1273446873256,272.4538835293906,32.038332068352474
2026-02-22 06:00:00+00:00,148.65001,1148.33,2209.98,1.134917e-06,683.17,269.37,28.71,132.9586117611649,621.5148754602917,1944.6306898096375,98.91048008526444,634.0625286086408,157.83189320085964,35.5800237289783,517.1155239445823,1834.6012150046938,1931.1120467195058,189.3907482052295,931.1273446873256,272.4538835293906,32.038332068352474,517.1155239445823,1834.6012150046938,1931.1120467195058,189.3907482052295,931.1273446873256,272.4538835293906,32.038332068352474
2026-02-22 07:00:00+00:00,209.8,1157.79,2252.96,1.134917e-06,682.85,269.37,28.71,142.31896116520977,597.6659180028923,1968.4878346709859,71.56811246469991,661.2511519642285,165.60663146701265,35.32782289954271,517.1155239445823,1834.6012150046938,1931.1120467195058,189.3907482052295,931.1273446873256,272.4538835293906,32.038332068352474,517.1155239445823,1834.6012150046938,1931.1120467195058,189.3907482052295,931.1273446873256,272.4538835293906,32.038332068352474
2026-02-22 08:00:00+00:00,204.2,1157.78,2209.64,0.13000602,702.94,269.92,28.71,156.63677249237855,586.0990633143122,1962.2209727742857,102.1392507936155,616.5954591485533,231.83935866127823,34.275014056273534,517.1155239445823,1834.6012150046938,1931.1120467195058,189.3907482052295,931.1273446873256,272.4538835293906,32.038332068352474,517.1155239445823,1834.6012150046938,1931.1120467195058,189.3907482052295,931.1273446873256,272.4538835293906,32.038332068352474
2026-02-22 09:00:00+00:00,196.90001,1157.1,2135.17,0.25999564,709.8,271.59,28.71,184.3325544973705,565.2802168707622,1903.1236603772602,68.19790171184137,679.1017027122127,232.04723347387073,34.819001883527605,517.1155239445823,1834.6012150046938,1931.1120467195058,189.3907482052295,931.1273446873256,272.4538835293906,32.038332068352474,517.1155239445823,1834.6012150046938,1931.1120467195058,189.3907482052295,931.1273446873256,272.4538835293906,32.038332068352474
2026-02-22 10:00:00+00:00,184.40001,1145.61,2074.91,0.25999564,701.59,275.62,28.71,186.45665700142575,607.8594386673662,1847.3944638214934,23.234036230148803,638.0850433678597,224.75217450695595,34.22433467766304,517.1155239445823,1834.6012150046938,1931.1120467195058,189.3907482052295,931.1273446873256,272.4538835293906,32.038332068352474,517.1155239445823,1834.6012150046938,1931.1120467195058,189.3907482052295,931.1273446873256,272.4538835293906,32.038332068352474
2026-02-22 11:00:00+00:00,166.7,1145.24,2004.91,0.22999686,704.22,277.36,28.71,173.0668024731773,581.5440937605103,1798.2219924975625,10.31259238211942,678.2206180630358,246.9304878507495,34.28739691336456,517.1155239445823,1834.6012150046938,1931.1120467195058,189.3907482052295,931.1273446873256,272.4538835293906,32.038332068352474,517.1155239445823,1834.6012150046938,1931.1120467195058,189.3907482052295,931.1273446873256,272.4538835293906,32.038332068352474
2026-02-22 12:00:00+00:00,156.8,1145.54,1978.11,0.19999808,696.94,279.42,28.71,174.4116283263432,637.62580399067,1775.2906078809672,-12.096110278832327,664.7555078953467,192.9482635454453,34.791855470047416,517.1155239445823,1834.6012150046938,1931.1120467195058,189.3907482052295,931.1273446873256,272.4538835293906,32.038332068352474,517.1155239445823,1834.6012150046938,1931.1120467195058,189.3907482052295,931.1273446873256,272.4538835293906,32.038332068352474
2026-02-22 13:00:00+00:00,150.10002,1145.88,1981.17,0.19999808,699.53,278.83,28.71,135.87657997447383,664.4686154942394,1822.6083228555392,-10.895896105708943,652.8323684854893,223.992955221069,34.10808690119496,517.1155239445823,1834.6012150046938,1931.1120467195058,189.3907482052295,931.1273446873256,272.4538835293906,32.038332068352474,517.1155239445823,1834.6012150046938,1931.1120467195058,189.3907482052295,931.1273446873256,272.4538835293906,32.038332068352474
2026-02-22 14:00:00+00:00,153.45,1146.3301,2022.76,0.19999808,676.06,277.4,28.71,132.64966892004236,683.3008607666341,1909.6717657478946,65.44932790726763,634.8855634396095,211.49785287419235,34.57494071764122,517.1155239445823,1834.6012150046938,1931.1120467195058,189.3907482052295,931.1273446873256,272.4538835293906,32.038332068352474,517.1155239445823,1834.6012150046938,1931.1120467195058,189.3907482052295,931.1273446873256,272.4538835293906,32.038332068352474
2026-02-22 15:00:00+00:00,160.35002,1201.93,2139.81,44.740005,678.92,275.66,28.71,153.84105520772624,611.4754524124112,1963.2418195606178,177.3975221708857,689.9380192745837,203.82616729017064,35.0818321594022,517.1155239445823,1834.6012150046938,1931.1120467195058,189.3907482052295,931.1273446873256,272.4538835293906,32.038332068352474,517.1155239445823,1834.6012150046938,1931.1120467195058,189.3907482052295,931.1273446873256,272.4538835293906,32.038332068352474
2026-02-22 16:00:00+00:00,177.10002,1229.27,2249.9,447.99,661.39,275.5,28.71,212.59088092212528,732.206854543731,2209.59118659047,468.01125165318405,760.3419810968196,199.15315042316405,35.63715595128609,517.1155239445823,1834.6012150046938,1931.1120467195058,189.3907482052295,931.1273446873256,272.4538835293906,32.038332068352474,517.1155239445823,1834.6012150046938,1931.1120467195058,189.3907482052295,931.1273446873256,272.4538835293906,32.038332068352474
2026-02-22 17:00:00+00:00,220.00002,1333.84,2295.62,882.15,653.69,274.16,28.71,332.933386789248,827.9233840455774,2244.9188647268734,482.07950585865916,653.2030533238441,275.1238764438902,28.298548261484374,517.1155239445823,1834.6012150046938,1931.1120467195058,189.3907482052295,931.1273446873256,272.4538835293906,32.038332068352474,517.1155239445823,1834.6012150046938,1931.1120467195058,189.3907482052295,931.1273446873256,272.4538835293906,32.038332068352474
2026-02-22 18:00:00+00:00,225.05,1343.4,2290.3,686.78,645.94,273.29,28.71,358.4910660833559,1034.7816921196695,2222.201995851113,301.9533033710387,604.8849128269475,254.96048605850265,28.543701012229235,517.1155239445823,1834.6012150046938,1931.1120467195058,189.3907482052295,931.1273446873256,272.4538835293906,32.038332068352474,517.1155239445823,1834.6012150046938,1931.1120467195058,189.3907482052295,931.1273446873256,272.4538835293906,32.038332068352474
2026-02-22 19:00:00+00:00,222.2,1341.96,2224.81,838.79,624.72,273.33,28.71,379.1889573220616,835.827458176968,2114.695974092522,215.79724057176378,607.8980828752763,254.218901409082,28.118813099434007,517.1155239445823,1834.6012150046938,1931.1120467195058,189.3907482052295,931.1273446873256,272.4538835293906,32.038332068352474,517.1155239445823,1834.6012150046938,1931.1120467195058,189.3907482052295,931.1273446873256,272.4538835293906,32.038332068352474
2026-02-22 20:00:00+00:00,179.7,1267.16,2139.05,434.83,621.06,273.88,28.71,329.8544067180549,1332.924006790202,2052.8550928431887,139.109123813496,558.9761803492604,255.07793747522874,28.055267118304844,517.1155239445823,1834.6012150046938,1931.1120467195058,189.3907482052295,931.1273446873256,272.4538835293906,32.038332068352474,517.1155239445823,1834.6012150046938,1931.1120467195058,189.3907482052295,931.1273446873256,272.4538835293906,32.038332068352474
2026-02-22 21:00:00+00:00,175.85002,1215.43,2067.63,507.05,614.42,277.32,28.71,244.86263940409793,1222.5793587335254,1952.328828311309,89.70222582824915,559.9029835619563,246.6281458875942,27.613037723526983,517.1155239445823,1834.6012150046938,1931.1120467195058,189.3907482052295,931.1273446873256,272.4538835293906,32.038332068352474,517.1155239445823,1834.6012150046938,1931.1120467195058,189.3907482052295,931.1273446873256,272.4538835293906,32.038332068352474
2026-02-22 22:00:00+00:00,172.40001,1216.98,2011.73,13.270005,605.65,279.34,28.71,223.793866169522,1244.6107446083015,1874.239460662166,30.51408930853401,555.9660259716953,250.59469189975184,27.83755111372659,517.1155239445823,1834.6012150046938,1931.1120467195058,189.3907482052295,931.1273446873256,272.4538835293906,32.038332068352474,517.1155239445823,1834.6012150046938,1931.1120467195058,189.3907482052295,931.1273446873256,272.4538835293906,32.038332068352474
2026-02-22 23:00:00+00:00,147.2,1212.13,1957.98,0.20999259,607.99,287.61,28.71,197.2720077166365,1058.1601164412455,1859.668214553697,17.73708787215722,523.5494008342155,255.26816642843087,27.64622483975754,517.1155239445823,1834.6012150046938,1931.1120467195058,189.3907482052295,931.1273446873256,272.4538835293906,32.038332068352474,517.1155239445823,1834.6012150046938,1931.1120467195058,189.3907482052295,931.1273446873256,272.4538835293906,32.038332068352474
2026-02-23 00:00:00+00:00,147.05,1214.7,1934.67,0.039979164,605.99,278.03,28.71,193.5594117475555,787.6355034361973,1797.6472165709908,0.29841181181868137,540.6901454397876,249.2938526402779,28.941425958249525,517.1155239445823,1834.6012150046938,1931.1120467195058,189.3907482052295,931.1273446873256,272.4538835293906,32.038332068352474,517.1155239445823,1834.6012150046938,1931.1120467195058,189.3907482052295,931.1273446873256,272.4538835293906,32.038332068352474
2026-02-23 01:00:00+00:00,150.8,1220.84,1915.42,0.019990148,610.35,276.93,28.71,181.83473671420273,786.3312396964834,1797.9777097389992,4.711940506043504,462.8386403418401,262.2296922257932,28.39690451064728,517.1155239445823,1834.6012150046938,1931.1120467195058,189.3907482052295,931.1273446873256,272.4538835293906,32.038332068352474,517.1155239445823,1834.6012150046938,1931.1120467195058,189.3907482052295,931.1273446873256,272.4538835293906,32.038332068352474
2026-02-23 02:00:00+00:00,150.65001,1198.34,1909.09,1.134917e-06,611.94,275.82,28.71,185.64082609543402,688.6523525212247,1805.6738381275838,35.626643764560725,470.59696091860707,279.6936242430159,28.262328411323978,517.1155239445823,1834.6012150046938,1931.1120467195058,189.3907482052295,931.1273446873256,272.4538835293906,32.038332068352474,517.1155239445823,1834.6012150046938,1931.1120467195058,189.3907482052295,931.1273446873256,272.4538835293906,32.038332068352474
2026-02-23 03:00:00+00:00,151.50002,1240.06,1922.94,0.050004188,613.74,271.82,28.71,198.74408045755712,1047.066367004727,1844.5923152380421,0.14071258799711472,475.1364878427295,273.16112733094656,29.035403761717234,517.1155239445823,1834.6012150046938,1931.1120467195058,189.3907482052295,931.1273446873256,272.4538835293906,32.038332068352474,517.1155239445823,1834.6012150046938,1931.1120467195058,189.3907482052295,931.1273446873256,272.4538835293906,32.038332068352474
2026-02-23 04:00:00+00:00,195.75002,1304.73,1964.77,0.11000174,617.52,263.51,28.71,256.031853137026,1173.8890086654426,1885.6413140891211,59.92064483419725,493.37505068110664,268.6862965006969,29.14191364313786,517.1155239445823,1834.6012150046938,1931.1120467195058,189.3907482052295,931.1273446873256,272.4538835293906,32.038332068352474,517.1155239445823,1834.6012150046938,1931.1120467195058,189.3907482052295,931.1273446873256,272.4538835293906,32.038332068352474
2026-02-23 05:00:00+00:00,216.7,1422.1,2089.26,51.020004,615.94,261.54,28.71,229.2107917468769,1513.513747683368,2040.0985891928242,91.32023025840519,495.80575547700346,270.85040213326903,28.87033122357365,517.1155239445823,1834.6012150046938,1931.1120467195058,189.3907482052295,931.1273446873256,272.4538835293906,32.038332068352474,517.1155239445823,1834.6012150046938,1931.1120467195058,189.3907482052295,931.1273446873256,272.4538835293906,32.038332068352474
2026-02-23 06:00:00+00:00,221.8,1501.89,2221.2,380.63,615.36,261.54,28.71,268.05209214668776,1159.1466274747713,2202.266631765706,449.4901834467318,747.9355104944225,224.29274292905808,34.29700119134007,517.1155239445823,1834.6012150046938,1931.1120467195058,189.3907482052295,931.1273446873256,272.4538835293906,32.038332068352474,517.1155239445823,1834.6012150046938,1931.1120467195058,189.3907482052295,931.1273446873256,272.4538835293906,32.038332068352474
2026-02-23 07:00:00+00:00,221.45,1555.32,2255.21,627.99,654.28,261.54,28.71,247.5661656522728,1020.6226879050095,2177.095072538643,375.74242587511054,764.9438932206151,233.77674849682833,33.057687600440474,517.1155239445823,1834.6012150046938,1931.1120467195058,189.3907482052295,931.1273446873256,272.4538835293906,32.038332068352474,517.1155239445823,1834.6012150046938,1931.1120467195058,189.3907482052295,931.1273446873256,272.4538835293906,32.038332068352474
2026-02-23 08:00:00+00:00,201.2,1502.45,2225.69,345.26,642.16,261.5,28.71,325.5779344989793,1046.2130811796965,2074.736323753508,269.27692265582226,760.846630079531,226.2605519989297,33.59358380859119,517.1155239445823,1834.6012150046938,1931.1120467195058,189.3907482052295,931.1273446873256,272.4538835293906,32.038332068352474,517.1155239445823,1834.6012150046938,1931.1120467195058,189.3907482052295,931.1273446873256,272.4538835293906,32.038332068352474
2026-02-23 09:00:00+00:00,174.15001,1469.45,2148.52,33.14998,655.71,261.5,28.71,316.43465626728903,1112.7855308286244,1936.0685538053606,122.8195927816466,676.587004362327,260.15767478847795,31.639289739534117,517.1155239445823,1834.6012150046938,1931.1120467195058,189.3907482052295,931.1273446873256,272.4538835293906,32.038332068352474,517.1155239445823,1834.6012150046938,1931.1120467195058,189.3907482052295,931.1273446873256,272.4538835293906,32.038332068352474
2026-02-23 10:00:00+00:00,149.50002,1356.98,2072.06,0.22000235,641.73,267.39,28.71,327.5457774969774,1154.5802853138946,1857.3297071362465,48.8435366937407,657.9330677220164,267.72095197096183,32.711654020198615,517.1155239445823,1834.6012150046938,1931.1120467195058,189.3907482052295,931.1273446873256,272.4538835293906,32.038332068352474,517.1155239445823,1834.6012150046938,1931.1120467195058,189.3907482052295,931.1273446873256,272.4538835293906,32.038332068352474
2026-02-23 11:00:00+00:00,132.40001,1305.27,2002.55,0.19999808,643.69,269.33,28.71,339.36921603742735,994.8444324728612,1747.546233107749,10.332225942334674,667.7104435356466,257.0744466923187,33.088148032510674,517.1155239445823,1834.6012150046938,1931.1120467195058,189.3907482052295,931.1273446873256,272.4538835293906,32.038332068352474,517.1155239445823,1834.6012150046938,1931.1120467195058,189.3907482052295,931.1273446873256,272.4538835293906,32.038332068352474
2026-02-23 12:00:00+00:00,130.45,1291.96,1978.36,0.19999808,607.12,269.33,28.71,296.61183989726317,1042.0161368052727,1713.3262531646194,8.156354744429649,682.7434124022398,279.5557339752662,31.711356577194262,517.1155239445823,1834.6012150046938,1931.1120467195058,189.3907482052295,931.1273446873256,272.4538835293906,32.038332068352474,517.1155239445823,1834.6012150046938,1931.1120467195058,189.3907482052295,931.1273446873256,272.4538835293906,32.038332068352474
2026-02-23 13:00:00+00:00,132.3,1271.35,1980.9,0.19999808,629.38,269.33,28.71,291.379825967662,835.8492318095381,1688.7651906832943,-13.46373843320552,694.9724568980755,251.63899526786645,32.294867624954406,517.1155239445823,1834.6012150046938,1931.1120467195058,189.3907482052295,931.1273446873256,272.4538835293906,32.038332068352474,517.1155239445823,1834.6012150046938,1931.1120467195058,189.3907482052295,931.1273446873256,272.4538835293906,32.038332068352474
2026-02-23 14:00:00+00:00,150.8,1400.93,2020.05,0.22000235,625.67,269.37,28.71,217.22313509574877,814.5848255590362,1814.0936807393994,62.91759723876176,740.9623388800412,244.88359500728754,32.73014834926662,517.1155239445823,1834.6012150046938,1931.1120467195058,189.3907482052295,931.1273446873256,272.4538835293906,32.038332068352474,517.1155239445823,1834.6012150046938,1931.1120467195058,189.3907482052295,931.1273446873256,272.4538835293906,32.038332068352474
2026-02-23 15:00:00+00:00,175.40001,1469.24,2132.54,0.30000418,622.64996,269.37,28.71,246.38521411588926,1018.7952355902645,2076.277632098218,257.74840250027927,739.0714630909916,263.83275620415765,33.445251981995995,517.1155239445823,1834.6012150046938,1931.1120467195058,189.3907482052295,931.1273446873256,272.4538835293906,32.038332068352474,517.1155239445823,1834.6012150046938,1931.1120467195058,189.3907482052295,931.1273446873256,272.4538835293906,32.038332068352474
2026-02-23 16:00:00+00:00,179.40001,1557.29,2248.69,426.81,648.46,275.54,28.71,283.85336535180073,1158.6767681908818,2247.7779199153356,546.2058310317618,820.9847159498555,247.34413725210408,32.54403928083727,517.1155239445823,1834.6012150046938,1931.1120467195058,189.3907482052295,931.1273446873256,272.4538835293906,32.038332068352474,517.1155239445823,1834.6012150046938,1931.1120467195058,189.3907482052295,931.1273446873256,272.4538835293906,32.038332068352474
2026-02-23 17:00:00+00:00,225.50002,1636.34,2280.81,814.31,648.21,275.62,28.71,297.458955483586,2271.7915605072417,2251.033497374186,609.3083110167852,661.5668485326323,263.13912246362764,27.289466716587498,517.1155239445823,1834.6012150046938,1931.1120467195058,189.3907482052295,931.1273446873256,272.4538835293906,32.038332068352474,517.1155239445823,1834.6012150046938,1931.1120467195058,189.3907482052295,931.1273446873256,272.4538835293906,32.038332068352474
2026-02-23 18:00:00+00:00,193.10002,1634.03,2255.76,727.26,643.35,275.78,28.71,230.94125374399005,1400.3242386423549,2226.8854818032146,357.97607786046194,626.2988440992258,262.59640577004507,27.55085400306693,517.1155239445823,1834.6012150046938,1931.1120467195058,189.3907482052295,931.1273446873256,272.4538835293906,32.038332068352474,517.1155239445823,1834.6012150046938,1931.1120467195058,189.3907482052295,931.1273446873256,272.4538835293906,32.038332068352474
2026-02-23 19:00:00+00:00,185.90001,1591.06,2171.99,355.36,632.01,276.77,28.71,253.86939833018772,1940.580699595409,2127.9602730148067,178.2594629117687,627.7287060663497,265.2981725530247,27.42328370097325,517.1155239445823,1834.6012150046938,1931.1120467195058,189.3907482052295,931.1273446873256,272.4538835293906,32.038332068352474,517.1155239445823,1834.6012150046938,1931.1120467195058,189.3907482052295,931.1273446873256,272.4538835293906,32.038332068352474
2026-02-23 20:00:00+00:00,187.60002,1509.2,2087.77,108.65,629.3,269.45,28.71,239.08010622446665,1852.8827142219732,2040.6433641141502,167.75086735486764,558.0083944851655,273.1482205812464,28.405594802054445,517.1155239445823,1834.6012150046938,1931.1120467195058,189.3907482052295,931.1273446873256,272.4538835293906,32.038332068352474,517.1155239445823,1834.6012150046938,1931.1120467195058,189.3907482052295,931.1273446873256,272.4538835293906,32.038332068352474
2026-02-23 21:00:00+00:00,168.05,1494.24,2022.81,55.95999,642.47,273.56,28.71,219.17738199098272,1805.4508584904668,1982.244733690266,36.53866670939979,479.55788645739864,271.98272428179763,28.831375826104114,517.1155239445823,1834.6012150046938,1931.1120467195058,189.3907482052295,931.1273446873256,272.4538835293906,32.038332068352474,517.1155239445823,1834.6012150046938,1931.1120467195058,189.3907482052295,931.1273446873256,272.4538835293906,32.038332068352474
2026-02-23 22:00:00+00:00,167.45,1492.51,1972.17,1.1300061,651.63,255.76,28.71,261.39160179745727,1843.1405229733919,1867.2655265743401,30.77585051682314,489.81705759395015,269.3788845161715,28.484527061080126,517.1155239445823,1834.6012150046938,1931.1120467195058,189.3907482052295,931.1273446873256,272.4538835293906,32.038332068352474,517.1155239445823,1834.6012150046938,1931.1120467195058,189.3907482052295,931.1273446873256,272.4538835293906,32.038332068352474
2026-02-23 23:00:00+00:00,160.40001,1769.72,1930.55,0.25999564,677.48,265.1,28.71,320.5347586096929,1658.1338965323816,1852.7339861454707,18.65111604565871,492.09487080832156,272.8023954067943,28.32394693353116,517.1155239445823,1834.6012150046938,1931.1120467195058,189.3907482052295,931.1273446873256,272.4538835293906,32.038332068352474,517.1155239445823,1834.6012150046938,1931.1120467195058,189.3907482052295,931.1273446873256,272.4538835293906,32.038332068352474
2026-02-24 00:00:00+00:00,161.06001,1812.13,1915.44,0.25999564,712.34,266.01,28.71,309.67426180539223,1958.1453027872017,1836.8252103389173,-3.771769993342815,489.4697009747775,281.16235727814023,29.121151587698613,517.1155239445823,1834.6012150046938,1931.1120467195058,189.3907482052295,931.1273446873256,272.4538835293906,32.038332068352474,517.1155239445823,1834.6012150046938,1931.1120467195058,189.3907482052295,931.1273446873256,272.4538835293906,32.038332068352474
2026-02-24 01:00:00+00:00,305.87,2357.39,1899.77,0.28999442,746.75,265.41,28.71,660.217061775647,2392.370816143183,1826.5088597708957,0.38134071671862557,470.6785617877438,276.0604565260371,28.985324068539683,517.1155239445823,1834.6012150046938,1931.1120467195058,189.3907482052295,931.1273446873256,272.4538835293906,32.038332068352474,517.1155239445823,1834.6012150046938,1931.1120467195058,189.3907482052295,931.1273446873256,272.4538835293906,32.038332068352474
2026-02-24 02:00:00+00:00,416.9,2749.53,1895.09,0.8700115,798.53,264.35,28.71,790.5830435717157,2639.8707649380985,1844.7816959741535,20.31391329587524,478.2445671116932,277.61307153263346,28.957364136927662,517.1155239445823,1834.6012150046938,1931.1120467195058,189.3907482052295,931.1273446873256,272.4538835293906,32.038332068352474,517.1155239445823,1834.6012150046938,1931.1120467195058,189.3907482052295,931.1273446873256,272.4538835293906,32.038332068352474
2026-02-24 03:00:00+00:00,515.76,3053.17,1916.01,37.319992,864.91,254.3,28.71,893.7995526421817,2803.503049407748,1879.7598085849722,7.966062063145017,487.4646650218199,268.6978142460708,29.168596260335775,517.1155239445823,1834.6012150046938,1931.1120467195058,189.3907482052295,931.1273446873256,272.4538835293906,32.038332068352474,517.1155239445823,1834.6012150046938,1931.1120467195058,189.3907482052295,931.1273446873256,272.4538835293906,32.038332068352474
2026-02-24 04:00:00+00:00,676.01,3827.49,1946.97,54.25,935.52,249.71,28.71,762.5037074530173,3066.6988292982314,1948.9921381407382,30.588942634591234,535.9436931183723,256.93748220752434,28.82821687710016,517.1155239445823,1834.6012150046938,1931.1120467195058,189.3907482052295,931.1273446873256,272.4538835293906,32.038332068352474,517.1155239445823,1834.6012150046938,1931.1120467195058,189.3907482052295,931.1273446873256,272.4538835293906,32.038332068352474
2026-02-24 05:00:00+00:00,929.68,4715.9,2024.0,350.19,1052.98,256.63,28.71,747.0308305058196,4303.929925932499,2089.8388544268273,236.73692982199557,671.969627082256,279.7187876914017,29.034119804392198,517.1155239445823,1834.6012150046938,1931.1120467195058,189.3907482052295,931.1273446873256,272.4538835293906,32.038332068352474,517.1155239445823,1834.6012150046938,1931.1120467195058,189.3907482052295,931.1273446873256,272.4538835293906,32.038332068352474
2026-02-24 06:00:00+00:00,1199.75,4813.84,2138.06,748.59,1186.18,265.49,28.71,1199.666168834792,4818.20662832875,2323.1604196083913,681.0976118726959,1079.1488454798737,230.6570077421692,35.08738994081307,517.1155239445823,1834.6012150046938,1931.1120467195058,189.3907482052295,931.1273446873256,272.4538835293906,32.038332068352474,517.1155239445823,1834.6012150046938,1931.1120467195058,189.3907482052295,931.1273446873256,272.4538835293906,32.038332068352474
2026-02-24 07:00:00+00:00,1340.08,4826.61,2179.44,707.32,1290.77,270.28,28.71,1274.7364938616083,5027.356426257836,2284.3974036860204,734.765864832302,1192.2118227708434,234.77723531975633,34.30983305506625,517.1155239445823,1834.6012150046938,1931.1120467195058,189.3907482052295,931.1273446873256,272.4538835293906,32.038332068352474,517.1155239445823,1834.6012150046938,1931.1120467195058,189.3907482052295,931.1273446873256,272.4538835293906,32.038332068352474
2026-02-24 08:00:00+00:00,1417.26,4815.35,2142.72,666.05,1266.74,270.28,28.71,1266.9730318101638,4899.811242109542,2174.6536227880124,325.82075784298013,931.8693937213211,234.63903576276067,33.73307540489473,517.1155239445823,1834.6012150046938,1931.1120467195058,189.3907482052295,931.1273446873256,272.4538835293906,32.038332068352474,517.1155239445823,1834.6012150046938,1931.1120467195058,189.3907482052295,931.1273446873256,272.4538835293906,32.038332068352474
2026-02-24 09:00:00+00:00,1491.18,4777.74,2069.83,79.5,1274.24,270.28,28.71,1212.6775505362777,4719.726876136959,2118.9999966041173,174.9023220584146,940.2735122781402,235.87235731018575,33.385387865473504,517.1155239445823,1834.6012150046938,1931.1120467195058,189.3907482052295,931.1273446873256,272.4538835293906,32.038332068352474,517.1155239445823,1834.6012150046938,1931.1120467195058,189.3907482052295,931.1273446873256,272.4538835293906,32.038332068352474
2026-02-24 10:00:00+00:00,1476.28,4726.8193,2020.18,98.71,1218.41,276.21,28.71,1224.8710133987386,4623.7429149339705,1984.2106065129428,98.22528315039273,708.705404310427,237.76556120495906,35.060865930307685,517.1155239445823,1834.6012150046938,1931.1120467195058,189.3907482052295,931.1273446873256,272.4538835293906,32.038332068352474,517.1155239445823,1834.6012150046938,1931.1120467195058,189.3907482052295,931.1273446873256,272.4538835293906,32.038332068352474
2026-02-24 11:00:00+00:00,1305.39,4576.1,1962.14,0.24000663,1111.72,274.87,28.71,1118.2710298352533,4423.263425939072,1960.189376392625,80.90534006843595,670.2559062367467,232.19898550806835,35.493648928747845,517.1155239445823,1834.6012150046938,1931.1120467195058,189.3907482052295,931.1273446873256,272.4538835293906,32.038332068352474,517.1155239445823,1834.6012150046938,1931.1120467195058,189.3907482052295,931.1273446873256,272.4538835293906,32.038332068352474
2026-02-24 12:00:00+00:00,1163.81,4529.43,1955.69,4.2499857,1155.41,265.81,28.71,1016.2937155313953,4396.6829163121165,1960.3787902889114,55.703686585249585,744.1720669345789,235.18739716148264,35.60810768137723,517.1155239445823,1834.6012150046938,1931.1120467195058,189.3907482052295,931.1273446873256,272.4538835293906,32.038332068352474,517.1155239445823,1834.6012150046938,1931.1120467195058,189.3907482052295,931.1273446873256,272.4538835293906,32.038332068352474
2026-02-24 13:00:00+00:00,1164.37,4594.08,1964.72,0.75999564,1079.4,274.87,28.71,1007.4568220890717,4295.2372062026225,1979.6942443439784,73.53292234970002,780.5318890537877,247.1629052536095,34.99673407184615,517.1155239445823,1834.6012150046938,1931.1120467195058,189.3907482052295,931.1273446873256,272.4538835293906,32.038332068352474,517.1155239445823,1834.6012150046938,1931.1120467195058,189.3907482052295,931.1273446873256,272.4538835293906,32.038332068352474
2026-02-24 14:00:00+00:00,1186.68,4607.57,1999.71,23.089998,1139.76,278.19,28.71,1039.7447097988656,4480.399199179319,2046.584018235438,115.99803183114368,814.9444628807405,263.84034107593726,35.09554755919406,517.1155239445823,1834.6012150046938,1931.1120467195058,189.3907482052295,931.1273446873256,272.4538835293906,32.038332068352474,517.1155239445823,1834.6012150046938,1931.1120467195058,189.3907482052295,931.1273446873256,272.4538835293906,32.038332068352474
2026-02-24 15:00:00+00:00,1180.52,4721.64,2124.93,645.52,1227.37,278.19,28.71,1104.0693762535616,4544.031667366782,2264.5386206354674,456.4983372850082,947.2807829538211,236.2961198932255,34.73558078562809,517.1155239445823,1834.6012150046938,1931.1120467195058,189.3907482052295,931.1273446873256,272.4538835293906,32.038332068352474,517.1155239445823,1834.6012150046938,1931.1120467195058,189.3907482052295,931.1273446873256,272.4538835293906,32.038332068352474
2026-02-24 16:00:00+00:00,1118.24,4799.93,2255.55,1068.86,1431.13,278.19,28.71,1192.8129998875636,4908.652742948288,2404.9261206716283,773.0888128442216,1129.1219714528481,254.34357667770053,34.91285886429866,517.1155239445823,1834.6012150046938,1931.1120467195058,189.3907482052295,931.1273446873256,272.4538835293906,32.038332068352474,517.1155239445823,1834.6012150046938,1931.1120467195058,189.3907482052295,931.1273446873256,272.4538835293906,32.038332068352474
2026-02-24 17:00:00+00:00,1117.41,4799.93,2295.8,1048.02,1357.39,278.19,28.71,1231.065391118239,5053.832774105404,2311.811702666278,929.8931802270865,983.3412677761652,262.69139721748104,30.043218330397423,517.1155239445823,1834.6012150046938,1931.1120467195058,189.3907482052295,931.1273446873256,272.4538835293906,32.038332068352474,517.1155239445823,1834.6012150046938,1931.1120467195058,189.3907482052295,931.1273446873256,272.4538835293906,32.038332068352474
2026-02-24 18:00:00+00:00,1113.37,4785.5,2282.92,1004.8,1373.46,278.19,28.71,1095.149387329575,5028.471644499879,2297.7283395126046,655.2950454394751,843.079845056146,282.99670452200695,28.619843824965557,517.1155239445823,1834.6012150046938,1931.1120467195058,189.3907482052295,931.1273446873256,272.4538835293906,32.038332068352474,517.1155239445823,1834.6012150046938,1931.1120467195058,189.3907482052295,931.1273446873256,272.4538835293906,32.038332068352474
2026-02-24 19:00:00+00:00,1113.01,4770.3794,2220.21,370.06,1186.97,278.19,28.71,905.1326012860069,4234.728992491663,2176.088947981148,340.50653786781675,740.6423444821418,297.76869420288244,28.762216885684424,517.1155239445823,1834.6012150046938,1931.1120467195058,189.3907482052295,931.1273446873256,272.4538835293906,32.038332068352474,517.1155239445823,1834.6012150046938,1931.1120467195058,189.3907482052295,931.1273446873256,272.4538835293906,32.038332068352474
2026-02-24 20:00:00+00:00,1071.83,4737.9497,2137.26,63.729996,1230.01,272.85,28.71,904.7501343497526,4231.041102100938,2062.8153221684342,125.14911634449267,579.3527753146521,290.28749125464714,28.65160225873737,517.1155239445823,1834.6012150046938,1931.1120467195058,189.3907482052295,931.1273446873256,272.4538835293906,32.038332068352474,517.1155239445823,1834.6012150046938,1931.1120467195058,189.3907482052295,931.1273446873256,272.4538835293906,32.038332068352474
2026-02-24 21:00:00+00:00,995.06,4707.1094,2077.08,0.3199932,1261.02,263.83,28.71,952.6398231420337,4072.5401088649996,2002.2715732055708,42.918805765815506,507.22913063220386,274.2854667605328,28.835658928801756,517.1155239445823,1834.6012150046938,1931.1120467195058,189.3907482052295,931.1273446873256,272.4538835293906,32.038332068352474,517.1155239445823,1834.6012150046938,1931.1120467195058,189.3907482052295,931.1273446873256,272.4538835293906,32.038332068352474
2026-02-24 22:00:00+00:00,929.04,4530.11,2014.24,0.3199932,1115.87,266.16,28.71,867.4554958948636,3980.7863389739805,1942.6788090248485,21.85494010837661,488.93304712482325,272.5632169146273,28.7695224879171,517.1155239445823,1834.6012150046938,1931.1120467195058,189.3907482052295,931.1273446873256,272.4538835293906,32.038332068352474,517.1155239445823,1834.6012150046938,1931.1120467195058,189.3907482052295,931.1273446873256,272.4538835293906,32.038332068352474
2026-02-24 23:00:00+00:00,696.93,4077.08,1943.68,0.3199932,1046.98,291.02,28.71,737.5120406607936,3363.4898062166912,1904.1243777742336,14.100257099019075,473.8623510455743,278.53786986161015,28.054186960101006,517.1155239445823,1834.6012150046938,1931.1120467195058,189.3907482052295,931.1273446873256,272.4538835293906,32.038332068352474,517.1155239445823,1834.6012150046938,1931.1120467195058,189.3907482052295,931.1273446873256,272.4538835293906,32.038332068352474
2026-02-25 00:00:00+00:00,602.38,3949.8,1930.41,0.3099987,1042.27,290.02,28.71,791.712322280817,3207.4220131595434,1882.0776905267198,-1.586210433121522,484.03903586010216,279.73304397099014,28.31487860348642,517.1155239445823,1834.6012150046938,1931.1120467195058,189.3907482052295,931.1273446873256,272.4538835293906,32.038332068352474,517.1155239445823,1834.6012150046938,1931.1120467195058,189.3907482052295,931.1273446873256,272.4538835293906,32.038332068352474
2026-02-25 01:00:00+00:00,602.51,3949.46,1923.7,0.20999259,1041.82,289.07,28.71,733.8660196133133,3047.641844336202,1882.9572492897714,-1.0452920597584523,489.2101017575559,274.90110050058723,28.333098764467348,517.1155239445823,1834.6012150046938,1931.1120467195058,189.3907482052295,931.1273446873256,272.4538835293906,32.038332068352474,517.1155239445823,1834.6012150046938,1931.1120467195058,189.3907482052295,931.1273446873256,272.4538835293906,32.038332068352474
2026-02-25 02:00:00+00:00,602.94,3958.1,1921.5,0.2700054,1029.38,287.43,28.71,709.2332877163369,3242.9516740731788,1884.818241546197,-3.569085658540672,485.04569422402693,271.14561073346533,28.49376004647155,517.1155239445823,1834.6012150046938,1931.1120467195058,189.3907482052295,931.1273446873256,272.4538835293906,32.038332068352474,517.1155239445823,1834.6012150046938,1931.1120467195058,189.3907482052295,931.1273446873256,272.4538835293906,32.038332068352474
2026-02-25 03:00:00+00:00,629.27,3969.8,1936.69,1.2099926,1155.16,278.09,28.71,771.8545339098116,3189.06086257755,1900.7738737286072,-1.6626830505399823,468.3587318637191,263.8627969621747,28.81535507765259,517.1155239445823,1834.6012150046938,1931.1120467195058,189.3907482052295,931.1273446873256,272.4538835293906,32.038332068352474,517.1155239445823,1834.6012150046938,1931.1120467195058,189.3907482052295,931.1273446873256,272.4538835293906,32.038332068352474
2026-02-25 04:00:00+00:00,780.27,3987.44,1970.6,71.19,1255.28,270.45,28.71,992.4737728533547,3848.8773080211104,1962.4684202478861,24.266601021531756,497.0267762762697,265.52630807655356,28.78729794568571,517.1155239445823,1834.6012150046938,1931.1120467195058,189.3907482052295,931.1273446873256,272.4538835293906,32.038332068352474,517.1155239445823,1834.6012150046938,1931.1120467195058,189.3907482052295,931.1273446873256,272.4538835293906,32.038332068352474
2026-02-25 05:00:00+00:00,928.02,4028.53,2066.06,379.67,1392.04,263.9,28.71,896.6676820147059,4635.233557130266,2102.510621582881,244.21247979981976,541.3796514495984,267.5794400796299,28.723872019354957,517.1155239445823,1834.6012150046938,1931.1120467195058,189.3907482052295,931.1273446873256,272.4538835293906,32.038332068352474,517.1155239445823,1834.6012150046938,1931.1120467195058,189.3907482052295,931.1273446873256,272.4538835293906,32.038332068352474
2026-02-25 06:00:00+00:00,1000.5,4079.32,2181.71,697.25,1362.21,261.97,28.71,1129.047322471512,4267.645820419084,2263.821946149347,582.6147501267717,961.0980880020463,250.43981620915974,35.93797816758422,517.1155239445823,1834.6012150046938,1931.1120467195058,189.3907482052295,931.1273446873256,272.4538835293906,32.038332068352474,517.1155239445823,1834.6012150046938,1931.1120467195058,189.3907482052295,931.1273446873256,272.4538835293906,32.038332068352474
2026-02-25 07:00:00+00:00,959.79,4013.88,2230.17,284.28,1224.32,275.44,28.71,1053.4353682115927,4271.638240806872,2234.012234674094,503.0884415531438,898.9130863782603,248.12301607271147,36.78354402606167,517.1155239445823,1834.6012150046938,1931.1120467195058,189.3907482052295,931.1273446873256,272.4538835293906,32.038332068352474,517.1155239445823,1834.6012150046938,1931.1120467195058,189.3907482052295,931.1273446873256,272.4538835293906,32.038332068352474
2026-02-25 08:00:00+00:00,868.74,3831.03,2204.0,95.92999,1140.83,282.58,28.71,979.4887105977193,3538.025184633233,2151.797677380607,94.72966649342048,714.5906113880471,246.87298026399355,35.42891351702207,517.1155239445823,1834.6012150046938,1931.1120467195058,189.3907482052295,931.1273446873256,272.4538835293906,32.038332068352474,517.1155239445823,1834.6012150046938,1931.1120467195058,189.3907482052295,931.1273446873256,272.4538835293906,32.038332068352474
2026-02-25 09:00:00+00:00,746.71,3443.33,2139.88,36.449997,1158.71,277.83,28.71,795.7013910855819,2692.940179707389,2035.247566876695,34.34866255417188,769.525316273038,244.01360199208398,34.70039153111644,517.1155239445823,1834.6012150046938,1931.1120467195058,189.3907482052295,931.1273446873256,272.4538835293906,32.038332068352474,517.1155239445823,1834.6012150046938,1931.1120467195058,189.3907482052295,931.1273446873256,272.4538835293906,32.038332068352474
2026-02-25 10:00:00+00:00,401.49,2975.48,2088.67,0.39000052,1173.49,284.98,28.71,707.5671116904626,1942.834591378801,1786.591473660162,18.22425863540326,764.6325280388689,238.73392150302243,33.8639087079063,517.1155239445823,1834.6012150046938,1931.1120467195058,189.3907482052295,931.1273446873256,272.4538835293906,32.038332068352474,517.1155239445823,1834.6012150046938,1931.1120467195058,189.3907482052295,931.1273446873256,272.4538835293906,32.038332068352474
2026-02-25 11:00:00+00:00,330.46,2549.82,2027.62,0.45997733,1110.52,290.53,28.71,558.8756551845644,1377.1927400586987,1744.1889600507589,4.333332959987416,792.118560720353,252.01226527800813,34.43870717902777,517.1155239445823,1834.6012150046938,1931.1120467195058,189.3907482052295,931.1273446873256,272.4538835293906,32.038332068352474,517.1155239445823,1834.6012150046938,1931.1120467195058,189.3907482052295,931.1273446873256,272.4538835293906,32.038332068352474
2026-02-25 12:00:00+00:00,334.55,2410.29,2008.43,1.0799878,1119.92,292.2,28.71,386.990730969177,1091.0097276201752,1735.7602680929751,8.584503622000653,772.2118041098935,225.4971899214573,34.54813883956774,517.1155239445823,1834.6012150046938,1931.1120467195058,189.3907482052295,931.1273446873256,272.4538835293906,32.038332068352474,517.1155239445823,1834.6012150046938,1931.1120467195058,189.3907482052295,931.1273446873256,272.4538835293906,32.038332068352474
2026-02-25 13:00:00+00:00,335.14,2523.47,2007.5,0.19000357,1100.43,292.55,28.71,418.2850935134333,1008.067237162708,1775.7380564674852,10.032990653943074,845.942006698,227.61823290943173,34.24193623627003,517.1155239445823,1834.6012150046938,1931.1120467195058,189.3907482052295,931.1273446873256,272.4538835293906,32.038332068352474,517.1155239445823,1834.6012150046938,1931.1120467195058,189.3907482052295,931.1273446873256,272.4538835293906,32.038332068352474
2026-02-25 14:00:00+00:00,334.97,3130.51,2033.55,0.7099926,1084.77,281.08,28.71,621.192292621861,1452.374972575661,1867.1054306759506,24.953860121887345,882.0681274996973,232.28311055343198,34.06829423212999,517.1155239445823,1834.6012150046938,1931.1120467195058,189.3907482052295,931.1273446873256,272.4538835293906,32.038332068352474,517.1155239445823,1834.6012150046938,1931.1120467195058,189.3907482052295,931.1273446873256,272.4538835293906,32.038332068352474
2026-02-25 15:00:00+00:00,361.22,3683.56,2139.23,168.98,1150.73,276.69,28.71,682.2420291924966,3087.5454076822803,2069.9647717832886,149.9685329495094,852.7924864585791,232.3595504773374,34.06341969120164,517.1155239445823,1834.6012150046938,1931.1120467195058,189.3907482052295,931.1273446873256,272.4538835293906,32.038332068352474,517.1155239445823,1834.6012150046938,1931.1120467195058,189.3907482052295,931.1273446873256,272.4538835293906,32.038332068352474
2026-02-25 16:00:00+00:00,434.67,3990.96,2239.87,832.65,1301.81,283.3,28.71,752.1578174445533,3457.5297130169274,2346.4938537829044,794.5842446161948,928.8012692693271,236.9472868000184,35.445119638021254,517.1155239445823,1834.6012150046938,1931.1120467195058,189.3907482052295,931.1273446873256,272.4538835293906,32.038332068352474,517.1155239445823,1834.6012150046938,1931.1120467195058,189.3907482052295,931.1273446873256,272.4538835293906,32.038332068352474
2026-02-25 17:00:00+00:00,313.5,4139.66,2300.39,619.37,1279.57,282.5,28.71,604.5597284832814,3121.5329936114285,2341.247030619192,681.2997757366152,979.2286287365504,283.25176058340276,31.151534586293838,517.1155239445823,1834.6012150046938,1931.1120467195058,189.3907482052295,931.1273446873256,272.4538835293906,32.038332068352474,517.1155239445823,1834.6012150046938,1931.1120467195058,189.3907482052295,931.1273446873256,272.4538835293906,32.038332068352474
2026-02-25 18:00:00+00:00,254.25002,4093.01,2302.85,297.81,1087.83,279.59,28.71,617.1843388173126,2873.0124424788746,2274.3558430902845,254.8781298699412,699.5300828000206,326.6467516467609,31.72504272555047,517.1155239445823,1834.6012150046938,1931.1120467195058,189.3907482052295,931.1273446873256,272.4538835293906,32.038332068352474,517.1155239445823,1834.6012150046938,1931.1120467195058,189.3907482052295,931.1273446873256,272.4538835293906,32.038332068352474
2026-02-25 19:00:00+00:00,192.17,3741.33,2234.49,0.30000418,1016.94,272.57,28.71,389.30211986768217,2684.29888989936,2170.894753111315,122.49950436934284,490.38919126815875,310.8514720418448,29.259587036519815,517.1155239445823,1834.6012150046938,1931.1120467195058,189.3907482052295,931.1273446873256,272.4538835293906,32.038332068352474,517.1155239445823,1834.6012150046938,1931.1120467195058,189.3907482052295,931.1273446873256,272.4538835293906,32.038332068352474
2026-02-25 20:00:00+00:00,188.3,3106.66,2137.94,0.33000296,991.94,273.84,28.71,319.02412865209544,2804.0281447092266,2062.625662611251,88.86436027813745,474.0687843512747,317.6073261745384,29.264585459194628,517.1155239445823,1834.6012150046938,1931.1120467195058,189.3907482052295,931.1273446873256,272.4538835293906,32.038332068352474,517.1155239445823,1834.6012150046938,1931.1120467195058,189.3907482052295,931.1273446873256,272.4538835293906,32.038332068352474
2026-02-25 21:00:00+00:00,189.55,2615.0,2066.91,0.33000296,984.17,276.49,28.71,269.7299169354733,2559.9938065079864,1983.812877306991,53.51865838362883,463.67773658891616,297.40247667584146,29.379310894871033,517.1155239445823,1834.6012150046938,1931.1120467195058,189.3907482052295,931.1273446873256,272.4538835293906,32.038332068352474,517.1155239445823,1834.6012150046938,1931.1120467195058,189.3907482052295,931.1273446873256,272.4538835293906,32.038332068352474
2026-02-25 22:00:00+00:00,191.95,2318.35,2009.64,0.33000296,995.19,279.06,28.71,241.35498634414165,2253.584230021473,1925.0117039414174,38.74556499660028,456.3271338081318,291.0352984254735,29.32380100344232,517.1155239445823,1834.6012150046938,1931.1120467195058,189.3907482052295,931.1273446873256,272.4538835293906,32.038332068352474,517.1155239445823,1834.6012150046938,1931.1120467195058,189.3907482052295,931.1273446873256,272.4538835293906,32.038332068352474
2026-02-25 23:00:00+00:00,148.00002,1590.32,1946.81,0.30000418,980.1,287.09,28.71,213.66148745301888,2098.2459021787954,1883.2904330851195,45.16831440167178,435.7674324037019,288.78770847188923,29.309819637594693,517.1155239445823,1834.6012150046938,1931.1120467195058,189.3907482052295,931.1273446873256,272.4538835293906,32.038332068352474,517.1155239445823,1834.6012150046938,1931.1120467195058,189.3907482052295,931.1273446873256,272.4538835293906,32.038332068352474
2026-02-26 00:00:00+00:00,148.25002,1302.75,1938.01,0.2700054,1005.41,286.1,28.71,168.630473930169,1596.915234948482,1837.496226652076,49.34746219608792,465.5833632717598,291.092739104493,28.681696524473615,517.1155239445823,1834.6012150046938,1931.1120467195058,189.3907482052295,931.1273446873256,272.4538835293906,32.038332068352474,517.1155239445823,1834.6012150046938,1931.1120467195058,189.3907482052295,931.1273446873256,272.4538835293906,32.038332068352474
2026-02-26 01:00:00+00:00,149.00002,1299.14,1930.3,0.20999259,987.68,286.1,28.71,204.57926601422673,1507.5343009664502,1852.6926986824815,36.76248848249435,442.4213370205014,294.463767374474,29.09818628025941,517.1155239445823,1834.6012150046938,1931.1120467195058,189.3907482052295,931.1273446873256,272.4538835293906,32.038332068352474,517.1155239445823,1834.6012150046938,1931.1120467195058,189.3907482052295,931.1273446873256,272.4538835293906,32.038332068352474
2026-02-26 02:00:00+00:00,154.50002,1359.07,1928.85,0.050004188,979.61,285.43,28.71,208.88173622024732,1546.431751865135,1869.0241635461946,41.199875922425974,482.3312833818259,277.4335995035658,29.020201476425026,517.1155239445823,1834.6012150046938,1931.1120467195058,189.3907482052295,931.1273446873256,272.4538835293906,32.038332068352474,517.1155239445823,1834.6012150046938,1931.1120467195058,189.3907482052295,931.1273446873256,272.4538835293906,32.038332068352474
2026-02-26 03:00:00+00:00,160.75002,1762.87,1943.16,0.029984655,984.1,274.55,28.71,218.1285864484683,1541.3952622759866,1869.5817291828978,42.56290096872158,463.2166311661562,267.3017573984311,29.399906150273367,517.1155239445823,1834.6012150046938,1931.1120467195058,189.3907482052295,931.1273446873256,272.4538835293906,32.038332068352474,517.1155239445823,1834.6012150046938,1931.1120467195058,189.3907482052295,931.1273446873256,272.4538835293906,32.038332068352474
2026-02-26 04:00:00+00:00,152.00002,2316.5,1978.07,0.1600048,963.03,265.85,28.71,237.57614739779018,1962.3328285794678,1946.5258502744748,40.621562176091174,484.98886899677655,271.88742528318335,29.404849526345963,517.1155239445823,1834.6012150046938,1931.1120467195058,189.3907482052295,931.1273446873256,272.4538835293906,32.038332068352474,517.1155239445823,1834.6012150046938,1931.1120467195058,189.3907482052295,931.1273446873256,272.4538835293906,32.038332068352474
2026-02-26 05:00:00+00:00,155.40001,2878.24,2091.0,33.75,942.96,260.35,28.71,245.96310206044012,2115.912625865574,2098.500239009408,250.01272881097879,498.6958085093171,261.82346589293076,29.085372996187733,517.1155239445823,1834.6012150046938,1931.1120467195058,189.3907482052295,931.1273446873256,272.4538835293906,32.038332068352474,517.1155239445823,1834.6012150046938,1931.1120467195058,189.3907482052295,931.1273446873256,272.4538835293906,32.038332068352474
2026-02-26 06:00:00+00:00,165.25002,3080.02,2193.33,349.57,950.42,260.27,28.71,279.41728470967564,2002.963975567185,2231.481492837888,497.2128128970838,744.4226986189618,228.19504557512926,36.10161682349856,517.1155239445823,1834.6012150046938,1931.1120467195058,189.3907482052295,931.1273446873256,272.4538835293906,32.038332068352474,517.1155239445823,1834.6012150046938,1931.1120467195058,189.3907482052295,931.1273446873256,272.4538835293906,32.038332068352474
2026-02-26 07:00:00+00:00,166.50002,2689.52,2230.76,242.51,949.94,262.57,28.71,288.074033768082,2256.7210663841347,2195.5468420184416,306.09929865167527,691.1022246843505,244.12235016668888,36.505571604748425,517.1155239445823,1834.6012150046938,1931.1120467195058,189.3907482052295,931.1273446873256,272.4538835293906,32.038332068352474,517.1155239445823,1834.6012150046938,1931.1120467195058,189.3907482052295,931.1273446873256,272.4538835293906,32.038332068352474
2026-02-26 08:00:00+00:00,148.50002,2668.83,2189.28,124.1,932.34,266.24,28.71,238.12130860050496,1842.194288723153,2114.659391400795,61.85547272045213,660.4493856475403,277.9364812300469,35.35983956345432,517.1155239445823,1834.6012150046938,1931.1120467195058,189.3907482052295,931.1273446873256,272.4538835293906,32.038332068352474,517.1155239445823,1834.6012150046938,1931.1120467195058,189.3907482052295,931.1273446873256,272.4538835293906,32.038332068352474
2026-02-26 09:00:00+00:00,155.35002,2388.91,2126.23,0.5500042,1016.93,270.64,28.71,299.5474372933037,1059.4090024358636,1811.3358626255779,11.572633966560176,691.9520398057566,280.0605137073162,34.67908833399322,517.1155239445823,1834.6012150046938,1931.1120467195058,189.3907482052295,931.1273446873256,272.4538835293906,32.038332068352474,517.1155239445823,1834.6012150046938,1931.1120467195058,189.3907482052295,931.1273446873256,272.4538835293906,32.038332068352474
2026-02-26 10:00:00+00:00,151.65001,1899.36,2079.14,1.134917e-06,1041.96,280.64,28.71,316.04618688563676,932.7165978035484,1735.129242529995,1.2906541106205793,696.37881752699,238.04967659573123,33.96423925561082,517.1155239445823,1834.6012150046938,1931.1120467195058,189.3907482052295,931.1273446873256,272.4538835293906,32.038332068352474,517.1155239445823,1834.6012150046938,1931.1120467195058,189.3907482052295,931.1273446873256,272.4538835293906,32.038332068352474
2026-02-26 11:00:00+00:00,143.8,1336.22,2009.65,1.134917e-06,989.08,286.06,28.71,172.88286755032533,630.8721677007748,1717.1767685108284,7.973035144876121,806.3198923388709,251.58660828443075,32.880242720008965,517.1155239445823,1834.6012150046938,1931.1120467195058,189.3907482052295,931.1273446873256,272.4538835293906,32.038332068352474,517.1155239445823,1834.6012150046938,1931.1120467195058,189.3907482052295,931.1273446873256,272.4538835293906,32.038332068352474
2026-02-26 12:00:00+00:00,127.750015,1159.05,1996.88,1.134917e-06,995.97,286.06,28.71,202.48770045130084,582.001957767842,1703.237450898578,6.762909698214173,848.4550243970416,238.96590454736588,32.73164750870099,517.1155239445823,1834.6012150046938,1931.1120467195058,189.3907482052295,931.1273446873256,272.4538835293906,32.038332068352474,517.1155239445823,1834.6012150046938,1931.1120467195058,189.3907482052295,931.1273446873256,272.4538835293906,32.038332068352474
2026-02-26 13:00:00+00:00,131.25002,1125.16,2001.09,1.134917e-06,1016.53,286.06,28.71,175.8278038321493,478.9601303266959,1684.4539282654919,10.294744259137445,916.3245009452623,253.84252583766153,30.524223517643442,517.1155239445823,1834.6012150046938,1931.1120467195058,189.3907482052295,931.1273446873256,272.4538835293906,32.038332068352474,517.1155239445823,1834.6012150046938,1931.1120467195058,189.3907482052295,931.1273446873256,272.4538835293906,32.038332068352474
2026-02-26 14:00:00+00:00,138.00002,1162.5,2032.89,0.029984655,989.85,286.06,28.71,204.15607425683493,650.5329825942172,1751.0273434741378,19.667016153221,902.2318640550288,281.4149351719813,30.856476401874872,517.1155239445823,1834.6012150046938,1931.1120467195058,189.3907482052295,931.1273446873256,272.4538835293906,32.038332068352474,517.1155239445823,1834.6012150046938,1931.1120467195058,189.3907482052295,931.1273446873256,272.4538835293906,32.038332068352474
2026-02-26 15:00:00+00:00,160.00002,1389.35,2155.93,325.54,1019.31,286.06,28.71,283.4942244424584,1062.7236201946073,2017.5721412026758,122.632437752691,930.5165203862933,284.8030168072117,31.159571291084553,517.1155239445823,1834.6012150046938,1931.1120467195058,189.3907482052295,931.1273446873256,272.4538835293906,32.038332068352474,517.1155239445823,1834.6012150046938,1931.1120467195058,189.3907482052295,931.1273446873256,272.4538835293906,32.038332068352474
2026-02-26 16:00:00+00:00,160.00002,1719.53,2270.33,1023.89,1033.87,284.52,28.71,418.6300966910894,2441.1932197123997,2247.3795257846236,530.0656184303434,902.1063137094354,283.49057015600164,32.21055798625999,517.1155239445823,1834.6012150046938,1931.1120467195058,189.3907482052295,931.1273446873256,272.4538835293906,32.038332068352474,517.1155239445823,1834.6012150046938,1931.1120467195058,189.3907482052295,931.1273446873256,272.4538835293906,32.038332068352474
2026-02-26 17:00:00+00:00,160.00002,1735.75,2311.07,1074.54,941.72,283.29,28.71,442.7649683193704,2534.8155631154245,2266.4069380949813,433.8885094252851,939.0178196456852,299.95417340734457,30.224919127252825,517.1155239445823,1834.6012150046938,1931.1120467195058,189.3907482052295,931.1273446873256,272.4538835293906,32.038332068352474,517.1155239445823,1834.6012150046938,1931.1120467195058,189.3907482052295,931.1273446873256,272.4538835293906,32.038332068352474
2026-02-26 18:00:00+00:00,160.00002,1716.47,2303.06,350.41,913.76,283.77,28.71,260.8775357722277,1837.169708570175,2251.9639260818167,304.48195689734655,821.9358712108835,303.06441228419277,28.429201978807217,517.1155239445823,1834.6012150046938,1931.1120467195058,189.3907482052295,931.1273446873256,272.4538835293906,32.038332068352474,517.1155239445823,1834.6012150046938,1931.1120467195058,189.3907482052295,931.1273446873256,272.4538835293906,32.038332068352474
2026-02-26 19:00:00+00:00,145.00002,1685.87,2237.72,86.35,894.38,284.6,28.71,245.06976254008282,1589.0734386670906,2129.5213600063494,115.14595933477088,582.8677480019832,302.22305755147033,27.939255148405575,517.1155239445823,1834.6012150046938,1931.1120467195058,189.3907482052295,931.1273446873256,272.4538835293906,32.038332068352474,517.1155239445823,1834.6012150046938,1931.1120467195058,189.3907482052295,931.1273446873256,272.4538835293906,32.038332068352474
2026-02-26 20:00:00+00:00,146.00002,1633.72,2148.83,3.5500042,854.19,286.1,28.71,248.63504591202303,1405.14063983186,2009.509415297038,99.16039058416224,597.3403935841965,313.4456490669244,28.50505925484744,517.1155239445823,1834.6012150046938,1931.1120467195058,189.3907482052295,931.1273446873256,272.4538835293906,32.038332068352474,517.1155239445823,1834.6012150046938,1931.1120467195058,189.3907482052295,931.1273446873256,272.4538835293906,32.038332068352474
2026-02-26 21:00:00+00:00,146.00002,1622.29,2072.83,1.5399945,855.86,286.1,28.71,196.80102800750058,1313.065430019291,1924.7809629549479,19.549342894916094,502.2152180608851,311.04843872065493,29.246781388776174,517.1155239445823,1834.6012150046938,1931.1120467195058,189.3907482052295,931.1273446873256,272.4538835293906,32.038332068352474,517.1155239445823,1834.6012150046938,1931.1120467195058,189.3907482052295,931.1273446873256,272.4538835293906,32.038332068352474
2026-02-26 22:00:00+00:00,146.00002,1213.27,2007.93,0.3099987,866.78,286.1,28.71,175.92583565022943,1169.519009571684,1878.9482541242282,11.587287631255265,515.9960618777241,305.85442077415456,28.936284836651613,517.1155239445823,1834.6012150046938,1931.1120467195058,189.3907482052295,931.1273446873256,272.4538835293906,32.038332068352474,517.1155239445823,1834.6012150046938,1931.1120467195058,189.3907482052295,931.1273446873256,272.4538835293906,32.038332068352474
2026-02-26 23:00:00+00:00,121.000015,1326.75,1936.57,0.3099987,885.57,301.97,28.71,168.14420160627236,1112.2216783336287,1845.770161742629,4.351919327123142,535.0747101559275,309.55172975415394,28.382460584038384,517.1155239445823,1834.6012150046938,1931.1120467195058,189.3907482052295,931.1273446873256,272.4538835293906,32.038332068352474,517.1155239445823,1834.6012150046938,1931.1120467195058,189.3907482052295,931.1273446873256,272.4538835293906,32.038332068352474
2026-02-27 00:00:00+00:00,121.000015,1326.62,1921.27,0.25000113,899.08,296.11,28.71,173.83139176664326,1148.5978511874753,1837.7827020158043,4.856945571255949,473.577328253519,306.40659261141803,29.08871822389344,517.1155239445823,1834.6012150046938,1931.1120467195058,189.3907482052295,931.1273446873256,272.4538835293906,32.038332068352474,517.1155239445823,1834.6012150046938,1931.1120467195058,189.3907482052295,931.1273446873256,272.4538835293906,32.038332068352474
2026-02-27 01:00:00+00:00,120.500015,1401.91,1912.12,0.20999259,885.64,295.52,28.71,154.58706961075137,1194.4437044376632,1839.8236523790208,5.033720224503014,479.4004281076152,308.1556537207568,28.871108493491413,517.1155239445823,1834.6012150046938,1931.1120467195058,189.3907482052295,931.1273446873256,272.4538835293906,32.038332068352474,517.1155239445823,1834.6012150046938,1931.1120467195058,189.3907482052295,931.1273446873256,272.4538835293906,32.038332068352474
2026-02-27 02:00:00+00:00,120.250015,1664.49,1911.91,0.24000663,863.14,296.98,28.71,170.85249103277948,1209.3712250199626,1837.53039887307,98.1511212462642,444.3781730930264,317.1122156597092,28.45432354723642,517.1155239445823,1834.6012150046938,1931.1120467195058,189.3907482052295,931.1273446873256,272.4538835293906,32.038332068352474,517.1155239445823,1834.6012150046938,1931.1120467195058,189.3907482052295,931.1273446873256,272.4538835293906,32.038332068352474
2026-02-27 03:00:00+00:00,126.000015,1751.94,1934.81,0.25000113,862.9,286.42,28.71,141.2180566194579,1406.235802452914,1835.6704143617405,122.64127428208137,475.8292201278281,293.9492030725884,28.42608458908522,517.1155239445823,1834.6012150046938,1931.1120467195058,189.3907482052295,931.1273446873256,272.4538835293906,32.038332068352474,517.1155239445823,1834.6012150046938,1931.1120467195058,189.3907482052295,931.1273446873256,272.4538835293906,32.038332068352474
2026-02-27 04:00:00+00:00,141.00002,2058.01,1990.23,0.3099987,858.52,287.13,28.71,172.359031577059,1610.6725349255594,1922.8288922911804,114.54242060443772,479.1239735435641,297.40721659144657,28.95136334533037,517.1155239445823,1834.6012150046938,1931.1120467195058,189.3907482052295,931.1273446873256,272.4538835293906,32.038332068352474,517.1155239445823,1834.6012150046938,1931.1120467195058,189.3907482052295,931.1273446873256,272.4538835293906,32.038332068352474
2026-02-27 05:00:00+00:00,148.00002,2188.82,2121.6,160.75,826.41,280.92,28.71,198.2540670435709,1819.896356720129,2074.858145651896,200.14707867928402,484.66663515737025,294.78380919558305,28.74297377681927,517.1155239445823,1834.6012150046938,1931.1120467195058,189.3907482052295,931.1273446873256,272.4538835293906,32.038332068352474,517.1155239445823,1834.6012150046938,1931.1120467195058,189.3907482052295,931.1273446873256,272.4538835293906,32.038332068352474
2026-02-27 06:00:00+00:00,152.65001,2201.71,2226.98,447.54,845.39,280.45,28.71,257.1786013100672,1541.1331675403708,2209.8175401412373,435.47365571033714,711.767978889122,265.9620925002492,35.42124976654304,517.1155239445823,1834.6012150046938,1931.1120467195058,189.3907482052295,931.1273446873256,272.4538835293906,32.038332068352474,517.1155239445823,1834.6012150046938,1931.1120467195058,189.3907482052295,931.1273446873256,272.4538835293906,32.038332068352474
2026-02-27 07:00:00+00:00,146.50002,2093.05,2251.56,175.93,867.28,282.78,28.71,212.49377881682858,1494.8266593958465,2140.254833308071,394.8448677194385,681.7821864454352,244.54038994770497,35.147037481095744,517.1155239445823,1834.6012150046938,1931.1120467195058,189.3907482052295,931.1273446873256,272.4538835293906,32.038332068352474,517.1155239445823,1834.6012150046938,1931.1120467195058,189.3907482052295,931.1273446873256,272.4538835293906,32.038332068352474
2026-02-27 08:00:00+00:00,133.25002,1440.01,2194.05,0.08000296,850.27,287.25,28.71,192.44766340597988,856.1620640374067,1971.289116143525,111.33925834149524,701.7930324671698,235.47459831783138,34.20641165117418,517.1155239445823,1834.6012150046938,1931.1120467195058,189.3907482052295,931.1273446873256,272.4538835293906,32.038332068352474,517.1155239445823,1834.6012150046938,1931.1120467195058,189.3907482052295,931.1273446873256,272.4538835293906,32.038332068352474
2026-02-27 09:00:00+00:00,129.10002,1105.38,2102.15,1.134917e-06,858.08,280.84,28.71,140.5991670517309,596.0684161161792,1758.9380949099555,45.42724760572486,769.0851283638435,211.87872671893416,32.77070562819009,517.1155239445823,1834.6012150046938,1931.1120467195058,189.3907482052295,931.1273446873256,272.4538835293906,32.038332068352474,517.1155239445823,1834.6012150046938,1931.1120467195058,189.3907482052295,931.1273446873256,272.4538835293906,32.038332068352474
2026-02-27 10:00:00+00:00,134.60002,1131.1702,2041.91,1.134917e-06,859.58,289.27,28.71,122.59995149103031,503.6506757052948,1714.0248160152503,6.99005560746113,844.5493105976075,215.33780894127983,33.31948948132461,517.1155239445823,1834.6012150046938,1931.1120467195058,189.3907482052295,931.1273446873256,272.4538835293906,32.038332068352474,517.1155239445823,1834.6012150046938,1931.1120467195058,189.3907482052295,931.1273446873256,272.4538835293906,32.038332068352474
2026-02-27 11:00:00+00:00,138.35002,1123.3201,1987.67,1.134917e-06,854.94,295.01,28.71,153.916930799689,475.5431513735439,1668.0598005504435,2.262085778221632,827.404765303352,216.5225403098194,32.746314598841536,517.1155239445823,1834.6012150046938,1931.1120467195058,189.3907482052295,931.1273446873256,272.4538835293906,32.038332068352474,517.1155239445823,1834.6012150046938,1931.1120467195058,189.3907482052295,931.1273446873256,272.4538835293906,32.038332068352474
2026-02-27 12:00:00+00:00,122.500015,1107.95,1962.99,1.134917e-06,860.36,296.23,28.71,127.8117696802567,479.0315800634635,1624.8671809610648,0.852546543045861,820.1789861713156,202.79423988574638,31.44032288485962,517.1155239445823,1834.6012150046938,1931.1120467195058,189.3907482052295,931.1273446873256,272.4538835293906,32.038332068352474,517.1155239445823,1834.6012150046938,1931.1120467195058,189.3907482052295,931.1273446873256,272.4538835293906,32.038332068352474
2026-02-27 13:00:00+00:00,121.000015,1068.08,1980.03,1.134917e-06,847.5,296.03,28.71,114.09339074913663,476.63428999056373,1648.7950194756563,0.9362049084714101,815.8058033696979,244.11868989375887,31.191955206572512,517.1155239445823,1834.6012150046938,1931.1120467195058,189.3907482052295,931.1273446873256,272.4538835293906,32.038332068352474,517.1155239445823,1834.6012150046938,1931.1120467195058,189.3907482052295,931.1273446873256,272.4538835293906,32.038332068352474
2026-02-27 14:00:00+00:00,121.000015,1316.87,2023.08,0.22000235,837.77,296.27,28.71,113.73885485430975,449.67656988848967,1745.0555487398087,3.6269839716103434,792.1225849648775,249.83745665476468,31.389592245000845,517.1155239445823,1834.6012150046938,1931.1120467195058,189.3907482052295,931.1273446873256,272.4538835293906,32.038332068352474,517.1155239445823,1834.6012150046938,1931.1120467195058,189.3907482052295,931.1273446873256,272.4538835293906,32.038332068352474
2026-02-27 15:00:00+00:00,132.75002,2153.97,2146.06,468.44,867.89,294.69,28.71,284.3667902409163,949.2521629104468,1992.4133845049769,107.01039109699131,955.2020853774219,282.3392866682079,30.82663552504389,517.1155239445823,1834.6012150046938,1931.1120467195058,189.3907482052295,931.1273446873256,272.4538835293906,32.038332068352474,517.1155239445823,1834.6012150046938,1931.1120467195058,189.3907482052295,931.1273446873256,272.4538835293906,32.038332068352474
2026-02-27 16:00:00+00:00,173.75002,2759.06,2271.05,921.99,916.68,301.1,28.71,606.5587928080186,2051.8246282652203,2300.999242853499,589.7656838823243,1011.7220187978454,261.23408822786575,32.19200271531479,517.1155239445823,1834.6012150046938,1931.1120467195058,189.3907482052295,931.1273446873256,272.4538835293906,32.038332068352474,517.1155239445823,1834.6012150046938,1931.1120467195058,189.3907482052295,931.1273446873256,272.4538835293906,32.038332068352474
2026-02-27 17:00:00+00:00,181.50002,2603.93,2315.11,988.87,835.83,301.1,28.71,675.4456188085111,2455.5668008547605,2268.009952902749,504.43885651233313,840.166120712845,304.99784898830717,30.587662919624975,517.1155239445823,1834.6012150046938,1931.1120467195058,189.3907482052295,931.1273446873256,272.4538835293906,32.038332068352474,517.1155239445823,1834.6012150046938,1931.1120467195058,189.3907482052295,931.1273446873256,272.4538835293906,32.038332068352474
2026-02-27 18:00:00+00:00,174.75002,2784.61,2286.34,960.8,845.58,301.1,28.71,585.9445975714438,2519.156066547479,2258.9427412400833,329.50201758121466,948.8681435088865,334.94377400240114,28.997628680170973,517.1155239445823,1834.6012150046938,1931.1120467195058,189.3907482052295,931.1273446873256,272.4538835293906,32.038332068352474,517.1155239445823,1834.6012150046938,1931.1120467195058,189.3907482052295,931.1273446873256,272.4538835293906,32.038332068352474
2026-02-27 19:00:00+00:00,167.50002,2476.59,2199.08,892.8599,808.59,301.1,28.71,373.48187151292774,2566.2095210445978,2164.915700483506,164.6369596927563,748.2798802369073,325.0924045830833,28.682530615905325,517.1155239445823,1834.6012150046938,1931.1120467195058,189.3907482052295,931.1273446873256,272.4538835293906,32.038332068352474,517.1155239445823,1834.6012150046938,1931.1120467195058,189.3907482052295,931.1273446873256,272.4538835293906,32.038332068352474
2026-02-27 20:00:00+00:00,147.50002,2387.25,2116.54,655.9,817.54,301.1,28.71,256.6601389720823,1909.0346620100568,2062.3001192258976,139.73027358654872,716.2187914814778,339.7753107129637,28.712916455723363,517.1155239445823,1834.6012150046938,1931.1120467195058,189.3907482052295,931.1273446873256,272.4538835293906,32.038332068352474,517.1155239445823,1834.6012150046938,1931.1120467195058,189.3907482052295,931.1273446873256,272.4538835293906,32.038332068352474
2026-02-27 21:00:00+00:00,143.00002,2035.28,2050.04,568.71,821.79,294.93,28.71,216.27933379000433,1667.6829522675102,1971.472842748863,60.47948521494649,671.3739018456756,330.4523190515414,29.30063332645118,517.1155239445823,1834.6012150046938,1931.1120467195058,189.3907482052295,931.1273446873256,272.4538835293906,32.038332068352474,517.1155239445823,1834.6012150046938,1931.1120467195058,189.3907482052295,931.1273446873256,272.4538835293906,32.038332068352474
2026-02-27 22:00:00+00:00,140.50002,1969.68,1995.74,325.04,791.73,298.09,28.71,200.16058456333877,1402.251992701581,1905.3076279337806,29.56326768579683,535.5098922851882,319.7648969303442,29.675567314258153,517.1155239445823,1834.6012150046938,1931.1120467195058,189.3907482052295,931.1273446873256,272.4538835293906,32.038332068352474,517.1155239445823,1834.6012150046938,1931.1120467195058,189.3907482052295,931.1273446873256,272.4538835293906,32.038332068352474
2026-02-27 23:00:00+00:00,166.8,1761.14,1940.25,310.07,798.43,308.5,28.71,259.57010269546146,1252.497301467792,1853.8707625055129,18.40992287592536,512.4325715484933,307.08226500035437,28.678359787473248,517.1155239445823,1834.6012150046938,1931.1120467195058,189.3907482052295,931.1273446873256,272.4538835293906,32.038332068352474,517.1155239445823,1834.6012150046938,1931.1120467195058,189.3907482052295,931.1273446873256,272.4538835293906,32.038332068352474
