date,hard_coal_ampr_actual,lignite_ampr_actual,gas_ampr_actual,biomass_ampr_actual,pumped_storage_ampr_actual,hydro_ampr_actual,other_conv_ampr_actual,other_renew_ampr_actual,hard_coal_ampr_fitted,lignite_ampr_fitted,gas_ampr_fitted,biomass_ampr_fitted,pumped_storage_ampr_fitted,hydro_ampr_fitted,other_conv_ampr_fitted,other_renew_ampr_fitted,hard_coal_ampr_lower,lignite_ampr_lower,gas_ampr_lower,biomass_ampr_lower,pumped_storage_ampr_lower,hydro_ampr_lower,other_conv_ampr_lower,other_renew_ampr_lower,hard_coal_ampr_upper,lignite_ampr_upper,gas_ampr_upper,biomass_ampr_upper,pumped_storage_ampr_upper,hydro_ampr_upper,other_conv_ampr_upper,other_renew_ampr_upper
2026-01-24 00:00:00+00:00,1873.2899,4063.98,3562.99,789.86,4.283595e-06,103.87,531.03,45.18,1028.6682233779525,3258.8734635560068,3002.6395877545065,748.4732967125761,123.09618893229461,109.96614113626036,614.978738513656,51.392342203702405,1055.4749002676917,3444.4520705886116,3041.457130428496,759.9394619496663,198.97320985000115,110.05783213706243,614.5467839377267,50.88443983759199,1055.4749002676917,3444.4520705886116,3041.457130428496,759.9394619496663,198.97320985000115,110.05783213706243,614.5467839377267,50.88443983759199
2026-01-24 01:00:00+00:00,2012.24,3778.39,4152.33,789.58,4.283595e-06,95.46,514.48,45.18,1020.9561323123655,3251.1992761479796,2977.4798939987277,749.9396339595969,129.89714026435962,109.96614113626036,614.978738513656,51.392342203702405,1055.4749002676917,3444.4520705886116,3041.457130428496,759.9394619496663,198.97320985000115,110.05783213706243,614.5467839377267,50.88443983759199,1055.4749002676917,3444.4520705886116,3041.457130428496,759.9394619496663,198.97320985000115,110.05783213706243,614.5467839377267,50.88443983759199
2026-01-24 02:00:00+00:00,2091.45,3764.36,4162.26,789.58,4.283595e-06,95.2,562.11,45.18,1027.8951385708067,3280.39382479461,3006.4759526259327,751.2152922874122,136.69809159642463,109.96614113626036,614.978738513656,51.392342203702405,1055.4749002676917,3444.4520705886116,3041.457130428496,759.9394619496663,198.97320985000115,110.05783213706243,614.5467839377267,50.88443983759199,1055.4749002676917,3444.4520705886116,3041.457130428496,759.9394619496663,198.97320985000115,110.05783213706243,614.5467839377267,50.88443983759199
2026-01-24 03:00:00+00:00,2177.86,3856.82,4215.68,789.58,4.283595e-06,95.27,554.54,45.18,1031.2351164674515,3299.286488240982,3023.0612467069373,752.6723856214813,143.49904292848964,109.96614113626036,614.978738513656,51.392342203702405,1055.4749002676917,3444.4520705886116,3041.457130428496,759.9394619496663,198.97320985000115,110.05783213706243,614.5467839377267,50.88443983759199,1055.4749002676917,3444.4520705886116,3041.457130428496,759.9394619496663,198.97320985000115,110.05783213706243,614.5467839377267,50.88443983759199
2026-01-24 04:00:00+00:00,2005.4,3989.55,4434.95,789.58,4.283595e-06,95.46,564.53,45.18,1042.2331468083187,3317.1104051249445,3067.158625003311,754.2054696567712,150.29999426055466,109.96614113626036,614.978738513656,51.392342203702405,1055.4749002676917,3444.4520705886116,3041.457130428496,759.9394619496663,198.97320985000115,110.05783213706243,614.5467839377267,50.88443983759199,1055.4749002676917,3444.4520705886116,3041.457130428496,759.9394619496663,198.97320985000115,110.05783213706243,614.5467839377267,50.88443983759199
2026-01-24 05:00:00+00:00,1919.01,4086.27,4538.18,790.99,4.283595e-06,103.66,566.56,45.18,1055.4304511154824,3334.7055788274024,3127.421220452313,756.8084606624127,157.10094559261967,109.96614113626036,614.978738513656,51.392342203702405,1055.4749002676917,3444.4520705886116,3041.457130428496,759.9394619496663,198.97320985000115,110.05783213706243,614.5467839377267,50.88443983759199,1055.4749002676917,3444.4520705886116,3041.457130428496,759.9394619496663,198.97320985000115,110.05783213706243,614.5467839377267,50.88443983759199
2026-01-24 06:00:00+00:00,1931.59,4539.86,4881.82,793.54,4.283595e-06,103.68,571.99,45.18,1076.5259530085136,3393.109785346915,3223.8368705466232,759.8880468060971,163.90189692468468,109.96614113626036,614.978738513656,51.392342203702405,1055.4749002676917,3444.4520705886116,3041.457130428496,759.9394619496663,198.97320985000115,110.05783213706243,614.5467839377267,50.88443983759199,1055.4749002676917,3444.4520705886116,3041.457130428496,759.9394619496663,198.97320985000115,110.05783213706243,614.5467839377267,50.88443983759199
2026-01-24 07:00:00+00:00,2079.94,5046.64,5208.1,795.63,61.56,103.7,514.08,45.18,1106.5038310289128,3454.6414964234064,3352.0828946086303,763.029474690721,170.7028482567497,109.96614113626036,614.978738513656,51.392342203702405,1055.4749002676917,3444.4520705886116,3041.457130428496,759.9394619496663,198.97320985000115,110.05783213706243,614.5467839377267,50.88443983759199,1055.4749002676917,3444.4520705886116,3041.457130428496,759.9394619496663,198.97320985000115,110.05783213706243,614.5467839377267,50.88443983759199
2026-01-24 08:00:00+00:00,2287.11,5320.75,5279.93,795.35,141.81,103.7,528.52,45.18,1115.7693598094336,3453.8044685506084,3383.166350678144,764.007301858002,177.5037995888147,109.96614113626036,614.978738513656,51.392342203702405,1055.4749002676917,3444.4520705886116,3041.457130428496,759.9394619496663,198.97320985000115,110.05783213706243,614.5467839377267,50.88443983759199,1055.4749002676917,3444.4520705886116,3041.457130428496,759.9394619496663,198.97320985000115,110.05783213706243,614.5467839377267,50.88443983759199
2026-01-24 09:00:00+00:00,2163.43,5427.88,4888.79,794.77,35.54999,103.7,545.21,45.18,1102.2591109241948,3436.635613680599,3312.2763638916317,762.4083482022082,184.3047509208797,109.96614113626036,614.978738513656,51.392342203702405,1055.4749002676917,3444.4520705886116,3041.457130428496,759.9394619496663,198.97320985000115,110.05783213706243,614.5467839377267,50.88443983759199,1055.4749002676917,3444.4520705886116,3041.457130428496,759.9394619496663,198.97320985000115,110.05783213706243,614.5467839377267,50.88443983759199
2026-01-24 10:00:00+00:00,2083.89,5399.87,4460.47,795.04,4.283595e-06,95.2,557.3,45.18,1088.058867190394,3425.57293239215,3233.733402195567,760.1026582638423,191.10570225294472,109.96614113626036,614.978738513656,51.392342203702405,1055.4749002676917,3444.4520705886116,3041.457130428496,759.9394619496663,198.97320985000115,110.05783213706243,614.5467839377267,50.88443983759199,1055.4749002676917,3444.4520705886116,3041.457130428496,759.9394619496663,198.97320985000115,110.05783213706243,614.5467839377267,50.88443983759199
2026-01-24 11:00:00+00:00,2097.39,5382.34,4098.23,795.14,11.849995,95.27,555.87,45.18,1060.0442401479322,3428.4397423963737,3114.358636572499,758.4859546749799,197.90665358500974,109.96614113626036,614.978738513656,51.392342203702405,1055.4749002676917,3444.4520705886116,3041.457130428496,759.9394619496663,198.97320985000115,110.05783213706243,614.5467839377267,50.88443983759199,1055.4749002676917,3444.4520705886116,3041.457130428496,759.9394619496663,198.97320985000115,110.05783213706243,614.5467839377267,50.88443983759199
2026-01-24 12:00:00+00:00,2092.45,5402.66,3783.7,795.14,3.2699933,95.2,612.92,45.18,1048.5246558855874,3427.3079073173185,3068.2339324156314,758.86012214212,204.70760491707475,109.96614113626036,614.978738513656,51.392342203702405,1055.4749002676917,3444.4520705886116,3041.457130428496,759.9394619496663,198.97320985000115,110.05783213706243,614.5467839377267,50.88443983759199,1055.4749002676917,3444.4520705886116,3041.457130428496,759.9394619496663,198.97320985000115,110.05783213706243,614.5467839377267,50.88443983759199
2026-01-24 13:00:00+00:00,2100.97,5347.66,4245.2,795.14,4.283595e-06,103.7,600.56,45.18,1062.734338162168,3445.1511507313644,3138.662093177893,762.2827736808235,211.50855624913976,109.96614113626036,614.978738513656,51.392342203702405,1055.4749002676917,3444.4520705886116,3041.457130428496,759.9394619496663,198.97320985000115,110.05783213706243,614.5467839377267,50.88443983759199,1055.4749002676917,3444.4520705886116,3041.457130428496,759.9394619496663,198.97320985000115,110.05783213706243,614.5467839377267,50.88443983759199
2026-01-24 14:00:00+00:00,2363.91,5424.02,4592.75,795.14,23.7,103.7,578.98,45.18,1091.5357146525087,3501.059223307234,3283.878646693478,768.0443816652892,218.3095075812048,109.96614113626036,614.978738513656,51.392342203702405,1055.4749002676917,3444.4520705886116,3041.457130428496,759.9394619496663,198.97320985000115,110.05783213706243,614.5467839377267,50.88443983759199,1055.4749002676917,3444.4520705886116,3041.457130428496,759.9394619496663,198.97320985000115,110.05783213706243,614.5467839377267,50.88443983759199
2026-01-24 15:00:00+00:00,2614.25,5442.92,4883.35,795.53,81.33,104.11,579.17,45.18,1129.4871323965813,3572.209120681717,3457.078280602448,773.0664229639992,225.11045891326978,109.96614113626036,614.978738513656,51.392342203702405,1055.4749002676917,3444.4520705886116,3041.457130428496,759.9394619496663,198.97320985000115,110.05783213706243,614.5467839377267,50.88443983759199,1055.4749002676917,3444.4520705886116,3041.457130428496,759.9394619496663,198.97320985000115,110.05783213706243,614.5467839377267,50.88443983759199
2026-01-24 16:00:00+00:00,2620.56,5450.23,5039.24,796.25,458.15,105.37,568.6,45.18,1140.923563319447,3610.961310764124,3530.146219676564,777.688588431247,231.91141024533482,109.96614113626036,614.978738513656,51.392342203702405,1055.4749002676917,3444.4520705886116,3041.457130428496,759.9394619496663,198.97320985000115,110.05783213706243,614.5467839377267,50.88443983759199,1055.4749002676917,3444.4520705886116,3041.457130428496,759.9394619496663,198.97320985000115,110.05783213706243,614.5467839377267,50.88443983759199
2026-01-24 17:00:00+00:00,2616.32,5446.5,5058.61,796.89,391.24,105.38,577.48,45.18,1138.7487796610058,3617.8069522056176,3532.7294097327867,779.9358948897418,238.71236157739983,109.96614113626036,614.978738513656,51.392342203702405,1055.4749002676917,3444.4520705886116,3041.457130428496,759.9394619496663,198.97320985000115,110.05783213706243,614.5467839377267,50.88443983759199,1055.4749002676917,3444.4520705886116,3041.457130428496,759.9394619496663,198.97320985000115,110.05783213706243,614.5467839377267,50.88443983759199
2026-01-24 18:00:00+00:00,2608.79,5467.17,5072.65,796.89,215.06,105.38,612.39,45.18,1119.1325775821122,3590.094953752612,3454.8863232265076,780.2792279758937,245.51331290946484,109.96614113626036,614.978738513656,51.392342203702405,1055.4749002676917,3444.4520705886116,3041.457130428496,759.9394619496663,198.97320985000115,110.05783213706243,614.5467839377267,50.88443983759199,1055.4749002676917,3444.4520705886116,3041.457130428496,759.9394619496663,198.97320985000115,110.05783213706243,614.5467839377267,50.88443983759199
2026-01-24 19:00:00+00:00,2521.24,5451.19,4896.75,796.89,18.780003,105.38,663.33,45.18,1090.0711060393949,3546.33802430219,3333.3079988165305,779.577191655551,252.31426424152986,109.96614113626036,614.978738513656,51.392342203702405,1055.4749002676917,3444.4520705886116,3041.457130428496,759.9394619496663,198.97320985000115,110.05783213706243,614.5467839377267,50.88443983759199,1055.4749002676917,3444.4520705886116,3041.457130428496,759.9394619496663,198.97320985000115,110.05783213706243,614.5467839377267,50.88443983759199
2026-01-24 20:00:00+00:00,2473.57,5426.3,4661.48,796.89,37.379993,104.35,633.91,45.18,1075.205626569954,3510.513465871992,3269.6801156513775,779.7793663739271,259.11521557359487,109.96614113626036,614.978738513656,51.392342203702405,1055.4749002676917,3444.4520705886116,3041.457130428496,759.9394619496663,198.97320985000115,110.05783213706243,614.5467839377267,50.88443983759199,1055.4749002676917,3444.4520705886116,3041.457130428496,759.9394619496663,198.97320985000115,110.05783213706243,614.5467839377267,50.88443983759199
2026-01-24 21:00:00+00:00,2415.12,5385.41,4572.87,795.59,4.283595e-06,103.77,614.48,45.18,1061.7728697024882,3501.3911703716053,3217.0964141929335,780.324310452877,265.91616690565985,109.96614113626036,614.978738513656,51.392342203702405,1055.4749002676917,3444.4520705886116,3041.457130428496,759.9394619496663,198.97320985000115,110.05783213706243,614.5467839377267,50.88443983759199,1055.4749002676917,3444.4520705886116,3041.457130428496,759.9394619496663,198.97320985000115,110.05783213706243,614.5467839377267,50.88443983759199
2026-01-24 22:00:00+00:00,2305.14,5355.64,4134.16,794.8,4.283595e-06,103.96,643.53,45.18,1036.869145592262,3468.625316809917,3111.724459562597,779.5776264825088,272.7171182377249,109.96614113626036,614.978738513656,51.392342203702405,1055.4749002676917,3444.4520705886116,3041.457130428496,759.9394619496663,198.97320985000115,110.05783213706243,614.5467839377267,50.88443983759199,1055.4749002676917,3444.4520705886116,3041.457130428496,759.9394619496663,198.97320985000115,110.05783213706243,614.5467839377267,50.88443983759199
2026-01-24 23:00:00+00:00,2247.58,5319.03,3769.2,790.26,4.283595e-06,103.7,638.27,38.92,1023.2934597355274,3438.547076493528,3048.935104720332,779.1702114990843,279.5180695697899,109.96614113626036,614.978738513656,51.392342203702405,1055.4749002676917,3444.4520705886116,3041.457130428496,759.9394619496663,198.97320985000115,110.05783213706243,614.5467839377267,50.88443983759199,1055.4749002676917,3444.4520705886116,3041.457130428496,759.9394619496663,198.97320985000115,110.05783213706243,614.5467839377267,50.88443983759199
2026-01-25 00:00:00+00:00,2171.99,5290.61,3451.34,789.59,4.283595e-06,95.27,665.61,38.92,1004.5965772783547,3411.1269555446147,2922.4997910484503,746.6612730844095,123.09618893229461,109.96614113626036,614.978738513656,51.392342203702405,1055.4749002676917,3444.4520705886116,3041.457130428496,759.9394619496663,198.97320985000115,110.05783213706243,614.5467839377267,50.88443983759199,1055.4749002676917,3444.4520705886116,3041.457130428496,759.9394619496663,198.97320985000115,110.05783213706243,614.5467839377267,50.88443983759199
2026-01-25 01:00:00+00:00,2171.15,5366.34,3450.05,789.3,4.283595e-06,95.46,655.76,38.92,993.3262108951321,3401.1339760911314,2876.631648670678,747.103461337936,129.89714026435962,109.96614113626036,614.978738513656,51.392342203702405,1055.4749002676917,3444.4520705886116,3041.457130428496,759.9394619496663,198.97320985000115,110.05783213706243,614.5467839377267,50.88443983759199,1055.4749002676917,3444.4520705886116,3041.457130428496,759.9394619496663,198.97320985000115,110.05783213706243,614.5467839377267,50.88443983759199
2026-01-25 02:00:00+00:00,2161.47,5147.49,3477.3,789.3,4.283595e-06,94.9,654.16,38.92,997.8187982595601,3401.116956511631,2894.2939632258717,748.4186298592655,136.69809159642463,109.96614113626036,614.978738513656,51.392342203702405,1055.4749002676917,3444.4520705886116,3041.457130428496,759.9394619496663,198.97320985000115,110.05783213706243,614.5467839377267,50.88443983759199,1055.4749002676917,3444.4520705886116,3041.457130428496,759.9394619496663,198.97320985000115,110.05783213706243,614.5467839377267,50.88443983759199
2026-01-25 03:00:00+00:00,2145.51,4870.66,3284.8,789.3,4.283595e-06,94.49,651.35,38.92,1006.1392950747252,3422.4533285095185,2930.295573848257,750.0384796437831,143.49904292848964,109.96614113626036,614.978738513656,51.392342203702405,1055.4749002676917,3444.4520705886116,3041.457130428496,759.9394619496663,198.97320985000115,110.05783213706243,614.5467839377267,50.88443983759199,1055.4749002676917,3444.4520705886116,3041.457130428496,759.9394619496663,198.97320985000115,110.05783213706243,614.5467839377267,50.88443983759199
2026-01-25 04:00:00+00:00,2180.0,4742.25,3384.81,789.3,4.283595e-06,103.23,599.99,38.92,1004.9681868718777,3432.3388170590056,2928.396055366246,751.2040321721761,150.29999426055466,109.96614113626036,614.978738513656,51.392342203702405,1055.4749002676917,3444.4520705886116,3041.457130428496,759.9394619496663,198.97320985000115,110.05783213706243,614.5467839377267,50.88443983759199,1055.4749002676917,3444.4520705886116,3041.457130428496,759.9394619496663,198.97320985000115,110.05783213706243,614.5467839377267,50.88443983759199
2026-01-25 05:00:00+00:00,2225.21,4754.12,3353.4,790.71,4.283595e-06,102.91,536.85,38.92,1012.156188780177,3442.1898695206282,2960.4920500966637,753.0115530117213,157.10094559261967,109.96614113626036,614.978738513656,51.392342203702405,1055.4749002676917,3444.4520705886116,3041.457130428496,759.9394619496663,198.97320985000115,110.05783213706243,614.5467839377267,50.88443983759199,1055.4749002676917,3444.4520705886116,3041.457130428496,759.9394619496663,198.97320985000115,110.05783213706243,614.5467839377267,50.88443983759199
2026-01-25 06:00:00+00:00,2220.36,5051.99,3491.14,793.27,4.283595e-06,102.91,540.88,38.92,1021.0156352140935,3455.3453936622477,3003.6954791025305,755.5059582456167,163.90189692468468,109.96614113626036,614.978738513656,51.392342203702405,1055.4749002676917,3444.4520705886116,3041.457130428496,759.9394619496663,198.97320985000115,110.05783213706243,614.5467839377267,50.88443983759199,1055.4749002676917,3444.4520705886116,3041.457130428496,759.9394619496663,198.97320985000115,110.05783213706243,614.5467839377267,50.88443983759199
2026-01-25 07:00:00+00:00,2396.56,5349.45,3793.35,795.44,4.283595e-06,101.41,553.42,38.92,1048.9972622194907,3486.951931446378,3120.298703562873,758.5403795981524,170.7028482567497,109.96614113626036,614.978738513656,51.392342203702405,1055.4749002676917,3444.4520705886116,3041.457130428496,759.9394619496663,198.97320985000115,110.05783213706243,614.5467839377267,50.88443983759199,1055.4749002676917,3444.4520705886116,3041.457130428496,759.9394619496663,198.97320985000115,110.05783213706243,614.5467839377267,50.88443983759199
2026-01-25 08:00:00+00:00,2432.54,5427.95,3877.61,795.44,4.283595e-06,101.41,552.06,38.92,1080.735275870567,3492.6054591305706,3245.378222541,761.3682732072866,177.5037995888147,109.96614113626036,614.978738513656,51.392342203702405,1055.4749002676917,3444.4520705886116,3041.457130428496,759.9394619496663,198.97320985000115,110.05783213706243,614.5467839377267,50.88443983759199,1055.4749002676917,3444.4520705886116,3041.457130428496,759.9394619496663,198.97320985000115,110.05783213706243,614.5467839377267,50.88443983759199
2026-01-25 09:00:00+00:00,2413.97,5254.27,3676.31,794.86,4.283595e-06,101.41,523.9,38.92,1099.0921146320416,3464.3605079401395,3308.8620907256527,762.8523243494842,184.3047509208797,109.96614113626036,614.978738513656,51.392342203702405,1055.4749002676917,3444.4520705886116,3041.457130428496,759.9394619496663,198.97320985000115,110.05783213706243,614.5467839377267,50.88443983759199,1055.4749002676917,3444.4520705886116,3041.457130428496,759.9394619496663,198.97320985000115,110.05783213706243,614.5467839377267,50.88443983759199
2026-01-25 10:00:00+00:00,2381.67,4963.03,3612.61,794.86,4.283595e-06,101.55,556.04,38.92,1101.122932249626,3454.3444889720226,3315.452746203145,764.0618383860701,191.10570225294472,109.96614113626036,614.978738513656,51.392342203702405,1055.4749002676917,3444.4520705886116,3041.457130428496,759.9394619496663,198.97320985000115,110.05783213706243,614.5467839377267,50.88443983759199,1055.4749002676917,3444.4520705886116,3041.457130428496,759.9394619496663,198.97320985000115,110.05783213706243,614.5467839377267,50.88443983759199
2026-01-25 11:00:00+00:00,2407.41,4937.75,3974.88,794.77,4.283595e-06,93.31,559.58,38.92,1094.3990887790148,3436.897306844974,3290.086778530047,765.1028401562843,197.90665358500974,109.96614113626036,614.978738513656,51.392342203702405,1055.4749002676917,3444.4520705886116,3041.457130428496,759.9394619496663,198.97320985000115,110.05783213706243,614.5467839377267,50.88443983759199,1055.4749002676917,3444.4520705886116,3041.457130428496,759.9394619496663,198.97320985000115,110.05783213706243,614.5467839377267,50.88443983759199
2026-01-25 12:00:00+00:00,2319.33,4944.35,3990.22,794.49,4.283595e-06,94.64,553.41,38.92,1093.301597802909,3435.1516149852387,3282.4320722709044,765.6772298629626,204.70760491707475,109.96614113626036,614.978738513656,51.392342203702405,1055.4749002676917,3444.4520705886116,3041.457130428496,759.9394619496663,198.97320985000115,110.05783213706243,614.5467839377267,50.88443983759199,1055.4749002676917,3444.4520705886116,3041.457130428496,759.9394619496663,198.97320985000115,110.05783213706243,614.5467839377267,50.88443983759199
2026-01-25 13:00:00+00:00,2354.56,4947.0,3962.09,794.49,33.140003,95.24,530.19,38.92,1099.0515607197392,3440.436253892402,3308.8511659396145,767.4177288162382,211.50855624913976,109.96614113626036,614.978738513656,51.392342203702405,1055.4749002676917,3444.4520705886116,3041.457130428496,759.9394619496663,198.97320985000115,110.05783213706243,614.5467839377267,50.88443983759199,1055.4749002676917,3444.4520705886116,3041.457130428496,759.9394619496663,198.97320985000115,110.05783213706243,614.5467839377267,50.88443983759199
2026-01-25 14:00:00+00:00,2355.28,5181.66,4134.73,794.49,4.283595e-06,103.84,592.4,38.92,1109.6840582262632,3460.2398765874045,3368.9616684923303,771.0529176502448,218.3095075812048,109.96614113626036,614.978738513656,51.392342203702405,1055.4749002676917,3444.4520705886116,3041.457130428496,759.9394619496663,198.97320985000115,110.05783213706243,614.5467839377267,50.88443983759199,1055.4749002676917,3444.4520705886116,3041.457130428496,759.9394619496663,198.97320985000115,110.05783213706243,614.5467839377267,50.88443983759199
2026-01-25 15:00:00+00:00,2477.84,5403.69,4521.61,795.26,121.07,103.84,672.59,38.92,1121.3893356953806,3490.7043879364546,3432.633182185653,774.5015927505814,225.11045891326978,109.96614113626036,614.978738513656,51.392342203702405,1055.4749002676917,3444.4520705886116,3041.457130428496,759.9394619496663,198.97320985000115,110.05783213706243,614.5467839377267,50.88443983759199,1055.4749002676917,3444.4520705886116,3041.457130428496,759.9394619496663,198.97320985000115,110.05783213706243,614.5467839377267,50.88443983759199
2026-01-25 16:00:00+00:00,2546.85,5418.6,4659.09,795.98,502.82,103.93,661.17,38.92,1150.1154562459328,3545.543396443499,3563.3243829888174,778.5368057045201,231.91141024533482,109.96614113626036,614.978738513656,51.392342203702405,1055.4749002676917,3444.4520705886116,3041.457130428496,759.9394619496663,198.97320985000115,110.05783213706243,614.5467839377267,50.88443983759199,1055.4749002676917,3444.4520705886116,3041.457130428496,759.9394619496663,198.97320985000115,110.05783213706243,614.5467839377267,50.88443983759199
2026-01-25 17:00:00+00:00,2549.77,5428.72,4662.67,796.62,622.25,103.84,664.86,38.92,1161.498789189991,3563.25651122895,3613.603860362893,780.6588965832024,238.71236157739983,109.96614113626036,614.978738513656,51.392342203702405,1055.4749002676917,3444.4520705886116,3041.457130428496,759.9394619496663,198.97320985000115,110.05783213706243,614.5467839377267,50.88443983759199,1055.4749002676917,3444.4520705886116,3041.457130428496,759.9394619496663,198.97320985000115,110.05783213706243,614.5467839377267,50.88443983759199
2026-01-25 18:00:00+00:00,2550.78,5424.74,4641.82,796.62,758.03,103.87,670.22,38.92,1155.6888120309213,3556.3002995378583,3587.1353148447033,781.0697674682408,245.51331290946484,109.96614113626036,614.978738513656,51.392342203702405,1055.4749002676917,3444.4520705886116,3041.457130428496,759.9394619496663,198.97320985000115,110.05783213706243,614.5467839377267,50.88443983759199,1055.4749002676917,3444.4520705886116,3041.457130428496,759.9394619496663,198.97320985000115,110.05783213706243,614.5467839377267,50.88443983759199
2026-01-25 19:00:00+00:00,2597.39,5422.86,4657.03,796.62,142.99,103.72,671.9,38.92,1141.1811608141966,3527.8014673954895,3525.191167482942,781.2098675010824,252.31426424152986,109.96614113626036,614.978738513656,51.392342203702405,1055.4749002676917,3444.4520705886116,3041.457130428496,759.9394619496663,198.97320985000115,110.05783213706243,614.5467839377267,50.88443983759199,1055.4749002676917,3444.4520705886116,3041.457130428496,759.9394619496663,198.97320985000115,110.05783213706243,614.5467839377267,50.88443983759199
2026-01-25 20:00:00+00:00,2563.98,5417.05,4552.98,796.62,0.080006115,103.41,665.04,38.92,1128.1547667537966,3519.1359704550064,3476.536153991872,782.0645443241505,259.11521557359487,109.96614113626036,614.978738513656,51.392342203702405,1055.4749002676917,3444.4520705886116,3041.457130428496,759.9394619496663,198.97320985000115,110.05783213706243,614.5467839377267,50.88443983759199,1055.4749002676917,3444.4520705886116,3041.457130428496,759.9394619496663,198.97320985000115,110.05783213706243,614.5467839377267,50.88443983759199
2026-01-25 21:00:00+00:00,2432.68,5408.22,4531.55,794.5,23.7,101.88,634.0,38.92,1112.4126179526204,3531.674433273955,3417.8255009086233,782.5592209837403,265.91616690565985,109.96614113626036,614.978738513656,51.392342203702405,1055.4749002676917,3444.4520705886116,3041.457130428496,759.9394619496663,198.97320985000115,110.05783213706243,614.5467839377267,50.88443983759199,1055.4749002676917,3444.4520705886116,3041.457130428496,759.9394619496663,198.97320985000115,110.05783213706243,614.5467839377267,50.88443983759199
2026-01-25 22:00:00+00:00,2373.32,5422.34,4412.68,793.26,111.24,101.74,619.89,38.92,1092.470085390716,3504.7064385638787,3331.329642222851,781.9627127072517,272.7171182377249,109.96614113626036,614.978738513656,51.392342203702405,1055.4749002676917,3444.4520705886116,3041.457130428496,759.9394619496663,198.97320985000115,110.05783213706243,614.5467839377267,50.88443983759199,1055.4749002676917,3444.4520705886116,3041.457130428496,759.9394619496663,198.97320985000115,110.05783213706243,614.5467839377267,50.88443983759199
2026-01-25 23:00:00+00:00,2292.48,5398.83,4358.79,789.99,20.269993,101.29,660.22,38.92,1079.5576045457376,3474.4597860562203,3270.0622948830023,781.4903587553617,279.5180695697899,109.96614113626036,614.978738513656,51.392342203702405,1055.4749002676917,3444.4520705886116,3041.457130428496,759.9394619496663,198.97320985000115,110.05783213706243,614.5467839377267,50.88443983759199,1055.4749002676917,3444.4520705886116,3041.457130428496,759.9394619496663,198.97320985000115,110.05783213706243,614.5467839377267,50.88443983759199
2026-01-26 00:00:00+00:00,2210.79,5178.84,4342.9,786.84,11.849995,92.9,671.99,38.92,1053.9764455592351,3441.7946859548792,3114.9934097485816,748.5575768211246,123.09618893229461,109.96614113626036,614.978738513656,51.392342203702405,1055.4749002676917,3444.4520705886116,3041.457130428496,759.9394619496663,198.97320985000115,110.05783213706243,614.5467839377267,50.88443983759199,1055.4749002676917,3444.4520705886116,3041.457130428496,759.9394619496663,198.97320985000115,110.05783213706243,614.5467839377267,50.88443983759199
2026-01-26 01:00:00+00:00,2178.2,5356.36,4396.54,786.56,11.849995,92.29,667.95,38.92,1041.3588278503921,3410.370846564521,3061.136528376427,748.9860853960905,129.89714026435962,109.96614113626036,614.978738513656,51.392342203702405,1055.4749002676917,3444.4520705886116,3041.457130428496,759.9394619496663,198.97320985000115,110.05783213706243,614.5467839377267,50.88443983759199,1055.4749002676917,3444.4520705886116,3041.457130428496,759.9394619496663,198.97320985000115,110.05783213706243,614.5467839377267,50.88443983759199
2026-01-26 02:00:00+00:00,2154.59,5253.42,4440.69,786.56,4.283595e-06,90.38,693.81,38.92,1028.1647152649716,3399.6722330350776,3010.0883115998727,749.7579728984845,136.69809159642463,109.96614113626036,614.978738513656,51.392342203702405,1055.4749002676917,3444.4520705886116,3041.457130428496,759.9394619496663,198.97320985000115,110.05783213706243,614.5467839377267,50.88443983759199,1055.4749002676917,3444.4520705886116,3041.457130428496,759.9394619496663,198.97320985000115,110.05783213706243,614.5467839377267,50.88443983759199
2026-01-26 03:00:00+00:00,2229.59,5220.08,4809.45,786.56,4.283595e-06,90.51,684.16,38.92,1035.638103597948,3407.1090553093845,3046.082695146716,752.0297388967675,143.49904292848964,109.96614113626036,614.978738513656,51.392342203702405,1055.4749002676917,3444.4520705886116,3041.457130428496,759.9394619496663,198.97320985000115,110.05783213706243,614.5467839377267,50.88443983759199,1055.4749002676917,3444.4520705886116,3041.457130428496,759.9394619496663,198.97320985000115,110.05783213706243,614.5467839377267,50.88443983759199
2026-01-26 04:00:00+00:00,2828.32,5415.4,5376.2,786.56,19.459995,99.43,665.61,38.92,1074.6634573721435,3473.0217044964866,3218.5722004324684,756.6464442444427,150.29999426055466,109.96614113626036,614.978738513656,51.392342203702405,1055.4749002676917,3444.4520705886116,3041.457130428496,759.9394619496663,198.97320985000115,110.05783213706243,614.5467839377267,50.88443983759199,1055.4749002676917,3444.4520705886116,3041.457130428496,759.9394619496663,198.97320985000115,110.05783213706243,614.5467839377267,50.88443983759199
2026-01-26 05:00:00+00:00,3210.78,5475.95,7030.78,787.97,24.920002,99.06,684.37,38.92,1149.348408746172,3591.182865282652,3552.4886084846316,765.1161003620872,157.10094559261967,109.96614113626036,614.978738513656,51.392342203702405,1055.4749002676917,3444.4520705886116,3041.457130428496,759.9394619496663,198.97320985000115,110.05783213706243,614.5467839377267,50.88443983759199,1055.4749002676917,3444.4520705886116,3041.457130428496,759.9394619496663,198.97320985000115,110.05783213706243,614.5467839377267,50.88443983759199
2026-01-26 06:00:00+00:00,3240.31,5842.14,8182.74,790.52,21.7,100.79,717.18,38.92,1186.4540312602057,3684.192285595467,3730.166960540012,770.8410813293599,163.90189692468468,109.96614113626036,614.978738513656,51.392342203702405,1055.4749002676917,3444.4520705886116,3041.457130428496,759.9394619496663,198.97320985000115,110.05783213706243,614.5467839377267,50.88443983759199,1055.4749002676917,3444.4520705886116,3041.457130428496,759.9394619496663,198.97320985000115,110.05783213706243,614.5467839377267,50.88443983759199
2026-01-26 07:00:00+00:00,3244.03,5867.24,8286.25,791.96,167.24,101.29,747.38,38.92,1208.2365668463729,3722.717787492414,3831.3698582481784,774.5414292225378,170.7028482567497,109.96614113626036,614.978738513656,51.392342203702405,1055.4749002676917,3444.4520705886116,3041.457130428496,759.9394619496663,198.97320985000115,110.05783213706243,614.5467839377267,50.88443983759199,1055.4749002676917,3444.4520705886116,3041.457130428496,759.9394619496663,198.97320985000115,110.05783213706243,614.5467839377267,50.88443983759199
2026-01-26 08:00:00+00:00,3315.65,5877.14,8370.7,791.96,196.68,101.32,729.89,38.92,1215.5203727807018,3755.0388950380675,3861.256360521249,775.7764797725324,177.5037995888147,109.96614113626036,614.978738513656,51.392342203702405,1055.4749002676917,3444.4520705886116,3041.457130428496,759.9394619496663,198.97320985000115,110.05783213706243,614.5467839377267,50.88443983759199,1055.4749002676917,3444.4520705886116,3041.457130428496,759.9394619496663,198.97320985000115,110.05783213706243,614.5467839377267,50.88443983759199
2026-01-26 09:00:00+00:00,3309.08,5848.39,8772.08,791.37,462.03,101.32,716.2,38.92,1212.857860457104,3741.508602229749,3843.572612352081,776.126478712876,184.3047509208797,109.96614113626036,614.978738513656,51.392342203702405,1055.4749002676917,3444.4520705886116,3041.457130428496,759.9394619496663,198.97320985000115,110.05783213706243,614.5467839377267,50.88443983759199,1055.4749002676917,3444.4520705886116,3041.457130428496,759.9394619496663,198.97320985000115,110.05783213706243,614.5467839377267,50.88443983759199
2026-01-26 10:00:00+00:00,3175.49,5857.8,8075.35,791.37,107.17999,102.04,737.15,38.92,1198.9641723669947,3737.5840612819634,3786.438016180198,776.2845383737516,191.10570225294472,109.96614113626036,614.978738513656,51.392342203702405,1055.4749002676917,3444.4520705886116,3041.457130428496,759.9394619496663,198.97320985000115,110.05783213706243,614.5467839377267,50.88443983759199,1055.4749002676917,3444.4520705886116,3041.457130428496,759.9394619496663,198.97320985000115,110.05783213706243,614.5467839377267,50.88443983759199
2026-01-26 11:00:00+00:00,3229.65,5827.2,8205.73,791.37,42.929996,94.96,738.69,38.92,1192.971942176005,3729.991595941115,3751.963074531748,775.8532924971214,197.90665358500974,109.96614113626036,614.978738513656,51.392342203702405,1055.4749002676917,3444.4520705886116,3041.457130428496,759.9394619496663,198.97320985000115,110.05783213706243,614.5467839377267,50.88443983759199,1055.4749002676917,3444.4520705886116,3041.457130428496,759.9394619496663,198.97320985000115,110.05783213706243,614.5467839377267,50.88443983759199
2026-01-26 12:00:00+00:00,3144.44,5826.39,8088.2,791.37,42.929996,95.34,744.94,38.92,1183.5240436025751,3715.602229342494,3707.6412377869747,775.7795638708727,204.70760491707475,109.96614113626036,614.978738513656,51.392342203702405,1055.4749002676917,3444.4520705886116,3041.457130428496,759.9394619496663,198.97320985000115,110.05783213706243,614.5467839377267,50.88443983759199,1055.4749002676917,3444.4520705886116,3041.457130428496,759.9394619496663,198.97320985000115,110.05783213706243,614.5467839377267,50.88443983759199
2026-01-26 13:00:00+00:00,3144.07,5823.95,7682.45,791.37,62.51,95.21,733.37,38.92,1173.900909529948,3722.683072509951,3666.868232441645,775.8482878092099,211.50855624913976,109.96614113626036,614.978738513656,51.392342203702405,1055.4749002676917,3444.4520705886116,3041.457130428496,759.9394619496663,198.97320985000115,110.05783213706243,614.5467839377267,50.88443983759199,1055.4749002676917,3444.4520705886116,3041.457130428496,759.9394619496663,198.97320985000115,110.05783213706243,614.5467839377267,50.88443983759199
2026-01-26 14:00:00+00:00,3136.12,5832.63,7491.91,791.37,47.399998,103.65,673.66,38.92,1180.900596657505,3740.194578536558,3701.5932963726154,777.872353185025,218.3095075812048,109.96614113626036,614.978738513656,51.392342203702405,1055.4749002676917,3444.4520705886116,3041.457130428496,759.9394619496663,198.97320985000115,110.05783213706243,614.5467839377267,50.88443983759199,1055.4749002676917,3444.4520705886116,3041.457130428496,759.9394619496663,198.97320985000115,110.05783213706243,614.5467839377267,50.88443983759199
2026-01-26 15:00:00+00:00,2844.8,5832.3,7339.39,791.77,80.399994,103.72,673.6,38.92,1188.8405317604443,3772.3450345828,3742.8069334365914,780.1383700676004,225.11045891326978,109.96614113626036,614.978738513656,51.392342203702405,1055.4749002676917,3444.4520705886116,3041.457130428496,759.9394619496663,198.97320985000115,110.05783213706243,614.5467839377267,50.88443983759199,1055.4749002676917,3444.4520705886116,3041.457130428496,759.9394619496663,198.97320985000115,110.05783213706243,614.5467839377267,50.88443983759199
2026-01-26 16:00:00+00:00,2876.02,5841.02,7635.47,792.94,981.05,103.9,683.01,38.92,1196.7566052239383,3806.266302411834,3793.219308775605,783.5847793400889,231.91141024533482,109.96614113626036,614.978738513656,51.392342203702405,1055.4749002676917,3444.4520705886116,3041.457130428496,759.9394619496663,198.97320985000115,110.05783213706243,614.5467839377267,50.88443983759199,1055.4749002676917,3444.4520705886116,3041.457130428496,759.9394619496663,198.97320985000115,110.05783213706243,614.5467839377267,50.88443983759199
2026-01-26 17:00:00+00:00,2873.9902,5835.11,7793.42,793.58,1032.4,103.58,615.45,38.92,1207.648213971203,3836.1126057293795,3841.99512947849,785.5248470437241,238.71236157739983,109.96614113626036,614.978738513656,51.392342203702405,1055.4749002676917,3444.4520705886116,3041.457130428496,759.9394619496663,198.97320985000115,110.05783213706243,614.5467839377267,50.88443983759199,1055.4749002676917,3444.4520705886116,3041.457130428496,759.9394619496663,198.97320985000115,110.05783213706243,614.5467839377267,50.88443983759199
2026-01-26 18:00:00+00:00,2872.35,5735.32,7766.42,793.58,447.55,103.68,611.85,38.92,1201.5397888525622,3828.0973216028005,3812.692272426745,785.7207312405377,245.51331290946484,109.96614113626036,614.978738513656,51.392342203702405,1055.4749002676917,3444.4520705886116,3041.457130428496,759.9394619496663,198.97320985000115,110.05783213706243,614.5467839377267,50.88443983759199,1055.4749002676917,3444.4520705886116,3041.457130428496,759.9394619496663,198.97320985000115,110.05783213706243,614.5467839377267,50.88443983759199
2026-01-26 19:00:00+00:00,2854.79,5784.94,7362.06,793.58,63.899998,103.58,613.79,38.92,1185.3318766692887,3798.554260119522,3740.2372857087958,785.2147950127115,252.31426424152986,109.96614113626036,614.978738513656,51.392342203702405,1055.4749002676917,3444.4520705886116,3041.457130428496,759.9394619496663,198.97320985000115,110.05783213706243,614.5467839377267,50.88443983759199,1055.4749002676917,3444.4520705886116,3041.457130428496,759.9394619496663,198.97320985000115,110.05783213706243,614.5467839377267,50.88443983759199
2026-01-26 20:00:00+00:00,2586.01,5447.09,7239.54,793.58,45.68999,103.08,613.42,38.92,1161.9644585581511,3761.9881290514136,3640.488820210388,784.5165412077362,259.11521557359487,109.96614113626036,614.978738513656,51.392342203702405,1055.4749002676917,3444.4520705886116,3041.457130428496,759.9394619496663,198.97320985000115,110.05783213706243,614.5467839377267,50.88443983759199,1055.4749002676917,3444.4520705886116,3041.457130428496,759.9394619496663,198.97320985000115,110.05783213706243,614.5467839377267,50.88443983759199
2026-01-26 21:00:00+00:00,2562.11,5296.62,6979.99,792.28,11.869999,101.4,614.07,38.92,1149.5725833163156,3742.188054011633,3581.9812894574643,783.9663781305204,265.91616690565985,109.96614113626036,614.978738513656,51.392342203702405,1055.4749002676917,3444.4520705886116,3041.457130428496,759.9394619496663,198.97320985000115,110.05783213706243,614.5467839377267,50.88443983759199,1055.4749002676917,3444.4520705886116,3041.457130428496,759.9394619496663,198.97320985000115,110.05783213706243,614.5467839377267,50.88443983759199
2026-01-26 22:00:00+00:00,2535.09,5342.07,6888.66,791.49,4.283595e-06,101.74,613.11,38.92,1130.4963459012108,3671.5885828548985,3496.5346002095966,783.7743595553148,272.7171182377249,109.96614113626036,614.978738513656,51.392342203702405,1055.4749002676917,3444.4520705886116,3041.457130428496,759.9394619496663,198.97320985000115,110.05783213706243,614.5467839377267,50.88443983759199,1055.4749002676917,3444.4520705886116,3041.457130428496,759.9394619496663,198.97320985000115,110.05783213706243,614.5467839377267,50.88443983759199
2026-01-26 23:00:00+00:00,2333.95,5359.17,7084.7505,787.24,4.283595e-06,101.29,662.59,36.92,1113.5867412913472,3632.233822666102,3426.125159374256,784.0520595288796,279.5180695697899,109.96614113626036,614.978738513656,51.392342203702405,1055.4749002676917,3444.4520705886116,3041.457130428496,759.9394619496663,198.97320985000115,110.05783213706243,614.5467839377267,50.88443983759199,1055.4749002676917,3444.4520705886116,3041.457130428496,759.9394619496663,198.97320985000115,110.05783213706243,614.5467839377267,50.88443983759199
2026-01-27 00:00:00+00:00,2283.44,5340.61,6999.05,786.84,4.283595e-06,91.02,719.38,36.92,1090.4071249897822,3646.726758489716,3291.792423859572,751.8663635883262,123.09618893229461,109.96614113626036,614.978738513656,51.392342203702405,1055.4749002676917,3444.4520705886116,3041.457130428496,759.9394619496663,198.97320985000115,110.05783213706243,614.5467839377267,50.88443983759199,1055.4749002676917,3444.4520705886116,3041.457130428496,759.9394619496663,198.97320985000115,110.05783213706243,614.5467839377267,50.88443983759199
2026-01-27 01:00:00+00:00,2287.19,5286.21,6946.5,786.56,25.670002,91.35,716.09,36.92,1080.3284191830141,3659.829985525639,3257.258101433654,752.8283742964667,129.89714026435962,109.96614113626036,614.978738513656,51.392342203702405,1055.4749002676917,3444.4520705886116,3041.457130428496,759.9394619496663,198.97320985000115,110.05783213706243,614.5467839377267,50.88443983759199,1055.4749002676917,3444.4520705886116,3041.457130428496,759.9394619496663,198.97320985000115,110.05783213706243,614.5467839377267,50.88443983759199
2026-01-27 02:00:00+00:00,2294.33,5210.22,6709.48,786.56,23.7,90.91,732.85,36.92,1084.8499285175644,3648.2241661456706,3275.443555823574,754.4845191419582,136.69809159642463,109.96614113626036,614.978738513656,51.392342203702405,1055.4749002676917,3444.4520705886116,3041.457130428496,759.9394619496663,198.97320985000115,110.05783213706243,614.5467839377267,50.88443983759199,1055.4749002676917,3444.4520705886116,3041.457130428496,759.9394619496663,198.97320985000115,110.05783213706243,614.5467839377267,50.88443983759199
2026-01-27 03:00:00+00:00,2264.56,4926.71,6734.51,786.56,4.283595e-06,91.02,749.17,36.92,1095.5725739390257,3651.2629551330388,3327.8394666035483,757.430904013579,143.49904292848964,109.96614113626036,614.978738513656,51.392342203702405,1055.4749002676917,3444.4520705886116,3041.457130428496,759.9394619496663,198.97320985000115,110.05783213706243,614.5467839377267,50.88443983759199,1055.4749002676917,3444.4520705886116,3041.457130428496,759.9394619496663,198.97320985000115,110.05783213706243,614.5467839377267,50.88443983759199
2026-01-27 04:00:00+00:00,2059.34,4023.72,6664.46,786.56,37.31,99.85,735.61,36.92,1114.259475050624,3717.972010275902,3424.5156107409853,761.499906171901,150.29999426055466,109.96614113626036,614.978738513656,51.392342203702405,1055.4749002676917,3444.4520705886116,3041.457130428496,759.9394619496663,198.97320985000115,110.05783213706243,614.5467839377267,50.88443983759199,1055.4749002676917,3444.4520705886116,3041.457130428496,759.9394619496663,198.97320985000115,110.05783213706243,614.5467839377267,50.88443983759199
2026-01-27 05:00:00+00:00,2185.97,3928.51,6880.47,787.97,994.94,99.05,736.69,36.92,1164.495205516744,3797.8407998988177,3657.0764574324357,768.6531240288089,157.10094559261967,109.96614113626036,614.978738513656,51.392342203702405,1055.4749002676917,3444.4520705886116,3041.457130428496,759.9394619496663,198.97320985000115,110.05783213706243,614.5467839377267,50.88443983759199,1055.4749002676917,3444.4520705886116,3041.457130428496,759.9394619496663,198.97320985000115,110.05783213706243,614.5467839377267,50.88443983759199
2026-01-27 06:00:00+00:00,2539.64,3845.74,7809.06,790.52,1192.1,99.05,675.1,36.92,1201.708240901582,3858.528885440359,3831.138210210055,774.3969157494311,163.90189692468468,109.96614113626036,614.978738513656,51.392342203702405,1055.4749002676917,3444.4520705886116,3041.457130428496,759.9394619496663,198.97320985000115,110.05783213706243,614.5467839377267,50.88443983759199,1055.4749002676917,3444.4520705886116,3041.457130428496,759.9394619496663,198.97320985000115,110.05783213706243,614.5467839377267,50.88443983759199
2026-01-27 07:00:00+00:00,2831.6003,3575.06,8115.9,791.95,1001.69495,98.91,615.0,36.92,1198.533164742831,3876.0667050980915,3824.3278949515507,775.829905194585,170.7028482567497,109.96614113626036,614.978738513656,51.392342203702405,1055.4749002676917,3444.4520705886116,3041.457130428496,759.9394619496663,198.97320985000115,110.05783213706243,614.5467839377267,50.88443983759199,1055.4749002676917,3444.4520705886116,3041.457130428496,759.9394619496663,198.97320985000115,110.05783213706243,614.5467839377267,50.88443983759199
2026-01-27 08:00:00+00:00,3000.26,3736.77,7804.75,791.95,811.29,98.97,616.01,36.92,1177.1557749103993,3824.0835593249167,3703.341272129829,772.0976918370087,177.5037995888147,109.96614113626036,614.978738513656,51.392342203702405,1055.4749002676917,3444.4520705886116,3041.457130428496,759.9394619496663,198.97320985000115,110.05783213706243,614.5467839377267,50.88443983759199,1055.4749002676917,3444.4520705886116,3041.457130428496,759.9394619496663,198.97320985000115,110.05783213706243,614.5467839377267,50.88443983759199
2026-01-27 09:00:00+00:00,2979.6204,3741.16,7259.54,791.36,68.590004,99.02,630.12,36.92,1157.0399184170979,3754.358769550775,3581.712770449207,767.9594040554306,184.3047509208797,109.96614113626036,614.978738513656,51.392342203702405,1055.4749002676917,3444.4520705886116,3041.457130428496,759.9394619496663,198.97320985000115,110.05783213706243,614.5467839377267,50.88443983759199,1055.4749002676917,3444.4520705886116,3041.457130428496,759.9394619496663,198.97320985000115,110.05783213706243,614.5467839377267,50.88443983759199
2026-01-27 10:00:00+00:00,2752.5303,3679.98,6874.01,791.36,4.283595e-06,90.52,637.47,36.92,1132.6117373611069,3700.660383727115,3461.8429334241278,765.644003262463,191.10570225294472,109.96614113626036,614.978738513656,51.392342203702405,1055.4749002676917,3444.4520705886116,3041.457130428496,759.9394619496663,198.97320985000115,110.05783213706243,614.5467839377267,50.88443983759199,1055.4749002676917,3444.4520705886116,3041.457130428496,759.9394619496663,198.97320985000115,110.05783213706243,614.5467839377267,50.88443983759199
2026-01-27 11:00:00+00:00,2453.7,3654.35,6957.38,791.37,12.499989,90.61,623.06,36.92,1125.7150060196584,3656.4166386974234,3436.882240679667,767.3022835128193,197.90665358500974,109.96614113626036,614.978738513656,51.392342203702405,1055.4749002676917,3444.4520705886116,3041.457130428496,759.9394619496663,198.97320985000115,110.05783213706243,614.5467839377267,50.88443983759199,1055.4749002676917,3444.4520705886116,3041.457130428496,759.9394619496663,198.97320985000115,110.05783213706243,614.5467839377267,50.88443983759199
2026-01-27 12:00:00+00:00,2465.1,3585.71,6996.65,791.37,11.950001,90.31,617.28,36.92,1105.3884308667607,3609.02175668412,3375.3269347327982,770.2711926041835,204.70760491707475,109.96614113626036,614.978738513656,51.392342203702405,1055.4749002676917,3444.4520705886116,3041.457130428496,759.9394619496663,198.97320985000115,110.05783213706243,614.5467839377267,50.88443983759199,1055.4749002676917,3444.4520705886116,3041.457130428496,759.9394619496663,198.97320985000115,110.05783213706243,614.5467839377267,50.88443983759199
2026-01-27 13:00:00+00:00,2754.14,3536.83,6944.96,791.37,23.009998,98.87,629.97,36.92,1105.9899535211853,3580.733693194145,3408.0654792249456,775.5899417913132,211.50855624913976,109.96614113626036,614.978738513656,51.392342203702405,1055.4749002676917,3444.4520705886116,3041.457130428496,759.9394619496663,198.97320985000115,110.05783213706243,614.5467839377267,50.88443983759199,1055.4749002676917,3444.4520705886116,3041.457130428496,759.9394619496663,198.97320985000115,110.05783213706243,614.5467839377267,50.88443983759199
2026-01-27 14:00:00+00:00,2279.96,3595.5,7362.75,791.09,4.283595e-06,100.22,615.33,36.92,1114.4239046740902,3584.686443684119,3461.0825995911437,779.4951555735571,218.3095075812048,109.96614113626036,614.978738513656,51.392342203702405,1055.4749002676917,3444.4520705886116,3041.457130428496,759.9394619496663,198.97320985000115,110.05783213706243,614.5467839377267,50.88443983759199,1055.4749002676917,3444.4520705886116,3041.457130428496,759.9394619496663,198.97320985000115,110.05783213706243,614.5467839377267,50.88443983759199
2026-01-27 15:00:00+00:00,2321.1,3612.84,7677.91,791.4,4.283595e-06,101.26,611.25,36.92,1119.4277324805782,3571.8258780589717,3489.349488950685,782.1162898945973,225.11045891326978,109.96614113626036,614.978738513656,51.392342203702405,1055.4749002676917,3444.4520705886116,3041.457130428496,759.9394619496663,198.97320985000115,110.05783213706243,614.5467839377267,50.88443983759199,1055.4749002676917,3444.4520705886116,3041.457130428496,759.9394619496663,198.97320985000115,110.05783213706243,614.5467839377267,50.88443983759199
2026-01-27 16:00:00+00:00,2584.04,3693.06,7918.75,792.57,11.849995,101.62,617.88,36.92,1147.4208656536998,3586.895025882316,3606.4676521657457,785.3843309194648,231.91141024533482,109.96614113626036,614.978738513656,51.392342203702405,1055.4749002676917,3444.4520705886116,3041.457130428496,759.9394619496663,198.97320985000115,110.05783213706243,614.5467839377267,50.88443983759199,1055.4749002676917,3444.4520705886116,3041.457130428496,759.9394619496663,198.97320985000115,110.05783213706243,614.5467839377267,50.88443983759199
2026-01-27 17:00:00+00:00,2512.77,3771.26,8057.89,793.21,35.530003,101.3,616.7,36.92,1162.771163197446,3586.6490232030587,3662.6663607975615,786.7972782176668,238.71236157739983,109.96614113626036,614.978738513656,51.392342203702405,1055.4749002676917,3444.4520705886116,3041.457130428496,759.9394619496663,198.97320985000115,110.05783213706243,614.5467839377267,50.88443983759199,1055.4749002676917,3444.4520705886116,3041.457130428496,759.9394619496663,198.97320985000115,110.05783213706243,614.5467839377267,50.88443983759199
2026-01-27 18:00:00+00:00,2327.71,3775.22,7844.7,793.21,23.7,101.4,616.54,36.92,1160.4154245478194,3566.450910225491,3648.6338007741238,787.4276090208973,245.51331290946484,109.96614113626036,614.978738513656,51.392342203702405,1055.4749002676917,3444.4520705886116,3041.457130428496,759.9394619496663,198.97320985000115,110.05783213706243,614.5467839377267,50.88443983759199,1055.4749002676917,3444.4520705886116,3041.457130428496,759.9394619496663,198.97320985000115,110.05783213706243,614.5467839377267,50.88443983759199
2026-01-27 19:00:00+00:00,2313.59,3780.72,7743.08,793.21,31.129978,99.6,618.04,39.61,1151.1397597543878,3534.554476226606,3600.2504281289284,786.905836677768,252.31426424152986,109.96614113626036,614.978738513656,51.392342203702405,1055.4749002676917,3444.4520705886116,3041.457130428496,759.9394619496663,198.97320985000115,110.05783213706243,614.5467839377267,50.88443983759199,1055.4749002676917,3444.4520705886116,3041.457130428496,759.9394619496663,198.97320985000115,110.05783213706243,614.5467839377267,50.88443983759199
2026-01-27 20:00:00+00:00,2309.94,3775.13,7332.4,793.21,11.849995,98.91,615.2,39.61,1150.1871422934173,3510.733641821715,3585.1027103989613,786.757594221466,259.11521557359487,109.96614113626036,614.978738513656,51.392342203702405,1055.4749002676917,3444.4520705886116,3041.457130428496,759.9394619496663,198.97320985000115,110.05783213706243,614.5467839377267,50.88443983759199,1055.4749002676917,3444.4520705886116,3041.457130428496,759.9394619496663,198.97320985000115,110.05783213706243,614.5467839377267,50.88443983759199
2026-01-27 21:00:00+00:00,2181.06,3779.74,7043.4,791.91,14.960011,99.02,616.93,39.61,1129.3494636011935,3487.9259802204338,3491.8827616600793,785.597523158449,265.91616690565985,109.96614113626036,614.978738513656,51.392342203702405,1055.4749002676917,3444.4520705886116,3041.457130428496,759.9394619496663,198.97320985000115,110.05783213706243,614.5467839377267,50.88443983759199,1055.4749002676917,3444.4520705886116,3041.457130428496,759.9394619496663,198.97320985000115,110.05783213706243,614.5467839377267,50.88443983759199
2026-01-27 22:00:00+00:00,2163.87,3775.53,6873.97,791.12,47.399998,97.86,617.9,39.61,1109.7843718762324,3437.71458484835,3405.6001678742673,785.1681610938676,272.7171182377249,109.96614113626036,614.978738513656,51.392342203702405,1055.4749002676917,3444.4520705886116,3041.457130428496,759.9394619496663,198.97320985000115,110.05783213706243,614.5467839377267,50.88443983759199,1055.4749002676917,3444.4520705886116,3041.457130428496,759.9394619496663,198.97320985000115,110.05783213706243,614.5467839377267,50.88443983759199
2026-01-27 23:00:00+00:00,2060.45,3781.69,6832.17,786.87,4.283595e-06,88.97,697.86,36.92,1095.719012828475,3389.651867463732,3337.6134235264794,784.6036551760319,279.5180695697899,109.96614113626036,614.978738513656,51.392342203702405,1055.4749002676917,3444.4520705886116,3041.457130428496,759.9394619496663,198.97320985000115,110.05783213706243,614.5467839377267,50.88443983759199,1055.4749002676917,3444.4520705886116,3041.457130428496,759.9394619496663,198.97320985000115,110.05783213706243,614.5467839377267,50.88443983759199
2026-01-28 00:00:00+00:00,2279.19,3574.09,6957.59,786.98,11.849995,88.95,703.45,41.61,1077.1670080854217,3354.04131670733,3208.3889659678393,751.7436029279567,123.09618893229461,109.96614113626036,614.978738513656,51.392342203702405,1055.4749002676917,3444.4520705886116,3041.457130428496,759.9394619496663,198.97320985000115,110.05783213706243,614.5467839377267,50.88443983759199,1055.4749002676917,3444.4520705886116,3041.457130428496,759.9394619496663,198.97320985000115,110.05783213706243,614.5467839377267,50.88443983759199
2026-01-28 01:00:00+00:00,2301.28,3400.58,7099.5503,786.69,11.849995,88.89,745.27,41.61,1071.071497457998,3330.1972214244925,3179.665997956276,752.2081452544231,129.89714026435962,109.96614113626036,614.978738513656,51.392342203702405,1055.4749002676917,3444.4520705886116,3041.457130428496,759.9394619496663,198.97320985000115,110.05783213706243,614.5467839377267,50.88443983759199,1055.4749002676917,3444.4520705886116,3041.457130428496,759.9394619496663,198.97320985000115,110.05783213706243,614.5467839377267,50.88443983759199
2026-01-28 02:00:00+00:00,2289.19,3559.77,6818.96,786.69,4.283595e-06,88.35,765.78,41.61,1074.0038854934448,3329.782643126949,3192.5578167924905,753.6255021120821,136.69809159642463,109.96614113626036,614.978738513656,51.392342203702405,1055.4749002676917,3444.4520705886116,3041.457130428496,759.9394619496663,198.97320985000115,110.05783213706243,614.5467839377267,50.88443983759199,1055.4749002676917,3444.4520705886116,3041.457130428496,759.9394619496663,198.97320985000115,110.05783213706243,614.5467839377267,50.88443983759199
2026-01-28 03:00:00+00:00,2387.75,3778.24,7101.65,786.69,4.283595e-06,88.4,758.17,41.61,1088.8470598180863,3375.331768085808,3260.484994143057,755.9970644876478,143.49904292848964,109.96614113626036,614.978738513656,51.392342203702405,1055.4749002676917,3444.4520705886116,3041.457130428496,759.9394619496663,198.97320985000115,110.05783213706243,614.5467839377267,50.88443983759199,1055.4749002676917,3444.4520705886116,3041.457130428496,759.9394619496663,198.97320985000115,110.05783213706243,614.5467839377267,50.88443983759199
2026-01-28 04:00:00+00:00,2503.75,3771.13,7116.23,786.69,4.283595e-06,97.04,754.93,41.61,1110.5120010264354,3439.3825210420473,3364.77363821664,759.684635129902,150.29999426055466,109.96614113626036,614.978738513656,51.392342203702405,1055.4749002676917,3444.4520705886116,3041.457130428496,759.9394619496663,198.97320985000115,110.05783213706243,614.5467839377267,50.88443983759199,1055.4749002676917,3444.4520705886116,3041.457130428496,759.9394619496663,198.97320985000115,110.05783213706243,614.5467839377267,50.88443983759199
2026-01-28 05:00:00+00:00,2782.44,3764.3,7386.43,788.1,23.7,96.85,746.33,41.61,1165.9063684733896,3552.949458835997,3625.9608673732846,767.5535104389292,157.10094559261967,109.96614113626036,614.978738513656,51.392342203702405,1055.4749002676917,3444.4520705886116,3041.457130428496,759.9394619496663,198.97320985000115,110.05783213706243,614.5467839377267,50.88443983759199,1055.4749002676917,3444.4520705886116,3041.457130428496,759.9394619496663,198.97320985000115,110.05783213706243,614.5467839377267,50.88443983759199
2026-01-28 06:00:00+00:00,2898.04,4113.54,7837.0,790.66,298.35,97.1,738.08,41.61,1202.1990828363134,3630.8931197807933,3801.028490497522,773.5764188192046,163.90189692468468,109.96614113626036,614.978738513656,51.392342203702405,1055.4749002676917,3444.4520705886116,3041.457130428496,759.9394619496663,198.97320985000115,110.05783213706243,614.5467839377267,50.88443983759199,1055.4749002676917,3444.4520705886116,3041.457130428496,759.9394619496663,198.97320985000115,110.05783213706243,614.5467839377267,50.88443983759199
2026-01-28 07:00:00+00:00,2934.65,4173.32,7922.5,792.09,961.82996,97.41,722.12,41.61,1215.2840761970876,3647.911499978118,3858.6676582018927,775.9129325911144,170.7028482567497,109.96614113626036,614.978738513656,51.392342203702405,1055.4749002676917,3444.4520705886116,3041.457130428496,759.9394619496663,198.97320985000115,110.05783213706243,614.5467839377267,50.88443983759199,1055.4749002676917,3444.4520705886116,3041.457130428496,759.9394619496663,198.97320985000115,110.05783213706243,614.5467839377267,50.88443983759199
2026-01-28 08:00:00+00:00,2982.97,4176.52,7811.91,792.09,1164.56,97.45,752.82,41.61,1212.7439042127442,3609.910075236502,3834.164160026386,775.6953189482327,177.5037995888147,109.96614113626036,614.978738513656,51.392342203702405,1055.4749002676917,3444.4520705886116,3041.457130428496,759.9394619496663,198.97320985000115,110.05783213706243,614.5467839377267,50.88443983759199,1055.4749002676917,3444.4520705886116,3041.457130428496,759.9394619496663,198.97320985000115,110.05783213706243,614.5467839377267,50.88443983759199
2026-01-28 09:00:00+00:00,3041.87,4181.6,7929.28,791.79,565.55,97.57,902.86,41.61,1202.269965284117,3587.9699520921654,3777.8156154084663,774.6910794333447,184.3047509208797,109.96614113626036,614.978738513656,51.392342203702405,1055.4749002676917,3444.4520705886116,3041.457130428496,759.9394619496663,198.97320985000115,110.05783213706243,614.5467839377267,50.88443983759199,1055.4749002676917,3444.4520705886116,3041.457130428496,759.9394619496663,198.97320985000115,110.05783213706243,614.5467839377267,50.88443983759199
2026-01-28 10:00:00+00:00,3044.78,4179.85,7752.91,791.88,82.40001,89.07,872.54,41.61,1195.131504278642,3568.2761013557956,3742.5598282482447,774.773007501934,191.10570225294472,109.96614113626036,614.978738513656,51.392342203702405,1055.4749002676917,3444.4520705886116,3041.457130428496,759.9394619496663,198.97320985000115,110.05783213706243,614.5467839377267,50.88443983759199,1055.4749002676917,3444.4520705886116,3041.457130428496,759.9394619496663,198.97320985000115,110.05783213706243,614.5467839377267,50.88443983759199
2026-01-28 11:00:00+00:00,3025.06,4178.81,7848.66,791.88,424.73,89.15,880.74,41.61,1207.324581399519,3562.855178689166,3798.2221955452815,777.4546093627283,197.90665358500974,109.96614113626036,614.978738513656,51.392342203702405,1055.4749002676917,3444.4520705886116,3041.457130428496,759.9394619496663,198.97320985000115,110.05783213706243,614.5467839377267,50.88443983759199,1055.4749002676917,3444.4520705886116,3041.457130428496,759.9394619496663,198.97320985000115,110.05783213706243,614.5467839377267,50.88443983759199
2026-01-28 12:00:00+00:00,2987.5103,4107.34,7771.83,791.88,304.6,89.45,864.46,41.61,1205.3075401131853,3577.222810890715,3806.108714171779,780.095594358927,204.70760491707475,109.96614113626036,614.978738513656,51.392342203702405,1055.4749002676917,3444.4520705886116,3041.457130428496,759.9394619496663,198.97320985000115,110.05783213706243,614.5467839377267,50.88443983759199,1055.4749002676917,3444.4520705886116,3041.457130428496,759.9394619496663,198.97320985000115,110.05783213706243,614.5467839377267,50.88443983759199
2026-01-28 13:00:00+00:00,3064.88,3735.04,7848.34,791.88,506.615,90.6,796.99,41.61,1210.9897868815262,3617.666154629165,3842.6516141562997,782.5579111424979,211.50855624913976,109.96614113626036,614.978738513656,51.392342203702405,1055.4749002676917,3444.4520705886116,3041.457130428496,759.9394619496663,198.97320985000115,110.05783213706243,614.5467839377267,50.88443983759199,1055.4749002676917,3444.4520705886116,3041.457130428496,759.9394619496663,198.97320985000115,110.05783213706243,614.5467839377267,50.88443983759199
2026-01-28 14:00:00+00:00,3053.31,3764.32,7688.87,791.88,708.63,99.07,760.71,41.61,1207.6881923149056,3631.9241110779976,3843.925364643625,785.0140064144397,218.3095075812048,109.96614113626036,614.978738513656,51.392342203702405,1055.4749002676917,3444.4520705886116,3041.457130428496,759.9394619496663,198.97320985000115,110.05783213706243,614.5467839377267,50.88443983759199,1055.4749002676917,3444.4520705886116,3041.457130428496,759.9394619496663,198.97320985000115,110.05783213706243,614.5467839377267,50.88443983759199
2026-01-28 15:00:00+00:00,3048.25,4106.02,8003.44,792.28,529.15,99.04,746.42,41.61,1219.7553594845072,3624.8543992536843,3892.6468844484007,786.9655561905984,225.11045891326978,109.96614113626036,614.978738513656,51.392342203702405,1055.4749002676917,3444.4520705886116,3041.457130428496,759.9394619496663,198.97320985000115,110.05783213706243,614.5467839377267,50.88443983759199,1055.4749002676917,3444.4520705886116,3041.457130428496,759.9394619496663,198.97320985000115,110.05783213706243,614.5467839377267,50.88443983759199
2026-01-28 16:00:00+00:00,3051.23,4174.54,8178.09,793.45,503.53,99.31,750.74,41.61,1228.8053120936192,3642.499392816781,3940.1467315016985,789.7610157226745,231.91141024533482,109.96614113626036,614.978738513656,51.392342203702405,1055.4749002676917,3444.4520705886116,3041.457130428496,759.9394619496663,198.97320985000115,110.05783213706243,614.5467839377267,50.88443983759199,1055.4749002676917,3444.4520705886116,3041.457130428496,759.9394619496663,198.97320985000115,110.05783213706243,614.5467839377267,50.88443983759199
2026-01-28 17:00:00+00:00,2832.59,4186.52,7806.62,794.09,1218.18,99.04,746.29,41.61,1214.017943239489,3612.884184537422,3881.817069682942,790.4995539582573,238.71236157739983,109.96614113626036,614.978738513656,51.392342203702405,1055.4749002676917,3444.4520705886116,3041.457130428496,759.9394619496663,198.97320985000115,110.05783213706243,614.5467839377267,50.88443983759199,1055.4749002676917,3444.4520705886116,3041.457130428496,759.9394619496663,198.97320985000115,110.05783213706243,614.5467839377267,50.88443983759199
2026-01-28 18:00:00+00:00,2704.78,4183.27,7833.93,794.09,456.61,99.13,771.45,41.61,1214.3511669585969,3569.339868503929,3866.050772721464,790.0931132399015,245.51331290946484,109.96614113626036,614.978738513656,51.392342203702405,1055.4749002676917,3444.4520705886116,3041.457130428496,759.9394619496663,198.97320985000115,110.05783213706243,614.5467839377267,50.88443983759199,1055.4749002676917,3444.4520705886116,3041.457130428496,759.9394619496663,198.97320985000115,110.05783213706243,614.5467839377267,50.88443983759199
2026-01-28 19:00:00+00:00,2977.13,3788.72,7654.18,794.09,219.9,98.33,764.73,41.61,1200.2968057637836,3514.335072202825,3797.673518822852,789.5337472945583,252.31426424152986,109.96614113626036,614.978738513656,51.392342203702405,1055.4749002676917,3444.4520705886116,3041.457130428496,759.9394619496663,198.97320985000115,110.05783213706243,614.5467839377267,50.88443983759199,1055.4749002676917,3444.4520705886116,3041.457130428496,759.9394619496663,198.97320985000115,110.05783213706243,614.5467839377267,50.88443983759199
2026-01-28 20:00:00+00:00,2843.22,3774.99,7248.54,794.09,34.179996,97.57,745.0,41.61,1171.265265215041,3470.6362000029553,3674.5051979830773,788.5207711157939,259.11521557359487,109.96614113626036,614.978738513656,51.392342203702405,1055.4749002676917,3444.4520705886116,3041.457130428496,759.9394619496663,198.97320985000115,110.05783213706243,614.5467839377267,50.88443983759199,1055.4749002676917,3444.4520705886116,3041.457130428496,759.9394619496663,198.97320985000115,110.05783213706243,614.5467839377267,50.88443983759199
2026-01-28 21:00:00+00:00,2387.13,3782.26,6940.92,792.79,4.283595e-06,97.65,734.79,43.8,1137.7224753610008,3433.615806875575,3529.2909875514374,786.743367300882,265.91616690565985,109.96614113626036,614.978738513656,51.392342203702405,1055.4749002676917,3444.4520705886116,3041.457130428496,759.9394619496663,198.97320985000115,110.05783213706243,614.5467839377267,50.88443983759199,1055.4749002676917,3444.4520705886116,3041.457130428496,759.9394619496663,198.97320985000115,110.05783213706243,614.5467839377267,50.88443983759199
2026-01-28 22:00:00+00:00,2281.91,3782.73,6606.52,792.0,22.580006,97.74,680.01,44.53,1104.066238774928,3399.378396690167,3388.313594017886,785.4187022244008,272.7171182377249,109.96614113626036,614.978738513656,51.392342203702405,1055.4749002676917,3444.4520705886116,3041.457130428496,759.9394619496663,198.97320985000115,110.05783213706243,614.5467839377267,50.88443983759199,1055.4749002676917,3444.4520705886116,3041.457130428496,759.9394619496663,198.97320985000115,110.05783213706243,614.5467839377267,50.88443983759199
2026-01-28 23:00:00+00:00,2258.47,3783.56,6465.22,787.75,4.283595e-06,97.16,716.02,41.82,1086.6008800526497,3377.1178640879316,3310.653182926647,784.7658182245654,279.5180695697899,109.96614113626036,614.978738513656,51.392342203702405,1055.4749002676917,3444.4520705886116,3041.457130428496,759.9394619496663,198.97320985000115,110.05783213706243,614.5467839377267,50.88443983759199,1055.4749002676917,3444.4520705886116,3041.457130428496,759.9394619496663,198.97320985000115,110.05783213706243,614.5467839377267,50.88443983759199
2026-01-29 00:00:00+00:00,2255.62,3785.59,6489.65,787.98,4.283595e-06,88.45,727.91,41.82,1063.835272829354,3369.207268747893,3167.3798751403906,751.694137438845,123.09618893229461,109.96614113626036,614.978738513656,51.392342203702405,1055.4749002676917,3444.4520705886116,3041.457130428496,759.9394619496663,198.97320985000115,110.05783213706243,614.5467839377267,50.88443983759199,1055.4749002676917,3444.4520705886116,3041.457130428496,759.9394619496663,198.97320985000115,110.05783213706243,614.5467839377267,50.88443983759199
2026-01-29 01:00:00+00:00,2253.76,3785.27,6451.84,787.69,4.283595e-06,88.37,704.28,41.82,1068.1657521456093,3375.7068980466934,3181.8893368626827,752.5824774993561,129.89714026435962,109.96614113626036,614.978738513656,51.392342203702405,1055.4749002676917,3444.4520705886116,3041.457130428496,759.9394619496663,198.97320985000115,110.05783213706243,614.5467839377267,50.88443983759199,1055.4749002676917,3444.4520705886116,3041.457130428496,759.9394619496663,198.97320985000115,110.05783213706243,614.5467839377267,50.88443983759199
2026-01-29 02:00:00+00:00,2253.14,3762.98,6470.87,787.69,4.283595e-06,87.26,704.08,41.82,1073.0864901336554,3385.1947489119693,3204.1262561900844,754.1953027326963,136.69809159642463,109.96614113626036,614.978738513656,51.392342203702405,1055.4749002676917,3444.4520705886116,3041.457130428496,759.9394619496663,198.97320985000115,110.05783213706243,614.5467839377267,50.88443983759199,1055.4749002676917,3444.4520705886116,3041.457130428496,759.9394619496663,198.97320985000115,110.05783213706243,614.5467839377267,50.88443983759199
2026-01-29 03:00:00+00:00,2243.85,3787.18,6502.7,787.69,4.283595e-06,87.24,722.23,41.82,1080.2470937485546,3384.8416515274107,3237.2931829606828,756.3440795424552,143.49904292848964,109.96614113626036,614.978738513656,51.392342203702405,1055.4749002676917,3444.4520705886116,3041.457130428496,759.9394619496663,198.97320985000115,110.05783213706243,614.5467839377267,50.88443983759199,1055.4749002676917,3444.4520705886116,3041.457130428496,759.9394619496663,198.97320985000115,110.05783213706243,614.5467839377267,50.88443983759199
2026-01-29 04:00:00+00:00,2325.41,3790.05,6541.79,787.69,4.283595e-06,88.54,700.36,41.82,1116.7879468516326,3433.567305082138,3395.9629130384665,760.5451277049962,150.29999426055466,109.96614113626036,614.978738513656,51.392342203702405,1055.4749002676917,3444.4520705886116,3041.457130428496,759.9394619496663,198.97320985000115,110.05783213706243,614.5467839377267,50.88443983759199,1055.4749002676917,3444.4520705886116,3041.457130428496,759.9394619496663,198.97320985000115,110.05783213706243,614.5467839377267,50.88443983759199
2026-01-29 05:00:00+00:00,2503.1,3780.55,7101.53,789.1,4.0000043,96.85,730.87,41.82,1179.1736935284648,3549.6529816075204,3681.3196365051936,768.3277063082978,157.10094559261967,109.96614113626036,614.978738513656,51.392342203702405,1055.4749002676917,3444.4520705886116,3041.457130428496,759.9394619496663,198.97320985000115,110.05783213706243,614.5467839377267,50.88443983759199,1055.4749002676917,3444.4520705886116,3041.457130428496,759.9394619496663,198.97320985000115,110.05783213706243,614.5467839377267,50.88443983759199
2026-01-29 06:00:00+00:00,3026.75,4076.44,7851.07,791.66,249.85,97.38,693.68,41.82,1227.8471711245975,3659.4740505862756,3906.716023443875,774.6850979224241,163.90189692468468,109.96614113626036,614.978738513656,51.392342203702405,1055.4749002676917,3444.4520705886116,3041.457130428496,759.9394619496663,198.97320985000115,110.05783213706243,614.5467839377267,50.88443983759199,1055.4749002676917,3444.4520705886116,3041.457130428496,759.9394619496663,198.97320985000115,110.05783213706243,614.5467839377267,50.88443983759199
2026-01-29 07:00:00+00:00,3176.82,4190.74,8301.9,793.09,1224.43,97.45,724.22,41.82,1253.0442434274207,3718.139894485337,4022.902783599597,778.407805676527,170.7028482567497,109.96614113626036,614.978738513656,51.392342203702405,1055.4749002676917,3444.4520705886116,3041.457130428496,759.9394619496663,198.97320985000115,110.05783213706243,614.5467839377267,50.88443983759199,1055.4749002676917,3444.4520705886116,3041.457130428496,759.9394619496663,198.97320985000115,110.05783213706243,614.5467839377267,50.88443983759199
2026-01-29 08:00:00+00:00,3410.28,4188.29,8323.12,793.09,1142.1101,97.5,791.74,38.95,1260.9615338041037,3736.7348408609255,4055.890842017225,779.91414855227,177.5037995888147,109.96614113626036,614.978738513656,51.392342203702405,1055.4749002676917,3444.4520705886116,3041.457130428496,759.9394619496663,198.97320985000115,110.05783213706243,614.5467839377267,50.88443983759199,1055.4749002676917,3444.4520705886116,3041.457130428496,759.9394619496663,198.97320985000115,110.05783213706243,614.5467839377267,50.88443983759199
2026-01-29 09:00:00+00:00,3407.496,4139.17,8415.05,792.51,1059.79,97.42,798.95,38.0,1263.7313828012902,3739.371665511112,4063.1325934714023,780.7147792409908,184.3047509208797,109.96614113626036,614.978738513656,51.392342203702405,1055.4749002676917,3444.4520705886116,3041.457130428496,759.9394619496663,198.97320985000115,110.05783213706243,614.5467839377267,50.88443983759199,1055.4749002676917,3444.4520705886116,3041.457130428496,759.9394619496663,198.97320985000115,110.05783213706243,614.5467839377267,50.88443983759199
2026-01-29 10:00:00+00:00,3404.712,3739.3,8528.69,792.51,727.54,98.19,796.75,38.0,1266.6535893297232,3730.803292328834,4068.5183659371137,781.4137813649335,191.10570225294472,109.96614113626036,614.978738513656,51.392342203702405,1055.4749002676917,3444.4520705886116,3041.457130428496,759.9394619496663,198.97320985000115,110.05783213706243,614.5467839377267,50.88443983759199,1055.4749002676917,3444.4520705886116,3041.457130428496,759.9394619496663,198.97320985000115,110.05783213706243,614.5467839377267,50.88443983759199
2026-01-29 11:00:00+00:00,3401.928,3706.47,8357.02,792.51,42.929996,99.03,863.63,38.0,1270.683308551349,3716.185075844638,4074.0863398514634,781.7083393116774,197.90665358500974,109.96614113626036,614.978738513656,51.392342203702405,1055.4749002676917,3444.4520705886116,3041.457130428496,759.9394619496663,198.97320985000115,110.05783213706243,614.5467839377267,50.88443983759199,1055.4749002676917,3444.4520705886116,3041.457130428496,759.9394619496663,198.97320985000115,110.05783213706243,614.5467839377267,50.88443983759199
2026-01-29 12:00:00+00:00,3399.144,3967.56,8518.96,792.51,85.81,98.97,889.65,38.0,1269.7414911949297,3698.800908948216,4066.2918664487106,782.5383728017538,204.70760491707475,109.96614113626036,614.978738513656,51.392342203702405,1055.4749002676917,3444.4520705886116,3041.457130428496,759.9394619496663,198.97320985000115,110.05783213706243,614.5467839377267,50.88443983759199,1055.4749002676917,3444.4520705886116,3041.457130428496,759.9394619496663,198.97320985000115,110.05783213706243,614.5467839377267,50.88443983759199
2026-01-29 13:00:00+00:00,3396.3599,4099.76,8518.32,792.51,712.58,99.03,914.13,40.93,1261.3391847152652,3698.6966585680416,4034.957460652496,783.438181726336,211.50855624913976,109.96614113626036,614.978738513656,51.392342203702405,1055.4749002676917,3444.4520705886116,3041.457130428496,759.9394619496663,198.97320985000115,110.05783213706243,614.5467839377267,50.88443983759199,1055.4749002676917,3444.4520705886116,3041.457130428496,759.9394619496663,198.97320985000115,110.05783213706243,614.5467839377267,50.88443983759199
2026-01-29 14:00:00+00:00,3393.576,4302.31,8540.0,792.51,34.470005,99.03,874.9067,41.91,1257.9301367140672,3707.3690987692576,4028.159494506475,785.062776702922,218.3095075812048,109.96614113626036,614.978738513656,51.392342203702405,1055.4749002676917,3444.4520705886116,3041.457130428496,759.9394619496663,198.97320985000115,110.05783213706243,614.5467839377267,50.88443983759199,1055.4749002676917,3444.4520705886116,3041.457130428496,759.9394619496663,198.97320985000115,110.05783213706243,614.5467839377267,50.88443983759199
2026-01-29 15:00:00+00:00,3390.792,4341.19,8411.42,792.91,59.970005,98.96,835.68335,41.91,1253.6974210209812,3714.3522180969526,4022.3833827555404,787.1784575012211,225.11045891326978,109.96614113626036,614.978738513656,51.392342203702405,1055.4749002676917,3444.4520705886116,3041.457130428496,759.9394619496663,198.97320985000115,110.05783213706243,614.5467839377267,50.88443983759199,1055.4749002676917,3444.4520705886116,3041.457130428496,759.9394619496663,198.97320985000115,110.05783213706243,614.5467839377267,50.88443983759199
2026-01-29 16:00:00+00:00,3388.008,4345.73,8396.63,794.08,600.07,99.41,796.46,41.91,1259.4139441774755,3756.0632385402696,4065.025998927089,790.4944409191169,231.91141024533482,109.96614113626036,614.978738513656,51.392342203702405,1055.4749002676917,3444.4520705886116,3041.457130428496,759.9394619496663,198.97320985000115,110.05783213706243,614.5467839377267,50.88443983759199,1055.4749002676917,3444.4520705886116,3041.457130428496,759.9394619496663,198.97320985000115,110.05783213706243,614.5467839377267,50.88443983759199
2026-01-29 17:00:00+00:00,3385.2239,4295.28,8498.5,794.72,917.37,98.96,756.41,41.91,1262.83246874999,3763.2036826919475,4080.6500200316023,791.9170061445382,238.71236157739983,109.96614113626036,614.978738513656,51.392342203702405,1055.4749002676917,3444.4520705886116,3041.457130428496,759.9394619496663,198.97320985000115,110.05783213706243,614.5467839377267,50.88443983759199,1055.4749002676917,3444.4520705886116,3041.457130428496,759.9394619496663,198.97320985000115,110.05783213706243,614.5467839377267,50.88443983759199
2026-01-29 18:00:00+00:00,3382.44,4154.53,8421.88,794.72,419.97,99.07,721.97,41.91,1261.5435471883316,3725.526077661377,4062.4550982619094,791.9037210010416,245.51331290946484,109.96614113626036,614.978738513656,51.392342203702405,1055.4749002676917,3444.4520705886116,3041.457130428496,759.9394619496663,198.97320985000115,110.05783213706243,614.5467839377267,50.88443983759199,1055.4749002676917,3444.4520705886116,3041.457130428496,759.9394619496663,198.97320985000115,110.05783213706243,614.5467839377267,50.88443983759199
2026-01-29 19:00:00+00:00,3180.42,3835.82,8250.32,794.72,58.970005,99.26,644.13,41.91,1233.5270542123135,3653.7605320957286,3935.920458765089,790.4937633127577,252.31426424152986,109.96614113626036,614.978738513656,51.392342203702405,1055.4749002676917,3444.4520705886116,3041.457130428496,759.9394619496663,198.97320985000115,110.05783213706243,614.5467839377267,50.88443983759199,1055.4749002676917,3444.4520705886116,3041.457130428496,759.9394619496663,198.97320985000115,110.05783213706243,614.5467839377267,50.88443983759199
2026-01-29 20:00:00+00:00,2985.66,3501.06,7508.07,794.72,34.470005,99.69,630.57,41.91,1200.8540429190764,3595.871769968179,3799.180853736613,789.6419986502282,259.11521557359487,109.96614113626036,614.978738513656,51.392342203702405,1055.4749002676917,3444.4520705886116,3041.457130428496,759.9394619496663,198.97320985000115,110.05783213706243,614.5467839377267,50.88443983759199,1055.4749002676917,3444.4520705886116,3041.457130428496,759.9394619496663,198.97320985000115,110.05783213706243,614.5467839377267,50.88443983759199
2026-01-29 21:00:00+00:00,2699.78,3322.77,6744.38,793.42,34.470005,99.77,639.3,41.91,1166.8434310714608,3564.46101990198,3655.4265248840657,788.0764809094629,265.91616690565985,109.96614113626036,614.978738513656,51.392342203702405,1055.4749002676917,3444.4520705886116,3041.457130428496,759.9394619496663,198.97320985000115,110.05783213706243,614.5467839377267,50.88443983759199,1055.4749002676917,3444.4520705886116,3041.457130428496,759.9394619496663,198.97320985000115,110.05783213706243,614.5467839377267,50.88443983759199
2026-01-29 22:00:00+00:00,2574.34,3330.21,5856.02,792.63,16.599995,98.51,622.11,41.91,1137.0925731367759,3514.107298241464,3526.634814851247,786.8118158440517,272.7171182377249,109.96614113626036,614.978738513656,51.392342203702405,1055.4749002676917,3444.4520705886116,3041.457130428496,759.9394619496663,198.97320985000115,110.05783213706243,614.5467839377267,50.88443983759199,1055.4749002676917,3444.4520705886116,3041.457130428496,759.9394619496663,198.97320985000115,110.05783213706243,614.5467839377267,50.88443983759199
2026-01-29 23:00:00+00:00,2294.3,3575.39,5165.24,788.38,4.283595e-06,89.77,641.9,42.45,1115.7785439177112,3451.9188451724453,3431.4237199882728,786.2277080942386,279.5180695697899,109.96614113626036,614.978738513656,51.392342203702405,1055.4749002676917,3444.4520705886116,3041.457130428496,759.9394619496663,198.97320985000115,110.05783213706243,614.5467839377267,50.88443983759199,1055.4749002676917,3444.4520705886116,3041.457130428496,759.9394619496663,198.97320985000115,110.05783213706243,614.5467839377267,50.88443983759199
2026-01-30 00:00:00+00:00,2295.22,3930.05,5081.43,789.86,4.283595e-06,89.86,621.21,42.45,1086.6494593176371,3407.56013573282,3259.5993083610015,752.9045786647945,123.09618893229461,109.96614113626036,614.978738513656,51.392342203702405,1055.4749002676917,3444.4520705886116,3041.457130428496,759.9394619496663,198.97320985000115,110.05783213706243,614.5467839377267,50.88443983759199,1055.4749002676917,3444.4520705886116,3041.457130428496,759.9394619496663,198.97320985000115,110.05783213706243,614.5467839377267,50.88443983759199
2026-01-30 01:00:00+00:00,2302.56,4156.05,4999.85,789.58,4.283595e-06,90.13,597.74,42.45,1078.2035518525097,3386.6210093429686,3222.872611464033,753.4701672047286,129.89714026435962,109.96614113626036,614.978738513656,51.392342203702405,1055.4749002676917,3444.4520705886116,3041.457130428496,759.9394619496663,198.97320985000115,110.05783213706243,614.5467839377267,50.88443983759199,1055.4749002676917,3444.4520705886116,3041.457130428496,759.9394619496663,198.97320985000115,110.05783213706243,614.5467839377267,50.88443983759199
2026-01-30 02:00:00+00:00,2299.33,4379.67,4870.96,789.58,4.283595e-06,90.19,584.65,42.45,1079.5996275507785,3382.1462931875335,3229.721913812798,754.9267697937064,136.69809159642463,109.96614113626036,614.978738513656,51.392342203702405,1055.4749002676917,3444.4520705886116,3041.457130428496,759.9394619496663,198.97320985000115,110.05783213706243,614.5467839377267,50.88443983759199,1055.4749002676917,3444.4520705886116,3041.457130428496,759.9394619496663,198.97320985000115,110.05783213706243,614.5467839377267,50.88443983759199
2026-01-30 03:00:00+00:00,2269.04,4401.59,5156.44,789.58,4.283595e-06,89.63,600.07,42.45,1087.3360795571234,3402.9596595106823,3268.2658707974633,757.1608643654522,143.49904292848964,109.96614113626036,614.978738513656,51.392342203702405,1055.4749002676917,3444.4520705886116,3041.457130428496,759.9394619496663,198.97320985000115,110.05783213706243,614.5467839377267,50.88443983759199,1055.4749002676917,3444.4520705886116,3041.457130428496,759.9394619496663,198.97320985000115,110.05783213706243,614.5467839377267,50.88443983759199
2026-01-30 04:00:00+00:00,2420.57,4170.29,5966.88,789.58,4.283595e-06,97.94,594.13,42.45,1110.541105533536,3469.3147895834054,3378.3776629149806,760.8912480099256,150.29999426055466,109.96614113626036,614.978738513656,51.392342203702405,1055.4749002676917,3444.4520705886116,3041.457130428496,759.9394619496663,198.97320985000115,110.05783213706243,614.5467839377267,50.88443983759199,1055.4749002676917,3444.4520705886116,3041.457130428496,759.9394619496663,198.97320985000115,110.05783213706243,614.5467839377267,50.88443983759199
2026-01-30 05:00:00+00:00,2207.21,3799.33,6895.71,790.99,127.66,97.51,599.99,42.45,1159.3598318597037,3567.0022981668067,3603.947588257554,767.4193373798046,157.10094559261967,109.96614113626036,614.978738513656,51.392342203702405,1055.4749002676917,3444.4520705886116,3041.457130428496,759.9394619496663,198.97320985000115,110.05783213706243,614.5467839377267,50.88443983759199,1055.4749002676917,3444.4520705886116,3041.457130428496,759.9394619496663,198.97320985000115,110.05783213706243,614.5467839377267,50.88443983759199
2026-01-30 06:00:00+00:00,2198.31,3809.84,7062.84,793.54,638.1,97.6,599.67,42.45,1197.9172926537212,3645.123737466576,3787.2335741487987,773.4705331942943,163.90189692468468,109.96614113626036,614.978738513656,51.392342203702405,1055.4749002676917,3444.4520705886116,3041.457130428496,759.9394619496663,198.97320985000115,110.05783213706243,614.5467839377267,50.88443983759199,1055.4749002676917,3444.4520705886116,3041.457130428496,759.9394619496663,198.97320985000115,110.05783213706243,614.5467839377267,50.88443983759199
2026-01-30 07:00:00+00:00,2214.78,3717.31,7100.1807,795.72,1083.84,98.13,596.37,42.45,1210.0064453882683,3666.1605852005728,3846.7085248278795,776.468513205272,170.7028482567497,109.96614113626036,614.978738513656,51.392342203702405,1055.4749002676917,3444.4520705886116,3041.457130428496,759.9394619496663,198.97320985000115,110.05783213706243,614.5467839377267,50.88443983759199,1055.4749002676917,3444.4520705886116,3041.457130428496,759.9394619496663,198.97320985000115,110.05783213706243,614.5467839377267,50.88443983759199
2026-01-30 08:00:00+00:00,2307.39,3520.86,7192.48,795.72,1131.15,98.26,599.12,42.45,1191.9729200390489,3658.677279892456,3764.591988143219,775.3452100796951,177.5037995888147,109.96614113626036,614.978738513656,51.392342203702405,1055.4749002676917,3444.4520705886116,3041.457130428496,759.9394619496663,198.97320985000115,110.05783213706243,614.5467839377267,50.88443983759199,1055.4749002676917,3444.4520705886116,3041.457130428496,759.9394619496663,198.97320985000115,110.05783213706243,614.5467839377267,50.88443983759199
2026-01-30 09:00:00+00:00,2320.77,3677.7,7076.16,795.14,302.41,98.05,596.47,42.45,1169.6785759778586,3632.536759149368,3655.9821255071797,773.101017309851,184.3047509208797,109.96614113626036,614.978738513656,51.392342203702405,1055.4749002676917,3444.4520705886116,3041.457130428496,759.9394619496663,198.97320985000115,110.05783213706243,614.5467839377267,50.88443983759199,1055.4749002676917,3444.4520705886116,3041.457130428496,759.9394619496663,198.97320985000115,110.05783213706243,614.5467839377267,50.88443983759199
2026-01-30 10:00:00+00:00,2323.72,3679.16,6845.24,795.14,47.399998,98.27,595.61,42.45,1154.9624776728233,3600.0242206065195,3582.7036403248176,772.0267319329085,191.10570225294472,109.96614113626036,614.978738513656,51.392342203702405,1055.4749002676917,3444.4520705886116,3041.457130428496,759.9394619496663,198.97320985000115,110.05783213706243,614.5467839377267,50.88443983759199,1055.4749002676917,3444.4520705886116,3041.457130428496,759.9394619496663,198.97320985000115,110.05783213706243,614.5467839377267,50.88443983759199
2026-01-30 11:00:00+00:00,2330.53,3677.66,6382.17,795.14,4.283595e-06,98.22,593.16,39.69,1149.0772344330219,3542.9861691473834,3543.4272127735853,771.6908471953443,197.90665358500974,109.96614113626036,614.978738513656,51.392342203702405,1055.4749002676917,3444.4520705886116,3041.457130428496,759.9394619496663,198.97320985000115,110.05783213706243,614.5467839377267,50.88443983759199,1055.4749002676917,3444.4520705886116,3041.457130428496,759.9394619496663,198.97320985000115,110.05783213706243,614.5467839377267,50.88443983759199
2026-01-30 12:00:00+00:00,2434.0,3673.93,6313.94,795.04,4.283595e-06,97.43,611.48,38.77,1145.9365157899701,3507.5960827708304,3534.418733113424,773.5319104555679,204.70760491707475,109.96614113626036,614.978738513656,51.392342203702405,1055.4749002676917,3444.4520705886116,3041.457130428496,759.9394619496663,198.97320985000115,110.05783213706243,614.5467839377267,50.88443983759199,1055.4749002676917,3444.4520705886116,3041.457130428496,759.9394619496663,198.97320985000115,110.05783213706243,614.5467839377267,50.88443983759199
2026-01-30 13:00:00+00:00,2465.4,3670.72,6261.39,794.77,4.283595e-06,97.43,616.19,38.77,1139.8152319553005,3496.788947234737,3521.8826051852775,775.8050768906223,211.50855624913976,109.96614113626036,614.978738513656,51.392342203702405,1055.4749002676917,3444.4520705886116,3041.457130428496,759.9394619496663,198.97320985000115,110.05783213706243,614.5467839377267,50.88443983759199,1055.4749002676917,3444.4520705886116,3041.457130428496,759.9394619496663,198.97320985000115,110.05783213706243,614.5467839377267,50.88443983759199
2026-01-30 14:00:00+00:00,2538.97,3577.25,6399.87,794.77,4.283595e-06,97.43,615.73,38.77,1143.7526888753232,3512.278654632005,3556.2328997381187,779.161031883629,218.3095075812048,109.96614113626036,614.978738513656,51.392342203702405,1055.4749002676917,3444.4520705886116,3041.457130428496,759.9394619496663,198.97320985000115,110.05783213706243,614.5467839377267,50.88443983759199,1055.4749002676917,3444.4520705886116,3041.457130428496,759.9394619496663,198.97320985000115,110.05783213706243,614.5467839377267,50.88443983759199
2026-01-30 15:00:00+00:00,2847.83,3481.64,6448.36,795.16,4.283595e-06,97.43,600.99,42.19,1158.0542303510126,3537.8306249106377,3626.051611367142,782.2495869666033,225.11045891326978,109.96614113626036,614.978738513656,51.392342203702405,1055.4749002676917,3444.4520705886116,3041.457130428496,759.9394619496663,198.97320985000115,110.05783213706243,614.5467839377267,50.88443983759199,1055.4749002676917,3444.4520705886116,3041.457130428496,759.9394619496663,198.97320985000115,110.05783213706243,614.5467839377267,50.88443983759199
2026-01-30 16:00:00+00:00,2753.69,3479.11,6718.97,795.88,4.283595e-06,97.98,598.61,43.34,1159.7990835101555,3551.6426996692444,3646.226478682862,784.9460411671848,231.91141024533482,109.96614113626036,614.978738513656,51.392342203702405,1055.4749002676917,3444.4520705886116,3041.457130428496,759.9394619496663,198.97320985000115,110.05783213706243,614.5467839377267,50.88443983759199,1055.4749002676917,3444.4520705886116,3041.457130428496,759.9394619496663,198.97320985000115,110.05783213706243,614.5467839377267,50.88443983759199
2026-01-30 17:00:00+00:00,2816.21,3455.73,7064.28,796.52,4.283595e-06,97.43,587.32,43.34,1170.7819303237557,3545.8251553342348,3688.5360140980392,786.578423797814,238.71236157739983,109.96614113626036,614.978738513656,51.392342203702405,1055.4749002676917,3444.4520705886116,3041.457130428496,759.9394619496663,198.97320985000115,110.05783213706243,614.5467839377267,50.88443983759199,1055.4749002676917,3444.4520705886116,3041.457130428496,759.9394619496663,198.97320985000115,110.05783213706243,614.5467839377267,50.88443983759199
2026-01-30 18:00:00+00:00,2702.41,3287.74,7015.73,796.52,4.283595e-06,97.57,617.0,42.53,1159.4049099767233,3499.488375322846,3634.7638479850525,786.5839106982286,245.51331290946484,109.96614113626036,614.978738513656,51.392342203702405,1055.4749002676917,3444.4520705886116,3041.457130428496,759.9394619496663,198.97320985000115,110.05783213706243,614.5467839377267,50.88443983759199,1055.4749002676917,3444.4520705886116,3041.457130428496,759.9394619496663,198.97320985000115,110.05783213706243,614.5467839377267,50.88443983759199
2026-01-30 19:00:00+00:00,2339.79,3303.33,6581.36,796.52,4.283595e-06,97.44,611.83,40.13,1136.1006598010313,3434.287628264674,3528.507327881024,785.5374785977376,252.31426424152986,109.96614113626036,614.978738513656,51.392342203702405,1055.4749002676917,3444.4520705886116,3041.457130428496,759.9394619496663,198.97320985000115,110.05783213706243,614.5467839377267,50.88443983759199,1055.4749002676917,3444.4520705886116,3041.457130428496,759.9394619496663,198.97320985000115,110.05783213706243,614.5467839377267,50.88443983759199
2026-01-30 20:00:00+00:00,2302.79,3468.77,5682.78,796.52,0.080006115,97.3,633.11,40.13,1106.0428355144531,3360.234532329742,3398.517807902513,784.5767944788631,259.11521557359487,109.96614113626036,614.978738513656,51.392342203702405,1055.4749002676917,3444.4520705886116,3041.457130428496,759.9394619496663,198.97320985000115,110.05783213706243,614.5467839377267,50.88443983759199,1055.4749002676917,3444.4520705886116,3041.457130428496,759.9394619496663,198.97320985000115,110.05783213706243,614.5467839377267,50.88443983759199
2026-01-30 21:00:00+00:00,2198.2,3485.19,5346.42,795.22,14.539997,97.22,556.48,40.13,1071.5093109991078,3333.6601274353397,3259.7101678931044,783.7331123006906,265.91616690565985,109.96614113626036,614.978738513656,51.392342203702405,1055.4749002676917,3444.4520705886116,3041.457130428496,759.9394619496663,198.97320985000115,110.05783213706243,614.5467839377267,50.88443983759199,1055.4749002676917,3444.4520705886116,3041.457130428496,759.9394619496663,198.97320985000115,110.05783213706243,614.5467839377267,50.88443983759199
2026-01-30 22:00:00+00:00,2268.3,3482.27,4587.72,794.43,25.239994,96.97,530.75,40.13,1047.999742216095,3288.86741789604,3157.895828948015,782.9923226727956,272.7171182377249,109.96614113626036,614.978738513656,51.392342203702405,1055.4749002676917,3444.4520705886116,3041.457130428496,759.9394619496663,198.97320985000115,110.05783213706243,614.5467839377267,50.88443983759199,1055.4749002676917,3444.4520705886116,3041.457130428496,759.9394619496663,198.97320985000115,110.05783213706243,614.5467839377267,50.88443983759199
2026-01-30 23:00:00+00:00,1770.89,3568.24,4302.34,789.89,11.849995,87.49,627.35,41.63,1021.1747644366029,3251.768342198137,3046.5188541815246,782.4361755063188,279.5180695697899,109.96614113626036,614.978738513656,51.392342203702405,1055.4749002676917,3444.4520705886116,3041.457130428496,759.9394619496663,198.97320985000115,110.05783213706243,614.5467839377267,50.88443983759199,1055.4749002676917,3444.4520705886116,3041.457130428496,759.9394619496663,198.97320985000115,110.05783213706243,614.5467839377267,50.88443983759199
2026-01-31 00:00:00+00:00,1726.37,3566.36,4133.0,789.49,4.283595e-06,86.25,670.65,41.63,1017.0208460175901,3252.9053191824205,2987.150334963868,749.7661449467912,124.33652817980136,109.56204276427295,614.3915768351809,51.115829037363426,1055.4749002676917,3444.4520705886116,3041.457130428496,759.9394619496663,198.97320985000115,110.05783213706243,614.5467839377267,50.88443983759199,1055.4749002676917,3444.4520705886116,3041.457130428496,759.9394619496663,198.97320985000115,110.05783213706243,614.5467839377267,50.88443983759199
2026-01-31 01:00:00+00:00,1778.3,3603.2,3686.2,789.21,4.283595e-06,86.34,652.62,41.63,1008.2805503616531,3239.6541587161873,2952.475632815049,750.2083903781244,131.03721532236042,109.56204276427295,614.3915768351809,51.115829037363426,1055.4749002676917,3444.4520705886116,3041.457130428496,759.9394619496663,198.97320985000115,110.05783213706243,614.5467839377267,50.88443983759199,1055.4749002676917,3444.4520705886116,3041.457130428496,759.9394619496663,198.97320985000115,110.05783213706243,614.5467839377267,50.88443983759199
2026-01-31 02:00:00+00:00,1729.55,3476.56,3725.95,789.21,4.283595e-06,86.28,666.68,41.63,999.1393132519213,3219.212752555245,2918.3275495188186,750.835058321189,137.7379024649195,109.56204276427295,614.3915768351809,51.115829037363426,1055.4749002676917,3444.4520705886116,3041.457130428496,759.9394619496663,198.97320985000115,110.05783213706243,614.5467839377267,50.88443983759199,1055.4749002676917,3444.4520705886116,3041.457130428496,759.9394619496663,198.97320985000115,110.05783213706243,614.5467839377267,50.88443983759199
2026-01-31 03:00:00+00:00,1787.08,3271.36,3595.2,789.21,4.283595e-06,86.3,644.98,41.63,1000.2447087894619,3218.9103986965697,2923.951602250778,752.0988364542642,144.43858960747855,109.56204276427295,614.3915768351809,51.115829037363426,1055.4749002676917,3444.4520705886116,3041.457130428496,759.9394619496663,198.97320985000115,110.05783213706243,614.5467839377267,50.88443983759199,1055.4749002676917,3444.4520705886116,3041.457130428496,759.9394619496663,198.97320985000115,110.05783213706243,614.5467839377267,50.88443983759199
2026-01-31 04:00:00+00:00,2049.15,3253.91,3565.57,789.21,4.283595e-06,94.84,673.11,44.1,1004.7113994932811,3224.2291001019707,2938.0670452025565,753.1238761863352,151.1392767500376,109.56204276427295,614.3915768351809,51.115829037363426,1055.4749002676917,3444.4520705886116,3041.457130428496,759.9394619496663,198.97320985000115,110.05783213706243,614.5467839377267,50.88443983759199,1055.4749002676917,3444.4520705886116,3041.457130428496,759.9394619496663,198.97320985000115,110.05783213706243,614.5467839377267,50.88443983759199
2026-01-31 05:00:00+00:00,1935.53,3221.24,3832.69,790.62,4.283595e-06,95.31,636.57,46.57,1029.917332825048,3212.102306942989,3033.047707288398,755.5020982877413,157.83996389259667,109.56204276427295,614.3915768351809,51.115829037363426,1055.4749002676917,3444.4520705886116,3041.457130428496,759.9394619496663,198.97320985000115,110.05783213706243,614.5467839377267,50.88443983759199,1055.4749002676917,3444.4520705886116,3041.457130428496,759.9394619496663,198.97320985000115,110.05783213706243,614.5467839377267,50.88443983759199
2026-01-31 06:00:00+00:00,1994.5698,3222.82,4216.94,793.17,4.283595e-06,95.71,594.43,46.57,1062.1849701924514,3257.9561504278845,3160.414555729488,758.7938137215024,164.54065103515572,109.56204276427295,614.3915768351809,51.115829037363426,1055.4749002676917,3444.4520705886116,3041.457130428496,759.9394619496663,198.97320985000115,110.05783213706243,614.5467839377267,50.88443983759199,1055.4749002676917,3444.4520705886116,3041.457130428496,759.9394619496663,198.97320985000115,110.05783213706243,614.5467839377267,50.88443983759199
2026-01-31 07:00:00+00:00,1829.47,3207.94,5116.88,795.07,4.283595e-06,96.78,622.45,46.57,1085.788507469342,3298.051291147079,3255.5952065987276,761.6839890645768,171.24133817771477,109.56204276427295,614.3915768351809,51.115829037363426,1055.4749002676917,3444.4520705886116,3041.457130428496,759.9394619496663,198.97320985000115,110.05783213706243,614.5467839377267,50.88443983759199,1055.4749002676917,3444.4520705886116,3041.457130428496,759.9394619496663,198.97320985000115,110.05783213706243,614.5467839377267,50.88443983759199
2026-01-31 08:00:00+00:00,1894.71,3207.37,5636.14,794.22,4.283595e-06,96.87,632.97,46.57,1114.5609272638608,3343.634812966574,3353.278589181473,763.1680059739778,177.94202532027384,109.56204276427295,614.3915768351809,51.115829037363426,1055.4749002676917,3444.4520705886116,3041.457130428496,759.9394619496663,198.97320985000115,110.05783213706243,614.5467839377267,50.88443983759199,1055.4749002676917,3444.4520705886116,3041.457130428496,759.9394619496663,198.97320985000115,110.05783213706243,614.5467839377267,50.88443983759199
2026-01-31 09:00:00+00:00,1866.8499,3281.44,5908.32,794.77,4.283595e-06,97.18,700.02,46.57,1124.2313958198379,3366.059796650649,3368.5619097484637,762.6406629291172,184.6427124628329,109.56204276427295,614.3915768351809,51.115829037363426,1055.4749002676917,3444.4520705886116,3041.457130428496,759.9394619496663,198.97320985000115,110.05783213706243,614.5467839377267,50.88443983759199,1055.4749002676917,3444.4520705886116,3041.457130428496,759.9394619496663,198.97320985000115,110.05783213706243,614.5467839377267,50.88443983759199
2026-01-31 10:00:00+00:00,1861.98,3373.77,6009.74,794.77,4.283595e-06,97.15,667.22,46.57,1122.1133135892314,3368.593245581152,3338.0193535337994,761.3714219639548,191.34339960539197,109.56204276427295,614.3915768351809,51.115829037363426,1055.4749002676917,3444.4520705886116,3041.457130428496,759.9394619496663,198.97320985000115,110.05783213706243,614.5467839377267,50.88443983759199,1055.4749002676917,3444.4520705886116,3041.457130428496,759.9394619496663,198.97320985000115,110.05783213706243,614.5467839377267,50.88443983759199
2026-01-31 11:00:00+00:00,1856.66,3402.77,5957.04,794.77,11.849995,88.8,650.01,46.57,1111.8897571896455,3363.3759968288164,3290.29538187049,761.0008535743642,198.044086747951,109.56204276427295,614.3915768351809,51.115829037363426,1055.4749002676917,3444.4520705886116,3041.457130428496,759.9394619496663,198.97320985000115,110.05783213706243,614.5467839377267,50.88443983759199,1055.4749002676917,3444.4520705886116,3041.457130428496,759.9394619496663,198.97320985000115,110.05783213706243,614.5467839377267,50.88443983759199
2026-01-31 12:00:00+00:00,1853.77,3380.29,5318.26,794.77,4.283595e-06,88.81,638.82,46.57,1122.188453047259,3341.9829660577284,3318.653414683136,761.5808748216266,204.7447738905101,109.56204276427295,614.3915768351809,51.115829037363426,1055.4749002676917,3444.4520705886116,3041.457130428496,759.9394619496663,198.97320985000115,110.05783213706243,614.5467839377267,50.88443983759199,1055.4749002676917,3444.4520705886116,3041.457130428496,759.9394619496663,198.97320985000115,110.05783213706243,614.5467839377267,50.88443983759199
2026-01-31 13:00:00+00:00,1853.97,3338.91,5626.6,794.86,4.283595e-06,89.16,667.03,44.66,1132.8549687387283,3353.216373654954,3364.4763483227684,763.7482340563796,211.44546103306914,109.56204276427295,614.3915768351809,51.115829037363426,1055.4749002676917,3444.4520705886116,3041.457130428496,759.9394619496663,198.97320985000115,110.05783213706243,614.5467839377267,50.88443983759199,1055.4749002676917,3444.4520705886116,3041.457130428496,759.9394619496663,198.97320985000115,110.05783213706243,614.5467839377267,50.88443983759199
2026-01-31 14:00:00+00:00,2215.72,3481.15,5947.42,795.14,4.283595e-06,97.74,661.39,42.75,1152.9960106197411,3390.4427046692317,3465.4644473210283,768.31363746861,218.14614817562818,109.56204276427295,614.3915768351809,51.115829037363426,1055.4749002676917,3444.4520705886116,3041.457130428496,759.9394619496663,198.97320985000115,110.05783213706243,614.5467839377267,50.88443983759199,1055.4749002676917,3444.4520705886116,3041.457130428496,759.9394619496663,198.97320985000115,110.05783213706243,614.5467839377267,50.88443983759199
2026-01-31 15:00:00+00:00,2432.1,3589.16,5951.8,795.53,46.349995,97.6,640.18,42.75,1173.5563920140319,3446.078320207639,3575.238177440422,773.602997834966,224.84683531818726,109.56204276427295,614.3915768351809,51.115829037363426,1055.4749002676917,3444.4520705886116,3041.457130428496,759.9394619496663,198.97320985000115,110.05783213706243,614.5467839377267,50.88443983759199,1055.4749002676917,3444.4520705886116,3041.457130428496,759.9394619496663,198.97320985000115,110.05783213706243,614.5467839377267,50.88443983759199
2026-01-31 16:00:00+00:00,2406.98,3665.11,5745.26,796.25,213.5,98.03,634.49,42.75,1193.6248552083075,3481.494549620922,3678.8491513805975,778.4520374125547,231.5475224607463,109.56204276427295,614.3915768351809,51.115829037363426,1055.4749002676917,3444.4520705886116,3041.457130428496,759.9394619496663,198.97320985000115,110.05783213706243,614.5467839377267,50.88443983759199,1055.4749002676917,3444.4520705886116,3041.457130428496,759.9394619496663,198.97320985000115,110.05783213706243,614.5467839377267,50.88443983759199
2026-01-31 17:00:00+00:00,2603.42,3671.24,6028.61,796.89,435.35,98.32,613.91,42.75,1201.4375776590784,3502.135633707127,3713.8079002243776,780.4547320133354,238.24820960330538,109.56204276427295,614.3915768351809,51.115829037363426,1055.4749002676917,3444.4520705886116,3041.457130428496,759.9394619496663,198.97320985000115,110.05783213706243,614.5467839377267,50.88443983759199,1055.4749002676917,3444.4520705886116,3041.457130428496,759.9394619496663,198.97320985000115,110.05783213706243,614.5467839377267,50.88443983759199
2026-01-31 18:00:00+00:00,2491.52,3657.64,6126.7,796.89,164.54,98.1,641.71,42.75,1192.2127270871392,3477.7863979144076,3677.785268292678,780.923936772305,244.94889674586443,109.56204276427295,614.3915768351809,51.115829037363426,1055.4749002676917,3444.4520705886116,3041.457130428496,759.9394619496663,198.97320985000115,110.05783213706243,614.5467839377267,50.88443983759199,1055.4749002676917,3444.4520705886116,3041.457130428496,759.9394619496663,198.97320985000115,110.05783213706243,614.5467839377267,50.88443983759199
2026-01-31 19:00:00+00:00,1992.99,3651.5,6253.87,796.89,4.283595e-06,97.56,654.88,42.75,1160.3050699587743,3432.6890194751904,3552.0503554264865,779.8067981436631,251.64958388842348,109.56204276427295,614.3915768351809,51.115829037363426,1055.4749002676917,3444.4520705886116,3041.457130428496,759.9394619496663,198.97320985000115,110.05783213706243,614.5467839377267,50.88443983759199,1055.4749002676917,3444.4520705886116,3041.457130428496,759.9394619496663,198.97320985000115,110.05783213706243,614.5467839377267,50.88443983759199
2026-01-31 20:00:00+00:00,1890.65,3666.1,5785.02,796.98,166.1,97.57,676.32,42.75,1132.4467573755887,3403.4876645822596,3450.00706860846,779.7249168822073,258.3502710309825,109.56204276427295,614.3915768351809,51.115829037363426,1055.4749002676917,3444.4520705886116,3041.457130428496,759.9394619496663,198.97320985000115,110.05783213706243,614.5467839377267,50.88443983759199,1055.4749002676917,3444.4520705886116,3041.457130428496,759.9394619496663,198.97320985000115,110.05783213706243,614.5467839377267,50.88443983759199
2026-01-31 21:00:00+00:00,1818.44,3657.25,5884.31,795.96,18.879993,97.49,678.29,42.75,1115.1627973385791,3399.0748637492134,3387.553656084201,780.1576814073683,265.05095817354163,109.56204276427295,614.3915768351809,51.115829037363426,1055.4749002676917,3444.4520705886116,3041.457130428496,759.9394619496663,198.97320985000115,110.05783213706243,614.5467839377267,50.88443983759199,1055.4749002676917,3444.4520705886116,3041.457130428496,759.9394619496663,198.97320985000115,110.05783213706243,614.5467839377267,50.88443983759199
2026-01-31 22:00:00+00:00,2056.45,3655.08,5362.03,795.18,4.283595e-06,97.39,627.93,42.75,1091.2815453557262,3373.9363946748945,3293.783818722713,779.6197153442864,271.7516453161007,109.56204276427295,614.3915768351809,51.115829037363426,1055.4749002676917,3444.4520705886116,3041.457130428496,759.9394619496663,198.97320985000115,110.05783213706243,614.5467839377267,50.88443983759199,1055.4749002676917,3444.4520705886116,3041.457130428496,759.9394619496663,198.97320985000115,110.05783213706243,614.5467839377267,50.88443983759199
2026-01-31 23:00:00+00:00,2032.88,3500.87,4771.86,795.14,4.283595e-06,85.2,612.17,39.92,1050.9117778747257,3329.672074140109,3140.3467615456166,778.475948062541,278.4523324586597,109.56204276427295,614.3915768351809,51.115829037363426,1055.4749002676917,3444.4520705886116,3041.457130428496,759.9394619496663,198.97320985000115,110.05783213706243,614.5467839377267,50.88443983759199,1055.4749002676917,3444.4520705886116,3041.457130428496,759.9394619496663,198.97320985000115,110.05783213706243,614.5467839377267,50.88443983759199
2026-02-01 00:00:00+00:00,2164.45,3400.04,4388.35,795.72,2.0800061,83.88,648.81,39.92,1027.6902827111653,3306.6143165574304,2985.4074758693064,746.1646197693582,124.33652817980136,109.56204276427295,614.3915768351809,51.115829037363426,1055.4749002676917,3444.4520705886116,3041.457130428496,759.9394619496663,198.97320985000115,110.05783213706243,614.5467839377267,50.88443983759199,1055.4749002676917,3444.4520705886116,3041.457130428496,759.9394619496663,198.97320985000115,110.05783213706243,614.5467839377267,50.88443983759199
2026-02-01 01:00:00+00:00,2082.76,3351.84,4335.9,795.43,4.283595e-06,83.8,670.63,39.92,1026.7433892906913,3292.315127789449,2976.872155425981,746.6954255196182,131.03721532236042,109.56204276427295,614.3915768351809,51.115829037363426,1055.4749002676917,3444.4520705886116,3041.457130428496,759.9394619496663,198.97320985000115,110.05783213706243,614.5467839377267,50.88443983759199,1055.4749002676917,3444.4520705886116,3041.457130428496,759.9394619496663,198.97320985000115,110.05783213706243,614.5467839377267,50.88443983759199
2026-02-01 02:00:00+00:00,2090.96,3594.62,4251.65,795.43,4.283595e-06,83.54,649.81,39.92,1024.7522696200392,3286.078558481231,2968.5229414059336,747.5752767278152,137.7379024649195,109.56204276427295,614.3915768351809,51.115829037363426,1055.4749002676917,3444.4520705886116,3041.457130428496,759.9394619496663,198.97320985000115,110.05783213706243,614.5467839377267,50.88443983759199,1055.4749002676917,3444.4520705886116,3041.457130428496,759.9394619496663,198.97320985000115,110.05783213706243,614.5467839377267,50.88443983759199
2026-02-01 03:00:00+00:00,2172.27,3637.21,4526.58,795.43,11.849995,83.6,658.7,39.92,1030.131193241825,3290.369579464967,2990.6066808282835,749.0952048564436,144.43858960747855,109.56204276427295,614.3915768351809,51.115829037363426,1055.4749002676917,3444.4520705886116,3041.457130428496,759.9394619496663,198.97320985000115,110.05783213706243,614.5467839377267,50.88443983759199,1055.4749002676917,3444.4520705886116,3041.457130428496,759.9394619496663,198.97320985000115,110.05783213706243,614.5467839377267,50.88443983759199
2026-02-01 04:00:00+00:00,2146.51,3600.19,4541.58,795.43,4.283595e-06,92.3,640.23,39.92,1026.8706002768713,3296.3299197060574,2981.338566780259,750.2845177088441,151.1392767500376,109.56204276427295,614.3915768351809,51.115829037363426,1055.4749002676917,3444.4520705886116,3041.457130428496,759.9394619496663,198.97320985000115,110.05783213706243,614.5467839377267,50.88443983759199,1055.4749002676917,3444.4520705886116,3041.457130428496,759.9394619496663,198.97320985000115,110.05783213706243,614.5467839377267,50.88443983759199
2026-02-01 05:00:00+00:00,1879.9,3546.72,4134.74,796.84,4.283595e-06,92.1,665.26,39.92,1031.2502509560336,3309.652101516543,3001.2104312485644,751.9009836150398,157.83996389259667,109.56204276427295,614.3915768351809,51.115829037363426,1055.4749002676917,3444.4520705886116,3041.457130428496,759.9394619496663,198.97320985000115,110.05783213706243,614.5467839377267,50.88443983759199,1055.4749002676917,3444.4520705886116,3041.457130428496,759.9394619496663,198.97320985000115,110.05783213706243,614.5467839377267,50.88443983759199
2026-02-01 06:00:00+00:00,1938.64,3582.97,4240.3,799.41,4.283595e-06,92.1,659.18,39.92,1040.6334912840923,3335.7437993222375,3045.882556210901,754.3607773914395,164.54065103515572,109.56204276427295,614.3915768351809,51.115829037363426,1055.4749002676917,3444.4520705886116,3041.457130428496,759.9394619496663,198.97320985000115,110.05783213706243,614.5467839377267,50.88443983759199,1055.4749002676917,3444.4520705886116,3041.457130428496,759.9394619496663,198.97320985000115,110.05783213706243,614.5467839377267,50.88443983759199
2026-02-01 07:00:00+00:00,2044.5499,3669.27,4459.89,801.59,23.7,92.23,652.18,39.92,1062.673446892724,3372.092728537839,3132.4937208555093,756.9083181241474,171.24133817771477,109.56204276427295,614.3915768351809,51.115829037363426,1055.4749002676917,3444.4520705886116,3041.457130428496,759.9394619496663,198.97320985000115,110.05783213706243,614.5467839377267,50.88443983759199,1055.4749002676917,3444.4520705886116,3041.457130428496,759.9394619496663,198.97320985000115,110.05783213706243,614.5467839377267,50.88443983759199
2026-02-01 08:00:00+00:00,2205.88,3692.85,4434.66,801.59,4.283595e-06,92.23,654.08,40.92,1076.9350737853504,3389.968097883888,3191.353869099001,759.2123313841624,177.94202532027384,109.56204276427295,614.3915768351809,51.115829037363426,1055.4749002676917,3444.4520705886116,3041.457130428496,759.9394619496663,198.97320985000115,110.05783213706243,614.5467839377267,50.88443983759199,1055.4749002676917,3444.4520705886116,3041.457130428496,759.9394619496663,198.97320985000115,110.05783213706243,614.5467839377267,50.88443983759199
2026-02-01 09:00:00+00:00,2086.44,3636.02,4349.78,801.01,95.23,92.47,671.83,40.92,1082.168058817273,3381.7102403264125,3208.5727726231603,760.3075044879686,184.6427124628329,109.56204276427295,614.3915768351809,51.115829037363426,1055.4749002676917,3444.4520705886116,3041.457130428496,759.9394619496663,198.97320985000115,110.05783213706243,614.5467839377267,50.88443983759199,1055.4749002676917,3444.4520705886116,3041.457130428496,759.9394619496663,198.97320985000115,110.05783213706243,614.5467839377267,50.88443983759199
2026-02-01 10:00:00+00:00,2243.39,3664.76,4082.32,801.01,0.48000002,93.58,652.6,40.92,1070.0358170941288,3377.4489346435453,3156.8047495332075,760.1489160216017,191.34339960539197,109.56204276427295,614.3915768351809,51.115829037363426,1055.4749002676917,3444.4520705886116,3041.457130428496,759.9394619496663,198.97320985000115,110.05783213706243,614.5467839377267,50.88443983759199,1055.4749002676917,3444.4520705886116,3041.457130428496,759.9394619496663,198.97320985000115,110.05783213706243,614.5467839377267,50.88443983759199
2026-02-01 11:00:00+00:00,2218.74,3679.58,3837.45,801.01,4.283595e-06,85.63,644.06,40.92,1065.4916662421283,3355.910074333228,3130.112678691761,760.0418164385494,198.044086747951,109.56204276427295,614.3915768351809,51.115829037363426,1055.4749002676917,3444.4520705886116,3041.457130428496,759.9394619496663,198.97320985000115,110.05783213706243,614.5467839377267,50.88443983759199,1055.4749002676917,3444.4520705886116,3041.457130428496,759.9394619496663,198.97320985000115,110.05783213706243,614.5467839377267,50.88443983759199
2026-02-01 12:00:00+00:00,2199.64,3614.65,3621.79,801.01,4.283595e-06,85.74,655.38,40.92,1061.965953886583,3325.0078610033397,3110.508960705888,760.3116367762038,204.7447738905101,109.56204276427295,614.3915768351809,51.115829037363426,1055.4749002676917,3444.4520705886116,3041.457130428496,759.9394619496663,198.97320985000115,110.05783213706243,614.5467839377267,50.88443983759199,1055.4749002676917,3444.4520705886116,3041.457130428496,759.9394619496663,198.97320985000115,110.05783213706243,614.5467839377267,50.88443983759199
2026-02-01 13:00:00+00:00,2163.97,3376.98,3694.71,801.01,4.283595e-06,86.05,584.23,40.92,1070.154673754885,3321.2420277328474,3140.665428410995,761.732243115018,211.44546103306914,109.56204276427295,614.3915768351809,51.115829037363426,1055.4749002676917,3444.4520705886116,3041.457130428496,759.9394619496663,198.97320985000115,110.05783213706243,614.5467839377267,50.88443983759199,1055.4749002676917,3444.4520705886116,3041.457130428496,759.9394619496663,198.97320985000115,110.05783213706243,614.5467839377267,50.88443983759199
2026-02-01 14:00:00+00:00,2100.83,3295.13,4377.25,801.01,4.283595e-06,94.59,536.47,43.02,1087.9122131571107,3350.3921799349396,3222.17370540864,765.1433014050625,218.14614817562818,109.56204276427295,614.3915768351809,51.115829037363426,1055.4749002676917,3444.4520705886116,3041.457130428496,759.9394619496663,198.97320985000115,110.05783213706243,614.5467839377267,50.88443983759199,1055.4749002676917,3444.4520705886116,3041.457130428496,759.9394619496663,198.97320985000115,110.05783213706243,614.5467839377267,50.88443983759199
2026-02-01 15:00:00+00:00,2271.19,3404.86,5011.81,801.03,4.283595e-06,94.52,541.76,45.12,1112.3950015840483,3386.2697328427803,3336.7611410502636,769.6636445545292,224.84683531818726,109.56204276427295,614.3915768351809,51.115829037363426,1055.4749002676917,3444.4520705886116,3041.457130428496,759.9394619496663,198.97320985000115,110.05783213706243,614.5467839377267,50.88443983759199,1055.4749002676917,3444.4520705886116,3041.457130428496,759.9394619496663,198.97320985000115,110.05783213706243,614.5467839377267,50.88443983759199
2026-02-01 16:00:00+00:00,2380.73,3561.97,5562.5,801.75,1.73,97.58,539.25,45.12,1138.4239578471459,3450.258689770579,3460.0142405805364,774.5324171950016,231.5475224607463,109.56204276427295,614.3915768351809,51.115829037363426,1055.4749002676917,3444.4520705886116,3041.457130428496,759.9394619496663,198.97320985000115,110.05783213706243,614.5467839377267,50.88443983759199,1055.4749002676917,3444.4520705886116,3041.457130428496,759.9394619496663,198.97320985000115,110.05783213706243,614.5467839377267,50.88443983759199
2026-02-01 17:00:00+00:00,2516.85,3583.4,5929.58,802.4,667.1,98.1,549.21,45.12,1151.717351614513,3460.082448848908,3517.522998401422,777.0137853584819,238.24820960330538,109.56204276427295,614.3915768351809,51.115829037363426,1055.4749002676917,3444.4520705886116,3041.457130428496,759.9394619496663,198.97320985000115,110.05783213706243,614.5467839377267,50.88443983759199,1055.4749002676917,3444.4520705886116,3041.457130428496,759.9394619496663,198.97320985000115,110.05783213706243,614.5467839377267,50.88443983759199
2026-02-01 18:00:00+00:00,2506.04,3589.27,5872.88,802.4,102.52999,98.17,556.43,45.12,1155.3368834472853,3429.3685005487528,3529.124160331835,778.0758387616561,244.94889674586443,109.56204276427295,614.3915768351809,51.115829037363426,1055.4749002676917,3444.4520705886116,3041.457130428496,759.9394619496663,198.97320985000115,110.05783213706243,614.5467839377267,50.88443983759199,1055.4749002676917,3444.4520705886116,3041.457130428496,759.9394619496663,198.97320985000115,110.05783213706243,614.5467839377267,50.88443983759199
2026-02-01 19:00:00+00:00,2372.12,3619.03,6041.77,802.4,82.58,95.94,535.34,45.12,1132.8818513814615,3411.917320711524,3453.3487349103484,778.8493869972149,251.64958388842348,109.56204276427295,614.3915768351809,51.115829037363426,1055.4749002676917,3444.4520705886116,3041.457130428496,759.9394619496663,198.97320985000115,110.05783213706243,614.5467839377267,50.88443983759199,1055.4749002676917,3444.4520705886116,3041.457130428496,759.9394619496663,198.97320985000115,110.05783213706243,614.5467839377267,50.88443983759199
2026-02-01 20:00:00+00:00,2318.43,3583.29,5646.94,802.4,4.283595e-06,95.2,548.52,45.12,1095.2740424855078,3349.4817097655887,3323.6736355117623,779.1736396382158,258.3502710309825,109.56204276427295,614.3915768351809,51.115829037363426,1055.4749002676917,3444.4520705886116,3041.457130428496,759.9394619496663,198.97320985000115,110.05783213706243,614.5467839377267,50.88443983759199,1055.4749002676917,3444.4520705886116,3041.457130428496,759.9394619496663,198.97320985000115,110.05783213706243,614.5467839377267,50.88443983759199
2026-02-01 21:00:00+00:00,2296.46,3598.09,5509.64,800.27,58.409992,94.56,538.71,45.12,1064.939913060419,3335.7472989243315,3215.517815878297,779.2751891608993,265.05095817354163,109.56204276427295,614.3915768351809,51.115829037363426,1055.4749002676917,3444.4520705886116,3041.457130428496,759.9394619496663,198.97320985000115,110.05783213706243,614.5467839377267,50.88443983759199,1055.4749002676917,3444.4520705886116,3041.457130428496,759.9394619496663,198.97320985000115,110.05783213706243,614.5467839377267,50.88443983759199
2026-02-01 22:00:00+00:00,2145.02,3562.97,4852.2,799.03,4.283595e-06,94.85,523.0,43.34,1024.5637650190044,3268.3579083911764,3057.1649176844912,777.6597099667536,271.7516453161007,109.56204276427295,614.3915768351809,51.115829037363426,1055.4749002676917,3444.4520705886116,3041.457130428496,759.9394619496663,198.97320985000115,110.05783213706243,614.5467839377267,50.88443983759199,1055.4749002676917,3444.4520705886116,3041.457130428496,759.9394619496663,198.97320985000115,110.05783213706243,614.5467839377267,50.88443983759199
2026-02-01 23:00:00+00:00,2226.53,3308.46,4080.12,795.74,3.0999951,85.85,513.74,41.78,985.6893930759641,3210.228990419807,2909.965100228088,776.6582145206976,278.4523324586597,109.56204276427295,614.3915768351809,51.115829037363426,1055.4749002676917,3444.4520705886116,3041.457130428496,759.9394619496663,198.97320985000115,110.05783213706243,614.5467839377267,50.88443983759199,1055.4749002676917,3444.4520705886116,3041.457130428496,759.9394619496663,198.97320985000115,110.05783213706243,614.5467839377267,50.88443983759199
2026-02-02 00:00:00+00:00,2180.5,3143.22,3828.04,792.59,4.283595e-06,85.89,521.58,41.78,975.7403066333162,3172.9154789329896,2791.0988877241343,743.6678809597618,124.33652817980136,109.56204276427295,614.3915768351809,51.115829037363426,1055.4749002676917,3444.4520705886116,3041.457130428496,759.9394619496663,198.97320985000115,110.05783213706243,614.5467839377267,50.88443983759199,1055.4749002676917,3444.4520705886116,3041.457130428496,759.9394619496663,198.97320985000115,110.05783213706243,614.5467839377267,50.88443983759199
2026-02-02 01:00:00+00:00,2176.21,3341.06,3906.87,792.3,4.283595e-06,85.97,522.28,41.78,968.4733482427882,3155.8508836851524,2769.0882897451975,744.8907260210519,131.03721532236042,109.56204276427295,614.3915768351809,51.115829037363426,1055.4749002676917,3444.4520705886116,3041.457130428496,759.9394619496663,198.97320985000115,110.05783213706243,614.5467839377267,50.88443983759199,1055.4749002676917,3444.4520705886116,3041.457130428496,759.9394619496663,198.97320985000115,110.05783213706243,614.5467839377267,50.88443983759199
2026-02-02 02:00:00+00:00,2164.41,3377.09,3777.38,792.3,4.283595e-06,85.33,541.7,41.78,965.8010008796261,3163.307884168364,2767.267480879118,746.626509567619,137.7379024649195,109.56204276427295,614.3915768351809,51.115829037363426,1055.4749002676917,3444.4520705886116,3041.457130428496,759.9394619496663,198.97320985000115,110.05783213706243,614.5467839377267,50.88443983759199,1055.4749002676917,3444.4520705886116,3041.457130428496,759.9394619496663,198.97320985000115,110.05783213706243,614.5467839377267,50.88443983759199
2026-02-02 03:00:00+00:00,2243.38,3397.58,4017.62,792.3,4.283595e-06,85.38,514.8,41.78,982.0242102424348,3184.508085399832,2834.814644799202,749.1564063833173,144.43858960747855,109.56204276427295,614.3915768351809,51.115829037363426,1055.4749002676917,3444.4520705886116,3041.457130428496,759.9394619496663,198.97320985000115,110.05783213706243,614.5467839377267,50.88443983759199,1055.4749002676917,3444.4520705886116,3041.457130428496,759.9394619496663,198.97320985000115,110.05783213706243,614.5467839377267,50.88443983759199
2026-02-02 04:00:00+00:00,2283.47,3642.82,4422.09,792.3,4.283595e-06,93.92,489.5,41.78,1015.1520497494032,3248.161901662545,2978.664805488233,753.7897532337576,151.1392767500376,109.56204276427295,614.3915768351809,51.115829037363426,1055.4749002676917,3444.4520705886116,3041.457130428496,759.9394619496663,198.97320985000115,110.05783213706243,614.5467839377267,50.88443983759199,1055.4749002676917,3444.4520705886116,3041.457130428496,759.9394619496663,198.97320985000115,110.05783213706243,614.5467839377267,50.88443983759199
2026-02-02 05:00:00+00:00,2384.96,3948.8,5504.46,793.72,80.670006,93.73,482.86,41.78,1089.5510638185906,3357.5534297763998,3300.5174747734845,762.7650450229577,157.83996389259667,109.56204276427295,614.3915768351809,51.115829037363426,1055.4749002676917,3444.4520705886116,3041.457130428496,759.9394619496663,198.97320985000115,110.05783213706243,614.5467839377267,50.88443983759199,1055.4749002676917,3444.4520705886116,3041.457130428496,759.9394619496663,198.97320985000115,110.05783213706243,614.5467839377267,50.88443983759199
2026-02-02 06:00:00+00:00,2493.64,4401.93,6600.21,796.28,442.52002,93.57,499.21,41.78,1144.073542705464,3466.8843988244225,3532.355904295732,769.2182087770824,164.54065103515572,109.56204276427295,614.3915768351809,51.115829037363426,1055.4749002676917,3444.4520705886116,3041.457130428496,759.9394619496663,198.97320985000115,110.05783213706243,614.5467839377267,50.88443983759199,1055.4749002676917,3444.4520705886116,3041.457130428496,759.9394619496663,198.97320985000115,110.05783213706243,614.5467839377267,50.88443983759199
2026-02-02 07:00:00+00:00,2491.32,4562.35,6737.33,797.81,836.83,93.73,518.9,41.78,1169.8211768568408,3496.1173606005773,3632.8701905955213,771.9533141083867,171.24133817771477,109.56204276427295,614.3915768351809,51.115829037363426,1055.4749002676917,3444.4520705886116,3041.457130428496,759.9394619496663,198.97320985000115,110.05783213706243,614.5467839377267,50.88443983759199,1055.4749002676917,3444.4520705886116,3041.457130428496,759.9394619496663,198.97320985000115,110.05783213706243,614.5467839377267,50.88443983759199
2026-02-02 08:00:00+00:00,2520.26,4602.09,6618.6,798.09,1151.6702,93.73,620.17,41.78,1157.3753387849717,3447.0543640523138,3583.486579675051,772.1487098380915,177.94202532027384,109.56204276427295,614.3915768351809,51.115829037363426,1055.4749002676917,3444.4520705886116,3041.457130428496,759.9394619496663,198.97320985000115,110.05783213706243,614.5467839377267,50.88443983759199,1055.4749002676917,3444.4520705886116,3041.457130428496,759.9394619496663,198.97320985000115,110.05783213706243,614.5467839377267,50.88443983759199
2026-02-02 09:00:00+00:00,2443.56,4609.37,6534.63,797.51,381.82,93.73,620.07,41.78,1135.6691796962268,3410.683128990013,3517.299108616411,773.6403015943118,184.6427124628329,109.56204276427295,614.3915768351809,51.115829037363426,1055.4749002676917,3444.4520705886116,3041.457130428496,759.9394619496663,198.97320985000115,110.05783213706243,614.5467839377267,50.88443983759199,1055.4749002676917,3444.4520705886116,3041.457130428496,759.9394619496663,198.97320985000115,110.05783213706243,614.5467839377267,50.88443983759199
2026-02-02 10:00:00+00:00,2197.06,4593.72,6179.12,797.51,294.92,94.27,584.64,41.78,1098.0541887223712,3363.6685155717937,3380.886872784444,773.2961841111501,191.34339960539197,109.56204276427295,614.3915768351809,51.115829037363426,1055.4749002676917,3444.4520705886116,3041.457130428496,759.9394619496663,198.97320985000115,110.05783213706243,614.5467839377267,50.88443983759199,1055.4749002676917,3444.4520705886116,3041.457130428496,759.9394619496663,198.97320985000115,110.05783213706243,614.5467839377267,50.88443983759199
2026-02-02 11:00:00+00:00,2188.93,4593.05,6098.74,797.51,130.99,85.95,625.32,41.78,1096.934174714506,3334.090923998527,3358.3180123181146,772.5045456012663,198.044086747951,109.56204276427295,614.3915768351809,51.115829037363426,1055.4749002676917,3444.4520705886116,3041.457130428496,759.9394619496663,198.97320985000115,110.05783213706243,614.5467839377267,50.88443983759199,1055.4749002676917,3444.4520705886116,3041.457130428496,759.9394619496663,198.97320985000115,110.05783213706243,614.5467839377267,50.88443983759199
2026-02-02 12:00:00+00:00,2155.55,4549.15,5786.6,797.51,4.283595e-06,85.85,655.3,37.74,1114.1371572498558,3343.0129550232095,3407.036491205319,772.8669652482926,204.7447738905101,109.56204276427295,614.3915768351809,51.115829037363426,1055.4749002676917,3444.4520705886116,3041.457130428496,759.9394619496663,198.97320985000115,110.05783213706243,614.5467839377267,50.88443983759199,1055.4749002676917,3444.4520705886116,3041.457130428496,759.9394619496663,198.97320985000115,110.05783213706243,614.5467839377267,50.88443983759199
2026-02-02 13:00:00+00:00,2175.9,4517.19,5761.56,797.51,120.56,86.08,688.66,35.16,1124.5882707556739,3345.88091026675,3451.5145668948126,774.9724834112773,211.44546103306914,109.56204276427295,614.3915768351809,51.115829037363426,1055.4749002676917,3444.4520705886116,3041.457130428496,759.9394619496663,198.97320985000115,110.05783213706243,614.5467839377267,50.88443983759199,1055.4749002676917,3444.4520705886116,3041.457130428496,759.9394619496663,198.97320985000115,110.05783213706243,614.5467839377267,50.88443983759199
2026-02-02 14:00:00+00:00,2037.69,4487.68,6039.48,797.51,44.580006,94.69,676.81,35.16,1133.2099033020659,3387.699624826789,3507.176397092157,778.7477131111114,218.14614817562818,109.56204276427295,614.3915768351809,51.115829037363426,1055.4749002676917,3444.4520705886116,3041.457130428496,759.9394619496663,198.97320985000115,110.05783213706243,614.5467839377267,50.88443983759199,1055.4749002676917,3444.4520705886116,3041.457130428496,759.9394619496663,198.97320985000115,110.05783213706243,614.5467839377267,50.88443983759199
2026-02-02 15:00:00+00:00,2372.02,4506.72,6110.54,797.9,18.689991,94.96,680.45,35.16,1152.2512692049615,3448.162953693508,3595.714902687809,782.427429086465,224.84683531818726,109.56204276427295,614.3915768351809,51.115829037363426,1055.4749002676917,3444.4520705886116,3041.457130428496,759.9394619496663,198.97320985000115,110.05783213706243,614.5467839377267,50.88443983759199,1055.4749002676917,3444.4520705886116,3041.457130428496,759.9394619496663,198.97320985000115,110.05783213706243,614.5467839377267,50.88443983759199
2026-02-02 16:00:00+00:00,2465.03,4532.33,6327.63,799.08,46.73,98.55,658.45,35.16,1149.677299466662,3487.6852450363936,3604.2184181307666,785.136496313173,231.5475224607463,109.56204276427295,614.3915768351809,51.115829037363426,1055.4749002676917,3444.4520705886116,3041.457130428496,759.9394619496663,198.97320985000115,110.05783213706243,614.5467839377267,50.88443983759199,1055.4749002676917,3444.4520705886116,3041.457130428496,759.9394619496663,198.97320985000115,110.05783213706243,614.5467839377267,50.88443983759199
2026-02-02 17:00:00+00:00,2476.51,4459.74,6468.38,799.72,74.74999,98.3,654.65,35.16,1153.0926653964636,3492.026329992375,3621.265303159289,786.7852667931103,238.24820960330538,109.56204276427295,614.3915768351809,51.115829037363426,1055.4749002676917,3444.4520705886116,3041.457130428496,759.9394619496663,198.97320985000115,110.05783213706243,614.5467839377267,50.88443983759199,1055.4749002676917,3444.4520705886116,3041.457130428496,759.9394619496663,198.97320985000115,110.05783213706243,614.5467839377267,50.88443983759199
2026-02-02 18:00:00+00:00,2472.2,3622.61,6167.42,799.72,74.74999,98.5,672.94,35.16,1148.1485377688455,3456.77473632629,3589.6895455382855,786.329603052008,244.94889674586443,109.56204276427295,614.3915768351809,51.115829037363426,1055.4749002676917,3444.4520705886116,3041.457130428496,759.9394619496663,198.97320985000115,110.05783213706243,614.5467839377267,50.88443983759199,1055.4749002676917,3444.4520705886116,3041.457130428496,759.9394619496663,198.97320985000115,110.05783213706243,614.5467839377267,50.88443983759199
2026-02-02 19:00:00+00:00,2242.14,3197.81,5698.24,799.72,33.039997,96.16,627.7,35.16,1130.374211438101,3400.7592288498754,3504.1447912909603,784.6615087820413,251.64958388842348,109.56204276427295,614.3915768351809,51.115829037363426,1055.4749002676917,3444.4520705886116,3041.457130428496,759.9394619496663,198.97320985000115,110.05783213706243,614.5467839377267,50.88443983759199,1055.4749002676917,3444.4520705886116,3041.457130428496,759.9394619496663,198.97320985000115,110.05783213706243,614.5467839377267,50.88443983759199
2026-02-02 20:00:00+00:00,1827.91,2969.86,4935.24,799.72,61.080006,96.16,687.02,35.16,1104.1298693561594,3325.5527519186403,3391.5825262785193,783.0435408722983,258.3502710309825,109.56204276427295,614.3915768351809,51.115829037363426,1055.4749002676917,3444.4520705886116,3041.457130428496,759.9394619496663,198.97320985000115,110.05783213706243,614.5467839377267,50.88443983759199,1055.4749002676917,3444.4520705886116,3041.457130428496,759.9394619496663,198.97320985000115,110.05783213706243,614.5467839377267,50.88443983759199
2026-02-02 21:00:00+00:00,1505.4,3050.88,4611.98,798.41,10.770008,95.54,706.59,35.16,1077.218872246722,3312.284978328942,3275.854852094978,781.2991743205266,265.05095817354163,109.56204276427295,614.3915768351809,51.115829037363426,1055.4749002676917,3444.4520705886116,3041.457130428496,759.9394619496663,198.97320985000115,110.05783213706243,614.5467839377267,50.88443983759199,1055.4749002676917,3444.4520705886116,3041.457130428496,759.9394619496663,198.97320985000115,110.05783213706243,614.5467839377267,50.88443983759199
2026-02-02 22:00:00+00:00,1474.33,2977.85,3632.22,797.63,1.8400006,95.16,608.57,35.16,1032.5142021340118,3238.947115870623,3105.957021158863,779.9274186646803,271.7516453161007,109.56204276427295,614.3915768351809,51.115829037363426,1055.4749002676917,3444.4520705886116,3041.457130428496,759.9394619496663,198.97320985000115,110.05783213706243,614.5467839377267,50.88443983759199,1055.4749002676917,3444.4520705886116,3041.457130428496,759.9394619496663,198.97320985000115,110.05783213706243,614.5467839377267,50.88443983759199
2026-02-02 23:00:00+00:00,1219.5,2754.9,2839.38,793.36,4.283595e-06,86.14,645.56,39.03,1000.59982891317,3193.284338175759,2983.953095555162,779.1798100508407,278.4523324586597,109.56204276427295,614.3915768351809,51.115829037363426,1055.4749002676917,3444.4520705886116,3041.457130428496,759.9394619496663,198.97320985000115,110.05783213706243,614.5467839377267,50.88443983759199,1055.4749002676917,3444.4520705886116,3041.457130428496,759.9394619496663,198.97320985000115,110.05783213706243,614.5467839377267,50.88443983759199
2026-02-03 00:00:00+00:00,1207.89,2593.66,2667.95,792.96,4.283595e-06,85.72,643.1,35.16,982.6874963015346,3157.380587724734,2842.7783184181635,746.5340346923163,124.33652817980136,109.56204276427295,614.3915768351809,51.115829037363426,1055.4749002676917,3444.4520705886116,3041.457130428496,759.9394619496663,198.97320985000115,110.05783213706243,614.5467839377267,50.88443983759199,1055.4749002676917,3444.4520705886116,3041.457130428496,759.9394619496663,198.97320985000115,110.05783213706243,614.5467839377267,50.88443983759199
2026-02-03 01:00:00+00:00,1189.88,2578.54,2488.69,792.67,4.283595e-06,85.93,650.0,36.91,968.9773207846089,3133.2452542281544,2794.4175408694064,747.2204632920576,131.03721532236042,109.56204276427295,614.3915768351809,51.115829037363426,1055.4749002676917,3444.4520705886116,3041.457130428496,759.9394619496663,198.97320985000115,110.05783213706243,614.5467839377267,50.88443983759199,1055.4749002676917,3444.4520705886116,3041.457130428496,759.9394619496663,198.97320985000115,110.05783213706243,614.5467839377267,50.88443983759199
2026-02-03 02:00:00+00:00,1120.52,2590.4,2477.03,792.67,4.283595e-06,84.44,647.82,37.5,981.9213160862731,3120.0238131703877,2842.0551430918904,748.8477646472909,137.7379024649195,109.56204276427295,614.3915768351809,51.115829037363426,1055.4749002676917,3444.4520705886116,3041.457130428496,759.9394619496663,198.97320985000115,110.05783213706243,614.5467839377267,50.88443983759199,1055.4749002676917,3444.4520705886116,3041.457130428496,759.9394619496663,198.97320985000115,110.05783213706243,614.5467839377267,50.88443983759199
2026-02-03 03:00:00+00:00,1249.18,2616.26,2749.71,792.67,4.283595e-06,84.12,630.96,37.5,992.0141497712608,3117.906617744236,2886.2687870077502,751.0455461069445,144.43858960747855,109.56204276427295,614.3915768351809,51.115829037363426,1055.4749002676917,3444.4520705886116,3041.457130428496,759.9394619496663,198.97320985000115,110.05783213706243,614.5467839377267,50.88443983759199,1055.4749002676917,3444.4520705886116,3041.457130428496,759.9394619496663,198.97320985000115,110.05783213706243,614.5467839377267,50.88443983759199
2026-02-03 04:00:00+00:00,1207.09,2584.39,2832.07,792.67,4.283595e-06,92.94,625.87,37.5,1014.9469071379743,3155.0967781271174,2988.8338922350163,754.8770223307596,151.1392767500376,109.56204276427295,614.3915768351809,51.115829037363426,1055.4749002676917,3444.4520705886116,3041.457130428496,759.9394619496663,198.97320985000115,110.05783213706243,614.5467839377267,50.88443983759199,1055.4749002676917,3444.4520705886116,3041.457130428496,759.9394619496663,198.97320985000115,110.05783213706243,614.5467839377267,50.88443983759199
2026-02-03 05:00:00+00:00,1093.92,2729.62,3539.6,794.09,4.283595e-06,93.22,647.89,37.5,1064.6060230258747,3227.4991264484765,3211.3292268289956,761.9787846099795,157.83996389259667,109.56204276427295,614.3915768351809,51.115829037363426,1055.4749002676917,3444.4520705886116,3041.457130428496,759.9394619496663,198.97320985000115,110.05783213706243,614.5467839377267,50.88443983759199,1055.4749002676917,3444.4520705886116,3041.457130428496,759.9394619496663,198.97320985000115,110.05783213706243,614.5467839377267,50.88443983759199
2026-02-03 06:00:00+00:00,1754.54,2957.25,4431.34,796.46,4.283595e-06,93.79,654.38,37.5,1113.691945637469,3296.5889861608835,3424.1967389317538,768.3133309847552,164.54065103515572,109.56204276427295,614.3915768351809,51.115829037363426,1055.4749002676917,3444.4520705886116,3041.457130428496,759.9394619496663,198.97320985000115,110.05783213706243,614.5467839377267,50.88443983759199,1055.4749002676917,3444.4520705886116,3041.457130428496,759.9394619496663,198.97320985000115,110.05783213706243,614.5467839377267,50.88443983759199
2026-02-03 07:00:00+00:00,1989.84,2973.02,4532.27,797.62,4.283595e-06,93.79,611.44,37.5,1146.5246334725355,3331.5626346433114,3555.3155901656487,771.7983064051066,171.24133817771477,109.56204276427295,614.3915768351809,51.115829037363426,1055.4749002676917,3444.4520705886116,3041.457130428496,759.9394619496663,198.97320985000115,110.05783213706243,614.5467839377267,50.88443983759199,1055.4749002676917,3444.4520705886116,3041.457130428496,759.9394619496663,198.97320985000115,110.05783213706243,614.5467839377267,50.88443983759199
2026-02-03 08:00:00+00:00,1963.19,2974.82,4528.94,797.34,287.01,93.79,566.57,37.5,1156.8605630505951,3282.8764144216784,3585.1876411472276,772.5245836277278,177.94202532027384,109.56204276427295,614.3915768351809,51.115829037363426,1055.4749002676917,3444.4520705886116,3041.457130428496,759.9394619496663,198.97320985000115,110.05783213706243,614.5467839377267,50.88443983759199,1055.4749002676917,3444.4520705886116,3041.457130428496,759.9394619496663,198.97320985000115,110.05783213706243,614.5467839377267,50.88443983759199
2026-02-03 09:00:00+00:00,1498.69,2919.01,4750.47,796.76,4.283595e-06,93.91,545.08,37.5,1141.8554630985532,3222.756007356108,3545.3358232981905,774.479971165051,184.6427124628329,109.56204276427295,614.3915768351809,51.115829037363426,1055.4749002676917,3444.4520705886116,3041.457130428496,759.9394619496663,198.97320985000115,110.05783213706243,614.5467839377267,50.88443983759199,1055.4749002676917,3444.4520705886116,3041.457130428496,759.9394619496663,198.97320985000115,110.05783213706243,614.5467839377267,50.88443983759199
2026-02-03 10:00:00+00:00,1492.6,3055.23,4499.04,796.76,4.283595e-06,94.24,526.72,37.5,1134.548395750362,3225.4200599300443,3515.9132103709258,774.9742647260435,191.34339960539197,109.56204276427295,614.3915768351809,51.115829037363426,1055.4749002676917,3444.4520705886116,3041.457130428496,759.9394619496663,198.97320985000115,110.05783213706243,614.5467839377267,50.88443983759199,1055.4749002676917,3444.4520705886116,3041.457130428496,759.9394619496663,198.97320985000115,110.05783213706243,614.5467839377267,50.88443983759199
2026-02-03 11:00:00+00:00,1786.45,3254.54,4555.57,796.76,4.283595e-06,86.08,546.13,37.5,1143.572844218745,3239.1884564976313,3518.6294756858333,773.4157500828807,198.044086747951,109.56204276427295,614.3915768351809,51.115829037363426,1055.4749002676917,3444.4520705886116,3041.457130428496,759.9394619496663,198.97320985000115,110.05783213706243,614.5467839377267,50.88443983759199,1055.4749002676917,3444.4520705886116,3041.457130428496,759.9394619496663,198.97320985000115,110.05783213706243,614.5467839377267,50.88443983759199
2026-02-03 12:00:00+00:00,1907.62,3164.75,4312.7,797.13,4.283595e-06,86.17,504.58,37.5,1146.8931107753228,3257.388971075989,3515.341045504827,773.0853843738893,204.7447738905101,109.56204276427295,614.3915768351809,51.115829037363426,1055.4749002676917,3444.4520705886116,3041.457130428496,759.9394619496663,198.97320985000115,110.05783213706243,614.5467839377267,50.88443983759199,1055.4749002676917,3444.4520705886116,3041.457130428496,759.9394619496663,198.97320985000115,110.05783213706243,614.5467839377267,50.88443983759199
2026-02-03 13:00:00+00:00,2106.01,2992.66,4699.75,797.13,58.629993,87.24,501.95,37.5,1144.061211807179,3270.91713204089,3509.6632249003683,774.4919489755407,211.44546103306914,109.56204276427295,614.3915768351809,51.115829037363426,1055.4749002676917,3444.4520705886116,3041.457130428496,759.9394619496663,198.97320985000115,110.05783213706243,614.5467839377267,50.88443983759199,1055.4749002676917,3444.4520705886116,3041.457130428496,759.9394619496663,198.97320985000115,110.05783213706243,614.5467839377267,50.88443983759199
2026-02-03 14:00:00+00:00,2317.04,3168.1,4919.04,797.13,4.283595e-06,96.16,506.66,37.5,1148.1869177232393,3329.147312849253,3557.0734962214738,778.8845652703532,218.14614817562818,109.56204276427295,614.3915768351809,51.115829037363426,1055.4749002676917,3444.4520705886116,3041.457130428496,759.9394619496663,198.97320985000115,110.05783213706243,614.5467839377267,50.88443983759199,1055.4749002676917,3444.4520705886116,3041.457130428496,759.9394619496663,198.97320985000115,110.05783213706243,614.5467839377267,50.88443983759199
2026-02-03 15:00:00+00:00,2276.2,3255.82,4711.83,797.53,15.750004,96.16,512.95,37.5,1175.29634362045,3385.228986712131,3665.514702759346,781.9528705760188,224.84683531818726,109.56204276427295,614.3915768351809,51.115829037363426,1055.4749002676917,3444.4520705886116,3041.457130428496,759.9394619496663,198.97320985000115,110.05783213706243,614.5467839377267,50.88443983759199,1055.4749002676917,3444.4520705886116,3041.457130428496,759.9394619496663,198.97320985000115,110.05783213706243,614.5467839377267,50.88443983759199
2026-02-03 16:00:00+00:00,2440.79,3305.33,5016.06,798.7,218.85,98.59,507.23,37.5,1208.7894818654613,3424.902860519114,3805.550455428589,786.1030801700409,231.5475224607463,109.56204276427295,614.3915768351809,51.115829037363426,1055.4749002676917,3444.4520705886116,3041.457130428496,759.9394619496663,198.97320985000115,110.05783213706243,614.5467839377267,50.88443983759199,1055.4749002676917,3444.4520705886116,3041.457130428496,759.9394619496663,198.97320985000115,110.05783213706243,614.5467839377267,50.88443983759199
2026-02-03 17:00:00+00:00,2482.14,3336.02,5106.64,799.35,731.69,98.3,495.47,37.5,1215.09696349686,3441.8344118999057,3838.529124224516,788.3956615457971,238.24820960330538,109.56204276427295,614.3915768351809,51.115829037363426,1055.4749002676917,3444.4520705886116,3041.457130428496,759.9394619496663,198.97320985000115,110.05783213706243,614.5467839377267,50.88443983759199,1055.4749002676917,3444.4520705886116,3041.457130428496,759.9394619496663,198.97320985000115,110.05783213706243,614.5467839377267,50.88443983759199
2026-02-03 18:00:00+00:00,2084.71,3410.69,5190.18,799.35,103.0,98.4,503.74,37.5,1208.2152026814433,3426.374774551127,3805.0358611819547,788.3659531292703,244.94889674586443,109.56204276427295,614.3915768351809,51.115829037363426,1055.4749002676917,3444.4520705886116,3041.457130428496,759.9394619496663,198.97320985000115,110.05783213706243,614.5467839377267,50.88443983759199,1055.4749002676917,3444.4520705886116,3041.457130428496,759.9394619496663,198.97320985000115,110.05783213706243,614.5467839377267,50.88443983759199
2026-02-03 19:00:00+00:00,1721.44,3309.6,4822.06,799.35,129.62,95.42,509.44,37.5,1184.0439667843748,3386.7563744229838,3705.7482855951575,787.3836075509885,251.64958388842348,109.56204276427295,614.3915768351809,51.115829037363426,1055.4749002676917,3444.4520705886116,3041.457130428496,759.9394619496663,198.97320985000115,110.05783213706243,614.5467839377267,50.88443983759199,1055.4749002676917,3444.4520705886116,3041.457130428496,759.9394619496663,198.97320985000115,110.05783213706243,614.5467839377267,50.88443983759199
2026-02-03 20:00:00+00:00,1721.31,3215.12,4326.96,799.35,77.36,94.56,510.91,37.5,1159.7989852632882,3353.1385858903113,3609.9729506585854,786.7681358998176,258.3502710309825,109.56204276427295,614.3915768351809,51.115829037363426,1055.4749002676917,3444.4520705886116,3041.457130428496,759.9394619496663,198.97320985000115,110.05783213706243,614.5467839377267,50.88443983759199,1055.4749002676917,3444.4520705886116,3041.457130428496,759.9394619496663,198.97320985000115,110.05783213706243,614.5467839377267,50.88443983759199
2026-02-03 21:00:00+00:00,1623.24,3221.67,4419.66,798.04,4.283595e-06,94.49,505.22,37.5,1145.9677279732248,3372.165928340458,3551.6481363308912,786.4941501596376,265.05095817354163,109.56204276427295,614.3915768351809,51.115829037363426,1055.4749002676917,3444.4520705886116,3041.457130428496,759.9394619496663,198.97320985000115,110.05783213706243,614.5467839377267,50.88443983759199,1055.4749002676917,3444.4520705886116,3041.457130428496,759.9394619496663,198.97320985000115,110.05783213706243,614.5467839377267,50.88443983759199
2026-02-03 22:00:00+00:00,1585.43,3171.75,3925.88,797.25,4.283595e-06,94.08,509.65,37.5,1119.0350553045582,3318.752517703194,3441.588714397841,785.3379243007256,271.7516453161007,109.56204276427295,614.3915768351809,51.115829037363426,1055.4749002676917,3444.4520705886116,3041.457130428496,759.9394619496663,198.97320985000115,110.05783213706243,614.5467839377267,50.88443983759199,1055.4749002676917,3444.4520705886116,3041.457130428496,759.9394619496663,198.97320985000115,110.05783213706243,614.5467839377267,50.88443983759199
2026-02-03 23:00:00+00:00,1576.06,3216.81,3676.44,792.98,4.283595e-06,88.1,586.82,35.54,1096.0852298015018,3313.3269742301363,3345.7830910703783,784.2940232189626,278.4523324586597,109.56204276427295,614.3915768351809,51.115829037363426,1055.4749002676917,3444.4520705886116,3041.457130428496,759.9394619496663,198.97320985000115,110.05783213706243,614.5467839377267,50.88443983759199,1055.4749002676917,3444.4520705886116,3041.457130428496,759.9394619496663,198.97320985000115,110.05783213706243,614.5467839377267,50.88443983759199
2026-02-04 00:00:00+00:00,1570.68,3326.71,3988.63,793.1,4.283595e-06,83.75,600.28,38.54,1087.7047085711176,3312.8975653914217,3237.0434745019634,751.787868946236,124.33652817980136,109.56204276427295,614.3915768351809,51.115829037363426,1055.4749002676917,3444.4520705886116,3041.457130428496,759.9394619496663,198.97320985000115,110.05783213706243,614.5467839377267,50.88443983759199,1055.4749002676917,3444.4520705886116,3041.457130428496,759.9394619496663,198.97320985000115,110.05783213706243,614.5467839377267,50.88443983759199
2026-02-04 01:00:00+00:00,1405.15,3544.64,3520.03,792.81,4.283595e-06,83.12,621.62,39.55,1096.5896599133505,3317.922308570535,3268.161078184259,753.0802064497583,131.03721532236042,109.56204276427295,614.3915768351809,51.115829037363426,1055.4749002676917,3444.4520705886116,3041.457130428496,759.9394619496663,198.97320985000115,110.05783213706243,614.5467839377267,50.88443983759199,1055.4749002676917,3444.4520705886116,3041.457130428496,759.9394619496663,198.97320985000115,110.05783213706243,614.5467839377267,50.88443983759199
2026-02-04 02:00:00+00:00,1564.27,3748.04,3526.24,792.81,4.283595e-06,82.41,512.09,39.55,1088.2080959656832,3327.014664907913,3242.859564781345,754.3248269715789,137.7379024649195,109.56204276427295,614.3915768351809,51.115829037363426,1055.4749002676917,3444.4520705886116,3041.457130428496,759.9394619496663,198.97320985000115,110.05783213706243,614.5467839377267,50.88443983759199,1055.4749002676917,3444.4520705886116,3041.457130428496,759.9394619496663,198.97320985000115,110.05783213706243,614.5467839377267,50.88443983759199
2026-02-04 03:00:00+00:00,1562.86,3706.69,4003.23,792.81,18.689991,82.5,478.2,39.55,1100.023353137318,3363.3988929773345,3293.5278810944574,756.5947132248192,144.43858960747855,109.56204276427295,614.3915768351809,51.115829037363426,1055.4749002676917,3444.4520705886116,3041.457130428496,759.9394619496663,198.97320985000115,110.05783213706243,614.5467839377267,50.88443983759199,1055.4749002676917,3444.4520705886116,3041.457130428496,759.9394619496663,198.97320985000115,110.05783213706243,614.5467839377267,50.88443983759199
2026-02-04 04:00:00+00:00,1629.33,4124.41,4703.98,792.81,4.283595e-06,91.16,482.28,39.55,1125.5079632347445,3426.0955226534033,3401.4526457245547,760.1313891399302,151.1392767500376,109.56204276427295,614.3915768351809,51.115829037363426,1055.4749002676917,3444.4520705886116,3041.457130428496,759.9394619496663,198.97320985000115,110.05783213706243,614.5467839377267,50.88443983759199,1055.4749002676917,3444.4520705886116,3041.457130428496,759.9394619496663,198.97320985000115,110.05783213706243,614.5467839377267,50.88443983759199
2026-02-04 05:00:00+00:00,1979.74,4964.07,5838.48,794.23,4.283595e-06,90.66,469.48,39.55,1195.40560471566,3550.3797662765833,3684.6829012762473,766.7316115299317,157.83996389259667,109.56204276427295,614.3915768351809,51.115829037363426,1055.4749002676917,3444.4520705886116,3041.457130428496,759.9394619496663,198.97320985000115,110.05783213706243,614.5467839377267,50.88443983759199,1055.4749002676917,3444.4520705886116,3041.457130428496,759.9394619496663,198.97320985000115,110.05783213706243,614.5467839377267,50.88443983759199
2026-02-04 06:00:00+00:00,2194.38,5073.66,6386.29,796.79,773.51,90.67,470.94,37.35,1229.7015958096868,3634.964725770623,3825.193493811941,770.656677161101,164.54065103515572,109.56204276427295,614.3915768351809,51.115829037363426,1055.4749002676917,3444.4520705886116,3041.457130428496,759.9394619496663,198.97320985000115,110.05783213706243,614.5467839377267,50.88443983759199,1055.4749002676917,3444.4520705886116,3041.457130428496,759.9394619496663,198.97320985000115,110.05783213706243,614.5467839377267,50.88443983759199
2026-02-04 07:00:00+00:00,2545.72,4996.63,6471.94,798.23,1055.6201,90.45,465.93,35.16,1237.9131461442169,3674.9301748970015,3862.697402841909,772.7795642406002,171.24133817771477,109.56204276427295,614.3915768351809,51.115829037363426,1055.4749002676917,3444.4520705886116,3041.457130428496,759.9394619496663,198.97320985000115,110.05783213706243,614.5467839377267,50.88443983759199,1055.4749002676917,3444.4520705886116,3041.457130428496,759.9394619496663,198.97320985000115,110.05783213706243,614.5467839377267,50.88443983759199
2026-02-04 08:00:00+00:00,2542.83,5070.3,6250.95,798.23,301.51,90.45,490.5,35.16,1204.873066612192,3631.18371991941,3731.891416822076,771.5271906633071,177.94202532027384,109.56204276427295,614.3915768351809,51.115829037363426,1055.4749002676917,3444.4520705886116,3041.457130428496,759.9394619496663,198.97320985000115,110.05783213706243,614.5467839377267,50.88443983759199,1055.4749002676917,3444.4520705886116,3041.457130428496,759.9394619496663,198.97320985000115,110.05783213706243,614.5467839377267,50.88443983759199
2026-02-04 09:00:00+00:00,2404.66,4916.97,6221.36,797.64,58.500004,91.04,489.92,35.16,1157.941488996088,3580.307614741731,3546.014977664557,769.2870081409282,184.6427124628329,109.56204276427295,614.3915768351809,51.115829037363426,1055.4749002676917,3444.4520705886116,3041.457130428496,759.9394619496663,198.97320985000115,110.05783213706243,614.5467839377267,50.88443983759199,1055.4749002676917,3444.4520705886116,3041.457130428496,759.9394619496663,198.97320985000115,110.05783213706243,614.5467839377267,50.88443983759199
2026-02-04 10:00:00+00:00,2291.39,4690.64,6259.3,797.36,151.97,91.5,498.75,35.16,1122.54950151139,3553.221262892689,3425.2048513916407,769.7618680304375,191.34339960539197,109.56204276427295,614.3915768351809,51.115829037363426,1055.4749002676917,3444.4520705886116,3041.457130428496,759.9394619496663,198.97320985000115,110.05783213706243,614.5467839377267,50.88443983759199,1055.4749002676917,3444.4520705886116,3041.457130428496,759.9394619496663,198.97320985000115,110.05783213706243,614.5467839377267,50.88443983759199
2026-02-04 11:00:00+00:00,2254.97,4868.39,6014.53,797.27,4.283595e-06,83.35,485.49,35.16,1114.2569315692158,3538.5579503964586,3393.103664710506,770.3147132168689,198.044086747951,109.56204276427295,614.3915768351809,51.115829037363426,1055.4749002676917,3444.4520705886116,3041.457130428496,759.9394619496663,198.97320985000115,110.05783213706243,614.5467839377267,50.88443983759199,1055.4749002676917,3444.4520705886116,3041.457130428496,759.9394619496663,198.97320985000115,110.05783213706243,614.5467839377267,50.88443983759199
2026-02-04 12:00:00+00:00,2106.71,4866.47,5721.52,797.27,4.283595e-06,83.41,514.65,35.16,1120.8868608287637,3541.29474579877,3421.409216311641,772.0462922814108,204.7447738905101,109.56204276427295,614.3915768351809,51.115829037363426,1055.4749002676917,3444.4520705886116,3041.457130428496,759.9394619496663,198.97320985000115,110.05783213706243,614.5467839377267,50.88443983759199,1055.4749002676917,3444.4520705886116,3041.457130428496,759.9394619496663,198.97320985000115,110.05783213706243,614.5467839377267,50.88443983759199
2026-02-04 13:00:00+00:00,2331.7,4838.01,5941.21,797.27,101.88,85.31,558.72,35.16,1130.9760914445192,3560.717034805538,3476.705506535802,775.3284083945327,211.44546103306914,109.56204276427295,614.3915768351809,51.115829037363426,1055.4749002676917,3444.4520705886116,3041.457130428496,759.9394619496663,198.97320985000115,110.05783213706243,614.5467839377267,50.88443983759199,1055.4749002676917,3444.4520705886116,3041.457130428496,759.9394619496663,198.97320985000115,110.05783213706243,614.5467839377267,50.88443983759199
2026-02-04 14:00:00+00:00,2376.59,4885.57,5920.72,796.14,137.97,94.27,557.88,35.16,1167.2565616415036,3581.353817521102,3612.023492315596,778.128072010387,218.14614817562818,109.56204276427295,614.3915768351809,51.115829037363426,1055.4749002676917,3444.4520705886116,3041.457130428496,759.9394619496663,198.97320985000115,110.05783213706243,614.5467839377267,50.88443983759199,1055.4749002676917,3444.4520705886116,3041.457130428496,759.9394619496663,198.97320985000115,110.05783213706243,614.5467839377267,50.88443983759199
2026-02-04 15:00:00+00:00,2485.06,4938.62,6066.7,796.53,0.69000673,94.41,556.23,35.16,1174.6609282257712,3591.7944702895484,3654.1778353813456,780.972874099712,224.84683531818726,109.56204276427295,614.3915768351809,51.115829037363426,1055.4749002676917,3444.4520705886116,3041.457130428496,759.9394619496663,198.97320985000115,110.05783213706243,614.5467839377267,50.88443983759199,1055.4749002676917,3444.4520705886116,3041.457130428496,759.9394619496663,198.97320985000115,110.05783213706243,614.5467839377267,50.88443983759199
2026-02-04 16:00:00+00:00,2497.74,4961.38,6093.92,797.71,4.283595e-06,96.98,515.48,35.16,1186.900818234431,3606.708428082542,3715.4090988816492,784.1547354465179,231.5475224607463,109.56204276427295,614.3915768351809,51.115829037363426,1055.4749002676917,3444.4520705886116,3041.457130428496,759.9394619496663,198.97320985000115,110.05783213706243,614.5467839377267,50.88443983759199,1055.4749002676917,3444.4520705886116,3041.457130428496,759.9394619496663,198.97320985000115,110.05783213706243,614.5467839377267,50.88443983759199
2026-02-04 17:00:00+00:00,2511.75,5045.86,6179.26,798.35,4.283595e-06,96.39,528.05,35.16,1198.5979500745434,3613.993027817115,3763.9623881278176,786.2624577788556,238.24820960330538,109.56204276427295,614.3915768351809,51.115829037363426,1055.4749002676917,3444.4520705886116,3041.457130428496,759.9394619496663,198.97320985000115,110.05783213706243,614.5467839377267,50.88443983759199,1055.4749002676917,3444.4520705886116,3041.457130428496,759.9394619496663,198.97320985000115,110.05783213706243,614.5467839377267,50.88443983759199
2026-02-04 18:00:00+00:00,2350.74,4933.72,5986.33,798.35,4.283595e-06,96.77,524.01,35.16,1192.3170296255137,3573.4374117352577,3742.2897333987185,787.212035838465,244.94889674586443,109.56204276427295,614.3915768351809,51.115829037363426,1055.4749002676917,3444.4520705886116,3041.457130428496,759.9394619496663,198.97320985000115,110.05783213706243,614.5467839377267,50.88443983759199,1055.4749002676917,3444.4520705886116,3041.457130428496,759.9394619496663,198.97320985000115,110.05783213706243,614.5467839377267,50.88443983759199
2026-02-04 19:00:00+00:00,2211.38,4690.55,5717.67,798.35,4.283595e-06,94.29,505.56,35.16,1161.2683225475987,3525.8392050572756,3632.6802998013736,787.4092495318632,251.64958388842348,109.56204276427295,614.3915768351809,51.115829037363426,1055.4749002676917,3444.4520705886116,3041.457130428496,759.9394619496663,198.97320985000115,110.05783213706243,614.5467839377267,50.88443983759199,1055.4749002676917,3444.4520705886116,3041.457130428496,759.9394619496663,198.97320985000115,110.05783213706243,614.5467839377267,50.88443983759199
2026-02-04 20:00:00+00:00,1947.7,4860.41,5520.44,798.35,4.283595e-06,94.29,519.12,35.16,1120.8332592113682,3461.1922666027176,3478.0799960902864,786.1775552604219,258.3502710309825,109.56204276427295,614.3915768351809,51.115829037363426,1055.4749002676917,3444.4520705886116,3041.457130428496,759.9394619496663,198.97320985000115,110.05783213706243,614.5467839377267,50.88443983759199,1055.4749002676917,3444.4520705886116,3041.457130428496,759.9394619496663,198.97320985000115,110.05783213706243,614.5467839377267,50.88443983759199
2026-02-04 21:00:00+00:00,1751.95,4878.07,3971.71,797.05,4.283595e-06,94.31,553.84,35.16,1090.2623949044146,3442.902567655832,3353.503784354811,784.7367158615433,265.05095817354163,109.56204276427295,614.3915768351809,51.115829037363426,1055.4749002676917,3444.4520705886116,3041.457130428496,759.9394619496663,198.97320985000115,110.05783213706243,614.5467839377267,50.88443983759199,1055.4749002676917,3444.4520705886116,3041.457130428496,759.9394619496663,198.97320985000115,110.05783213706243,614.5467839377267,50.88443983759199
2026-02-04 22:00:00+00:00,1461.57,4450.94,3406.83,796.26,4.283595e-06,94.26,587.06,35.16,1067.8350535384411,3398.956470414327,3259.0017510399202,783.6683115018147,271.7516453161007,109.56204276427295,614.3915768351809,51.115829037363426,1055.4749002676917,3444.4520705886116,3041.457130428496,759.9394619496663,198.97320985000115,110.05783213706243,614.5467839377267,50.88443983759199,1055.4749002676917,3444.4520705886116,3041.457130428496,759.9394619496663,198.97320985000115,110.05783213706243,614.5467839377267,50.88443983759199
2026-02-04 23:00:00+00:00,1530.64,3883.6,3527.98,791.99,3.510014,85.86,567.78,35.16,1053.8605501858353,3364.155560119667,3197.20041076844,783.1182046675225,278.4523324586597,109.56204276427295,614.3915768351809,51.115829037363426,1055.4749002676917,3444.4520705886116,3041.457130428496,759.9394619496663,198.97320985000115,110.05783213706243,614.5467839377267,50.88443983759199,1055.4749002676917,3444.4520705886116,3041.457130428496,759.9394619496663,198.97320985000115,110.05783213706243,614.5467839377267,50.88443983759199
2026-02-05 00:00:00+00:00,1808.15,3787.22,3105.97,792.22,4.283595e-06,85.91,592.77,35.16,1062.3188271449728,3348.071181226439,3147.2869666900233,751.0367260049511,124.33652817980136,109.56204276427295,614.3915768351809,51.115829037363426,1055.4749002676917,3444.4520705886116,3041.457130428496,759.9394619496663,198.97320985000115,110.05783213706243,614.5467839377267,50.88443983759199,1055.4749002676917,3444.4520705886116,3041.457130428496,759.9394619496663,198.97320985000115,110.05783213706243,614.5467839377267,50.88443983759199
2026-02-05 01:00:00+00:00,1875.5898,3787.01,3205.61,791.94,4.283595e-06,85.72,597.94,35.16,1065.0645154391166,3342.2191265651263,3153.79969888614,751.8698150277651,131.03721532236042,109.56204276427295,614.3915768351809,51.115829037363426,1055.4749002676917,3444.4520705886116,3041.457130428496,759.9394619496663,198.97320985000115,110.05783213706243,614.5467839377267,50.88443983759199,1055.4749002676917,3444.4520705886116,3041.457130428496,759.9394619496663,198.97320985000115,110.05783213706243,614.5467839377267,50.88443983759199
2026-02-05 02:00:00+00:00,2037.53,3785.64,3135.58,791.94,4.283595e-06,85.39,583.1,35.16,1081.065826264403,3367.9548705101033,3212.3903092020078,753.5887982119822,137.7379024649195,109.56204276427295,614.3915768351809,51.115829037363426,1055.4749002676917,3444.4520705886116,3041.457130428496,759.9394619496663,198.97320985000115,110.05783213706243,614.5467839377267,50.88443983759199,1055.4749002676917,3444.4520705886116,3041.457130428496,759.9394619496663,198.97320985000115,110.05783213706243,614.5467839377267,50.88443983759199
2026-02-05 03:00:00+00:00,2279.56,4119.57,3452.06,791.94,4.283595e-06,85.42,564.34,35.16,1087.3491330456445,3398.51946457626,3245.895243760498,755.9371902347281,144.43858960747855,109.56204276427295,614.3915768351809,51.115829037363426,1055.4749002676917,3444.4520705886116,3041.457130428496,759.9394619496663,198.97320985000115,110.05783213706243,614.5467839377267,50.88443983759199,1055.4749002676917,3444.4520705886116,3041.457130428496,759.9394619496663,198.97320985000115,110.05783213706243,614.5467839377267,50.88443983759199
2026-02-05 04:00:00+00:00,2590.87,4466.29,4130.07,791.94,4.283595e-06,94.08,463.87,35.16,1118.6973443267639,3475.1332238609834,3381.3233529145355,760.3057320306783,151.1392767500376,109.56204276427295,614.3915768351809,51.115829037363426,1055.4749002676917,3444.4520705886116,3041.457130428496,759.9394619496663,198.97320985000115,110.05783213706243,614.5467839377267,50.88443983759199,1055.4749002676917,3444.4520705886116,3041.457130428496,759.9394619496663,198.97320985000115,110.05783213706243,614.5467839377267,50.88443983759199
2026-02-05 05:00:00+00:00,2789.7603,5023.84,5469.65,793.35,4.283595e-06,94.24,432.66,35.16,1191.3191828436907,3579.894346637671,3687.3632143644945,768.2938465814585,157.83996389259667,109.56204276427295,614.3915768351809,51.115829037363426,1055.4749002676917,3444.4520705886116,3041.457130428496,759.9394619496663,198.97320985000115,110.05783213706243,614.5467839377267,50.88443983759199,1055.4749002676917,3444.4520705886116,3041.457130428496,759.9394619496663,198.97320985000115,110.05783213706243,614.5467839377267,50.88443983759199
2026-02-05 06:00:00+00:00,2994.49,5117.6,6730.75,795.91,87.69,94.24,432.62,35.16,1241.6876777991351,3705.9827839427594,3911.7720220637534,775.3355040741613,164.54065103515572,109.56204276427295,614.3915768351809,51.115829037363426,1055.4749002676917,3444.4520705886116,3041.457130428496,759.9394619496663,198.97320985000115,110.05783213706243,614.5467839377267,50.88443983759199,1055.4749002676917,3444.4520705886116,3041.457130428496,759.9394619496663,198.97320985000115,110.05783213706243,614.5467839377267,50.88443983759199
2026-02-05 07:00:00+00:00,2906.69,5104.62,7057.69,797.35,691.1,94.24,437.51,35.16,1252.1648910001095,3757.2883447884547,3965.7711919499197,778.3554592737122,171.24133817771477,109.56204276427295,614.3915768351809,51.115829037363426,1055.4749002676917,3444.4520705886116,3041.457130428496,759.9394619496663,198.97320985000115,110.05783213706243,614.5467839377267,50.88443983759199,1055.4749002676917,3444.4520705886116,3041.457130428496,759.9394619496663,198.97320985000115,110.05783213706243,614.5467839377267,50.88443983759199
2026-02-05 08:00:00+00:00,2883.07,5107.71,7068.2207,797.35,515.85,94.23,443.33,35.16,1243.8131260590806,3757.614961118814,3913.99817368121,776.9881366468212,177.94202532027384,109.56204276427295,614.3915768351809,51.115829037363426,1055.4749002676917,3444.4520705886116,3041.457130428496,759.9394619496663,198.97320985000115,110.05783213706243,614.5467839377267,50.88443983759199,1055.4749002676917,3444.4520705886116,3041.457130428496,759.9394619496663,198.97320985000115,110.05783213706243,614.5467839377267,50.88443983759199
2026-02-05 09:00:00+00:00,2533.9,5088.57,7395.98,796.77,289.68,94.21,437.69,35.16,1206.0514618963136,3729.4478906116015,3743.371701385167,773.312753951526,184.6427124628329,109.56204276427295,614.3915768351809,51.115829037363426,1055.4749002676917,3444.4520705886116,3041.457130428496,759.9394619496663,198.97320985000115,110.05783213706243,614.5467839377267,50.88443983759199,1055.4749002676917,3444.4520705886116,3041.457130428496,759.9394619496663,198.97320985000115,110.05783213706243,614.5467839377267,50.88443983759199
2026-02-05 10:00:00+00:00,2572.73,5115.48,7315.61,797.05,21.690022,94.21,456.14,35.16,1183.8240547818834,3705.7452446054317,3620.3325227996584,769.3630482209375,191.34339960539197,109.56204276427295,614.3915768351809,51.115829037363426,1055.4749002676917,3444.4520705886116,3041.457130428496,759.9394619496663,198.97320985000115,110.05783213706243,614.5467839377267,50.88443983759199,1055.4749002676917,3444.4520705886116,3041.457130428496,759.9394619496663,198.97320985000115,110.05783213706243,614.5467839377267,50.88443983759199
2026-02-05 11:00:00+00:00,2397.67,5021.18,7204.51,797.9,4.283595e-06,94.46,498.15,35.16,1163.9233762414856,3658.464493669567,3500.429180668385,764.9898377352292,198.044086747951,109.56204276427295,614.3915768351809,51.115829037363426,1055.4749002676917,3444.4520705886116,3041.457130428496,759.9394619496663,198.97320985000115,110.05783213706243,614.5467839377267,50.88443983759199,1055.4749002676917,3444.4520705886116,3041.457130428496,759.9394619496663,198.97320985000115,110.05783213706243,614.5467839377267,50.88443983759199
2026-02-05 12:00:00+00:00,2381.28,4982.19,7029.14,797.9,4.283595e-06,94.36,494.25,35.16,1148.2279787517355,3633.666561874423,3415.842674907589,762.7410232972509,204.7447738905101,109.56204276427295,614.3915768351809,51.115829037363426,1055.4749002676917,3444.4520705886116,3041.457130428496,759.9394619496663,198.97320985000115,110.05783213706243,614.5467839377267,50.88443983759199,1055.4749002676917,3444.4520705886116,3041.457130428496,759.9394619496663,198.97320985000115,110.05783213706243,614.5467839377267,50.88443983759199
2026-02-05 13:00:00+00:00,2461.74,5098.57,7061.78,797.9,4.283595e-06,94.36,489.31,35.16,1152.459912051169,3646.391025025689,3434.343740921764,764.270112625313,211.44546103306914,109.56204276427295,614.3915768351809,51.115829037363426,1055.4749002676917,3444.4520705886116,3041.457130428496,759.9394619496663,198.97320985000115,110.05783213706243,614.5467839377267,50.88443983759199,1055.4749002676917,3444.4520705886116,3041.457130428496,759.9394619496663,198.97320985000115,110.05783213706243,614.5467839377267,50.88443983759199
2026-02-05 14:00:00+00:00,2509.58,5092.82,7202.73,797.9,13.789997,95.47,455.74,36.45,1172.4327465398462,3675.4403461893985,3553.0849211103146,770.6431916794878,218.14614817562818,109.56204276427295,614.3915768351809,51.115829037363426,1055.4749002676917,3444.4520705886116,3041.457130428496,759.9394619496663,198.97320985000115,110.05783213706243,614.5467839377267,50.88443983759199,1055.4749002676917,3444.4520705886116,3041.457130428496,759.9394619496663,198.97320985000115,110.05783213706243,614.5467839377267,50.88443983759199
2026-02-05 15:00:00+00:00,2600.29,5247.84,7241.94,798.3,148.74,95.84,473.69,36.02,1206.5556700079146,3728.472913653907,3737.706500041009,778.9780417525429,224.84683531818726,109.56204276427295,614.3915768351809,51.115829037363426,1055.4749002676917,3444.4520705886116,3041.457130428496,759.9394619496663,198.97320985000115,110.05783213706243,614.5467839377267,50.88443983759199,1055.4749002676917,3444.4520705886116,3041.457130428496,759.9394619496663,198.97320985000115,110.05783213706243,614.5467839377267,50.88443983759199
2026-02-05 16:00:00+00:00,2606.4,5307.76,7288.61,799.47,861.63,98.2,465.42,35.16,1233.0124290871445,3782.121428221614,3871.939738559484,784.7979212947213,231.5475224607463,109.56204276427295,614.3915768351809,51.115829037363426,1055.4749002676917,3444.4520705886116,3041.457130428496,759.9394619496663,198.97320985000115,110.05783213706243,614.5467839377267,50.88443983759199,1055.4749002676917,3444.4520705886116,3041.457130428496,759.9394619496663,198.97320985000115,110.05783213706243,614.5467839377267,50.88443983759199
2026-02-05 17:00:00+00:00,2607.76,5219.72,7405.54,800.12,1013.17,98.07,472.07,35.16,1227.1210371144732,3796.8719861699205,3866.208536265067,787.1730054884156,238.24820960330538,109.56204276427295,614.3915768351809,51.115829037363426,1055.4749002676917,3444.4520705886116,3041.457130428496,759.9394619496663,198.97320985000115,110.05783213706243,614.5467839377267,50.88443983759199,1055.4749002676917,3444.4520705886116,3041.457130428496,759.9394619496663,198.97320985000115,110.05783213706243,614.5467839377267,50.88443983759199
2026-02-05 18:00:00+00:00,2602.58,5163.83,7410.47,800.12,736.74,98.12,475.13,35.16,1221.359090967974,3789.7263006842827,3835.082803452224,787.0112462661644,244.94889674586443,109.56204276427295,614.3915768351809,51.115829037363426,1055.4749002676917,3444.4520705886116,3041.457130428496,759.9394619496663,198.97320985000115,110.05783213706243,614.5467839377267,50.88443983759199,1055.4749002676917,3444.4520705886116,3041.457130428496,759.9394619496663,198.97320985000115,110.05783213706243,614.5467839377267,50.88443983759199
2026-02-05 19:00:00+00:00,2514.24,5189.51,7347.23,800.12,315.05,95.97,488.54,35.16,1195.2923038068939,3758.451122223426,3725.3144469579256,785.5937903851758,251.64958388842348,109.56204276427295,614.3915768351809,51.115829037363426,1055.4749002676917,3444.4520705886116,3041.457130428496,759.9394619496663,198.97320985000115,110.05783213706243,614.5467839377267,50.88443983759199,1055.4749002676917,3444.4520705886116,3041.457130428496,759.9394619496663,198.97320985000115,110.05783213706243,614.5467839377267,50.88443983759199
2026-02-05 20:00:00+00:00,2449.27,5161.16,6817.38,800.12,35.81,95.97,480.46,35.16,1173.7471098811768,3716.615645047068,3640.8244075424855,785.2285986991646,258.3502710309825,109.56204276427295,614.3915768351809,51.115829037363426,1055.4749002676917,3444.4520705886116,3041.457130428496,759.9394619496663,198.97320985000115,110.05783213706243,614.5467839377267,50.88443983759199,1055.4749002676917,3444.4520705886116,3041.457130428496,759.9394619496663,198.97320985000115,110.05783213706243,614.5467839377267,50.88443983759199
2026-02-05 21:00:00+00:00,2362.04,5144.39,6654.58,798.81,4.283595e-06,96.02,471.97,35.16,1150.0420594125453,3684.298508594999,3547.576471067551,784.6865770634804,265.05095817354163,109.56204276427295,614.3915768351809,51.115829037363426,1055.4749002676917,3444.4520705886116,3041.457130428496,759.9394619496663,198.97320985000115,110.05783213706243,614.5467839377267,50.88443983759199,1055.4749002676917,3444.4520705886116,3041.457130428496,759.9394619496663,198.97320985000115,110.05783213706243,614.5467839377267,50.88443983759199
2026-02-05 22:00:00+00:00,2301.49,5146.46,6444.99,798.02,4.283595e-06,96.18,477.65,35.16,1118.359723436716,3640.8293864050097,3427.9696968677085,784.0991964134487,271.7516453161007,109.56204276427295,614.3915768351809,51.115829037363426,1055.4749002676917,3444.4520705886116,3041.457130428496,759.9394619496663,198.97320985000115,110.05783213706243,614.5467839377267,50.88443983759199,1055.4749002676917,3444.4520705886116,3041.457130428496,759.9394619496663,198.97320985000115,110.05783213706243,614.5467839377267,50.88443983759199
2026-02-05 23:00:00+00:00,2288.38,5138.82,6254.94,793.75,4.283595e-06,86.16,552.15,35.16,1103.2585556738102,3602.5074725069258,3364.0712909700546,783.7029075194233,278.4523324586597,109.56204276427295,614.3915768351809,51.115829037363426,1055.4749002676917,3444.4520705886116,3041.457130428496,759.9394619496663,198.97320985000115,110.05783213706243,614.5467839377267,50.88443983759199,1055.4749002676917,3444.4520705886116,3041.457130428496,759.9394619496663,198.97320985000115,110.05783213706243,614.5467839377267,50.88443983759199
2026-02-06 00:00:00+00:00,2284.68,5150.59,6228.49,795.25,4.283595e-06,86.2,578.57,35.16,1095.93595933049,3590.863371489116,3260.079004778615,751.3287826787854,124.33652817980136,109.56204276427295,614.3915768351809,51.115829037363426,1055.4749002676917,3444.4520705886116,3041.457130428496,759.9394619496663,198.97320985000115,110.05783213706243,614.5467839377267,50.88443983759199,1055.4749002676917,3444.4520705886116,3041.457130428496,759.9394619496663,198.97320985000115,110.05783213706243,614.5467839377267,50.88443983759199
2026-02-06 01:00:00+00:00,2283.66,5144.29,6330.44,794.96,4.283595e-06,86.35,596.78,35.16,1095.1556864800602,3597.0007653840876,3256.2937532583223,752.2652522303855,131.03721532236042,109.56204276427295,614.3915768351809,51.115829037363426,1055.4749002676917,3444.4520705886116,3041.457130428496,759.9394619496663,198.97320985000115,110.05783213706243,614.5467839377267,50.88443983759199,1055.4749002676917,3444.4520705886116,3041.457130428496,759.9394619496663,198.97320985000115,110.05783213706243,614.5467839377267,50.88443983759199
2026-02-06 02:00:00+00:00,2285.05,5143.65,6361.48,794.96,4.283595e-06,85.91,630.93,35.16,1102.1468309490617,3624.041911116069,3281.028716750709,753.522112857723,137.7379024649195,109.56204276427295,614.3915768351809,51.115829037363426,1055.4749002676917,3444.4520705886116,3041.457130428496,759.9394619496663,198.97320985000115,110.05783213706243,614.5467839377267,50.88443983759199,1055.4749002676917,3444.4520705886116,3041.457130428496,759.9394619496663,198.97320985000115,110.05783213706243,614.5467839377267,50.88443983759199
2026-02-06 03:00:00+00:00,2306.45,5125.64,6644.77,794.96,4.283595e-06,94.33,628.14,35.16,1121.8265416201189,3649.5330969896404,3356.611937433299,755.738294992219,144.43858960747855,109.56204276427295,614.3915768351809,51.115829037363426,1055.4749002676917,3444.4520705886116,3041.457130428496,759.9394619496663,198.97320985000115,110.05783213706243,614.5467839377267,50.88443983759199,1055.4749002676917,3444.4520705886116,3041.457130428496,759.9394619496663,198.97320985000115,110.05783213706243,614.5467839377267,50.88443983759199
2026-02-06 04:00:00+00:00,2434.76,4937.5,6566.16,794.96,4.283595e-06,94.58,614.0,35.16,1157.7145118612777,3699.4099325515576,3499.8469839616387,759.436105201301,151.1392767500376,109.56204276427295,614.3915768351809,51.115829037363426,1055.4749002676917,3444.4520705886116,3041.457130428496,759.9394619496663,198.97320985000115,110.05783213706243,614.5467839377267,50.88443983759199,1055.4749002676917,3444.4520705886116,3041.457130428496,759.9394619496663,198.97320985000115,110.05783213706243,614.5467839377267,50.88443983759199
2026-02-06 05:00:00+00:00,2511.47,4855.88,6748.05,796.38,122.13,94.32,626.67,35.16,1222.7806660771582,3792.807828573934,3776.968681977907,766.9910182320714,157.83996389259667,109.56204276427295,614.3915768351809,51.115829037363426,1055.4749002676917,3444.4520705886116,3041.457130428496,759.9394619496663,198.97320985000115,110.05783213706243,614.5467839377267,50.88443983759199,1055.4749002676917,3444.4520705886116,3041.457130428496,759.9394619496663,198.97320985000115,110.05783213706243,614.5467839377267,50.88443983759199
2026-02-06 06:00:00+00:00,2610.94,4961.43,7238.1,798.94,549.95,94.36,614.99,35.16,1270.0965854397903,3874.2182690477753,3983.714654460259,773.284754321065,164.54065103515572,109.56204276427295,614.3915768351809,51.115829037363426,1055.4749002676917,3444.4520705886116,3041.457130428496,759.9394619496663,198.97320985000115,110.05783213706243,614.5467839377267,50.88443983759199,1055.4749002676917,3444.4520705886116,3041.457130428496,759.9394619496663,198.97320985000115,110.05783213706243,614.5467839377267,50.88443983759199
2026-02-06 07:00:00+00:00,2614.81,5150.37,7231.02,801.12,654.2051,94.27,612.06,35.16,1280.0222583669101,3899.7813738491914,4029.90645920853,775.7216517200931,171.24133817771477,109.56204276427295,614.3915768351809,51.115829037363426,1055.4749002676917,3444.4520705886116,3041.457130428496,759.9394619496663,198.97320985000115,110.05783213706243,614.5467839377267,50.88443983759199,1055.4749002676917,3444.4520705886116,3041.457130428496,759.9394619496663,198.97320985000115,110.05783213706243,614.5467839377267,50.88443983759199
2026-02-06 08:00:00+00:00,2596.36,5173.49,7169.99,800.56,758.46,94.49,615.05,35.16,1261.5197270822616,3890.7056723131445,3944.2603103487268,774.2597931914977,177.94202532027384,109.56204276427295,614.3915768351809,51.115829037363426,1055.4749002676917,3444.4520705886116,3041.457130428496,759.9394619496663,198.97320985000115,110.05783213706243,614.5467839377267,50.88443983759199,1055.4749002676917,3444.4520705886116,3041.457130428496,759.9394619496663,198.97320985000115,110.05783213706243,614.5467839377267,50.88443983759199
2026-02-06 09:00:00+00:00,2615.23,5170.65,6786.21,800.54,472.68,94.55,636.21,35.16,1234.0734997527647,3869.976811779493,3835.416203588097,773.3736668704009,184.6427124628329,109.56204276427295,614.3915768351809,51.115829037363426,1055.4749002676917,3444.4520705886116,3041.457130428496,759.9394619496663,198.97320985000115,110.05783213706243,614.5467839377267,50.88443983759199,1055.4749002676917,3444.4520705886116,3041.457130428496,759.9394619496663,198.97320985000115,110.05783213706243,614.5467839377267,50.88443983759199
2026-02-06 10:00:00+00:00,2612.17,5162.96,6436.61,800.54,262.37,94.55,629.83,35.16,1212.4698386602079,3853.6091482684756,3744.101800187251,772.346112711578,191.34339960539197,109.56204276427295,614.3915768351809,51.115829037363426,1055.4749002676917,3444.4520705886116,3041.457130428496,759.9394619496663,198.97320985000115,110.05783213706243,614.5467839377267,50.88443983759199,1055.4749002676917,3444.4520705886116,3041.457130428496,759.9394619496663,198.97320985000115,110.05783213706243,614.5467839377267,50.88443983759199
2026-02-06 11:00:00+00:00,2600.54,5140.58,6404.94,800.54,42.879993,96.17,637.03,35.16,1210.5206856388122,3838.674083526064,3712.9532660927457,770.9693357647209,198.044086747951,109.56204276427295,614.3915768351809,51.115829037363426,1055.4749002676917,3444.4520705886116,3041.457130428496,759.9394619496663,198.97320985000115,110.05783213706243,614.5467839377267,50.88443983759199,1055.4749002676917,3444.4520705886116,3041.457130428496,759.9394619496663,198.97320985000115,110.05783213706243,614.5467839377267,50.88443983759199
2026-02-06 12:00:00+00:00,2582.01,5142.6,6410.74,800.82,4.283595e-06,95.9,589.96,35.16,1204.9986954819803,3814.2685317487026,3680.8214904029724,770.6397713145394,204.7447738905101,109.56204276427295,614.3915768351809,51.115829037363426,1055.4749002676917,3444.4520705886116,3041.457130428496,759.9394619496663,198.97320985000115,110.05783213706243,614.5467839377267,50.88443983759199,1055.4749002676917,3444.4520705886116,3041.457130428496,759.9394619496663,198.97320985000115,110.05783213706243,614.5467839377267,50.88443983759199
2026-02-06 13:00:00+00:00,2584.53,5128.25,6442.82,800.91,4.283595e-06,95.9,595.98,35.16,1204.2524623123268,3804.5867511520873,3689.9094219650915,772.8416795190294,211.44546103306914,109.56204276427295,614.3915768351809,51.115829037363426,1055.4749002676917,3444.4520705886116,3041.457130428496,759.9394619496663,198.97320985000115,110.05783213706243,614.5467839377267,50.88443983759199,1055.4749002676917,3444.4520705886116,3041.457130428496,759.9394619496663,198.97320985000115,110.05783213706243,614.5467839377267,50.88443983759199
2026-02-06 14:00:00+00:00,2603.19,5134.1,6614.69,800.91,4.283595e-06,97.74,603.4,35.16,1222.1324609548926,3817.4414636741712,3779.397397729881,777.0083181829006,218.14614817562818,109.56204276427295,614.3915768351809,51.115829037363426,1055.4749002676917,3444.4520705886116,3041.457130428496,759.9394619496663,198.97320985000115,110.05783213706243,614.5467839377267,50.88443983759199,1055.4749002676917,3444.4520705886116,3041.457130428496,759.9394619496663,198.97320985000115,110.05783213706243,614.5467839377267,50.88443983759199
2026-02-06 15:00:00+00:00,2619.31,5159.12,6732.41,801.31,111.13,98.19,576.96,35.16,1233.5919586496175,3832.012513230237,3839.7689647170523,780.354488138814,224.84683531818726,109.56204276427295,614.3915768351809,51.115829037363426,1055.4749002676917,3444.4520705886116,3041.457130428496,759.9394619496663,198.97320985000115,110.05783213706243,614.5467839377267,50.88443983759199,1055.4749002676917,3444.4520705886116,3041.457130428496,759.9394619496663,198.97320985000115,110.05783213706243,614.5467839377267,50.88443983759199
2026-02-06 16:00:00+00:00,2623.01,5095.0,6611.68,802.03,403.56,98.38,537.49,35.16,1244.674535602726,3862.5401784770092,3900.156865784141,783.817221294843,231.5475224607463,109.56204276427295,614.3915768351809,51.115829037363426,1055.4749002676917,3444.4520705886116,3041.457130428496,759.9394619496663,198.97320985000115,110.05783213706243,614.5467839377267,50.88443983759199,1055.4749002676917,3444.4520705886116,3041.457130428496,759.9394619496663,198.97320985000115,110.05783213706243,614.5467839377267,50.88443983759199
2026-02-06 17:00:00+00:00,2623.35,4576.28,6765.24,802.67,228.01,98.19,593.05,35.16,1245.6731623942376,3856.5697481691195,3906.8272268047085,785.2227064514908,238.24820960330538,109.56204276427295,614.3915768351809,51.115829037363426,1055.4749002676917,3444.4520705886116,3041.457130428496,759.9394619496663,198.97320985000115,110.05783213706243,614.5467839377267,50.88443983759199,1055.4749002676917,3444.4520705886116,3041.457130428496,759.9394619496663,198.97320985000115,110.05783213706243,614.5467839377267,50.88443983759199
2026-02-06 18:00:00+00:00,2620.53,4074.57,6751.38,802.67,4.283595e-06,98.25,580.06,35.16,1227.6837707257166,3819.1034308304243,3830.7270615311836,784.5479391561778,244.94889674586443,109.56204276427295,614.3915768351809,51.115829037363426,1055.4749002676917,3444.4520705886116,3041.457130428496,759.9394619496663,198.97320985000115,110.05783213706243,614.5467839377267,50.88443983759199,1055.4749002676917,3444.4520705886116,3041.457130428496,759.9394619496663,198.97320985000115,110.05783213706243,614.5467839377267,50.88443983759199
2026-02-06 19:00:00+00:00,2520.84,4063.51,6731.94,802.67,4.283595e-06,98.32,579.98,35.16,1191.0505710040807,3748.9320460646245,3684.3324774067496,782.9126138660121,251.64958388842348,109.56204276427295,614.3915768351809,51.115829037363426,1055.4749002676917,3444.4520705886116,3041.457130428496,759.9394619496663,198.97320985000115,110.05783213706243,614.5467839377267,50.88443983759199,1055.4749002676917,3444.4520705886116,3041.457130428496,759.9394619496663,198.97320985000115,110.05783213706243,614.5467839377267,50.88443983759199
2026-02-06 20:00:00+00:00,2477.1,4077.17,6705.68,802.67,4.283595e-06,97.16,587.78,35.16,1162.2800021942585,3688.50027484934,3566.8656635085586,781.6124701279131,258.3502710309825,109.56204276427295,614.3915768351809,51.115829037363426,1055.4749002676917,3444.4520705886116,3041.457130428496,759.9394619496663,198.97320985000115,110.05783213706243,614.5467839377267,50.88443983759199,1055.4749002676917,3444.4520705886116,3041.457130428496,759.9394619496663,198.97320985000115,110.05783213706243,614.5467839377267,50.88443983759199
2026-02-06 21:00:00+00:00,2384.94,4095.14,6210.72,801.36,4.283595e-06,95.97,546.98,35.16,1135.864384998264,3666.2483880302398,3460.410585832047,780.6292749084511,265.05095817354163,109.56204276427295,614.3915768351809,51.115829037363426,1055.4749002676917,3444.4520705886116,3041.457130428496,759.9394619496663,198.97320985000115,110.05783213706243,614.5467839377267,50.88443983759199,1055.4749002676917,3444.4520705886116,3041.457130428496,759.9394619496663,198.97320985000115,110.05783213706243,614.5467839377267,50.88443983759199
2026-02-06 22:00:00+00:00,2294.05,4061.32,5937.05,800.58,4.283595e-06,96.18,534.49,35.16,1102.7209172292391,3621.853424599027,3320.4545666013614,778.5047657168975,271.7516453161007,109.56204276427295,614.3915768351809,51.115829037363426,1055.4749002676917,3444.4520705886116,3041.457130428496,759.9394619496663,198.97320985000115,110.05783213706243,614.5467839377267,50.88443983759199,1055.4749002676917,3444.4520705886116,3041.457130428496,759.9394619496663,198.97320985000115,110.05783213706243,614.5467839377267,50.88443983759199
2026-02-06 23:00:00+00:00,2197.7,4094.96,5858.69,796.02,4.283595e-06,87.63,513.27,35.16,1067.3866149430999,3567.1137436471586,3183.133394883078,777.3446085507663,278.4523324586597,109.56204276427295,614.3915768351809,51.115829037363426,1055.4749002676917,3444.4520705886116,3041.457130428496,759.9394619496663,198.97320985000115,110.05783213706243,614.5467839377267,50.88443983759199,1055.4749002676917,3444.4520705886116,3041.457130428496,759.9394619496663,198.97320985000115,110.05783213706243,614.5467839377267,50.88443983759199
2026-02-07 00:00:00+00:00,2164.48,4128.76,5782.86,794.99,4.283595e-06,86.3,541.67,35.16,1074.2459064061575,3558.054885956661,3112.1069274601846,745.1489599068062,124.28102263925418,109.16317935817001,612.5692284884246,50.87175948374657,1055.4749002676917,3444.4520705886116,3041.457130428496,759.9394619496663,198.97320985000115,110.05783213706243,614.5467839377267,50.88443983759199,1055.4749002676917,3444.4520705886116,3041.457130428496,759.9394619496663,198.97320985000115,110.05783213706243,614.5467839377267,50.88443983759199
2026-02-07 01:00:00+00:00,2162.42,4073.13,5831.03,794.17,4.283595e-06,86.76,539.84,35.16,1071.2087085572118,3538.4902079930193,3103.2372210380818,746.2424123386331,130.8502589460938,109.16317935817001,612.5692284884246,50.87175948374657,1055.4749002676917,3444.4520705886116,3041.457130428496,759.9394619496663,198.97320985000115,110.05783213706243,614.5467839377267,50.88443983759199,1055.4749002676917,3444.4520705886116,3041.457130428496,759.9394619496663,198.97320985000115,110.05783213706243,614.5467839377267,50.88443983759199
2026-02-07 02:00:00+00:00,2168.5,4084.82,5770.37,793.34,4.283595e-06,86.02,543.64,35.16,1072.0183504987947,3537.2185799963013,3106.7658391974423,747.3693281956436,137.41949525293344,109.16317935817001,612.5692284884246,50.87175948374657,1055.4749002676917,3444.4520705886116,3041.457130428496,759.9394619496663,198.97320985000115,110.05783213706243,614.5467839377267,50.88443983759199,1055.4749002676917,3444.4520705886116,3041.457130428496,759.9394619496663,198.97320985000115,110.05783213706243,614.5467839377267,50.88443983759199
2026-02-07 03:00:00+00:00,2167.84,4089.39,5699.22,793.34,4.283595e-06,86.1,551.76,35.16,1080.2797153933482,3540.02526137451,3143.5643108867666,749.415109013137,143.9887315597731,109.16317935817001,612.5692284884246,50.87175948374657,1055.4749002676917,3444.4520705886116,3041.457130428496,759.9394619496663,198.97320985000115,110.05783213706243,614.5467839377267,50.88443983759199,1055.4749002676917,3444.4520705886116,3041.457130428496,759.9394619496663,198.97320985000115,110.05783213706243,614.5467839377267,50.88443983759199
2026-02-07 04:00:00+00:00,2226.01,4087.9,5714.41,793.34,4.283595e-06,94.75,551.41,35.16,1086.2175868664876,3558.192732337787,3169.87321552158,751.1634980541122,150.55796786661273,109.16317935817001,612.5692284884246,50.87175948374657,1055.4749002676917,3444.4520705886116,3041.457130428496,759.9394619496663,198.97320985000115,110.05783213706243,614.5467839377267,50.88443983759199,1055.4749002676917,3444.4520705886116,3041.457130428496,759.9394619496663,198.97320985000115,110.05783213706243,614.5467839377267,50.88443983759199
2026-02-07 05:00:00+00:00,2327.31,4034.06,5781.05,794.75,4.283595e-06,95.29,544.02,35.16,1105.1159827728516,3592.065134655426,3246.1285714244227,753.7827759145647,157.12720417345236,109.16317935817001,612.5692284884246,50.87175948374657,1055.4749002676917,3444.4520705886116,3041.457130428496,759.9394619496663,198.97320985000115,110.05783213706243,614.5467839377267,50.88443983759199,1055.4749002676917,3444.4520705886116,3041.457130428496,759.9394619496663,198.97320985000115,110.05783213706243,614.5467839377267,50.88443983759199
2026-02-07 06:00:00+00:00,2354.56,4042.36,5967.1,797.64,4.283595e-06,95.96,522.59,35.16,1120.8959120277332,3638.8204141064007,3324.553716783014,757.4941466105225,163.696440480292,109.16317935817001,612.5692284884246,50.87175948374657,1055.4749002676917,3444.4520705886116,3041.457130428496,759.9394619496663,198.97320985000115,110.05783213706243,614.5467839377267,50.88443983759199,1055.4749002676917,3444.4520705886116,3041.457130428496,759.9394619496663,198.97320985000115,110.05783213706243,614.5467839377267,50.88443983759199
2026-02-07 07:00:00+00:00,2382.99,4048.3,6149.66,799.91,4.283595e-06,95.9,525.79,35.16,1141.2022793544766,3680.0442334033423,3399.5580406097047,759.5927734687598,170.26567678713164,109.16317935817001,612.5692284884246,50.87175948374657,1055.4749002676917,3444.4520705886116,3041.457130428496,759.9394619496663,198.97320985000115,110.05783213706243,614.5467839377267,50.88443983759199,1055.4749002676917,3444.4520705886116,3041.457130428496,759.9394619496663,198.97320985000115,110.05783213706243,614.5467839377267,50.88443983759199
2026-02-07 08:00:00+00:00,2382.63,4047.95,6077.83,800.09,4.283595e-06,95.97,558.45,35.16,1132.5670895077094,3689.5467864314137,3351.8304769506944,758.719367220967,176.8349130939713,109.16317935817001,612.5692284884246,50.87175948374657,1055.4749002676917,3444.4520705886116,3041.457130428496,759.9394619496663,198.97320985000115,110.05783213706243,614.5467839377267,50.88443983759199,1055.4749002676917,3444.4520705886116,3041.457130428496,759.9394619496663,198.97320985000115,110.05783213706243,614.5467839377267,50.88443983759199
2026-02-07 09:00:00+00:00,2302.12,3995.92,6026.77,799.24,4.283595e-06,97.15,523.74,35.16,1111.3907283202911,3671.7610587090267,3243.1638440163338,755.8460205103592,183.40414940081092,109.16317935817001,612.5692284884246,50.87175948374657,1055.4749002676917,3444.4520705886116,3041.457130428496,759.9394619496663,198.97320985000115,110.05783213706243,614.5467839377267,50.88443983759199,1055.4749002676917,3444.4520705886116,3041.457130428496,759.9394619496663,198.97320985000115,110.05783213706243,614.5467839377267,50.88443983759199
2026-02-07 10:00:00+00:00,2153.6,4013.34,5955.49,799.24,4.283595e-06,99.18,538.31,35.16,1082.5563380184333,3658.7393471756404,3108.335869168344,752.7667338568249,189.97338570765055,109.16317935817001,612.5692284884246,50.87175948374657,1055.4749002676917,3444.4520705886116,3041.457130428496,759.9394619496663,198.97320985000115,110.05783213706243,614.5467839377267,50.88443983759199,1055.4749002676917,3444.4520705886116,3041.457130428496,759.9394619496663,198.97320985000115,110.05783213706243,614.5467839377267,50.88443983759199
2026-02-07 11:00:00+00:00,2329.67,4003.61,6026.69,799.24,4.283595e-06,100.5,576.5,35.16,1062.016939342208,3647.265781874058,3015.121744482962,751.1320238324979,196.5426220144902,109.16317935817001,612.5692284884246,50.87175948374657,1055.4749002676917,3444.4520705886116,3041.457130428496,759.9394619496663,198.97320985000115,110.05783213706243,614.5467839377267,50.88443983759199,1055.4749002676917,3444.4520705886116,3041.457130428496,759.9394619496663,198.97320985000115,110.05783213706243,614.5467839377267,50.88443983759199
2026-02-07 12:00:00+00:00,2332.96,4014.62,6000.98,798.88,4.283595e-06,101.28,655.31,35.16,1047.1747587233738,3638.6074336772,2958.9185380712265,751.2629592263747,203.11185832132983,109.16317935817001,612.5692284884246,50.87175948374657,1055.4749002676917,3444.4520705886116,3041.457130428496,759.9394619496663,198.97320985000115,110.05783213706243,614.5467839377267,50.88443983759199,1055.4749002676917,3444.4520705886116,3041.457130428496,759.9394619496663,198.97320985000115,110.05783213706243,614.5467839377267,50.88443983759199
2026-02-07 13:00:00+00:00,2331.01,3903.75,6020.77,798.69,4.283595e-06,102.61,607.13,35.16,1061.6183810743903,3648.109532314316,3023.467397573941,754.0852060854202,209.6810946281695,109.16317935817001,612.5692284884246,50.87175948374657,1055.4749002676917,3444.4520705886116,3041.457130428496,759.9394619496663,198.97320985000115,110.05783213706243,614.5467839377267,50.88443983759199,1055.4749002676917,3444.4520705886116,3041.457130428496,759.9394619496663,198.97320985000115,110.05783213706243,614.5467839377267,50.88443983759199
2026-02-07 14:00:00+00:00,2317.43,3550.88,6006.98,798.51,4.283595e-06,103.49,620.03,35.16,1099.540387211363,3693.5631456498836,3192.6903430831712,759.7854444361823,216.25033093500912,109.16317935817001,612.5692284884246,50.87175948374657,1055.4749002676917,3444.4520705886116,3041.457130428496,759.9394619496663,198.97320985000115,110.05783213706243,614.5467839377267,50.88443983759199,1055.4749002676917,3444.4520705886116,3041.457130428496,759.9394619496663,198.97320985000115,110.05783213706243,614.5467839377267,50.88443983759199
2026-02-07 15:00:00+00:00,2379.04,3576.69,6097.98,798.91,31.249989,104.16,636.55,35.16,1157.9913574020907,3740.8698516029635,3450.623307899314,767.7462361392645,222.81956724184874,109.16317935817001,612.5692284884246,50.87175948374657,1055.4749002676917,3444.4520705886116,3041.457130428496,759.9394619496663,198.97320985000115,110.05783213706243,614.5467839377267,50.88443983759199,1055.4749002676917,3444.4520705886116,3041.457130428496,759.9394619496663,198.97320985000115,110.05783213706243,614.5467839377267,50.88443983759199
2026-02-07 16:00:00+00:00,2566.98,3587.19,6157.51,799.63,306.75,104.21,657.55,35.16,1209.7380385518404,3783.0051327415244,3680.803064536216,775.0803513186013,229.3888035486884,109.16317935817001,612.5692284884246,50.87175948374657,1055.4749002676917,3444.4520705886116,3041.457130428496,759.9394619496663,198.97320985000115,110.05783213706243,614.5467839377267,50.88443983759199,1055.4749002676917,3444.4520705886116,3041.457130428496,759.9394619496663,198.97320985000115,110.05783213706243,614.5467839377267,50.88443983759199
2026-02-07 17:00:00+00:00,2580.06,3581.64,6334.99,800.27,239.35,104.66,659.79,35.16,1230.6632825348254,3779.627251127439,3772.307947076481,778.5186044954963,235.95803985552803,109.16317935817001,612.5692284884246,50.87175948374657,1055.4749002676917,3444.4520705886116,3041.457130428496,759.9394619496663,198.97320985000115,110.05783213706243,614.5467839377267,50.88443983759199,1055.4749002676917,3444.4520705886116,3041.457130428496,759.9394619496663,198.97320985000115,110.05783213706243,614.5467839377267,50.88443983759199
2026-02-07 18:00:00+00:00,2583.96,3589.4,6325.07,800.27,631.72,104.67,578.14,35.16,1214.2975721464616,3734.6910899345708,3713.742670366339,778.8703162325627,242.52727616236768,109.16317935817001,612.5692284884246,50.87175948374657,1055.4749002676917,3444.4520705886116,3041.457130428496,759.9394619496663,198.97320985000115,110.05783213706243,614.5467839377267,50.88443983759199,1055.4749002676917,3444.4520705886116,3041.457130428496,759.9394619496663,198.97320985000115,110.05783213706243,614.5467839377267,50.88443983759199
2026-02-07 19:00:00+00:00,2379.9,3612.39,6184.71,800.27,4.283595e-06,104.35,646.0,35.16,1177.1715396897073,3672.6077068183386,3577.129236226551,778.0087348118369,249.0965124692073,109.16317935817001,612.5692284884246,50.87175948374657,1055.4749002676917,3444.4520705886116,3041.457130428496,759.9394619496663,198.97320985000115,110.05783213706243,614.5467839377267,50.88443983759199,1055.4749002676917,3444.4520705886116,3041.457130428496,759.9394619496663,198.97320985000115,110.05783213706243,614.5467839377267,50.88443983759199
2026-02-07 20:00:00+00:00,2304.22,3571.52,6135.02,800.27,4.283595e-06,104.35,663.34,35.16,1147.6516179422165,3629.97494510763,3472.354929156893,777.8895421162046,255.66574877604694,109.16317935817001,612.5692284884246,50.87175948374657,1055.4749002676917,3444.4520705886116,3041.457130428496,759.9394619496663,198.97320985000115,110.05783213706243,614.5467839377267,50.88443983759199,1055.4749002676917,3444.4520705886116,3041.457130428496,759.9394619496663,198.97320985000115,110.05783213706243,614.5467839377267,50.88443983759199
2026-02-07 21:00:00+00:00,2245.84,3486.96,5351.16,799.22,4.283595e-06,104.14,662.01,35.16,1124.6494187504713,3608.81378343817,3391.922940971369,778.1347880792899,262.2349850828866,109.16317935817001,612.5692284884246,50.87175948374657,1055.4749002676917,3444.4520705886116,3041.457130428496,759.9394619496663,198.97320985000115,110.05783213706243,614.5467839377267,50.88443983759199,1055.4749002676917,3444.4520705886116,3041.457130428496,759.9394619496663,198.97320985000115,110.05783213706243,614.5467839377267,50.88443983759199
2026-02-07 22:00:00+00:00,1935.18,3494.76,4753.36,798.43,4.283595e-06,103.81,673.43,35.16,1100.1060769142632,3570.1775241892856,3298.6364643188103,777.6425467113147,268.8042213897262,109.16317935817001,612.5692284884246,50.87175948374657,1055.4749002676917,3444.4520705886116,3041.457130428496,759.9394619496663,198.97320985000115,110.05783213706243,614.5467839377267,50.88443983759199,1055.4749002676917,3444.4520705886116,3041.457130428496,759.9394619496663,198.97320985000115,110.05783213706243,614.5467839377267,50.88443983759199
2026-02-07 23:00:00+00:00,1444.81,3508.1,4230.71,792.29,4.283595e-06,95.21,669.35,35.16,1077.2863868757645,3530.305218055042,3213.314693134386,777.388004241953,275.3734576965659,109.16317935817001,612.5692284884246,50.87175948374657,1055.4749002676917,3444.4520705886116,3041.457130428496,759.9394619496663,198.97320985000115,110.05783213706243,614.5467839377267,50.88443983759199,1055.4749002676917,3444.4520705886116,3041.457130428496,759.9394619496663,198.97320985000115,110.05783213706243,614.5467839377267,50.88443983759199
2026-02-08 00:00:00+00:00,1453.65,3492.72,3517.87,791.61,4.283595e-06,95.29,658.3,35.16,1067.781205875628,3496.982766916042,3097.5592613326926,745.6707800875927,124.28102263925418,109.16317935817001,612.5692284884246,50.87175948374657,1055.4749002676917,3444.4520705886116,3041.457130428496,759.9394619496663,198.97320985000115,110.05783213706243,614.5467839377267,50.88443983759199,1055.4749002676917,3444.4520705886116,3041.457130428496,759.9394619496663,198.97320985000115,110.05783213706243,614.5467839377267,50.88443983759199
2026-02-08 01:00:00+00:00,1458.48,3503.29,3377.25,791.33,4.283595e-06,94.89,643.38,35.16,1065.7850724380507,3478.1548731138637,3087.3149925768284,746.3383226626819,130.8502589460938,109.16317935817001,612.5692284884246,50.87175948374657,1055.4749002676917,3444.4520705886116,3041.457130428496,759.9394619496663,198.97320985000115,110.05783213706243,614.5467839377267,50.88443983759199,1055.4749002676917,3444.4520705886116,3041.457130428496,759.9394619496663,198.97320985000115,110.05783213706243,614.5467839377267,50.88443983759199
2026-02-08 02:00:00+00:00,1460.94,3499.45,3363.93,791.33,4.283595e-06,94.23,686.61,35.16,1065.5243348598397,3468.6155191284292,3086.7413748581175,747.3946071184828,137.41949525293344,109.16317935817001,612.5692284884246,50.87175948374657,1055.4749002676917,3444.4520705886116,3041.457130428496,759.9394619496663,198.97320985000115,110.05783213706243,614.5467839377267,50.88443983759199,1055.4749002676917,3444.4520705886116,3041.457130428496,759.9394619496663,198.97320985000115,110.05783213706243,614.5467839377267,50.88443983759199
2026-02-08 03:00:00+00:00,1461.87,3502.8,3368.45,791.33,4.283595e-06,94.33,661.09,35.16,1073.5335467067475,3466.546856435656,3119.0846294748176,749.1028330497567,143.9887315597731,109.16317935817001,612.5692284884246,50.87175948374657,1055.4749002676917,3444.4520705886116,3041.457130428496,759.9394619496663,198.97320985000115,110.05783213706243,614.5467839377267,50.88443983759199,1055.4749002676917,3444.4520705886116,3041.457130428496,759.9394619496663,198.97320985000115,110.05783213706243,614.5467839377267,50.88443983759199
2026-02-08 04:00:00+00:00,1468.37,3497.62,3364.46,791.33,4.283595e-06,103.05,673.54,35.16,1071.4691271813515,3464.6427163342632,3115.7738505835564,750.4260649425951,150.55796786661273,109.16317935817001,612.5692284884246,50.87175948374657,1055.4749002676917,3444.4520705886116,3041.457130428496,759.9394619496663,198.97320985000115,110.05783213706243,614.5467839377267,50.88443983759199,1055.4749002676917,3444.4520705886116,3041.457130428496,759.9394619496663,198.97320985000115,110.05783213706243,614.5467839377267,50.88443983759199
2026-02-08 05:00:00+00:00,1476.23,3498.32,3347.64,793.65,4.283595e-06,105.88,714.55,35.16,1073.3475752602217,3471.113552103464,3126.220314082515,751.8825721911446,157.12720417345236,109.16317935817001,612.5692284884246,50.87175948374657,1055.4749002676917,3444.4520705886116,3041.457130428496,759.9394619496663,198.97320985000115,110.05783213706243,614.5467839377267,50.88443983759199,1055.4749002676917,3444.4520705886116,3041.457130428496,759.9394619496663,198.97320985000115,110.05783213706243,614.5467839377267,50.88443983759199
2026-02-08 06:00:00+00:00,1540.67,3478.75,3405.16,796.89,4.283595e-06,105.95,702.78,35.16,1089.1603524946793,3494.909008160631,3191.8322410777314,754.4074517034281,163.696440480292,109.16317935817001,612.5692284884246,50.87175948374657,1055.4749002676917,3444.4520705886116,3041.457130428496,759.9394619496663,198.97320985000115,110.05783213706243,614.5467839377267,50.88443983759199,1055.4749002676917,3444.4520705886116,3041.457130428496,759.9394619496663,198.97320985000115,110.05783213706243,614.5467839377267,50.88443983759199
2026-02-08 07:00:00+00:00,1581.75,3485.57,3491.67,798.79,4.283595e-06,106.03,718.26,35.16,1103.2420614760524,3514.404069773932,3238.923974818512,755.7268535745733,170.26567678713164,109.16317935817001,612.5692284884246,50.87175948374657,1055.4749002676917,3444.4520705886116,3041.457130428496,759.9394619496663,198.97320985000115,110.05783213706243,614.5467839377267,50.88443983759199,1055.4749002676917,3444.4520705886116,3041.457130428496,759.9394619496663,198.97320985000115,110.05783213706243,614.5467839377267,50.88443983759199
2026-02-08 08:00:00+00:00,1611.34,3470.8,3473.91,798.23,4.283595e-06,105.51,703.32,35.16,1110.0340962500095,3510.9198029392865,3250.787460729476,755.9028527081482,176.8349130939713,109.16317935817001,612.5692284884246,50.87175948374657,1055.4749002676917,3444.4520705886116,3041.457130428496,759.9394619496663,198.97320985000115,110.05783213706243,614.5467839377267,50.88443983759199,1055.4749002676917,3444.4520705886116,3041.457130428496,759.9394619496663,198.97320985000115,110.05783213706243,614.5467839377267,50.88443983759199
2026-02-08 09:00:00+00:00,1529.38,3470.74,3375.28,798.49,4.283595e-06,104.41,661.84,35.16,1102.058536562208,3482.2848821025163,3210.989418869883,755.5698661716943,183.40414940081092,109.16317935817001,612.5692284884246,50.87175948374657,1055.4749002676917,3444.4520705886116,3041.457130428496,759.9394619496663,198.97320985000115,110.05783213706243,614.5467839377267,50.88443983759199,1055.4749002676917,3444.4520705886116,3041.457130428496,759.9394619496663,198.97320985000115,110.05783213706243,614.5467839377267,50.88443983759199
2026-02-08 10:00:00+00:00,1585.64,3478.63,3396.68,798.49,4.283595e-06,104.88,642.47,35.16,1099.2226158423011,3480.8948461360123,3192.9770782788273,755.7633932420237,189.97338570765055,109.16317935817001,612.5692284884246,50.87175948374657,1055.4749002676917,3444.4520705886116,3041.457130428496,759.9394619496663,198.97320985000115,110.05783213706243,614.5467839377267,50.88443983759199,1055.4749002676917,3444.4520705886116,3041.457130428496,759.9394619496663,198.97320985000115,110.05783213706243,614.5467839377267,50.88443983759199
2026-02-08 11:00:00+00:00,1628.39,3469.74,3386.8,798.67,4.283595e-06,104.95,670.68,35.16,1088.0951044483159,3457.42902891305,3146.4887689823654,755.7223713664441,196.5426220144902,109.16317935817001,612.5692284884246,50.87175948374657,1055.4749002676917,3444.4520705886116,3041.457130428496,759.9394619496663,198.97320985000115,110.05783213706243,614.5467839377267,50.88443983759199,1055.4749002676917,3444.4520705886116,3041.457130428496,759.9394619496663,198.97320985000115,110.05783213706243,614.5467839377267,50.88443983759199
2026-02-08 12:00:00+00:00,1648.45,3459.49,3426.3,798.85,4.283595e-06,106.23,619.23,35.16,1080.228809579637,3430.6578662908328,3106.6158894017476,755.3530949666755,203.11185832132983,109.16317935817001,612.5692284884246,50.87175948374657,1055.4749002676917,3444.4520705886116,3041.457130428496,759.9394619496663,198.97320985000115,110.05783213706243,614.5467839377267,50.88443983759199,1055.4749002676917,3444.4520705886116,3041.457130428496,759.9394619496663,198.97320985000115,110.05783213706243,614.5467839377267,50.88443983759199
2026-02-08 13:00:00+00:00,1644.77,3476.55,3754.69,798.85,4.283595e-06,106.99,603.44,35.16,1081.0307969670607,3436.8553963025174,3116.55163834137,757.0713919393359,209.6810946281695,109.16317935817001,612.5692284884246,50.87175948374657,1055.4749002676917,3444.4520705886116,3041.457130428496,759.9394619496663,198.97320985000115,110.05783213706243,614.5467839377267,50.88443983759199,1055.4749002676917,3444.4520705886116,3041.457130428496,759.9394619496663,198.97320985000115,110.05783213706243,614.5467839377267,50.88443983759199
2026-02-08 14:00:00+00:00,1601.13,3542.32,4869.29,798.85,4.283595e-06,107.81,630.96,35.16,1097.787658404012,3489.983077962241,3205.2160310798226,761.4433271793594,216.25033093500912,109.16317935817001,612.5692284884246,50.87175948374657,1055.4749002676917,3444.4520705886116,3041.457130428496,759.9394619496663,198.97320985000115,110.05783213706243,614.5467839377267,50.88443983759199,1055.4749002676917,3444.4520705886116,3041.457130428496,759.9394619496663,198.97320985000115,110.05783213706243,614.5467839377267,50.88443983759199
2026-02-08 15:00:00+00:00,1698.3,3576.02,5919.46,799.42,4.283595e-06,110.89,648.63,35.16,1138.6749628880557,3576.7473488462574,3392.5447509835035,767.9561453643512,222.81956724184874,109.16317935817001,612.5692284884246,50.87175948374657,1055.4749002676917,3444.4520705886116,3041.457130428496,759.9394619496663,198.97320985000115,110.05783213706243,614.5467839377267,50.88443983759199,1055.4749002676917,3444.4520705886116,3041.457130428496,759.9394619496663,198.97320985000115,110.05783213706243,614.5467839377267,50.88443983759199
2026-02-08 16:00:00+00:00,1715.2,3578.99,6181.14,800.32,4.283595e-06,113.99,638.78,35.16,1180.698635648199,3650.771044373184,3577.886098519235,773.9596962877944,229.3888035486884,109.16317935817001,612.5692284884246,50.87175948374657,1055.4749002676917,3444.4520705886116,3041.457130428496,759.9394619496663,198.97320985000115,110.05783213706243,614.5467839377267,50.88443983759199,1055.4749002676917,3444.4520705886116,3041.457130428496,759.9394619496663,198.97320985000115,110.05783213706243,614.5467839377267,50.88443983759199
2026-02-08 17:00:00+00:00,1893.72,3560.34,6301.27,800.96,304.41,112.49,670.09,35.16,1203.003887314616,3668.78005740634,3671.278385321165,777.1747211805803,235.95803985552803,109.16317935817001,612.5692284884246,50.87175948374657,1055.4749002676917,3444.4520705886116,3041.457130428496,759.9394619496663,198.97320985000115,110.05783213706243,614.5467839377267,50.88443983759199,1055.4749002676917,3444.4520705886116,3041.457130428496,759.9394619496663,198.97320985000115,110.05783213706243,614.5467839377267,50.88443983759199
2026-02-08 18:00:00+00:00,2295.42,3555.8,6318.58,800.96,28.349995,111.52,661.93,35.16,1192.266986628881,3626.6680508938452,3632.6752152476975,777.7446301718076,242.52727616236768,109.16317935817001,612.5692284884246,50.87175948374657,1055.4749002676917,3444.4520705886116,3041.457130428496,759.9394619496663,198.97320985000115,110.05783213706243,614.5467839377267,50.88443983759199,1055.4749002676917,3444.4520705886116,3041.457130428496,759.9394619496663,198.97320985000115,110.05783213706243,614.5467839377267,50.88443983759199
2026-02-08 19:00:00+00:00,2492.26,3554.69,6149.43,800.87,4.283595e-06,110.39,646.94,35.16,1175.0405684406833,3596.2308186920964,3569.6114734736584,777.9304837199903,249.0965124692073,109.16317935817001,612.5692284884246,50.87175948374657,1055.4749002676917,3444.4520705886116,3041.457130428496,759.9394619496663,198.97320985000115,110.05783213706243,614.5467839377267,50.88443983759199,1055.4749002676917,3444.4520705886116,3041.457130428496,759.9394619496663,198.97320985000115,110.05783213706243,614.5467839377267,50.88443983759199
2026-02-08 20:00:00+00:00,2432.76,3798.84,5963.06,800.61,4.283595e-06,109.41,626.62,35.16,1161.840310603082,3581.632576281013,3523.7848576459664,778.5444313389861,255.66574877604694,109.16317935817001,612.5692284884246,50.87175948374657,1055.4749002676917,3444.4520705886116,3041.457130428496,759.9394619496663,198.97320985000115,110.05783213706243,614.5467839377267,50.88443983759199,1055.4749002676917,3444.4520705886116,3041.457130428496,759.9394619496663,198.97320985000115,110.05783213706243,614.5467839377267,50.88443983759199
2026-02-08 21:00:00+00:00,2350.07,4189.97,6042.13,798.49,4.283595e-06,109.7,626.45,35.16,1141.0453836680663,3573.3324835377975,3452.1736585876743,778.9658396127393,262.2349850828866,109.16317935817001,612.5692284884246,50.87175948374657,1055.4749002676917,3444.4520705886116,3041.457130428496,759.9394619496663,198.97320985000115,110.05783213706243,614.5467839377267,50.88443983759199,1055.4749002676917,3444.4520705886116,3041.457130428496,759.9394619496663,198.97320985000115,110.05783213706243,614.5467839377267,50.88443983759199
2026-02-08 22:00:00+00:00,2232.63,4338.83,6017.93,797.24,4.283595e-06,107.59,563.1,35.16,1109.238535967854,3548.9768235983443,3337.6997105608316,778.609563468173,268.8042213897262,109.16317935817001,612.5692284884246,50.87175948374657,1055.4749002676917,3444.4520705886116,3041.457130428496,759.9394619496663,198.97320985000115,110.05783213706243,614.5467839377267,50.88443983759199,1055.4749002676917,3444.4520705886116,3041.457130428496,759.9394619496663,198.97320985000115,110.05783213706243,614.5467839377267,50.88443983759199
2026-02-08 23:00:00+00:00,2174.64,4379.94,6264.59,793.54,4.283595e-06,98.25,599.0,35.16,1082.988833453756,3541.558206612125,3242.696455338286,778.4482977912228,275.3734576965659,109.16317935817001,612.5692284884246,50.87175948374657,1055.4749002676917,3444.4520705886116,3041.457130428496,759.9394619496663,198.97320985000115,110.05783213706243,614.5467839377267,50.88443983759199,1055.4749002676917,3444.4520705886116,3041.457130428496,759.9394619496663,198.97320985000115,110.05783213706243,614.5467839377267,50.88443983759199
2026-02-09 00:00:00+00:00,2182.16,4613.44,6198.96,790.48,4.283595e-06,98.21,621.85,35.16,1073.9607573715834,3538.6523375296897,3130.832266935826,746.9497975620336,124.28102263925418,109.16317935817001,612.5692284884246,50.87175948374657,1055.4749002676917,3444.4520705886116,3041.457130428496,759.9394619496663,198.97320985000115,110.05783213706243,614.5467839377267,50.88443983759199,1055.4749002676917,3444.4520705886116,3041.457130428496,759.9394619496663,198.97320985000115,110.05783213706243,614.5467839377267,50.88443983759199
2026-02-09 01:00:00+00:00,2182.19,4608.82,6157.05,790.19,4.283595e-06,98.53,634.95,35.16,1071.5959408367667,3540.381948397862,3123.2079458560565,747.9633695205524,130.8502589460938,109.16317935817001,612.5692284884246,50.87175948374657,1055.4749002676917,3444.4520705886116,3041.457130428496,759.9394619496663,198.97320985000115,110.05783213706243,614.5467839377267,50.88443983759199,1055.4749002676917,3444.4520705886116,3041.457130428496,759.9394619496663,198.97320985000115,110.05783213706243,614.5467839377267,50.88443983759199
2026-02-09 02:00:00+00:00,2178.78,4639.62,6161.08,790.19,4.283595e-06,97.34,644.18,35.16,1069.416509945914,3553.181877074039,3123.277575068443,749.6303920794686,137.41949525293344,109.16317935817001,612.5692284884246,50.87175948374657,1055.4749002676917,3444.4520705886116,3041.457130428496,759.9394619496663,198.97320985000115,110.05783213706243,614.5467839377267,50.88443983759199,1055.4749002676917,3444.4520705886116,3041.457130428496,759.9394619496663,198.97320985000115,110.05783213706243,614.5467839377267,50.88443983759199
2026-02-09 03:00:00+00:00,2292.12,4632.96,6382.87,790.19,4.283595e-06,97.25,631.83,35.16,1077.3782468257689,3582.310327468398,3165.6992948327697,752.2770228599663,143.9887315597731,109.16317935817001,612.5692284884246,50.87175948374657,1055.4749002676917,3444.4520705886116,3041.457130428496,759.9394619496663,198.97320985000115,110.05783213706243,614.5467839377267,50.88443983759199,1055.4749002676917,3444.4520705886116,3041.457130428496,759.9394619496663,198.97320985000115,110.05783213706243,614.5467839377267,50.88443983759199
2026-02-09 04:00:00+00:00,2368.7,4633.87,6755.75,790.19,4.283595e-06,97.43,636.47,35.16,1117.274095101902,3657.1250109041844,3328.8215897034092,756.8492347941747,150.55796786661273,109.16317935817001,612.5692284884246,50.87175948374657,1055.4749002676917,3444.4520705886116,3041.457130428496,759.9394619496663,198.97320985000115,110.05783213706243,614.5467839377267,50.88443983759199,1055.4749002676917,3444.4520705886116,3041.457130428496,759.9394619496663,198.97320985000115,110.05783213706243,614.5467839377267,50.88443983759199
2026-02-09 05:00:00+00:00,2458.88,4813.41,7356.73,791.61,170.15,105.5,611.13,35.16,1197.1480999339772,3786.744199552747,3659.443010308354,765.3384933223989,157.12720417345236,109.16317935817001,612.5692284884246,50.87175948374657,1055.4749002676917,3444.4520705886116,3041.457130428496,759.9394619496663,198.97320985000115,110.05783213706243,614.5467839377267,50.88443983759199,1055.4749002676917,3444.4520705886116,3041.457130428496,759.9394619496663,198.97320985000115,110.05783213706243,614.5467839377267,50.88443983759199
2026-02-09 06:00:00+00:00,2614.08,4822.87,7596.32,794.84,518.75,105.58,612.01,35.16,1244.2599115384874,3872.390299163334,3865.0557095156882,771.7437675728307,163.696440480292,109.16317935817001,612.5692284884246,50.87175948374657,1055.4749002676917,3444.4520705886116,3041.457130428496,759.9394619496663,198.97320985000115,110.05783213706243,614.5467839377267,50.88443983759199,1055.4749002676917,3444.4520705886116,3041.457130428496,759.9394619496663,198.97320985000115,110.05783213706243,614.5467839377267,50.88443983759199
2026-02-09 07:00:00+00:00,2617.6,4797.89,7776.87,796.28,464.56,105.5,594.42,35.16,1256.6780146615033,3891.3257074026246,3923.880531083513,774.6194110233328,170.26567678713164,109.16317935817001,612.5692284884246,50.87175948374657,1055.4749002676917,3444.4520705886116,3041.457130428496,759.9394619496663,198.97320985000115,110.05783213706243,614.5467839377267,50.88443983759199,1055.4749002676917,3444.4520705886116,3041.457130428496,759.9394619496663,198.97320985000115,110.05783213706243,614.5467839377267,50.88443983759199
2026-02-09 08:00:00+00:00,2613.3,4807.69,7810.37,796.28,410.37,105.5,641.67,35.16,1231.545365464019,3864.4892926554867,3830.5021909975026,774.2869891411341,176.8349130939713,109.16317935817001,612.5692284884246,50.87175948374657,1055.4749002676917,3444.4520705886116,3041.457130428496,759.9394619496663,198.97320985000115,110.05783213706243,614.5467839377267,50.88443983759199,1055.4749002676917,3444.4520705886116,3041.457130428496,759.9394619496663,198.97320985000115,110.05783213706243,614.5467839377267,50.88443983759199
2026-02-09 09:00:00+00:00,2593.96,4813.85,7854.25,795.7,13.34,105.94,595.18,35.79,1186.0019489538631,3827.7298301254596,3667.7916162952374,773.4401280958815,183.40414940081092,109.16317935817001,612.5692284884246,50.87175948374657,1055.4749002676917,3444.4520705886116,3041.457130428496,759.9394619496663,198.97320985000115,110.05783213706243,614.5467839377267,50.88443983759199,1055.4749002676917,3444.4520705886116,3041.457130428496,759.9394619496663,198.97320985000115,110.05783213706243,614.5467839377267,50.88443983759199
2026-02-09 10:00:00+00:00,2562.81,4809.44,7619.77,795.7,16.00002,106.31,608.7,36.42,1140.2224156709378,3787.766554417532,3504.5178410380126,772.6095874220202,189.97338570765055,109.16317935817001,612.5692284884246,50.87175948374657,1055.4749002676917,3444.4520705886116,3041.457130428496,759.9394619496663,198.97320985000115,110.05783213706243,614.5467839377267,50.88443983759199,1055.4749002676917,3444.4520705886116,3041.457130428496,759.9394619496663,198.97320985000115,110.05783213706243,614.5467839377267,50.88443983759199
2026-02-09 11:00:00+00:00,2559.58,4788.89,7546.03,795.7,4.283595e-06,106.68,624.92,36.42,1133.0145122040362,3782.543289408125,3470.093248703477,772.5513288219756,196.5426220144902,109.16317935817001,612.5692284884246,50.87175948374657,1055.4749002676917,3444.4520705886116,3041.457130428496,759.9394619496663,198.97320985000115,110.05783213706243,614.5467839377267,50.88443983759199,1055.4749002676917,3444.4520705886116,3041.457130428496,759.9394619496663,198.97320985000115,110.05783213706243,614.5467839377267,50.88443983759199
2026-02-09 12:00:00+00:00,2578.79,4766.27,7900.16,796.33,41.289997,107.42,592.58,36.42,1136.0413879406744,3792.846676484369,3465.1168170643755,772.262555345073,203.11185832132983,109.16317935817001,612.5692284884246,50.87175948374657,1055.4749002676917,3444.4520705886116,3041.457130428496,759.9394619496663,198.97320985000115,110.05783213706243,614.5467839377267,50.88443983759199,1055.4749002676917,3444.4520705886116,3041.457130428496,759.9394619496663,198.97320985000115,110.05783213706243,614.5467839377267,50.88443983759199
2026-02-09 13:00:00+00:00,2584.96,4759.42,7730.05,796.89,83.84,109.57,641.15,36.42,1160.2932773513735,3823.550007826627,3537.4642700958234,772.9865719467264,209.6810946281695,109.16317935817001,612.5692284884246,50.87175948374657,1055.4749002676917,3444.4520705886116,3041.457130428496,759.9394619496663,198.97320985000115,110.05783213706243,614.5467839377267,50.88443983759199,1055.4749002676917,3444.4520705886116,3041.457130428496,759.9394619496663,198.97320985000115,110.05783213706243,614.5467839377267,50.88443983759199
2026-02-09 14:00:00+00:00,2590.11,4726.88,7867.47,797.38,95.2,109.57,652.85,36.42,1196.925499156397,3862.8767377652166,3673.260207544689,775.9873228653432,216.25033093500912,109.16317935817001,612.5692284884246,50.87175948374657,1055.4749002676917,3444.4520705886116,3041.457130428496,759.9394619496663,198.97320985000115,110.05783213706243,614.5467839377267,50.88443983759199,1055.4749002676917,3444.4520705886116,3041.457130428496,759.9394619496663,198.97320985000115,110.05783213706243,614.5467839377267,50.88443983759199
2026-02-09 15:00:00+00:00,2599.57,4803.99,7761.23,797.78,777.74,110.62,643.93,36.42,1213.4534060894136,3881.520547496325,3754.397349936205,779.7342475441574,222.81956724184874,109.16317935817001,612.5692284884246,50.87175948374657,1055.4749002676917,3444.4520705886116,3041.457130428496,759.9394619496663,198.97320985000115,110.05783213706243,614.5467839377267,50.88443983759199,1055.4749002676917,3444.4520705886116,3041.457130428496,759.9394619496663,198.97320985000115,110.05783213706243,614.5467839377267,50.88443983759199
2026-02-09 16:00:00+00:00,2604.94,4831.42,7856.88,798.95,1275.73,112.6,681.08,36.42,1231.7620345246887,3896.374011200561,3854.8279499402574,784.7415861168386,229.3888035486884,109.16317935817001,612.5692284884246,50.87175948374657,1055.4749002676917,3444.4520705886116,3041.457130428496,759.9394619496663,198.97320985000115,110.05783213706243,614.5467839377267,50.88443983759199,1055.4749002676917,3444.4520705886116,3041.457130428496,759.9394619496663,198.97320985000115,110.05783213706243,614.5467839377267,50.88443983759199
2026-02-09 17:00:00+00:00,2602.73,4883.07,7855.91,799.59,1258.76,111.5,642.6,36.42,1242.2849614163365,3881.2676329911615,3908.1837634930325,787.660000076714,235.95803985552803,109.16317935817001,612.5692284884246,50.87175948374657,1055.4749002676917,3444.4520705886116,3041.457130428496,759.9394619496663,198.97320985000115,110.05783213706243,614.5467839377267,50.88443983759199,1055.4749002676917,3444.4520705886116,3041.457130428496,759.9394619496663,198.97320985000115,110.05783213706243,614.5467839377267,50.88443983759199
2026-02-09 18:00:00+00:00,2597.37,4887.81,7695.67,799.59,769.34,110.7,666.49,36.42,1234.1446502400238,3852.898706785831,3872.7646276493274,787.7778107006293,242.52727616236768,109.16317935817001,612.5692284884246,50.87175948374657,1055.4749002676917,3444.4520705886116,3041.457130428496,759.9394619496663,198.97320985000115,110.05783213706243,614.5467839377267,50.88443983759199,1055.4749002676917,3444.4520705886116,3041.457130428496,759.9394619496663,198.97320985000115,110.05783213706243,614.5467839377267,50.88443983759199
2026-02-09 19:00:00+00:00,2480.64,4856.35,7675.35,799.59,486.69,109.4,658.65,36.42,1191.2305135588606,3807.632283941148,3712.7707150050314,786.4280582180135,249.0965124692073,109.16317935817001,612.5692284884246,50.87175948374657,1055.4749002676917,3444.4520705886116,3041.457130428496,759.9394619496663,198.97320985000115,110.05783213706243,614.5467839377267,50.88443983759199,1055.4749002676917,3444.4520705886116,3041.457130428496,759.9394619496663,198.97320985000115,110.05783213706243,614.5467839377267,50.88443983759199
2026-02-09 20:00:00+00:00,2406.04,4714.58,7322.13,799.59,4.283595e-06,109.4,721.33,36.42,1164.4527047236977,3767.1071777210045,3607.9966716110703,785.5234214317767,255.66574877604694,109.16317935817001,612.5692284884246,50.87175948374657,1055.4749002676917,3444.4520705886116,3041.457130428496,759.9394619496663,198.97320985000115,110.05783213706243,614.5467839377267,50.88443983759199,1055.4749002676917,3444.4520705886116,3041.457130428496,759.9394619496663,198.97320985000115,110.05783213706243,614.5467839377267,50.88443983759199
2026-02-09 21:00:00+00:00,2401.56,4656.36,6947.58,798.29,4.283595e-06,109.65,710.79,36.42,1132.5388090970976,3736.0046233898383,3479.440857134294,783.9061982340919,262.2349850828866,109.16317935817001,612.5692284884246,50.87175948374657,1055.4749002676917,3444.4520705886116,3041.457130428496,759.9394619496663,198.97320985000115,110.05783213706243,614.5467839377267,50.88443983759199,1055.4749002676917,3444.4520705886116,3041.457130428496,759.9394619496663,198.97320985000115,110.05783213706243,614.5467839377267,50.88443983759199
2026-02-09 22:00:00+00:00,2398.0,4631.23,6473.58,797.5,4.283595e-06,110.42,651.85,35.16,1093.9834310277486,3688.9513422326054,3327.695263277946,782.0638088384962,268.8042213897262,109.16317935817001,612.5692284884246,50.87175948374657,1055.4749002676917,3444.4520705886116,3041.457130428496,759.9394619496663,198.97320985000115,110.05783213706243,614.5467839377267,50.88443983759199,1055.4749002676917,3444.4520705886116,3041.457130428496,759.9394619496663,198.97320985000115,110.05783213706243,614.5467839377267,50.88443983759199
2026-02-09 23:00:00+00:00,2297.0,4478.63,6573.74,793.23,3.98,101.1,670.38,35.16,1061.8846339986303,3642.7343104334072,3207.5554688605,781.2728432529719,275.3734576965659,109.16317935817001,612.5692284884246,50.87175948374657,1055.4749002676917,3444.4520705886116,3041.457130428496,759.9394619496663,198.97320985000115,110.05783213706243,614.5467839377267,50.88443983759199,1055.4749002676917,3444.4520705886116,3041.457130428496,759.9394619496663,198.97320985000115,110.05783213706243,614.5467839377267,50.88443983759199
2026-02-10 00:00:00+00:00,2282.35,4441.21,6649.41,792.83,4.283595e-06,101.35,686.84,35.16,1044.592941034174,3620.6624745511735,3061.4411208191796,748.9988008655483,124.28102263925418,109.16317935817001,612.5692284884246,50.87175948374657,1055.4749002676917,3444.4520705886116,3041.457130428496,759.9394619496663,198.97320985000115,110.05783213706243,614.5467839377267,50.88443983759199,1055.4749002676917,3444.4520705886116,3041.457130428496,759.9394619496663,198.97320985000115,110.05783213706243,614.5467839377267,50.88443983759199
2026-02-10 01:00:00+00:00,2283.36,4469.08,6635.43,792.55,4.283595e-06,99.95,737.69,35.16,1032.6748439432918,3610.49504346856,3017.0512761891437,749.3747845479082,130.8502589460938,109.16317935817001,612.5692284884246,50.87175948374657,1055.4749002676917,3444.4520705886116,3041.457130428496,759.9394619496663,198.97320985000115,110.05783213706243,614.5467839377267,50.88443983759199,1055.4749002676917,3444.4520705886116,3041.457130428496,759.9394619496663,198.97320985000115,110.05783213706243,614.5467839377267,50.88443983759199
2026-02-10 02:00:00+00:00,2285.53,4598.8,6603.51,792.55,4.283595e-06,98.23,748.43,35.16,1035.63369180059,3610.2208101474225,3029.3846022335324,750.6939695534019,137.41949525293344,109.16317935817001,612.5692284884246,50.87175948374657,1055.4749002676917,3444.4520705886116,3041.457130428496,759.9394619496663,198.97320985000115,110.05783213706243,614.5467839377267,50.88443983759199,1055.4749002676917,3444.4520705886116,3041.457130428496,759.9394619496663,198.97320985000115,110.05783213706243,614.5467839377267,50.88443983759199
2026-02-10 03:00:00+00:00,2284.8,4570.95,6624.61,792.55,4.283595e-06,98.38,720.66,35.17,1034.7422747841724,3623.905798101952,3036.2755575654155,752.6172326831731,143.9887315597731,109.16317935817001,612.5692284884246,50.87175948374657,1055.4749002676917,3444.4520705886116,3041.457130428496,759.9394619496663,198.97320985000115,110.05783213706243,614.5467839377267,50.88443983759199,1055.4749002676917,3444.4520705886116,3041.457130428496,759.9394619496663,198.97320985000115,110.05783213706243,614.5467839377267,50.88443983759199
2026-02-10 04:00:00+00:00,2397.55,4573.45,6692.25,792.55,4.283595e-06,98.81,709.68,35.2,1056.4785869924096,3660.4726807314723,3129.634852342663,755.9915142378296,150.55796786661273,109.16317935817001,612.5692284884246,50.87175948374657,1055.4749002676917,3444.4520705886116,3041.457130428496,759.9394619496663,198.97320985000115,110.05783213706243,614.5467839377267,50.88443983759199,1055.4749002676917,3444.4520705886116,3041.457130428496,759.9394619496663,198.97320985000115,110.05783213706243,614.5467839377267,50.88443983759199
2026-02-10 05:00:00+00:00,2581.83,4603.43,6694.92,793.96,11.849995,106.53,697.46,35.2,1119.5238871928036,3753.623740714886,3397.634675827085,763.5563092698263,157.12720417345236,109.16317935817001,612.5692284884246,50.87175948374657,1055.4749002676917,3444.4520705886116,3041.457130428496,759.9394619496663,198.97320985000115,110.05783213706243,614.5467839377267,50.88443983759199,1055.4749002676917,3444.4520705886116,3041.457130428496,759.9394619496663,198.97320985000115,110.05783213706243,614.5467839377267,50.88443983759199
2026-02-10 06:00:00+00:00,2591.99,4564.48,6932.87,796.52,663.19,108.63,662.91,35.2,1165.6926667340424,3812.6652572631024,3593.5953208437622,769.345951638858,163.696440480292,109.16317935817001,612.5692284884246,50.87175948374657,1055.4749002676917,3444.4520705886116,3041.457130428496,759.9394619496663,198.97320985000115,110.05783213706243,614.5467839377267,50.88443983759199,1055.4749002676917,3444.4520705886116,3041.457130428496,759.9394619496663,198.97320985000115,110.05783213706243,614.5467839377267,50.88443983759199
2026-02-10 07:00:00+00:00,2562.61,4562.66,7042.17,797.96,1217.53,108.63,782.28,35.2,1168.8228837781567,3794.2730912972925,3612.951774454424,771.262616322653,170.26567678713164,109.16317935817001,612.5692284884246,50.87175948374657,1055.4749002676917,3444.4520705886116,3041.457130428496,759.9394619496663,198.97320985000115,110.05783213706243,614.5467839377267,50.88443983759199,1055.4749002676917,3444.4520705886116,3041.457130428496,759.9394619496663,198.97320985000115,110.05783213706243,614.5467839377267,50.88443983759199
2026-02-10 08:00:00+00:00,2466.76,4567.71,6999.59,797.96,281.61,106.69,749.26,35.2,1165.4750378018618,3726.137320927642,3579.1052093361086,770.1554222573145,176.8349130939713,109.16317935817001,612.5692284884246,50.87175948374657,1055.4749002676917,3444.4520705886116,3041.457130428496,759.9394619496663,198.97320985000115,110.05783213706243,614.5467839377267,50.88443983759199,1055.4749002676917,3444.4520705886116,3041.457130428496,759.9394619496663,198.97320985000115,110.05783213706243,614.5467839377267,50.88443983759199
2026-02-10 09:00:00+00:00,2438.28,4572.79,6788.01,797.38,4.283595e-06,106.77,728.95,35.17,1160.513911684572,3657.040909990245,3550.5500796772762,769.9966195123193,183.40414940081092,109.16317935817001,612.5692284884246,50.87175948374657,1055.4749002676917,3444.4520705886116,3041.457130428496,759.9394619496663,198.97320985000115,110.05783213706243,614.5467839377267,50.88443983759199,1055.4749002676917,3444.4520705886116,3041.457130428496,759.9394619496663,198.97320985000115,110.05783213706243,614.5467839377267,50.88443983759199
2026-02-10 10:00:00+00:00,2249.04,4555.09,6553.63,797.38,4.283595e-06,106.71,734.86,35.16,1171.7497964277602,3596.667238316229,3577.6323391651895,770.3015729902362,189.97338570765055,109.16317935817001,612.5692284884246,50.87175948374657,1055.4749002676917,3444.4520705886116,3041.457130428496,759.9394619496663,198.97320985000115,110.05783213706243,614.5467839377267,50.88443983759199,1055.4749002676917,3444.4520705886116,3041.457130428496,759.9394619496663,198.97320985000115,110.05783213706243,614.5467839377267,50.88443983759199
2026-02-10 11:00:00+00:00,2233.87,4517.85,6519.56,797.19,4.283595e-06,106.9,684.18,35.16,1194.5132402465472,3556.7844078746425,3638.5894868190653,770.4113032694942,196.5426220144902,109.16317935817001,612.5692284884246,50.87175948374657,1055.4749002676917,3444.4520705886116,3041.457130428496,759.9394619496663,198.97320985000115,110.05783213706243,614.5467839377267,50.88443983759199,1055.4749002676917,3444.4520705886116,3041.457130428496,759.9394619496663,198.97320985000115,110.05783213706243,614.5467839377267,50.88443983759199
2026-02-10 12:00:00+00:00,2297.49,4472.06,6456.49,797.0,4.283595e-06,106.67,594.99,35.16,1196.7153224891626,3558.7240559752818,3645.435839662849,771.4447924372207,203.11185832132983,109.16317935817001,612.5692284884246,50.87175948374657,1055.4749002676917,3444.4520705886116,3041.457130428496,759.9394619496663,198.97320985000115,110.05783213706243,614.5467839377267,50.88443983759199,1055.4749002676917,3444.4520705886116,3041.457130428496,759.9394619496663,198.97320985000115,110.05783213706243,614.5467839377267,50.88443983759199
2026-02-10 13:00:00+00:00,2350.95,4508.06,6357.72,797.01,4.283595e-06,107.7,579.07,35.83,1213.5360137056055,3619.6204279603644,3692.6349312177454,771.9888882025385,209.6810946281695,109.16317935817001,612.5692284884246,50.87175948374657,1055.4749002676917,3444.4520705886116,3041.457130428496,759.9394619496663,198.97320985000115,110.05783213706243,614.5467839377267,50.88443983759199,1055.4749002676917,3444.4520705886116,3041.457130428496,759.9394619496663,198.97320985000115,110.05783213706243,614.5467839377267,50.88443983759199
2026-02-10 14:00:00+00:00,2407.95,4512.47,6564.49,797.1,351.25,109.53,591.35,36.5,1228.727980535587,3699.4517655761506,3753.3622617497613,774.238150376357,216.25033093500912,109.16317935817001,612.5692284884246,50.87175948374657,1055.4749002676917,3444.4520705886116,3041.457130428496,759.9394619496663,198.97320985000115,110.05783213706243,614.5467839377267,50.88443983759199,1055.4749002676917,3444.4520705886116,3041.457130428496,759.9394619496663,198.97320985000115,110.05783213706243,614.5467839377267,50.88443983759199
2026-02-10 15:00:00+00:00,2596.27,4533.88,6774.02,797.78,532.39,109.53,581.52,36.5,1231.0697688486491,3733.197800401224,3791.0243182814793,778.0580292578048,222.81956724184874,109.16317935817001,612.5692284884246,50.87175948374657,1055.4749002676917,3444.4520705886116,3041.457130428496,759.9394619496663,198.97320985000115,110.05783213706243,614.5467839377267,50.88443983759199,1055.4749002676917,3444.4520705886116,3041.457130428496,759.9394619496663,198.97320985000115,110.05783213706243,614.5467839377267,50.88443983759199
2026-02-10 16:00:00+00:00,2585.54,4595.51,6921.75,798.95,665.1,110.14,571.57,35.16,1236.572942727834,3742.4130380444303,3847.9475769343558,782.7436569913338,229.3888035486884,109.16317935817001,612.5692284884246,50.87175948374657,1055.4749002676917,3444.4520705886116,3041.457130428496,759.9394619496663,198.97320985000115,110.05783213706243,614.5467839377267,50.88443983759199,1055.4749002676917,3444.4520705886116,3041.457130428496,759.9394619496663,198.97320985000115,110.05783213706243,614.5467839377267,50.88443983759199
2026-02-10 17:00:00+00:00,2573.88,4592.02,6921.77,799.59,868.46,109.27,603.94,35.16,1226.0017201853384,3726.2141838647217,3827.689630871681,784.9552487578744,235.95803985552803,109.16317935817001,612.5692284884246,50.87175948374657,1055.4749002676917,3444.4520705886116,3041.457130428496,759.9394619496663,198.97320985000115,110.05783213706243,614.5467839377267,50.88443983759199,1055.4749002676917,3444.4520705886116,3041.457130428496,759.9394619496663,198.97320985000115,110.05783213706243,614.5467839377267,50.88443983759199
2026-02-10 18:00:00+00:00,2519.62,4587.4,6921.42,799.59,534.64,109.45,620.1,35.16,1212.8998550615615,3709.4494058294736,3775.5047942423125,784.9568117393981,242.52727616236768,109.16317935817001,612.5692284884246,50.87175948374657,1055.4749002676917,3444.4520705886116,3041.457130428496,759.9394619496663,198.97320985000115,110.05783213706243,614.5467839377267,50.88443983759199,1055.4749002676917,3444.4520705886116,3041.457130428496,759.9394619496663,198.97320985000115,110.05783213706243,614.5467839377267,50.88443983759199
2026-02-10 19:00:00+00:00,2469.74,4559.64,6908.52,799.59,175.09,109.4,661.51,35.16,1178.058875942766,3668.021129856267,3639.307671473931,783.4769566447621,249.0965124692073,109.16317935817001,612.5692284884246,50.87175948374657,1055.4749002676917,3444.4520705886116,3041.457130428496,759.9394619496663,198.97320985000115,110.05783213706243,614.5467839377267,50.88443983759199,1055.4749002676917,3444.4520705886116,3041.457130428496,759.9394619496663,198.97320985000115,110.05783213706243,614.5467839377267,50.88443983759199
2026-02-10 20:00:00+00:00,2428.86,4552.64,6854.35,799.59,4.283595e-06,109.4,757.31,35.16,1148.2263884074475,3628.813108496729,3521.152345473964,782.2200696013819,255.66574877604694,109.16317935817001,612.5692284884246,50.87175948374657,1055.4749002676917,3444.4520705886116,3041.457130428496,759.9394619496663,198.97320985000115,110.05783213706243,614.5467839377267,50.88443983759199,1055.4749002676917,3444.4520705886116,3041.457130428496,759.9394619496663,198.97320985000115,110.05783213706243,614.5467839377267,50.88443983759199
2026-02-10 21:00:00+00:00,2327.81,4543.96,6640.37,798.04,4.283595e-06,109.65,753.39,35.63,1113.5980379381083,3597.0689688042394,3372.474721278139,779.5335320132441,262.2349850828866,109.16317935817001,612.5692284884246,50.87175948374657,1055.4749002676917,3444.4520705886116,3041.457130428496,759.9394619496663,198.97320985000115,110.05783213706243,614.5467839377267,50.88443983759199,1055.4749002676917,3444.4520705886116,3041.457130428496,759.9394619496663,198.97320985000115,110.05783213706243,614.5467839377267,50.88443983759199
2026-02-10 22:00:00+00:00,2263.98,4238.42,6211.14,796.6,4.283595e-06,110.42,732.83,35.79,1079.640694888562,3555.4442223068754,3232.4527437323577,777.4488957587024,268.8042213897262,109.16317935817001,612.5692284884246,50.87175948374657,1055.4749002676917,3444.4520705886116,3041.457130428496,759.9394619496663,198.97320985000115,110.05783213706243,614.5467839377267,50.88443983759199,1055.4749002676917,3444.4520705886116,3041.457130428496,759.9394619496663,198.97320985000115,110.05783213706243,614.5467839377267,50.88443983759199
2026-02-10 23:00:00+00:00,2194.26,3889.02,6066.75,790.96,4.283595e-06,101.1,679.02,35.16,1063.9111522762598,3525.929083379257,3158.100238181343,776.1669553467365,275.3734576965659,109.16317935817001,612.5692284884246,50.87175948374657,1055.4749002676917,3444.4520705886116,3041.457130428496,759.9394619496663,198.97320985000115,110.05783213706243,614.5467839377267,50.88443983759199,1055.4749002676917,3444.4520705886116,3041.457130428496,759.9394619496663,198.97320985000115,110.05783213706243,614.5467839377267,50.88443983759199
2026-02-11 00:00:00+00:00,2149.61,4093.3,6083.38,790.56,4.283595e-06,101.35,701.14,35.16,1048.565044514669,3510.162219015473,3009.32144182906,743.0883801292151,124.28102263925418,109.16317935817001,612.5692284884246,50.87175948374657,1055.4749002676917,3444.4520705886116,3041.457130428496,759.9394619496663,198.97320985000115,110.05783213706243,614.5467839377267,50.88443983759199,1055.4749002676917,3444.4520705886116,3041.457130428496,759.9394619496663,198.97320985000115,110.05783213706243,614.5467839377267,50.88443983759199
2026-02-11 01:00:00+00:00,2266.93,3987.87,6053.44,789.87,4.283595e-06,102.12,692.12,35.16,1052.836919488955,3501.5556882272813,3013.6409827410635,743.2950327260107,130.8502589460938,109.16317935817001,612.5692284884246,50.87175948374657,1055.4749002676917,3444.4520705886116,3041.457130428496,759.9394619496663,198.97320985000115,110.05783213706243,614.5467839377267,50.88443983759199,1055.4749002676917,3444.4520705886116,3041.457130428496,759.9394619496663,198.97320985000115,110.05783213706243,614.5467839377267,50.88443983759199
2026-02-11 02:00:00+00:00,2133.72,3870.04,6007.76,789.11,4.283595e-06,101.1,719.32,36.23,1051.679595198161,3499.5776538031814,3018.1745004122895,745.0777031648443,137.41949525293344,109.16317935817001,612.5692284884246,50.87175948374657,1055.4749002676917,3444.4520705886116,3041.457130428496,759.9394619496663,198.97320985000115,110.05783213706243,614.5467839377267,50.88443983759199,1055.4749002676917,3444.4520705886116,3041.457130428496,759.9394619496663,198.97320985000115,110.05783213706243,614.5467839377267,50.88443983759199
2026-02-11 03:00:00+00:00,2218.68,3913.94,6017.23,789.11,4.283595e-06,101.35,671.6,37.31,1041.8759050008464,3501.054114837482,3002.4457799675265,747.4781395637796,143.9887315597731,109.16317935817001,612.5692284884246,50.87175948374657,1055.4749002676917,3444.4520705886116,3041.457130428496,759.9394619496663,198.97320985000115,110.05783213706243,614.5467839377267,50.88443983759199,1055.4749002676917,3444.4520705886116,3041.457130428496,759.9394619496663,198.97320985000115,110.05783213706243,614.5467839377267,50.88443983759199
2026-02-11 04:00:00+00:00,2264.79,3972.06,6072.13,789.11,4.283595e-06,102.12,625.9,37.31,1074.1284621555315,3557.2896033446887,3136.063116608451,751.5328397947604,150.55796786661273,109.16317935817001,612.5692284884246,50.87175948374657,1055.4749002676917,3444.4520705886116,3041.457130428496,759.9394619496663,198.97320985000115,110.05783213706243,614.5467839377267,50.88443983759199,1055.4749002676917,3444.4520705886116,3041.457130428496,759.9394619496663,198.97320985000115,110.05783213706243,614.5467839377267,50.88443983759199
2026-02-11 05:00:00+00:00,2460.45,4456.04,6520.77,791.43,4.283595e-06,110.39,603.89,37.31,1147.820544156462,3674.856148328072,3433.253033999063,758.7239013966077,157.12720417345236,109.16317935817001,612.5692284884246,50.87175948374657,1055.4749002676917,3444.4520705886116,3041.457130428496,759.9394619496663,198.97320985000115,110.05783213706243,614.5467839377267,50.88443983759199,1055.4749002676917,3444.4520705886116,3041.457130428496,759.9394619496663,198.97320985000115,110.05783213706243,614.5467839377267,50.88443983759199
2026-02-11 06:00:00+00:00,2571.01,4659.28,6542.15,794.67,157.82,112.9,615.95,37.31,1197.0451414109596,3758.9745589686677,3636.269083536049,764.2837137926541,163.696440480292,109.16317935817001,612.5692284884246,50.87175948374657,1055.4749002676917,3444.4520705886116,3041.457130428496,759.9394619496663,198.97320985000115,110.05783213706243,614.5467839377267,50.88443983759199,1055.4749002676917,3444.4520705886116,3041.457130428496,759.9394619496663,198.97320985000115,110.05783213706243,614.5467839377267,50.88443983759199
2026-02-11 07:00:00+00:00,2563.36,4576.61,6604.09,796.11,539.54,114.41,619.07,37.31,1206.1748300488925,3770.151447576065,3675.162876383844,766.274092614534,170.26567678713164,109.16317935817001,612.5692284884246,50.87175948374657,1055.4749002676917,3444.4520705886116,3041.457130428496,759.9394619496663,198.97320985000115,110.05783213706243,614.5467839377267,50.88443983759199,1055.4749002676917,3444.4520705886116,3041.457130428496,759.9394619496663,198.97320985000115,110.05783213706243,614.5467839377267,50.88443983759199
2026-02-11 08:00:00+00:00,2548.66,4569.87,6545.32,796.11,205.86,114.76,636.01,37.31,1197.6321576675705,3734.5461668664316,3637.9082513926182,766.341436146533,176.8349130939713,109.16317935817001,612.5692284884246,50.87175948374657,1055.4749002676917,3444.4520705886116,3041.457130428496,759.9394619496663,198.97320985000115,110.05783213706243,614.5467839377267,50.88443983759199,1055.4749002676917,3444.4520705886116,3041.457130428496,759.9394619496663,198.97320985000115,110.05783213706243,614.5467839377267,50.88443983759199
2026-02-11 09:00:00+00:00,2544.8,4514.08,6415.05,795.12,66.00001,115.99,633.96,37.31,1191.8254333705943,3693.202136779815,3606.550015836984,766.1635585962424,183.40414940081092,109.16317935817001,612.5692284884246,50.87175948374657,1055.4749002676917,3444.4520705886116,3041.457130428496,759.9394619496663,198.97320985000115,110.05783213706243,614.5467839377267,50.88443983759199,1055.4749002676917,3444.4520705886116,3041.457130428496,759.9394619496663,198.97320985000115,110.05783213706243,614.5467839377267,50.88443983759199
2026-02-11 10:00:00+00:00,2446.31,4525.16,6245.43,794.39,213.68,122.41,582.17,37.31,1192.2610800380075,3675.9174962110537,3606.4533829885404,767.0625303396463,189.97338570765055,109.16317935817001,612.5692284884246,50.87175948374657,1055.4749002676917,3444.4520705886116,3041.457130428496,759.9394619496663,198.97320985000115,110.05783213706243,614.5467839377267,50.88443983759199,1055.4749002676917,3444.4520705886116,3041.457130428496,759.9394619496663,198.97320985000115,110.05783213706243,614.5467839377267,50.88443983759199
2026-02-11 11:00:00+00:00,2446.92,4529.97,6475.86,794.39,211.75,122.95,603.13,37.31,1161.4900457057051,3677.469788777319,3501.2384102600413,767.2578587224133,196.5426220144902,109.16317935817001,612.5692284884246,50.87175948374657,1055.4749002676917,3444.4520705886116,3041.457130428496,759.9394619496663,198.97320985000115,110.05783213706243,614.5467839377267,50.88443983759199,1055.4749002676917,3444.4520705886116,3041.457130428496,759.9394619496663,198.97320985000115,110.05783213706243,614.5467839377267,50.88443983759199
2026-02-11 12:00:00+00:00,2450.08,4333.9,6274.17,794.39,4.283595e-06,125.07,683.6,37.31,1120.3945397143177,3686.9863073785755,3382.389206724926,769.1600118149312,203.11185832132983,109.16317935817001,612.5692284884246,50.87175948374657,1055.4749002676917,3444.4520705886116,3041.457130428496,759.9394619496663,198.97320985000115,110.05783213706243,614.5467839377267,50.88443983759199,1055.4749002676917,3444.4520705886116,3041.457130428496,759.9394619496663,198.97320985000115,110.05783213706243,614.5467839377267,50.88443983759199
2026-02-11 13:00:00+00:00,2449.94,4502.43,6435.9,794.39,4.283595e-06,125.55,657.6,37.31,1120.5693073353968,3707.122481290954,3385.606725186838,770.4374182381589,209.6810946281695,109.16317935817001,612.5692284884246,50.87175948374657,1055.4749002676917,3444.4520705886116,3041.457130428496,759.9394619496663,198.97320985000115,110.05783213706243,614.5467839377267,50.88443983759199,1055.4749002676917,3444.4520705886116,3041.457130428496,759.9394619496663,198.97320985000115,110.05783213706243,614.5467839377267,50.88443983759199
2026-02-11 14:00:00+00:00,2453.01,4577.28,6690.5,794.39,4.283595e-06,127.32,613.59,37.31,1126.0629443930063,3727.7376616362835,3399.827519256378,771.2014812637111,216.25033093500912,109.16317935817001,612.5692284884246,50.87175948374657,1055.4749002676917,3444.4520705886116,3041.457130428496,759.9394619496663,198.97320985000115,110.05783213706243,614.5467839377267,50.88443983759199,1055.4749002676917,3444.4520705886116,3041.457130428496,759.9394619496663,198.97320985000115,110.05783213706243,614.5467839377267,50.88443983759199
2026-02-11 15:00:00+00:00,2460.09,4450.26,6757.99,795.82,4.310002,129.78,619.06,37.31,1137.3762048059805,3740.233010925813,3453.159067545041,773.888932684701,222.81956724184874,109.16317935817001,612.5692284884246,50.87175948374657,1055.4749002676917,3444.4520705886116,3041.457130428496,759.9394619496663,198.97320985000115,110.05783213706243,614.5467839377267,50.88443983759199,1055.4749002676917,3444.4520705886116,3041.457130428496,759.9394619496663,198.97320985000115,110.05783213706243,614.5467839377267,50.88443983759199
2026-02-11 16:00:00+00:00,2576.01,4145.94,6809.96,796.99,249.08,130.01,587.47,37.31,1158.3177360328302,3753.835417949706,3549.0155207965354,777.7203088700381,229.3888035486884,109.16317935817001,612.5692284884246,50.87175948374657,1055.4749002676917,3444.4520705886116,3041.457130428496,759.9394619496663,198.97320985000115,110.05783213706243,614.5467839377267,50.88443983759199,1055.4749002676917,3444.4520705886116,3041.457130428496,759.9394619496663,198.97320985000115,110.05783213706243,614.5467839377267,50.88443983759199
2026-02-11 17:00:00+00:00,2595.44,4136.67,6829.47,797.19,74.66001,131.2,598.81,37.31,1178.2074304870987,3743.568113716648,3626.9091437110496,780.2067779298518,235.95803985552803,109.16317935817001,612.5692284884246,50.87175948374657,1055.4749002676917,3444.4520705886116,3041.457130428496,759.9394619496663,198.97320985000115,110.05783213706243,614.5467839377267,50.88443983759199,1055.4749002676917,3444.4520705886116,3041.457130428496,759.9394619496663,198.97320985000115,110.05783213706243,614.5467839377267,50.88443983759199
2026-02-11 18:00:00+00:00,2581.13,4141.86,6824.61,795.48,4.310002,132.3,603.4,37.31,1168.636879218975,3683.26088822196,3591.3879118240097,780.7272518544072,242.52727616236768,109.16317935817001,612.5692284884246,50.87175948374657,1055.4749002676917,3444.4520705886116,3041.457130428496,759.9394619496663,198.97320985000115,110.05783213706243,614.5467839377267,50.88443983759199,1055.4749002676917,3444.4520705886116,3041.457130428496,759.9394619496663,198.97320985000115,110.05783213706243,614.5467839377267,50.88443983759199
2026-02-11 19:00:00+00:00,2460.88,4159.0,6781.17,795.48,4.283595e-06,133.01,625.59,37.31,1140.1047971519147,3603.0390165051404,3482.523058273542,779.9515198939247,249.0965124692073,109.16317935817001,612.5692284884246,50.87175948374657,1055.4749002676917,3444.4520705886116,3041.457130428496,759.9394619496663,198.97320985000115,110.05783213706243,614.5467839377267,50.88443983759199,1055.4749002676917,3444.4520705886116,3041.457130428496,759.9394619496663,198.97320985000115,110.05783213706243,614.5467839377267,50.88443983759199
2026-02-11 20:00:00+00:00,2406.92,4139.28,6630.82,795.48,4.283595e-06,133.44,652.31,37.31,1118.5881606262612,3517.635177802681,3400.6201447003546,779.6398216597297,255.66574877604694,109.16317935817001,612.5692284884246,50.87175948374657,1055.4749002676917,3444.4520705886116,3041.457130428496,759.9394619496663,198.97320985000115,110.05783213706243,614.5467839377267,50.88443983759199,1055.4749002676917,3444.4520705886116,3041.457130428496,759.9394619496663,198.97320985000115,110.05783213706243,614.5467839377267,50.88443983759199
2026-02-11 21:00:00+00:00,2328.38,4160.21,6341.06,794.18,4.283595e-06,133.36,678.71,37.31,1100.3422677948363,3466.255611445161,3327.076890292508,779.1577158288238,262.2349850828866,109.16317935817001,612.5692284884246,50.87175948374657,1055.4749002676917,3444.4520705886116,3041.457130428496,759.9394619496663,198.97320985000115,110.05783213706243,614.5467839377267,50.88443983759199,1055.4749002676917,3444.4520705886116,3041.457130428496,759.9394619496663,198.97320985000115,110.05783213706243,614.5467839377267,50.88443983759199
2026-02-11 22:00:00+00:00,2267.66,3995.3,4416.16,793.39,4.283595e-06,133.14,651.8,37.31,1064.9521749635906,3408.222709909121,3193.430812062177,778.0722600542357,268.8042213897262,109.16317935817001,612.5692284884246,50.87175948374657,1055.4749002676917,3444.4520705886116,3041.457130428496,759.9394619496663,198.97320985000115,110.05783213706243,614.5467839377267,50.88443983759199,1055.4749002676917,3444.4520705886116,3041.457130428496,759.9394619496663,198.97320985000115,110.05783213706243,614.5467839377267,50.88443983759199
2026-02-11 23:00:00+00:00,2241.38,3631.69,4302.85,788.65,4.283595e-06,124.87,613.27,35.63,1022.7356757642201,3369.568268964807,3033.009167804432,776.4841927742109,275.3734576965659,109.16317935817001,612.5692284884246,50.87175948374657,1055.4749002676917,3444.4520705886116,3041.457130428496,759.9394619496663,198.97320985000115,110.05783213706243,614.5467839377267,50.88443983759199,1055.4749002676917,3444.4520705886116,3041.457130428496,759.9394619496663,198.97320985000115,110.05783213706243,614.5467839377267,50.88443983759199
2026-02-12 00:00:00+00:00,1964.46,3644.14,4277.25,788.89,4.283595e-06,124.88,650.81,36.6,989.932987224171,3346.7439451978753,2835.7652540307463,743.9634700115141,124.28102263925418,109.16317935817001,612.5692284884246,50.87175948374657,1055.4749002676917,3444.4520705886116,3041.457130428496,759.9394619496663,198.97320985000115,110.05783213706243,614.5467839377267,50.88443983759199,1055.4749002676917,3444.4520705886116,3041.457130428496,759.9394619496663,198.97320985000115,110.05783213706243,614.5467839377267,50.88443983759199
2026-02-12 01:00:00+00:00,1790.73,3624.44,4280.73,788.6,4.283595e-06,124.47,620.97,39.5,980.8169761878747,3336.6716914291674,2788.05701979326,743.2323526945075,130.8502589460938,109.16317935817001,612.5692284884246,50.87175948374657,1055.4749002676917,3444.4520705886116,3041.457130428496,759.9394619496663,198.97320985000115,110.05783213706243,614.5467839377267,50.88443983759199,1055.4749002676917,3444.4520705886116,3041.457130428496,759.9394619496663,198.97320985000115,110.05783213706243,614.5467839377267,50.88443983759199
2026-02-12 02:00:00+00:00,1718.73,3611.22,4336.79,788.6,4.283595e-06,123.47,568.3,39.5,991.4134788214137,3330.465216892007,2815.4451897930326,743.7447744861225,137.41949525293344,109.16317935817001,612.5692284884246,50.87175948374657,1055.4749002676917,3444.4520705886116,3041.457130428496,759.9394619496663,198.97320985000115,110.05783213706243,614.5467839377267,50.88443983759199,1055.4749002676917,3444.4520705886116,3041.457130428496,759.9394619496663,198.97320985000115,110.05783213706243,614.5467839377267,50.88443983759199
2026-02-12 03:00:00+00:00,1750.11,3629.04,4379.06,788.6,4.283595e-06,131.91,574.22,39.5,1000.4360905749986,3352.632616286857,2851.1917832997606,745.4712277074444,143.9887315597731,109.16317935817001,612.5692284884246,50.87175948374657,1055.4749002676917,3444.4520705886116,3041.457130428496,759.9394619496663,198.97320985000115,110.05783213706243,614.5467839377267,50.88443983759199,1055.4749002676917,3444.4520705886116,3041.457130428496,759.9394619496663,198.97320985000115,110.05783213706243,614.5467839377267,50.88443983759199
2026-02-12 04:00:00+00:00,2245.69,3788.7,4663.59,788.6,4.283595e-06,131.84,563.0,39.5,1043.3246712457938,3399.7381464614673,3027.2071351582867,750.37317855521,150.55796786661273,109.16317935817001,612.5692284884246,50.87175948374657,1055.4749002676917,3444.4520705886116,3041.457130428496,759.9394619496663,198.97320985000115,110.05783213706243,614.5467839377267,50.88443983759199,1055.4749002676917,3444.4520705886116,3041.457130428496,759.9394619496663,198.97320985000115,110.05783213706243,614.5467839377267,50.88443983759199
2026-02-12 05:00:00+00:00,2395.05,4229.39,5967.29,790.93,21.539997,131.12,563.24,39.5,1126.606360759534,3504.7121393027533,3361.3327416352654,758.20930160789,157.12720417345236,109.16317935817001,612.5692284884246,50.87175948374657,1055.4749002676917,3444.4520705886116,3041.457130428496,759.9394619496663,198.97320985000115,110.05783213706243,614.5467839377267,50.88443983759199,1055.4749002676917,3444.4520705886116,3041.457130428496,759.9394619496663,198.97320985000115,110.05783213706243,614.5467839377267,50.88443983759199
2026-02-12 06:00:00+00:00,2401.95,4580.63,6800.06,794.16,54.030003,129.6,608.99,39.5,1181.8580812423374,3599.0887020328523,3589.5484763133595,764.356740644317,163.696440480292,109.16317935817001,612.5692284884246,50.87175948374657,1055.4749002676917,3444.4520705886116,3041.457130428496,759.9394619496663,198.97320985000115,110.05783213706243,614.5467839377267,50.88443983759199,1055.4749002676917,3444.4520705886116,3041.457130428496,759.9394619496663,198.97320985000115,110.05783213706243,614.5467839377267,50.88443983759199
2026-02-12 07:00:00+00:00,2398.75,4580.93,6910.75,795.6,149.51,128.08,591.39,39.5,1208.2807687500565,3597.5210934050006,3677.8273774003683,765.9221135105943,170.26567678713164,109.16317935817001,612.5692284884246,50.87175948374657,1055.4749002676917,3444.4520705886116,3041.457130428496,759.9394619496663,198.97320985000115,110.05783213706243,614.5467839377267,50.88443983759199,1055.4749002676917,3444.4520705886116,3041.457130428496,759.9394619496663,198.97320985000115,110.05783213706243,614.5467839377267,50.88443983759199
2026-02-12 08:00:00+00:00,2390.93,4580.15,6654.78,795.6,23.440006,127.92,581.25,37.67,1205.0808271645103,3559.054526049389,3648.7517890516674,765.2074882158834,176.8349130939713,109.16317935817001,612.5692284884246,50.87175948374657,1055.4749002676917,3444.4520705886116,3041.457130428496,759.9394619496663,198.97320985000115,110.05783213706243,614.5467839377267,50.88443983759199,1055.4749002676917,3444.4520705886116,3041.457130428496,759.9394619496663,198.97320985000115,110.05783213706243,614.5467839377267,50.88443983759199
2026-02-12 09:00:00+00:00,2228.81,4475.6,5850.25,795.02,4.283595e-06,127.62,597.75,35.84,1171.8886756916913,3518.076497647886,3538.923017628947,765.6770133994218,183.40414940081092,109.16317935817001,612.5692284884246,50.87175948374657,1055.4749002676917,3444.4520705886116,3041.457130428496,759.9394619496663,198.97320985000115,110.05783213706243,614.5467839377267,50.88443983759199,1055.4749002676917,3444.4520705886116,3041.457130428496,759.9394619496663,198.97320985000115,110.05783213706243,614.5467839377267,50.88443983759199
2026-02-12 10:00:00+00:00,1937.69,4407.37,5856.68,795.02,4.283595e-06,119.29,603.11,37.57,1144.1120424565102,3510.6886975755688,3464.5003955067828,767.843987990068,189.97338570765055,109.16317935817001,612.5692284884246,50.87175948374657,1055.4749002676917,3444.4520705886116,3041.457130428496,759.9394619496663,198.97320985000115,110.05783213706243,614.5467839377267,50.88443983759199,1055.4749002676917,3444.4520705886116,3041.457130428496,759.9394619496663,198.97320985000115,110.05783213706243,614.5467839377267,50.88443983759199
2026-02-12 11:00:00+00:00,1933.32,4398.7,5497.82,795.02,4.283595e-06,120.74,626.18,39.29,1101.5616306262818,3500.4959344513904,3337.8271476307464,769.4471046686309,196.5426220144902,109.16317935817001,612.5692284884246,50.87175948374657,1055.4749002676917,3444.4520705886116,3041.457130428496,759.9394619496663,198.97320985000115,110.05783213706243,614.5467839377267,50.88443983759199,1055.4749002676917,3444.4520705886116,3041.457130428496,759.9394619496663,198.97320985000115,110.05783213706243,614.5467839377267,50.88443983759199
2026-02-12 12:00:00+00:00,1934.06,4389.17,5492.84,795.02,4.283595e-06,124.4,591.06,39.29,1095.5688160416419,3512.814201573094,3313.8742981518863,770.0004937339467,203.11185832132983,109.16317935817001,612.5692284884246,50.87175948374657,1055.4749002676917,3444.4520705886116,3041.457130428496,759.9394619496663,198.97320985000115,110.05783213706243,614.5467839377267,50.88443983759199,1055.4749002676917,3444.4520705886116,3041.457130428496,759.9394619496663,198.97320985000115,110.05783213706243,614.5467839377267,50.88443983759199
2026-02-12 13:00:00+00:00,1971.22,4480.85,5654.94,795.02,4.283595e-06,128.76,574.01,39.29,1084.5402218223167,3520.322426569402,3257.783520249156,769.0456448634305,209.6810946281695,109.16317935817001,612.5692284884246,50.87175948374657,1055.4749002676917,3444.4520705886116,3041.457130428496,759.9394619496663,198.97320985000115,110.05783213706243,614.5467839377267,50.88443983759199,1055.4749002676917,3444.4520705886116,3041.457130428496,759.9394619496663,198.97320985000115,110.05783213706243,614.5467839377267,50.88443983759199
2026-02-12 14:00:00+00:00,1919.67,4575.25,5488.18,795.02,4.283595e-06,129.03,577.72,39.29,1117.9280227189784,3540.4770558277582,3348.5515790295713,768.8403767479044,216.25033093500912,109.16317935817001,612.5692284884246,50.87175948374657,1055.4749002676917,3444.4520705886116,3041.457130428496,759.9394619496663,198.97320985000115,110.05783213706243,614.5467839377267,50.88443983759199,1055.4749002676917,3444.4520705886116,3041.457130428496,759.9394619496663,198.97320985000115,110.05783213706243,614.5467839377267,50.88443983759199
2026-02-12 15:00:00+00:00,2016.57,4571.7,5553.83,795.02,4.283595e-06,129.18,649.02,39.29,1138.9674833322886,3542.3063801304033,3432.615637442619,771.5627318405569,222.81956724184874,109.16317935817001,612.5692284884246,50.87175948374657,1055.4749002676917,3444.4520705886116,3041.457130428496,759.9394619496663,198.97320985000115,110.05783213706243,614.5467839377267,50.88443983759199,1055.4749002676917,3444.4520705886116,3041.457130428496,759.9394619496663,198.97320985000115,110.05783213706243,614.5467839377267,50.88443983759199
2026-02-12 16:00:00+00:00,2351.37,4619.9,5880.5,796.19,4.283595e-06,130.27,645.18,39.29,1179.2821151944436,3577.942263321186,3599.764748930983,776.3905206314984,229.3888035486884,109.16317935817001,612.5692284884246,50.87175948374657,1055.4749002676917,3444.4520705886116,3041.457130428496,759.9394619496663,198.97320985000115,110.05783213706243,614.5467839377267,50.88443983759199,1055.4749002676917,3444.4520705886116,3041.457130428496,759.9394619496663,198.97320985000115,110.05783213706243,614.5467839377267,50.88443983759199
2026-02-12 17:00:00+00:00,2439.15,4620.86,6062.49,796.84,4.283595e-06,129.43,580.01,39.29,1200.2522375807127,3588.8152544987665,3686.7666024216064,779.4097189410833,235.95803985552803,109.16317935817001,612.5692284884246,50.87175948374657,1055.4749002676917,3444.4520705886116,3041.457130428496,759.9394619496663,198.97320985000115,110.05783213706243,614.5467839377267,50.88443983759199,1055.4749002676917,3444.4520705886116,3041.457130428496,759.9394619496663,198.97320985000115,110.05783213706243,614.5467839377267,50.88443983759199
2026-02-12 18:00:00+00:00,2407.77,4516.4,5801.62,796.84,4.283595e-06,129.83,598.64,39.29,1176.4561076454684,3549.1658449107094,3603.343851712889,779.613843370118,242.52727616236768,109.16317935817001,612.5692284884246,50.87175948374657,1055.4749002676917,3444.4520705886116,3041.457130428496,759.9394619496663,198.97320985000115,110.05783213706243,614.5467839377267,50.88443983759199,1055.4749002676917,3444.4520705886116,3041.457130428496,759.9394619496663,198.97320985000115,110.05783213706243,614.5467839377267,50.88443983759199
2026-02-12 19:00:00+00:00,2113.37,4254.21,5676.26,797.73,4.283595e-06,129.43,593.15,39.29,1139.3873604691892,3489.7055064580195,3467.1693614845562,778.7768974887862,249.0965124692073,109.16317935817001,612.5692284884246,50.87175948374657,1055.4749002676917,3444.4520705886116,3041.457130428496,759.9394619496663,198.97320985000115,110.05783213706243,614.5467839377267,50.88443983759199,1055.4749002676917,3444.4520705886116,3041.457130428496,759.9394619496663,198.97320985000115,110.05783213706243,614.5467839377267,50.88443983759199
2026-02-12 20:00:00+00:00,1892.44,4233.34,5159.62,796.84,4.283595e-06,129.43,605.74,39.29,1089.8444281494176,3425.840086365445,3285.6701735175493,777.3534506404438,255.66574877604694,109.16317935817001,612.5692284884246,50.87175948374657,1055.4749002676917,3444.4520705886116,3041.457130428496,759.9394619496663,198.97320985000115,110.05783213706243,614.5467839377267,50.88443983759199,1055.4749002676917,3444.4520705886116,3041.457130428496,759.9394619496663,198.97320985000115,110.05783213706243,614.5467839377267,50.88443983759199
2026-02-12 21:00:00+00:00,1809.46,4236.08,5142.67,795.53,4.283595e-06,129.83,689.67,39.29,1056.6366908588823,3381.4856189051893,3159.484191774118,776.3230385248429,262.2349850828866,109.16317935817001,612.5692284884246,50.87175948374657,1055.4749002676917,3444.4520705886116,3041.457130428496,759.9394619496663,198.97320985000115,110.05783213706243,614.5467839377267,50.88443983759199,1055.4749002676917,3444.4520705886116,3041.457130428496,759.9394619496663,198.97320985000115,110.05783213706243,614.5467839377267,50.88443983759199
2026-02-12 22:00:00+00:00,1641.94,4159.49,5032.68,794.74,4.283595e-06,131.0,714.72,39.29,1028.6653499297,3329.1944097903925,3050.1646624951154,775.340165604044,268.8042213897262,109.16317935817001,612.5692284884246,50.87175948374657,1055.4749002676917,3444.4520705886116,3041.457130428496,759.9394619496663,198.97320985000115,110.05783213706243,614.5467839377267,50.88443983759199,1055.4749002676917,3444.4520705886116,3041.457130428496,759.9394619496663,198.97320985000115,110.05783213706243,614.5467839377267,50.88443983759199
2026-02-12 23:00:00+00:00,1435.79,4215.52,4861.0,789.28,4.283595e-06,120.57,677.96,37.61,988.7180664771954,3289.372256785587,2899.2437895565026,773.9683066117263,275.3734576965659,109.16317935817001,612.5692284884246,50.87175948374657,1055.4749002676917,3444.4520705886116,3041.457130428496,759.9394619496663,198.97320985000115,110.05783213706243,614.5467839377267,50.88443983759199,1055.4749002676917,3444.4520705886116,3041.457130428496,759.9394619496663,198.97320985000115,110.05783213706243,614.5467839377267,50.88443983759199
2026-02-13 00:00:00+00:00,1427.86,4212.84,4660.19,791.11,4.283595e-06,121.03,682.63,37.61,949.6128789858507,3275.579738626783,2674.3012981580814,740.7082303452722,124.28102263925418,109.16317935817001,612.5692284884246,50.87175948374657,1055.4749002676917,3444.4520705886116,3041.457130428496,759.9394619496663,198.97320985000115,110.05783213706243,614.5467839377267,50.88443983759199,1055.4749002676917,3444.4520705886116,3041.457130428496,759.9394619496663,198.97320985000115,110.05783213706243,614.5467839377267,50.88443983759199
2026-02-13 01:00:00+00:00,1434.26,4166.17,4490.83,790.82,4.283595e-06,122.43,673.91,37.61,918.3856087722708,3274.8707602524896,2559.462289348692,740.1506078964726,130.8502589460938,109.16317935817001,612.5692284884246,50.87175948374657,1055.4749002676917,3444.4520705886116,3041.457130428496,759.9394619496663,198.97320985000115,110.05783213706243,614.5467839377267,50.88443983759199,1055.4749002676917,3444.4520705886116,3041.457130428496,759.9394619496663,198.97320985000115,110.05783213706243,614.5467839377267,50.88443983759199
2026-02-13 02:00:00+00:00,1441.38,4176.66,4445.46,790.82,4.283595e-06,120.57,632.61,37.61,912.3179668183468,3283.6208597331774,2544.504062238161,741.5508990552178,137.41949525293344,109.16317935817001,612.5692284884246,50.87175948374657,1055.4749002676917,3444.4520705886116,3041.457130428496,759.9394619496663,198.97320985000115,110.05783213706243,614.5467839377267,50.88443983759199,1055.4749002676917,3444.4520705886116,3041.457130428496,759.9394619496663,198.97320985000115,110.05783213706243,614.5467839377267,50.88443983759199
2026-02-13 03:00:00+00:00,1447.93,4145.94,4631.97,790.82,4.283595e-06,129.23,586.14,37.61,932.5848226171057,3299.1116765098654,2626.421897913241,744.2957082475551,143.9887315597731,109.16317935817001,612.5692284884246,50.87175948374657,1055.4749002676917,3444.4520705886116,3041.457130428496,759.9394619496663,198.97320985000115,110.05783213706243,614.5467839377267,50.88443983759199,1055.4749002676917,3444.4520705886116,3041.457130428496,759.9394619496663,198.97320985000115,110.05783213706243,614.5467839377267,50.88443983759199
2026-02-13 04:00:00+00:00,1663.67,4373.61,5557.62,791.27,4.283595e-06,130.63,570.6,39.8,993.3613872901411,3383.3281669208554,2853.80537331659,748.7810283686373,150.55796786661273,109.16317935817001,612.5692284884246,50.87175948374657,1055.4749002676917,3444.4520705886116,3041.457130428496,759.9394619496663,198.97320985000115,110.05783213706243,614.5467839377267,50.88443983759199,1055.4749002676917,3444.4520705886116,3041.457130428496,759.9394619496663,198.97320985000115,110.05783213706243,614.5467839377267,50.88443983759199
2026-02-13 05:00:00+00:00,2226.3,4616.09,6410.97,794.04,4.283595e-06,128.77,577.94,40.53,1091.17446560802,3529.3479283084653,3236.3842766946163,756.8963658385197,157.12720417345236,109.16317935817001,612.5692284884246,50.87175948374657,1055.4749002676917,3444.4520705886116,3041.457130428496,759.9394619496663,198.97320985000115,110.05783213706243,614.5467839377267,50.88443983759199,1055.4749002676917,3444.4520705886116,3041.457130428496,759.9394619496663,198.97320985000115,110.05783213706243,614.5467839377267,50.88443983759199
2026-02-13 06:00:00+00:00,2311.71,4598.15,6798.5,797.28,85.96999,128.77,631.94,40.53,1164.9503390757072,3642.9730849683297,3528.426037158673,763.5896345002852,163.696440480292,109.16317935817001,612.5692284884246,50.87175948374657,1055.4749002676917,3444.4520705886116,3041.457130428496,759.9394619496663,198.97320985000115,110.05783213706243,614.5467839377267,50.88443983759199,1055.4749002676917,3444.4520705886116,3041.457130428496,759.9394619496663,198.97320985000115,110.05783213706243,614.5467839377267,50.88443983759199
2026-02-13 07:00:00+00:00,2335.95,4610.69,6931.09,799.46,314.44,128.77,629.94,40.53,1213.2733785011126,3694.4486357510245,3690.396772219187,765.6403714182429,170.26567678713164,109.16317935817001,612.5692284884246,50.87175948374657,1055.4749002676917,3444.4520705886116,3041.457130428496,759.9394619496663,198.97320985000115,110.05783213706243,614.5467839377267,50.88443983759199,1055.4749002676917,3444.4520705886116,3041.457130428496,759.9394619496663,198.97320985000115,110.05783213706243,614.5467839377267,50.88443983759199
2026-02-13 08:00:00+00:00,2321.68,4638.57,6886.41,799.57,139.47,128.77,626.89,40.53,1216.5814360317704,3681.73292553818,3671.9917773299135,764.0336828084452,176.8349130939713,109.16317935817001,612.5692284884246,50.87175948374657,1055.4749002676917,3444.4520705886116,3041.457130428496,759.9394619496663,198.97320985000115,110.05783213706243,614.5467839377267,50.88443983759199,1055.4749002676917,3444.4520705886116,3041.457130428496,759.9394619496663,198.97320985000115,110.05783213706243,614.5467839377267,50.88443983759199
2026-02-13 09:00:00+00:00,2177.11,4583.15,6462.34,799.31,43.09,128.77,642.1,40.53,1213.5661304007733,3660.045358527804,3646.3129616354727,763.5734986984934,183.40414940081092,109.16317935817001,612.5692284884246,50.87175948374657,1055.4749002676917,3444.4520705886116,3041.457130428496,759.9394619496663,198.97320985000115,110.05783213706243,614.5467839377267,50.88443983759199,1055.4749002676917,3444.4520705886116,3041.457130428496,759.9394619496663,198.97320985000115,110.05783213706243,614.5467839377267,50.88443983759199
2026-02-13 10:00:00+00:00,2179.57,4559.06,6398.98,799.31,32.319996,120.35,570.68,40.53,1199.758424648575,3638.3162650204267,3609.423860003954,765.1792311084246,189.97338570765055,109.16317935817001,612.5692284884246,50.87175948374657,1055.4749002676917,3444.4520705886116,3041.457130428496,759.9394619496663,198.97320985000115,110.05783213706243,614.5467839377267,50.88443983759199,1055.4749002676917,3444.4520705886116,3041.457130428496,759.9394619496663,198.97320985000115,110.05783213706243,614.5467839377267,50.88443983759199
2026-02-13 11:00:00+00:00,2283.36,4551.98,6692.33,799.31,4.283595e-06,120.6,584.39,40.53,1197.6573539981569,3647.5877331278975,3600.8249031200453,766.0264910324997,196.5426220144902,109.16317935817001,612.5692284884246,50.87175948374657,1055.4749002676917,3444.4520705886116,3041.457130428496,759.9394619496663,198.97320985000115,110.05783213706243,614.5467839377267,50.88443983759199,1055.4749002676917,3444.4520705886116,3041.457130428496,759.9394619496663,198.97320985000115,110.05783213706243,614.5467839377267,50.88443983759199
2026-02-13 12:00:00+00:00,2300.1,4616.72,6750.42,799.31,4.283595e-06,125.34,573.24,40.53,1190.2566162564046,3675.164684276217,3579.040576527478,767.1830685459114,203.11185832132983,109.16317935817001,612.5692284884246,50.87175948374657,1055.4749002676917,3444.4520705886116,3041.457130428496,759.9394619496663,198.97320985000115,110.05783213706243,614.5467839377267,50.88443983759199,1055.4749002676917,3444.4520705886116,3041.457130428496,759.9394619496663,198.97320985000115,110.05783213706243,614.5467839377267,50.88443983759199
2026-02-13 13:00:00+00:00,2344.67,4623.0,6823.25,799.71,4.283595e-06,129.49,576.84,40.53,1207.4777510173783,3710.6622659262844,3653.615639667946,770.128094811685,209.6810946281695,109.16317935817001,612.5692284884246,50.87175948374657,1055.4749002676917,3444.4520705886116,3041.457130428496,759.9394619496663,198.97320985000115,110.05783213706243,614.5467839377267,50.88443983759199,1055.4749002676917,3444.4520705886116,3041.457130428496,759.9394619496663,198.97320985000115,110.05783213706243,614.5467839377267,50.88443983759199
2026-02-13 14:00:00+00:00,2388.56,4675.5,6962.96,799.71,192.82,129.49,582.02,40.53,1226.7713362072634,3769.6608045617177,3753.3226267990262,774.7867618835793,216.25033093500912,109.16317935817001,612.5692284884246,50.87175948374657,1055.4749002676917,3444.4520705886116,3041.457130428496,759.9394619496663,198.97320985000115,110.05783213706243,614.5467839377267,50.88443983759199,1055.4749002676917,3444.4520705886116,3041.457130428496,759.9394619496663,198.97320985000115,110.05783213706243,614.5467839377267,50.88443983759199
2026-02-13 15:00:00+00:00,2444.35,4633.5,6998.83,799.71,896.07,129.49,612.88,40.53,1248.9087990168944,3822.204984839736,3861.1875292067443,779.378590678107,222.81956724184874,109.16317935817001,612.5692284884246,50.87175948374657,1055.4749002676917,3444.4520705886116,3041.457130428496,759.9394619496663,198.97320985000115,110.05783213706243,614.5467839377267,50.88443983759199,1055.4749002676917,3444.4520705886116,3041.457130428496,759.9394619496663,198.97320985000115,110.05783213706243,614.5467839377267,50.88443983759199
2026-02-13 16:00:00+00:00,2562.38,4623.16,6853.31,800.43,716.17,129.79,652.76,38.09,1266.445125087425,3876.288611248761,3947.3060637845947,783.2919689985164,229.3888035486884,109.16317935817001,612.5692284884246,50.87175948374657,1055.4749002676917,3444.4520705886116,3041.457130428496,759.9394619496663,198.97320985000115,110.05783213706243,614.5467839377267,50.88443983759199,1055.4749002676917,3444.4520705886116,3041.457130428496,759.9394619496663,198.97320985000115,110.05783213706243,614.5467839377267,50.88443983759199
2026-02-13 17:00:00+00:00,2561.78,4624.82,6919.39,801.08,1200.14,129.49,640.39,37.28,1270.9989798084134,3887.40551632711,3970.9941312947867,785.1975974650085,235.95803985552803,109.16317935817001,612.5692284884246,50.87175948374657,1055.4749002676917,3444.4520705886116,3041.457130428496,759.9394619496663,198.97320985000115,110.05783213706243,614.5467839377267,50.88443983759199,1055.4749002676917,3444.4520705886116,3041.457130428496,759.9394619496663,198.97320985000115,110.05783213706243,614.5467839377267,50.88443983759199
2026-02-13 18:00:00+00:00,2559.61,4636.14,6905.19,801.08,303.36,129.59,667.85,37.28,1265.8326125390815,3854.2407157700673,3943.7830098518098,785.2172776879084,242.52727616236768,109.16317935817001,612.5692284884246,50.87175948374657,1055.4749002676917,3444.4520705886116,3041.457130428496,759.9394619496663,198.97320985000115,110.05783213706243,614.5467839377267,50.88443983759199,1055.4749002676917,3444.4520705886116,3041.457130428496,759.9394619496663,198.97320985000115,110.05783213706243,614.5467839377267,50.88443983759199
2026-02-13 19:00:00+00:00,2562.07,4643.49,6956.64,801.08,35.610004,129.49,650.82,37.28,1237.4371476933748,3799.421097957142,3830.6914336955715,784.0121990867793,249.0965124692073,109.16317935817001,612.5692284884246,50.87175948374657,1055.4749002676917,3444.4520705886116,3041.457130428496,759.9394619496663,198.97320985000115,110.05783213706243,614.5467839377267,50.88443983759199,1055.4749002676917,3444.4520705886116,3041.457130428496,759.9394619496663,198.97320985000115,110.05783213706243,614.5467839377267,50.88443983759199
2026-02-13 20:00:00+00:00,2374.31,4645.36,6751.22,801.08,35.610004,129.49,603.06,37.28,1214.7293222553185,3754.877980741563,3737.753913137359,783.027442207627,255.66574877604694,109.16317935817001,612.5692284884246,50.87175948374657,1055.4749002676917,3444.4520705886116,3041.457130428496,759.9394619496663,198.97320985000115,110.05783213706243,614.5467839377267,50.88443983759199,1055.4749002676917,3444.4520705886116,3041.457130428496,759.9394619496663,198.97320985000115,110.05783213706243,614.5467839377267,50.88443983759199
2026-02-13 21:00:00+00:00,2290.75,4588.2,6701.66,800.03,35.610004,129.51,589.84,37.28,1179.009205203766,3714.9146526026434,3598.5332752865697,781.5223333840894,262.2349850828866,109.16317935817001,612.5692284884246,50.87175948374657,1055.4749002676917,3444.4520705886116,3041.457130428496,759.9394619496663,198.97320985000115,110.05783213706243,614.5467839377267,50.88443983759199,1055.4749002676917,3444.4520705886116,3041.457130428496,759.9394619496663,198.97320985000115,110.05783213706243,614.5467839377267,50.88443983759199
2026-02-13 22:00:00+00:00,2271.36,4547.44,6493.85,799.22,4.283595e-06,129.8,548.85,36.75,1139.7263452570362,3683.8389568282255,3444.9957381656777,779.7244355544748,268.8042213897262,109.16317935817001,612.5692284884246,50.87175948374657,1055.4749002676917,3444.4520705886116,3041.457130428496,759.9394619496663,198.97320985000115,110.05783213706243,614.5467839377267,50.88443983759199,1055.4749002676917,3444.4520705886116,3041.457130428496,759.9394619496663,198.97320985000115,110.05783213706243,614.5467839377267,50.88443983759199
2026-02-13 23:00:00+00:00,2150.25,4553.99,6556.05,794.34,4.283595e-06,128.12,518.92,39.09,1096.1245664166927,3643.6252664986014,3282.855690728347,778.374145867246,275.3734576965659,109.16317935817001,612.5692284884246,50.87175948374657,1055.4749002676917,3444.4520705886116,3041.457130428496,759.9394619496663,198.97320985000115,110.05783213706243,614.5467839377267,50.88443983759199,1055.4749002676917,3444.4520705886116,3041.457130428496,759.9394619496663,198.97320985000115,110.05783213706243,614.5467839377267,50.88443983759199
2026-02-14 00:00:00+00:00,2155.11,4556.87,6551.23,795.56,4.283595e-06,128.37,560.96,35.18,1076.3294882541536,3614.050062792768,3134.3122800652445,745.7698911215533,123.23810767851417,108.85384789773066,611.93853801233,50.563211864069004,1055.4749002676917,3444.4520705886116,3041.457130428496,759.9394619496663,198.97320985000115,110.05783213706243,614.5467839377267,50.88443983759199,1055.4749002676917,3444.4520705886116,3041.457130428496,759.9394619496663,198.97320985000115,110.05783213706243,614.5467839377267,50.88443983759199
2026-02-14 01:00:00+00:00,2109.53,4560.95,6485.17,795.73,4.283595e-06,129.12,545.16,35.18,1061.141203499916,3583.3737124560375,3075.1438608041863,745.7347968656027,129.76827041911315,108.85384789773066,611.93853801233,50.563211864069004,1055.4749002676917,3444.4520705886116,3041.457130428496,759.9394619496663,198.97320985000115,110.05783213706243,614.5467839377267,50.88443983759199,1055.4749002676917,3444.4520705886116,3041.457130428496,759.9394619496663,198.97320985000115,110.05783213706243,614.5467839377267,50.88443983759199
2026-02-14 02:00:00+00:00,2165.97,4575.26,6473.8,795.73,4.283595e-06,127.79,568.0,35.18,1050.4141499672567,3564.8172866458717,3038.288684016645,746.4316290158616,136.2984331597121,108.85384789773066,611.93853801233,50.563211864069004,1055.4749002676917,3444.4520705886116,3041.457130428496,759.9394619496663,198.97320985000115,110.05783213706243,614.5467839377267,50.88443983759199,1055.4749002676917,3444.4520705886116,3041.457130428496,759.9394619496663,198.97320985000115,110.05783213706243,614.5467839377267,50.88443983759199
2026-02-14 03:00:00+00:00,2132.67,4579.59,6457.57,795.73,4.283595e-06,127.19,579.07,35.18,1043.4333788485085,3552.579674126146,3016.885941603593,747.4668835078865,142.82859590031106,108.85384789773066,611.93853801233,50.563211864069004,1055.4749002676917,3444.4520705886116,3041.457130428496,759.9394619496663,198.97320985000115,110.05783213706243,614.5467839377267,50.88443983759199,1055.4749002676917,3444.4520705886116,3041.457130428496,759.9394619496663,198.97320985000115,110.05783213706243,614.5467839377267,50.88443983759199
2026-02-14 04:00:00+00:00,2131.17,4563.66,6350.64,796.16,4.283595e-06,127.43,591.01,35.18,1048.4233336494221,3561.146904102303,3035.0231602869826,748.7796101980666,149.35875864091003,108.85384789773066,611.93853801233,50.563211864069004,1055.4749002676917,3444.4520705886116,3041.457130428496,759.9394619496663,198.97320985000115,110.05783213706243,614.5467839377267,50.88443983759199,1055.4749002676917,3444.4520705886116,3041.457130428496,759.9394619496663,198.97320985000115,110.05783213706243,614.5467839377267,50.88443983759199
2026-02-14 05:00:00+00:00,2165.83,4492.52,6484.11,798.01,4.283595e-06,127.11,570.89,35.18,1057.4852501724922,3583.2552509811085,3075.6821382090925,750.9772228445902,155.888921381509,108.85384789773066,611.93853801233,50.563211864069004,1055.4749002676917,3444.4520705886116,3041.457130428496,759.9394619496663,198.97320985000115,110.05783213706243,614.5467839377267,50.88443983759199,1055.4749002676917,3444.4520705886116,3041.457130428496,759.9394619496663,198.97320985000115,110.05783213706243,614.5467839377267,50.88443983759199
2026-02-14 06:00:00+00:00,2185.57,4394.16,6486.24,800.57,4.283595e-06,127.11,624.62,37.26,1084.0034368885265,3632.263733519255,3179.3580800780687,753.9286626401507,162.41908412210796,108.85384789773066,611.93853801233,50.563211864069004,1055.4749002676917,3444.4520705886116,3041.457130428496,759.9394619496663,198.97320985000115,110.05783213706243,614.5467839377267,50.88443983759199,1055.4749002676917,3444.4520705886116,3041.457130428496,759.9394619496663,198.97320985000115,110.05783213706243,614.5467839377267,50.88443983759199
2026-02-14 07:00:00+00:00,2187.87,4357.95,6735.21,802.76,4.283595e-06,127.11,609.29,37.96,1116.1826349026908,3682.6955018943927,3301.586767053073,756.9135258714424,168.94924686270693,108.85384789773066,611.93853801233,50.563211864069004,1055.4749002676917,3444.4520705886116,3041.457130428496,759.9394619496663,198.97320985000115,110.05783213706243,614.5467839377267,50.88443983759199,1055.4749002676917,3444.4520705886116,3041.457130428496,759.9394619496663,198.97320985000115,110.05783213706243,614.5467839377267,50.88443983759199
2026-02-14 08:00:00+00:00,2226.11,4382.83,6846.71,802.76,53.640003,127.11,545.73,37.96,1139.2481180925347,3708.2476269721656,3394.2885264501274,759.7766341403866,175.4794096033059,108.85384789773066,611.93853801233,50.563211864069004,1055.4749002676917,3444.4520705886116,3041.457130428496,759.9394619496663,198.97320985000115,110.05783213706243,614.5467839377267,50.88443983759199,1055.4749002676917,3444.4520705886116,3041.457130428496,759.9394619496663,198.97320985000115,110.05783213706243,614.5467839377267,50.88443983759199
2026-02-14 09:00:00+00:00,2225.4,4365.8,6863.01,802.17,65.00001,127.11,571.79,37.96,1149.950146033546,3722.6137472054297,3435.5281473554674,761.5412728319395,182.00957234390484,108.85384789773066,611.93853801233,50.563211864069004,1055.4749002676917,3444.4520705886116,3041.457130428496,759.9394619496663,198.97320985000115,110.05783213706243,614.5467839377267,50.88443983759199,1055.4749002676917,3444.4520705886116,3041.457130428496,759.9394619496663,198.97320985000115,110.05783213706243,614.5467839377267,50.88443983759199
2026-02-14 10:00:00+00:00,2228.51,4354.53,6829.63,802.72,58.129993,127.11,582.71,37.96,1149.9843158462666,3730.1088649839076,3439.202891027908,762.8927723931289,188.5397350845038,108.85384789773066,611.93853801233,50.563211864069004,1055.4749002676917,3444.4520705886116,3041.457130428496,759.9394619496663,198.97320985000115,110.05783213706243,614.5467839377267,50.88443983759199,1055.4749002676917,3444.4520705886116,3041.457130428496,759.9394619496663,198.97320985000115,110.05783213706243,614.5467839377267,50.88443983759199
2026-02-14 11:00:00+00:00,2259.54,4365.6,6839.72,802.9,107.88,128.0,601.73,37.96,1154.657856966241,3735.416710254439,3457.982652504607,764.4544607710498,195.06989782510277,108.85384789773066,611.93853801233,50.563211864069004,1055.4749002676917,3444.4520705886116,3041.457130428496,759.9394619496663,198.97320985000115,110.05783213706243,614.5467839377267,50.88443983759199,1055.4749002676917,3444.4520705886116,3041.457130428496,759.9394619496663,198.97320985000115,110.05783213706243,614.5467839377267,50.88443983759199
2026-02-14 12:00:00+00:00,2272.25,4387.06,6797.39,802.9,57.429996,128.12,617.3,37.96,1147.8678102871895,3743.3910739913395,3430.4218424129945,765.0010738580287,201.60006056570174,108.85384789773066,611.93853801233,50.563211864069004,1055.4749002676917,3444.4520705886116,3041.457130428496,759.9394619496663,198.97320985000115,110.05783213706243,614.5467839377267,50.88443983759199,1055.4749002676917,3444.4520705886116,3041.457130428496,759.9394619496663,198.97320985000115,110.05783213706243,614.5467839377267,50.88443983759199
2026-02-14 13:00:00+00:00,2315.15,4395.9,6790.75,802.9,367.36,128.12,642.21,37.96,1148.2828942840101,3751.0689849396176,3428.53740386282,765.8408994699257,208.1302233063007,108.85384789773066,611.93853801233,50.563211864069004,1055.4749002676917,3444.4520705886116,3041.457130428496,759.9394619496663,198.97320985000115,110.05783213706243,614.5467839377267,50.88443983759199,1055.4749002676917,3444.4520705886116,3041.457130428496,759.9394619496663,198.97320985000115,110.05783213706243,614.5467839377267,50.88443983759199
2026-02-14 14:00:00+00:00,2321.65,4400.19,6915.99,802.9,482.36,128.12,604.34,37.96,1160.528748174954,3778.039537198393,3479.8534596724057,767.9951563909669,214.66038604689967,108.85384789773066,611.93853801233,50.563211864069004,1055.4749002676917,3444.4520705886116,3041.457130428496,759.9394619496663,198.97320985000115,110.05783213706243,614.5467839377267,50.88443983759199,1055.4749002676917,3444.4520705886116,3041.457130428496,759.9394619496663,198.97320985000115,110.05783213706243,614.5467839377267,50.88443983759199
2026-02-14 15:00:00+00:00,2485.17,4447.24,6998.58,803.3,542.36,128.12,609.93,37.96,1176.4652755458394,3820.7751797517576,3547.9128023824114,770.6240981297346,221.19054878749864,108.85384789773066,611.93853801233,50.563211864069004,1055.4749002676917,3444.4520705886116,3041.457130428496,759.9394619496663,198.97320985000115,110.05783213706243,614.5467839377267,50.88443983759199,1055.4749002676917,3444.4520705886116,3041.457130428496,759.9394619496663,198.97320985000115,110.05783213706243,614.5467839377267,50.88443983759199
2026-02-14 16:00:00+00:00,2595.37,4502.43,7175.02,803.66,945.56,128.75,557.16,37.96,1214.5510240856413,3877.2886704749067,3695.6590975841937,774.2777543346582,227.7207115280976,108.85384789773066,611.93853801233,50.563211864069004,1055.4749002676917,3444.4520705886116,3041.457130428496,759.9394619496663,198.97320985000115,110.05783213706243,614.5467839377267,50.88443983759199,1055.4749002676917,3444.4520705886116,3041.457130428496,759.9394619496663,198.97320985000115,110.05783213706243,614.5467839377267,50.88443983759199
2026-02-14 17:00:00+00:00,2605.74,4542.9,7177.95,803.45,978.52,128.12,572.04,37.96,1246.2679959940197,3905.371993321158,3810.585665451455,776.8614985200983,234.25087426869655,108.85384789773066,611.93853801233,50.563211864069004,1055.4749002676917,3444.4520705886116,3041.457130428496,759.9394619496663,198.97320985000115,110.05783213706243,614.5467839377267,50.88443983759199,1055.4749002676917,3444.4520705886116,3041.457130428496,759.9394619496663,198.97320985000115,110.05783213706243,614.5467839377267,50.88443983759199
2026-02-14 18:00:00+00:00,2600.26,4596.75,6759.06,803.29,1011.48,128.33,618.51,37.96,1245.9366395422298,3886.092848249456,3801.4669386668274,777.2889814462271,240.78103700929552,108.85384789773066,611.93853801233,50.563211864069004,1055.4749002676917,3444.4520705886116,3041.457130428496,759.9394619496663,198.97320985000115,110.05783213706243,614.5467839377267,50.88443983759199,1055.4749002676917,3444.4520705886116,3041.457130428496,759.9394619496663,198.97320985000115,110.05783213706243,614.5467839377267,50.88443983759199
2026-02-14 19:00:00+00:00,2494.61,4603.19,6616.09,803.29,1044.4401,127.36,626.32,37.96,1209.8301921234452,3842.6262487208855,3679.133520717729,777.2927303001406,247.3111997498945,108.85384789773066,611.93853801233,50.563211864069004,1055.4749002676917,3444.4520705886116,3041.457130428496,759.9394619496663,198.97320985000115,110.05783213706243,614.5467839377267,50.88443983759199,1055.4749002676917,3444.4520705886116,3041.457130428496,759.9394619496663,198.97320985000115,110.05783213706243,614.5467839377267,50.88443983759199
2026-02-14 20:00:00+00:00,2307.8,4557.35,6614.55,803.29,728.02,127.11,622.76,37.96,1188.7548161779255,3812.885983298958,3609.4683193981805,777.8954934738475,253.84136249049345,108.85384789773066,611.93853801233,50.563211864069004,1055.4749002676917,3444.4520705886116,3041.457130428496,759.9394619496663,198.97320985000115,110.05783213706243,614.5467839377267,50.88443983759199,1055.4749002676917,3444.4520705886116,3041.457130428496,759.9394619496663,198.97320985000115,110.05783213706243,614.5467839377267,50.88443983759199
2026-02-14 21:00:00+00:00,2191.95,4557.24,6603.11,801.98,144.13,127.19,636.0,37.96,1182.5536267450157,3797.1581667612427,3585.910124144708,778.5374967693214,260.3715252310924,108.85384789773066,611.93853801233,50.563211864069004,1055.4749002676917,3444.4520705886116,3041.457130428496,759.9394619496663,198.97320985000115,110.05783213706243,614.5467839377267,50.88443983759199,1055.4749002676917,3444.4520705886116,3041.457130428496,759.9394619496663,198.97320985000115,110.05783213706243,614.5467839377267,50.88443983759199
2026-02-14 22:00:00+00:00,1871.3099,4535.08,6134.83,801.19,367.36,127.43,579.95,37.96,1168.1806274197386,3756.7811329345423,3526.946460057445,778.3089576250547,266.9016879716914,108.85384789773066,611.93853801233,50.563211864069004,1055.4749002676917,3444.4520705886116,3041.457130428496,759.9394619496663,198.97320985000115,110.05783213706243,614.5467839377267,50.88443983759199,1055.4749002676917,3444.4520705886116,3041.457130428496,759.9394619496663,198.97320985000115,110.05783213706243,614.5467839377267,50.88443983759199
2026-02-14 23:00:00+00:00,1448.09,4445.38,5164.66,796.63,254.29,118.81,560.86,36.84,1138.6083667930814,3704.8944957740373,3420.824379045508,777.991537321582,273.4318507122904,108.85384789773066,611.93853801233,50.563211864069004,1055.4749002676917,3444.4520705886116,3041.457130428496,759.9394619496663,198.97320985000115,110.05783213706243,614.5467839377267,50.88443983759199,1055.4749002676917,3444.4520705886116,3041.457130428496,759.9394619496663,198.97320985000115,110.05783213706243,614.5467839377267,50.88443983759199
2026-02-15 00:00:00+00:00,1461.75,4450.4,4418.67,795.96,158.38,118.91,591.33,41.99,1123.2049815282205,3677.825069567962,3288.6109043893357,746.6224670954147,123.23810767851417,108.85384789773066,611.93853801233,50.563211864069004,1055.4749002676917,3444.4520705886116,3041.457130428496,759.9394619496663,198.97320985000115,110.05783213706243,614.5467839377267,50.88443983759199,1055.4749002676917,3444.4520705886116,3041.457130428496,759.9394619496663,198.97320985000115,110.05783213706243,614.5467839377267,50.88443983759199
2026-02-15 01:00:00+00:00,1479.63,4464.38,3754.14,795.67,86.25,118.48,565.53,41.99,1119.248440028692,3653.0375749411087,3272.3065749935463,747.2682684909948,129.76827041911315,108.85384789773066,611.93853801233,50.563211864069004,1055.4749002676917,3444.4520705886116,3041.457130428496,759.9394619496663,198.97320985000115,110.05783213706243,614.5467839377267,50.88443983759199,1055.4749002676917,3444.4520705886116,3041.457130428496,759.9394619496663,198.97320985000115,110.05783213706243,614.5467839377267,50.88443983759199
2026-02-15 02:00:00+00:00,1512.7,4506.79,3264.85,795.67,57.530003,118.09,560.54,41.99,1117.9009954396854,3637.9248031935344,3269.443146388006,748.387073015124,136.2984331597121,108.85384789773066,611.93853801233,50.563211864069004,1055.4749002676917,3444.4520705886116,3041.457130428496,759.9394619496663,198.97320985000115,110.05783213706243,614.5467839377267,50.88443983759199,1055.4749002676917,3444.4520705886116,3041.457130428496,759.9394619496663,198.97320985000115,110.05783213706243,614.5467839377267,50.88443983759199
2026-02-15 03:00:00+00:00,1516.05,4498.12,2790.74,795.67,191.99,126.33,579.45,41.99,1111.1772817329354,3624.1825432986966,3254.537085596557,749.8725432043757,142.82859590031106,108.85384789773066,611.93853801233,50.563211864069004,1055.4749002676917,3444.4520705886116,3041.457130428496,759.9394619496663,198.97320985000115,110.05783213706243,614.5467839377267,50.88443983759199,1055.4749002676917,3444.4520705886116,3041.457130428496,759.9394619496663,198.97320985000115,110.05783213706243,614.5467839377267,50.88443983759199
2026-02-15 04:00:00+00:00,1525.34,4509.64,2688.8,795.67,1.5699964,126.44,568.67,39.47,1106.339233218339,3620.7521306756707,3245.345059474582,751.3736030296901,149.35875864091003,108.85384789773066,611.93853801233,50.563211864069004,1055.4749002676917,3444.4520705886116,3041.457130428496,759.9394619496663,198.97320985000115,110.05783213706243,614.5467839377267,50.88443983759199,1055.4749002676917,3444.4520705886116,3041.457130428496,759.9394619496663,198.97320985000115,110.05783213706243,614.5467839377267,50.88443983759199
2026-02-15 05:00:00+00:00,1510.82,4516.24,2340.73,797.09,32.289997,126.29,575.48,38.62,1098.152077819218,3606.6501644254627,3224.4742521395956,752.7339911304756,155.888921381509,108.85384789773066,611.93853801233,50.563211864069004,1055.4749002676917,3444.4520705886116,3041.457130428496,759.9394619496663,198.97320985000115,110.05783213706243,614.5467839377267,50.88443983759199,1055.4749002676917,3444.4520705886116,3041.457130428496,759.9394619496663,198.97320985000115,110.05783213706243,614.5467839377267,50.88443983759199
2026-02-15 06:00:00+00:00,1491.72,4517.19,2350.11,799.65,4.283595e-06,126.29,559.43,38.62,1093.6290859858457,3598.3765926599126,3224.4090840512818,754.8354002709316,162.41908412210796,108.85384789773066,611.93853801233,50.563211864069004,1055.4749002676917,3444.4520705886116,3041.457130428496,759.9394619496663,198.97320985000115,110.05783213706243,614.5467839377267,50.88443983759199,1055.4749002676917,3444.4520705886116,3041.457130428496,759.9394619496663,198.97320985000115,110.05783213706243,614.5467839377267,50.88443983759199
2026-02-15 07:00:00+00:00,1513.58,4548.56,2322.12,802.3,108.09999,126.29,560.64,38.62,1096.2797673721577,3576.346491680988,3249.0246840466693,757.2689822907034,168.94924686270693,108.85384789773066,611.93853801233,50.563211864069004,1055.4749002676917,3444.4520705886116,3041.457130428496,759.9394619496663,198.97320985000115,110.05783213706243,614.5467839377267,50.88443983759199,1055.4749002676917,3444.4520705886116,3041.457130428496,759.9394619496663,198.97320985000115,110.05783213706243,614.5467839377267,50.88443983759199
2026-02-15 08:00:00+00:00,1496.45,4366.0,2367.15,802.77,107.57,126.4,567.93,37.77,1079.836278246641,3495.6574222488116,3206.2954934176055,759.191664047025,175.4794096033059,108.85384789773066,611.93853801233,50.563211864069004,1055.4749002676917,3444.4520705886116,3041.457130428496,759.9394619496663,198.97320985000115,110.05783213706243,614.5467839377267,50.88443983759199,1055.4749002676917,3444.4520705886116,3041.457130428496,759.9394619496663,198.97320985000115,110.05783213706243,614.5467839377267,50.88443983759199
2026-02-15 09:00:00+00:00,1391.72,4320.48,2360.58,802.18,4.283595e-06,126.5,571.91,35.2,1057.087099468809,3425.4459416372733,3124.563401625792,759.4643302775629,182.00957234390484,108.85384789773066,611.93853801233,50.563211864069004,1055.4749002676917,3444.4520705886116,3041.457130428496,759.9394619496663,198.97320985000115,110.05783213706243,614.5467839377267,50.88443983759199,1055.4749002676917,3444.4520705886116,3041.457130428496,759.9394619496663,198.97320985000115,110.05783213706243,614.5467839377267,50.88443983759199
2026-02-15 10:00:00+00:00,1147.18,3981.78,2250.62,802.18,4.283595e-06,117.33,539.91,35.2,1024.2157801021049,3355.3903711733915,3001.7960267333247,758.8214882032157,188.5397350845038,108.85384789773066,611.93853801233,50.563211864069004,1055.4749002676917,3444.4520705886116,3041.457130428496,759.9394619496663,198.97320985000115,110.05783213706243,614.5467839377267,50.88443983759199,1055.4749002676917,3444.4520705886116,3041.457130428496,759.9394619496663,198.97320985000115,110.05783213706243,614.5467839377267,50.88443983759199
2026-02-15 11:00:00+00:00,1073.37,3705.25,2058.7,801.81,4.283595e-06,117.37,528.55,35.2,981.1583786524394,3273.5594757005483,2845.1837319355545,758.043500935104,195.06989782510277,108.85384789773066,611.93853801233,50.563211864069004,1055.4749002676917,3444.4520705886116,3041.457130428496,759.9394619496663,198.97320985000115,110.05783213706243,614.5467839377267,50.88443983759199,1055.4749002676917,3444.4520705886116,3041.457130428496,759.9394619496663,198.97320985000115,110.05783213706243,614.5467839377267,50.88443983759199
2026-02-15 12:00:00+00:00,846.54,3476.16,2021.7399,801.81,4.283595e-06,121.43,540.47,35.2,927.526986048972,3205.478723846553,2653.137036894804,756.7873969555171,201.60006056570174,108.85384789773066,611.93853801233,50.563211864069004,1055.4749002676917,3444.4520705886116,3041.457130428496,759.9394619496663,198.97320985000115,110.05783213706243,614.5467839377267,50.88443983759199,1055.4749002676917,3444.4520705886116,3041.457130428496,759.9394619496663,198.97320985000115,110.05783213706243,614.5467839377267,50.88443983759199
2026-02-15 13:00:00+00:00,869.42,3246.78,2065.63,800.1,4.283595e-06,125.53,545.57,35.2,939.3296425860339,3182.094766107052,2680.634432630858,757.1025018513002,208.1302233063007,108.85384789773066,611.93853801233,50.563211864069004,1055.4749002676917,3444.4520705886116,3041.457130428496,759.9394619496663,198.97320985000115,110.05783213706243,614.5467839377267,50.88443983759199,1055.4749002676917,3444.4520705886116,3041.457130428496,759.9394619496663,198.97320985000115,110.05783213706243,614.5467839377267,50.88443983759199
2026-02-15 14:00:00+00:00,966.47,3522.89,2375.07,798.38,4.283595e-06,125.53,537.09,35.2,999.1349009827575,3232.6238146543474,2899.091790443624,760.9256220283576,214.66038604689967,108.85384789773066,611.93853801233,50.563211864069004,1055.4749002676917,3444.4520705886116,3041.457130428496,759.9394619496663,198.97320985000115,110.05783213706243,614.5467839377267,50.88443983759199,1055.4749002676917,3444.4520705886116,3041.457130428496,759.9394619496663,198.97320985000115,110.05783213706243,614.5467839377267,50.88443983759199
2026-02-15 15:00:00+00:00,1146.78,3871.74,2409.22,798.78,67.00001,125.53,554.0,38.3,1036.4162317286848,3313.1960152738866,3067.7240601958397,766.2911779701303,221.19054878749864,108.85384789773066,611.93853801233,50.563211864069004,1055.4749002676917,3444.4520705886116,3041.457130428496,759.9394619496663,198.97320985000115,110.05783213706243,614.5467839377267,50.88443983759199,1055.4749002676917,3444.4520705886116,3041.457130428496,759.9394619496663,198.97320985000115,110.05783213706243,614.5467839377267,50.88443983759199
2026-02-15 16:00:00+00:00,1522.38,4161.81,2552.45,799.5,580.83,124.59,549.43,38.3,1049.6929979786491,3345.2173470754183,3146.219368750454,770.3801824055446,227.7207115280976,108.85384789773066,611.93853801233,50.563211864069004,1055.4749002676917,3444.4520705886116,3041.457130428496,759.9394619496663,198.97320985000115,110.05783213706243,614.5467839377267,50.88443983759199,1055.4749002676917,3444.4520705886116,3041.457130428496,759.9394619496663,198.97320985000115,110.05783213706243,614.5467839377267,50.88443983759199
2026-02-15 17:00:00+00:00,1218.8,3925.2,2528.63,800.14,136.25,124.29,531.26,38.3,1074.1520987963872,3314.591971453958,3237.899506390926,773.3558208711173,234.25087426869655,108.85384789773066,611.93853801233,50.563211864069004,1055.4749002676917,3444.4520705886116,3041.457130428496,759.9394619496663,198.97320985000115,110.05783213706243,614.5467839377267,50.88443983759199,1055.4749002676917,3444.4520705886116,3041.457130428496,759.9394619496663,198.97320985000115,110.05783213706243,614.5467839377267,50.88443983759199
2026-02-15 18:00:00+00:00,1188.11,2896.0,2994.14,800.14,73.0,124.39,531.58,38.3,1072.3036706934934,3235.7000099546685,3215.90550041836,773.4038927367799,240.78103700929552,108.85384789773066,611.93853801233,50.563211864069004,1055.4749002676917,3444.4520705886116,3041.457130428496,759.9394619496663,198.97320985000115,110.05783213706243,614.5467839377267,50.88443983759199,1055.4749002676917,3444.4520705886116,3041.457130428496,759.9394619496663,198.97320985000115,110.05783213706243,614.5467839377267,50.88443983759199
2026-02-15 19:00:00+00:00,1203.26,2823.58,3002.57,800.14,4.283595e-06,124.29,529.52,38.3,1080.2790909516978,3193.9584378502077,3229.3841477880624,773.9298079534883,247.3111997498945,108.85384789773066,611.93853801233,50.563211864069004,1055.4749002676917,3444.4520705886116,3041.457130428496,759.9394619496663,198.97320985000115,110.05783213706243,614.5467839377267,50.88443983759199,1055.4749002676917,3444.4520705886116,3041.457130428496,759.9394619496663,198.97320985000115,110.05783213706243,614.5467839377267,50.88443983759199
2026-02-15 20:00:00+00:00,997.06,2746.05,2766.61,799.91,4.283595e-06,124.29,526.73,38.3,1078.666956190962,3164.3056451362354,3222.445813177694,775.1990747341729,253.84136249049345,108.85384789773066,611.93853801233,50.563211864069004,1055.4749002676917,3444.4520705886116,3041.457130428496,759.9394619496663,198.97320985000115,110.05783213706243,614.5467839377267,50.88443983759199,1055.4749002676917,3444.4520705886116,3041.457130428496,759.9394619496663,198.97320985000115,110.05783213706243,614.5467839377267,50.88443983759199
2026-02-15 21:00:00+00:00,1025.0,2900.02,2701.01,797.08,38.140003,124.39,547.32,38.3,1093.8231318358185,3206.353575519264,3257.342033184289,775.4470655830039,260.3715252310924,108.85384789773066,611.93853801233,50.563211864069004,1055.4749002676917,3444.4520705886116,3041.457130428496,759.9394619496663,198.97320985000115,110.05783213706243,614.5467839377267,50.88443983759199,1055.4749002676917,3444.4520705886116,3041.457130428496,759.9394619496663,198.97320985000115,110.05783213706243,614.5467839377267,50.88443983759199
2026-02-15 22:00:00+00:00,823.19,3110.95,2439.31,795.84,4.283595e-06,124.7,539.06,38.3,1066.3670842108347,3175.2599677273342,3150.141771959504,774.530600794063,266.9016879716914,108.85384789773066,611.93853801233,50.563211864069004,1055.4749002676917,3444.4520705886116,3041.457130428496,759.9394619496663,198.97320985000115,110.05783213706243,614.5467839377267,50.88443983759199,1055.4749002676917,3444.4520705886116,3041.457130428496,759.9394619496663,198.97320985000115,110.05783213706243,614.5467839377267,50.88443983759199
2026-02-15 23:00:00+00:00,696.28,3292.02,2582.17,792.55,4.283595e-06,116.08,548.01,37.49,1039.9149304285359,3144.6714634333503,3056.6938765376417,774.5676088044186,273.4318507122904,108.85384789773066,611.93853801233,50.563211864069004,1055.4749002676917,3444.4520705886116,3041.457130428496,759.9394619496663,198.97320985000115,110.05783213706243,614.5467839377267,50.88443983759199,1055.4749002676917,3444.4520705886116,3041.457130428496,759.9394619496663,198.97320985000115,110.05783213706243,614.5467839377267,50.88443983759199
2026-02-16 00:00:00+00:00,606.97,3100.16,2517.93,789.4,4.283595e-06,116.22,567.4,37.49,1028.3470040711288,3127.5048892604245,2928.781331557391,742.6064747158296,123.23810767851417,108.85384789773066,611.93853801233,50.563211864069004,1055.4749002676917,3444.4520705886116,3041.457130428496,759.9394619496663,198.97320985000115,110.05783213706243,614.5467839377267,50.88443983759199,1055.4749002676917,3444.4520705886116,3041.457130428496,759.9394619496663,198.97320985000115,110.05783213706243,614.5467839377267,50.88443983759199
2026-02-16 01:00:00+00:00,512.66,3038.84,2616.01,789.11,4.283595e-06,116.65,588.02,37.49,1023.9246322080714,3128.2332315484978,2896.964272711041,742.0595609929215,129.76827041911315,108.85384789773066,611.93853801233,50.563211864069004,1055.4749002676917,3444.4520705886116,3041.457130428496,759.9394619496663,198.97320985000115,110.05783213706243,614.5467839377267,50.88443983759199,1055.4749002676917,3444.4520705886116,3041.457130428496,759.9394619496663,198.97320985000115,110.05783213706243,614.5467839377267,50.88443983759199
2026-02-16 02:00:00+00:00,522.18,3167.52,2674.81,789.11,4.283595e-06,124.59,589.26,37.49,1014.1684925414783,3139.0145848845436,2863.3105995583805,742.5965615066699,136.2984331597121,108.85384789773066,611.93853801233,50.563211864069004,1055.4749002676917,3444.4520705886116,3041.457130428496,759.9394619496663,198.97320985000115,110.05783213706243,614.5467839377267,50.88443983759199,1055.4749002676917,3444.4520705886116,3041.457130428496,759.9394619496663,198.97320985000115,110.05783213706243,614.5467839377267,50.88443983759199
2026-02-16 03:00:00+00:00,646.09,3112.22,2331.69,789.11,4.283595e-06,124.69,608.33,37.49,999.0036869994665,3161.2194557320263,2834.675427174997,745.0904168581573,142.82859590031106,108.85384789773066,611.93853801233,50.563211864069004,1055.4749002676917,3444.4520705886116,3041.457130428496,759.9394619496663,198.97320985000115,110.05783213706243,614.5467839377267,50.88443983759199,1055.4749002676917,3444.4520705886116,3041.457130428496,759.9394619496663,198.97320985000115,110.05783213706243,614.5467839377267,50.88443983759199
2026-02-16 04:00:00+00:00,889.3,3339.06,2658.65,789.11,4.283595e-06,124.97,587.04,37.49,1013.09977529796,3256.239340929547,2912.755008399488,748.9441162725992,149.35875864091003,108.85384789773066,611.93853801233,50.563211864069004,1055.4749002676917,3444.4520705886116,3041.457130428496,759.9394619496663,198.97320985000115,110.05783213706243,614.5467839377267,50.88443983759199,1055.4749002676917,3444.4520705886116,3041.457130428496,759.9394619496663,198.97320985000115,110.05783213706243,614.5467839377267,50.88443983759199
2026-02-16 05:00:00+00:00,1363.17,4213.47,3564.6,790.53,4.283595e-06,124.59,591.27,37.49,1077.9490826824301,3377.48580488812,3175.420775686086,755.3030260592675,155.888921381509,108.85384789773066,611.93853801233,50.563211864069004,1055.4749002676917,3444.4520705886116,3041.457130428496,759.9394619496663,198.97320985000115,110.05783213706243,614.5467839377267,50.88443983759199,1055.4749002676917,3444.4520705886116,3041.457130428496,759.9394619496663,198.97320985000115,110.05783213706243,614.5467839377267,50.88443983759199
2026-02-16 06:00:00+00:00,1802.84,4586.0,4143.78,793.09,48.720005,124.59,559.62,37.49,1116.1138588956987,3473.814834462114,3338.453795036592,760.081614828135,162.41908412210796,108.85384789773066,611.93853801233,50.563211864069004,1055.4749002676917,3444.4520705886116,3041.457130428496,759.9394619496663,198.97320985000115,110.05783213706243,614.5467839377267,50.88443983759199,1055.4749002676917,3444.4520705886116,3041.457130428496,759.9394619496663,198.97320985000115,110.05783213706243,614.5467839377267,50.88443983759199
2026-02-16 07:00:00+00:00,2199.29,4611.82,4551.31,794.53,24.159992,124.59,553.99,37.49,1147.4597651545114,3532.74676708175,3450.3281046032544,762.4282807144922,168.94924686270693,108.85384789773066,611.93853801233,50.563211864069004,1055.4749002676917,3444.4520705886116,3041.457130428496,759.9394619496663,198.97320985000115,110.05783213706243,614.5467839377267,50.88443983759199,1055.4749002676917,3444.4520705886116,3041.457130428496,759.9394619496663,198.97320985000115,110.05783213706243,614.5467839377267,50.88443983759199
2026-02-16 08:00:00+00:00,2276.67,4630.84,4788.47,794.53,4.283595e-06,124.93,534.33,37.49,1149.4279450925817,3550.903081793657,3434.5170184551394,761.5342561388582,175.4794096033059,108.85384789773066,611.93853801233,50.563211864069004,1055.4749002676917,3444.4520705886116,3041.457130428496,759.9394619496663,198.97320985000115,110.05783213706243,614.5467839377267,50.88443983759199,1055.4749002676917,3444.4520705886116,3041.457130428496,759.9394619496663,198.97320985000115,110.05783213706243,614.5467839377267,50.88443983759199
2026-02-16 09:00:00+00:00,2221.92,4626.16,4678.47,795.01,4.283595e-06,125.58,557.45,37.49,1129.5394405819875,3556.21986682494,3355.0022622817287,760.8625777308304,182.00957234390484,108.85384789773066,611.93853801233,50.563211864069004,1055.4749002676917,3444.4520705886116,3041.457130428496,759.9394619496663,198.97320985000115,110.05783213706243,614.5467839377267,50.88443983759199,1055.4749002676917,3444.4520705886116,3041.457130428496,759.9394619496663,198.97320985000115,110.05783213706243,614.5467839377267,50.88443983759199
2026-02-16 10:00:00+00:00,1894.51,4562.59,4347.37,796.9,4.283595e-06,123.14,581.42,37.49,1127.5028978220803,3559.997915422175,3335.586816517056,760.6802841711472,188.5397350845038,108.85384789773066,611.93853801233,50.563211864069004,1055.4749002676917,3444.4520705886116,3041.457130428496,759.9394619496663,198.97320985000115,110.05783213706243,614.5467839377267,50.88443983759199,1055.4749002676917,3444.4520705886116,3041.457130428496,759.9394619496663,198.97320985000115,110.05783213706243,614.5467839377267,50.88443983759199
2026-02-16 11:00:00+00:00,1867.6,4580.43,4758.83,798.04,17.810001,119.28,610.35,37.49,1121.737298232244,3570.9435659090136,3298.483188181439,759.8949865406614,195.06989782510277,108.85384789773066,611.93853801233,50.563211864069004,1055.4749002676917,3444.4520705886116,3041.457130428496,759.9394619496663,198.97320985000115,110.05783213706243,614.5467839377267,50.88443983759199,1055.4749002676917,3444.4520705886116,3041.457130428496,759.9394619496663,198.97320985000115,110.05783213706243,614.5467839377267,50.88443983759199
2026-02-16 12:00:00+00:00,2175.07,4641.02,4688.07,798.04,11.750004,119.43,610.23,37.49,1112.5617915207154,3584.4469439860045,3288.897822334694,762.3758286627212,201.60006056570174,108.85384789773066,611.93853801233,50.563211864069004,1055.4749002676917,3444.4520705886116,3041.457130428496,759.9394619496663,198.97320985000115,110.05783213706243,614.5467839377267,50.88443983759199,1055.4749002676917,3444.4520705886116,3041.457130428496,759.9394619496663,198.97320985000115,110.05783213706243,614.5467839377267,50.88443983759199
2026-02-16 13:00:00+00:00,2314.04,4624.15,4920.94,798.04,22.289997,119.79,571.37,37.49,1107.2826669773663,3615.0703892070915,3317.1314664184233,767.073060773037,208.1302233063007,108.85384789773066,611.93853801233,50.563211864069004,1055.4749002676917,3444.4520705886116,3041.457130428496,759.9394619496663,198.97320985000115,110.05783213706243,614.5467839377267,50.88443983759199,1055.4749002676917,3444.4520705886116,3041.457130428496,759.9394619496663,198.97320985000115,110.05783213706243,614.5467839377267,50.88443983759199
2026-02-16 14:00:00+00:00,2348.59,4630.6,5831.0,798.04,48.489994,127.99,623.56,37.49,1100.035631006132,3673.597965404794,3343.301386911302,772.0392535292367,214.66038604689967,108.85384789773066,611.93853801233,50.563211864069004,1055.4749002676917,3444.4520705886116,3041.457130428496,759.9394619496663,198.97320985000115,110.05783213706243,614.5467839377267,50.88443983759199,1055.4749002676917,3444.4520705886116,3041.457130428496,759.9394619496663,198.97320985000115,110.05783213706243,614.5467839377267,50.88443983759199
2026-02-16 15:00:00+00:00,2405.57,4623.66,6386.78,798.81,102.48999,127.99,660.65,37.49,1141.9169289462932,3748.0927549702405,3499.713124836455,775.4192408622786,221.19054878749864,108.85384789773066,611.93853801233,50.563211864069004,1055.4749002676917,3444.4520705886116,3041.457130428496,759.9394619496663,198.97320985000115,110.05783213706243,614.5467839377267,50.88443983759199,1055.4749002676917,3444.4520705886116,3041.457130428496,759.9394619496663,198.97320985000115,110.05783213706243,614.5467839377267,50.88443983759199
2026-02-16 16:00:00+00:00,2459.91,4638.51,6528.35,799.98,629.19,127.81,673.85,37.49,1179.1737713543257,3802.1541507049137,3628.308474111668,777.6250973809691,227.7207115280976,108.85384789773066,611.93853801233,50.563211864069004,1055.4749002676917,3444.4520705886116,3041.457130428496,759.9394619496663,198.97320985000115,110.05783213706243,614.5467839377267,50.88443983759199,1055.4749002676917,3444.4520705886116,3041.457130428496,759.9394619496663,198.97320985000115,110.05783213706243,614.5467839377267,50.88443983759199
2026-02-16 17:00:00+00:00,2479.53,4631.09,6573.79,800.62,996.2299,127.99,553.23,37.49,1211.3685534607794,3830.3518108551198,3728.895477407823,778.8600895960577,234.25087426869655,108.85384789773066,611.93853801233,50.563211864069004,1055.4749002676917,3444.4520705886116,3041.457130428496,759.9394619496663,198.97320985000115,110.05783213706243,614.5467839377267,50.88443983759199,1055.4749002676917,3444.4520705886116,3041.457130428496,759.9394619496663,198.97320985000115,110.05783213706243,614.5467839377267,50.88443983759199
2026-02-16 18:00:00+00:00,2472.97,4636.16,6553.6,800.62,897.2101,127.93,536.69,37.49,1204.6799646422196,3807.7553279827557,3704.3420164839094,779.5765616753685,240.78103700929552,108.85384789773066,611.93853801233,50.563211864069004,1055.4749002676917,3444.4520705886116,3041.457130428496,759.9394619496663,198.97320985000115,110.05783213706243,614.5467839377267,50.88443983759199,1055.4749002676917,3444.4520705886116,3041.457130428496,759.9394619496663,198.97320985000115,110.05783213706243,614.5467839377267,50.88443983759199
2026-02-16 19:00:00+00:00,2449.15,4639.98,6539.02,800.62,625.21,127.69,526.19,37.49,1167.513466451643,3754.857563983459,3573.148336394731,779.1649574410734,247.3111997498945,108.85384789773066,611.93853801233,50.563211864069004,1055.4749002676917,3444.4520705886116,3041.457130428496,759.9394619496663,198.97320985000115,110.05783213706243,614.5467839377267,50.88443983759199,1055.4749002676917,3444.4520705886116,3041.457130428496,759.9394619496663,198.97320985000115,110.05783213706243,614.5467839377267,50.88443983759199
2026-02-16 20:00:00+00:00,2370.99,4636.54,6509.51,800.62,719.31,127.69,502.76,37.49,1125.0881766659973,3713.559882812412,3416.012857442356,777.9206854485308,253.84136249049345,108.85384789773066,611.93853801233,50.563211864069004,1055.4749002676917,3444.4520705886116,3041.457130428496,759.9394619496663,198.97320985000115,110.05783213706243,614.5467839377267,50.88443983759199,1055.4749002676917,3444.4520705886116,3041.457130428496,759.9394619496663,198.97320985000115,110.05783213706243,614.5467839377267,50.88443983759199
2026-02-16 21:00:00+00:00,2208.06,4619.62,6344.58,799.32,89.32,127.66,528.89,37.49,1069.5252576830605,3678.428089104527,3224.141193382287,777.0184435830661,260.3715252310924,108.85384789773066,611.93853801233,50.563211864069004,1055.4749002676917,3444.4520705886116,3041.457130428496,759.9394619496663,198.97320985000115,110.05783213706243,614.5467839377267,50.88443983759199,1055.4749002676917,3444.4520705886116,3041.457130428496,759.9394619496663,198.97320985000115,110.05783213706243,614.5467839377267,50.88443983759199
2026-02-16 22:00:00+00:00,2185.76,4476.36,5721.81,798.53,28.489994,127.59,517.26,37.49,1027.675626710797,3648.724334933193,3068.682202496059,775.6935664133869,266.9016879716914,108.85384789773066,611.93853801233,50.563211864069004,1055.4749002676917,3444.4520705886116,3041.457130428496,759.9394619496663,198.97320985000115,110.05783213706243,614.5467839377267,50.88443983759199,1055.4749002676917,3444.4520705886116,3041.457130428496,759.9394619496663,198.97320985000115,110.05783213706243,614.5467839377267,50.88443983759199
2026-02-16 23:00:00+00:00,2288.21,4625.45,5553.93,794.26,4.283595e-06,120.17,546.32,37.65,1002.9562148510489,3619.811409391667,2968.7078609574583,774.652078720775,273.4318507122904,108.85384789773066,611.93853801233,50.563211864069004,1055.4749002676917,3444.4520705886116,3041.457130428496,759.9394619496663,198.97320985000115,110.05783213706243,614.5467839377267,50.88443983759199,1055.4749002676917,3444.4520705886116,3041.457130428496,759.9394619496663,198.97320985000115,110.05783213706243,614.5467839377267,50.88443983759199
2026-02-17 00:00:00+00:00,2283.29,4625.77,5525.03,793.19,4.283595e-06,120.09,615.8,37.65,995.40219473395,3592.403128488964,2845.8817361370625,742.1019258910303,123.23810767851417,108.85384789773066,611.93853801233,50.563211864069004,1055.4749002676917,3444.4520705886116,3041.457130428496,759.9394619496663,198.97320985000115,110.05783213706243,614.5467839377267,50.88443983759199,1055.4749002676917,3444.4520705886116,3041.457130428496,759.9394619496663,198.97320985000115,110.05783213706243,614.5467839377267,50.88443983759199
2026-02-17 01:00:00+00:00,2285.06,4639.21,5528.5,792.9,4.283595e-06,119.28,682.96,37.65,999.2778649082935,3573.4246747526686,2852.576267033304,742.677203234163,129.76827041911315,108.85384789773066,611.93853801233,50.563211864069004,1055.4749002676917,3444.4520705886116,3041.457130428496,759.9394619496663,198.97320985000115,110.05783213706243,614.5467839377267,50.88443983759199,1055.4749002676917,3444.4520705886116,3041.457130428496,759.9394619496663,198.97320985000115,110.05783213706243,614.5467839377267,50.88443983759199
2026-02-17 02:00:00+00:00,2289.26,4628.42,5532.21,792.54,4.283595e-06,118.76,663.2,35.16,1008.1655879705111,3572.8197549295037,2887.8493089611966,744.3149587084981,136.2984331597121,108.85384789773066,611.93853801233,50.563211864069004,1055.4749002676917,3444.4520705886116,3041.457130428496,759.9394619496663,198.97320985000115,110.05783213706243,614.5467839377267,50.88443983759199,1055.4749002676917,3444.4520705886116,3041.457130428496,759.9394619496663,198.97320985000115,110.05783213706243,614.5467839377267,50.88443983759199
2026-02-17 03:00:00+00:00,2295.76,4622.18,5627.53,792.54,4.283595e-06,118.83,674.26,35.16,1028.9136248679736,3581.693350544628,2976.4810059186284,747.437922399332,142.82859590031106,108.85384789773066,611.93853801233,50.563211864069004,1055.4749002676917,3444.4520705886116,3041.457130428496,759.9394619496663,198.97320985000115,110.05783213706243,614.5467839377267,50.88443983759199,1055.4749002676917,3444.4520705886116,3041.457130428496,759.9394619496663,198.97320985000115,110.05783213706243,614.5467839377267,50.88443983759199
2026-02-17 04:00:00+00:00,2346.17,4832.38,5919.9,792.9,4.283595e-06,127.24,667.97,35.16,1053.2871464752868,3620.8327326526774,3092.3214421693465,751.90017599646,149.35875864091003,108.85384789773066,611.93853801233,50.563211864069004,1055.4749002676917,3444.4520705886116,3041.457130428496,759.9394619496663,198.97320985000115,110.05783213706243,614.5467839377267,50.88443983759199,1055.4749002676917,3444.4520705886116,3041.457130428496,759.9394619496663,198.97320985000115,110.05783213706243,614.5467839377267,50.88443983759199
2026-02-17 05:00:00+00:00,2453.9,4947.0,6527.91,794.32,217.52,126.96,658.05,35.16,1126.6773107347321,3723.806928683384,3391.742472661971,759.1711753424472,155.888921381509,108.85384789773066,611.93853801233,50.563211864069004,1055.4749002676917,3444.4520705886116,3041.457130428496,759.9394619496663,198.97320985000115,110.05783213706243,614.5467839377267,50.88443983759199,1055.4749002676917,3444.4520705886116,3041.457130428496,759.9394619496663,198.97320985000115,110.05783213706243,614.5467839377267,50.88443983759199
2026-02-17 06:00:00+00:00,2478.34,4925.19,6717.46,797.55,256.69,126.96,668.62,35.16,1170.8842327088976,3809.2541995980237,3577.656766488501,764.4700113211163,162.41908412210796,108.85384789773066,611.93853801233,50.563211864069004,1055.4749002676917,3444.4520705886116,3041.457130428496,759.9394619496663,198.97320985000115,110.05783213706243,614.5467839377267,50.88443983759199,1055.4749002676917,3444.4520705886116,3041.457130428496,759.9394619496663,198.97320985000115,110.05783213706243,614.5467839377267,50.88443983759199
2026-02-17 07:00:00+00:00,2477.02,4943.87,6759.87,798.99,356.47,127.69,669.14,35.16,1171.42570512392,3831.7040460145095,3590.6026605898314,766.40813653761,168.94924686270693,108.85384789773066,611.93853801233,50.563211864069004,1055.4749002676917,3444.4520705886116,3041.457130428496,759.9394619496663,198.97320985000115,110.05783213706243,614.5467839377267,50.88443983759199,1055.4749002676917,3444.4520705886116,3041.457130428496,759.9394619496663,198.97320985000115,110.05783213706243,614.5467839377267,50.88443983759199
2026-02-17 08:00:00+00:00,2481.77,4960.37,6771.7,798.99,535.0,127.69,675.91,35.16,1156.118325253473,3814.2907117765353,3523.8065116297157,765.7970097426723,175.4794096033059,108.85384789773066,611.93853801233,50.563211864069004,1055.4749002676917,3444.4520705886116,3041.457130428496,759.9394619496663,198.97320985000115,110.05783213706243,614.5467839377267,50.88443983759199,1055.4749002676917,3444.4520705886116,3041.457130428496,759.9394619496663,198.97320985000115,110.05783213706243,614.5467839377267,50.88443983759199
2026-02-17 09:00:00+00:00,2406.04,4933.08,6721.44,798.41,394.23,127.69,689.24,35.16,1138.859007067869,3790.2897572577376,3452.388422343418,765.3366614956468,182.00957234390484,108.85384789773066,611.93853801233,50.563211864069004,1055.4749002676917,3444.4520705886116,3041.457130428496,759.9394619496663,198.97320985000115,110.05783213706243,614.5467839377267,50.88443983759199,1055.4749002676917,3444.4520705886116,3041.457130428496,759.9394619496663,198.97320985000115,110.05783213706243,614.5467839377267,50.88443983759199
2026-02-17 10:00:00+00:00,2374.69,4862.62,6696.16,798.41,122.04,127.69,683.63,35.16,1123.8939984334058,3780.0074384457803,3360.3945654264558,762.5168376004543,188.5397350845038,108.85384789773066,611.93853801233,50.563211864069004,1055.4749002676917,3444.4520705886116,3041.457130428496,759.9394619496663,198.97320985000115,110.05783213706243,614.5467839377267,50.88443983759199,1055.4749002676917,3444.4520705886116,3041.457130428496,759.9394619496663,198.97320985000115,110.05783213706243,614.5467839377267,50.88443983759199
2026-02-17 11:00:00+00:00,2326.54,4798.98,6715.6,798.41,397.78,120.14,677.57,35.16,1090.3115854474295,3750.913569177142,3211.9340312436184,759.700444445044,195.06989782510277,108.85384789773066,611.93853801233,50.563211864069004,1055.4749002676917,3444.4520705886116,3041.457130428496,759.9394619496663,198.97320985000115,110.05783213706243,614.5467839377267,50.88443983759199,1055.4749002676917,3444.4520705886116,3041.457130428496,759.9394619496663,198.97320985000115,110.05783213706243,614.5467839377267,50.88443983759199
2026-02-17 12:00:00+00:00,2313.63,4808.72,6372.37,798.41,28.489994,120.49,702.94,37.77,1050.4563560752886,3706.3341095609453,3097.8802882032655,761.2751255888169,201.60006056570174,108.85384789773066,611.93853801233,50.563211864069004,1055.4749002676917,3444.4520705886116,3041.457130428496,759.9394619496663,198.97320985000115,110.05783213706243,614.5467839377267,50.88443983759199,1055.4749002676917,3444.4520705886116,3041.457130428496,759.9394619496663,198.97320985000115,110.05783213706243,614.5467839377267,50.88443983759199
2026-02-17 13:00:00+00:00,2314.08,4821.57,6187.26,798.41,28.489994,120.49,681.0,38.64,1029.26521974165,3664.438052401952,3066.9956922267907,765.0693691810302,208.1302233063007,108.85384789773066,611.93853801233,50.563211864069004,1055.4749002676917,3444.4520705886116,3041.457130428496,759.9394619496663,198.97320985000115,110.05783213706243,614.5467839377267,50.88443983759199,1055.4749002676917,3444.4520705886116,3041.457130428496,759.9394619496663,198.97320985000115,110.05783213706243,614.5467839377267,50.88443983759199
2026-02-17 14:00:00+00:00,2381.81,5095.81,6237.58,798.04,28.489994,128.82,686.04,38.64,1043.53959909983,3672.297866572431,3118.2537087645082,766.6338162650948,214.66038604689967,108.85384789773066,611.93853801233,50.563211864069004,1055.4749002676917,3444.4520705886116,3041.457130428496,759.9394619496663,198.97320985000115,110.05783213706243,614.5467839377267,50.88443983759199,1055.4749002676917,3444.4520705886116,3041.457130428496,759.9394619496663,198.97320985000115,110.05783213706243,614.5467839377267,50.88443983759199
2026-02-17 15:00:00+00:00,2353.34,5275.22,6609.53,798.43,7.119984,129.22,685.5,38.64,1063.1675754978148,3741.5191089848495,3217.9319808863684,771.0125267773551,221.19054878749864,108.85384789773066,611.93853801233,50.563211864069004,1055.4749002676917,3444.4520705886116,3041.457130428496,759.9394619496663,198.97320985000115,110.05783213706243,614.5467839377267,50.88443983759199,1055.4749002676917,3444.4520705886116,3041.457130428496,759.9394619496663,198.97320985000115,110.05783213706243,614.5467839377267,50.88443983759199
2026-02-17 16:00:00+00:00,2479.22,5354.78,7014.51,799.61,4.283595e-06,129.54,669.24,38.64,1086.3066558685434,3796.2999623221594,3336.979394044007,776.1719052847513,227.7207115280976,108.85384789773066,611.93853801233,50.563211864069004,1055.4749002676917,3444.4520705886116,3041.457130428496,759.9394619496663,198.97320985000115,110.05783213706243,614.5467839377267,50.88443983759199,1055.4749002676917,3444.4520705886116,3041.457130428496,759.9394619496663,198.97320985000115,110.05783213706243,614.5467839377267,50.88443983759199
2026-02-17 17:00:00+00:00,2591.78,5395.43,7045.1504,800.08,96.49,129.22,589.45,40.92,1124.9320422565431,3793.837768579529,3480.60356185417,779.4946647563734,234.25087426869655,108.85384789773066,611.93853801233,50.563211864069004,1055.4749002676917,3444.4520705886116,3041.457130428496,759.9394619496663,198.97320985000115,110.05783213706243,614.5467839377267,50.88443983759199,1055.4749002676917,3444.4520705886116,3041.457130428496,759.9394619496663,198.97320985000115,110.05783213706243,614.5467839377267,50.88443983759199
2026-02-17 18:00:00+00:00,2595.92,5415.29,6980.14,799.59,129.99,129.33,568.9,41.68,1132.5293745475126,3740.7911844348446,3499.3495203456187,780.3164805276252,240.78103700929552,108.85384789773066,611.93853801233,50.563211864069004,1055.4749002676917,3444.4520705886116,3041.457130428496,759.9394619496663,198.97320985000115,110.05783213706243,614.5467839377267,50.88443983759199,1055.4749002676917,3444.4520705886116,3041.457130428496,759.9394619496663,198.97320985000115,110.05783213706243,614.5467839377267,50.88443983759199
2026-02-17 19:00:00+00:00,2514.26,5397.52,7064.57,799.59,26.70998,129.22,576.41,41.68,1106.1056259071872,3654.953076071953,3390.3496618540457,779.1596810640311,247.3111997498945,108.85384789773066,611.93853801233,50.563211864069004,1055.4749002676917,3444.4520705886116,3041.457130428496,759.9394619496663,198.97320985000115,110.05783213706243,614.5467839377267,50.88443983759199,1055.4749002676917,3444.4520705886116,3041.457130428496,759.9394619496663,198.97320985000115,110.05783213706243,614.5467839377267,50.88443983759199
2026-02-17 20:00:00+00:00,2440.87,5367.44,6869.55,799.59,4.283595e-06,128.96,553.99,41.68,1102.6140502813228,3596.86860904099,3368.023704646805,779.467682288204,253.84136249049345,108.85384789773066,611.93853801233,50.563211864069004,1055.4749002676917,3444.4520705886116,3041.457130428496,759.9394619496663,198.97320985000115,110.05783213706243,614.5467839377267,50.88443983759199,1055.4749002676917,3444.4520705886116,3041.457130428496,759.9394619496663,198.97320985000115,110.05783213706243,614.5467839377267,50.88443983759199
2026-02-17 21:00:00+00:00,2235.87,5385.64,6962.69,798.29,4.283595e-06,128.84,501.21,41.68,1068.4082320417513,3561.5093543476332,3238.1421070334063,778.4154423737615,260.3715252310924,108.85384789773066,611.93853801233,50.563211864069004,1055.4749002676917,3444.4520705886116,3041.457130428496,759.9394619496663,198.97320985000115,110.05783213706243,614.5467839377267,50.88443983759199,1055.4749002676917,3444.4520705886116,3041.457130428496,759.9394619496663,198.97320985000115,110.05783213706243,614.5467839377267,50.88443983759199
2026-02-17 22:00:00+00:00,2125.03,5353.33,6454.37,797.5,4.283595e-06,129.28,520.71,41.68,1038.4336062449893,3527.6823120985264,3126.0353965185736,777.8522072038681,266.9016879716914,108.85384789773066,611.93853801233,50.563211864069004,1055.4749002676917,3444.4520705886116,3041.457130428496,759.9394619496663,198.97320985000115,110.05783213706243,614.5467839377267,50.88443983759199,1055.4749002676917,3444.4520705886116,3041.457130428496,759.9394619496663,198.97320985000115,110.05783213706243,614.5467839377267,50.88443983759199
2026-02-17 23:00:00+00:00,2150.29,5391.59,6653.0,793.23,4.283595e-06,128.79,507.45,35.88,1031.362625297157,3526.9745664370193,3088.644029433438,777.6841577769146,273.4318507122904,108.85384789773066,611.93853801233,50.563211864069004,1055.4749002676917,3444.4520705886116,3041.457130428496,759.9394619496663,198.97320985000115,110.05783213706243,614.5467839377267,50.88443983759199,1055.4749002676917,3444.4520705886116,3041.457130428496,759.9394619496663,198.97320985000115,110.05783213706243,614.5467839377267,50.88443983759199
2026-02-18 00:00:00+00:00,2233.32,5402.27,6291.72,793.34,4.283595e-06,128.94,501.98,38.99,1041.242808853609,3534.6320434760046,3035.6792535697273,746.6660667347619,123.23810767851417,108.85384789773066,611.93853801233,50.563211864069004,1055.4749002676917,3444.4520705886116,3041.457130428496,759.9394619496663,198.97320985000115,110.05783213706243,614.5467839377267,50.88443983759199,1055.4749002676917,3444.4520705886116,3041.457130428496,759.9394619496663,198.97320985000115,110.05783213706243,614.5467839377267,50.88443983759199
2026-02-18 01:00:00+00:00,2217.07,5410.24,6169.91,793.06,4.283595e-06,128.16,496.38,40.02,1056.2113760667673,3554.196386891213,3083.706986772989,747.9416711032397,129.76827041911315,108.85384789773066,611.93853801233,50.563211864069004,1055.4749002676917,3444.4520705886116,3041.457130428496,759.9394619496663,198.97320985000115,110.05783213706243,614.5467839377267,50.88443983759199,1055.4749002676917,3444.4520705886116,3041.457130428496,759.9394619496663,198.97320985000115,110.05783213706243,614.5467839377267,50.88443983759199
2026-02-18 02:00:00+00:00,2017.86,5401.53,6426.13,793.06,4.283595e-06,127.79,490.04,40.02,1076.99215302413,3591.5400546460146,3160.529325748082,750.063265292971,136.2984331597121,108.85384789773066,611.93853801233,50.563211864069004,1055.4749002676917,3444.4520705886116,3041.457130428496,759.9394619496663,198.97320985000115,110.05783213706243,614.5467839377267,50.88443983759199,1055.4749002676917,3444.4520705886116,3041.457130428496,759.9394619496663,198.97320985000115,110.05783213706243,614.5467839377267,50.88443983759199
2026-02-18 03:00:00+00:00,2060.93,5404.74,6918.79,793.06,4.283595e-06,127.76,504.17,40.02,1111.6554044773463,3657.5436143429824,3299.4245379501344,753.8173378069084,142.82859590031106,108.85384789773066,611.93853801233,50.563211864069004,1055.4749002676917,3444.4520705886116,3041.457130428496,759.9394619496663,198.97320985000115,110.05783213706243,614.5467839377267,50.88443983759199,1055.4749002676917,3444.4520705886116,3041.457130428496,759.9394619496663,198.97320985000115,110.05783213706243,614.5467839377267,50.88443983759199
2026-02-18 04:00:00+00:00,2335.93,5401.49,7247.46,793.06,16.250004,127.69,503.48,40.02,1170.021746094165,3753.413596216154,3523.035904532561,758.6266182198252,149.35875864091003,108.85384789773066,611.93853801233,50.563211864069004,1055.4749002676917,3444.4520705886116,3041.457130428496,759.9394619496663,198.97320985000115,110.05783213706243,614.5467839377267,50.88443983759199,1055.4749002676917,3444.4520705886116,3041.457130428496,759.9394619496663,198.97320985000115,110.05783213706243,614.5467839377267,50.88443983759199
2026-02-18 05:00:00+00:00,2528.86,5631.13,7472.36,794.47,201.06,127.79,506.9,40.02,1251.650758525635,3893.975632078993,3848.2694584636974,765.941785204665,155.888921381509,108.85384789773066,611.93853801233,50.563211864069004,1055.4749002676917,3444.4520705886116,3041.457130428496,759.9394619496663,198.97320985000115,110.05783213706243,614.5467839377267,50.88443983759199,1055.4749002676917,3444.4520705886116,3041.457130428496,759.9394619496663,198.97320985000115,110.05783213706243,614.5467839377267,50.88443983759199
2026-02-18 06:00:00+00:00,2758.51,5742.85,7827.65,797.03,1330.1,127.79,508.99,40.02,1318.352784063535,3996.749303117524,4108.369126973462,771.7113449490394,162.41908412210796,108.85384789773066,611.93853801233,50.563211864069004,1055.4749002676917,3444.4520705886116,3041.457130428496,759.9394619496663,198.97320985000115,110.05783213706243,614.5467839377267,50.88443983759199,1055.4749002676917,3444.4520705886116,3041.457130428496,759.9394619496663,198.97320985000115,110.05783213706243,614.5467839377267,50.88443983759199
2026-02-18 07:00:00+00:00,2851.7,5522.01,7847.65,798.47,938.935,127.79,555.73,40.02,1335.828761735654,4025.9781273590625,4162.937530153476,772.7430739064428,168.94924686270693,108.85384789773066,611.93853801233,50.563211864069004,1055.4749002676917,3444.4520705886116,3041.457130428496,759.9394619496663,198.97320985000115,110.05783213706243,614.5467839377267,50.88443983759199,1055.4749002676917,3444.4520705886116,3041.457130428496,759.9394619496663,198.97320985000115,110.05783213706243,614.5467839377267,50.88443983759199
2026-02-18 08:00:00+00:00,2842.88,5500.08,7632.46,798.47,547.77,127.89,496.45,40.02,1310.673020229006,3991.208295545684,4073.7028380768497,772.7446583930717,175.4794096033059,108.85384789773066,611.93853801233,50.563211864069004,1055.4749002676917,3444.4520705886116,3041.457130428496,759.9394619496663,198.97320985000115,110.05783213706243,614.5467839377267,50.88443983759199,1055.4749002676917,3444.4520705886116,3041.457130428496,759.9394619496663,198.97320985000115,110.05783213706243,614.5467839377267,50.88443983759199
2026-02-18 09:00:00+00:00,2641.9902,5530.35,7410.22,797.89,84.799995,119.7,503.02,40.02,1250.0475521752205,3942.101162391982,3874.980802970428,772.4788519101432,182.00957234390484,108.85384789773066,611.93853801233,50.563211864069004,1055.4749002676917,3444.4520705886116,3041.457130428496,759.9394619496663,198.97320985000115,110.05783213706243,614.5467839377267,50.88443983759199,1055.4749002676917,3444.4520705886116,3041.457130428496,759.9394619496663,198.97320985000115,110.05783213706243,614.5467839377267,50.88443983759199
2026-02-18 10:00:00+00:00,2566.88,5399.65,6284.77,797.89,140.0,119.7,503.88,40.02,1209.2048440851288,3880.34316057586,3708.3028004773932,769.9213418126747,188.5397350845038,108.85384789773066,611.93853801233,50.563211864069004,1055.4749002676917,3444.4520705886116,3041.457130428496,759.9394619496663,198.97320985000115,110.05783213706243,614.5467839377267,50.88443983759199,1055.4749002676917,3444.4520705886116,3041.457130428496,759.9394619496663,198.97320985000115,110.05783213706243,614.5467839377267,50.88443983759199
2026-02-18 11:00:00+00:00,2402.97,5434.43,5754.92,797.04,4.283595e-06,119.73,497.08,42.18,1191.0868613666482,3831.783157082503,3598.456918836406,766.3660711660381,195.06989782510277,108.85384789773066,611.93853801233,50.563211864069004,1055.4749002676917,3444.4520705886116,3041.457130428496,759.9394619496663,198.97320985000115,110.05783213706243,614.5467839377267,50.88443983759199,1055.4749002676917,3444.4520705886116,3041.457130428496,759.9394619496663,198.97320985000115,110.05783213706243,614.5467839377267,50.88443983759199
2026-02-18 12:00:00+00:00,2415.25,5439.55,6040.5,796.75,4.283595e-06,119.7,514.06,44.34,1130.833842146212,3782.7711152657644,3429.4793097458937,768.765542117299,201.60006056570174,108.85384789773066,611.93853801233,50.563211864069004,1055.4749002676917,3444.4520705886116,3041.457130428496,759.9394619496663,198.97320985000115,110.05783213706243,614.5467839377267,50.88443983759199,1055.4749002676917,3444.4520705886116,3041.457130428496,759.9394619496663,198.97320985000115,110.05783213706243,614.5467839377267,50.88443983759199
2026-02-18 13:00:00+00:00,2357.5,5398.08,6489.88,796.75,4.283595e-06,119.7,512.25,42.15,1114.8419924506009,3771.3701588909225,3423.4793343863466,773.4543906169257,208.1302233063007,108.85384789773066,611.93853801233,50.563211864069004,1055.4749002676917,3444.4520705886116,3041.457130428496,759.9394619496663,198.97320985000115,110.05783213706243,614.5467839377267,50.88443983759199,1055.4749002676917,3444.4520705886116,3041.457130428496,759.9394619496663,198.97320985000115,110.05783213706243,614.5467839377267,50.88443983759199
2026-02-18 14:00:00+00:00,2418.49,5335.62,6544.57,796.75,4.283595e-06,128.0,516.11,39.97,1130.0393211379724,3799.1663272882215,3502.4428271192874,777.2189895762729,214.66038604689967,108.85384789773066,611.93853801233,50.563211864069004,1055.4749002676917,3444.4520705886116,3041.457130428496,759.9394619496663,198.97320985000115,110.05783213706243,614.5467839377267,50.88443983759199,1055.4749002676917,3444.4520705886116,3041.457130428496,759.9394619496663,198.97320985000115,110.05783213706243,614.5467839377267,50.88443983759199
2026-02-18 15:00:00+00:00,2491.51,5006.31,6906.46,797.15,320.54,128.0,517.32,39.97,1158.5685465200113,3874.5670852569842,3617.5089487335035,780.4263717491837,221.19054878749864,108.85384789773066,611.93853801233,50.563211864069004,1055.4749002676917,3444.4520705886116,3041.457130428496,759.9394619496663,198.97320985000115,110.05783213706243,614.5467839377267,50.88443983759199,1055.4749002676917,3444.4520705886116,3041.457130428496,759.9394619496663,198.97320985000115,110.05783213706243,614.5467839377267,50.88443983759199
2026-02-18 16:00:00+00:00,2585.52,4986.71,6942.41,798.32,727.585,128.09,513.43,39.97,1170.3254648933148,3915.4597559419262,3672.404745485963,782.8345156703754,227.7207115280976,108.85384789773066,611.93853801233,50.563211864069004,1055.4749002676917,3444.4520705886116,3041.457130428496,759.9394619496663,198.97320985000115,110.05783213706243,614.5467839377267,50.88443983759199,1055.4749002676917,3444.4520705886116,3041.457130428496,759.9394619496663,198.97320985000115,110.05783213706243,614.5467839377267,50.88443983759199
2026-02-18 17:00:00+00:00,2590.56,4903.14,7117.6006,798.97,1134.63,128.0,524.04,39.97,1163.0134857834844,3879.0325031612992,3651.254634406724,783.8664510694117,234.25087426869655,108.85384789773066,611.93853801233,50.563211864069004,1055.4749002676917,3444.4520705886116,3041.457130428496,759.9394619496663,198.97320985000115,110.05783213706243,614.5467839377267,50.88443983759199,1055.4749002676917,3444.4520705886116,3041.457130428496,759.9394619496663,198.97320985000115,110.05783213706243,614.5467839377267,50.88443983759199
2026-02-18 18:00:00+00:00,2509.26,4521.36,6408.41,798.97,58.789997,128.03,528.03,39.97,1123.7996295464677,3800.2697031651824,3511.0247770420274,783.0729794814746,240.78103700929552,108.85384789773066,611.93853801233,50.563211864069004,1055.4749002676917,3444.4520705886116,3041.457130428496,759.9394619496663,198.97320985000115,110.05783213706243,614.5467839377267,50.88443983759199,1055.4749002676917,3444.4520705886116,3041.457130428496,759.9394619496663,198.97320985000115,110.05783213706243,614.5467839377267,50.88443983759199
2026-02-18 19:00:00+00:00,2416.74,4671.05,5139.87,798.97,4.283595e-06,128.0,517.04,39.97,1081.3293563632146,3682.553332680227,3341.2614345665934,780.7874053451702,247.3111997498945,108.85384789773066,611.93853801233,50.563211864069004,1055.4749002676917,3444.4520705886116,3041.457130428496,759.9394619496663,198.97320985000115,110.05783213706243,614.5467839377267,50.88443983759199,1055.4749002676917,3444.4520705886116,3041.457130428496,759.9394619496663,198.97320985000115,110.05783213706243,614.5467839377267,50.88443983759199
2026-02-18 20:00:00+00:00,1945.54,4696.93,4666.81,798.97,4.283595e-06,128.0,520.22,39.97,1035.5118449235292,3577.9321690039014,3166.839629785674,778.9836974880093,253.84136249049345,108.85384789773066,611.93853801233,50.563211864069004,1055.4749002676917,3444.4520705886116,3041.457130428496,759.9394619496663,198.97320985000115,110.05783213706243,614.5467839377267,50.88443983759199,1055.4749002676917,3444.4520705886116,3041.457130428496,759.9394619496663,198.97320985000115,110.05783213706243,614.5467839377267,50.88443983759199
2026-02-18 21:00:00+00:00,1549.53,4578.71,4291.98,797.66,4.283595e-06,128.0,567.97,39.97,1020.9346697170437,3519.7210594714816,3096.047165025406,777.9337528290248,260.3715252310924,108.85384789773066,611.93853801233,50.563211864069004,1055.4749002676917,3444.4520705886116,3041.457130428496,759.9394619496663,198.97320985000115,110.05783213706243,614.5467839377267,50.88443983759199,1055.4749002676917,3444.4520705886116,3041.457130428496,759.9394619496663,198.97320985000115,110.05783213706243,614.5467839377267,50.88443983759199
2026-02-18 22:00:00+00:00,1394.39,4386.08,3573.42,796.87,4.283595e-06,127.4,566.67,43.18,979.1818233725613,3447.9588466355613,2936.6273816229864,776.4152612050052,266.9016879716914,108.85384789773066,611.93853801233,50.563211864069004,1055.4749002676917,3444.4520705886116,3041.457130428496,759.9394619496663,198.97320985000115,110.05783213706243,614.5467839377267,50.88443983759199,1055.4749002676917,3444.4520705886116,3041.457130428496,759.9394619496663,198.97320985000115,110.05783213706243,614.5467839377267,50.88443983759199
2026-02-18 23:00:00+00:00,1245.92,4655.88,3529.61,792.61,4.283595e-06,119.28,557.57,40.48,946.0229671957359,3382.1830591164608,2808.5154581377624,775.2995210377943,273.4318507122904,108.85384789773066,611.93853801233,50.563211864069004,1055.4749002676917,3444.4520705886116,3041.457130428496,759.9394619496663,198.97320985000115,110.05783213706243,614.5467839377267,50.88443983759199,1055.4749002676917,3444.4520705886116,3041.457130428496,759.9394619496663,198.97320985000115,110.05783213706243,614.5467839377267,50.88443983759199
2026-02-19 00:00:00+00:00,1106.71,4777.71,3499.61,792.66,4.283595e-06,117.96,620.27,43.67,943.0185012139217,3342.4209853781113,2706.983842444045,743.5050873218128,123.23810767851417,108.85384789773066,611.93853801233,50.563211864069004,1055.4749002676917,3444.4520705886116,3041.457130428496,759.9394619496663,198.97320985000115,110.05783213706243,614.5467839377267,50.88443983759199,1055.4749002676917,3444.4520705886116,3041.457130428496,759.9394619496663,198.97320985000115,110.05783213706243,614.5467839377267,50.88443983759199
2026-02-19 01:00:00+00:00,1048.57,4516.15,3180.87,792.31,4.283595e-06,116.91,656.41,43.67,956.4582555073822,3307.338771525587,2746.3841228015617,744.6421812366698,129.76827041911315,108.85384789773066,611.93853801233,50.563211864069004,1055.4749002676917,3444.4520705886116,3041.457130428496,759.9394619496663,198.97320985000115,110.05783213706243,614.5467839377267,50.88443983759199,1055.4749002676917,3444.4520705886116,3041.457130428496,759.9394619496663,198.97320985000115,110.05783213706243,614.5467839377267,50.88443983759199
2026-02-19 02:00:00+00:00,1040.76,4474.72,3413.04,792.31,4.283595e-06,117.06,602.99,43.67,963.6571045202347,3285.8341865707143,2769.9781914649884,745.9697659123956,136.2984331597121,108.85384789773066,611.93853801233,50.563211864069004,1055.4749002676917,3444.4520705886116,3041.457130428496,759.9394619496663,198.97320985000115,110.05783213706243,614.5467839377267,50.88443983759199,1055.4749002676917,3444.4520705886116,3041.457130428496,759.9394619496663,198.97320985000115,110.05783213706243,614.5467839377267,50.88443983759199
2026-02-19 03:00:00+00:00,1078.32,4225.43,3584.19,792.31,4.283595e-06,117.05,553.73,43.67,996.5180891160217,3293.5721926428555,2887.5324169646356,748.6426510325122,142.82859590031106,108.85384789773066,611.93853801233,50.563211864069004,1055.4749002676917,3444.4520705886116,3041.457130428496,759.9394619496663,198.97320985000115,110.05783213706243,614.5467839377267,50.88443983759199,1055.4749002676917,3444.4520705886116,3041.457130428496,759.9394619496663,198.97320985000115,110.05783213706243,614.5467839377267,50.88443983759199
2026-02-19 04:00:00+00:00,1150.63,4325.89,4340.76,792.31,4.283595e-06,125.3,538.94,43.67,1039.2795083937467,3328.6512886105857,3061.4362479389697,753.4828853917223,149.35875864091003,108.85384789773066,611.93853801233,50.563211864069004,1055.4749002676917,3444.4520705886116,3041.457130428496,759.9394619496663,198.97320985000115,110.05783213706243,614.5467839377267,50.88443983759199,1055.4749002676917,3444.4520705886116,3041.457130428496,759.9394619496663,198.97320985000115,110.05783213706243,614.5467839377267,50.88443983759199
2026-02-19 05:00:00+00:00,1515.92,4812.2,4841.15,793.72,4.283595e-06,125.44,544.36,43.67,1094.715451310788,3417.4275450200143,3305.2908941689975,760.8282212486671,155.888921381509,108.85384789773066,611.93853801233,50.563211864069004,1055.4749002676917,3444.4520705886116,3041.457130428496,759.9394619496663,198.97320985000115,110.05783213706243,614.5467839377267,50.88443983759199,1055.4749002676917,3444.4520705886116,3041.457130428496,759.9394619496663,198.97320985000115,110.05783213706243,614.5467839377267,50.88443983759199
2026-02-19 06:00:00+00:00,2069.73,5237.75,4667.14,796.29,4.283595e-06,125.44,540.99,43.67,1178.498287040482,3508.788669743065,3627.649886033536,767.6404605145518,162.41908412210796,108.85384789773066,611.93853801233,50.563211864069004,1055.4749002676917,3444.4520705886116,3041.457130428496,759.9394619496663,198.97320985000115,110.05783213706243,614.5467839377267,50.88443983759199,1055.4749002676917,3444.4520705886116,3041.457130428496,759.9394619496663,198.97320985000115,110.05783213706243,614.5467839377267,50.88443983759199
2026-02-19 07:00:00+00:00,2262.81,4993.6,4744.44,798.01,134.04,125.44,476.43,43.67,1196.4998878501096,3526.9164203783853,3709.1701170368046,771.0166523808043,168.94924686270693,108.85384789773066,611.93853801233,50.563211864069004,1055.4749002676917,3444.4520705886116,3041.457130428496,759.9394619496663,198.97320985000115,110.05783213706243,614.5467839377267,50.88443983759199,1055.4749002676917,3444.4520705886116,3041.457130428496,759.9394619496663,198.97320985000115,110.05783213706243,614.5467839377267,50.88443983759199
2026-02-19 08:00:00+00:00,2447.02,5429.84,4917.73,798.86,189.51,125.29,464.71,43.67,1183.8280715798846,3512.774070094209,3671.1938540440833,772.145102792176,175.4794096033059,108.85384789773066,611.93853801233,50.563211864069004,1055.4749002676917,3444.4520705886116,3041.457130428496,759.9394619496663,198.97320985000115,110.05783213706243,614.5467839377267,50.88443983759199,1055.4749002676917,3444.4520705886116,3041.457130428496,759.9394619496663,198.97320985000115,110.05783213706243,614.5467839377267,50.88443983759199
2026-02-19 09:00:00+00:00,2423.9,5460.59,4884.23,798.27,52.76,125.28,482.57,43.67,1167.574833398835,3502.6081028256594,3618.103924112158,772.8870108968641,182.00957234390484,108.85384789773066,611.93853801233,50.563211864069004,1055.4749002676917,3444.4520705886116,3041.457130428496,759.9394619496663,198.97320985000115,110.05783213706243,614.5467839377267,50.88443983759199,1055.4749002676917,3444.4520705886116,3041.457130428496,759.9394619496663,198.97320985000115,110.05783213706243,614.5467839377267,50.88443983759199
2026-02-19 10:00:00+00:00,2306.87,5381.1,4849.67,798.27,18.429996,125.13,522.03,43.67,1168.6949953292067,3478.054560958126,3624.749531211311,774.3976994352925,188.5397350845038,108.85384789773066,611.93853801233,50.563211864069004,1055.4749002676917,3444.4520705886116,3041.457130428496,759.9394619496663,198.97320985000115,110.05783213706243,614.5467839377267,50.88443983759199,1055.4749002676917,3444.4520705886116,3041.457130428496,759.9394619496663,198.97320985000115,110.05783213706243,614.5467839377267,50.88443983759199
2026-02-19 11:00:00+00:00,2006.25,5410.63,4752.18,798.27,166.27,125.2,546.19,43.67,1165.7908904407395,3444.274165643715,3608.7533687665564,775.1228014121967,195.06989782510277,108.85384789773066,611.93853801233,50.563211864069004,1055.4749002676917,3444.4520705886116,3041.457130428496,759.9394619496663,198.97320985000115,110.05783213706243,614.5467839377267,50.88443983759199,1055.4749002676917,3444.4520705886116,3041.457130428496,759.9394619496663,198.97320985000115,110.05783213706243,614.5467839377267,50.88443983759199
2026-02-19 12:00:00+00:00,1838.27,5318.82,4470.58,798.65,4.283595e-06,126.92,530.6,43.67,1165.6901665849757,3402.7566719074416,3601.844477098616,775.7806193922362,201.60006056570174,108.85384789773066,611.93853801233,50.563211864069004,1055.4749002676917,3444.4520705886116,3041.457130428496,759.9394619496663,198.97320985000115,110.05783213706243,614.5467839377267,50.88443983759199,1055.4749002676917,3444.4520705886116,3041.457130428496,759.9394619496663,198.97320985000115,110.05783213706243,614.5467839377267,50.88443983759199
2026-02-19 13:00:00+00:00,1825.37,5230.79,4305.56,798.65,4.283595e-06,126.03,551.04,46.66,1140.1140569067927,3381.598041154976,3511.884687322779,775.7885951204581,208.1302233063007,108.85384789773066,611.93853801233,50.563211864069004,1055.4749002676917,3444.4520705886116,3041.457130428496,759.9394619496663,198.97320985000115,110.05783213706243,614.5467839377267,50.88443983759199,1055.4749002676917,3444.4520705886116,3041.457130428496,759.9394619496663,198.97320985000115,110.05783213706243,614.5467839377267,50.88443983759199
2026-02-19 14:00:00+00:00,2238.23,5297.37,4835.28,798.65,7.629994,125.13,579.06,47.66,1147.7670756448854,3431.492687935226,3544.2837584582494,777.3959635700695,214.66038604689967,108.85384789773066,611.93853801233,50.563211864069004,1055.4749002676917,3444.4520705886116,3041.457130428496,759.9394619496663,198.97320985000115,110.05783213706243,614.5467839377267,50.88443983759199,1055.4749002676917,3444.4520705886116,3041.457130428496,759.9394619496663,198.97320985000115,110.05783213706243,614.5467839377267,50.88443983759199
2026-02-19 15:00:00+00:00,2513.91,5405.19,5095.85,799.04,30.759998,125.13,558.63,47.66,1168.8694287007875,3506.5238269855304,3631.1155789754894,780.0767727838603,221.19054878749864,108.85384789773066,611.93853801233,50.563211864069004,1055.4749002676917,3444.4520705886116,3041.457130428496,759.9394619496663,198.97320985000115,110.05783213706243,614.5467839377267,50.88443983759199,1055.4749002676917,3444.4520705886116,3041.457130428496,759.9394619496663,198.97320985000115,110.05783213706243,614.5467839377267,50.88443983759199
2026-02-19 16:00:00+00:00,2523.42,5476.36,5661.86,800.22,97.36,125.38,528.01,47.66,1203.7292069623913,3556.085280046918,3771.342687856837,783.9091574221115,227.7207115280976,108.85384789773066,611.93853801233,50.563211864069004,1055.4749002676917,3444.4520705886116,3041.457130428496,759.9394619496663,198.97320985000115,110.05783213706243,614.5467839377267,50.88443983759199,1055.4749002676917,3444.4520705886116,3041.457130428496,759.9394619496663,198.97320985000115,110.05783213706243,614.5467839377267,50.88443983759199
2026-02-19 17:00:00+00:00,2524.39,5485.34,5926.5,800.86,267.36,127.43,510.37,47.66,1224.1781918784882,3563.0566068474095,3846.9236312236326,786.1281444942974,234.25087426869655,108.85384789773066,611.93853801233,50.563211864069004,1055.4749002676917,3444.4520705886116,3041.457130428496,759.9394619496663,198.97320985000115,110.05783213706243,614.5467839377267,50.88443983759199,1055.4749002676917,3444.4520705886116,3041.457130428496,759.9394619496663,198.97320985000115,110.05783213706243,614.5467839377267,50.88443983759199
2026-02-19 18:00:00+00:00,2508.56,5413.32,5816.05,800.86,143.68,127.94,523.63,47.66,1227.7861827411475,3528.8927039758732,3853.0170377998743,786.958557868536,240.78103700929552,108.85384789773066,611.93853801233,50.563211864069004,1055.4749002676917,3444.4520705886116,3041.457130428496,759.9394619496663,198.97320985000115,110.05783213706243,614.5467839377267,50.88443983759199,1055.4749002676917,3444.4520705886116,3041.457130428496,759.9394619496663,198.97320985000115,110.05783213706243,614.5467839377267,50.88443983759199
2026-02-19 19:00:00+00:00,2376.72,5412.3,5702.61,800.86,5.8400006,127.14,512.21,47.66,1198.1102631298054,3489.2225782788137,3738.941448582765,785.99502998567,247.3111997498945,108.85384789773066,611.93853801233,50.563211864069004,1055.4749002676917,3444.4520705886116,3041.457130428496,759.9394619496663,198.97320985000115,110.05783213706243,614.5467839377267,50.88443983759199,1055.4749002676917,3444.4520705886116,3041.457130428496,759.9394619496663,198.97320985000115,110.05783213706243,614.5467839377267,50.88443983759199
2026-02-19 20:00:00+00:00,2343.32,5428.97,5845.43,800.86,0.69000673,125.35,496.48,47.66,1154.3155615493672,3455.333331412667,3577.240189585129,784.6407407220862,253.84136249049345,108.85384789773066,611.93853801233,50.563211864069004,1055.4749002676917,3444.4520705886116,3041.457130428496,759.9394619496663,198.97320985000115,110.05783213706243,614.5467839377267,50.88443983759199,1055.4749002676917,3444.4520705886116,3041.457130428496,759.9394619496663,198.97320985000115,110.05783213706243,614.5467839377267,50.88443983759199
2026-02-19 21:00:00+00:00,2280.06,5459.99,5701.75,799.56,4.283595e-06,125.56,694.28,47.66,1124.3959289453558,3434.5267734001645,3461.6027773240644,783.4664277694391,260.3715252310924,108.85384789773066,611.93853801233,50.563211864069004,1055.4749002676917,3444.4520705886116,3041.457130428496,759.9394619496663,198.97320985000115,110.05783213706243,614.5467839377267,50.88443983759199,1055.4749002676917,3444.4520705886116,3041.457130428496,759.9394619496663,198.97320985000115,110.05783213706243,614.5467839377267,50.88443983759199
2026-02-19 22:00:00+00:00,1958.11,5424.09,5192.32,798.77,0.95999575,126.37,676.6,47.66,1100.8028592676883,3394.038568633614,3359.255092823474,781.8557000435519,266.9016879716914,108.85384789773066,611.93853801233,50.563211864069004,1055.4749002676917,3444.4520705886116,3041.457130428496,759.9394619496663,198.97320985000115,110.05783213706243,614.5467839377267,50.88443983759199,1055.4749002676917,3444.4520705886116,3041.457130428496,759.9394619496663,198.97320985000115,110.05783213706243,614.5467839377267,50.88443983759199
2026-02-19 23:00:00+00:00,1601.59,5107.86,4740.67,794.5,4.283595e-06,126.2,523.44,42.31,1088.9697477893515,3351.1101825083874,3298.5145429534805,780.9111001843758,273.4318507122904,108.85384789773066,611.93853801233,50.563211864069004,1055.4749002676917,3444.4520705886116,3041.457130428496,759.9394619496663,198.97320985000115,110.05783213706243,614.5467839377267,50.88443983759199,1055.4749002676917,3444.4520705886116,3041.457130428496,759.9394619496663,198.97320985000115,110.05783213706243,614.5467839377267,50.88443983759199
2026-02-20 00:00:00+00:00,1709.49,4737.27,4489.44,795.99,4.283595e-06,126.62,519.87,47.18,1099.751557699989,3354.1121068453986,3244.9619503421354,749.50812988918,123.23810767851417,108.85384789773066,611.93853801233,50.563211864069004,1055.4749002676917,3444.4520705886116,3041.457130428496,759.9394619496663,198.97320985000115,110.05783213706243,614.5467839377267,50.88443983759199,1055.4749002676917,3444.4520705886116,3041.457130428496,759.9394619496663,198.97320985000115,110.05783213706243,614.5467839377267,50.88443983759199
2026-02-20 01:00:00+00:00,1595.31,4718.75,4457.59,795.71,4.283595e-06,127.88,504.96,47.18,1101.3388766533358,3372.978186911363,3248.561629343208,750.4185343169285,129.76827041911315,108.85384789773066,611.93853801233,50.563211864069004,1055.4749002676917,3444.4520705886116,3041.457130428496,759.9394619496663,198.97320985000115,110.05783213706243,614.5467839377267,50.88443983759199,1055.4749002676917,3444.4520705886116,3041.457130428496,759.9394619496663,198.97320985000115,110.05783213706243,614.5467839377267,50.88443983759199
2026-02-20 02:00:00+00:00,1620.77,4643.67,4415.16,795.71,4.283595e-06,126.64,499.08,47.18,1111.7421900965244,3390.492632560407,3290.4609331635957,752.3046638048194,136.2984331597121,108.85384789773066,611.93853801233,50.563211864069004,1055.4749002676917,3444.4520705886116,3041.457130428496,759.9394619496663,198.97320985000115,110.05783213706243,614.5467839377267,50.88443983759199,1055.4749002676917,3444.4520705886116,3041.457130428496,759.9394619496663,198.97320985000115,110.05783213706243,614.5467839377267,50.88443983759199
2026-02-20 03:00:00+00:00,1655.76,4378.66,4510.63,795.71,4.283595e-06,118.67,529.81,47.18,1123.5838085267906,3402.672807040544,3350.326236273642,755.35098937095,142.82859590031106,108.85384789773066,611.93853801233,50.563211864069004,1055.4749002676917,3444.4520705886116,3041.457130428496,759.9394619496663,198.97320985000115,110.05783213706243,614.5467839377267,50.88443983759199,1055.4749002676917,3444.4520705886116,3041.457130428496,759.9394619496663,198.97320985000115,110.05783213706243,614.5467839377267,50.88443983759199
2026-02-20 04:00:00+00:00,1576.17,4425.28,5011.66,795.71,4.283595e-06,119.65,529.31,47.18,1154.0205241451026,3441.2290892295737,3478.873248062886,759.3821608428077,149.35875864091003,108.85384789773066,611.93853801233,50.563211864069004,1055.4749002676917,3444.4520705886116,3041.457130428496,759.9394619496663,198.97320985000115,110.05783213706243,614.5467839377267,50.88443983759199,1055.4749002676917,3444.4520705886116,3041.457130428496,759.9394619496663,198.97320985000115,110.05783213706243,614.5467839377267,50.88443983759199
2026-02-20 05:00:00+00:00,1964.3899,4670.44,5540.23,797.12,4.283595e-06,120.03,512.98,47.18,1232.8182724207754,3520.9739998419745,3788.9426845961934,766.3845861111612,155.888921381509,108.85384789773066,611.93853801233,50.563211864069004,1055.4749002676917,3444.4520705886116,3041.457130428496,759.9394619496663,198.97320985000115,110.05783213706243,614.5467839377267,50.88443983759199,1055.4749002676917,3444.4520705886116,3041.457130428496,759.9394619496663,198.97320985000115,110.05783213706243,614.5467839377267,50.88443983759199
2026-02-20 06:00:00+00:00,2406.21,5307.09,5737.33,799.68,208.75,120.03,536.32,47.18,1282.2749620458083,3587.5170026597893,3996.355683658342,772.1660452615249,162.41908412210796,108.85384789773066,611.93853801233,50.563211864069004,1055.4749002676917,3444.4520705886116,3041.457130428496,759.9394619496663,198.97320985000115,110.05783213706243,614.5467839377267,50.88443983759199,1055.4749002676917,3444.4520705886116,3041.457130428496,759.9394619496663,198.97320985000115,110.05783213706243,614.5467839377267,50.88443983759199
2026-02-20 07:00:00+00:00,2446.56,5500.68,5925.57,801.87,417.33,125.77,519.92,47.18,1287.942779558724,3579.1442635284197,4021.780037489294,774.171806755395,168.94924686270693,108.85384789773066,611.93853801233,50.563211864069004,1055.4749002676917,3444.4520705886116,3041.457130428496,759.9394619496663,198.97320985000115,110.05783213706243,614.5467839377267,50.88443983759199,1055.4749002676917,3444.4520705886116,3041.457130428496,759.9394619496663,198.97320985000115,110.05783213706243,614.5467839377267,50.88443983759199
2026-02-20 08:00:00+00:00,2287.48,5457.97,6019.49,801.87,625.91,125.77,475.98,47.18,1264.2986983291241,3490.1709579822705,3929.842172282857,774.0056494453141,175.4794096033059,108.85384789773066,611.93853801233,50.563211864069004,1055.4749002676917,3444.4520705886116,3041.457130428496,759.9394619496663,198.97320985000115,110.05783213706243,614.5467839377267,50.88443983759199,1055.4749002676917,3444.4520705886116,3041.457130428496,759.9394619496663,198.97320985000115,110.05783213706243,614.5467839377267,50.88443983759199
2026-02-20 09:00:00+00:00,1884.85,5139.58,4661.64,801.28,273.58,125.77,460.83,42.06,1255.2668232836343,3399.407474080049,3884.056107797778,773.8451997797991,182.00957234390484,108.85384789773066,611.93853801233,50.563211864069004,1055.4749002676917,3444.4520705886116,3041.457130428496,759.9394619496663,198.97320985000115,110.05783213706243,614.5467839377267,50.88443983759199,1055.4749002676917,3444.4520705886116,3041.457130428496,759.9394619496663,198.97320985000115,110.05783213706243,614.5467839377267,50.88443983759199
2026-02-20 10:00:00+00:00,1439.51,4975.04,3517.07,800.91,334.14,125.77,446.53,37.69,1253.4217317791215,3330.7540517838884,3862.401928131105,773.910153866474,188.5397350845038,108.85384789773066,611.93853801233,50.563211864069004,1055.4749002676917,3444.4520705886116,3041.457130428496,759.9394619496663,198.97320985000115,110.05783213706243,614.5467839377267,50.88443983759199,1055.4749002676917,3444.4520705886116,3041.457130428496,759.9394619496663,198.97320985000115,110.05783213706243,614.5467839377267,50.88443983759199
2026-02-20 11:00:00+00:00,1029.18,5281.92,2890.71,800.91,131.99,125.54,452.31,42.22,1247.4115547067515,3306.890401928444,3832.50225254034,774.3120866556185,195.06989782510277,108.85384789773066,611.93853801233,50.563211864069004,1055.4749002676917,3444.4520705886116,3041.457130428496,759.9394619496663,198.97320985000115,110.05783213706243,614.5467839377267,50.88443983759199,1055.4749002676917,3444.4520705886116,3041.457130428496,759.9394619496663,198.97320985000115,110.05783213706243,614.5467839377267,50.88443983759199
2026-02-20 12:00:00+00:00,893.64,5357.17,2742.85,801.14,17.810001,125.67,449.57,44.03,1249.5767651848037,3333.426851216547,3832.990479669867,774.9274691772154,201.60006056570174,108.85384789773066,611.93853801233,50.563211864069004,1055.4749002676917,3444.4520705886116,3041.457130428496,759.9394619496663,198.97320985000115,110.05783213706243,614.5467839377267,50.88443983759199,1055.4749002676917,3444.4520705886116,3041.457130428496,759.9394619496663,198.97320985000115,110.05783213706243,614.5467839377267,50.88443983759199
2026-02-20 13:00:00+00:00,913.48,5169.7,2922.38,801.84,94.70999,126.35,475.93,44.03,1243.5036665501364,3392.367831356907,3814.91055728299,775.9157358786312,208.1302233063007,108.85384789773066,611.93853801233,50.563211864069004,1055.4749002676917,3444.4520705886116,3041.457130428496,759.9394619496663,198.97320985000115,110.05783213706243,614.5467839377267,50.88443983759199,1055.4749002676917,3444.4520705886116,3041.457130428496,759.9394619496663,198.97320985000115,110.05783213706243,614.5467839377267,50.88443983759199
2026-02-20 14:00:00+00:00,978.73,5155.0,3152.0,801.84,13.360004,127.2,528.48,44.03,1239.4501093380359,3460.987760574715,3821.4375933723613,778.2700964842724,214.66038604689967,108.85384789773066,611.93853801233,50.563211864069004,1055.4749002676917,3444.4520705886116,3041.457130428496,759.9394619496663,198.97320985000115,110.05783213706243,614.5467839377267,50.88443983759199,1055.4749002676917,3444.4520705886116,3041.457130428496,759.9394619496663,198.97320985000115,110.05783213706243,614.5467839377267,50.88443983759199
2026-02-20 15:00:00+00:00,1023.87,5297.88,3769.48,802.24,258.33,127.39,509.97,44.03,1245.078945007981,3525.7065797818054,3865.7904993162465,781.13014851093,221.19054878749864,108.85384789773066,611.93853801233,50.563211864069004,1055.4749002676917,3444.4520705886116,3041.457130428496,759.9394619496663,198.97320985000115,110.05783213706243,614.5467839377267,50.88443983759199,1055.4749002676917,3444.4520705886116,3041.457130428496,759.9394619496663,198.97320985000115,110.05783213706243,614.5467839377267,50.88443983759199
2026-02-20 16:00:00+00:00,1027.92,5190.11,4365.1,802.96,150.05,126.48,529.89,44.03,1248.8809938954726,3560.9645291169404,3905.5281277344525,784.3750479914816,227.7207115280976,108.85384789773066,611.93853801233,50.563211864069004,1055.4749002676917,3444.4520705886116,3041.457130428496,759.9394619496663,198.97320985000115,110.05783213706243,614.5467839377267,50.88443983759199,1055.4749002676917,3444.4520705886116,3041.457130428496,759.9394619496663,198.97320985000115,110.05783213706243,614.5467839377267,50.88443983759199
2026-02-20 17:00:00+00:00,1024.63,4816.73,4289.31,803.61,30.409992,118.29,527.93,44.89,1231.1522710132463,3513.6455921513457,3847.0280447477116,785.2823779432227,234.25087426869655,108.85384789773066,611.93853801233,50.563211864069004,1055.4749002676917,3444.4520705886116,3041.457130428496,759.9394619496663,198.97320985000115,110.05783213706243,614.5467839377267,50.88443983759199,1055.4749002676917,3444.4520705886116,3041.457130428496,759.9394619496663,198.97320985000115,110.05783213706243,614.5467839377267,50.88443983759199
2026-02-20 18:00:00+00:00,1016.21,3787.48,3479.98,803.61,4.283595e-06,118.19,540.0,47.48,1177.4388649213183,3420.4864863334033,3650.188538158495,783.6960969440106,240.78103700929552,108.85384789773066,611.93853801233,50.563211864069004,1055.4749002676917,3444.4520705886116,3041.457130428496,759.9394619496663,198.97320985000115,110.05783213706243,614.5467839377267,50.88443983759199,1055.4749002676917,3444.4520705886116,3041.457130428496,759.9394619496663,198.97320985000115,110.05783213706243,614.5467839377267,50.88443983759199
2026-02-20 19:00:00+00:00,853.78,2375.22,3105.58,803.61,34.06,118.29,650.63,47.48,1103.0036999496733,3301.505976965672,3376.990510308002,780.9636717539914,247.3111997498945,108.85384789773066,611.93853801233,50.563211864069004,1055.4749002676917,3444.4520705886116,3041.457130428496,759.9394619496663,198.97320985000115,110.05783213706243,614.5467839377267,50.88443983759199,1055.4749002676917,3444.4520705886116,3041.457130428496,759.9394619496663,198.97320985000115,110.05783213706243,614.5467839377267,50.88443983759199
2026-02-20 20:00:00+00:00,513.0,1546.43,2222.68,803.61,49.500004,118.29,625.43,47.48,1029.2660453003034,3202.828738620582,3101.583219103164,777.8285037787872,253.84136249049345,108.85384789773066,611.93853801233,50.563211864069004,1055.4749002676917,3444.4520705886116,3041.457130428496,759.9394619496663,198.97320985000115,110.05783213706243,614.5467839377267,50.88443983759199,1055.4749002676917,3444.4520705886116,3041.457130428496,759.9394619496663,198.97320985000115,110.05783213706243,614.5467839377267,50.88443983759199
2026-02-20 21:00:00+00:00,365.69,1141.36,1846.96,802.3,74.49999,126.86,620.71,47.48,982.9949792531663,3161.063892397579,2924.2932863479227,775.7425190791689,260.3715252310924,108.85384789773066,611.93853801233,50.563211864069004,1055.4749002676917,3444.4520705886116,3041.457130428496,759.9394619496663,198.97320985000115,110.05783213706243,614.5467839377267,50.88443983759199,1055.4749002676917,3444.4520705886116,3041.457130428496,759.9394619496663,198.97320985000115,110.05783213706243,614.5467839377267,50.88443983759199
2026-02-20 22:00:00+00:00,339.52002,1146.4598,1719.42,801.51,4.283595e-06,127.66,631.27,47.48,943.7797930317427,3094.594790436068,2765.664800065507,773.4875109418339,266.9016879716914,108.85384789773066,611.93853801233,50.563211864069004,1055.4749002676917,3444.4520705886116,3041.457130428496,759.9394619496663,198.97320985000115,110.05783213706243,614.5467839377267,50.88443983759199,1055.4749002676917,3444.4520705886116,3041.457130428496,759.9394619496663,198.97320985000115,110.05783213706243,614.5467839377267,50.88443983759199
2026-02-20 23:00:00+00:00,332.46002,1129.9498,1491.4,796.95,4.283595e-06,126.59,629.71,45.89,910.4344730410493,3034.564630902965,2637.45099412182,772.3150138885418,273.4318507122904,108.85384789773066,611.93853801233,50.563211864069004,1055.4749002676917,3444.4520705886116,3041.457130428496,759.9394619496663,198.97320985000115,110.05783213706243,614.5467839377267,50.88443983759199,1055.4749002676917,3444.4520705886116,3041.457130428496,759.9394619496663,198.97320985000115,110.05783213706243,614.5467839377267,50.88443983759199
2026-02-21 00:00:00+00:00,331.33002,1119.2198,1461.26,796.56,4.283595e-06,126.91,677.49,45.89,896.4709726057957,3010.7154789930087,2494.6501276997124,740.4788748942368,122.91916087452694,108.84570754270989,611.1734922603692,50.285571513668906,1055.4749002676917,3444.4520705886116,3041.457130428496,759.9394619496663,198.97320985000115,110.05783213706243,614.5467839377267,50.88443983759199,1055.4749002676917,3444.4520705886116,3041.457130428496,759.9394619496663,198.97320985000115,110.05783213706243,614.5467839377267,50.88443983759199
2026-02-21 01:00:00+00:00,330.69,1123.7198,1403.33,796.27,4.283595e-06,127.86,612.56,45.89,886.8900049377272,2985.9089873932176,2448.207269346155,740.2271399009476,129.43724510773586,108.84570754270989,611.1734922603692,50.285571513668906,1055.4749002676917,3444.4520705886116,3041.457130428496,759.9394619496663,198.97320985000115,110.05783213706243,614.5467839377267,50.88443983759199,1055.4749002676917,3444.4520705886116,3041.457130428496,759.9394619496663,198.97320985000115,110.05783213706243,614.5467839377267,50.88443983759199
2026-02-21 02:00:00+00:00,331.18,1119.62,1358.42,796.27,4.283595e-06,126.99,587.87,45.89,878.3507469168164,2979.32670440493,2427.356955500026,741.750099719044,135.95532934094481,108.84570754270989,611.1734922603692,50.285571513668906,1055.4749002676917,3444.4520705886116,3041.457130428496,759.9394619496663,198.97320985000115,110.05783213706243,614.5467839377267,50.88443983759199,1055.4749002676917,3444.4520705886116,3041.457130428496,759.9394619496663,198.97320985000115,110.05783213706243,614.5467839377267,50.88443983759199
2026-02-21 03:00:00+00:00,332.02002,1126.13,1305.42,796.27,4.283595e-06,119.49,631.99,45.89,888.0905725095223,2977.719613067813,2456.7687649192885,743.1291450078817,142.47341357415374,108.84570754270989,611.1734922603692,50.285571513668906,1055.4749002676917,3444.4520705886116,3041.457130428496,759.9394619496663,198.97320985000115,110.05783213706243,614.5467839377267,50.88443983759199,1055.4749002676917,3444.4520705886116,3041.457130428496,759.9394619496663,198.97320985000115,110.05783213706243,614.5467839377267,50.88443983759199
2026-02-21 04:00:00+00:00,336.45,1122.15,1286.94,796.27,4.283595e-06,122.79,616.96,45.89,920.156027545399,2978.1108469845385,2554.47994583971,744.6601385743703,148.9914978073627,108.84570754270989,611.1734922603692,50.285571513668906,1055.4749002676917,3444.4520705886116,3041.457130428496,759.9394619496663,198.97320985000115,110.05783213706243,614.5467839377267,50.88443983759199,1055.4749002676917,3444.4520705886116,3041.457130428496,759.9394619496663,198.97320985000115,110.05783213706243,614.5467839377267,50.88443983759199
2026-02-21 05:00:00+00:00,337.13,1123.35,1334.01,796.95,7.5000043,121.74,538.15,45.89,938.6157139983692,2980.4863177670345,2627.9314358435504,747.6339533006168,155.50958204057162,108.84570754270989,611.1734922603692,50.285571513668906,1055.4749002676917,3444.4520705886116,3041.457130428496,759.9394619496663,198.97320985000115,110.05783213706243,614.5467839377267,50.88443983759199,1055.4749002676917,3444.4520705886116,3041.457130428496,759.9394619496663,198.97320985000115,110.05783213706243,614.5467839377267,50.88443983759199
2026-02-21 06:00:00+00:00,337.83002,1123.86,1761.28,798.77,4.283595e-06,122.23,574.72,45.89,974.8584367240694,3016.6835160891806,2754.7014866405707,750.431916394536,162.02766627378054,108.84570754270989,611.1734922603692,50.285571513668906,1055.4749002676917,3444.4520705886116,3041.457130428496,759.9394619496663,198.97320985000115,110.05783213706243,614.5467839377267,50.88443983759199,1055.4749002676917,3444.4520705886116,3041.457130428496,759.9394619496663,198.97320985000115,110.05783213706243,614.5467839377267,50.88443983759199
2026-02-21 07:00:00+00:00,464.37,1124.0499,1795.81,800.66,4.283595e-06,130.97,637.67,45.89,1019.1064802297784,3038.7980460392982,2892.205404505731,752.2395226551106,168.54575050698946,108.84570754270989,611.1734922603692,50.285571513668906,1055.4749002676917,3444.4520705886116,3041.457130428496,759.9394619496663,198.97320985000115,110.05783213706243,614.5467839377267,50.88443983759199,1055.4749002676917,3444.4520705886116,3041.457130428496,759.9394619496663,198.97320985000115,110.05783213706243,614.5467839377267,50.88443983759199
2026-02-21 08:00:00+00:00,402.21002,1141.65,1819.86,800.57,4.283595e-06,130.92,615.32,45.89,1018.9132315084034,3031.2435180842785,2900.5242546020286,754.1951577334563,175.06383474019842,108.84570754270989,611.1734922603692,50.285571513668906,1055.4749002676917,3444.4520705886116,3041.457130428496,759.9394619496663,198.97320985000115,110.05783213706243,614.5467839377267,50.88443983759199,1055.4749002676917,3444.4520705886116,3041.457130428496,759.9394619496663,198.97320985000115,110.05783213706243,614.5467839377267,50.88443983759199
2026-02-21 09:00:00+00:00,335.0,1139.35,1692.37,800.09,4.283595e-06,130.68,622.62,45.89,1026.4784837791058,3038.5886329563996,2930.049089201145,755.8279406084965,181.58191897340734,108.84570754270989,611.1734922603692,50.285571513668906,1055.4749002676917,3444.4520705886116,3041.457130428496,759.9394619496663,198.97320985000115,110.05783213706243,614.5467839377267,50.88443983759199,1055.4749002676917,3444.4520705886116,3041.457130428496,759.9394619496663,198.97320985000115,110.05783213706243,614.5467839377267,50.88443983759199
2026-02-21 10:00:00+00:00,334.92004,1142.9,1312.91,800.19,467.0,130.75,616.68,45.89,1043.588339986201,3053.8666953474044,2995.9785631962973,758.0086430207398,188.1000032066163,108.84570754270989,611.1734922603692,50.285571513668906,1055.4749002676917,3444.4520705886116,3041.457130428496,759.9394619496663,198.97320985000115,110.05783213706243,614.5467839377267,50.88443983759199,1055.4749002676917,3444.4520705886116,3041.457130428496,759.9394619496663,198.97320985000115,110.05783213706243,614.5467839377267,50.88443983759199
2026-02-21 11:00:00+00:00,335.36,1145.7198,1526.43,800.19,285.0,123.92,629.33,45.89,1026.374731615445,3052.261714557211,2957.924400892825,760.0145717608403,194.61808743982522,108.84570754270989,611.1734922603692,50.285571513668906,1055.4749002676917,3444.4520705886116,3041.457130428496,759.9394619496663,198.97320985000115,110.05783213706243,614.5467839377267,50.88443983759199,1055.4749002676917,3444.4520705886116,3041.457130428496,759.9394619496663,198.97320985000115,110.05783213706243,614.5467839377267,50.88443983759199
2026-02-21 12:00:00+00:00,335.15002,1440.77,1462.75,800.19,4.283595e-06,124.28,603.31,45.89,1029.260021923382,3069.2867852660806,2971.2137280609554,761.4529775183474,201.13617167303414,108.84570754270989,611.1734922603692,50.285571513668906,1055.4749002676917,3444.4520705886116,3041.457130428496,759.9394619496663,198.97320985000115,110.05783213706243,614.5467839377267,50.88443983759199,1055.4749002676917,3444.4520705886116,3041.457130428496,759.9394619496663,198.97320985000115,110.05783213706243,614.5467839377267,50.88443983759199
2026-02-21 13:00:00+00:00,485.3,2104.75,1601.41,800.19,4.283595e-06,125.03,601.56,45.89,1030.6056726847864,3114.0593738281796,2979.7791739065724,762.5835451491954,207.6542559062431,108.84570754270989,611.1734922603692,50.285571513668906,1055.4749002676917,3444.4520705886116,3041.457130428496,759.9394619496663,198.97320985000115,110.05783213706243,614.5467839377267,50.88443983759199,1055.4749002676917,3444.4520705886116,3041.457130428496,759.9394619496663,198.97320985000115,110.05783213706243,614.5467839377267,50.88443983759199
2026-02-21 14:00:00+00:00,647.6699,2241.36,1669.87,800.19,180.91,124.97,628.7,45.89,1036.854542521891,3187.5095216272553,3014.625581655829,764.4752940200278,214.17234013945202,108.84570754270989,611.1734922603692,50.285571513668906,1055.4749002676917,3444.4520705886116,3041.457130428496,759.9394619496663,198.97320985000115,110.05783213706243,614.5467839377267,50.88443983759199,1055.4749002676917,3444.4520705886116,3041.457130428496,759.9394619496663,198.97320985000115,110.05783213706243,614.5467839377267,50.88443983759199
2026-02-21 15:00:00+00:00,757.14,2490.83,1869.14,800.28,583.1,133.2,635.08,45.89,1063.9063695813595,3294.0749520245877,3121.5404750001208,767.3737205751827,220.69042437266097,108.84570754270989,611.1734922603692,50.285571513668906,1055.4749002676917,3444.4520705886116,3041.457130428496,759.9394619496663,198.97320985000115,110.05783213706243,614.5467839377267,50.88443983759199,1055.4749002676917,3444.4520705886116,3041.457130428496,759.9394619496663,198.97320985000115,110.05783213706243,614.5467839377267,50.88443983759199
2026-02-21 16:00:00+00:00,742.3,2473.42,2210.88,800.9,945.735,134.53,628.96,45.89,1085.321784979412,3406.63598223479,3203.467281433367,769.6596567029828,227.2085086058699,108.84570754270989,611.1734922603692,50.285571513668906,1055.4749002676917,3444.4520705886116,3041.457130428496,759.9394619496663,198.97320985000115,110.05783213706243,614.5467839377267,50.88443983759199,1055.4749002676917,3444.4520705886116,3041.457130428496,759.9394619496663,198.97320985000115,110.05783213706243,614.5467839377267,50.88443983759199
2026-02-21 17:00:00+00:00,741.82,2535.37,2261.67,801.55,1308.37,133.4,625.18,45.89,1088.1257126100613,3449.356577874589,3211.0884215934443,770.7912812190729,233.72659283907882,108.84570754270989,611.1734922603692,50.285571513668906,1055.4749002676917,3444.4520705886116,3041.457130428496,759.9394619496663,198.97320985000115,110.05783213706243,614.5467839377267,50.88443983759199,1055.4749002676917,3444.4520705886116,3041.457130428496,759.9394619496663,198.97320985000115,110.05783213706243,614.5467839377267,50.88443983759199
2026-02-21 18:00:00+00:00,739.49,2537.02,2228.05,800.66,1317.32,133.43,589.44,45.89,1070.7857733102935,3430.4717722842897,3140.102540593814,770.4115116456927,240.24467707228777,108.84570754270989,611.1734922603692,50.285571513668906,1055.4749002676917,3444.4520705886116,3041.457130428496,759.9394619496663,198.97320985000115,110.05783213706243,614.5467839377267,50.88443983759199,1055.4749002676917,3444.4520705886116,3041.457130428496,759.9394619496663,198.97320985000115,110.05783213706243,614.5467839377267,50.88443983759199
2026-02-21 19:00:00+00:00,739.23,2536.32,1954.91,800.66,1220.13,123.78,586.8,45.89,1032.2524202601119,3365.2566541489496,2985.3450662508176,768.2136755901355,246.7627613054967,108.84570754270989,611.1734922603692,50.285571513668906,1055.4749002676917,3444.4520705886116,3041.457130428496,759.9394619496663,198.97320985000115,110.05783213706243,614.5467839377267,50.88443983759199,1055.4749002676917,3444.4520705886116,3041.457130428496,759.9394619496663,198.97320985000115,110.05783213706243,614.5467839377267,50.88443983759199
2026-02-21 20:00:00+00:00,739.25,2397.57,1856.43,800.66,94.74999,125.33,574.64,45.89,1002.2085499751504,3313.1655503707148,2882.6327777401416,768.0400815212336,253.28084553870565,108.84570754270989,611.1734922603692,50.285571513668906,1055.4749002676917,3444.4520705886116,3041.457130428496,759.9394619496663,198.97320985000115,110.05783213706243,614.5467839377267,50.88443983759199,1055.4749002676917,3444.4520705886116,3041.457130428496,759.9394619496663,198.97320985000115,110.05783213706243,614.5467839377267,50.88443983759199
2026-02-21 21:00:00+00:00,553.29,1918.49,1790.94,799.35,354.57,125.24,593.62,45.89,978.7471341168716,3293.446337322734,2798.887767520069,767.7571785807501,259.7989297719146,108.84570754270989,611.1734922603692,50.285571513668906,1055.4749002676917,3444.4520705886116,3041.457130428496,759.9394619496663,198.97320985000115,110.05783213706243,614.5467839377267,50.88443983759199,1055.4749002676917,3444.4520705886116,3041.457130428496,759.9394619496663,198.97320985000115,110.05783213706243,614.5467839377267,50.88443983759199
2026-02-21 22:00:00+00:00,85.89006,1638.86,1855.36,797.88,167.04,124.96,571.45,45.89,927.4246131534059,3265.4671304468948,2617.607220845477,766.2708802540105,266.3170140051235,108.84570754270989,611.1734922603692,50.285571513668906,1055.4749002676917,3444.4520705886116,3041.457130428496,759.9394619496663,198.97320985000115,110.05783213706243,614.5467839377267,50.88443983759199,1055.4749002676917,3444.4520705886116,3041.457130428496,759.9394619496663,198.97320985000115,110.05783213706243,614.5467839377267,50.88443983759199
2026-02-21 23:00:00+00:00,73.91991,1589.65,1750.04,790.82,32.500004,132.62,617.55,45.98,885.3086830907453,3209.947150690665,2470.2556660888517,765.288855038602,272.8350982383324,108.84570754270989,611.1734922603692,50.285571513668906,1055.4749002676917,3444.4520705886116,3041.457130428496,759.9394619496663,198.97320985000115,110.05783213706243,614.5467839377267,50.88443983759199,1055.4749002676917,3444.4520705886116,3041.457130428496,759.9394619496663,198.97320985000115,110.05783213706243,614.5467839377267,50.88443983759199
2026-02-22 00:00:00+00:00,68.06993,1213.13,1569.15,790.14,4.283595e-06,132.68,591.82,45.98,854.3724221048343,3172.6323853579775,2301.3797677770663,734.1672589449554,122.91916087452694,108.84570754270989,611.1734922603692,50.285571513668906,1055.4749002676917,3444.4520705886116,3041.457130428496,759.9394619496663,198.97320985000115,110.05783213706243,614.5467839377267,50.88443983759199,1055.4749002676917,3444.4520705886116,3041.457130428496,759.9394619496663,198.97320985000115,110.05783213706243,614.5467839377267,50.88443983759199
2026-02-22 01:00:00+00:00,67.759995,1205.2999,1612.6,789.86,126.25,132.85,592.02,45.98,830.4374234215468,3143.1880170574586,2225.974366467898,734.1555577973452,129.43724510773586,108.84570754270989,611.1734922603692,50.285571513668906,1055.4749002676917,3444.4520705886116,3041.457130428496,759.9394619496663,198.97320985000115,110.05783213706243,614.5467839377267,50.88443983759199,1055.4749002676917,3444.4520705886116,3041.457130428496,759.9394619496663,198.97320985000115,110.05783213706243,614.5467839377267,50.88443983759199
2026-02-22 02:00:00+00:00,67.81999,1203.61,1509.4,789.86,4.283595e-06,133.56,597.96,45.98,832.111290752491,3116.5151973529805,2238.977386935153,735.5106384778637,135.95532934094481,108.84570754270989,611.1734922603692,50.285571513668906,1055.4749002676917,3444.4520705886116,3041.457130428496,759.9394619496663,198.97320985000115,110.05783213706243,614.5467839377267,50.88443983759199,1055.4749002676917,3444.4520705886116,3041.457130428496,759.9394619496663,198.97320985000115,110.05783213706243,614.5467839377267,50.88443983759199
2026-02-22 03:00:00+00:00,69.16002,1214.16,1623.06,789.86,4.283595e-06,133.55,628.07,45.98,834.9588241672625,3095.057927988154,2259.340142147098,737.5047056370829,142.47341357415374,108.84570754270989,611.1734922603692,50.285571513668906,1055.4749002676917,3444.4520705886116,3041.457130428496,759.9394619496663,198.97320985000115,110.05783213706243,614.5467839377267,50.88443983759199,1055.4749002676917,3444.4520705886116,3041.457130428496,759.9394619496663,198.97320985000115,110.05783213706243,614.5467839377267,50.88443983759199
2026-02-22 04:00:00+00:00,70.10002,1204.0299,1608.87,789.98,4.283595e-06,133.53,658.2,45.98,846.8301425043845,3074.7088206826484,2302.977935840039,739.2045564846976,148.9914978073627,108.84570754270989,611.1734922603692,50.285571513668906,1055.4749002676917,3444.4520705886116,3041.457130428496,759.9394619496663,198.97320985000115,110.05783213706243,614.5467839377267,50.88443983759199,1055.4749002676917,3444.4520705886116,3041.457130428496,759.9394619496663,198.97320985000115,110.05783213706243,614.5467839377267,50.88443983759199
2026-02-22 05:00:00+00:00,70.729965,1205.7699,1530.54,792.43,4.283595e-06,132.75,625.0,45.98,815.7283391470289,3031.93262161682,2207.058315508134,739.9545042963132,155.50958204057162,108.84570754270989,611.1734922603692,50.285571513668906,1055.4749002676917,3444.4520705886116,3041.457130428496,759.9394619496663,198.97320985000115,110.05783213706243,614.5467839377267,50.88443983759199,1055.4749002676917,3444.4520705886116,3041.457130428496,759.9394619496663,198.97320985000115,110.05783213706243,614.5467839377267,50.88443983759199
2026-02-22 06:00:00+00:00,74.17998,1214.9,1560.98,795.67,4.283595e-06,131.63,611.36,49.39,829.5357870393246,3029.8054851398856,2262.033938644257,742.5067469755257,162.02766627378054,108.84570754270989,611.1734922603692,50.285571513668906,1055.4749002676917,3444.4520705886116,3041.457130428496,759.9394619496663,198.97320985000115,110.05783213706243,614.5467839377267,50.88443983759199,1055.4749002676917,3444.4520705886116,3041.457130428496,759.9394619496663,198.97320985000115,110.05783213706243,614.5467839377267,50.88443983759199
2026-02-22 07:00:00+00:00,75.75993,1203.88,1518.9,797.85,4.283595e-06,131.17,620.35,50.52,853.4987239819216,3038.879446860969,2341.6809996754655,744.7556569677157,168.54575050698946,108.84570754270989,611.1734922603692,50.285571513668906,1055.4749002676917,3444.4520705886116,3041.457130428496,759.9394619496663,198.97320985000115,110.05783213706243,614.5467839377267,50.88443983759199,1055.4749002676917,3444.4520705886116,3041.457130428496,759.9394619496663,198.97320985000115,110.05783213706243,614.5467839377267,50.88443983759199
2026-02-22 08:00:00+00:00,78.189926,1200.4,1539.21,797.85,4.283595e-06,131.24,576.09,50.52,869.6280758605474,3047.3361462249327,2386.8024504651557,746.0031897206276,175.06383474019842,108.84570754270989,611.1734922603692,50.285571513668906,1055.4749002676917,3444.4520705886116,3041.457130428496,759.9394619496663,198.97320985000115,110.05783213706243,614.5467839377267,50.88443983759199,1055.4749002676917,3444.4520705886116,3041.457130428496,759.9394619496663,198.97320985000115,110.05783213706243,614.5467839377267,50.88443983759199
2026-02-22 09:00:00+00:00,77.22002,1202.0099,1555.55,797.26,4.283595e-06,131.88,595.24,50.52,865.2618361311327,3059.0906812631024,2359.6623970091728,746.2768007302227,181.58191897340734,108.84570754270989,611.1734922603692,50.285571513668906,1055.4749002676917,3444.4520705886116,3041.457130428496,759.9394619496663,198.97320985000115,110.05783213706243,614.5467839377267,50.88443983759199,1055.4749002676917,3444.4520705886116,3041.457130428496,759.9394619496663,198.97320985000115,110.05783213706243,614.5467839377267,50.88443983759199
2026-02-22 10:00:00+00:00,75.199936,1207.0599,1517.51,797.26,34.789997,132.89,565.37,50.52,873.1482692500668,3054.26605415666,2372.181414063526,746.6948012062049,188.1000032066163,108.84570754270989,611.1734922603692,50.285571513668906,1055.4749002676917,3444.4520705886116,3041.457130428496,759.9394619496663,198.97320985000115,110.05783213706243,614.5467839377267,50.88443983759199,1055.4749002676917,3444.4520705886116,3041.457130428496,759.9394619496663,198.97320985000115,110.05783213706243,614.5467839377267,50.88443983759199
2026-02-22 11:00:00+00:00,75.40001,1220.7198,1395.05,796.99,4.283595e-06,133.13,592.82,50.52,860.7423725108184,3023.6725577461175,2331.2521892599316,747.5570908938487,194.61808743982522,108.84570754270989,611.1734922603692,50.285571513668906,1055.4749002676917,3444.4520705886116,3041.457130428496,759.9394619496663,198.97320985000115,110.05783213706243,614.5467839377267,50.88443983759199,1055.4749002676917,3444.4520705886116,3041.457130428496,759.9394619496663,198.97320985000115,110.05783213706243,614.5467839377267,50.88443983759199
2026-02-22 12:00:00+00:00,73.259995,1231.2599,1389.37,796.17,4.283595e-06,132.23,614.9,44.92,859.9864161438131,2996.6639708151556,2330.2788477381437,748.6745981801777,201.13617167303414,108.84570754270989,611.1734922603692,50.285571513668906,1055.4749002676917,3444.4520705886116,3041.457130428496,759.9394619496663,198.97320985000115,110.05783213706243,614.5467839377267,50.88443983759199,1055.4749002676917,3444.4520705886116,3041.457130428496,759.9394619496663,198.97320985000115,110.05783213706243,614.5467839377267,50.88443983759199
2026-02-22 13:00:00+00:00,71.86998,1211.32,1386.56,796.17,4.283595e-06,131.91,612.73,44.92,851.0571547560106,2970.5556520371506,2315.9312228397494,750.607529935813,207.6542559062431,108.84570754270989,611.1734922603692,50.285571513668906,1055.4749002676917,3444.4520705886116,3041.457130428496,759.9394619496663,198.97320985000115,110.05783213706243,614.5467839377267,50.88443983759199,1055.4749002676917,3444.4520705886116,3041.457130428496,759.9394619496663,198.97320985000115,110.05783213706243,614.5467839377267,50.88443983759199
2026-02-22 14:00:00+00:00,71.77995,1174.85,1382.03,796.17,23.069996,131.45,601.31,44.92,885.8765200261705,2981.4129529229403,2455.451601236823,754.596560962241,214.17234013945202,108.84570754270989,611.1734922603692,50.285571513668906,1055.4749002676917,3444.4520705886116,3041.457130428496,759.9394619496663,198.97320985000115,110.05783213706243,614.5467839377267,50.88443983759199,1055.4749002676917,3444.4520705886116,3041.457130428496,759.9394619496663,198.97320985000115,110.05783213706243,614.5467839377267,50.88443983759199
2026-02-22 15:00:00+00:00,72.489914,1176.7399,1420.07,796.17,17.50002,131.45,564.97,49.73,923.7092612005665,3005.7949510642047,2606.24171069963,758.8919534613474,220.69042437266097,108.84570754270989,611.1734922603692,50.285571513668906,1055.4749002676917,3444.4520705886116,3041.457130428496,759.9394619496663,198.97320985000115,110.05783213706243,614.5467839377267,50.88443983759199,1055.4749002676917,3444.4520705886116,3041.457130428496,759.9394619496663,198.97320985000115,110.05783213706243,614.5467839377267,50.88443983759199
2026-02-22 16:00:00+00:00,73.46001,1179.2499,1667.42,796.89,646.18,137.14,565.98,49.73,961.7237170151626,3072.3207703751173,2766.5028037121247,763.8083493829242,227.2085086058699,108.84570754270989,611.1734922603692,50.285571513668906,1055.4749002676917,3444.4520705886116,3041.457130428496,759.9394619496663,198.97320985000115,110.05783213706243,614.5467839377267,50.88443983759199,1055.4749002676917,3444.4520705886116,3041.457130428496,759.9394619496663,198.97320985000115,110.05783213706243,614.5467839377267,50.88443983759199
2026-02-22 17:00:00+00:00,73.62999,1172.09,1832.0,797.53,995.26,135.76,551.64,49.73,968.0288351079788,3112.9299276587794,2796.135445888244,765.9800326328982,233.72659283907882,108.84570754270989,611.1734922603692,50.285571513668906,1055.4749002676917,3444.4520705886116,3041.457130428496,759.9394619496663,198.97320985000115,110.05783213706243,614.5467839377267,50.88443983759199,1055.4749002676917,3444.4520705886116,3041.457130428496,759.9394619496663,198.97320985000115,110.05783213706243,614.5467839377267,50.88443983759199
2026-02-22 18:00:00+00:00,72.44005,1160.6898,1669.98,797.53,1344.34,136.16,583.8,49.73,979.6211323578043,3133.4342838073608,2820.4170799304225,766.6035799145477,240.24467707228777,108.84570754270989,611.1734922603692,50.285571513668906,1055.4749002676917,3444.4520705886116,3041.457130428496,759.9394619496663,198.97320985000115,110.05783213706243,614.5467839377267,50.88443983759199,1055.4749002676917,3444.4520705886116,3041.457130428496,759.9394619496663,198.97320985000115,110.05783213706243,614.5467839377267,50.88443983759199
2026-02-22 19:00:00+00:00,71.790085,1170.15,1650.95,797.53,572.51,135.76,573.39,49.73,972.497667454159,3116.656156628713,2781.4180226851263,766.5081002244613,246.7627613054967,108.84570754270989,611.1734922603692,50.285571513668906,1055.4749002676917,3444.4520705886116,3041.457130428496,759.9394619496663,198.97320985000115,110.05783213706243,614.5467839377267,50.88443983759199,1055.4749002676917,3444.4520705886116,3041.457130428496,759.9394619496663,198.97320985000115,110.05783213706243,614.5467839377267,50.88443983759199
2026-02-22 20:00:00+00:00,71.81999,1152.7999,1667.99,797.53,141.0,130.99,611.93,49.73,987.2279918994507,3089.2140158270645,2819.445088140335,767.4917072749288,253.28084553870565,108.84570754270989,611.1734922603692,50.285571513668906,1055.4749002676917,3444.4520705886116,3041.457130428496,759.9394619496663,198.97320985000115,110.05783213706243,614.5467839377267,50.88443983759199,1055.4749002676917,3444.4520705886116,3041.457130428496,759.9394619496663,198.97320985000115,110.05783213706243,614.5467839377267,50.88443983759199
2026-02-22 21:00:00+00:00,71.41002,1147.82,1636.71,795.4,186.33,131.35,622.8,49.73,951.8479857054796,3093.8903236251504,2710.3962012547995,768.0424824546318,259.7989297719146,108.84570754270989,611.1734922603692,50.285571513668906,1055.4749002676917,3444.4520705886116,3041.457130428496,759.9394619496663,198.97320985000115,110.05783213706243,614.5467839377267,50.88443983759199,1055.4749002676917,3444.4520705886116,3041.457130428496,759.9394619496663,198.97320985000115,110.05783213706243,614.5467839377267,50.88443983759199
2026-02-22 22:00:00+00:00,66.250046,1132.2599,1328.15,794.16,4.283595e-06,132.65,612.27,49.73,902.0257069775677,3073.3970982277033,2542.40935151904,767.1622391720712,266.3170140051235,108.84570754270989,611.1734922603692,50.285571513668906,1055.4749002676917,3444.4520705886116,3041.457130428496,759.9394619496663,198.97320985000115,110.05783213706243,614.5467839377267,50.88443983759199,1055.4749002676917,3444.4520705886116,3041.457130428496,759.9394619496663,198.97320985000115,110.05783213706243,614.5467839377267,50.88443983759199
2026-02-22 23:00:00+00:00,102.270004,1151.2198,1261.06,789.69,37.039997,130.84,598.06,46.92,872.2994672810796,3047.992946541813,2444.0341174469013,766.8667403840009,272.8350982383324,108.84570754270989,611.1734922603692,50.285571513668906,1055.4749002676917,3444.4520705886116,3041.457130428496,759.9394619496663,198.97320985000115,110.05783213706243,614.5467839377267,50.88443983759199,1055.4749002676917,3444.4520705886116,3041.457130428496,759.9394619496663,198.97320985000115,110.05783213706243,614.5467839377267,50.88443983759199
2026-02-23 00:00:00+00:00,195.47008,1128.91,1271.62,786.2,75.72,131.11,605.39,46.92,859.1456900779075,3021.469876747359,2319.962916572441,734.9061030423583,122.91916087452694,108.84570754270989,611.1734922603692,50.285571513668906,1055.4749002676917,3444.4520705886116,3041.457130428496,759.9394619496663,198.97320985000115,110.05783213706243,614.5467839377267,50.88443983759199,1055.4749002676917,3444.4520705886116,3041.457130428496,759.9394619496663,198.97320985000115,110.05783213706243,614.5467839377267,50.88443983759199
2026-02-23 01:00:00+00:00,373.82,1152.5399,1224.28,785.92,4.283595e-06,132.18,609.24,50.89,871.87507311745,3028.7490780617372,2368.5546829461764,736.5631332882559,129.43724510773586,108.84570754270989,611.1734922603692,50.285571513668906,1055.4749002676917,3444.4520705886116,3041.457130428496,759.9394619496663,198.97320985000115,110.05783213706243,614.5467839377267,50.88443983759199,1055.4749002676917,3444.4520705886116,3041.457130428496,759.9394619496663,198.97320985000115,110.05783213706243,614.5467839377267,50.88443983759199
2026-02-23 02:00:00+00:00,473.62,1143.1898,1222.08,785.92,2.9700055,129.4,644.56,52.22,896.314447416677,3042.064469109083,2457.392241928217,739.1218221848209,135.95532934094481,108.84570754270989,611.1734922603692,50.285571513668906,1055.4749002676917,3444.4520705886116,3041.457130428496,759.9394619496663,198.97320985000115,110.05783213706243,614.5467839377267,50.88443983759199,1055.4749002676917,3444.4520705886116,3041.457130428496,759.9394619496663,198.97320985000115,110.05783213706243,614.5467839377267,50.88443983759199
2026-02-23 03:00:00+00:00,490.67004,1141.13,1232.91,785.92,12.499989,129.71,663.12,52.22,920.4135560899505,3063.2699431130172,2543.1595048046975,741.6205082814249,142.47341357415374,108.84570754270989,611.1734922603692,50.285571513668906,1055.4749002676917,3444.4520705886116,3041.457130428496,759.9394619496663,198.97320985000115,110.05783213706243,614.5467839377267,50.88443983759199,1055.4749002676917,3444.4520705886116,3041.457130428496,759.9394619496663,198.97320985000115,110.05783213706243,614.5467839377267,50.88443983759199
2026-02-23 04:00:00+00:00,490.78003,1144.59,1394.58,785.92,13.48,130.62,616.35,52.22,967.0100026389762,3099.179000812176,2728.791943260624,746.647818701825,148.9914978073627,108.84570754270989,611.1734922603692,50.285571513668906,1055.4749002676917,3444.4520705886116,3041.457130428496,759.9394619496663,198.97320985000115,110.05783213706243,614.5467839377267,50.88443983759199,1055.4749002676917,3444.4520705886116,3041.457130428496,759.9394619496663,198.97320985000115,110.05783213706243,614.5467839377267,50.88443983759199
2026-02-23 05:00:00+00:00,670.55,1424.3699,1799.42,788.24,4.283595e-06,131.72,594.1,52.22,1024.627918553499,3163.620555130182,2989.553390394595,755.0512446681198,155.50958204057162,108.84570754270989,611.1734922603692,50.285571513668906,1055.4749002676917,3444.4520705886116,3041.457130428496,759.9394619496663,198.97320985000115,110.05783213706243,614.5467839377267,50.88443983759199,1055.4749002676917,3444.4520705886116,3041.457130428496,759.9394619496663,198.97320985000115,110.05783213706243,614.5467839377267,50.88443983759199
2026-02-23 06:00:00+00:00,844.18,1669.3899,1959.77,791.48,392.55,132.05,531.38,52.22,1078.1278520236453,3245.528148993308,3202.070235298868,760.5738877585976,162.02766627378054,108.84570754270989,611.1734922603692,50.285571513668906,1055.4749002676917,3444.4520705886116,3041.457130428496,759.9394619496663,198.97320985000115,110.05783213706243,614.5467839377267,50.88443983759199,1055.4749002676917,3444.4520705886116,3041.457130428496,759.9394619496663,198.97320985000115,110.05783213706243,614.5467839377267,50.88443983759199
2026-02-23 07:00:00+00:00,794.22,1921.15,2048.78,792.92,1138.82,132.49,538.2,52.22,1079.8967527487282,3245.5394473528086,3201.327122180543,761.4512927102168,168.54575050698946,108.84570754270989,611.1734922603692,50.285571513668906,1055.4749002676917,3444.4520705886116,3041.457130428496,759.9394619496663,198.97320985000115,110.05783213706243,614.5467839377267,50.88443983759199,1055.4749002676917,3444.4520705886116,3041.457130428496,759.9394619496663,198.97320985000115,110.05783213706243,614.5467839377267,50.88443983759199
2026-02-23 08:00:00+00:00,735.22,1780.1,2028.8499,792.92,756.37,132.49,616.11,52.22,1040.5618407394572,3168.053519014252,3045.7974182108587,759.9811579000917,175.06383474019842,108.84570754270989,611.1734922603692,50.285571513668906,1055.4749002676917,3444.4520705886116,3041.457130428496,759.9394619496663,198.97320985000115,110.05783213706243,614.5467839377267,50.88443983759199,1055.4749002676917,3444.4520705886116,3041.457130428496,759.9394619496663,198.97320985000115,110.05783213706243,614.5467839377267,50.88443983759199
2026-02-23 09:00:00+00:00,435.56,1275.41,1728.8,792.34,66.66001,132.49,613.67,52.22,1000.2198315578491,3090.011679740853,2876.6136991599396,757.7568784232982,181.58191897340734,108.84570754270989,611.1734922603692,50.285571513668906,1055.4749002676917,3444.4520705886116,3041.457130428496,759.9394619496663,198.97320985000115,110.05783213706243,614.5467839377267,50.88443983759199,1055.4749002676917,3444.4520705886116,3041.457130428496,759.9394619496663,198.97320985000115,110.05783213706243,614.5467839377267,50.88443983759199
2026-02-23 10:00:00+00:00,342.98004,1181.2499,1518.82,792.34,83.84,131.79,554.25,52.22,966.1704361199656,3041.586298300963,2741.3444503149,756.1319003998917,188.1000032066163,108.84570754270989,611.1734922603692,50.285571513668906,1055.4749002676917,3444.4520705886116,3041.457130428496,759.9394619496663,198.97320985000115,110.05783213706243,614.5467839377267,50.88443983759199,1055.4749002676917,3444.4520705886116,3041.457130428496,759.9394619496663,198.97320985000115,110.05783213706243,614.5467839377267,50.88443983759199
2026-02-23 11:00:00+00:00,340.24,1143.2399,1497.13,792.34,96.39,132.0,606.25,49.03,953.1623457528747,3011.6761297903276,2685.0174055209736,755.8474721508782,194.61808743982522,108.84570754270989,611.1734922603692,50.285571513668906,1055.4749002676917,3444.4520705886116,3041.457130428496,759.9394619496663,198.97320985000115,110.05783213706243,614.5467839377267,50.88443983759199,1055.4749002676917,3444.4520705886116,3041.457130428496,759.9394619496663,198.97320985000115,110.05783213706243,614.5467839377267,50.88443983759199
2026-02-23 12:00:00+00:00,345.19,1182.0499,1475.76,792.34,4.283595e-06,132.49,602.8,47.96,934.0025862723821,2982.913136689233,2622.396665543278,756.4285439756442,201.13617167303414,108.84570754270989,611.1734922603692,50.285571513668906,1055.4749002676917,3444.4520705886116,3041.457130428496,759.9394619496663,198.97320985000115,110.05783213706243,614.5467839377267,50.88443983759199,1055.4749002676917,3444.4520705886116,3041.457130428496,759.9394619496663,198.97320985000115,110.05783213706243,614.5467839377267,50.88443983759199
2026-02-23 13:00:00+00:00,363.97003,1203.38,1468.66,792.34,4.283595e-06,132.49,579.96,47.96,920.6565152688075,2988.254429130877,2584.7769979955456,756.8299287854232,207.6542559062431,108.84570754270989,611.1734922603692,50.285571513668906,1055.4749002676917,3444.4520705886116,3041.457130428496,759.9394619496663,198.97320985000115,110.05783213706243,614.5467839377267,50.88443983759199,1055.4749002676917,3444.4520705886116,3041.457130428496,759.9394619496663,198.97320985000115,110.05783213706243,614.5467839377267,50.88443983759199
2026-02-23 14:00:00+00:00,421.37,1457.05,1503.41,792.34,4.283595e-06,131.86,568.96,47.96,971.6873965464116,3056.09977918044,2766.505154189126,759.9636723364897,214.17234013945202,108.84570754270989,611.1734922603692,50.285571513668906,1055.4749002676917,3444.4520705886116,3041.457130428496,759.9394619496663,198.97320985000115,110.05783213706243,614.5467839377267,50.88443983759199,1055.4749002676917,3444.4520705886116,3041.457130428496,759.9394619496663,198.97320985000115,110.05783213706243,614.5467839377267,50.88443983759199
2026-02-23 15:00:00+00:00,581.84,2439.87,1845.06,792.34,6.7399945,129.96,626.97,47.96,1033.7274866863124,3146.377647817867,3032.3328798064013,767.3989468219401,220.69042437266097,108.84570754270989,611.1734922603692,50.285571513668906,1055.4749002676917,3444.4520705886116,3041.457130428496,759.9394619496663,198.97320985000115,110.05783213706243,614.5467839377267,50.88443983759199,1055.4749002676917,3444.4520705886116,3041.457130428496,759.9394619496663,198.97320985000115,110.05783213706243,614.5467839377267,50.88443983759199
2026-02-23 16:00:00+00:00,902.13,3195.64,1926.45,793.51,18.679981,129.91,625.33,47.96,1107.3933986230372,3267.6150104412463,3322.0096070165982,774.0019516330779,227.2085086058699,108.84570754270989,611.1734922603692,50.285571513668906,1055.4749002676917,3444.4520705886116,3041.457130428496,759.9394619496663,198.97320985000115,110.05783213706243,614.5467839377267,50.88443983759199,1055.4749002676917,3444.4520705886116,3041.457130428496,759.9394619496663,198.97320985000115,110.05783213706243,614.5467839377267,50.88443983759199
2026-02-23 17:00:00+00:00,912.4,3602.29,2170.72,794.16,196.71,132.56,617.68,47.96,1121.6626599393558,3300.550857875227,3388.4135460654807,776.78048681231,233.72659283907882,108.84570754270989,611.1734922603692,50.285571513668906,1055.4749002676917,3444.4520705886116,3041.457130428496,759.9394619496663,198.97320985000115,110.05783213706243,614.5467839377267,50.88443983759199,1055.4749002676917,3444.4520705886116,3041.457130428496,759.9394619496663,198.97320985000115,110.05783213706243,614.5467839377267,50.88443983759199
2026-02-23 18:00:00+00:00,912.83,3598.72,2232.78,794.16,29.379993,132.7,618.35,47.96,1102.1221359523802,3285.1918461205264,3319.639898770074,776.94741416518,240.24467707228777,108.84570754270989,611.1734922603692,50.285571513668906,1055.4749002676917,3444.4520705886116,3041.457130428496,759.9394619496663,198.97320985000115,110.05783213706243,614.5467839377267,50.88443983759199,1055.4749002676917,3444.4520705886116,3041.457130428496,759.9394619496663,198.97320985000115,110.05783213706243,614.5467839377267,50.88443983759199
2026-02-23 19:00:00+00:00,845.12,3414.52,2024.65,794.16,9.789997,132.37,660.55,47.96,1077.2977613900707,3278.468505932007,3218.6895241587076,775.7873377953007,246.7627613054967,108.84570754270989,611.1734922603692,50.285571513668906,1055.4749002676917,3444.4520705886116,3041.457130428496,759.9394619496663,198.97320985000115,110.05783213706243,614.5467839377267,50.88443983759199,1055.4749002676917,3444.4520705886116,3041.457130428496,759.9394619496663,198.97320985000115,110.05783213706243,614.5467839377267,50.88443983759199
2026-02-23 20:00:00+00:00,822.26,3343.26,2178.29,794.16,3.5000043,129.07,665.48,47.96,1045.237572061271,3272.0501115395346,3093.8056804456755,774.3157121743535,253.28084553870565,108.84570754270989,611.1734922603692,50.285571513668906,1055.4749002676917,3444.4520705886116,3041.457130428496,759.9394619496663,198.97320985000115,110.05783213706243,614.5467839377267,50.88443983759199,1055.4749002676917,3444.4520705886116,3041.457130428496,759.9394619496663,198.97320985000115,110.05783213706243,614.5467839377267,50.88443983759199
2026-02-23 21:00:00+00:00,817.16,3448.11,2155.57,792.85,29.780003,129.18,627.71,47.96,1026.3652028683123,3287.3778290912715,3005.2015140678586,772.4505377668654,259.7989297719146,108.84570754270989,611.1734922603692,50.285571513668906,1055.4749002676917,3444.4520705886116,3041.457130428496,759.9394619496663,198.97320985000115,110.05783213706243,614.5467839377267,50.88443983759199,1055.4749002676917,3444.4520705886116,3041.457130428496,759.9394619496663,198.97320985000115,110.05783213706243,614.5467839377267,50.88443983759199
2026-02-23 22:00:00+00:00,791.87,3451.92,2117.25,792.06,4.283595e-06,129.51,630.24,47.96,1017.6562860844791,3278.039097635387,2948.562759760374,771.0399190750492,266.3170140051235,108.84570754270989,611.1734922603692,50.285571513668906,1055.4749002676917,3444.4520705886116,3041.457130428496,759.9394619496663,198.97320985000115,110.05783213706243,614.5467839377267,50.88443983759199,1055.4749002676917,3444.4520705886116,3041.457130428496,759.9394619496663,198.97320985000115,110.05783213706243,614.5467839377267,50.88443983759199
2026-02-23 23:00:00+00:00,781.3,3800.94,2165.66,786.93,86.25,129.07,690.55,50.54,1031.1150360575912,3301.3370771306923,2976.056310126639,771.2892328601245,272.8350982383324,108.84570754270989,611.1734922603692,50.285571513668906,1055.4749002676917,3444.4520705886116,3041.457130428496,759.9394619496663,198.97320985000115,110.05783213706243,614.5467839377267,50.88443983759199,1055.4749002676917,3444.4520705886116,3041.457130428496,759.9394619496663,198.97320985000115,110.05783213706243,614.5467839377267,50.88443983759199
2026-02-24 00:00:00+00:00,782.87,3943.61,2262.74,786.64,191.17,129.23,654.61,50.54,1041.0564045424044,3356.4321598285865,2934.4949833075666,740.990066044634,122.91916087452694,108.84570754270989,611.1734922603692,50.285571513668906,1055.4749002676917,3444.4520705886116,3041.457130428496,759.9394619496663,198.97320985000115,110.05783213706243,614.5467839377267,50.88443983759199,1055.4749002676917,3444.4520705886116,3041.457130428496,759.9394619496663,198.97320985000115,110.05783213706243,614.5467839377267,50.88443983759199
2026-02-24 01:00:00+00:00,775.58,4099.55,2451.55,786.35,152.92,129.61,642.21,50.54,1052.0462336246078,3418.002914723595,2985.6294852825717,743.4837056766359,129.43724510773586,108.84570754270989,611.1734922603692,50.285571513668906,1055.4749002676917,3444.4520705886116,3041.457130428496,759.9394619496663,198.97320985000115,110.05783213706243,614.5467839377267,50.88443983759199,1055.4749002676917,3444.4520705886116,3041.457130428496,759.9394619496663,198.97320985000115,110.05783213706243,614.5467839377267,50.88443983759199
2026-02-24 02:00:00+00:00,928.26,4114.23,2982.22,786.35,39.170002,129.17,641.28,50.54,1070.0851264775795,3489.4095331175945,3070.74325573952,746.9040992573855,135.95532934094481,108.84570754270989,611.1734922603692,50.285571513668906,1055.4749002676917,3444.4520705886116,3041.457130428496,759.9394619496663,198.97320985000115,110.05783213706243,614.5467839377267,50.88443983759199,1055.4749002676917,3444.4520705886116,3041.457130428496,759.9394619496663,198.97320985000115,110.05783213706243,614.5467839377267,50.88443983759199
2026-02-24 03:00:00+00:00,1135.87,4115.69,4220.28,786.35,38.879993,129.28,642.85,50.54,1085.8926878932455,3570.5428003252796,3153.0133031426712,750.4922066887768,142.47341357415374,108.84570754270989,611.1734922603692,50.285571513668906,1055.4749002676917,3444.4520705886116,3041.457130428496,759.9394619496663,198.97320985000115,110.05783213706243,614.5467839377267,50.88443983759199,1055.4749002676917,3444.4520705886116,3041.457130428496,759.9394619496663,198.97320985000115,110.05783213706243,614.5467839377267,50.88443983759199
2026-02-24 04:00:00+00:00,1519.25,4107.45,4785.96,786.35,39.170002,129.61,657.54,50.54,1114.2125711379356,3663.407031527455,3283.719893391824,754.8440024960909,148.9914978073627,108.84570754270989,611.1734922603692,50.285571513668906,1055.4749002676917,3444.4520705886116,3041.457130428496,759.9394619496663,198.97320985000115,110.05783213706243,614.5467839377267,50.88443983759199,1055.4749002676917,3444.4520705886116,3041.457130428496,759.9394619496663,198.97320985000115,110.05783213706243,614.5467839377267,50.88443983759199
2026-02-24 05:00:00+00:00,2082.92,4615.33,6048.65,788.68,118.55,129.87,590.88,50.54,1227.6621482584392,3826.171239513734,3707.1668114012573,762.7076686754722,155.50958204057162,108.84570754270989,611.1734922603692,50.285571513668906,1055.4749002676917,3444.4520705886116,3041.457130428496,759.9394619496663,198.97320985000115,110.05783213706243,614.5467839377267,50.88443983759199,1055.4749002676917,3444.4520705886116,3041.457130428496,759.9394619496663,198.97320985000115,110.05783213706243,614.5467839377267,50.88443983759199
2026-02-24 06:00:00+00:00,2364.64,5098.8,6670.7,791.92,1010.49,129.87,640.21,50.54,1302.37835731021,3939.044880462733,3995.039663615585,768.8586340711012,162.02766627378054,108.84570754270989,611.1734922603692,50.285571513668906,1055.4749002676917,3444.4520705886116,3041.457130428496,759.9394619496663,198.97320985000115,110.05783213706243,614.5467839377267,50.88443983759199,1055.4749002676917,3444.4520705886116,3041.457130428496,759.9394619496663,198.97320985000115,110.05783213706243,614.5467839377267,50.88443983759199
2026-02-24 07:00:00+00:00,2446.12,5364.91,6689.89,793.36,789.77,129.87,679.55,50.54,1313.372962702492,3964.45611817475,4052.90364841684,771.8392542544168,168.54575050698946,108.84570754270989,611.1734922603692,50.285571513668906,1055.4749002676917,3444.4520705886116,3041.457130428496,759.9394619496663,198.97320985000115,110.05783213706243,614.5467839377267,50.88443983759199,1055.4749002676917,3444.4520705886116,3041.457130428496,759.9394619496663,198.97320985000115,110.05783213706243,614.5467839377267,50.88443983759199
2026-02-24 08:00:00+00:00,2432.18,5398.76,6898.76,793.36,569.05,129.92,633.22,50.54,1294.6546836501723,3921.319890319581,3985.1483402037566,771.9182367440009,175.06383474019842,108.84570754270989,611.1734922603692,50.285571513668906,1055.4749002676917,3444.4520705886116,3041.457130428496,759.9394619496663,198.97320985000115,110.05783213706243,614.5467839377267,50.88443983759199,1055.4749002676917,3444.4520705886116,3041.457130428496,759.9394619496663,198.97320985000115,110.05783213706243,614.5467839377267,50.88443983759199
2026-02-24 09:00:00+00:00,2380.1,5412.11,6998.26,792.77,19.59,129.97,621.35,50.54,1284.7256063624477,3886.724932003722,3945.926766270875,772.206497877663,181.58191897340734,108.84570754270989,611.1734922603692,50.285571513668906,1055.4749002676917,3444.4520705886116,3041.457130428496,759.9394619496663,198.97320985000115,110.05783213706243,614.5467839377267,50.88443983759199,1055.4749002676917,3444.4520705886116,3041.457130428496,759.9394619496663,198.97320985000115,110.05783213706243,614.5467839377267,50.88443983759199
2026-02-24 10:00:00+00:00,2177.69,5438.01,6707.74,792.77,108.75,129.97,539.3,50.54,1246.8282988885835,3837.442290597104,3809.0624947069523,770.9888204705353,188.1000032066163,108.84570754270989,611.1734922603692,50.285571513668906,1055.4749002676917,3444.4520705886116,3041.457130428496,759.9394619496663,198.97320985000115,110.05783213706243,614.5467839377267,50.88443983759199,1055.4749002676917,3444.4520705886116,3041.457130428496,759.9394619496663,198.97320985000115,110.05783213706243,614.5467839377267,50.88443983759199
2026-02-24 11:00:00+00:00,2037.15,5397.17,6508.97,792.77,4.283595e-06,130.1,535.64,50.54,1245.6082372872215,3809.7107112896792,3798.776075851751,771.4937575872137,194.61808743982522,108.84570754270989,611.1734922603692,50.285571513668906,1055.4749002676917,3444.4520705886116,3041.457130428496,759.9394619496663,198.97320985000115,110.05783213706243,614.5467839377267,50.88443983759199,1055.4749002676917,3444.4520705886116,3041.457130428496,759.9394619496663,198.97320985000115,110.05783213706243,614.5467839377267,50.88443983759199
2026-02-24 12:00:00+00:00,2146.38,5385.06,6601.71,792.77,31.500004,129.97,544.71,50.54,1248.37019614113,3780.915886531724,3816.165602464959,773.5145055167085,201.13617167303414,108.84570754270989,611.1734922603692,50.285571513668906,1055.4749002676917,3444.4520705886116,3041.457130428496,759.9394619496663,198.97320985000115,110.05783213706243,614.5467839377267,50.88443983759199,1055.4749002676917,3444.4520705886116,3041.457130428496,759.9394619496663,198.97320985000115,110.05783213706243,614.5467839377267,50.88443983759199
2026-02-24 13:00:00+00:00,2161.86,5385.37,6669.72,792.77,4.283595e-06,129.97,543.22,50.54,1252.809651025678,3784.5292833426943,3847.2220312629606,775.8925768719761,207.6542559062431,108.84570754270989,611.1734922603692,50.285571513668906,1055.4749002676917,3444.4520705886116,3041.457130428496,759.9394619496663,198.97320985000115,110.05783213706243,614.5467839377267,50.88443983759199,1055.4749002676917,3444.4520705886116,3041.457130428496,759.9394619496663,198.97320985000115,110.05783213706243,614.5467839377267,50.88443983759199
2026-02-24 14:00:00+00:00,2305.85,5409.68,6800.41,792.77,188.13,129.97,579.32,50.54,1268.9918100340824,3828.8303466272423,3920.1433691238963,778.6646045430347,214.17234013945202,108.84570754270989,611.1734922603692,50.285571513668906,1055.4749002676917,3444.4520705886116,3041.457130428496,759.9394619496663,198.97320985000115,110.05783213706243,614.5467839377267,50.88443983759199,1055.4749002676917,3444.4520705886116,3041.457130428496,759.9394619496663,198.97320985000115,110.05783213706243,614.5467839377267,50.88443983759199
2026-02-24 15:00:00+00:00,2437.85,5733.15,6872.7,792.77,282.67,129.97,602.47,50.54,1293.266828792216,3912.8160055403887,4013.114553388311,781.1781182663304,220.69042437266097,108.84570754270989,611.1734922603692,50.285571513668906,1055.4749002676917,3444.4520705886116,3041.457130428496,759.9394619496663,198.97320985000115,110.05783213706243,614.5467839377267,50.88443983759199,1055.4749002676917,3444.4520705886116,3041.457130428496,759.9394619496663,198.97320985000115,110.05783213706243,614.5467839377267,50.88443983759199
2026-02-24 16:00:00+00:00,2394.35,5793.46,7407.0,793.94,1187.04,130.35,614.07,50.54,1326.3430267522856,4012.7648880423358,4153.445291302566,785.1446352176233,227.2085086058699,108.84570754270989,611.1734922603692,50.285571513668906,1055.4749002676917,3444.4520705886116,3041.457130428496,759.9394619496663,198.97320985000115,110.05783213706243,614.5467839377267,50.88443983759199,1055.4749002676917,3444.4520705886116,3041.457130428496,759.9394619496663,198.97320985000115,110.05783213706243,614.5467839377267,50.88443983759199
2026-02-24 17:00:00+00:00,2426.45,5787.29,7771.12,794.59,1126.8551,129.97,661.66,50.54,1335.5250557215054,4034.727087569951,4197.388640488558,787.3219269215151,233.72659283907882,108.84570754270989,611.1734922603692,50.285571513668906,1055.4749002676917,3444.4520705886116,3041.457130428496,759.9394619496663,198.97320985000115,110.05783213706243,614.5467839377267,50.88443983759199,1055.4749002676917,3444.4520705886116,3041.457130428496,759.9394619496663,198.97320985000115,110.05783213706243,614.5467839377267,50.88443983759199
2026-02-24 18:00:00+00:00,2427.43,5799.79,7352.69,794.59,1066.6702,130.1,635.66,50.54,1322.538485180616,4002.749047116263,4151.573126382842,787.7379246182885,240.24467707228777,108.84570754270989,611.1734922603692,50.285571513668906,1055.4749002676917,3444.4520705886116,3041.457130428496,759.9394619496663,198.97320985000115,110.05783213706243,614.5467839377267,50.88443983759199,1055.4749002676917,3444.4520705886116,3041.457130428496,759.9394619496663,198.97320985000115,110.05783213706243,614.5467839377267,50.88443983759199
2026-02-24 19:00:00+00:00,2360.31,5519.45,6951.17,794.59,456.3,129.97,639.6,50.54,1290.1816428308491,3933.9362067244942,4027.4001842552766,786.5644628413635,246.7627613054967,108.84570754270989,611.1734922603692,50.285571513668906,1055.4749002676917,3444.4520705886116,3041.457130428496,759.9394619496663,198.97320985000115,110.05783213706243,614.5467839377267,50.88443983759199,1055.4749002676917,3444.4520705886116,3041.457130428496,759.9394619496663,198.97320985000115,110.05783213706243,614.5467839377267,50.88443983759199
2026-02-24 20:00:00+00:00,2089.98,5064.0,6907.08,794.59,337.05,129.27,627.86,50.54,1247.5773252576741,3862.119083143165,3866.194932019922,784.8828779472506,253.28084553870565,108.84570754270989,611.1734922603692,50.285571513668906,1055.4749002676917,3444.4520705886116,3041.457130428496,759.9394619496663,198.97320985000115,110.05783213706243,614.5467839377267,50.88443983759199,1055.4749002676917,3444.4520705886116,3041.457130428496,759.9394619496663,198.97320985000115,110.05783213706243,614.5467839377267,50.88443983759199
2026-02-24 21:00:00+00:00,1876.9799,4790.3,6838.15,793.28,298.27,129.53,621.35,50.54,1199.498486674416,3801.4274315516636,3685.1151140357565,782.9110508364903,259.7989297719146,108.84570754270989,611.1734922603692,50.285571513668906,1055.4749002676917,3444.4520705886116,3041.457130428496,759.9394619496663,198.97320985000115,110.05783213706243,614.5467839377267,50.88443983759199,1055.4749002676917,3444.4520705886116,3041.457130428496,759.9394619496663,198.97320985000115,110.05783213706243,614.5467839377267,50.88443983759199
2026-02-24 22:00:00+00:00,1835.54,4446.28,6513.65,792.49,188.13,130.28,585.09,50.54,1167.9460015432312,3743.765370992817,3557.2624032078825,781.3404059199644,266.3170140051235,108.84570754270989,611.1734922603692,50.285571513668906,1055.4749002676917,3444.4520705886116,3041.457130428496,759.9394619496663,198.97320985000115,110.05783213706243,614.5467839377267,50.88443983759199,1055.4749002676917,3444.4520705886116,3041.457130428496,759.9394619496663,198.97320985000115,110.05783213706243,614.5467839377267,50.88443983759199
2026-02-24 23:00:00+00:00,1834.03,4403.12,5660.51,787.04,29.379993,130.67,646.75,48.97,1132.453642075983,3695.188883963096,3423.9400308908976,780.1951782877416,272.8350982383324,108.84570754270989,611.1734922603692,50.285571513668906,1055.4749002676917,3444.4520705886116,3041.457130428496,759.9394619496663,198.97320985000115,110.05783213706243,614.5467839377267,50.88443983759199,1055.4749002676917,3444.4520705886116,3041.457130428496,759.9394619496663,198.97320985000115,110.05783213706243,614.5467839377267,50.88443983759199
2026-02-25 00:00:00+00:00,1829.66,4402.7,5661.55,787.15,9.789997,130.93,617.34,48.97,1110.9124154135013,3674.063542079214,3272.0122443072296,748.5859474545879,122.91916087452694,108.84570754270989,611.1734922603692,50.285571513668906,1055.4749002676917,3444.4520705886116,3041.457130428496,759.9394619496663,198.97320985000115,110.05783213706243,614.5467839377267,50.88443983759199,1055.4749002676917,3444.4520705886116,3041.457130428496,759.9394619496663,198.97320985000115,110.05783213706243,614.5467839377267,50.88443983759199
2026-02-25 01:00:00+00:00,1830.08,4395.28,5636.95,786.86,4.283595e-06,131.68,596.76,48.97,1102.8912054305968,3662.9968941786296,3246.2128638738095,749.4668857632391,129.43724510773586,108.84570754270989,611.1734922603692,50.285571513668906,1055.4749002676917,3444.4520705886116,3041.457130428496,759.9394619496663,198.97320985000115,110.05783213706243,614.5467839377267,50.88443983759199,1055.4749002676917,3444.4520705886116,3041.457130428496,759.9394619496663,198.97320985000115,110.05783213706243,614.5467839377267,50.88443983759199
2026-02-25 02:00:00+00:00,1835.5,4391.06,5674.1,786.86,9.789997,130.59,574.41,48.97,1104.994783788728,3668.9667652285493,3259.9087825522297,751.1015713879848,135.95532934094481,108.84570754270989,611.1734922603692,50.285571513668906,1055.4749002676917,3444.4520705886116,3041.457130428496,759.9394619496663,198.97320985000115,110.05783213706243,614.5467839377267,50.88443983759199,1055.4749002676917,3444.4520705886116,3041.457130428496,759.9394619496663,198.97320985000115,110.05783213706243,614.5467839377267,50.88443983759199
2026-02-25 03:00:00+00:00,1836.27,4379.51,5684.57,786.86,61.670002,130.51,611.23,48.97,1118.675012334464,3703.96849355685,3323.3735099219093,753.8894903854255,142.47341357415374,108.84570754270989,611.1734922603692,50.285571513668906,1055.4749002676917,3444.4520705886116,3041.457130428496,759.9394619496663,198.97320985000115,110.05783213706243,614.5467839377267,50.88443983759199,1055.4749002676917,3444.4520705886116,3041.457130428496,759.9394619496663,198.97320985000115,110.05783213706243,614.5467839377267,50.88443983759199
2026-02-25 04:00:00+00:00,1926.51,4327.09,5739.67,786.86,228.92,130.88,616.76,48.97,1149.8196029722512,3757.68638182533,3451.0536588270897,757.6538852324601,148.9914978073627,108.84570754270989,611.1734922603692,50.285571513668906,1055.4749002676917,3444.4520705886116,3041.457130428496,759.9394619496663,198.97320985000115,110.05783213706243,614.5467839377267,50.88443983759199,1055.4749002676917,3444.4520705886116,3041.457130428496,759.9394619496663,198.97320985000115,110.05783213706243,614.5467839377267,50.88443983759199
2026-02-25 05:00:00+00:00,1892.4598,4244.51,6117.39,789.19,510.53,130.45,580.07,48.97,1226.320702559746,3844.7221722957847,3754.04864153378,764.8540726073082,155.50958204057162,108.84570754270989,611.1734922603692,50.285571513668906,1055.4749002676917,3444.4520705886116,3041.457130428496,759.9394619496663,198.97320985000115,110.05783213706243,614.5467839377267,50.88443983759199,1055.4749002676917,3444.4520705886116,3041.457130428496,759.9394619496663,198.97320985000115,110.05783213706243,614.5467839377267,50.88443983759199
2026-02-25 06:00:00+00:00,1798.66,4262.94,6182.89,792.43,725.78,130.45,696.56,48.97,1274.1842746723491,3885.277350083043,3938.8231225961026,769.6420699293616,162.02766627378054,108.84570754270989,611.1734922603692,50.285571513668906,1055.4749002676917,3444.4520705886116,3041.457130428496,759.9394619496663,198.97320985000115,110.05783213706243,614.5467839377267,50.88443983759199,1055.4749002676917,3444.4520705886116,3041.457130428496,759.9394619496663,198.97320985000115,110.05783213706243,614.5467839377267,50.88443983759199
2026-02-25 07:00:00+00:00,1754.67,4302.95,5937.98,793.87,298.04,130.45,592.61,48.97,1257.7831522849535,3832.3350792711767,3865.258467295768,769.2443275198301,168.54575050698946,108.84570754270989,611.1734922603692,50.285571513668906,1055.4749002676917,3444.4520705886116,3041.457130428496,759.9394619496663,198.97320985000115,110.05783213706243,614.5467839377267,50.88443983759199,1055.4749002676917,3444.4520705886116,3041.457130428496,759.9394619496663,198.97320985000115,110.05783213706243,614.5467839377267,50.88443983759199
2026-02-25 08:00:00+00:00,1372.03,4313.55,5782.86,793.87,66.670006,130.45,541.15,48.97,1224.4866540565313,3733.2691574145806,3697.7585629784844,765.4611743383648,175.06383474019842,108.84570754270989,611.1734922603692,50.285571513668906,1055.4749002676917,3444.4520705886116,3041.457130428496,759.9394619496663,198.97320985000115,110.05783213706243,614.5467839377267,50.88443983759199,1055.4749002676917,3444.4520705886116,3041.457130428496,759.9394619496663,198.97320985000115,110.05783213706243,614.5467839377267,50.88443983759199
2026-02-25 09:00:00+00:00,979.54,4254.41,5236.83,793.28,66.670006,130.45,600.07,48.97,1165.4655329294196,3631.756176334462,3454.7364379709747,761.5886131095278,181.58191897340734,108.84570754270989,611.1734922603692,50.285571513668906,1055.4749002676917,3444.4520705886116,3041.457130428496,759.9394619496663,198.97320985000115,110.05783213706243,614.5467839377267,50.88443983759199,1055.4749002676917,3444.4520705886116,3041.457130428496,759.9394619496663,198.97320985000115,110.05783213706243,614.5467839377267,50.88443983759199
2026-02-25 10:00:00+00:00,680.24,3652.92,4132.75,793.28,4.283595e-06,130.45,545.53,48.97,1101.5757506345153,3528.403696764537,3185.5912910366947,756.6247023710476,188.1000032066163,108.84570754270989,611.1734922603692,50.285571513668906,1055.4749002676917,3444.4520705886116,3041.457130428496,759.9394619496663,198.97320985000115,110.05783213706243,614.5467839377267,50.88443983759199,1055.4749002676917,3444.4520705886116,3041.457130428496,759.9394619496663,198.97320985000115,110.05783213706243,614.5467839377267,50.88443983759199
2026-02-25 11:00:00+00:00,455.45,3155.79,3150.76,791.0,4.283595e-06,130.56,600.77,48.97,1044.8545123340218,3429.0582080781983,2940.729310964116,751.6002513756923,194.61808743982522,108.84570754270989,611.1734922603692,50.285571513668906,1055.4749002676917,3444.4520705886116,3041.457130428496,759.9394619496663,198.97320985000115,110.05783213706243,614.5467839377267,50.88443983759199,1055.4749002676917,3444.4520705886116,3041.457130428496,759.9394619496663,198.97320985000115,110.05783213706243,614.5467839377267,50.88443983759199
2026-02-25 12:00:00+00:00,411.65002,3109.99,2808.29,789.85,4.283595e-06,130.45,632.47,48.97,1006.5993755091746,3369.1912920583823,2789.192198249354,749.4943877507121,201.13617167303414,108.84570754270989,611.1734922603692,50.285571513668906,1055.4749002676917,3444.4520705886116,3041.457130428496,759.9394619496663,198.97320985000115,110.05783213706243,614.5467839377267,50.88443983759199,1055.4749002676917,3444.4520705886116,3041.457130428496,759.9394619496663,198.97320985000115,110.05783213706243,614.5467839377267,50.88443983759199
2026-02-25 13:00:00+00:00,547.0499,3018.45,3010.84,788.06,4.283595e-06,130.53,580.93,48.97,1008.1910241443876,3376.150520461958,2810.4015688070044,751.5050951417004,207.6542559062431,108.84570754270989,611.1734922603692,50.285571513668906,1055.4749002676917,3444.4520705886116,3041.457130428496,759.9394619496663,198.97320985000115,110.05783213706243,614.5467839377267,50.88443983759199,1055.4749002676917,3444.4520705886116,3041.457130428496,759.9394619496663,198.97320985000115,110.05783213706243,614.5467839377267,50.88443983759199
2026-02-25 14:00:00+00:00,889.59,3717.61,4357.66,787.46,4.283595e-06,131.22,546.15,48.97,1062.6809604225516,3472.1285175742214,3050.405590075076,758.4154213537875,214.17234013945202,108.84570754270989,611.1734922603692,50.285571513668906,1055.4749002676917,3444.4520705886116,3041.457130428496,759.9394619496663,198.97320985000115,110.05783213706243,614.5467839377267,50.88443983759199,1055.4749002676917,3444.4520705886116,3041.457130428496,759.9394619496663,198.97320985000115,110.05783213706243,614.5467839377267,50.88443983759199
2026-02-25 15:00:00+00:00,947.56,4349.54,5472.4,787.46,178.34,131.83,548.41,48.97,1160.1204992032058,3639.313133968274,3458.724327126599,768.7265894837933,220.69042437266097,108.84570754270989,611.1734922603692,50.285571513668906,1055.4749002676917,3444.4520705886116,3041.457130428496,759.9394619496663,198.97320985000115,110.05783213706243,614.5467839377267,50.88443983759199,1055.4749002676917,3444.4520705886116,3041.457130428496,759.9394619496663,198.97320985000115,110.05783213706243,614.5467839377267,50.88443983759199
2026-02-25 16:00:00+00:00,1075.78,4748.9,5930.72,788.63,818.35,131.23,515.4,48.97,1238.6832322451153,3775.369432781506,3810.1942580666023,779.1126033624624,227.2085086058699,108.84570754270989,611.1734922603692,50.285571513668906,1055.4749002676917,3444.4520705886116,3041.457130428496,759.9394619496663,198.97320985000115,110.05783213706243,614.5467839377267,50.88443983759199,1055.4749002676917,3444.4520705886116,3041.457130428496,759.9394619496663,198.97320985000115,110.05783213706243,614.5467839377267,50.88443983759199
2026-02-25 17:00:00+00:00,1265.64,4923.62,6352.05,789.28,625.84,131.02,517.93,48.97,1240.6422799036286,3737.764691730603,3838.855771315537,782.4808212371399,233.72659283907882,108.84570754270989,611.1734922603692,50.285571513668906,1055.4749002676917,3444.4520705886116,3041.457130428496,759.9394619496663,198.97320985000115,110.05783213706243,614.5467839377267,50.88443983759199,1055.4749002676917,3444.4520705886116,3041.457130428496,759.9394619496663,198.97320985000115,110.05783213706243,614.5467839377267,50.88443983759199
2026-02-25 18:00:00+00:00,1334.29,4947.9,6423.96,789.28,82.88,130.95,537.63,48.97,1229.0463471332437,3647.7253323622194,3788.8484057048418,783.0210844891881,240.24467707228777,108.84570754270989,611.1734922603692,50.285571513668906,1055.4749002676917,3444.4520705886116,3041.457130428496,759.9394619496663,198.97320985000115,110.05783213706243,614.5467839377267,50.88443983759199,1055.4749002676917,3444.4520705886116,3041.457130428496,759.9394619496663,198.97320985000115,110.05783213706243,614.5467839377267,50.88443983759199
2026-02-25 19:00:00+00:00,1364.48,4721.76,5980.43,789.28,9.789997,131.83,532.68,48.97,1200.5237171139343,3533.1689066581625,3669.4089292807757,781.9881613410352,246.7627613054967,108.84570754270989,611.1734922603692,50.285571513668906,1055.4749002676917,3444.4520705886116,3041.457130428496,759.9394619496663,198.97320985000115,110.05783213706243,614.5467839377267,50.88443983759199,1055.4749002676917,3444.4520705886116,3041.457130428496,759.9394619496663,198.97320985000115,110.05783213706243,614.5467839377267,50.88443983759199
2026-02-25 20:00:00+00:00,1302.06,4603.64,5527.64,789.28,4.283595e-06,131.83,566.75,48.97,1167.8559524955256,3453.35981951441,3543.5862960100685,781.2195047706304,253.28084553870565,108.84570754270989,611.1734922603692,50.285571513668906,1055.4749002676917,3444.4520705886116,3041.457130428496,759.9394619496663,198.97320985000115,110.05783213706243,614.5467839377267,50.88443983759199,1055.4749002676917,3444.4520705886116,3041.457130428496,759.9394619496663,198.97320985000115,110.05783213706243,614.5467839377267,50.88443983759199
2026-02-25 21:00:00+00:00,1181.21,4080.34,4752.43,787.97,4.283595e-06,131.6,524.5,48.97,1119.7972695656513,3402.575553239889,3369.157240446753,779.7575007994466,259.7989297719146,108.84570754270989,611.1734922603692,50.285571513668906,1055.4749002676917,3444.4520705886116,3041.457130428496,759.9394619496663,198.97320985000115,110.05783213706243,614.5467839377267,50.88443983759199,1055.4749002676917,3444.4520705886116,3041.457130428496,759.9394619496663,198.97320985000115,110.05783213706243,614.5467839377267,50.88443983759199
2026-02-25 22:00:00+00:00,1075.44,3316.9,4478.45,787.18,4.283595e-06,130.94,537.15,48.97,1088.669720856791,3350.9723930754544,3248.1321554346414,778.5244364225301,266.3170140051235,108.84570754270989,611.1734922603692,50.285571513668906,1055.4749002676917,3444.4520705886116,3041.457130428496,759.9394619496663,198.97320985000115,110.05783213706243,614.5467839377267,50.88443983759199,1055.4749002676917,3444.4520705886116,3041.457130428496,759.9394619496663,198.97320985000115,110.05783213706243,614.5467839377267,50.88443983759199
2026-02-25 23:00:00+00:00,989.65,3278.31,3213.3,781.72,10.709995,130.63,650.05,49.77,1059.7643825978853,3284.6347887572197,3138.841848700465,777.7042162175812,272.8350982383324,108.84570754270989,611.1734922603692,50.285571513668906,1055.4749002676917,3444.4520705886116,3041.457130428496,759.9394619496663,198.97320985000115,110.05783213706243,614.5467839377267,50.88443983759199,1055.4749002676917,3444.4520705886116,3041.457130428496,759.9394619496663,198.97320985000115,110.05783213706243,614.5467839377267,50.88443983759199
2026-02-26 00:00:00+00:00,687.61,3292.84,2800.3,781.96,4.283595e-06,130.4,617.59,49.77,1026.7812448838647,3248.6594177821785,2955.012766191969,746.1284184492407,122.91916087452694,108.84570754270989,611.1734922603692,50.285571513668906,1055.4749002676917,3444.4520705886116,3041.457130428496,759.9394619496663,198.97320985000115,110.05783213706243,614.5467839377267,50.88443983759199,1055.4749002676917,3444.4520705886116,3041.457130428496,759.9394619496663,198.97320985000115,110.05783213706243,614.5467839377267,50.88443983759199
2026-02-26 01:00:00+00:00,573.77,3281.83,2699.01,781.67,4.283595e-06,130.0,544.47,49.77,1007.2429581403103,3233.407529428559,2895.6421129886735,746.8587640130285,129.43724510773586,108.84570754270989,611.1734922603692,50.285571513668906,1055.4749002676917,3444.4520705886116,3041.457130428496,759.9394619496663,198.97320985000115,110.05783213706243,614.5467839377267,50.88443983759199,1055.4749002676917,3444.4520705886116,3041.457130428496,759.9394619496663,198.97320985000115,110.05783213706243,614.5467839377267,50.88443983759199
2026-02-26 02:00:00+00:00,573.42,3263.99,2917.69,781.67,2.530003,130.74,571.77,49.77,1006.3119306547278,3242.123208260693,2899.911918480367,748.4110069848076,135.95532934094481,108.84570754270989,611.1734922603692,50.285571513668906,1055.4749002676917,3444.4520705886116,3041.457130428496,759.9394619496663,198.97320985000115,110.05783213706243,614.5467839377267,50.88443983759199,1055.4749002676917,3444.4520705886116,3041.457130428496,759.9394619496663,198.97320985000115,110.05783213706243,614.5467839377267,50.88443983759199
2026-02-26 03:00:00+00:00,751.74,3198.5,3074.37,781.67,4.283595e-06,130.62,603.71,49.77,1029.9167926952343,3267.4645365848164,2987.367107621126,750.9250492747225,142.47341357415374,108.84570754270989,611.1734922603692,50.285571513668906,1055.4749002676917,3444.4520705886116,3041.457130428496,759.9394619496663,198.97320985000115,110.05783213706243,614.5467839377267,50.88443983759199,1055.4749002676917,3444.4520705886116,3041.457130428496,759.9394619496663,198.97320985000115,110.05783213706243,614.5467839377267,50.88443983759199
2026-02-26 04:00:00+00:00,1147.86,3202.07,3955.88,781.67,4.283595e-06,130.27,612.8,49.77,1064.5245074053146,3351.358721700562,3126.6351381212376,754.9726615074976,148.9914978073627,108.84570754270989,611.1734922603692,50.285571513668906,1055.4749002676917,3444.4520705886116,3041.457130428496,759.9394619496663,198.97320985000115,110.05783213706243,614.5467839377267,50.88443983759199,1055.4749002676917,3444.4520705886116,3041.457130428496,759.9394619496663,198.97320985000115,110.05783213706243,614.5467839377267,50.88443983759199
2026-02-26 05:00:00+00:00,1271.1,3500.71,4280.54,784.0,160.4,130.74,563.64,49.77,1123.4334722115996,3444.9672331400247,3372.8804306917987,761.779605607593,155.50958204057162,108.84570754270989,611.1734922603692,50.285571513668906,1055.4749002676917,3444.4520705886116,3041.457130428496,759.9394619496663,198.97320985000115,110.05783213706243,614.5467839377267,50.88443983759199,1055.4749002676917,3444.4520705886116,3041.457130428496,759.9394619496663,198.97320985000115,110.05783213706243,614.5467839377267,50.88443983759199
2026-02-26 06:00:00+00:00,1377.08,3670.72,4255.69,787.24,213.46,131.02,566.33,49.77,1176.4878242090394,3489.149367170242,3571.8243179074916,766.4334395771373,162.02766627378054,108.84570754270989,611.1734922603692,50.285571513668906,1055.4749002676917,3444.4520705886116,3041.457130428496,759.9394619496663,198.97320985000115,110.05783213706243,614.5467839377267,50.88443983759199,1055.4749002676917,3444.4520705886116,3041.457130428496,759.9394619496663,198.97320985000115,110.05783213706243,614.5467839377267,50.88443983759199
2026-02-26 07:00:00+00:00,1314.28,3324.09,3562.18,788.68,14.999989,131.3,568.96,49.77,1190.689640821244,3448.9587715894727,3577.8702229179253,765.4053240928001,168.54575050698946,108.84570754270989,611.1734922603692,50.285571513668906,1055.4749002676917,3444.4520705886116,3041.457130428496,759.9394619496663,198.97320985000115,110.05783213706243,614.5467839377267,50.88443983759199,1055.4749002676917,3444.4520705886116,3041.457130428496,759.9394619496663,198.97320985000115,110.05783213706243,614.5467839377267,50.88443983759199
2026-02-26 08:00:00+00:00,987.17,2106.35,2645.85,788.68,4.283595e-06,131.3,595.87,49.77,1166.2944452587228,3381.4266344939847,3424.9026944911575,760.2420595798213,175.06383474019842,108.84570754270989,611.1734922603692,50.285571513668906,1055.4749002676917,3444.4520705886116,3041.457130428496,759.9394619496663,198.97320985000115,110.05783213706243,614.5467839377267,50.88443983759199,1055.4749002676917,3444.4520705886116,3041.457130428496,759.9394619496663,198.97320985000115,110.05783213706243,614.5467839377267,50.88443983759199
2026-02-26 09:00:00+00:00,916.38,1841.99,2699.15,788.09,4.283595e-06,131.3,538.6,49.77,1111.8420241593533,3334.50988982526,3178.0484083509664,754.1945214544643,181.58191897340734,108.84570754270989,611.1734922603692,50.285571513668906,1055.4749002676917,3444.4520705886116,3041.457130428496,759.9394619496663,198.97320985000115,110.05783213706243,614.5467839377267,50.88443983759199,1055.4749002676917,3444.4520705886116,3041.457130428496,759.9394619496663,198.97320985000115,110.05783213706243,614.5467839377267,50.88443983759199
2026-02-26 10:00:00+00:00,920.23,1665.59,1743.67,788.09,4.283595e-06,131.4,512.63,49.77,1057.0758928164335,3278.8631270298415,2940.044360446392,749.0572043928605,188.1000032066163,108.84570754270989,611.1734922603692,50.285571513668906,1055.4749002676917,3444.4520705886116,3041.457130428496,759.9394619496663,198.97320985000115,110.05783213706243,614.5467839377267,50.88443983759199,1055.4749002676917,3444.4520705886116,3041.457130428496,759.9394619496663,198.97320985000115,110.05783213706243,614.5467839377267,50.88443983759199
2026-02-26 11:00:00+00:00,707.75,1548.22,1392.76,788.09,4.283595e-06,131.38,559.76,49.77,1019.027603757451,3247.198862242883,2775.8888681046087,745.5007259566918,194.61808743982522,108.84570754270989,611.1734922603692,50.285571513668906,1055.4749002676917,3444.4520705886116,3041.457130428496,759.9394619496663,198.97320985000115,110.05783213706243,614.5467839377267,50.88443983759199,1055.4749002676917,3444.4520705886116,3041.457130428496,759.9394619496663,198.97320985000115,110.05783213706243,614.5467839377267,50.88443983759199
2026-02-26 12:00:00+00:00,594.15,1534.8601,1368.27,788.09,4.283595e-06,131.4,571.5,49.77,995.2919584688983,3217.651603400178,2692.64153994487,745.1214400353585,201.13617167303414,108.84570754270989,611.1734922603692,50.285571513668906,1055.4749002676917,3444.4520705886116,3041.457130428496,759.9394619496663,198.97320985000115,110.05783213706243,614.5467839377267,50.88443983759199,1055.4749002676917,3444.4520705886116,3041.457130428496,759.9394619496663,198.97320985000115,110.05783213706243,614.5467839377267,50.88443983759199
2026-02-26 13:00:00+00:00,590.03,1545.56,1442.03,788.09,2.7500043,131.4,537.22,49.77,1000.2455530363294,3215.9407489472933,2746.4900748692444,749.0940775495585,207.6542559062431,108.84570754270989,611.1734922603692,50.285571513668906,1055.4749002676917,3444.4520705886116,3041.457130428496,759.9394619496663,198.97320985000115,110.05783213706243,614.5467839377267,50.88443983759199,1055.4749002676917,3444.4520705886116,3041.457130428496,759.9394619496663,198.97320985000115,110.05783213706243,614.5467839377267,50.88443983759199
2026-02-26 14:00:00+00:00,735.15,1914.5999,1749.2,788.76,4.283595e-06,131.4,515.48,49.77,1030.3109925987571,3268.6636421884814,2906.6998143302308,755.522182875682,214.17234013945202,108.84570754270989,611.1734922603692,50.285571513668906,1055.4749002676917,3444.4520705886116,3041.457130428496,759.9394619496663,198.97320985000115,110.05783213706243,614.5467839377267,50.88443983759199,1055.4749002676917,3444.4520705886116,3041.457130428496,759.9394619496663,198.97320985000115,110.05783213706243,614.5467839377267,50.88443983759199
2026-02-26 15:00:00+00:00,1201.92,3263.56,2623.66,789.42,403.45,131.4,551.95,49.77,1113.857251864937,3448.5064525919643,3284.8560127386695,766.431682220654,220.69042437266097,108.84570754270989,611.1734922603692,50.285571513668906,1055.4749002676917,3444.4520705886116,3041.457130428496,759.9394619496663,198.97320985000115,110.05783213706243,614.5467839377267,50.88443983759199,1055.4749002676917,3444.4520705886116,3041.457130428496,759.9394619496663,198.97320985000115,110.05783213706243,614.5467839377267,50.88443983759199
2026-02-26 16:00:00+00:00,1533.41,3628.51,3351.3,790.59,733.125,131.44,539.35,50.94,1195.4053543431326,3587.212538833892,3647.798182088889,777.1073593377002,227.2085086058699,108.84570754270989,611.1734922603692,50.285571513668906,1055.4749002676917,3444.4520705886116,3041.457130428496,759.9394619496663,198.97320985000115,110.05783213706243,614.5467839377267,50.88443983759199,1055.4749002676917,3444.4520705886116,3041.457130428496,759.9394619496663,198.97320985000115,110.05783213706243,614.5467839377267,50.88443983759199
2026-02-26 17:00:00+00:00,1589.81,3637.62,3893.54,791.24,1062.8002,131.4,550.19,54.45,1191.5253876563647,3591.9846992053585,3658.7862679459495,780.3599859489196,233.72659283907882,108.84570754270989,611.1734922603692,50.285571513668906,1055.4749002676917,3444.4520705886116,3041.457130428496,759.9394619496663,198.97320985000115,110.05783213706243,614.5467839377267,50.88443983759199,1055.4749002676917,3444.4520705886116,3041.457130428496,759.9394619496663,198.97320985000115,110.05783213706243,614.5467839377267,50.88443983759199
2026-02-26 18:00:00+00:00,1591.09,3597.33,4104.69,791.24,341.61,131.41,513.59,54.45,1142.9125095192433,3510.071820701813,3495.689363366783,780.259851503009,240.24467707228777,108.84570754270989,611.1734922603692,50.285571513668906,1055.4749002676917,3444.4520705886116,3041.457130428496,759.9394619496663,198.97320985000115,110.05783213706243,614.5467839377267,50.88443983759199,1055.4749002676917,3444.4520705886116,3041.457130428496,759.9394619496663,198.97320985000115,110.05783213706243,614.5467839377267,50.88443983759199
2026-02-26 19:00:00+00:00,1549.09,3383.62,3546.0,791.1,77.59,131.4,510.1,54.45,1087.8743330744862,3404.553911193656,3297.4781268069046,778.9670216914449,246.7627613054967,108.84570754270989,611.1734922603692,50.285571513668906,1055.4749002676917,3444.4520705886116,3041.457130428496,759.9394619496663,198.97320985000115,110.05783213706243,614.5467839377267,50.88443983759199,1055.4749002676917,3444.4520705886116,3041.457130428496,759.9394619496663,198.97320985000115,110.05783213706243,614.5467839377267,50.88443983759199
2026-02-26 20:00:00+00:00,1444.63,3175.9,3135.28,789.86,23.640003,131.47,508.63,54.45,1047.4717145471895,3326.486461547062,3147.1250929807347,777.8937755055327,253.28084553870565,108.84570754270989,611.1734922603692,50.285571513668906,1055.4749002676917,3444.4520705886116,3041.457130428496,759.9394619496663,198.97320985000115,110.05783213706243,614.5467839377267,50.88443983759199,1055.4749002676917,3444.4520705886116,3041.457130428496,759.9394619496663,198.97320985000115,110.05783213706243,614.5467839377267,50.88443983759199
2026-02-26 21:00:00+00:00,1093.23,2761.36,2771.67,789.04,4.283595e-06,131.47,551.89,54.45,1036.1819081253834,3280.8109894432,3086.7757745477784,776.9739772133552,259.7989297719146,108.84570754270989,611.1734922603692,50.285571513668906,1055.4749002676917,3444.4520705886116,3041.457130428496,759.9394619496663,198.97320985000115,110.05783213706243,614.5467839377267,50.88443983759199,1055.4749002676917,3444.4520705886116,3041.457130428496,759.9394619496663,198.97320985000115,110.05783213706243,614.5467839377267,50.88443983759199
2026-02-26 22:00:00+00:00,698.68,2325.07,2655.74,788.5,4.283595e-06,131.46,542.67,55.55,1014.090471345499,3216.8428522159006,2993.510556681765,775.7744930606588,266.3170140051235,108.84570754270989,611.1734922603692,50.285571513668906,1055.4749002676917,3444.4520705886116,3041.457130428496,759.9394619496663,198.97320985000115,110.05783213706243,614.5467839377267,50.88443983759199,1055.4749002676917,3444.4520705886116,3041.457130428496,759.9394619496663,198.97320985000115,110.05783213706243,614.5467839377267,50.88443983759199
2026-02-26 23:00:00+00:00,579.1,2276.65,2340.8,783.27,4.283595e-06,132.16,669.75,49.58,1006.9698200482907,3193.9151479463258,2955.3794385326964,775.4898491559682,272.8350982383324,108.84570754270989,611.1734922603692,50.285571513668906,1055.4749002676917,3444.4520705886116,3041.457130428496,759.9394619496663,198.97320985000115,110.05783213706243,614.5467839377267,50.88443983759199,1055.4749002676917,3444.4520705886116,3041.457130428496,759.9394619496663,198.97320985000115,110.05783213706243,614.5467839377267,50.88443983759199
2026-02-27 00:00:00+00:00,582.01996,2546.52,2263.86,784.17,4.283595e-06,132.15,634.23,57.54,968.2757094628231,3167.8654266204753,2753.1741501051392,743.8671170314768,122.91916087452694,108.84570754270989,611.1734922603692,50.285571513668906,1055.4749002676917,3444.4520705886116,3041.457130428496,759.9394619496663,198.97320985000115,110.05783213706243,614.5467839377267,50.88443983759199,1055.4749002676917,3444.4520705886116,3041.457130428496,759.9394619496663,198.97320985000115,110.05783213706243,614.5467839377267,50.88443983759199
2026-02-27 01:00:00+00:00,577.94995,2368.17,2200.66,783.88,4.283595e-06,132.26,565.5,57.54,942.960399797262,3148.586957485173,2676.000435434157,744.7821562150194,129.43724510773586,108.84570754270989,611.1734922603692,50.285571513668906,1055.4749002676917,3444.4520705886116,3041.457130428496,759.9394619496663,198.97320985000115,110.05783213706243,614.5467839377267,50.88443983759199,1055.4749002676917,3444.4520705886116,3041.457130428496,759.9394619496663,198.97320985000115,110.05783213706243,614.5467839377267,50.88443983759199
2026-02-27 02:00:00+00:00,578.26,2094.11,2027.86,783.88,4.283595e-06,132.64,549.73,57.54,948.2724546456045,3145.10896024477,2700.153123042206,746.6441841922588,135.95532934094481,108.84570754270989,611.1734922603692,50.285571513668906,1055.4749002676917,3444.4520705886116,3041.457130428496,759.9394619496663,198.97320985000115,110.05783213706243,614.5467839377267,50.88443983759199,1055.4749002676917,3444.4520705886116,3041.457130428496,759.9394619496663,198.97320985000115,110.05783213706243,614.5467839377267,50.88443983759199
2026-02-27 03:00:00+00:00,581.02997,2013.77,1975.77,783.88,4.283595e-06,132.55,551.46,57.54,977.8175253710197,3169.9355000167748,2812.087718940148,749.5753533006762,142.47341357415374,108.84570754270989,611.1734922603692,50.285571513668906,1055.4749002676917,3444.4520705886116,3041.457130428496,759.9394619496663,198.97320985000115,110.05783213706243,614.5467839377267,50.88443983759199,1055.4749002676917,3444.4520705886116,3041.457130428496,759.9394619496663,198.97320985000115,110.05783213706243,614.5467839377267,50.88443983759199
2026-02-27 04:00:00+00:00,604.94,2320.74,2250.74,783.88,4.283595e-06,132.13,528.42,57.54,1015.2018117837114,3228.484315818585,2962.9429349715956,753.7442865111967,148.9914978073627,108.84570754270989,611.1734922603692,50.285571513668906,1055.4749002676917,3444.4520705886116,3041.457130428496,759.9394619496663,198.97320985000115,110.05783213706243,614.5467839377267,50.88443983759199,1055.4749002676917,3444.4520705886116,3041.457130428496,759.9394619496663,198.97320985000115,110.05783213706243,614.5467839377267,50.88443983759199
2026-02-27 05:00:00+00:00,858.19,2801.87,3119.15,786.21,141.63,131.96,534.19,57.54,1081.6709498747764,3314.609348655818,3232.9159831309776,760.7028628591804,155.50958204057162,108.84570754270989,611.1734922603692,50.285571513668906,1055.4749002676917,3444.4520705886116,3041.457130428496,759.9394619496663,198.97320985000115,110.05783213706243,614.5467839377267,50.88443983759199,1055.4749002676917,3444.4520705886116,3041.457130428496,759.9394619496663,198.97320985000115,110.05783213706243,614.5467839377267,50.88443983759199
2026-02-27 06:00:00+00:00,1368.37,2976.25,3273.92,790.4,405.5,131.96,568.32,57.54,1131.2799487086993,3382.921652024028,3410.381007119284,764.2987855172004,162.02766627378054,108.84570754270989,611.1734922603692,50.285571513668906,1055.4749002676917,3444.4520705886116,3041.457130428496,759.9394619496663,198.97320985000115,110.05783213706243,614.5467839377267,50.88443983759199,1055.4749002676917,3444.4520705886116,3041.457130428496,759.9394619496663,198.97320985000115,110.05783213706243,614.5467839377267,50.88443983759199
2026-02-27 07:00:00+00:00,1426.66,2809.16,1990.77,791.89,193.75,131.96,561.17,57.54,1127.2872808845857,3309.342557351038,3340.94089372699,760.91264636523,168.54575050698946,108.84570754270989,611.1734922603692,50.285571513668906,1055.4749002676917,3444.4520705886116,3041.457130428496,759.9394619496663,198.97320985000115,110.05783213706243,614.5467839377267,50.88443983759199,1055.4749002676917,3444.4520705886116,3041.457130428496,759.9394619496663,198.97320985000115,110.05783213706243,614.5467839377267,50.88443983759199
2026-02-27 08:00:00+00:00,1087.25,1728.41,1578.11,789.07,3.5600019,131.96,567.95,57.54,1058.485268726215,3184.6954347343744,3041.0572852678206,754.3471798231725,175.06383474019842,108.84570754270989,611.1734922603692,50.285571513668906,1055.4749002676917,3444.4520705886116,3041.457130428496,759.9394619496663,198.97320985000115,110.05783213706243,614.5467839377267,50.88443983759199,1055.4749002676917,3444.4520705886116,3041.457130428496,759.9394619496663,198.97320985000115,110.05783213706243,614.5467839377267,50.88443983759199
2026-02-27 09:00:00+00:00,919.22,1558.71,1433.78,787.54,4.283595e-06,130.69,608.84,57.54,1007.7367034395667,3102.4823056939254,2807.331555991844,748.6372667176541,181.58191897340734,108.84570754270989,611.1734922603692,50.285571513668906,1055.4749002676917,3444.4520705886116,3041.457130428496,759.9394619496663,198.97320985000115,110.05783213706243,614.5467839377267,50.88443983759199,1055.4749002676917,3444.4520705886116,3041.457130428496,759.9394619496663,198.97320985000115,110.05783213706243,614.5467839377267,50.88443983759199
2026-02-27 10:00:00+00:00,718.26,1547.58,1078.74,787.54,4.283595e-06,130.69,621.97,57.54,961.3359099665075,3053.155118096456,2604.4548815819257,744.2605788222493,188.1000032066163,108.84570754270989,611.1734922603692,50.285571513668906,1055.4749002676917,3444.4520705886116,3041.457130428496,759.9394619496663,198.97320985000115,110.05783213706243,614.5467839377267,50.88443983759199,1055.4749002676917,3444.4520705886116,3041.457130428496,759.9394619496663,198.97320985000115,110.05783213706243,614.5467839377267,50.88443983759199
2026-02-27 11:00:00+00:00,713.45,1537.61,1111.19,787.54,4.283595e-06,130.59,598.25,57.54,931.8229927944088,3056.6643801300634,2478.4486481144486,742.2293157398811,194.61808743982522,108.84570754270989,611.1734922603692,50.285571513668906,1055.4749002676917,3444.4520705886116,3041.457130428496,759.9394619496663,198.97320985000115,110.05783213706243,614.5467839377267,50.88443983759199,1055.4749002676917,3444.4520705886116,3041.457130428496,759.9394619496663,198.97320985000115,110.05783213706243,614.5467839377267,50.88443983759199
2026-02-27 12:00:00+00:00,981.18,1526.5801,1106.6,787.61,4.283595e-06,130.69,596.77,57.54,920.3576113626909,3072.127660107749,2441.724209886612,743.0956505410394,201.13617167303414,108.84570754270989,611.1734922603692,50.285571513668906,1055.4749002676917,3444.4520705886116,3041.457130428496,759.9394619496663,198.97320985000115,110.05783213706243,614.5467839377267,50.88443983759199,1055.4749002676917,3444.4520705886116,3041.457130428496,759.9394619496663,198.97320985000115,110.05783213706243,614.5467839377267,50.88443983759199
2026-02-27 13:00:00+00:00,1000.13,1549.43,1118.57,787.68,25.000004,130.69,666.72,57.54,915.630165954569,3073.277934646885,2445.665664030221,745.5574948920713,207.6542559062431,108.84570754270989,611.1734922603692,50.285571513668906,1055.4749002676917,3444.4520705886116,3041.457130428496,759.9394619496663,198.97320985000115,110.05783213706243,614.5467839377267,50.88443983759199,1055.4749002676917,3444.4520705886116,3041.457130428496,759.9394619496663,198.97320985000115,110.05783213706243,614.5467839377267,50.88443983759199
2026-02-27 14:00:00+00:00,1060.1,2000.0602,1273.57,787.23,49.989994,130.69,687.81,57.54,941.7805540105699,3172.5439334232756,2600.0627052391305,752.1876594668673,214.17234013945202,108.84570754270989,611.1734922603692,50.285571513668906,1055.4749002676917,3444.4520705886116,3041.457130428496,759.9394619496663,198.97320985000115,110.05783213706243,614.5467839377267,50.88443983759199,1055.4749002676917,3444.4520705886116,3041.457130428496,759.9394619496663,198.97320985000115,110.05783213706243,614.5467839377267,50.88443983759199
2026-02-27 15:00:00+00:00,1356.29,3366.77,1762.67,786.98,296.17,130.69,701.1,57.54,1051.7028994624222,3420.688741925653,3062.9375500176825,763.3929010568219,220.69042437266097,108.84570754270989,611.1734922603692,50.285571513668906,1055.4749002676917,3444.4520705886116,3041.457130428496,759.9394619496663,198.97320985000115,110.05783213706243,614.5467839377267,50.88443983759199,1055.4749002676917,3444.4520705886116,3041.457130428496,759.9394619496663,198.97320985000115,110.05783213706243,614.5467839377267,50.88443983759199
2026-02-27 16:00:00+00:00,1596.74,3641.46,2607.15,787.66,471.78,130.54,685.17,57.54,1171.2738465654354,3632.134023849679,3543.6156741558107,774.6372686564883,227.2085086058699,108.84570754270989,611.1734922603692,50.285571513668906,1055.4749002676917,3444.4520705886116,3041.457130428496,759.9394619496663,198.97320985000115,110.05783213706243,614.5467839377267,50.88443983759199,1055.4749002676917,3444.4520705886116,3041.457130428496,759.9394619496663,198.97320985000115,110.05783213706243,614.5467839377267,50.88443983759199
2026-02-27 17:00:00+00:00,1692.7,3645.4,2605.74,788.31,647.39,131.43,693.7,57.54,1196.3833434779692,3636.738860892726,3637.798554188879,777.7947424659487,233.72659283907882,108.84570754270989,611.1734922603692,50.285571513668906,1055.4749002676917,3444.4520705886116,3041.457130428496,759.9394619496663,198.97320985000115,110.05783213706243,614.5467839377267,50.88443983759199,1055.4749002676917,3444.4520705886116,3041.457130428496,759.9394619496663,198.97320985000115,110.05783213706243,614.5467839377267,50.88443983759199
2026-02-27 18:00:00+00:00,1577.25,3645.96,2582.52,788.31,823.0,132.07,677.72,57.54,1173.332096871262,3588.142421480967,3545.794038799543,777.5831654814194,240.24467707228777,108.84570754270989,611.1734922603692,50.285571513668906,1055.4749002676917,3444.4520705886116,3041.457130428496,759.9394619496663,198.97320985000115,110.05783213706243,614.5467839377267,50.88443983759199,1055.4749002676917,3444.4520705886116,3041.457130428496,759.9394619496663,198.97320985000115,110.05783213706243,614.5467839377267,50.88443983759199
2026-02-27 19:00:00+00:00,1438.69,3631.47,2511.27,788.31,628.5,133.4,630.55,57.54,1168.477476452197,3534.3319368638354,3498.3633604842644,776.5201884563038,246.7627613054967,108.84570754270989,611.1734922603692,50.285571513668906,1055.4749002676917,3444.4520705886116,3041.457130428496,759.9394619496663,198.97320985000115,110.05783213706243,614.5467839377267,50.88443983759199,1055.4749002676917,3444.4520705886116,3041.457130428496,759.9394619496663,198.97320985000115,110.05783213706243,614.5467839377267,50.88443983759199
2026-02-27 20:00:00+00:00,1264.58,3619.17,2393.09,788.31,779.85,133.0,577.41,57.54,1131.8064034616955,3477.9825507858523,3357.825123241079,775.2052814825269,253.28084553870565,108.84570754270989,611.1734922603692,50.285571513668906,1055.4749002676917,3444.4520705886116,3041.457130428496,759.9394619496663,198.97320985000115,110.05783213706243,614.5467839377267,50.88443983759199,1055.4749002676917,3444.4520705886116,3041.457130428496,759.9394619496663,198.97320985000115,110.05783213706243,614.5467839377267,50.88443983759199
2026-02-27 21:00:00+00:00,1065.25,3543.42,2032.2299,787.0,953.48004,132.27,602.52,57.54,1088.136005293972,3433.698516008619,3201.3974778171014,774.1387142821242,259.7989297719146,108.84570754270989,611.1734922603692,50.285571513668906,1055.4749002676917,3444.4520705886116,3041.457130428496,759.9394619496663,198.97320985000115,110.05783213706243,614.5467839377267,50.88443983759199,1055.4749002676917,3444.4520705886116,3041.457130428496,759.9394619496663,198.97320985000115,110.05783213706243,614.5467839377267,50.88443983759199
2026-02-27 22:00:00+00:00,843.28,3497.41,1543.98,786.21,976.05,132.67,602.74,57.54,1063.818290484464,3401.9985094602193,3113.4325420180885,773.8263424338523,266.3170140051235,108.84570754270989,611.1734922603692,50.285571513668906,1055.4749002676917,3444.4520705886116,3041.457130428496,759.9394619496663,198.97320985000115,110.05783213706243,614.5467839377267,50.88443983759199,1055.4749002676917,3444.4520705886116,3041.457130428496,759.9394619496663,198.97320985000115,110.05783213706243,614.5467839377267,50.88443983759199
2026-02-27 23:00:00+00:00,672.63,3529.18,1490.4,781.3,670.35,132.94,651.21,53.83,1004.415853213486,3355.7360234192506,2919.0638815969896,773.0937213481862,272.8350982383324,108.84570754270989,611.1734922603692,50.285571513668906,1055.4749002676917,3444.4520705886116,3041.457130428496,759.9394619496663,198.97320985000115,110.05783213706243,614.5467839377267,50.88443983759199,1055.4749002676917,3444.4520705886116,3041.457130428496,759.9394619496663,198.97320985000115,110.05783213706243,614.5467839377267,50.88443983759199
