date,hard_coal_ampr_actual,lignite_ampr_actual,gas_ampr_actual,biomass_ampr_actual,pumped_storage_ampr_actual,hydro_ampr_actual,other_conv_ampr_actual,other_renew_ampr_actual,hard_coal_ampr_fitted,lignite_ampr_fitted,gas_ampr_fitted,biomass_ampr_fitted,pumped_storage_ampr_fitted,hydro_ampr_fitted,other_conv_ampr_fitted,other_renew_ampr_fitted,hard_coal_ampr_lower,lignite_ampr_lower,gas_ampr_lower,biomass_ampr_lower,pumped_storage_ampr_lower,hydro_ampr_lower,other_conv_ampr_lower,other_renew_ampr_lower,hard_coal_ampr_upper,lignite_ampr_upper,gas_ampr_upper,biomass_ampr_upper,pumped_storage_ampr_upper,hydro_ampr_upper,other_conv_ampr_upper,other_renew_ampr_upper
2026-01-24 00:00:00+00:00,1873.2899,4063.98,3562.99,789.86,4.283595e-06,103.87,531.03,45.18,1604.5516557519172,3272.2955836168703,4840.773630061842,787.2102205946037,7.419156947063044,96.15933466773541,592.6887830224653,40.60805410405336,1055.4749002676917,3444.4520705886116,3041.457130428496,759.9394619496663,198.97320985000115,110.05783213706243,614.5467839377267,50.88443983759199,1055.4749002676917,3444.4520705886116,3041.457130428496,759.9394619496663,198.97320985000115,110.05783213706243,614.5467839377267,50.88443983759199
2026-01-24 01:00:00+00:00,2012.24,3778.39,4152.33,789.58,4.283595e-06,95.46,514.48,45.18,1582.0746758357436,3166.7168622059116,4113.636086880975,787.3987021830591,22.67634044655074,90.04953506533845,612.3877988399875,40.15829422302811,1055.4749002676917,3444.4520705886116,3041.457130428496,759.9394619496663,198.97320985000115,110.05783213706243,614.5467839377267,50.88443983759199,1055.4749002676917,3444.4520705886116,3041.457130428496,759.9394619496663,198.97320985000115,110.05783213706243,614.5467839377267,50.88443983759199
2026-01-24 02:00:00+00:00,2091.45,3764.36,4162.26,789.58,4.283595e-06,95.2,562.11,45.18,1820.4779400244765,3285.289206572495,4958.259439999555,789.5584305845297,-6.071308631646048,94.58548370731596,627.6566423228568,39.42348357194645,1055.4749002676917,3444.4520705886116,3041.457130428496,759.9394619496663,198.97320985000115,110.05783213706243,614.5467839377267,50.88443983759199,1055.4749002676917,3444.4520705886116,3041.457130428496,759.9394619496663,198.97320985000115,110.05783213706243,614.5467839377267,50.88443983759199
2026-01-24 03:00:00+00:00,2177.86,3856.82,4215.68,789.58,4.283595e-06,95.27,554.54,45.18,1766.330434492733,3216.3661984780256,4897.703356018489,791.0638960434785,10.545894825087174,92.17147978872298,627.8810426702373,39.48249807273759,1055.4749002676917,3444.4520705886116,3041.457130428496,759.9394619496663,198.97320985000115,110.05783213706243,614.5467839377267,50.88443983759199,1055.4749002676917,3444.4520705886116,3041.457130428496,759.9394619496663,198.97320985000115,110.05783213706243,614.5467839377267,50.88443983759199
2026-01-24 04:00:00+00:00,2005.4,3989.55,4434.95,789.58,4.283595e-06,95.46,564.53,45.18,1766.6167840772919,3096.1495287614157,4867.202931643502,798.478638100268,19.258754821626752,89.88988018963857,624.616265114881,41.12114742320364,1055.4749002676917,3444.4520705886116,3041.457130428496,759.9394619496663,198.97320985000115,110.05783213706243,614.5467839377267,50.88443983759199,1055.4749002676917,3444.4520705886116,3041.457130428496,759.9394619496663,198.97320985000115,110.05783213706243,614.5467839377267,50.88443983759199
2026-01-24 05:00:00+00:00,1919.01,4086.27,4538.18,790.99,4.283595e-06,103.66,566.56,45.18,1798.339711710552,3160.1255389685302,4930.197980653326,809.5543054320586,44.38711461087513,90.48172565173996,627.414109951148,41.24655892535559,1055.4749002676917,3444.4520705886116,3041.457130428496,759.9394619496663,198.97320985000115,110.05783213706243,614.5467839377267,50.88443983759199,1055.4749002676917,3444.4520705886116,3041.457130428496,759.9394619496663,198.97320985000115,110.05783213706243,614.5467839377267,50.88443983759199
2026-01-24 06:00:00+00:00,1931.59,4539.86,4881.82,793.54,4.283595e-06,103.68,571.99,45.18,1849.365894540107,3536.8542459612436,5097.446664392886,824.4219397172672,77.2283542094391,93.48279269830186,628.9892428479839,37.973999810454636,1055.4749002676917,3444.4520705886116,3041.457130428496,759.9394619496663,198.97320985000115,110.05783213706243,614.5467839377267,50.88443983759199,1055.4749002676917,3444.4520705886116,3041.457130428496,759.9394619496663,198.97320985000115,110.05783213706243,614.5467839377267,50.88443983759199
2026-01-24 07:00:00+00:00,2079.94,5046.64,5208.1,795.63,61.56,103.7,514.08,45.18,1677.2770923255434,4008.611087380471,4906.870782944452,886.0557802355968,378.5412939143544,86.23723416690737,634.8716610774494,57.277420330120286,1055.4749002676917,3444.4520705886116,3041.457130428496,759.9394619496663,198.97320985000115,110.05783213706243,614.5467839377267,50.88443983759199,1055.4749002676917,3444.4520705886116,3041.457130428496,759.9394619496663,198.97320985000115,110.05783213706243,614.5467839377267,50.88443983759199
2026-01-24 08:00:00+00:00,2287.11,5320.75,5279.93,795.35,141.81,103.7,528.52,45.18,1820.084416736142,3946.7707316555566,4840.774195020193,879.8405988302491,308.09778061129805,86.33725356341759,602.2108852482846,54.14694189016065,1055.4749002676917,3444.4520705886116,3041.457130428496,759.9394619496663,198.97320985000115,110.05783213706243,614.5467839377267,50.88443983759199,1055.4749002676917,3444.4520705886116,3041.457130428496,759.9394619496663,198.97320985000115,110.05783213706243,614.5467839377267,50.88443983759199
2026-01-24 09:00:00+00:00,2163.43,5427.88,4888.79,794.77,35.54999,103.7,545.21,45.18,1778.184200430186,3921.9741743618006,4756.773252557189,840.6084987717642,99.01407086871647,83.24755318107849,599.7183066033709,52.82092530142011,1055.4749002676917,3444.4520705886116,3041.457130428496,759.9394619496663,198.97320985000115,110.05783213706243,614.5467839377267,50.88443983759199,1055.4749002676917,3444.4520705886116,3041.457130428496,759.9394619496663,198.97320985000115,110.05783213706243,614.5467839377267,50.88443983759199
2026-01-24 10:00:00+00:00,2083.89,5399.87,4460.47,795.04,4.283595e-06,95.2,557.3,45.18,1775.2112436544858,3696.4738909694656,4313.289336825443,811.1719633120023,23.645949541943907,85.45708072054649,594.3611481562523,55.17927583258323,1055.4749002676917,3444.4520705886116,3041.457130428496,759.9394619496663,198.97320985000115,110.05783213706243,614.5467839377267,50.88443983759199,1055.4749002676917,3444.4520705886116,3041.457130428496,759.9394619496663,198.97320985000115,110.05783213706243,614.5467839377267,50.88443983759199
2026-01-24 11:00:00+00:00,2097.39,5382.34,4098.23,795.14,11.849995,95.27,555.87,45.18,1603.2339790137912,3730.8924219453093,3721.9559274985318,790.0717562809152,17.53098503766904,85.36073368847374,596.3029157709016,55.74641976026214,1055.4749002676917,3444.4520705886116,3041.457130428496,759.9394619496663,198.97320985000115,110.05783213706243,614.5467839377267,50.88443983759199,1055.4749002676917,3444.4520705886116,3041.457130428496,759.9394619496663,198.97320985000115,110.05783213706243,614.5467839377267,50.88443983759199
2026-01-24 12:00:00+00:00,2092.45,5402.66,3783.7,795.14,3.2699933,95.2,612.92,45.18,1928.533030885284,3833.436973568702,3288.446293133768,789.3405256251051,18.848338820369605,85.73276488533472,562.8877719875137,55.540934917779076,1055.4749002676917,3444.4520705886116,3041.457130428496,759.9394619496663,198.97320985000115,110.05783213706243,614.5467839377267,50.88443983759199,1055.4749002676917,3444.4520705886116,3041.457130428496,759.9394619496663,198.97320985000115,110.05783213706243,614.5467839377267,50.88443983759199
2026-01-24 13:00:00+00:00,2100.97,5347.66,4245.2,795.14,4.283595e-06,103.7,600.56,45.18,1983.9760288239827,3928.792549369555,3556.6903781388623,811.0464881313959,29.915976513756874,87.9532880965759,548.7119988392853,58.70587781899266,1055.4749002676917,3444.4520705886116,3041.457130428496,759.9394619496663,198.97320985000115,110.05783213706243,614.5467839377267,50.88443983759199,1055.4749002676917,3444.4520705886116,3041.457130428496,759.9394619496663,198.97320985000115,110.05783213706243,614.5467839377267,50.88443983759199
2026-01-24 14:00:00+00:00,2363.91,5424.02,4592.75,795.14,23.7,103.7,578.98,45.18,1784.9089107531472,3938.955323200206,3676.9990245939525,817.16443570645,105.79555277565154,89.37266098485648,564.592785641951,59.36988087634116,1055.4749002676917,3444.4520705886116,3041.457130428496,759.9394619496663,198.97320985000115,110.05783213706243,614.5467839377267,50.88443983759199,1055.4749002676917,3444.4520705886116,3041.457130428496,759.9394619496663,198.97320985000115,110.05783213706243,614.5467839377267,50.88443983759199
2026-01-24 15:00:00+00:00,2614.25,5442.92,4883.35,795.53,81.33,104.11,579.17,45.18,1928.3055338941308,4139.640693395999,4797.553213376834,878.7421535354205,372.97768781995035,92.31389149264878,614.2823231273967,60.182346139180616,1055.4749002676917,3444.4520705886116,3041.457130428496,759.9394619496663,198.97320985000115,110.05783213706243,614.5467839377267,50.88443983759199,1055.4749002676917,3444.4520705886116,3041.457130428496,759.9394619496663,198.97320985000115,110.05783213706243,614.5467839377267,50.88443983759199
2026-01-24 16:00:00+00:00,2620.56,5450.23,5039.24,796.25,458.15,105.37,568.6,45.18,2100.5354714440145,3808.807698617828,5222.612166208442,850.2561357842399,311.0699289951881,92.24343794341424,658.774542609639,46.76113456488006,1055.4749002676917,3444.4520705886116,3041.457130428496,759.9394619496663,198.97320985000115,110.05783213706243,614.5467839377267,50.88443983759199,1055.4749002676917,3444.4520705886116,3041.457130428496,759.9394619496663,198.97320985000115,110.05783213706243,614.5467839377267,50.88443983759199
2026-01-24 17:00:00+00:00,2616.32,5446.5,5058.61,796.89,391.24,105.38,577.48,45.18,2535.996319829303,4069.8465993851933,5381.907310571067,801.2909509691937,161.36511887676994,108.19921334102665,626.4415532491736,39.968771178134546,1055.4749002676917,3444.4520705886116,3041.457130428496,759.9394619496663,198.97320985000115,110.05783213706243,614.5467839377267,50.88443983759199,1055.4749002676917,3444.4520705886116,3041.457130428496,759.9394619496663,198.97320985000115,110.05783213706243,614.5467839377267,50.88443983759199
2026-01-24 18:00:00+00:00,2608.79,5467.17,5072.65,796.89,215.06,105.38,612.39,45.18,2483.736853273084,4171.257005352108,5178.467113913799,802.3365695647461,165.2775893205086,103.35212507267613,635.128292315335,38.5340910214385,1055.4749002676917,3444.4520705886116,3041.457130428496,759.9394619496663,198.97320985000115,110.05783213706243,614.5467839377267,50.88443983759199,1055.4749002676917,3444.4520705886116,3041.457130428496,759.9394619496663,198.97320985000115,110.05783213706243,614.5467839377267,50.88443983759199
2026-01-24 19:00:00+00:00,2521.24,5451.19,4896.75,796.89,18.780003,105.38,663.33,45.18,2165.5138305521587,4060.4354991648015,5310.1930598579565,793.7901396669017,118.124423416851,94.37651895059489,651.3740052990803,42.76650594105103,1055.4749002676917,3444.4520705886116,3041.457130428496,759.9394619496663,198.97320985000115,110.05783213706243,614.5467839377267,50.88443983759199,1055.4749002676917,3444.4520705886116,3041.457130428496,759.9394619496663,198.97320985000115,110.05783213706243,614.5467839377267,50.88443983759199
2026-01-24 20:00:00+00:00,2473.57,5426.3,4661.48,796.89,37.379993,104.35,633.91,45.18,1915.2867886487459,3448.3980604839053,5304.1880446315745,797.3100351549033,131.0986150524986,97.01024304836145,656.4572809476764,38.79138500286498,1055.4749002676917,3444.4520705886116,3041.457130428496,759.9394619496663,198.97320985000115,110.05783213706243,614.5467839377267,50.88443983759199,1055.4749002676917,3444.4520705886116,3041.457130428496,759.9394619496663,198.97320985000115,110.05783213706243,614.5467839377267,50.88443983759199
2026-01-24 21:00:00+00:00,2415.12,5385.41,4572.87,795.59,4.283595e-06,103.77,614.48,45.18,1948.4962947491138,3382.0788795396393,5290.031314508591,789.5233982348731,-8.999127814013775,102.88516579789061,634.6943423017455,40.53322311026431,1055.4749002676917,3444.4520705886116,3041.457130428496,759.9394619496663,198.97320985000115,110.05783213706243,614.5467839377267,50.88443983759199,1055.4749002676917,3444.4520705886116,3041.457130428496,759.9394619496663,198.97320985000115,110.05783213706243,614.5467839377267,50.88443983759199
2026-01-24 22:00:00+00:00,2305.14,5355.64,4134.16,794.8,4.283595e-06,103.96,643.53,45.18,1947.9705382477268,3263.076718759674,4931.24145176925,773.8616584265701,12.578809111537453,102.10566942197477,642.1229083016053,39.650099342175764,1055.4749002676917,3444.4520705886116,3041.457130428496,759.9394619496663,198.97320985000115,110.05783213706243,614.5467839377267,50.88443983759199,1055.4749002676917,3444.4520705886116,3041.457130428496,759.9394619496663,198.97320985000115,110.05783213706243,614.5467839377267,50.88443983759199
2026-01-24 23:00:00+00:00,2247.58,5319.03,3769.2,790.26,4.283595e-06,103.7,638.27,38.92,1811.7509852252324,3450.7194009101454,4225.036202922828,778.2988898786854,4.6099885358952974,96.55075571586246,650.7334042968101,40.21736146228977,1055.4749002676917,3444.4520705886116,3041.457130428496,759.9394619496663,198.97320985000115,110.05783213706243,614.5467839377267,50.88443983759199,1055.4749002676917,3444.4520705886116,3041.457130428496,759.9394619496663,198.97320985000115,110.05783213706243,614.5467839377267,50.88443983759199
2026-01-25 00:00:00+00:00,2171.99,5290.61,3451.34,789.59,4.283595e-06,95.27,665.61,38.92,1699.657637785776,3421.5734772146875,4121.6179297297,778.1868557702394,-19.223207513335865,92.12846883681291,656.2939073622806,39.451431291816974,1055.4749002676917,3444.4520705886116,3041.457130428496,759.9394619496663,198.97320985000115,110.05783213706243,614.5467839377267,50.88443983759199,1055.4749002676917,3444.4520705886116,3041.457130428496,759.9394619496663,198.97320985000115,110.05783213706243,614.5467839377267,50.88443983759199
2026-01-25 01:00:00+00:00,2171.15,5366.34,3450.05,789.3,4.283595e-06,95.46,655.76,38.92,1560.219139163266,3252.9000694461556,4095.820578099928,777.3751518878189,-7.683483702295661,93.42421472418452,644.2474611297395,38.876021925978144,1055.4749002676917,3444.4520705886116,3041.457130428496,759.9394619496663,198.97320985000115,110.05783213706243,614.5467839377267,50.88443983759199,1055.4749002676917,3444.4520705886116,3041.457130428496,759.9394619496663,198.97320985000115,110.05783213706243,614.5467839377267,50.88443983759199
2026-01-25 02:00:00+00:00,2161.47,5147.49,3477.3,789.3,4.283595e-06,94.9,654.16,38.92,1790.9116451123932,3342.142826153458,4119.097309115927,778.9141842737594,-7.683483702295661,94.95767085205708,664.0016190018578,39.62011952551264,1055.4749002676917,3444.4520705886116,3041.457130428496,759.9394619496663,198.97320985000115,110.05783213706243,614.5467839377267,50.88443983759199,1055.4749002676917,3444.4520705886116,3041.457130428496,759.9394619496663,198.97320985000115,110.05783213706243,614.5467839377267,50.88443983759199
2026-01-25 03:00:00+00:00,2145.51,4870.66,3284.8,789.3,4.283595e-06,94.49,651.35,38.92,1821.719779756756,3454.3460474955095,4060.952386488231,780.0795058622227,9.531923188629975,94.17110222999179,637.8591167960141,40.26337725040979,1055.4749002676917,3444.4520705886116,3041.457130428496,759.9394619496663,198.97320985000115,110.05783213706243,614.5467839377267,50.88443983759199,1055.4749002676917,3444.4520705886116,3041.457130428496,759.9394619496663,198.97320985000115,110.05783213706243,614.5467839377267,50.88443983759199
2026-01-25 04:00:00+00:00,2180.0,4742.25,3384.81,789.3,4.283595e-06,103.23,599.99,38.92,1617.948863822445,3297.180437961728,4114.5336813238755,782.4129789369432,41.34852346821586,90.92443615482266,652.6543389624502,40.683786811029606,1055.4749002676917,3444.4520705886116,3041.457130428496,759.9394619496663,198.97320985000115,110.05783213706243,614.5467839377267,50.88443983759199,1055.4749002676917,3444.4520705886116,3041.457130428496,759.9394619496663,198.97320985000115,110.05783213706243,614.5467839377267,50.88443983759199
2026-01-25 05:00:00+00:00,2225.21,4754.12,3353.4,790.71,4.283595e-06,102.91,536.85,38.92,1619.7318303606958,3395.6122017181206,4366.708944810952,795.72224949748,58.78052311335139,88.06526971098916,663.8030664884665,39.64557330624292,1055.4749002676917,3444.4520705886116,3041.457130428496,759.9394619496663,198.97320985000115,110.05783213706243,614.5467839377267,50.88443983759199,1055.4749002676917,3444.4520705886116,3041.457130428496,759.9394619496663,198.97320985000115,110.05783213706243,614.5467839377267,50.88443983759199
2026-01-25 06:00:00+00:00,2220.36,5051.99,3491.14,793.27,4.283595e-06,102.91,540.88,38.92,1593.9957406345386,3671.580798105279,3558.5481254920282,798.7647233201476,30.815716466174734,91.61982609549952,648.6316765969905,40.87423317572043,1055.4749002676917,3444.4520705886116,3041.457130428496,759.9394619496663,198.97320985000115,110.05783213706243,614.5467839377267,50.88443983759199,1055.4749002676917,3444.4520705886116,3041.457130428496,759.9394619496663,198.97320985000115,110.05783213706243,614.5467839377267,50.88443983759199
2026-01-25 07:00:00+00:00,2396.56,5349.45,3793.35,795.44,4.283595e-06,101.41,553.42,38.92,1355.580013118682,3819.4349918786743,3347.2777724819566,861.785732558215,156.7376956088382,85.05970010063291,606.041504307859,56.72687421856545,1055.4749002676917,3444.4520705886116,3041.457130428496,759.9394619496663,198.97320985000115,110.05783213706243,614.5467839377267,50.88443983759199,1055.4749002676917,3444.4520705886116,3041.457130428496,759.9394619496663,198.97320985000115,110.05783213706243,614.5467839377267,50.88443983759199
2026-01-25 08:00:00+00:00,2432.54,5427.95,3877.61,795.44,4.283595e-06,101.41,552.06,38.92,1421.011634036051,4180.895834002496,3464.2624312598286,862.6165321641452,269.5786822144301,84.53996199618004,607.9236123799874,54.28243601083721,1055.4749002676917,3444.4520705886116,3041.457130428496,759.9394619496663,198.97320985000115,110.05783213706243,614.5467839377267,50.88443983759199,1055.4749002676917,3444.4520705886116,3041.457130428496,759.9394619496663,198.97320985000115,110.05783213706243,614.5467839377267,50.88443983759199
2026-01-25 09:00:00+00:00,2413.97,5254.27,3676.31,794.86,4.283595e-06,101.41,523.9,38.92,1677.1593318391006,3694.2855577912196,4557.361520896144,838.1946135974879,222.40770181500625,84.0317664734047,627.1511096353466,53.151971635280056,1055.4749002676917,3444.4520705886116,3041.457130428496,759.9394619496663,198.97320985000115,110.05783213706243,614.5467839377267,50.88443983759199,1055.4749002676917,3444.4520705886116,3041.457130428496,759.9394619496663,198.97320985000115,110.05783213706243,614.5467839377267,50.88443983759199
2026-01-25 10:00:00+00:00,2381.67,4963.03,3612.61,794.86,4.283595e-06,101.55,556.04,38.92,1856.7297496691833,3469.106922812834,4650.370563239074,811.3470059980323,132.68794168268926,82.98430841694845,607.4259585790295,52.3708482035784,1055.4749002676917,3444.4520705886116,3041.457130428496,759.9394619496663,198.97320985000115,110.05783213706243,614.5467839377267,50.88443983759199,1055.4749002676917,3444.4520705886116,3041.457130428496,759.9394619496663,198.97320985000115,110.05783213706243,614.5467839377267,50.88443983759199
2026-01-25 11:00:00+00:00,2407.41,4937.75,3974.88,794.77,4.283595e-06,93.31,559.58,38.92,1799.0170907413699,3507.399831774932,4425.040839989848,810.027787519039,114.25806405346118,81.82747204648126,604.6282516874996,54.990276365634486,1055.4749002676917,3444.4520705886116,3041.457130428496,759.9394619496663,198.97320985000115,110.05783213706243,614.5467839377267,50.88443983759199,1055.4749002676917,3444.4520705886116,3041.457130428496,759.9394619496663,198.97320985000115,110.05783213706243,614.5467839377267,50.88443983759199
2026-01-25 12:00:00+00:00,2319.33,4944.35,3990.22,794.49,4.283595e-06,94.64,553.41,38.92,1914.618589194295,3434.9189857320757,4401.966922112585,806.1163928533058,73.32400653212115,81.1322243959291,605.4010447103783,54.36986031028115,1055.4749002676917,3444.4520705886116,3041.457130428496,759.9394619496663,198.97320985000115,110.05783213706243,614.5467839377267,50.88443983759199,1055.4749002676917,3444.4520705886116,3041.457130428496,759.9394619496663,198.97320985000115,110.05783213706243,614.5467839377267,50.88443983759199
2026-01-25 13:00:00+00:00,2354.56,4947.0,3962.09,794.49,33.140003,95.24,530.19,38.92,1749.0730542938395,3616.252435450634,4256.899332412551,816.1889386141098,70.796209986548,76.67458647109547,606.9674541604772,54.47553754007242,1055.4749002676917,3444.4520705886116,3041.457130428496,759.9394619496663,198.97320985000115,110.05783213706243,614.5467839377267,50.88443983759199,1055.4749002676917,3444.4520705886116,3041.457130428496,759.9394619496663,198.97320985000115,110.05783213706243,614.5467839377267,50.88443983759199
2026-01-25 14:00:00+00:00,2355.28,5181.66,4134.73,794.49,4.283595e-06,103.84,592.4,38.92,1831.6879232106542,3510.8370881994047,4461.802738270507,831.0408034703338,232.72302827002198,78.56672211029914,609.4091258311333,56.095004199931985,1055.4749002676917,3444.4520705886116,3041.457130428496,759.9394619496663,198.97320985000115,110.05783213706243,614.5467839377267,50.88443983759199,1055.4749002676917,3444.4520705886116,3041.457130428496,759.9394619496663,198.97320985000115,110.05783213706243,614.5467839377267,50.88443983759199
2026-01-25 15:00:00+00:00,2477.84,5403.69,4521.61,795.26,121.07,103.84,672.59,38.92,1944.3866118545156,3589.6069300929275,4824.29135415634,886.4461004377176,252.16346218952464,83.59191534807943,628.3443640548959,56.61289078830597,1055.4749002676917,3444.4520705886116,3041.457130428496,759.9394619496663,198.97320985000115,110.05783213706243,614.5467839377267,50.88443983759199,1055.4749002676917,3444.4520705886116,3041.457130428496,759.9394619496663,198.97320985000115,110.05783213706243,614.5467839377267,50.88443983759199
2026-01-25 16:00:00+00:00,2546.85,5418.6,4659.09,795.98,502.82,103.93,661.17,38.92,1955.1780165832783,3466.4353621924583,5270.155736590578,839.6874511845538,339.0216740442952,89.65439076945528,636.386477649366,48.86254744820567,1055.4749002676917,3444.4520705886116,3041.457130428496,759.9394619496663,198.97320985000115,110.05783213706243,614.5467839377267,50.88443983759199,1055.4749002676917,3444.4520705886116,3041.457130428496,759.9394619496663,198.97320985000115,110.05783213706243,614.5467839377267,50.88443983759199
2026-01-25 17:00:00+00:00,2549.77,5428.72,4662.67,796.62,622.25,103.84,664.86,38.92,2339.4883963880807,3741.7883681096146,5877.097006967919,795.2605889131489,221.64839823917708,92.80221537579438,621.6340672475349,41.31194101641913,1055.4749002676917,3444.4520705886116,3041.457130428496,759.9394619496663,198.97320985000115,110.05783213706243,614.5467839377267,50.88443983759199,1055.4749002676917,3444.4520705886116,3041.457130428496,759.9394619496663,198.97320985000115,110.05783213706243,614.5467839377267,50.88443983759199
2026-01-25 18:00:00+00:00,2550.78,5424.74,4641.82,796.62,758.03,103.87,670.22,38.92,2391.412585889872,3780.6711069040066,5922.621233529653,797.0492871776024,209.81795884479482,93.77155993663037,624.7169459665112,40.97414024458254,1055.4749002676917,3444.4520705886116,3041.457130428496,759.9394619496663,198.97320985000115,110.05783213706243,614.5467839377267,50.88443983759199,1055.4749002676917,3444.4520705886116,3041.457130428496,759.9394619496663,198.97320985000115,110.05783213706243,614.5467839377267,50.88443983759199
2026-01-25 19:00:00+00:00,2597.39,5422.86,4657.03,796.62,142.99,103.72,671.9,38.92,2340.912186349432,3609.9831655962244,5651.819319183429,803.6237523551285,101.55503230950019,92.51925559962548,626.5614761771855,40.95878241395002,1055.4749002676917,3444.4520705886116,3041.457130428496,759.9394619496663,198.97320985000115,110.05783213706243,614.5467839377267,50.88443983759199,1055.4749002676917,3444.4520705886116,3041.457130428496,759.9394619496663,198.97320985000115,110.05783213706243,614.5467839377267,50.88443983759199
2026-01-25 20:00:00+00:00,2563.98,5417.05,4552.98,796.62,0.080006115,103.41,665.04,38.92,2423.6807924687278,3491.2944401861114,5607.702055968994,805.9777186947872,59.96959724742763,95.00272786366881,654.7337709505946,39.94277228547854,1055.4749002676917,3444.4520705886116,3041.457130428496,759.9394619496663,198.97320985000115,110.05783213706243,614.5467839377267,50.88443983759199,1055.4749002676917,3444.4520705886116,3041.457130428496,759.9394619496663,198.97320985000115,110.05783213706243,614.5467839377267,50.88443983759199
2026-01-25 21:00:00+00:00,2432.68,5408.22,4531.55,794.5,23.7,101.88,634.0,38.92,2262.81269179398,3518.904709710785,5636.743917225045,801.13886249013,67.89170524452379,91.33863736246265,643.5334710411859,41.127495433233776,1055.4749002676917,3444.4520705886116,3041.457130428496,759.9394619496663,198.97320985000115,110.05783213706243,614.5467839377267,50.88443983759199,1055.4749002676917,3444.4520705886116,3041.457130428496,759.9394619496663,198.97320985000115,110.05783213706243,614.5467839377267,50.88443983759199
2026-01-25 22:00:00+00:00,2373.32,5422.34,4412.68,793.26,111.24,101.74,619.89,38.92,2220.3914781546646,3450.2748496949057,5463.830383643015,787.621917150711,51.83815083336637,90.19463769779661,658.4139460277506,41.44935700426149,1055.4749002676917,3444.4520705886116,3041.457130428496,759.9394619496663,198.97320985000115,110.05783213706243,614.5467839377267,50.88443983759199,1055.4749002676917,3444.4520705886116,3041.457130428496,759.9394619496663,198.97320985000115,110.05783213706243,614.5467839377267,50.88443983759199
2026-01-25 23:00:00+00:00,2292.48,5398.83,4358.79,789.99,20.269993,101.29,660.22,38.92,1687.4567507722613,3416.1632616674106,5138.2127812194585,775.9480928439484,-15.029974065272711,92.31522994632087,676.5592426600971,40.904044203429294,1055.4749002676917,3444.4520705886116,3041.457130428496,759.9394619496663,198.97320985000115,110.05783213706243,614.5467839377267,50.88443983759199,1055.4749002676917,3444.4520705886116,3041.457130428496,759.9394619496663,198.97320985000115,110.05783213706243,614.5467839377267,50.88443983759199
2026-01-26 00:00:00+00:00,2210.79,5178.84,4342.9,786.84,11.849995,92.9,671.99,38.92,1755.9672277008185,3688.396380887205,5375.109152671957,775.8724174234441,13.395919593110222,92.78071845143114,677.2873930900283,39.3996979957652,1055.4749002676917,3444.4520705886116,3041.457130428496,759.9394619496663,198.97320985000115,110.05783213706243,614.5467839377267,50.88443983759199,1055.4749002676917,3444.4520705886116,3041.457130428496,759.9394619496663,198.97320985000115,110.05783213706243,614.5467839377267,50.88443983759199
2026-01-26 01:00:00+00:00,2178.2,5356.36,4396.54,786.56,11.849995,92.29,667.95,38.92,1813.1360123150862,3751.006163537207,5249.421025855191,773.1237437870549,13.227759036614458,90.9760514991842,675.6575956630065,38.77755333080746,1055.4749002676917,3444.4520705886116,3041.457130428496,759.9394619496663,198.97320985000115,110.05783213706243,614.5467839377267,50.88443983759199,1055.4749002676917,3444.4520705886116,3041.457130428496,759.9394619496663,198.97320985000115,110.05783213706243,614.5467839377267,50.88443983759199
2026-01-26 02:00:00+00:00,2154.59,5253.42,4440.69,786.56,4.283595e-06,90.38,693.81,38.92,1620.845220269568,3492.257530216662,5266.045107684678,775.5586009103321,14.791748667977998,90.75104313412375,688.8088965536673,39.845081713945156,1055.4749002676917,3444.4520705886116,3041.457130428496,759.9394619496663,198.97320985000115,110.05783213706243,614.5467839377267,50.88443983759199,1055.4749002676917,3444.4520705886116,3041.457130428496,759.9394619496663,198.97320985000115,110.05783213706243,614.5467839377267,50.88443983759199
2026-01-26 03:00:00+00:00,2229.59,5220.08,4809.45,786.56,4.283595e-06,90.51,684.16,38.92,1660.4903106150946,3369.4538288126623,5307.042286933618,777.2904068285425,20.985591124769,84.66020253471754,692.4642200023079,39.716819079035695,1055.4749002676917,3444.4520705886116,3041.457130428496,759.9394619496663,198.97320985000115,110.05783213706243,614.5467839377267,50.88443983759199,1055.4749002676917,3444.4520705886116,3041.457130428496,759.9394619496663,198.97320985000115,110.05783213706243,614.5467839377267,50.88443983759199
2026-01-26 04:00:00+00:00,2828.32,5415.4,5376.2,786.56,19.459995,99.43,665.61,38.92,1819.647476494123,3660.4114781725298,5669.912688340648,776.3593073437434,28.15097279365034,88.36397891524012,703.6266623681518,38.61730993768725,1055.4749002676917,3444.4520705886116,3041.457130428496,759.9394619496663,198.97320985000115,110.05783213706243,614.5467839377267,50.88443983759199,1055.4749002676917,3444.4520705886116,3041.457130428496,759.9394619496663,198.97320985000115,110.05783213706243,614.5467839377267,50.88443983759199
2026-01-26 05:00:00+00:00,3210.78,5475.95,7030.78,787.97,24.920002,99.06,684.37,38.92,2492.948173584098,4112.155653076063,6619.727785113101,796.1278373339351,94.16872619038871,89.2751584613158,682.5964446133137,39.50955236446359,1055.4749002676917,3444.4520705886116,3041.457130428496,759.9394619496663,198.97320985000115,110.05783213706243,614.5467839377267,50.88443983759199,1055.4749002676917,3444.4520705886116,3041.457130428496,759.9394619496663,198.97320985000115,110.05783213706243,614.5467839377267,50.88443983759199
2026-01-26 06:00:00+00:00,3240.31,5842.14,8182.74,790.52,21.7,100.79,717.18,38.92,2530.2449752486727,4309.824514243874,7077.328835313214,818.5892849739037,329.7578346972523,90.10295181780232,674.8912938821553,41.160230489591086,1055.4749002676917,3444.4520705886116,3041.457130428496,759.9394619496663,198.97320985000115,110.05783213706243,614.5467839377267,50.88443983759199,1055.4749002676917,3444.4520705886116,3041.457130428496,759.9394619496663,198.97320985000115,110.05783213706243,614.5467839377267,50.88443983759199
2026-01-26 07:00:00+00:00,3244.03,5867.24,8286.25,791.96,167.24,101.29,747.38,38.92,2652.2250958832765,4108.637871731833,7308.728876552705,840.5606385174117,776.9154913049665,89.77117354989684,662.6168473581256,45.08701245647561,1055.4749002676917,3444.4520705886116,3041.457130428496,759.9394619496663,198.97320985000115,110.05783213706243,614.5467839377267,50.88443983759199,1055.4749002676917,3444.4520705886116,3041.457130428496,759.9394619496663,198.97320985000115,110.05783213706243,614.5467839377267,50.88443983759199
2026-01-26 08:00:00+00:00,3315.65,5877.14,8370.7,791.96,196.68,101.32,729.89,38.92,2802.04111485214,4463.733591813922,7330.099581046781,812.6691655848332,656.4139280663235,91.37863741941308,668.3056554257379,45.48208708457624,1055.4749002676917,3444.4520705886116,3041.457130428496,759.9394619496663,198.97320985000115,110.05783213706243,614.5467839377267,50.88443983759199,1055.4749002676917,3444.4520705886116,3041.457130428496,759.9394619496663,198.97320985000115,110.05783213706243,614.5467839377267,50.88443983759199
2026-01-26 09:00:00+00:00,3309.08,5848.39,8772.08,791.37,462.03,101.32,716.2,38.92,2689.849453840052,4582.224012478095,7409.0004487028145,795.4794284991199,545.0555228873802,89.48618364127262,698.9225768272357,44.02142018612654,1055.4749002676917,3444.4520705886116,3041.457130428496,759.9394619496663,198.97320985000115,110.05783213706243,614.5467839377267,50.88443983759199,1055.4749002676917,3444.4520705886116,3041.457130428496,759.9394619496663,198.97320985000115,110.05783213706243,614.5467839377267,50.88443983759199
2026-01-26 10:00:00+00:00,3175.49,5857.8,8075.35,791.37,107.17999,102.04,737.15,38.92,2660.3285395534076,4455.623000514554,7144.263632455837,801.1474283495426,390.3164791917545,89.71818702286656,698.0525607796397,42.69910510792185,1055.4749002676917,3444.4520705886116,3041.457130428496,759.9394619496663,198.97320985000115,110.05783213706243,614.5467839377267,50.88443983759199,1055.4749002676917,3444.4520705886116,3041.457130428496,759.9394619496663,198.97320985000115,110.05783213706243,614.5467839377267,50.88443983759199
2026-01-26 11:00:00+00:00,3229.65,5827.2,8205.73,791.37,42.929996,94.96,738.69,38.92,2689.9036149897274,4549.38318361016,6999.715580309955,794.8960204219705,190.5309607310132,88.04452010831002,679.8513590592986,42.07426631041468,1055.4749002676917,3444.4520705886116,3041.457130428496,759.9394619496663,198.97320985000115,110.05783213706243,614.5467839377267,50.88443983759199,1055.4749002676917,3444.4520705886116,3041.457130428496,759.9394619496663,198.97320985000115,110.05783213706243,614.5467839377267,50.88443983759199
2026-01-26 12:00:00+00:00,3144.44,5826.39,8088.2,791.37,42.929996,95.34,744.94,38.92,2718.134246545914,4670.9079983461315,6901.0469154418315,807.1124289261134,203.11846273136683,84.93046858473983,672.2738374316682,43.023751552731525,1055.4749002676917,3444.4520705886116,3041.457130428496,759.9394619496663,198.97320985000115,110.05783213706243,614.5467839377267,50.88443983759199,1055.4749002676917,3444.4520705886116,3041.457130428496,759.9394619496663,198.97320985000115,110.05783213706243,614.5467839377267,50.88443983759199
2026-01-26 13:00:00+00:00,3144.07,5823.95,7682.45,791.37,62.51,95.21,733.37,38.92,2560.8732303885145,4525.301011939782,6951.708257263861,816.6534764809952,285.6245120933413,82.37970018838796,666.2991278996913,44.194219549137024,1055.4749002676917,3444.4520705886116,3041.457130428496,759.9394619496663,198.97320985000115,110.05783213706243,614.5467839377267,50.88443983759199,1055.4749002676917,3444.4520705886116,3041.457130428496,759.9394619496663,198.97320985000115,110.05783213706243,614.5467839377267,50.88443983759199
2026-01-26 14:00:00+00:00,3136.12,5832.63,7491.91,791.37,47.399998,103.65,673.66,38.92,2571.789643109417,4383.536826193378,7191.985257358183,825.7404606010143,375.7062464507767,84.63075500915934,640.2323410989541,46.2940196758875,1055.4749002676917,3444.4520705886116,3041.457130428496,759.9394619496663,198.97320985000115,110.05783213706243,614.5467839377267,50.88443983759199,1055.4749002676917,3444.4520705886116,3041.457130428496,759.9394619496663,198.97320985000115,110.05783213706243,614.5467839377267,50.88443983759199
2026-01-26 15:00:00+00:00,2844.8,5832.3,7339.39,791.77,80.399994,103.72,673.6,38.92,2597.5528047663233,4418.3346695388955,7456.332812865861,864.2571631957279,419.2267136779882,88.70199528941978,634.4974740287735,49.553097542743885,1055.4749002676917,3444.4520705886116,3041.457130428496,759.9394619496663,198.97320985000115,110.05783213706243,614.5467839377267,50.88443983759199,1055.4749002676917,3444.4520705886116,3041.457130428496,759.9394619496663,198.97320985000115,110.05783213706243,614.5467839377267,50.88443983759199
2026-01-26 16:00:00+00:00,2876.02,5841.02,7635.47,792.94,981.05,103.9,683.01,38.92,2645.4084837846676,3988.0170888236053,7258.441705264822,808.4645587415534,698.6008632519051,90.15814253957052,687.0028271716778,49.83411120908807,1055.4749002676917,3444.4520705886116,3041.457130428496,759.9394619496663,198.97320985000115,110.05783213706243,614.5467839377267,50.88443983759199,1055.4749002676917,3444.4520705886116,3041.457130428496,759.9394619496663,198.97320985000115,110.05783213706243,614.5467839377267,50.88443983759199
2026-01-26 17:00:00+00:00,2873.9902,5835.11,7793.42,793.58,1032.4,103.58,615.45,38.92,2539.104243533103,4603.207103417282,7522.1475426710895,796.0622198725088,481.01518479684705,88.20421943812863,705.1897224729216,41.4611993112793,1055.4749002676917,3444.4520705886116,3041.457130428496,759.9394619496663,198.97320985000115,110.05783213706243,614.5467839377267,50.88443983759199,1055.4749002676917,3444.4520705886116,3041.457130428496,759.9394619496663,198.97320985000115,110.05783213706243,614.5467839377267,50.88443983759199
2026-01-26 18:00:00+00:00,2872.35,5735.32,7766.42,793.58,447.55,103.68,611.85,38.92,2419.221811309295,4055.6806416353656,7642.786871118735,798.5208479662509,376.7348825993623,88.4718252439654,694.0584299626094,42.71940052526077,1055.4749002676917,3444.4520705886116,3041.457130428496,759.9394619496663,198.97320985000115,110.05783213706243,614.5467839377267,50.88443983759199,1055.4749002676917,3444.4520705886116,3041.457130428496,759.9394619496663,198.97320985000115,110.05783213706243,614.5467839377267,50.88443983759199
2026-01-26 19:00:00+00:00,2854.79,5784.94,7362.06,793.58,63.899998,103.58,613.79,38.92,2234.901982364983,4295.906725720497,7259.780920236077,810.4211203681406,237.34159671512725,87.89149567065728,691.0856499359721,40.40503372428592,1055.4749002676917,3444.4520705886116,3041.457130428496,759.9394619496663,198.97320985000115,110.05783213706243,614.5467839377267,50.88443983759199,1055.4749002676917,3444.4520705886116,3041.457130428496,759.9394619496663,198.97320985000115,110.05783213706243,614.5467839377267,50.88443983759199
2026-01-26 20:00:00+00:00,2586.01,5447.09,7239.54,793.58,45.68999,103.08,613.42,38.92,2316.24720983142,3870.6010939205753,6386.012626973916,804.2559730581038,72.79593307932505,86.45910076647999,671.7819961639012,40.704998686089425,1055.4749002676917,3444.4520705886116,3041.457130428496,759.9394619496663,198.97320985000115,110.05783213706243,614.5467839377267,50.88443983759199,1055.4749002676917,3444.4520705886116,3041.457130428496,759.9394619496663,198.97320985000115,110.05783213706243,614.5467839377267,50.88443983759199
2026-01-26 21:00:00+00:00,2562.11,5296.62,6979.99,792.28,11.869999,101.4,614.07,38.92,2360.22960946677,3923.304171621644,5902.423442481851,802.9961490050929,29.209159884515913,88.05498992621155,654.1104653629461,40.268586482794234,1055.4749002676917,3444.4520705886116,3041.457130428496,759.9394619496663,198.97320985000115,110.05783213706243,614.5467839377267,50.88443983759199,1055.4749002676917,3444.4520705886116,3041.457130428496,759.9394619496663,198.97320985000115,110.05783213706243,614.5467839377267,50.88443983759199
2026-01-26 22:00:00+00:00,2535.09,5342.07,6888.66,791.49,4.283595e-06,101.74,613.11,38.92,2430.6200465983447,3721.8685697982282,6313.661376088665,794.9273158572108,-5.416809315802851,87.83609609431801,661.3229086786966,40.40834237223983,1055.4749002676917,3444.4520705886116,3041.457130428496,759.9394619496663,198.97320985000115,110.05783213706243,614.5467839377267,50.88443983759199,1055.4749002676917,3444.4520705886116,3041.457130428496,759.9394619496663,198.97320985000115,110.05783213706243,614.5467839377267,50.88443983759199
2026-01-26 23:00:00+00:00,2333.95,5359.17,7084.7505,787.24,4.283595e-06,101.29,662.59,36.92,2254.4438789623173,3793.36898934859,5909.455036494957,792.379119607066,-8.300470038668038,91.98589162102557,662.4567637259906,39.12046580471372,1055.4749002676917,3444.4520705886116,3041.457130428496,759.9394619496663,198.97320985000115,110.05783213706243,614.5467839377267,50.88443983759199,1055.4749002676917,3444.4520705886116,3041.457130428496,759.9394619496663,198.97320985000115,110.05783213706243,614.5467839377267,50.88443983759199
2026-01-27 00:00:00+00:00,2283.44,5340.61,6999.05,786.84,4.283595e-06,91.02,719.38,36.92,2346.2841065883185,3684.18394596885,5698.637239292193,778.5831429074512,11.428009104526552,93.40808086256823,570.6688623925227,40.22518621043434,1055.4749002676917,3444.4520705886116,3041.457130428496,759.9394619496663,198.97320985000115,110.05783213706243,614.5467839377267,50.88443983759199,1055.4749002676917,3444.4520705886116,3041.457130428496,759.9394619496663,198.97320985000115,110.05783213706243,614.5467839377267,50.88443983759199
2026-01-27 01:00:00+00:00,2287.19,5286.21,6946.5,786.56,25.670002,91.35,716.09,36.92,2147.322939833149,3811.601267295817,5907.144504013106,783.7691045635966,23.888154947036753,89.27797512306218,584.0399598552218,39.731328785000414,1055.4749002676917,3444.4520705886116,3041.457130428496,759.9394619496663,198.97320985000115,110.05783213706243,614.5467839377267,50.88443983759199,1055.4749002676917,3444.4520705886116,3041.457130428496,759.9394619496663,198.97320985000115,110.05783213706243,614.5467839377267,50.88443983759199
2026-01-27 02:00:00+00:00,2294.33,5210.22,6709.48,786.56,23.7,90.91,732.85,36.92,2197.452745870879,3812.8564399361035,5704.753804306666,782.4117031757529,35.72938157662787,90.74863255176459,560.3733529991333,39.30398973464794,1055.4749002676917,3444.4520705886116,3041.457130428496,759.9394619496663,198.97320985000115,110.05783213706243,614.5467839377267,50.88443983759199,1055.4749002676917,3444.4520705886116,3041.457130428496,759.9394619496663,198.97320985000115,110.05783213706243,614.5467839377267,50.88443983759199
2026-01-27 03:00:00+00:00,2264.56,4926.71,6734.51,786.56,4.283595e-06,91.02,749.17,36.92,2283.3112960362623,3549.206727778346,5910.551569554514,796.3653509414121,9.20829103276489,92.55403500014499,572.0107435866701,40.327044548563826,1055.4749002676917,3444.4520705886116,3041.457130428496,759.9394619496663,198.97320985000115,110.05783213706243,614.5467839377267,50.88443983759199,1055.4749002676917,3444.4520705886116,3041.457130428496,759.9394619496663,198.97320985000115,110.05783213706243,614.5467839377267,50.88443983759199
2026-01-27 04:00:00+00:00,2059.34,4023.72,6664.46,786.56,37.31,99.85,735.61,36.92,2405.8012736480596,3820.0877337791794,6248.946452669359,796.6325421714969,9.611465111000683,91.1345138745956,548.8271275304651,38.63437846687367,1055.4749002676917,3444.4520705886116,3041.457130428496,759.9394619496663,198.97320985000115,110.05783213706243,614.5467839377267,50.88443983759199,1055.4749002676917,3444.4520705886116,3041.457130428496,759.9394619496663,198.97320985000115,110.05783213706243,614.5467839377267,50.88443983759199
2026-01-27 05:00:00+00:00,2185.97,3928.51,6880.47,787.97,994.94,99.05,736.69,36.92,2457.118868700709,3582.3109238419706,7373.656707419199,810.188995319099,182.58051813455063,83.36777670197483,554.6873627895759,39.486714052805745,1055.4749002676917,3444.4520705886116,3041.457130428496,759.9394619496663,198.97320985000115,110.05783213706243,614.5467839377267,50.88443983759199,1055.4749002676917,3444.4520705886116,3041.457130428496,759.9394619496663,198.97320985000115,110.05783213706243,614.5467839377267,50.88443983759199
2026-01-27 06:00:00+00:00,2539.64,3845.74,7809.06,790.52,1192.1,99.05,675.1,36.92,2492.1264192880953,4047.5218287305233,7699.567131953301,829.5724330452015,472.6932049462688,96.50567863526845,631.7990610227575,43.64043954626513,1055.4749002676917,3444.4520705886116,3041.457130428496,759.9394619496663,198.97320985000115,110.05783213706243,614.5467839377267,50.88443983759199,1055.4749002676917,3444.4520705886116,3041.457130428496,759.9394619496663,198.97320985000115,110.05783213706243,614.5467839377267,50.88443983759199
2026-01-27 07:00:00+00:00,2831.6003,3575.06,8115.9,791.95,1001.69495,98.91,615.0,36.92,2490.014207481267,4120.949211482012,7522.480535224106,857.9904745382192,703.4740677209761,86.0651612870879,640.0750550139267,48.56617226171378,1055.4749002676917,3444.4520705886116,3041.457130428496,759.9394619496663,198.97320985000115,110.05783213706243,614.5467839377267,50.88443983759199,1055.4749002676917,3444.4520705886116,3041.457130428496,759.9394619496663,198.97320985000115,110.05783213706243,614.5467839377267,50.88443983759199
2026-01-27 08:00:00+00:00,3000.26,3736.77,7804.75,791.95,811.29,98.97,616.01,36.92,2477.1662521074704,3894.796176119314,7466.7874741173,833.0430841710879,411.6450060104062,87.97470731807309,634.6952397418751,47.65772026282695,1055.4749002676917,3444.4520705886116,3041.457130428496,759.9394619496663,198.97320985000115,110.05783213706243,614.5467839377267,50.88443983759199,1055.4749002676917,3444.4520705886116,3041.457130428496,759.9394619496663,198.97320985000115,110.05783213706243,614.5467839377267,50.88443983759199
2026-01-27 09:00:00+00:00,2979.6204,3741.16,7259.54,791.36,68.590004,99.02,630.12,36.92,2349.0442987557144,4290.333543624487,7139.180387107772,811.7451121433295,163.9994057411932,87.99200500663537,618.3836650022236,45.969364360025736,1055.4749002676917,3444.4520705886116,3041.457130428496,759.9394619496663,198.97320985000115,110.05783213706243,614.5467839377267,50.88443983759199,1055.4749002676917,3444.4520705886116,3041.457130428496,759.9394619496663,198.97320985000115,110.05783213706243,614.5467839377267,50.88443983759199
2026-01-27 10:00:00+00:00,2752.5303,3679.98,6874.01,791.36,4.283595e-06,90.52,637.47,36.92,2195.780321804964,4027.7028303667107,6649.019944792437,802.7485245543921,99.05395032422496,85.7466964819748,612.7292209735616,45.65197296211858,1055.4749002676917,3444.4520705886116,3041.457130428496,759.9394619496663,198.97320985000115,110.05783213706243,614.5467839377267,50.88443983759199,1055.4749002676917,3444.4520705886116,3041.457130428496,759.9394619496663,198.97320985000115,110.05783213706243,614.5467839377267,50.88443983759199
2026-01-27 11:00:00+00:00,2453.7,3654.35,6957.38,791.37,12.499989,90.61,623.06,36.92,2273.1319904057127,4204.0897544583395,6274.814314492802,787.5620044702569,116.88534222643827,83.86935598726518,623.4301403220585,48.89180264319954,1055.4749002676917,3444.4520705886116,3041.457130428496,759.9394619496663,198.97320985000115,110.05783213706243,614.5467839377267,50.88443983759199,1055.4749002676917,3444.4520705886116,3041.457130428496,759.9394619496663,198.97320985000115,110.05783213706243,614.5467839377267,50.88443983759199
2026-01-27 12:00:00+00:00,2465.1,3585.71,6996.65,791.37,11.950001,90.31,617.28,36.92,2312.2888492245934,3877.5334101353787,5505.026661043117,796.159932190935,66.10735534080558,86.22433727549877,632.0891927822341,53.8578606949959,1055.4749002676917,3444.4520705886116,3041.457130428496,759.9394619496663,198.97320985000115,110.05783213706243,614.5467839377267,50.88443983759199,1055.4749002676917,3444.4520705886116,3041.457130428496,759.9394619496663,198.97320985000115,110.05783213706243,614.5467839377267,50.88443983759199
2026-01-27 13:00:00+00:00,2754.14,3536.83,6944.96,791.37,23.009998,98.87,629.97,36.92,2318.108543112402,3921.514280062859,5506.319932357554,808.5843531231733,36.84105304755647,84.2759293148642,625.7168009439561,56.898739867758636,1055.4749002676917,3444.4520705886116,3041.457130428496,759.9394619496663,198.97320985000115,110.05783213706243,614.5467839377267,50.88443983759199,1055.4749002676917,3444.4520705886116,3041.457130428496,759.9394619496663,198.97320985000115,110.05783213706243,614.5467839377267,50.88443983759199
2026-01-27 14:00:00+00:00,2279.96,3595.5,7362.75,791.09,4.283595e-06,100.22,615.33,36.92,2398.503438888132,4129.415497179061,5487.836829698104,843.0386404468993,244.7320884580009,85.00462233455931,649.777990471696,55.278192258384166,1055.4749002676917,3444.4520705886116,3041.457130428496,759.9394619496663,198.97320985000115,110.05783213706243,614.5467839377267,50.88443983759199,1055.4749002676917,3444.4520705886116,3041.457130428496,759.9394619496663,198.97320985000115,110.05783213706243,614.5467839377267,50.88443983759199
2026-01-27 15:00:00+00:00,2321.1,3612.84,7677.91,791.4,4.283595e-06,101.26,611.25,36.92,2638.940958936556,4007.771027228405,5554.366101494304,885.0506084048734,397.7804015309596,87.16572712890101,638.0194211242135,53.348068410982414,1055.4749002676917,3444.4520705886116,3041.457130428496,759.9394619496663,198.97320985000115,110.05783213706243,614.5467839377267,50.88443983759199,1055.4749002676917,3444.4520705886116,3041.457130428496,759.9394619496663,198.97320985000115,110.05783213706243,614.5467839377267,50.88443983759199
2026-01-27 16:00:00+00:00,2584.04,3693.06,7918.75,792.57,11.849995,101.62,617.88,36.92,2682.9698320601524,4044.905253926735,5879.514299170344,813.4679882453443,481.8625619781385,95.24248676493438,672.4114461412549,49.55405918100391,1055.4749002676917,3444.4520705886116,3041.457130428496,759.9394619496663,198.97320985000115,110.05783213706243,614.5467839377267,50.88443983759199,1055.4749002676917,3444.4520705886116,3041.457130428496,759.9394619496663,198.97320985000115,110.05783213706243,614.5467839377267,50.88443983759199
2026-01-27 17:00:00+00:00,2512.77,3771.26,8057.89,793.21,35.530003,101.3,616.7,36.92,2621.0991578231806,4163.768396510864,6328.661737133681,799.5684668331622,180.23870009373792,102.0455790767645,653.5470967849976,37.867121451679175,1055.4749002676917,3444.4520705886116,3041.457130428496,759.9394619496663,198.97320985000115,110.05783213706243,614.5467839377267,50.88443983759199,1055.4749002676917,3444.4520705886116,3041.457130428496,759.9394619496663,198.97320985000115,110.05783213706243,614.5467839377267,50.88443983759199
2026-01-27 18:00:00+00:00,2327.71,3775.22,7844.7,793.21,23.7,101.4,616.54,36.92,2557.059977038416,4161.049707210148,6111.631347773378,798.3444491143896,121.3275047415158,99.13744359358942,617.4442749034885,38.94930665502415,1055.4749002676917,3444.4520705886116,3041.457130428496,759.9394619496663,198.97320985000115,110.05783213706243,614.5467839377267,50.88443983759199,1055.4749002676917,3444.4520705886116,3041.457130428496,759.9394619496663,198.97320985000115,110.05783213706243,614.5467839377267,50.88443983759199
2026-01-27 19:00:00+00:00,2313.59,3780.72,7743.08,793.21,31.129978,99.6,618.04,39.61,2360.504934135916,3935.7692911509957,5658.925929801923,800.4091183611113,128.63414269691287,94.5568470505229,589.9865461548477,39.229100427770994,1055.4749002676917,3444.4520705886116,3041.457130428496,759.9394619496663,198.97320985000115,110.05783213706243,614.5467839377267,50.88443983759199,1055.4749002676917,3444.4520705886116,3041.457130428496,759.9394619496663,198.97320985000115,110.05783213706243,614.5467839377267,50.88443983759199
2026-01-27 20:00:00+00:00,2309.94,3775.13,7332.4,793.21,11.849995,98.91,615.2,39.61,2292.9153849333657,3589.9445542115614,5853.567485616388,803.7587179113104,106.11963857827581,92.54329791268884,549.9269247472314,38.07480202367197,1055.4749002676917,3444.4520705886116,3041.457130428496,759.9394619496663,198.97320985000115,110.05783213706243,614.5467839377267,50.88443983759199,1055.4749002676917,3444.4520705886116,3041.457130428496,759.9394619496663,198.97320985000115,110.05783213706243,614.5467839377267,50.88443983759199
2026-01-27 21:00:00+00:00,2181.06,3779.74,7043.4,791.91,14.960011,99.02,616.93,39.61,2337.5568263742666,3618.435748451712,6221.3509669424575,800.6259385957654,81.83492608185482,95.29912803581657,573.2831591885333,38.44937732598257,1055.4749002676917,3444.4520705886116,3041.457130428496,759.9394619496663,198.97320985000115,110.05783213706243,614.5467839377267,50.88443983759199,1055.4749002676917,3444.4520705886116,3041.457130428496,759.9394619496663,198.97320985000115,110.05783213706243,614.5467839377267,50.88443983759199
2026-01-27 22:00:00+00:00,2163.87,3775.53,6873.97,791.12,47.399998,97.86,617.9,39.61,2113.603597654968,3189.6402830817697,5763.170847279074,789.163983167213,63.37367960925562,98.49503130636364,580.2004995479871,40.471525675157096,1055.4749002676917,3444.4520705886116,3041.457130428496,759.9394619496663,198.97320985000115,110.05783213706243,614.5467839377267,50.88443983759199,1055.4749002676917,3444.4520705886116,3041.457130428496,759.9394619496663,198.97320985000115,110.05783213706243,614.5467839377267,50.88443983759199
2026-01-27 23:00:00+00:00,2060.45,3781.69,6832.17,786.87,4.283595e-06,88.97,697.86,36.92,2094.411832130649,3104.4339111266813,5504.681125231522,797.6029868269758,42.601518161408734,93.00084044212947,575.6150352518735,39.55251558597085,1055.4749002676917,3444.4520705886116,3041.457130428496,759.9394619496663,198.97320985000115,110.05783213706243,614.5467839377267,50.88443983759199,1055.4749002676917,3444.4520705886116,3041.457130428496,759.9394619496663,198.97320985000115,110.05783213706243,614.5467839377267,50.88443983759199
2026-01-28 00:00:00+00:00,2279.19,3574.09,6957.59,786.98,11.849995,88.95,703.45,41.61,2011.945354845915,2882.6988341066594,5193.719187653193,782.8819116895196,-17.045458300935564,87.7043788220232,553.5040022156267,39.03270666716227,1055.4749002676917,3444.4520705886116,3041.457130428496,759.9394619496663,198.97320985000115,110.05783213706243,614.5467839377267,50.88443983759199,1055.4749002676917,3444.4520705886116,3041.457130428496,759.9394619496663,198.97320985000115,110.05783213706243,614.5467839377267,50.88443983759199
2026-01-28 01:00:00+00:00,2301.28,3400.58,7099.5503,786.69,11.849995,88.89,745.27,41.61,1818.3398802064428,2951.3371853697704,5177.632762906273,784.1204288874652,-14.870393389724342,90.62979962320259,547.2880144869046,38.50754316565775,1055.4749002676917,3444.4520705886116,3041.457130428496,759.9394619496663,198.97320985000115,110.05783213706243,614.5467839377267,50.88443983759199,1055.4749002676917,3444.4520705886116,3041.457130428496,759.9394619496663,198.97320985000115,110.05783213706243,614.5467839377267,50.88443983759199
2026-01-28 02:00:00+00:00,2289.19,3559.77,6818.96,786.69,4.283595e-06,88.35,765.78,41.61,2048.081135991333,2965.720132130272,5087.2073267193355,779.0767406637001,3.9439500935387173,90.51892634089144,558.4773431033776,38.66185568926849,1055.4749002676917,3444.4520705886116,3041.457130428496,759.9394619496663,198.97320985000115,110.05783213706243,614.5467839377267,50.88443983759199,1055.4749002676917,3444.4520705886116,3041.457130428496,759.9394619496663,198.97320985000115,110.05783213706243,614.5467839377267,50.88443983759199
2026-01-28 03:00:00+00:00,2387.75,3778.24,7101.65,786.69,4.283595e-06,88.4,758.17,41.61,2380.76348475953,3252.877030741851,5183.213711414511,774.5635228024312,-4.288568127910224,91.2434981222562,555.6215197934122,39.868407981622305,1055.4749002676917,3444.4520705886116,3041.457130428496,759.9394619496663,198.97320985000115,110.05783213706243,614.5467839377267,50.88443983759199,1055.4749002676917,3444.4520705886116,3041.457130428496,759.9394619496663,198.97320985000115,110.05783213706243,614.5467839377267,50.88443983759199
2026-01-28 04:00:00+00:00,2503.75,3771.13,7116.23,786.69,4.283595e-06,97.04,754.93,41.61,2754.5623876775844,3390.0535415212535,5215.575842154658,792.3530162645295,-23.209913689283724,90.70869374292485,549.7413279880066,38.24235387343934,1055.4749002676917,3444.4520705886116,3041.457130428496,759.9394619496663,198.97320985000115,110.05783213706243,614.5467839377267,50.88443983759199,1055.4749002676917,3444.4520705886116,3041.457130428496,759.9394619496663,198.97320985000115,110.05783213706243,614.5467839377267,50.88443983759199
2026-01-28 05:00:00+00:00,2782.44,3764.3,7386.43,788.1,23.7,96.85,746.33,41.61,2777.732132039533,3783.6734887671846,6388.306206664969,803.0405197593774,6.448515320376174,102.08204631867395,527.3690113808713,40.05822132845766,1055.4749002676917,3444.4520705886116,3041.457130428496,759.9394619496663,198.97320985000115,110.05783213706243,614.5467839377267,50.88443983759199,1055.4749002676917,3444.4520705886116,3041.457130428496,759.9394619496663,198.97320985000115,110.05783213706243,614.5467839377267,50.88443983759199
2026-01-28 06:00:00+00:00,2898.04,4113.54,7837.0,790.66,298.35,97.1,738.08,41.61,2864.443342419798,4084.443460800326,6786.386250645821,824.5902830299569,194.11452829244487,100.18860745066928,541.9539649539622,43.18624587608252,1055.4749002676917,3444.4520705886116,3041.457130428496,759.9394619496663,198.97320985000115,110.05783213706243,614.5467839377267,50.88443983759199,1055.4749002676917,3444.4520705886116,3041.457130428496,759.9394619496663,198.97320985000115,110.05783213706243,614.5467839377267,50.88443983759199
2026-01-28 07:00:00+00:00,2934.65,4173.32,7922.5,792.09,961.82996,97.41,722.12,41.61,2930.3035813698093,3967.9605233401035,6415.720371582933,861.8201464128347,400.83408116103857,88.67635342567921,576.358641179447,46.68024291376606,1055.4749002676917,3444.4520705886116,3041.457130428496,759.9394619496663,198.97320985000115,110.05783213706243,614.5467839377267,50.88443983759199,1055.4749002676917,3444.4520705886116,3041.457130428496,759.9394619496663,198.97320985000115,110.05783213706243,614.5467839377267,50.88443983759199
2026-01-28 08:00:00+00:00,2982.97,4176.52,7811.91,792.09,1164.56,97.45,752.82,41.61,2816.4927753740303,3963.6349855519807,6155.341832129308,842.8357345270191,428.6435427616666,88.53322556225294,578.8477088474996,45.96870058655282,1055.4749002676917,3444.4520705886116,3041.457130428496,759.9394619496663,198.97320985000115,110.05783213706243,614.5467839377267,50.88443983759199,1055.4749002676917,3444.4520705886116,3041.457130428496,759.9394619496663,198.97320985000115,110.05783213706243,614.5467839377267,50.88443983759199
2026-01-28 09:00:00+00:00,3041.87,4181.6,7929.28,791.79,565.55,97.57,902.86,41.61,2737.6798916238104,3808.6217465842474,6424.958716823432,810.9749220983392,287.1581899332111,88.76348782282183,542.803312794584,46.12289895688893,1055.4749002676917,3444.4520705886116,3041.457130428496,759.9394619496663,198.97320985000115,110.05783213706243,614.5467839377267,50.88443983759199,1055.4749002676917,3444.4520705886116,3041.457130428496,759.9394619496663,198.97320985000115,110.05783213706243,614.5467839377267,50.88443983759199
2026-01-28 10:00:00+00:00,3044.78,4179.85,7752.91,791.88,82.40001,89.07,872.54,41.61,2961.20382416145,3965.1709000831124,6383.003464362744,793.2437895297578,109.40039814278036,87.24947283787355,524.2812787411153,44.84251350017287,1055.4749002676917,3444.4520705886116,3041.457130428496,759.9394619496663,198.97320985000115,110.05783213706243,614.5467839377267,50.88443983759199,1055.4749002676917,3444.4520705886116,3041.457130428496,759.9394619496663,198.97320985000115,110.05783213706243,614.5467839377267,50.88443983759199
2026-01-28 11:00:00+00:00,3025.06,4178.81,7848.66,791.88,424.73,89.15,880.74,41.61,2954.7568818796503,3828.912452492309,6911.137109458186,804.8579356232051,70.93601335749341,84.20284524823705,535.44971851731,47.041290609364246,1055.4749002676917,3444.4520705886116,3041.457130428496,759.9394619496663,198.97320985000115,110.05783213706243,614.5467839377267,50.88443983759199,1055.4749002676917,3444.4520705886116,3041.457130428496,759.9394619496663,198.97320985000115,110.05783213706243,614.5467839377267,50.88443983759199
2026-01-28 12:00:00+00:00,2987.5103,4107.34,7771.83,791.88,304.6,89.45,864.46,41.61,2701.703732284336,3925.234087210649,6809.22731900582,797.588399406457,58.89376398398986,86.16242603972098,516.5100415466704,47.2951850193924,1055.4749002676917,3444.4520705886116,3041.457130428496,759.9394619496663,198.97320985000115,110.05783213706243,614.5467839377267,50.88443983759199,1055.4749002676917,3444.4520705886116,3041.457130428496,759.9394619496663,198.97320985000115,110.05783213706243,614.5467839377267,50.88443983759199
2026-01-28 13:00:00+00:00,3064.88,3735.04,7848.34,791.88,506.615,90.6,796.99,41.61,2894.8674257079692,4179.359116320243,6768.108712138396,816.9220522792899,236.9433244049191,87.83634676916097,571.2477759976351,44.68380562909283,1055.4749002676917,3444.4520705886116,3041.457130428496,759.9394619496663,198.97320985000115,110.05783213706243,614.5467839377267,50.88443983759199,1055.4749002676917,3444.4520705886116,3041.457130428496,759.9394619496663,198.97320985000115,110.05783213706243,614.5467839377267,50.88443983759199
2026-01-28 14:00:00+00:00,3053.31,3764.32,7688.87,791.88,708.63,99.07,760.71,41.61,2813.719653019133,4107.512222038418,6745.979070073446,819.9976060482987,369.0231726065004,88.99426740919748,533.8257632565939,44.76606290666699,1055.4749002676917,3444.4520705886116,3041.457130428496,759.9394619496663,198.97320985000115,110.05783213706243,614.5467839377267,50.88443983759199,1055.4749002676917,3444.4520705886116,3041.457130428496,759.9394619496663,198.97320985000115,110.05783213706243,614.5467839377267,50.88443983759199
2026-01-28 15:00:00+00:00,3048.25,4106.02,8003.44,792.28,529.15,99.04,746.42,41.61,2876.067701318011,4100.056370315003,6553.354441038893,839.3728822341761,582.3490429309156,88.57899072101702,569.9950173020884,44.80335068609698,1055.4749002676917,3444.4520705886116,3041.457130428496,759.9394619496663,198.97320985000115,110.05783213706243,614.5467839377267,50.88443983759199,1055.4749002676917,3444.4520705886116,3041.457130428496,759.9394619496663,198.97320985000115,110.05783213706243,614.5467839377267,50.88443983759199
2026-01-28 16:00:00+00:00,3051.23,4174.54,8178.09,793.45,503.53,99.31,750.74,41.61,2995.5557708794877,4536.044752999425,6624.929929486464,789.3092180491439,533.3767633885643,95.89137360588768,573.5168613323132,44.259971532937584,1055.4749002676917,3444.4520705886116,3041.457130428496,759.9394619496663,198.97320985000115,110.05783213706243,614.5467839377267,50.88443983759199,1055.4749002676917,3444.4520705886116,3041.457130428496,759.9394619496663,198.97320985000115,110.05783213706243,614.5467839377267,50.88443983759199
2026-01-28 17:00:00+00:00,2832.59,4186.52,7806.62,794.09,1218.18,99.04,746.29,41.61,2721.3650764670847,4400.743465546835,6723.696320888556,789.4834875000616,319.43886589239844,96.49091322551475,579.741510479158,36.86256898741362,1055.4749002676917,3444.4520705886116,3041.457130428496,759.9394619496663,198.97320985000115,110.05783213706243,614.5467839377267,50.88443983759199,1055.4749002676917,3444.4520705886116,3041.457130428496,759.9394619496663,198.97320985000115,110.05783213706243,614.5467839377267,50.88443983759199
2026-01-28 18:00:00+00:00,2704.78,4183.27,7833.93,794.09,456.61,99.13,771.45,41.61,2689.9737956435956,4183.530181371571,6579.411213271599,796.5774678372335,275.8876074763781,94.4996600021387,586.8563239477469,38.572529550511504,1055.4749002676917,3444.4520705886116,3041.457130428496,759.9394619496663,198.97320985000115,110.05783213706243,614.5467839377267,50.88443983759199,1055.4749002676917,3444.4520705886116,3041.457130428496,759.9394619496663,198.97320985000115,110.05783213706243,614.5467839377267,50.88443983759199
2026-01-28 19:00:00+00:00,2977.13,3788.72,7654.18,794.09,219.9,98.33,764.73,41.61,2698.418691549794,3947.9708113149254,6431.445108503716,805.3862531352804,135.21484399764032,92.55035881065548,546.19196570421,41.85364564841231,1055.4749002676917,3444.4520705886116,3041.457130428496,759.9394619496663,198.97320985000115,110.05783213706243,614.5467839377267,50.88443983759199,1055.4749002676917,3444.4520705886116,3041.457130428496,759.9394619496663,198.97320985000115,110.05783213706243,614.5467839377267,50.88443983759199
2026-01-28 20:00:00+00:00,2843.22,3774.99,7248.54,794.09,34.179996,97.57,745.0,41.61,2395.39935768289,3490.7286835811456,5731.080380222047,799.684706201919,182.18762585583897,92.44595486485905,529.012855739472,39.61178907088477,1055.4749002676917,3444.4520705886116,3041.457130428496,759.9394619496663,198.97320985000115,110.05783213706243,614.5467839377267,50.88443983759199,1055.4749002676917,3444.4520705886116,3041.457130428496,759.9394619496663,198.97320985000115,110.05783213706243,614.5467839377267,50.88443983759199
2026-01-28 21:00:00+00:00,2387.13,3782.26,6940.92,792.79,4.283595e-06,97.65,734.79,43.8,2284.985847679731,3332.270780228853,5404.6589763466145,798.8127838789405,99.83907962757914,88.58732189659297,537.7723115492677,39.69260881606371,1055.4749002676917,3444.4520705886116,3041.457130428496,759.9394619496663,198.97320985000115,110.05783213706243,614.5467839377267,50.88443983759199,1055.4749002676917,3444.4520705886116,3041.457130428496,759.9394619496663,198.97320985000115,110.05783213706243,614.5467839377267,50.88443983759199
2026-01-28 22:00:00+00:00,2281.91,3782.73,6606.52,792.0,22.580006,97.74,680.01,44.53,2119.9814407182685,3327.175731966953,5351.444303419665,796.6432678855049,70.82589168825783,86.99545499632842,546.3775731716545,41.22930154870319,1055.4749002676917,3444.4520705886116,3041.457130428496,759.9394619496663,198.97320985000115,110.05783213706243,614.5467839377267,50.88443983759199,1055.4749002676917,3444.4520705886116,3041.457130428496,759.9394619496663,198.97320985000115,110.05783213706243,614.5467839377267,50.88443983759199
2026-01-28 23:00:00+00:00,2258.47,3783.56,6465.22,787.75,4.283595e-06,97.16,716.02,41.82,1814.515819647038,3111.1994834735806,5363.013644127295,804.6589910624616,66.01537976791326,84.57166632571474,539.4627762028329,38.845098689643926,1055.4749002676917,3444.4520705886116,3041.457130428496,759.9394619496663,198.97320985000115,110.05783213706243,614.5467839377267,50.88443983759199,1055.4749002676917,3444.4520705886116,3041.457130428496,759.9394619496663,198.97320985000115,110.05783213706243,614.5467839377267,50.88443983759199
2026-01-29 00:00:00+00:00,2255.62,3785.59,6489.65,787.98,4.283595e-06,88.45,727.91,41.82,1655.0422261205917,3127.044016589667,5265.737001957513,801.5984295356858,-0.4239930353353998,81.7474733972687,534.7519154484995,39.84893454281028,1055.4749002676917,3444.4520705886116,3041.457130428496,759.9394619496663,198.97320985000115,110.05783213706243,614.5467839377267,50.88443983759199,1055.4749002676917,3444.4520705886116,3041.457130428496,759.9394619496663,198.97320985000115,110.05783213706243,614.5467839377267,50.88443983759199
2026-01-29 01:00:00+00:00,2253.76,3785.27,6451.84,787.69,4.283595e-06,88.37,704.28,41.82,1628.0626819149743,3112.2432724273576,5212.662460672271,795.1512465605449,-3.6934016491086084,81.01150929546141,547.3901724967845,39.081724957215016,1055.4749002676917,3444.4520705886116,3041.457130428496,759.9394619496663,198.97320985000115,110.05783213706243,614.5467839377267,50.88443983759199,1055.4749002676917,3444.4520705886116,3041.457130428496,759.9394619496663,198.97320985000115,110.05783213706243,614.5467839377267,50.88443983759199
2026-01-29 02:00:00+00:00,2253.14,3762.98,6470.87,787.69,4.283595e-06,87.26,704.08,41.82,1721.904688631736,3152.699250747117,5461.337975602889,787.1801672365071,-14.33419372977204,81.42204558671375,548.1938669671445,38.081911556530144,1055.4749002676917,3444.4520705886116,3041.457130428496,759.9394619496663,198.97320985000115,110.05783213706243,614.5467839377267,50.88443983759199,1055.4749002676917,3444.4520705886116,3041.457130428496,759.9394619496663,198.97320985000115,110.05783213706243,614.5467839377267,50.88443983759199
2026-01-29 03:00:00+00:00,2243.85,3787.18,6502.7,787.69,4.283595e-06,87.24,722.23,41.82,2127.209068980158,3127.7305410458384,5489.41563481849,795.0138342757833,-17.974052002485394,80.34831573155964,542.379961935445,39.743273953171645,1055.4749002676917,3444.4520705886116,3041.457130428496,759.9394619496663,198.97320985000115,110.05783213706243,614.5467839377267,50.88443983759199,1055.4749002676917,3444.4520705886116,3041.457130428496,759.9394619496663,198.97320985000115,110.05783213706243,614.5467839377267,50.88443983759199
2026-01-29 04:00:00+00:00,2325.41,3790.05,6541.79,787.69,4.283595e-06,88.54,700.36,41.82,2282.5951636483787,3266.4005065811843,5550.797719766477,798.4152645102367,-13.412288985218993,83.1042514858257,538.7873184807673,38.59437746793412,1055.4749002676917,3444.4520705886116,3041.457130428496,759.9394619496663,198.97320985000115,110.05783213706243,614.5467839377267,50.88443983759199,1055.4749002676917,3444.4520705886116,3041.457130428496,759.9394619496663,198.97320985000115,110.05783213706243,614.5467839377267,50.88443983759199
2026-01-29 05:00:00+00:00,2503.1,3780.55,7101.53,789.1,4.0000043,96.85,730.87,41.82,2414.609889889274,3965.8968737693126,6335.426125880403,798.7169832121346,30.321845789844105,93.4479496308166,529.9028415692369,40.071256722868846,1055.4749002676917,3444.4520705886116,3041.457130428496,759.9394619496663,198.97320985000115,110.05783213706243,614.5467839377267,50.88443983759199,1055.4749002676917,3444.4520705886116,3041.457130428496,759.9394619496663,198.97320985000115,110.05783213706243,614.5467839377267,50.88443983759199
2026-01-29 06:00:00+00:00,3026.75,4076.44,7851.07,791.66,249.85,97.38,693.68,41.82,2278.833269009583,4329.244716695695,6826.75242255169,813.1167135541109,174.30928687612743,94.95911202112794,564.6937277462539,39.33227823937018,1055.4749002676917,3444.4520705886116,3041.457130428496,759.9394619496663,198.97320985000115,110.05783213706243,614.5467839377267,50.88443983759199,1055.4749002676917,3444.4520705886116,3041.457130428496,759.9394619496663,198.97320985000115,110.05783213706243,614.5467839377267,50.88443983759199
2026-01-29 07:00:00+00:00,3176.82,4190.74,8301.9,793.09,1224.43,97.45,724.22,41.82,2209.4051596628237,4275.244934213091,6992.835505942196,833.5861196713576,383.1411406673691,89.80987860279402,585.756871595243,47.58594170849431,1055.4749002676917,3444.4520705886116,3041.457130428496,759.9394619496663,198.97320985000115,110.05783213706243,614.5467839377267,50.88443983759199,1055.4749002676917,3444.4520705886116,3041.457130428496,759.9394619496663,198.97320985000115,110.05783213706243,614.5467839377267,50.88443983759199
2026-01-29 08:00:00+00:00,3410.28,4188.29,8323.12,793.09,1142.1101,97.5,791.74,38.95,2060.0658003392878,4170.370060158659,7014.460107923526,811.0825278519717,350.71129644054486,92.04513166406113,574.6906833587491,46.60672931359541,1055.4749002676917,3444.4520705886116,3041.457130428496,759.9394619496663,198.97320985000115,110.05783213706243,614.5467839377267,50.88443983759199,1055.4749002676917,3444.4520705886116,3041.457130428496,759.9394619496663,198.97320985000115,110.05783213706243,614.5467839377267,50.88443983759199
2026-01-29 09:00:00+00:00,3407.496,4139.17,8415.05,792.51,1059.79,97.42,798.95,38.0,2081.5320090367104,4366.229214411676,6767.541844981792,801.7763167597412,477.88867628616583,90.40158203992482,572.2150189273499,46.82030893148996,1055.4749002676917,3444.4520705886116,3041.457130428496,759.9394619496663,198.97320985000115,110.05783213706243,614.5467839377267,50.88443983759199,1055.4749002676917,3444.4520705886116,3041.457130428496,759.9394619496663,198.97320985000115,110.05783213706243,614.5467839377267,50.88443983759199
2026-01-29 10:00:00+00:00,3404.712,3739.3,8528.69,792.51,727.54,98.19,796.75,38.0,2059.8151610050736,4438.493466665353,6639.024594397233,803.3578523080736,280.14964448628433,89.41175571612797,564.2098839027748,46.551631623937766,1055.4749002676917,3444.4520705886116,3041.457130428496,759.9394619496663,198.97320985000115,110.05783213706243,614.5467839377267,50.88443983759199,1055.4749002676917,3444.4520705886116,3041.457130428496,759.9394619496663,198.97320985000115,110.05783213706243,614.5467839377267,50.88443983759199
2026-01-29 11:00:00+00:00,3401.928,3706.47,8357.02,792.51,42.929996,99.03,863.63,38.0,2111.004667699981,4419.2042679358765,6616.023788340748,813.0796279891204,276.96903700264284,89.43713311708265,584.102342329825,47.44763439259312,1055.4749002676917,3444.4520705886116,3041.457130428496,759.9394619496663,198.97320985000115,110.05783213706243,614.5467839377267,50.88443983759199,1055.4749002676917,3444.4520705886116,3041.457130428496,759.9394619496663,198.97320985000115,110.05783213706243,614.5467839377267,50.88443983759199
2026-01-29 12:00:00+00:00,3399.144,3967.56,8518.96,792.51,85.81,98.97,889.65,38.0,2276.6048452704426,4314.059442059374,6455.98847436435,825.8632264841495,273.6001465449206,89.55160051599374,569.2838466410251,49.03243820706529,1055.4749002676917,3444.4520705886116,3041.457130428496,759.9394619496663,198.97320985000115,110.05783213706243,614.5467839377267,50.88443983759199,1055.4749002676917,3444.4520705886116,3041.457130428496,759.9394619496663,198.97320985000115,110.05783213706243,614.5467839377267,50.88443983759199
2026-01-29 13:00:00+00:00,3396.3599,4099.76,8518.32,792.51,712.58,99.03,914.13,40.93,2266.690145538095,4353.747111207153,6368.094242681989,825.7282034439659,265.48836349998396,88.99232142656712,570.3196716804842,49.2696056429539,1055.4749002676917,3444.4520705886116,3041.457130428496,759.9394619496663,198.97320985000115,110.05783213706243,614.5467839377267,50.88443983759199,1055.4749002676917,3444.4520705886116,3041.457130428496,759.9394619496663,198.97320985000115,110.05783213706243,614.5467839377267,50.88443983759199
2026-01-29 14:00:00+00:00,3393.576,4302.31,8540.0,792.51,34.470005,99.03,874.9067,41.91,2346.2124320476887,4422.663293936444,6402.99857167378,844.5216984495237,318.85289651934636,87.4735220868537,579.5335393760861,49.34816368047746,1055.4749002676917,3444.4520705886116,3041.457130428496,759.9394619496663,198.97320985000115,110.05783213706243,614.5467839377267,50.88443983759199,1055.4749002676917,3444.4520705886116,3041.457130428496,759.9394619496663,198.97320985000115,110.05783213706243,614.5467839377267,50.88443983759199
2026-01-29 15:00:00+00:00,3390.792,4341.19,8411.42,792.91,59.970005,98.96,835.68335,41.91,2360.1615469908165,4500.648904444612,6457.362547227917,872.8951841576479,317.16281223813144,90.75133091311369,566.4179699596168,48.31360809835943,1055.4749002676917,3444.4520705886116,3041.457130428496,759.9394619496663,198.97320985000115,110.05783213706243,614.5467839377267,50.88443983759199,1055.4749002676917,3444.4520705886116,3041.457130428496,759.9394619496663,198.97320985000115,110.05783213706243,614.5467839377267,50.88443983759199
2026-01-29 16:00:00+00:00,3388.008,4345.73,8396.63,794.08,600.07,99.41,796.46,41.91,2096.026377686141,4795.675144367355,6470.202705569722,862.0834202615936,376.2150016051231,93.52502698404987,559.9735747239013,48.91771427983086,1055.4749002676917,3444.4520705886116,3041.457130428496,759.9394619496663,198.97320985000115,110.05783213706243,614.5467839377267,50.88443983759199,1055.4749002676917,3444.4520705886116,3041.457130428496,759.9394619496663,198.97320985000115,110.05783213706243,614.5467839377267,50.88443983759199
2026-01-29 17:00:00+00:00,3385.2239,4295.28,8498.5,794.72,917.37,98.96,756.41,41.91,2179.4055643823276,4901.026472478341,6692.345409381229,796.1982428833269,114.0538001425113,105.27509437442825,556.5937038169027,41.05071893220962,1055.4749002676917,3444.4520705886116,3041.457130428496,759.9394619496663,198.97320985000115,110.05783213706243,614.5467839377267,50.88443983759199,1055.4749002676917,3444.4520705886116,3041.457130428496,759.9394619496663,198.97320985000115,110.05783213706243,614.5467839377267,50.88443983759199
2026-01-29 18:00:00+00:00,3382.44,4154.53,8421.88,794.72,419.97,99.07,721.97,41.91,2238.6685671482396,4703.709875364641,6989.670309323235,795.1083675199718,48.65862194465936,103.4166834592078,557.8040752153198,41.342966769020066,1055.4749002676917,3444.4520705886116,3041.457130428496,759.9394619496663,198.97320985000115,110.05783213706243,614.5467839377267,50.88443983759199,1055.4749002676917,3444.4520705886116,3041.457130428496,759.9394619496663,198.97320985000115,110.05783213706243,614.5467839377267,50.88443983759199
2026-01-29 19:00:00+00:00,3180.42,3835.82,8250.32,794.72,58.970005,99.26,644.13,41.91,2317.8960223061,4482.690079602062,7049.950197115397,802.2762975381598,-34.890822587148165,103.70177146254585,555.2637519022417,43.44767964930188,1055.4749002676917,3444.4520705886116,3041.457130428496,759.9394619496663,198.97320985000115,110.05783213706243,614.5467839377267,50.88443983759199,1055.4749002676917,3444.4520705886116,3041.457130428496,759.9394619496663,198.97320985000115,110.05783213706243,614.5467839377267,50.88443983759199
2026-01-29 20:00:00+00:00,2985.66,3501.06,7508.07,794.72,34.470005,99.69,630.57,41.91,2386.4768975743173,4124.160526086262,6708.961809825711,806.7984134114646,53.362854118485274,100.30137819900762,516.1914136502294,40.979898280211344,1055.4749002676917,3444.4520705886116,3041.457130428496,759.9394619496663,198.97320985000115,110.05783213706243,614.5467839377267,50.88443983759199,1055.4749002676917,3444.4520705886116,3041.457130428496,759.9394619496663,198.97320985000115,110.05783213706243,614.5467839377267,50.88443983759199
2026-01-29 21:00:00+00:00,2699.78,3322.77,6744.38,793.42,34.470005,99.77,639.3,41.91,2379.755218557333,4129.486786189997,6044.336912098438,797.3001754856414,-0.17897149210858743,98.55590886246685,545.6302031698067,40.4792850834006,1055.4749002676917,3444.4520705886116,3041.457130428496,759.9394619496663,198.97320985000115,110.05783213706243,614.5467839377267,50.88443983759199,1055.4749002676917,3444.4520705886116,3041.457130428496,759.9394619496663,198.97320985000115,110.05783213706243,614.5467839377267,50.88443983759199
2026-01-29 22:00:00+00:00,2574.34,3330.21,5856.02,792.63,16.599995,98.51,622.11,41.91,2391.8436883372806,3957.5075403284463,5617.706363063095,785.7046658708485,5.664770320935133,96.49831678592673,539.2477014495471,40.97963087899528,1055.4749002676917,3444.4520705886116,3041.457130428496,759.9394619496663,198.97320985000115,110.05783213706243,614.5467839377267,50.88443983759199,1055.4749002676917,3444.4520705886116,3041.457130428496,759.9394619496663,198.97320985000115,110.05783213706243,614.5467839377267,50.88443983759199
2026-01-29 23:00:00+00:00,2294.3,3575.39,5165.24,788.38,4.283595e-06,89.77,641.9,42.45,2510.524222669649,3566.997811887072,5529.108830514762,794.086421152888,15.92523170505467,92.96309755057536,560.1614627641014,39.52462576530194,1055.4749002676917,3444.4520705886116,3041.457130428496,759.9394619496663,198.97320985000115,110.05783213706243,614.5467839377267,50.88443983759199,1055.4749002676917,3444.4520705886116,3041.457130428496,759.9394619496663,198.97320985000115,110.05783213706243,614.5467839377267,50.88443983759199
2026-01-30 00:00:00+00:00,2295.22,3930.05,5081.43,789.86,4.283595e-06,89.86,621.21,42.45,2384.322052524123,3325.7800945871795,5370.517580128734,796.1386020757983,14.5931314706651,87.48644590446037,630.0668833018007,39.49413563848142,1055.4749002676917,3444.4520705886116,3041.457130428496,759.9394619496663,198.97320985000115,110.05783213706243,614.5467839377267,50.88443983759199,1055.4749002676917,3444.4520705886116,3041.457130428496,759.9394619496663,198.97320985000115,110.05783213706243,614.5467839377267,50.88443983759199
2026-01-30 01:00:00+00:00,2302.56,4156.05,4999.85,789.58,4.283595e-06,90.13,597.74,42.45,2310.458167713513,3415.8303819790594,5406.883146074943,784.4532192379835,29.71404127578245,87.72910335676373,624.036586198962,38.92637354354642,1055.4749002676917,3444.4520705886116,3041.457130428496,759.9394619496663,198.97320985000115,110.05783213706243,614.5467839377267,50.88443983759199,1055.4749002676917,3444.4520705886116,3041.457130428496,759.9394619496663,198.97320985000115,110.05783213706243,614.5467839377267,50.88443983759199
2026-01-30 02:00:00+00:00,2299.33,4379.67,4870.96,789.58,4.283595e-06,90.19,584.65,42.45,2219.476692703848,3237.7478482150145,5345.219928753037,783.8958134786963,-2.9058431259743145,88.16145488034853,622.8438367188128,38.81414191378903,1055.4749002676917,3444.4520705886116,3041.457130428496,759.9394619496663,198.97320985000115,110.05783213706243,614.5467839377267,50.88443983759199,1055.4749002676917,3444.4520705886116,3041.457130428496,759.9394619496663,198.97320985000115,110.05783213706243,614.5467839377267,50.88443983759199
2026-01-30 03:00:00+00:00,2269.04,4401.59,5156.44,789.58,4.283595e-06,89.63,600.07,42.45,2356.6633027021335,3288.1028757437252,5334.054877969516,791.1700464081633,19.67815788373173,88.18606692994521,633.3438844546262,38.38507337885697,1055.4749002676917,3444.4520705886116,3041.457130428496,759.9394619496663,198.97320985000115,110.05783213706243,614.5467839377267,50.88443983759199,1055.4749002676917,3444.4520705886116,3041.457130428496,759.9394619496663,198.97320985000115,110.05783213706243,614.5467839377267,50.88443983759199
2026-01-30 04:00:00+00:00,2420.57,4170.29,5966.88,789.58,4.283595e-06,97.94,594.13,42.45,2382.942934837045,3630.339988464917,5493.846690969514,795.8071266642368,4.117280766043336,94.18629438616641,626.3668286822021,38.29264997450876,1055.4749002676917,3444.4520705886116,3041.457130428496,759.9394619496663,198.97320985000115,110.05783213706243,614.5467839377267,50.88443983759199,1055.4749002676917,3444.4520705886116,3041.457130428496,759.9394619496663,198.97320985000115,110.05783213706243,614.5467839377267,50.88443983759199
2026-01-30 05:00:00+00:00,2207.21,3799.33,6895.71,790.99,127.66,97.51,599.99,42.45,2556.5235431974265,3925.22850020005,6215.384679868348,804.4387947683732,47.53207544117933,96.25214818158034,617.1352873480039,40.46317532431737,1055.4749002676917,3444.4520705886116,3041.457130428496,759.9394619496663,198.97320985000115,110.05783213706243,614.5467839377267,50.88443983759199,1055.4749002676917,3444.4520705886116,3041.457130428496,759.9394619496663,198.97320985000115,110.05783213706243,614.5467839377267,50.88443983759199
2026-01-30 06:00:00+00:00,2198.31,3809.84,7062.84,793.54,638.1,97.6,599.67,42.45,2119.7282803529442,4094.2795518441535,6716.248119427917,821.967416910064,290.71391557061594,97.86127880480079,620.172971822262,42.90041268385595,1055.4749002676917,3444.4520705886116,3041.457130428496,759.9394619496663,198.97320985000115,110.05783213706243,614.5467839377267,50.88443983759199,1055.4749002676917,3444.4520705886116,3041.457130428496,759.9394619496663,198.97320985000115,110.05783213706243,614.5467839377267,50.88443983759199
2026-01-30 07:00:00+00:00,2214.78,3717.31,7100.1807,795.72,1083.84,98.13,596.37,42.45,2417.5037247083555,4118.953052450027,6712.734682111306,850.8552732965858,621.0695032519365,90.57868802085042,646.1004811728792,46.06883682728901,1055.4749002676917,3444.4520705886116,3041.457130428496,759.9394619496663,198.97320985000115,110.05783213706243,614.5467839377267,50.88443983759199,1055.4749002676917,3444.4520705886116,3041.457130428496,759.9394619496663,198.97320985000115,110.05783213706243,614.5467839377267,50.88443983759199
2026-01-30 08:00:00+00:00,2307.39,3520.86,7192.48,795.72,1131.15,98.26,599.12,42.45,2834.882822883418,4267.685362395358,6621.73355540887,838.39753868236,496.33063139572926,93.60263853033005,626.8763283862828,45.32535434110572,1055.4749002676917,3444.4520705886116,3041.457130428496,759.9394619496663,198.97320985000115,110.05783213706243,614.5467839377267,50.88443983759199,1055.4749002676917,3444.4520705886116,3041.457130428496,759.9394619496663,198.97320985000115,110.05783213706243,614.5467839377267,50.88443983759199
2026-01-30 09:00:00+00:00,2320.77,3677.7,7076.16,795.14,302.41,98.05,596.47,42.45,2723.3788434723383,4210.914473700072,6625.210015064098,815.8348026079934,98.68005528615431,96.51697332279103,628.5614485940521,46.4691591988357,1055.4749002676917,3444.4520705886116,3041.457130428496,759.9394619496663,198.97320985000115,110.05783213706243,614.5467839377267,50.88443983759199,1055.4749002676917,3444.4520705886116,3041.457130428496,759.9394619496663,198.97320985000115,110.05783213706243,614.5467839377267,50.88443983759199
2026-01-30 10:00:00+00:00,2323.72,3679.16,6845.24,795.14,47.399998,98.27,595.61,42.45,2679.1715576613983,4054.710787501597,6309.89148054099,803.2337122013581,53.64649616853677,95.95345104701921,591.9337195704043,46.53936668112636,1055.4749002676917,3444.4520705886116,3041.457130428496,759.9394619496663,198.97320985000115,110.05783213706243,614.5467839377267,50.88443983759199,1055.4749002676917,3444.4520705886116,3041.457130428496,759.9394619496663,198.97320985000115,110.05783213706243,614.5467839377267,50.88443983759199
2026-01-30 11:00:00+00:00,2330.53,3677.66,6382.17,795.14,4.283595e-06,98.22,593.16,39.69,2687.8428586468744,3995.905567465679,5720.735454591291,803.9215910591549,95.4284637558708,94.59922988869242,580.1894159745606,45.496965222461675,1055.4749002676917,3444.4520705886116,3041.457130428496,759.9394619496663,198.97320985000115,110.05783213706243,614.5467839377267,50.88443983759199,1055.4749002676917,3444.4520705886116,3041.457130428496,759.9394619496663,198.97320985000115,110.05783213706243,614.5467839377267,50.88443983759199
2026-01-30 12:00:00+00:00,2434.0,3673.93,6313.94,795.04,4.283595e-06,97.43,611.48,38.77,2554.0997308569076,3977.2653728320993,5734.203727535805,804.3815783308963,37.97587935163273,96.42683639553418,573.519251233997,46.21145986795609,1055.4749002676917,3444.4520705886116,3041.457130428496,759.9394619496663,198.97320985000115,110.05783213706243,614.5467839377267,50.88443983759199,1055.4749002676917,3444.4520705886116,3041.457130428496,759.9394619496663,198.97320985000115,110.05783213706243,614.5467839377267,50.88443983759199
2026-01-30 13:00:00+00:00,2465.4,3670.72,6261.39,794.77,4.283595e-06,97.43,616.19,38.77,2283.8327135587188,3669.3643988357753,5791.692364748838,803.9513613932905,26.07081058986111,89.56967336773292,573.7744588543195,46.87605647073821,1055.4749002676917,3444.4520705886116,3041.457130428496,759.9394619496663,198.97320985000115,110.05783213706243,614.5467839377267,50.88443983759199,1055.4749002676917,3444.4520705886116,3041.457130428496,759.9394619496663,198.97320985000115,110.05783213706243,614.5467839377267,50.88443983759199
2026-01-30 14:00:00+00:00,2538.97,3577.25,6399.87,794.77,4.283595e-06,97.43,615.73,38.77,2254.7877180130404,3851.076205024555,5950.318947982301,816.5646488395495,90.72168207848982,92.58192011101055,565.2229778229943,47.3927704666175,1055.4749002676917,3444.4520705886116,3041.457130428496,759.9394619496663,198.97320985000115,110.05783213706243,614.5467839377267,50.88443983759199,1055.4749002676917,3444.4520705886116,3041.457130428496,759.9394619496663,198.97320985000115,110.05783213706243,614.5467839377267,50.88443983759199
2026-01-30 15:00:00+00:00,2847.83,3481.64,6448.36,795.16,4.283595e-06,97.43,600.99,42.19,2342.1785760782896,4008.4825421379833,6177.463546916457,867.2406388634508,363.1575797633478,92.295076460663,588.177683276629,48.22381291441673,1055.4749002676917,3444.4520705886116,3041.457130428496,759.9394619496663,198.97320985000115,110.05783213706243,614.5467839377267,50.88443983759199,1055.4749002676917,3444.4520705886116,3041.457130428496,759.9394619496663,198.97320985000115,110.05783213706243,614.5467839377267,50.88443983759199
2026-01-30 16:00:00+00:00,2753.69,3479.11,6718.97,795.88,4.283595e-06,97.98,598.61,43.34,2809.0658613099113,3896.3576918922486,6125.072923575817,904.7236441945481,408.0477185472166,96.85123345896511,602.9901106223208,48.727732519834404,1055.4749002676917,3444.4520705886116,3041.457130428496,759.9394619496663,198.97320985000115,110.05783213706243,614.5467839377267,50.88443983759199,1055.4749002676917,3444.4520705886116,3041.457130428496,759.9394619496663,198.97320985000115,110.05783213706243,614.5467839377267,50.88443983759199
2026-01-30 17:00:00+00:00,2816.21,3455.73,7064.28,796.52,4.283595e-06,97.43,587.32,43.34,2858.0868165822685,4320.440875546107,6601.850052151927,806.809040926876,355.64263458222354,101.97503632784608,597.342748966069,39.618038535721794,1055.4749002676917,3444.4520705886116,3041.457130428496,759.9394619496663,198.97320985000115,110.05783213706243,614.5467839377267,50.88443983759199,1055.4749002676917,3444.4520705886116,3041.457130428496,759.9394619496663,198.97320985000115,110.05783213706243,614.5467839377267,50.88443983759199
2026-01-30 18:00:00+00:00,2702.41,3287.74,7015.73,796.52,4.283595e-06,97.57,617.0,42.53,2539.982410370807,4168.268885360707,6210.751944907162,793.7996751093716,69.69978353692227,96.78327791930263,615.5862382733326,39.73188205197877,1055.4749002676917,3444.4520705886116,3041.457130428496,759.9394619496663,198.97320985000115,110.05783213706243,614.5467839377267,50.88443983759199,1055.4749002676917,3444.4520705886116,3041.457130428496,759.9394619496663,198.97320985000115,110.05783213706243,614.5467839377267,50.88443983759199
2026-01-30 19:00:00+00:00,2339.79,3303.33,6581.36,796.52,4.283595e-06,97.44,611.83,40.13,2512.1528437480606,3642.203293542416,5436.133695697159,801.2136462001282,56.4079244027194,94.41412844670381,612.2977673177655,39.51564863690974,1055.4749002676917,3444.4520705886116,3041.457130428496,759.9394619496663,198.97320985000115,110.05783213706243,614.5467839377267,50.88443983759199,1055.4749002676917,3444.4520705886116,3041.457130428496,759.9394619496663,198.97320985000115,110.05783213706243,614.5467839377267,50.88443983759199
2026-01-30 20:00:00+00:00,2302.79,3468.77,5682.78,796.52,0.080006115,97.3,633.11,40.13,2462.675799551085,3204.0412849957784,5207.816747389183,805.1772513951296,27.855328071357803,89.75197697110161,597.6699989677595,39.590624596449544,1055.4749002676917,3444.4520705886116,3041.457130428496,759.9394619496663,198.97320985000115,110.05783213706243,614.5467839377267,50.88443983759199,1055.4749002676917,3444.4520705886116,3041.457130428496,759.9394619496663,198.97320985000115,110.05783213706243,614.5467839377267,50.88443983759199
2026-01-30 21:00:00+00:00,2198.2,3485.19,5346.42,795.22,14.539997,97.22,556.48,40.13,1987.2767221439499,3437.3266904446823,4691.3054978769605,796.0343265560806,-16.219959502126613,91.02917508136593,600.4876615375466,40.28493830698492,1055.4749002676917,3444.4520705886116,3041.457130428496,759.9394619496663,198.97320985000115,110.05783213706243,614.5467839377267,50.88443983759199,1055.4749002676917,3444.4520705886116,3041.457130428496,759.9394619496663,198.97320985000115,110.05783213706243,614.5467839377267,50.88443983759199
2026-01-30 22:00:00+00:00,2268.3,3482.27,4587.72,794.43,25.239994,96.97,530.75,40.13,1798.5729173940044,2899.15495500246,4491.555995996553,787.7813863600428,-24.959052575067233,98.54197366691291,596.6881715590785,40.57891929344872,1055.4749002676917,3444.4520705886116,3041.457130428496,759.9394619496663,198.97320985000115,110.05783213706243,614.5467839377267,50.88443983759199,1055.4749002676917,3444.4520705886116,3041.457130428496,759.9394619496663,198.97320985000115,110.05783213706243,614.5467839377267,50.88443983759199
2026-01-30 23:00:00+00:00,1770.89,3568.24,4302.34,789.89,11.849995,87.49,627.35,41.63,1377.920516037731,2824.1190432185977,3938.5301790308235,793.2506902507677,1.400206596120654,95.78574075940413,614.4754999542515,41.802845168221985,1055.4749002676917,3444.4520705886116,3041.457130428496,759.9394619496663,198.97320985000115,110.05783213706243,614.5467839377267,50.88443983759199,1055.4749002676917,3444.4520705886116,3041.457130428496,759.9394619496663,198.97320985000115,110.05783213706243,614.5467839377267,50.88443983759199
2026-01-31 00:00:00+00:00,1726.37,3566.36,4133.0,789.49,4.283595e-06,86.25,670.65,41.63,1282.6389313326006,2876.032337620831,3844.4802197869317,793.9445198376676,-6.801262036120647,94.90486189010946,592.810136409611,41.02900004376275,1055.4749002676917,3444.4520705886116,3041.457130428496,759.9394619496663,198.97320985000115,110.05783213706243,614.5467839377267,50.88443983759199,1055.4749002676917,3444.4520705886116,3041.457130428496,759.9394619496663,198.97320985000115,110.05783213706243,614.5467839377267,50.88443983759199
2026-01-31 01:00:00+00:00,1778.3,3603.2,3686.2,789.21,4.283595e-06,86.34,652.62,41.63,1121.4661775295754,2672.30529322027,3504.295936554832,793.4378422250173,16.37487028336784,88.78905864208234,603.3751320365975,39.8283729454669,1055.4749002676917,3444.4520705886116,3041.457130428496,759.9394619496663,198.97320985000115,110.05783213706243,614.5467839377267,50.88443983759199,1055.4749002676917,3444.4520705886116,3041.457130428496,759.9394619496663,198.97320985000115,110.05783213706243,614.5467839377267,50.88443983759199
2026-01-31 02:00:00+00:00,1729.55,3476.56,3725.95,789.21,4.283595e-06,86.28,666.68,41.63,930.4374218089143,2738.4427722479923,2916.2723154658165,793.897947801606,16.37487028336784,89.52889062479964,607.4225007919559,40.31276677277942,1055.4749002676917,3444.4520705886116,3041.457130428496,759.9394619496663,198.97320985000115,110.05783213706243,614.5467839377267,50.88443983759199,1055.4749002676917,3444.4520705886116,3041.457130428496,759.9394619496663,198.97320985000115,110.05783213706243,614.5467839377267,50.88443983759199
2026-01-31 03:00:00+00:00,1787.08,3271.36,3595.2,789.21,4.283595e-06,86.3,644.98,41.63,1053.9087264906145,2664.4284090107994,3047.565502497242,791.3749669655924,16.37487028336784,92.91982689741866,595.0611362569191,40.34179730560305,1055.4749002676917,3444.4520705886116,3041.457130428496,759.9394619496663,198.97320985000115,110.05783213706243,614.5467839377267,50.88443983759199,1055.4749002676917,3444.4520705886116,3041.457130428496,759.9394619496663,198.97320985000115,110.05783213706243,614.5467839377267,50.88443983759199
2026-01-31 04:00:00+00:00,2049.15,3253.91,3565.57,789.21,4.283595e-06,94.84,673.11,44.1,1124.1770417933835,2698.390758468774,3179.704468741254,788.0209707003733,14.37569493218001,89.23816791593535,597.4904051229859,40.43039732140237,1055.4749002676917,3444.4520705886116,3041.457130428496,759.9394619496663,198.97320985000115,110.05783213706243,614.5467839377267,50.88443983759199,1055.4749002676917,3444.4520705886116,3041.457130428496,759.9394619496663,198.97320985000115,110.05783213706243,614.5467839377267,50.88443983759199
2026-01-31 05:00:00+00:00,1935.53,3221.24,3832.69,790.62,4.283595e-06,95.31,636.57,46.57,1305.8029978795032,2861.7163789814776,3700.6348811235016,798.185266777122,31.74970248402849,85.98474219828114,582.7643315049683,39.61046373196556,1055.4749002676917,3444.4520705886116,3041.457130428496,759.9394619496663,198.97320985000115,110.05783213706243,614.5467839377267,50.88443983759199,1055.4749002676917,3444.4520705886116,3041.457130428496,759.9394619496663,198.97320985000115,110.05783213706243,614.5467839377267,50.88443983759199
2026-01-31 06:00:00+00:00,1994.5698,3222.82,4216.94,793.17,4.283595e-06,95.71,594.43,46.57,1598.9963958780622,3314.570981356773,3771.372593127039,814.4301229671272,12.378036538338478,91.9144006047718,619.308590085126,50.299200884326076,1055.4749002676917,3444.4520705886116,3041.457130428496,759.9394619496663,198.97320985000115,110.05783213706243,614.5467839377267,50.88443983759199,1055.4749002676917,3444.4520705886116,3041.457130428496,759.9394619496663,198.97320985000115,110.05783213706243,614.5467839377267,50.88443983759199
2026-01-31 07:00:00+00:00,1829.47,3207.94,5116.88,795.07,4.283595e-06,96.78,622.45,46.57,1445.4020449297902,3353.8271031261156,3448.8884679218518,838.2019892559956,101.1999055392427,90.63742173940246,609.4885794100273,44.27429488187057,1055.4749002676917,3444.4520705886116,3041.457130428496,759.9394619496663,198.97320985000115,110.05783213706243,614.5467839377267,50.88443983759199,1055.4749002676917,3444.4520705886116,3041.457130428496,759.9394619496663,198.97320985000115,110.05783213706243,614.5467839377267,50.88443983759199
2026-01-31 08:00:00+00:00,1894.71,3207.37,5636.14,794.22,4.283595e-06,96.87,632.97,46.57,1647.5465224168238,3518.5851983121856,3544.0219401181466,833.4054862844937,39.471312994615886,89.99584128236995,603.2833916908396,43.93043457140654,1055.4749002676917,3444.4520705886116,3041.457130428496,759.9394619496663,198.97320985000115,110.05783213706243,614.5467839377267,50.88443983759199,1055.4749002676917,3444.4520705886116,3041.457130428496,759.9394619496663,198.97320985000115,110.05783213706243,614.5467839377267,50.88443983759199
2026-01-31 09:00:00+00:00,1866.8499,3281.44,5908.32,794.77,4.283595e-06,97.18,700.02,46.57,1540.9812550078414,3687.140006045361,3912.492165653385,820.6839195613903,21.715224896353334,90.04454595757494,583.1972240094827,44.078784848761984,1055.4749002676917,3444.4520705886116,3041.457130428496,759.9394619496663,198.97320985000115,110.05783213706243,614.5467839377267,50.88443983759199,1055.4749002676917,3444.4520705886116,3041.457130428496,759.9394619496663,198.97320985000115,110.05783213706243,614.5467839377267,50.88443983759199
2026-01-31 10:00:00+00:00,1861.98,3373.77,6009.74,794.77,4.283595e-06,97.15,667.22,46.57,1567.7298755083102,3520.016843180812,4017.690571547234,804.8552493091295,16.479106371281887,90.72364481180995,602.8290843569279,45.39686368473133,1055.4749002676917,3444.4520705886116,3041.457130428496,759.9394619496663,198.97320985000115,110.05783213706243,614.5467839377267,50.88443983759199,1055.4749002676917,3444.4520705886116,3041.457130428496,759.9394619496663,198.97320985000115,110.05783213706243,614.5467839377267,50.88443983759199
2026-01-31 11:00:00+00:00,1856.66,3402.77,5957.04,794.77,11.849995,88.8,650.01,46.57,1490.5169069748094,3310.9295770541275,3742.180421102522,807.4700157719866,32.85608530113606,93.59350684826005,598.1264938431589,43.92829342816899,1055.4749002676917,3444.4520705886116,3041.457130428496,759.9394619496663,198.97320985000115,110.05783213706243,614.5467839377267,50.88443983759199,1055.4749002676917,3444.4520705886116,3041.457130428496,759.9394619496663,198.97320985000115,110.05783213706243,614.5467839377267,50.88443983759199
2026-01-31 12:00:00+00:00,1853.77,3380.29,5318.26,794.77,4.283595e-06,88.81,638.82,46.57,1904.7253825611915,3330.278310038726,3683.2785212881217,800.6883545927178,19.056758722748782,89.53814760992604,590.206276695753,41.91730088918416,1055.4749002676917,3444.4520705886116,3041.457130428496,759.9394619496663,198.97320985000115,110.05783213706243,614.5467839377267,50.88443983759199,1055.4749002676917,3444.4520705886116,3041.457130428496,759.9394619496663,198.97320985000115,110.05783213706243,614.5467839377267,50.88443983759199
2026-01-31 13:00:00+00:00,1853.97,3338.91,5626.6,794.86,4.283595e-06,89.16,667.03,44.66,1793.4375050015542,3362.771375434898,4306.193072795949,793.065161257561,37.25262244070518,87.79856073125856,595.9263147298404,44.7960788354665,1055.4749002676917,3444.4520705886116,3041.457130428496,759.9394619496663,198.97320985000115,110.05783213706243,614.5467839377267,50.88443983759199,1055.4749002676917,3444.4520705886116,3041.457130428496,759.9394619496663,198.97320985000115,110.05783213706243,614.5467839377267,50.88443983759199
2026-01-31 14:00:00+00:00,2215.72,3481.15,5947.42,795.14,4.283595e-06,97.74,661.39,42.75,1973.3461558559047,3521.016938002878,4817.164840884333,793.2811791831398,49.278758075245435,87.69937877581654,595.6104400737339,45.943957761846036,1055.4749002676917,3444.4520705886116,3041.457130428496,759.9394619496663,198.97320985000115,110.05783213706243,614.5467839377267,50.88443983759199,1055.4749002676917,3444.4520705886116,3041.457130428496,759.9394619496663,198.97320985000115,110.05783213706243,614.5467839377267,50.88443983759199
2026-01-31 15:00:00+00:00,2432.1,3589.16,5951.8,795.53,46.349995,97.6,640.18,42.75,2033.1513707718586,3684.031161294881,4993.576060172027,838.4425559554581,171.0341386199054,91.23862144786294,595.4193127472927,44.85930668348677,1055.4749002676917,3444.4520705886116,3041.457130428496,759.9394619496663,198.97320985000115,110.05783213706243,614.5467839377267,50.88443983759199,1055.4749002676917,3444.4520705886116,3041.457130428496,759.9394619496663,198.97320985000115,110.05783213706243,614.5467839377267,50.88443983759199
2026-01-31 16:00:00+00:00,2406.98,3665.11,5745.26,796.25,213.5,98.03,634.49,42.75,1805.3776853293011,4015.2420628058326,4990.401726400501,845.7958506104119,320.7559844038894,95.52668352505712,602.5778773779424,47.03149571332177,1055.4749002676917,3444.4520705886116,3041.457130428496,759.9394619496663,198.97320985000115,110.05783213706243,614.5467839377267,50.88443983759199,1055.4749002676917,3444.4520705886116,3041.457130428496,759.9394619496663,198.97320985000115,110.05783213706243,614.5467839377267,50.88443983759199
2026-01-31 17:00:00+00:00,2603.42,3671.24,6028.61,796.89,435.35,98.32,613.91,42.75,2405.1558522864198,4464.242726976883,5811.022681505077,790.16091476034,274.95455109485283,110.41648492880864,602.4298993871225,37.79384823038783,1055.4749002676917,3444.4520705886116,3041.457130428496,759.9394619496663,198.97320985000115,110.05783213706243,614.5467839377267,50.88443983759199,1055.4749002676917,3444.4520705886116,3041.457130428496,759.9394619496663,198.97320985000115,110.05783213706243,614.5467839377267,50.88443983759199
2026-01-31 18:00:00+00:00,2491.52,3657.64,6126.7,796.89,164.54,98.1,641.71,42.75,2329.117697960479,4276.645281751518,5427.366084235813,787.2883241093369,217.35966098378495,108.4385235544434,611.8549807493457,40.36470534382261,1055.4749002676917,3444.4520705886116,3041.457130428496,759.9394619496663,198.97320985000115,110.05783213706243,614.5467839377267,50.88443983759199,1055.4749002676917,3444.4520705886116,3041.457130428496,759.9394619496663,198.97320985000115,110.05783213706243,614.5467839377267,50.88443983759199
2026-01-31 19:00:00+00:00,1992.99,3651.5,6253.87,796.89,4.283595e-06,97.56,654.88,42.75,2317.2716606804142,4361.625002067162,5408.017274118897,795.7295725103078,119.47432915231943,107.99347241793706,613.3222166598161,42.00907744320378,1055.4749002676917,3444.4520705886116,3041.457130428496,759.9394619496663,198.97320985000115,110.05783213706243,614.5467839377267,50.88443983759199,1055.4749002676917,3444.4520705886116,3041.457130428496,759.9394619496663,198.97320985000115,110.05783213706243,614.5467839377267,50.88443983759199
2026-01-31 20:00:00+00:00,1890.65,3666.1,5785.02,796.98,166.1,97.57,676.32,42.75,2297.427497288063,3908.6458131939653,5135.214619346243,805.3208948539244,40.667209137582205,103.8605633927701,599.7643381796338,40.97289381223348,1055.4749002676917,3444.4520705886116,3041.457130428496,759.9394619496663,198.97320985000115,110.05783213706243,614.5467839377267,50.88443983759199,1055.4749002676917,3444.4520705886116,3041.457130428496,759.9394619496663,198.97320985000115,110.05783213706243,614.5467839377267,50.88443983759199
2026-01-31 21:00:00+00:00,1818.44,3657.25,5884.31,795.96,18.879993,97.49,678.29,42.75,2173.031746937906,3546.6953836018633,5022.814212440211,791.4990182648132,34.19100430788728,97.30711377046931,584.2691563197625,40.893499246164524,1055.4749002676917,3444.4520705886116,3041.457130428496,759.9394619496663,198.97320985000115,110.05783213706243,614.5467839377267,50.88443983759199,1055.4749002676917,3444.4520705886116,3041.457130428496,759.9394619496663,198.97320985000115,110.05783213706243,614.5467839377267,50.88443983759199
2026-01-31 22:00:00+00:00,2056.45,3655.08,5362.03,795.18,4.283595e-06,97.39,627.93,42.75,1872.3821498850416,3513.4641616991807,4921.157303618893,779.011288036484,21.538815564993513,95.10289065863455,600.2785788755671,42.40886230969988,1055.4749002676917,3444.4520705886116,3041.457130428496,759.9394619496663,198.97320985000115,110.05783213706243,614.5467839377267,50.88443983759199,1055.4749002676917,3444.4520705886116,3041.457130428496,759.9394619496663,198.97320985000115,110.05783213706243,614.5467839377267,50.88443983759199
2026-01-31 23:00:00+00:00,2032.88,3500.87,4771.86,795.14,4.283595e-06,85.2,612.17,39.92,1635.0989076488631,3465.0896906743724,3900.5161439541234,785.8208600079469,-9.94823411822162,99.11790070108115,593.3181650328146,41.569083780767755,1055.4749002676917,3444.4520705886116,3041.457130428496,759.9394619496663,198.97320985000115,110.05783213706243,614.5467839377267,50.88443983759199,1055.4749002676917,3444.4520705886116,3041.457130428496,759.9394619496663,198.97320985000115,110.05783213706243,614.5467839377267,50.88443983759199
2026-02-01 00:00:00+00:00,2164.45,3400.04,4388.35,795.72,2.0800061,83.88,648.81,39.92,1470.9525348205918,2857.555159032173,3828.467354483423,783.0625634478356,-1.9318227347155243,94.49022346908488,620.7833842677013,39.88742358812182,1055.4749002676917,3444.4520705886116,3041.457130428496,759.9394619496663,198.97320985000115,110.05783213706243,614.5467839377267,50.88443983759199,1055.4749002676917,3444.4520705886116,3041.457130428496,759.9394619496663,198.97320985000115,110.05783213706243,614.5467839377267,50.88443983759199
2026-02-01 01:00:00+00:00,2082.76,3351.84,4335.9,795.43,4.283595e-06,83.8,670.63,39.92,1454.5791681617654,2758.07971775837,3698.7481728255316,781.8841229141594,16.2155396754753,93.93330447132792,633.568932591613,39.24207514936964,1055.4749002676917,3444.4520705886116,3041.457130428496,759.9394619496663,198.97320985000115,110.05783213706243,614.5467839377267,50.88443983759199,1055.4749002676917,3444.4520705886116,3041.457130428496,759.9394619496663,198.97320985000115,110.05783213706243,614.5467839377267,50.88443983759199
2026-02-01 02:00:00+00:00,2090.96,3594.62,4251.65,795.43,4.283595e-06,83.54,649.81,39.92,1501.5926553464608,2804.860311674737,3599.407660593187,779.3886146764329,-2.7624907724121783,94.60849749308403,613.8381160754303,39.45193717202872,1055.4749002676917,3444.4520705886116,3041.457130428496,759.9394619496663,198.97320985000115,110.05783213706243,614.5467839377267,50.88443983759199,1055.4749002676917,3444.4520705886116,3041.457130428496,759.9394619496663,198.97320985000115,110.05783213706243,614.5467839377267,50.88443983759199
2026-02-01 03:00:00+00:00,2172.27,3637.21,4526.58,795.43,11.849995,83.6,658.7,39.92,1504.2274741000765,2856.6160191743465,3712.226673593948,780.2064619823524,13.066531718419384,96.0289180461334,605.4595664360891,38.89820681304524,1055.4749002676917,3444.4520705886116,3041.457130428496,759.9394619496663,198.97320985000115,110.05783213706243,614.5467839377267,50.88443983759199,1055.4749002676917,3444.4520705886116,3041.457130428496,759.9394619496663,198.97320985000115,110.05783213706243,614.5467839377267,50.88443983759199
2026-02-01 04:00:00+00:00,2146.51,3600.19,4541.58,795.43,4.283595e-06,92.3,640.23,39.92,1473.295318867296,2780.897113224001,3723.3695127637598,780.3126259529897,31.199538947345957,95.30274918634034,627.5082163110425,39.67237356169029,1055.4749002676917,3444.4520705886116,3041.457130428496,759.9394619496663,198.97320985000115,110.05783213706243,614.5467839377267,50.88443983759199,1055.4749002676917,3444.4520705886116,3041.457130428496,759.9394619496663,198.97320985000115,110.05783213706243,614.5467839377267,50.88443983759199
2026-02-01 05:00:00+00:00,1879.9,3546.72,4134.74,796.84,4.283595e-06,92.1,665.26,39.92,1435.4636253177066,3037.905101447665,3669.2881207155388,795.1994710027047,60.323172031593,97.1242731374307,634.0520983600845,40.73472470541073,1055.4749002676917,3444.4520705886116,3041.457130428496,759.9394619496663,198.97320985000115,110.05783213706243,614.5467839377267,50.88443983759199,1055.4749002676917,3444.4520705886116,3041.457130428496,759.9394619496663,198.97320985000115,110.05783213706243,614.5467839377267,50.88443983759199
2026-02-01 06:00:00+00:00,1938.64,3582.97,4240.3,799.41,4.283595e-06,92.1,659.18,39.92,1294.6441454116712,3179.603046237821,2959.375518936224,791.6525243919467,84.70756996041737,94.23773448814963,609.2409544389719,50.59162618424742,1055.4749002676917,3444.4520705886116,3041.457130428496,759.9394619496663,198.97320985000115,110.05783213706243,614.5467839377267,50.88443983759199,1055.4749002676917,3444.4520705886116,3041.457130428496,759.9394619496663,198.97320985000115,110.05783213706243,614.5467839377267,50.88443983759199
2026-02-01 07:00:00+00:00,2044.5499,3669.27,4459.89,801.59,23.7,92.23,652.18,39.92,1184.6019053348696,3347.870098029982,2991.2359884875063,834.9498654727464,142.80770309003213,92.40480762918021,599.6717383793281,46.8561513398448,1055.4749002676917,3444.4520705886116,3041.457130428496,759.9394619496663,198.97320985000115,110.05783213706243,614.5467839377267,50.88443983759199,1055.4749002676917,3444.4520705886116,3041.457130428496,759.9394619496663,198.97320985000115,110.05783213706243,614.5467839377267,50.88443983759199
2026-02-01 08:00:00+00:00,2205.88,3692.85,4434.66,801.59,4.283595e-06,92.23,654.08,40.92,1164.3472227175791,3726.7126921357058,3126.3440264053584,837.4578455383804,158.15276864165693,89.7671699369514,611.0600661644268,46.30881085515563,1055.4749002676917,3444.4520705886116,3041.457130428496,759.9394619496663,198.97320985000115,110.05783213706243,614.5467839377267,50.88443983759199,1055.4749002676917,3444.4520705886116,3041.457130428496,759.9394619496663,198.97320985000115,110.05783213706243,614.5467839377267,50.88443983759199
2026-02-01 09:00:00+00:00,2086.44,3636.02,4349.78,801.01,95.23,92.47,671.83,40.92,1374.180725155346,3723.126279041957,3433.6703935115415,817.82161059449,28.966705772729767,94.68439750784492,606.6282635112495,45.1041684778891,1055.4749002676917,3444.4520705886116,3041.457130428496,759.9394619496663,198.97320985000115,110.05783213706243,614.5467839377267,50.88443983759199,1055.4749002676917,3444.4520705886116,3041.457130428496,759.9394619496663,198.97320985000115,110.05783213706243,614.5467839377267,50.88443983759199
2026-02-01 10:00:00+00:00,2243.39,3664.76,4082.32,801.01,0.48000002,93.58,652.6,40.92,1366.2440834157846,3623.081483926896,3121.9888217019197,794.9119520258349,34.61719611887224,92.192458980526,601.3891928015101,46.30190014413017,1055.4749002676917,3444.4520705886116,3041.457130428496,759.9394619496663,198.97320985000115,110.05783213706243,614.5467839377267,50.88443983759199,1055.4749002676917,3444.4520705886116,3041.457130428496,759.9394619496663,198.97320985000115,110.05783213706243,614.5467839377267,50.88443983759199
2026-02-01 11:00:00+00:00,2218.74,3679.58,3837.45,801.01,4.283595e-06,85.63,644.06,40.92,1500.2445968754835,3613.5831151786992,3140.32210162175,794.7175189932349,20.56028414981094,92.73965803656912,597.5792770823255,45.70202740241546,1055.4749002676917,3444.4520705886116,3041.457130428496,759.9394619496663,198.97320985000115,110.05783213706243,614.5467839377267,50.88443983759199,1055.4749002676917,3444.4520705886116,3041.457130428496,759.9394619496663,198.97320985000115,110.05783213706243,614.5467839377267,50.88443983759199
2026-02-01 12:00:00+00:00,2199.64,3614.65,3621.79,801.01,4.283595e-06,85.74,655.38,40.92,1448.2148016790584,3248.342707753878,3166.735387098725,798.4520521641834,30.345856332842885,90.10046446545407,590.6098220861409,44.39296909448711,1055.4749002676917,3444.4520705886116,3041.457130428496,759.9394619496663,198.97320985000115,110.05783213706243,614.5467839377267,50.88443983759199,1055.4749002676917,3444.4520705886116,3041.457130428496,759.9394619496663,198.97320985000115,110.05783213706243,614.5467839377267,50.88443983759199
2026-02-01 13:00:00+00:00,2163.97,3376.98,3694.71,801.01,4.283595e-06,86.05,584.23,40.92,1344.7730117124281,3322.24381242231,3085.4566942387432,795.9161816097569,44.45601803028882,89.33759472721864,602.8472517012714,43.67999425913351,1055.4749002676917,3444.4520705886116,3041.457130428496,759.9394619496663,198.97320985000115,110.05783213706243,614.5467839377267,50.88443983759199,1055.4749002676917,3444.4520705886116,3041.457130428496,759.9394619496663,198.97320985000115,110.05783213706243,614.5467839377267,50.88443983759199
2026-02-01 14:00:00+00:00,2100.83,3295.13,4377.25,801.01,4.283595e-06,94.59,536.47,43.02,1300.9317767280922,3330.9279929004033,3309.3448149944024,806.0340444771862,15.632494048998296,90.93553849508622,601.9060769832433,43.230430721361074,1055.4749002676917,3444.4520705886116,3041.457130428496,759.9394619496663,198.97320985000115,110.05783213706243,614.5467839377267,50.88443983759199,1055.4749002676917,3444.4520705886116,3041.457130428496,759.9394619496663,198.97320985000115,110.05783213706243,614.5467839377267,50.88443983759199
2026-02-01 15:00:00+00:00,2271.19,3404.86,5011.81,801.03,4.283595e-06,94.52,541.76,45.12,1576.4845926558917,3474.3633350587634,3441.4910806346797,828.8976269517759,127.67596340782099,85.60917564532862,598.105574017149,43.833070070047555,1055.4749002676917,3444.4520705886116,3041.457130428496,759.9394619496663,198.97320985000115,110.05783213706243,614.5467839377267,50.88443983759199,1055.4749002676917,3444.4520705886116,3041.457130428496,759.9394619496663,198.97320985000115,110.05783213706243,614.5467839377267,50.88443983759199
2026-02-01 16:00:00+00:00,2380.73,3561.97,5562.5,801.75,1.73,97.58,539.25,45.12,1602.8313065544098,4022.2921975937884,3621.6122146817315,877.4485836627703,369.14911907118784,93.07444373704645,605.3887057434217,48.7806557109219,1055.4749002676917,3444.4520705886116,3041.457130428496,759.9394619496663,198.97320985000115,110.05783213706243,614.5467839377267,50.88443983759199,1055.4749002676917,3444.4520705886116,3041.457130428496,759.9394619496663,198.97320985000115,110.05783213706243,614.5467839377267,50.88443983759199
2026-02-01 17:00:00+00:00,2516.85,3583.4,5929.58,802.4,667.1,98.1,549.21,45.12,2297.770337268653,4130.263817512627,5641.254216060724,797.7209836845507,201.1391732519782,105.93060363016052,621.1639287686502,39.96446725114215,1055.4749002676917,3444.4520705886116,3041.457130428496,759.9394619496663,198.97320985000115,110.05783213706243,614.5467839377267,50.88443983759199,1055.4749002676917,3444.4520705886116,3041.457130428496,759.9394619496663,198.97320985000115,110.05783213706243,614.5467839377267,50.88443983759199
2026-02-01 18:00:00+00:00,2506.04,3589.27,5872.88,802.4,102.52999,98.17,556.43,45.12,2220.7591744581196,3921.0333971538444,5634.750502750498,795.9523339177383,89.60916616884883,107.68907576589122,612.8390567928726,40.66697908332854,1055.4749002676917,3444.4520705886116,3041.457130428496,759.9394619496663,198.97320985000115,110.05783213706243,614.5467839377267,50.88443983759199,1055.4749002676917,3444.4520705886116,3041.457130428496,759.9394619496663,198.97320985000115,110.05783213706243,614.5467839377267,50.88443983759199
2026-02-01 19:00:00+00:00,2372.12,3619.03,6041.77,802.4,82.58,95.94,535.34,45.12,2132.2872939144354,4246.574620119917,5469.905604194661,797.847113234376,38.6624153732817,107.85970376069577,609.8649388804405,41.06524555612454,1055.4749002676917,3444.4520705886116,3041.457130428496,759.9394619496663,198.97320985000115,110.05783213706243,614.5467839377267,50.88443983759199,1055.4749002676917,3444.4520705886116,3041.457130428496,759.9394619496663,198.97320985000115,110.05783213706243,614.5467839377267,50.88443983759199
2026-02-01 20:00:00+00:00,2318.43,3583.29,5646.94,802.4,4.283595e-06,95.2,548.52,45.12,1834.1955728655116,3820.5931377382426,4998.57104803288,805.5595073291312,34.96950742295738,104.26025640786013,606.8735303790463,42.3569386134197,1055.4749002676917,3444.4520705886116,3041.457130428496,759.9394619496663,198.97320985000115,110.05783213706243,614.5467839377267,50.88443983759199,1055.4749002676917,3444.4520705886116,3041.457130428496,759.9394619496663,198.97320985000115,110.05783213706243,614.5467839377267,50.88443983759199
2026-02-01 21:00:00+00:00,2296.46,3598.09,5509.64,800.27,58.409992,94.56,538.71,45.12,1815.954000905444,3726.031972041062,4640.202841349708,796.8808111141714,43.87104324094352,102.72892853929189,601.2285527638412,41.15827019902916,1055.4749002676917,3444.4520705886116,3041.457130428496,759.9394619496663,198.97320985000115,110.05783213706243,614.5467839377267,50.88443983759199,1055.4749002676917,3444.4520705886116,3041.457130428496,759.9394619496663,198.97320985000115,110.05783213706243,614.5467839377267,50.88443983759199
2026-02-01 22:00:00+00:00,2145.02,3562.97,4852.2,799.03,4.283595e-06,94.85,523.0,43.34,1245.0536434813378,3268.541611955077,3950.539028683467,780.6220109438522,30.338620898050976,98.1047711228061,602.7835937818838,40.2037096732147,1055.4749002676917,3444.4520705886116,3041.457130428496,759.9394619496663,198.97320985000115,110.05783213706243,614.5467839377267,50.88443983759199,1055.4749002676917,3444.4520705886116,3041.457130428496,759.9394619496663,198.97320985000115,110.05783213706243,614.5467839377267,50.88443983759199
2026-02-01 23:00:00+00:00,2226.53,3308.46,4080.12,795.74,3.0999951,85.85,513.74,41.78,940.8906931770473,2722.149299047996,2835.3541759428526,788.6716742835686,17.38583439280049,95.90154092245464,604.0148483590561,40.81790130455848,1055.4749002676917,3444.4520705886116,3041.457130428496,759.9394619496663,198.97320985000115,110.05783213706243,614.5467839377267,50.88443983759199,1055.4749002676917,3444.4520705886116,3041.457130428496,759.9394619496663,198.97320985000115,110.05783213706243,614.5467839377267,50.88443983759199
2026-02-02 00:00:00+00:00,2180.5,3143.22,3828.04,792.59,4.283595e-06,85.89,521.58,41.78,848.5925322654164,2889.294060038378,3353.9615481976566,773.3313128810205,-17.560481663143406,91.57017989790705,604.8102360266818,40.364375924982184,1055.4749002676917,3444.4520705886116,3041.457130428496,759.9394619496663,198.97320985000115,110.05783213706243,614.5467839377267,50.88443983759199,1055.4749002676917,3444.4520705886116,3041.457130428496,759.9394619496663,198.97320985000115,110.05783213706243,614.5467839377267,50.88443983759199
2026-02-02 01:00:00+00:00,2176.21,3341.06,3906.87,792.3,4.283595e-06,85.97,522.28,41.78,749.9359354555963,2710.8023251492823,3024.047944232056,774.4842334681057,-17.560481663143406,92.14665576129757,601.2152764926379,39.530671205007465,1055.4749002676917,3444.4520705886116,3041.457130428496,759.9394619496663,198.97320985000115,110.05783213706243,614.5467839377267,50.88443983759199,1055.4749002676917,3444.4520705886116,3041.457130428496,759.9394619496663,198.97320985000115,110.05783213706243,614.5467839377267,50.88443983759199
2026-02-02 02:00:00+00:00,2164.41,3377.09,3777.38,792.3,4.283595e-06,85.33,541.7,41.78,726.8505378690267,2888.544976795582,3118.8929739513173,774.5158771684179,-23.233867102119632,93.22950664760941,597.7948000479713,39.59672732560807,1055.4749002676917,3444.4520705886116,3041.457130428496,759.9394619496663,198.97320985000115,110.05783213706243,614.5467839377267,50.88443983759199,1055.4749002676917,3444.4520705886116,3041.457130428496,759.9394619496663,198.97320985000115,110.05783213706243,614.5467839377267,50.88443983759199
2026-02-02 03:00:00+00:00,2243.38,3397.58,4017.62,792.3,4.283595e-06,85.38,514.8,41.78,846.9671740886816,2743.8048148551134,3385.6824974321185,778.3298731937584,-17.560481663143406,92.58551465038202,604.4903617018449,40.110892581468136,1055.4749002676917,3444.4520705886116,3041.457130428496,759.9394619496663,198.97320985000115,110.05783213706243,614.5467839377267,50.88443983759199,1055.4749002676917,3444.4520705886116,3041.457130428496,759.9394619496663,198.97320985000115,110.05783213706243,614.5467839377267,50.88443983759199
2026-02-02 04:00:00+00:00,2283.47,3642.82,4422.09,792.3,4.283595e-06,93.92,489.5,41.78,1328.1663710928115,3203.016396171869,4372.346361740673,782.2322407312867,5.046162247499268,88.4342649020619,608.6711587953505,39.08103356516379,1055.4749002676917,3444.4520705886116,3041.457130428496,759.9394619496663,198.97320985000115,110.05783213706243,614.5467839377267,50.88443983759199,1055.4749002676917,3444.4520705886116,3041.457130428496,759.9394619496663,198.97320985000115,110.05783213706243,614.5467839377267,50.88443983759199
2026-02-02 05:00:00+00:00,2384.96,3948.8,5504.46,793.72,80.670006,93.73,482.86,41.78,2007.7043841909576,3557.3265539104195,5432.709154514265,792.5189886314168,40.61950867755087,91.84915588900259,596.6657059378502,40.06557141573048,1055.4749002676917,3444.4520705886116,3041.457130428496,759.9394619496663,198.97320985000115,110.05783213706243,614.5467839377267,50.88443983759199,1055.4749002676917,3444.4520705886116,3041.457130428496,759.9394619496663,198.97320985000115,110.05783213706243,614.5467839377267,50.88443983759199
2026-02-02 06:00:00+00:00,2493.64,4401.93,6600.21,796.28,442.52002,93.57,499.21,41.78,2501.9134006294316,3823.687315354695,5732.202203178742,820.2593394670427,171.43201718529494,100.98475556318458,608.5521307183711,49.92810564878619,1055.4749002676917,3444.4520705886116,3041.457130428496,759.9394619496663,198.97320985000115,110.05783213706243,614.5467839377267,50.88443983759199,1055.4749002676917,3444.4520705886116,3041.457130428496,759.9394619496663,198.97320985000115,110.05783213706243,614.5467839377267,50.88443983759199
2026-02-02 07:00:00+00:00,2491.32,4562.35,6737.33,797.81,836.83,93.73,518.9,41.78,2460.5131235725894,3858.6578366506938,6026.7080699332855,844.4416794008412,378.35683154432076,93.20404972413517,602.448133705686,41.621732950644095,1055.4749002676917,3444.4520705886116,3041.457130428496,759.9394619496663,198.97320985000115,110.05783213706243,614.5467839377267,50.88443983759199,1055.4749002676917,3444.4520705886116,3041.457130428496,759.9394619496663,198.97320985000115,110.05783213706243,614.5467839377267,50.88443983759199
2026-02-02 08:00:00+00:00,2520.26,4602.09,6618.6,798.09,1151.6702,93.73,620.17,41.78,2492.937276390053,3511.2376747587814,5799.993427550342,837.493044448812,307.9499630640992,90.08970085283683,602.7160125625759,41.68943232571194,1055.4749002676917,3444.4520705886116,3041.457130428496,759.9394619496663,198.97320985000115,110.05783213706243,614.5467839377267,50.88443983759199,1055.4749002676917,3444.4520705886116,3041.457130428496,759.9394619496663,198.97320985000115,110.05783213706243,614.5467839377267,50.88443983759199
2026-02-02 09:00:00+00:00,2443.56,4609.37,6534.63,797.51,381.82,93.73,620.07,41.78,2419.7745616345874,3275.4420640974436,5528.8384155240765,791.0188244240281,204.45132511125772,99.56661249041113,592.1363382444001,40.506071537963365,1055.4749002676917,3444.4520705886116,3041.457130428496,759.9394619496663,198.97320985000115,110.05783213706243,614.5467839377267,50.88443983759199,1055.4749002676917,3444.4520705886116,3041.457130428496,759.9394619496663,198.97320985000115,110.05783213706243,614.5467839377267,50.88443983759199
2026-02-02 10:00:00+00:00,2197.06,4593.72,6179.12,797.51,294.92,94.27,584.64,41.78,1689.373939823106,3245.4457102928313,4725.632253632804,782.3517387930168,120.1671217704398,95.07848780495426,595.2082092888361,42.45585489942173,1055.4749002676917,3444.4520705886116,3041.457130428496,759.9394619496663,198.97320985000115,110.05783213706243,614.5467839377267,50.88443983759199,1055.4749002676917,3444.4520705886116,3041.457130428496,759.9394619496663,198.97320985000115,110.05783213706243,614.5467839377267,50.88443983759199
2026-02-02 11:00:00+00:00,2188.93,4593.05,6098.74,797.51,130.99,85.95,625.32,41.78,1700.7301467890316,3357.4437238571327,4663.888649971777,783.732425093114,98.1948271119888,94.12158786321858,584.3382702062798,42.006021930352766,1055.4749002676917,3444.4520705886116,3041.457130428496,759.9394619496663,198.97320985000115,110.05783213706243,614.5467839377267,50.88443983759199,1055.4749002676917,3444.4520705886116,3041.457130428496,759.9394619496663,198.97320985000115,110.05783213706243,614.5467839377267,50.88443983759199
2026-02-02 12:00:00+00:00,2155.55,4549.15,5786.6,797.51,4.283595e-06,85.85,655.3,37.74,2129.0219843266086,3381.7089205932234,4985.301437200566,783.3577574866014,73.26574118841924,98.55569577893688,579.6198916968615,41.42352171242521,1055.4749002676917,3444.4520705886116,3041.457130428496,759.9394619496663,198.97320985000115,110.05783213706243,614.5467839377267,50.88443983759199,1055.4749002676917,3444.4520705886116,3041.457130428496,759.9394619496663,198.97320985000115,110.05783213706243,614.5467839377267,50.88443983759199
2026-02-02 13:00:00+00:00,2175.9,4517.19,5761.56,797.51,120.56,86.08,688.66,35.16,1933.338771386932,3190.0716290417367,4753.772309416403,779.7236242066091,58.66377803707141,97.29473754336807,579.6198916968615,43.56052513755215,1055.4749002676917,3444.4520705886116,3041.457130428496,759.9394619496663,198.97320985000115,110.05783213706243,614.5467839377267,50.88443983759199,1055.4749002676917,3444.4520705886116,3041.457130428496,759.9394619496663,198.97320985000115,110.05783213706243,614.5467839377267,50.88443983759199
2026-02-02 14:00:00+00:00,2037.69,4487.68,6039.48,797.51,44.580006,94.69,676.81,35.16,1839.4042064396274,3350.759280939675,4933.800875430695,783.7899129479313,99.47325687759823,94.85400014288177,595.9255220402341,43.7998304825028,1055.4749002676917,3444.4520705886116,3041.457130428496,759.9394619496663,198.97320985000115,110.05783213706243,614.5467839377267,50.88443983759199,1055.4749002676917,3444.4520705886116,3041.457130428496,759.9394619496663,198.97320985000115,110.05783213706243,614.5467839377267,50.88443983759199
2026-02-02 15:00:00+00:00,2372.02,4506.72,6110.54,797.9,18.689991,94.96,680.45,35.16,1904.1091602558586,3825.291750939081,5279.288839680333,847.7994213114713,192.28798492514267,99.96243543436361,606.4488562088159,45.38565248362172,1055.4749002676917,3444.4520705886116,3041.457130428496,759.9394619496663,198.97320985000115,110.05783213706243,614.5467839377267,50.88443983759199,1055.4749002676917,3444.4520705886116,3041.457130428496,759.9394619496663,198.97320985000115,110.05783213706243,614.5467839377267,50.88443983759199
2026-02-02 16:00:00+00:00,2465.03,4532.33,6327.63,799.08,46.73,98.55,658.45,35.16,1932.9409548324015,3818.5012858560876,5388.319023617903,902.433240473609,287.740932640565,92.12023811016887,621.3675918344128,45.86976128208678,1055.4749002676917,3444.4520705886116,3041.457130428496,759.9394619496663,198.97320985000115,110.05783213706243,614.5467839377267,50.88443983759199,1055.4749002676917,3444.4520705886116,3041.457130428496,759.9394619496663,198.97320985000115,110.05783213706243,614.5467839377267,50.88443983759199
2026-02-02 17:00:00+00:00,2476.51,4459.74,6468.38,799.72,74.74999,98.3,654.65,35.16,2494.753742529524,3900.819310467887,5900.726087671619,796.950789933565,247.77219168206122,106.64339906230768,633.1588371310173,36.950374026620736,1055.4749002676917,3444.4520705886116,3041.457130428496,759.9394619496663,198.97320985000115,110.05783213706243,614.5467839377267,50.88443983759199,1055.4749002676917,3444.4520705886116,3041.457130428496,759.9394619496663,198.97320985000115,110.05783213706243,614.5467839377267,50.88443983759199
2026-02-02 18:00:00+00:00,2472.2,3622.61,6167.42,799.72,74.74999,98.5,672.94,35.16,2300.63633983952,3817.878018605918,5815.277847022109,791.6173359007345,140.8453548396502,100.58974569550413,663.2915470119071,37.82382150183905,1055.4749002676917,3444.4520705886116,3041.457130428496,759.9394619496663,198.97320985000115,110.05783213706243,614.5467839377267,50.88443983759199,1055.4749002676917,3444.4520705886116,3041.457130428496,759.9394619496663,198.97320985000115,110.05783213706243,614.5467839377267,50.88443983759199
2026-02-02 19:00:00+00:00,2242.14,3197.81,5698.24,799.72,33.039997,96.16,627.7,35.16,2234.6810701130867,3618.073727897357,5449.91230737843,802.93513837832,84.9298756097319,93.00939457157108,647.406797393546,38.95442180559957,1055.4749002676917,3444.4520705886116,3041.457130428496,759.9394619496663,198.97320985000115,110.05783213706243,614.5467839377267,50.88443983759199,1055.4749002676917,3444.4520705886116,3041.457130428496,759.9394619496663,198.97320985000115,110.05783213706243,614.5467839377267,50.88443983759199
2026-02-02 20:00:00+00:00,1827.91,2969.86,4935.24,799.72,61.080006,96.16,687.02,35.16,1789.8187907875285,3257.94234900124,5089.447805330405,798.7451899820339,43.11320323857555,90.78293515969331,653.7367999158755,38.098727033745824,1055.4749002676917,3444.4520705886116,3041.457130428496,759.9394619496663,198.97320985000115,110.05783213706243,614.5467839377267,50.88443983759199,1055.4749002676917,3444.4520705886116,3041.457130428496,759.9394619496663,198.97320985000115,110.05783213706243,614.5467839377267,50.88443983759199
2026-02-02 21:00:00+00:00,1505.4,3050.88,4611.98,798.41,10.770008,95.54,706.59,35.16,1602.1106793524673,3272.7054883703527,4893.921909473572,794.4787931890147,20.718979243775777,92.56886087659328,638.7291383341231,37.78952910684749,1055.4749002676917,3444.4520705886116,3041.457130428496,759.9394619496663,198.97320985000115,110.05783213706243,614.5467839377267,50.88443983759199,1055.4749002676917,3444.4520705886116,3041.457130428496,759.9394619496663,198.97320985000115,110.05783213706243,614.5467839377267,50.88443983759199
2026-02-02 22:00:00+00:00,1474.33,2977.85,3632.22,797.63,1.8400006,95.16,608.57,35.16,1263.9399170140327,2932.231263369248,4068.045634635284,784.8281368415124,-24.363999976444546,91.8770939826427,644.8825722988299,39.097210661553554,1055.4749002676917,3444.4520705886116,3041.457130428496,759.9394619496663,198.97320985000115,110.05783213706243,614.5467839377267,50.88443983759199,1055.4749002676917,3444.4520705886116,3041.457130428496,759.9394619496663,198.97320985000115,110.05783213706243,614.5467839377267,50.88443983759199
2026-02-02 23:00:00+00:00,1219.5,2754.9,2839.38,793.36,4.283595e-06,86.14,645.56,39.03,859.1344948120142,2486.5224194134116,3192.283374253102,783.4336573174617,-16.41677634882862,89.46256400181844,667.7460609921274,38.72447581618994,1055.4749002676917,3444.4520705886116,3041.457130428496,759.9394619496663,198.97320985000115,110.05783213706243,614.5467839377267,50.88443983759199,1055.4749002676917,3444.4520705886116,3041.457130428496,759.9394619496663,198.97320985000115,110.05783213706243,614.5467839377267,50.88443983759199
2026-02-03 00:00:00+00:00,1207.89,2593.66,2667.95,792.96,4.283595e-06,85.72,643.1,35.16,886.3990723149329,2503.6929376200405,3284.5984407371966,781.5132884300427,-9.918235344601158,83.93477255869293,616.8962106144003,38.16399768155061,1055.4749002676917,3444.4520705886116,3041.457130428496,759.9394619496663,198.97320985000115,110.05783213706243,614.5467839377267,50.88443983759199,1055.4749002676917,3444.4520705886116,3041.457130428496,759.9394619496663,198.97320985000115,110.05783213706243,614.5467839377267,50.88443983759199
2026-02-03 01:00:00+00:00,1189.88,2578.54,2488.69,792.67,4.283595e-06,85.93,650.0,36.91,776.1398245842573,2305.7421870630046,3361.9772152034357,780.047552552343,-12.21765145515431,81.41884818854976,611.4665766674071,38.77514445182823,1055.4749002676917,3444.4520705886116,3041.457130428496,759.9394619496663,198.97320985000115,110.05783213706243,614.5467839377267,50.88443983759199,1055.4749002676917,3444.4520705886116,3041.457130428496,759.9394619496663,198.97320985000115,110.05783213706243,614.5467839377267,50.88443983759199
2026-02-03 02:00:00+00:00,1120.52,2590.4,2477.03,792.67,4.283595e-06,84.44,647.82,37.5,805.7542494869999,2349.233001737931,3419.5330195525457,779.2922511951534,-27.71862510663854,82.23186613938827,629.5716907449957,38.07316174828895,1055.4749002676917,3444.4520705886116,3041.457130428496,759.9394619496663,198.97320985000115,110.05783213706243,614.5467839377267,50.88443983759199,1055.4749002676917,3444.4520705886116,3041.457130428496,759.9394619496663,198.97320985000115,110.05783213706243,614.5467839377267,50.88443983759199
2026-02-03 03:00:00+00:00,1249.18,2616.26,2749.71,792.67,4.283595e-06,84.12,630.96,37.5,797.665430592064,2208.815604275976,3493.81195114546,780.1467885690976,-28.789219326602733,81.57758913145112,631.4448488519648,38.3476102030719,1055.4749002676917,3444.4520705886116,3041.457130428496,759.9394619496663,198.97320985000115,110.05783213706243,614.5467839377267,50.88443983759199,1055.4749002676917,3444.4520705886116,3041.457130428496,759.9394619496663,198.97320985000115,110.05783213706243,614.5467839377267,50.88443983759199
2026-02-03 04:00:00+00:00,1207.09,2584.39,2832.07,792.67,4.283595e-06,92.94,625.87,37.5,1086.0179762608236,2537.161764260197,4123.16426780049,778.2044376949632,7.9636372578588634,86.58049847485206,619.6486392682533,37.89644482876345,1055.4749002676917,3444.4520705886116,3041.457130428496,759.9394619496663,198.97320985000115,110.05783213706243,614.5467839377267,50.88443983759199,1055.4749002676917,3444.4520705886116,3041.457130428496,759.9394619496663,198.97320985000115,110.05783213706243,614.5467839377267,50.88443983759199
2026-02-03 05:00:00+00:00,1093.92,2729.62,3539.6,794.09,4.283595e-06,93.22,647.89,37.5,1499.7533988428042,3410.5511302053137,4808.351811699173,796.7083623498528,39.49608689824868,84.77279231963517,607.3075943517737,39.875836941600646,1055.4749002676917,3444.4520705886116,3041.457130428496,759.9394619496663,198.97320985000115,110.05783213706243,614.5467839377267,50.88443983759199,1055.4749002676917,3444.4520705886116,3041.457130428496,759.9394619496663,198.97320985000115,110.05783213706243,614.5467839377267,50.88443983759199
2026-02-03 06:00:00+00:00,1754.54,2957.25,4431.34,796.46,4.283595e-06,93.79,654.38,37.5,2061.341453589137,3680.752324152028,4876.049357764771,814.4724574386813,193.8230646824754,84.21764502894447,577.2789120255816,46.95674011228869,1055.4749002676917,3444.4520705886116,3041.457130428496,759.9394619496663,198.97320985000115,110.05783213706243,614.5467839377267,50.88443983759199,1055.4749002676917,3444.4520705886116,3041.457130428496,759.9394619496663,198.97320985000115,110.05783213706243,614.5467839377267,50.88443983759199
2026-02-03 07:00:00+00:00,1989.84,2973.02,4532.27,797.62,4.283595e-06,93.79,611.44,37.5,2220.344576991934,3538.047037492035,5392.983666813478,799.1637992320407,305.62655435704505,87.75914578581957,576.8795532830777,38.871634690832835,1055.4749002676917,3444.4520705886116,3041.457130428496,759.9394619496663,198.97320985000115,110.05783213706243,614.5467839377267,50.88443983759199,1055.4749002676917,3444.4520705886116,3041.457130428496,759.9394619496663,198.97320985000115,110.05783213706243,614.5467839377267,50.88443983759199
2026-02-03 08:00:00+00:00,1963.19,2974.82,4528.94,797.34,287.01,93.79,566.57,37.5,2529.8110062340056,3527.812073585794,5286.487895667723,800.8628382783048,165.43098363222649,86.98133490910091,589.2623157332588,37.85920490182998,1055.4749002676917,3444.4520705886116,3041.457130428496,759.9394619496663,198.97320985000115,110.05783213706243,614.5467839377267,50.88443983759199,1055.4749002676917,3444.4520705886116,3041.457130428496,759.9394619496663,198.97320985000115,110.05783213706243,614.5467839377267,50.88443983759199
2026-02-03 09:00:00+00:00,1498.69,2919.01,4750.47,796.76,4.283595e-06,93.91,545.08,37.5,2262.992797842384,3595.783492897549,5270.230369831552,788.7149093909138,132.12860489318777,90.41163875288937,586.9946844597478,39.555109043598634,1055.4749002676917,3444.4520705886116,3041.457130428496,759.9394619496663,198.97320985000115,110.05783213706243,614.5467839377267,50.88443983759199,1055.4749002676917,3444.4520705886116,3041.457130428496,759.9394619496663,198.97320985000115,110.05783213706243,614.5467839377267,50.88443983759199
2026-02-03 10:00:00+00:00,1492.6,3055.23,4499.04,796.76,4.283595e-06,94.24,526.72,37.5,2032.575071792378,3342.3190784899652,5102.730589591509,780.1708925803119,81.66189145305134,89.26530688512871,585.4741201698981,37.36421239645112,1055.4749002676917,3444.4520705886116,3041.457130428496,759.9394619496663,198.97320985000115,110.05783213706243,614.5467839377267,50.88443983759199,1055.4749002676917,3444.4520705886116,3041.457130428496,759.9394619496663,198.97320985000115,110.05783213706243,614.5467839377267,50.88443983759199
2026-02-03 11:00:00+00:00,1786.45,3254.54,4555.57,796.76,4.283595e-06,86.08,546.13,37.5,2215.945149718134,2977.7200949640824,5123.269002077691,783.0822818808855,43.37786937076427,88.62434267815549,583.0791657013216,35.86021215234198,1055.4749002676917,3444.4520705886116,3041.457130428496,759.9394619496663,198.97320985000115,110.05783213706243,614.5467839377267,50.88443983759199,1055.4749002676917,3444.4520705886116,3041.457130428496,759.9394619496663,198.97320985000115,110.05783213706243,614.5467839377267,50.88443983759199
2026-02-03 12:00:00+00:00,1907.62,3164.75,4312.7,797.13,4.283595e-06,86.17,504.58,37.5,2186.184525837959,3103.1550250534356,5180.083474608318,776.1370295156117,21.06053182760624,89.31453796075775,543.3620585553501,37.22767625869783,1055.4749002676917,3444.4520705886116,3041.457130428496,759.9394619496663,198.97320985000115,110.05783213706243,614.5467839377267,50.88443983759199,1055.4749002676917,3444.4520705886116,3041.457130428496,759.9394619496663,198.97320985000115,110.05783213706243,614.5467839377267,50.88443983759199
2026-02-03 13:00:00+00:00,2106.01,2992.66,4699.75,797.13,58.629993,87.24,501.95,37.5,1806.6511593229027,3465.8847752296415,5074.640583712227,773.2817056128163,8.64489533691264,82.84771436925621,568.9129805486808,37.00029133244397,1055.4749002676917,3444.4520705886116,3041.457130428496,759.9394619496663,198.97320985000115,110.05783213706243,614.5467839377267,50.88443983759199,1055.4749002676917,3444.4520705886116,3041.457130428496,759.9394619496663,198.97320985000115,110.05783213706243,614.5467839377267,50.88443983759199
2026-02-03 14:00:00+00:00,2317.04,3168.1,4919.04,797.13,4.283595e-06,96.16,506.66,37.5,1997.8268733344757,3677.457809052557,5097.5866712492225,794.2184610914993,61.4253920260478,83.6658004567605,566.3034499500997,38.65578721802982,1055.4749002676917,3444.4520705886116,3041.457130428496,759.9394619496663,198.97320985000115,110.05783213706243,614.5467839377267,50.88443983759199,1055.4749002676917,3444.4520705886116,3041.457130428496,759.9394619496663,198.97320985000115,110.05783213706243,614.5467839377267,50.88443983759199
2026-02-03 15:00:00+00:00,2276.2,3255.82,4711.83,797.53,15.750004,96.16,512.95,37.5,2294.3862555755704,3532.3098356027276,5321.155610243418,823.9232881284014,154.57774383549895,85.99629793179653,580.0629674400999,41.5216548161705,1055.4749002676917,3444.4520705886116,3041.457130428496,759.9394619496663,198.97320985000115,110.05783213706243,614.5467839377267,50.88443983759199,1055.4749002676917,3444.4520705886116,3041.457130428496,759.9394619496663,198.97320985000115,110.05783213706243,614.5467839377267,50.88443983759199
2026-02-03 16:00:00+00:00,2440.79,3305.33,5016.06,798.7,218.85,98.59,507.23,37.5,2494.982870777214,3663.9559743106597,5681.027061726194,862.6094808303264,191.36804373914114,88.5908081694197,599.2925285876947,42.86459414382006,1055.4749002676917,3444.4520705886116,3041.457130428496,759.9394619496663,198.97320985000115,110.05783213706243,614.5467839377267,50.88443983759199,1055.4749002676917,3444.4520705886116,3041.457130428496,759.9394619496663,198.97320985000115,110.05783213706243,614.5467839377267,50.88443983759199
2026-02-03 17:00:00+00:00,2482.14,3336.02,5106.64,799.35,731.69,98.3,495.47,37.5,2522.1838828637574,3777.1299289575354,6146.706744757964,786.6666581880801,227.363857499988,96.99226562054218,600.3986963319933,36.59208803688158,1055.4749002676917,3444.4520705886116,3041.457130428496,759.9394619496663,198.97320985000115,110.05783213706243,614.5467839377267,50.88443983759199,1055.4749002676917,3444.4520705886116,3041.457130428496,759.9394619496663,198.97320985000115,110.05783213706243,614.5467839377267,50.88443983759199
2026-02-03 18:00:00+00:00,2084.71,3410.69,5190.18,799.35,103.0,98.4,503.74,37.5,2553.8378004392634,3835.58396264606,5852.851109511155,791.7686630456174,135.86985264933804,94.89221839204296,577.9496101937705,38.14636538835609,1055.4749002676917,3444.4520705886116,3041.457130428496,759.9394619496663,198.97320985000115,110.05783213706243,614.5467839377267,50.88443983759199,1055.4749002676917,3444.4520705886116,3041.457130428496,759.9394619496663,198.97320985000115,110.05783213706243,614.5467839377267,50.88443983759199
2026-02-03 19:00:00+00:00,1721.44,3309.6,4822.06,799.35,129.62,95.42,509.44,37.5,2366.0057150187413,3461.1267700103035,5526.166778180055,802.7840594863625,12.850046391916521,92.37180074041167,566.4379887911547,40.417246037872104,1055.4749002676917,3444.4520705886116,3041.457130428496,759.9394619496663,198.97320985000115,110.05783213706243,614.5467839377267,50.88443983759199,1055.4749002676917,3444.4520705886116,3041.457130428496,759.9394619496663,198.97320985000115,110.05783213706243,614.5467839377267,50.88443983759199
2026-02-03 20:00:00+00:00,1721.31,3215.12,4326.96,799.35,77.36,94.56,510.91,37.5,2448.1527303751977,3112.3913214528957,5402.095329108553,798.5303296681184,28.951635522775945,92.176861263267,541.4010516776524,41.412180464786914,1055.4749002676917,3444.4520705886116,3041.457130428496,759.9394619496663,198.97320985000115,110.05783213706243,614.5467839377267,50.88443983759199,1055.4749002676917,3444.4520705886116,3041.457130428496,759.9394619496663,198.97320985000115,110.05783213706243,614.5467839377267,50.88443983759199
2026-02-03 21:00:00+00:00,1623.24,3221.67,4419.66,798.04,4.283595e-06,94.49,505.22,37.5,2274.4010642631947,3281.4782357391564,5392.033396874507,798.0581796047736,75.08636790386413,91.78119446255629,540.6235449791716,41.60213988814342,1055.4749002676917,3444.4520705886116,3041.457130428496,759.9394619496663,198.97320985000115,110.05783213706243,614.5467839377267,50.88443983759199,1055.4749002676917,3444.4520705886116,3041.457130428496,759.9394619496663,198.97320985000115,110.05783213706243,614.5467839377267,50.88443983759199
2026-02-03 22:00:00+00:00,1585.43,3171.75,3925.88,797.25,4.283595e-06,94.08,509.65,37.5,2144.348008996948,3360.227691244084,5237.317586732451,790.3975174905177,-21.583576685984497,93.97752572460823,556.1449884631945,41.533412221436016,1055.4749002676917,3444.4520705886116,3041.457130428496,759.9394619496663,198.97320985000115,110.05783213706243,614.5467839377267,50.88443983759199,1055.4749002676917,3444.4520705886116,3041.457130428496,759.9394619496663,198.97320985000115,110.05783213706243,614.5467839377267,50.88443983759199
2026-02-03 23:00:00+00:00,1576.06,3216.81,3676.44,792.98,4.283595e-06,88.1,586.82,35.54,1803.3687311968388,3439.359661216863,5062.975912998949,790.1383872703949,-31.872542311338776,94.6115449565872,555.8788379673637,41.64432408885499,1055.4749002676917,3444.4520705886116,3041.457130428496,759.9394619496663,198.97320985000115,110.05783213706243,614.5467839377267,50.88443983759199,1055.4749002676917,3444.4520705886116,3041.457130428496,759.9394619496663,198.97320985000115,110.05783213706243,614.5467839377267,50.88443983759199
2026-02-04 00:00:00+00:00,1570.68,3326.71,3988.63,793.1,4.283595e-06,83.75,600.28,38.54,1873.9326465784402,3549.4862718688864,5198.249376772799,787.3516815961241,-1.3635752603439073,101.4673023343596,507.94824879059485,41.51516056161304,1055.4749002676917,3444.4520705886116,3041.457130428496,759.9394619496663,198.97320985000115,110.05783213706243,614.5467839377267,50.88443983759199,1055.4749002676917,3444.4520705886116,3041.457130428496,759.9394619496663,198.97320985000115,110.05783213706243,614.5467839377267,50.88443983759199
2026-02-04 01:00:00+00:00,1405.15,3544.64,3520.03,792.81,4.283595e-06,83.12,621.62,39.55,2031.9506414521902,3587.243328659224,5355.3394921771105,787.8217409349157,-2.9131316547273514,96.6356977709279,526.5256131524903,41.00853526269182,1055.4749002676917,3444.4520705886116,3041.457130428496,759.9394619496663,198.97320985000115,110.05783213706243,614.5467839377267,50.88443983759199,1055.4749002676917,3444.4520705886116,3041.457130428496,759.9394619496663,198.97320985000115,110.05783213706243,614.5467839377267,50.88443983759199
2026-02-04 02:00:00+00:00,1564.27,3748.04,3526.24,792.81,4.283595e-06,82.41,512.09,39.55,1973.6418256395032,3566.6794634168264,5230.862211305531,787.2096902300086,-2.293747435738112,97.58532020279821,525.6869439667283,40.87947610840159,1055.4749002676917,3444.4520705886116,3041.457130428496,759.9394619496663,198.97320985000115,110.05783213706243,614.5467839377267,50.88443983759199,1055.4749002676917,3444.4520705886116,3041.457130428496,759.9394619496663,198.97320985000115,110.05783213706243,614.5467839377267,50.88443983759199
2026-02-04 03:00:00+00:00,1562.86,3706.69,4003.23,792.81,18.689991,82.5,478.2,39.55,1978.9502496029468,3520.848974643551,5431.470483978853,790.6147546632217,-2.9131316547273514,102.63383351762057,554.8604899396674,41.82387387676121,1055.4749002676917,3444.4520705886116,3041.457130428496,759.9394619496663,198.97320985000115,110.05783213706243,614.5467839377267,50.88443983759199,1055.4749002676917,3444.4520705886116,3041.457130428496,759.9394619496663,198.97320985000115,110.05783213706243,614.5467839377267,50.88443983759199
2026-02-04 04:00:00+00:00,1629.33,4124.41,4703.98,792.81,4.283595e-06,91.16,482.28,39.55,2339.370634654507,3832.0820775329116,5598.0234490158155,795.1308091134998,-5.256663422162433,98.91626334376261,557.6337230619605,41.97125488952879,1055.4749002676917,3444.4520705886116,3041.457130428496,759.9394619496663,198.97320985000115,110.05783213706243,614.5467839377267,50.88443983759199,1055.4749002676917,3444.4520705886116,3041.457130428496,759.9394619496663,198.97320985000115,110.05783213706243,614.5467839377267,50.88443983759199
2026-02-04 05:00:00+00:00,1979.74,4964.07,5838.48,794.23,4.283595e-06,90.66,469.48,39.55,2487.272273619489,4176.408667041768,6366.895366889207,796.3244253302936,49.10729542654212,106.22935009128086,506.10335869130046,41.02746319720329,1055.4749002676917,3444.4520705886116,3041.457130428496,759.9394619496663,198.97320985000115,110.05783213706243,614.5467839377267,50.88443983759199,1055.4749002676917,3444.4520705886116,3041.457130428496,759.9394619496663,198.97320985000115,110.05783213706243,614.5467839377267,50.88443983759199
2026-02-04 06:00:00+00:00,2194.38,5073.66,6386.29,796.79,773.51,90.67,470.94,37.35,2367.9613321254556,4031.3749878151702,7338.7156260353295,819.4639886150694,296.1228558466842,95.98341165790609,530.9329739639928,50.023155178664794,1055.4749002676917,3444.4520705886116,3041.457130428496,759.9394619496663,198.97320985000115,110.05783213706243,614.5467839377267,50.88443983759199,1055.4749002676917,3444.4520705886116,3041.457130428496,759.9394619496663,198.97320985000115,110.05783213706243,614.5467839377267,50.88443983759199
2026-02-04 07:00:00+00:00,2545.72,4996.63,6471.94,798.23,1055.6201,90.45,465.93,35.16,2443.343899964292,4490.219891005334,7267.589752667243,820.427287825905,638.7323155883103,94.9841654605996,510.0271124171418,45.18147243266323,1055.4749002676917,3444.4520705886116,3041.457130428496,759.9394619496663,198.97320985000115,110.05783213706243,614.5467839377267,50.88443983759199,1055.4749002676917,3444.4520705886116,3041.457130428496,759.9394619496663,198.97320985000115,110.05783213706243,614.5467839377267,50.88443983759199
2026-02-04 08:00:00+00:00,2542.83,5070.3,6250.95,798.23,301.51,90.45,490.5,35.16,2430.112910051866,4249.5731324777935,6734.761682008699,814.3331775337259,450.26511022747434,96.11459063672808,517.5507912164824,44.9986117864989,1055.4749002676917,3444.4520705886116,3041.457130428496,759.9394619496663,198.97320985000115,110.05783213706243,614.5467839377267,50.88443983759199,1055.4749002676917,3444.4520705886116,3041.457130428496,759.9394619496663,198.97320985000115,110.05783213706243,614.5467839377267,50.88443983759199
2026-02-04 09:00:00+00:00,2404.66,4916.97,6221.36,797.64,58.500004,91.04,489.92,35.16,2336.878980778707,4170.710812120888,6223.846843866145,806.423900654918,28.997908161956843,101.32452675187201,532.4067127033969,44.139513445542505,1055.4749002676917,3444.4520705886116,3041.457130428496,759.9394619496663,198.97320985000115,110.05783213706243,614.5467839377267,50.88443983759199,1055.4749002676917,3444.4520705886116,3041.457130428496,759.9394619496663,198.97320985000115,110.05783213706243,614.5467839377267,50.88443983759199
2026-02-04 10:00:00+00:00,2291.39,4690.64,6259.3,797.36,151.97,91.5,498.75,35.16,2125.274623940958,4094.14213415599,5390.460249971426,792.1233332997452,7.473475522940504,105.84078110074124,527.9054495282336,42.03964333672416,1055.4749002676917,3444.4520705886116,3041.457130428496,759.9394619496663,198.97320985000115,110.05783213706243,614.5467839377267,50.88443983759199,1055.4749002676917,3444.4520705886116,3041.457130428496,759.9394619496663,198.97320985000115,110.05783213706243,614.5467839377267,50.88443983759199
2026-02-04 11:00:00+00:00,2254.97,4868.39,6014.53,797.27,4.283595e-06,83.35,485.49,35.16,2237.7905540243796,4187.320145758286,5289.615717873124,795.330327336435,46.957306119895094,97.0244901458587,509.91628922602246,42.74934259166314,1055.4749002676917,3444.4520705886116,3041.457130428496,759.9394619496663,198.97320985000115,110.05783213706243,614.5467839377267,50.88443983759199,1055.4749002676917,3444.4520705886116,3041.457130428496,759.9394619496663,198.97320985000115,110.05783213706243,614.5467839377267,50.88443983759199
2026-02-04 12:00:00+00:00,2106.71,4866.47,5721.52,797.27,4.283595e-06,83.41,514.65,35.16,2306.407419152318,4170.731695251581,5439.537198301843,788.02723957821,72.46156686861042,97.68745510784335,518.3855871724701,44.9711141978933,1055.4749002676917,3444.4520705886116,3041.457130428496,759.9394619496663,198.97320985000115,110.05783213706243,614.5467839377267,50.88443983759199,1055.4749002676917,3444.4520705886116,3041.457130428496,759.9394619496663,198.97320985000115,110.05783213706243,614.5467839377267,50.88443983759199
2026-02-04 13:00:00+00:00,2331.7,4838.01,5941.21,797.27,101.88,85.31,558.72,35.16,2266.1737727081318,3918.907127274909,5809.069681812646,774.7513425690286,150.2700221611184,98.1830772454188,536.7148636348703,45.260063982999135,1055.4749002676917,3444.4520705886116,3041.457130428496,759.9394619496663,198.97320985000115,110.05783213706243,614.5467839377267,50.88443983759199,1055.4749002676917,3444.4520705886116,3041.457130428496,759.9394619496663,198.97320985000115,110.05783213706243,614.5467839377267,50.88443983759199
2026-02-04 14:00:00+00:00,2376.59,4885.57,5920.72,796.14,137.97,94.27,557.88,35.16,2262.089877474799,4038.6935125732516,6105.545939949032,776.2203017515893,208.03465905599367,95.197159544475,528.9635430389765,45.11562212254249,1055.4749002676917,3444.4520705886116,3041.457130428496,759.9394619496663,198.97320985000115,110.05783213706243,614.5467839377267,50.88443983759199,1055.4749002676917,3444.4520705886116,3041.457130428496,759.9394619496663,198.97320985000115,110.05783213706243,614.5467839377267,50.88443983759199
2026-02-04 15:00:00+00:00,2485.06,4938.62,6066.7,796.53,0.69000673,94.41,556.23,35.16,2151.48428759511,4443.7500280758,5708.916612252296,835.596240676706,470.6636052427132,97.67503615157081,537.9803974362459,47.71059190803969,1055.4749002676917,3444.4520705886116,3041.457130428496,759.9394619496663,198.97320985000115,110.05783213706243,614.5467839377267,50.88443983759199,1055.4749002676917,3444.4520705886116,3041.457130428496,759.9394619496663,198.97320985000115,110.05783213706243,614.5467839377267,50.88443983759199
2026-02-04 16:00:00+00:00,2497.74,4961.38,6093.92,797.71,4.283595e-06,96.98,515.48,35.16,2195.686349605957,4547.263096350418,5698.315620712106,887.9621147979933,527.3188017868338,95.04931434199668,550.5527733593977,44.92013896623066,1055.4749002676917,3444.4520705886116,3041.457130428496,759.9394619496663,198.97320985000115,110.05783213706243,614.5467839377267,50.88443983759199,1055.4749002676917,3444.4520705886116,3041.457130428496,759.9394619496663,198.97320985000115,110.05783213706243,614.5467839377267,50.88443983759199
2026-02-04 17:00:00+00:00,2511.75,5045.86,6179.26,798.35,4.283595e-06,96.39,528.05,35.16,2608.9591087448057,4484.313095766938,6751.463455995676,795.8892919672876,373.0429765316061,109.85782234290785,571.7824787263847,38.725723563657155,1055.4749002676917,3444.4520705886116,3041.457130428496,759.9394619496663,198.97320985000115,110.05783213706243,614.5467839377267,50.88443983759199,1055.4749002676917,3444.4520705886116,3041.457130428496,759.9394619496663,198.97320985000115,110.05783213706243,614.5467839377267,50.88443983759199
2026-02-04 18:00:00+00:00,2350.74,4933.72,5986.33,798.35,4.283595e-06,96.77,524.01,35.16,2620.3564999180417,4171.563688768909,6292.025718452894,793.8323444161883,186.31489574648222,103.18692950031846,601.7922249986786,39.222790009086886,1055.4749002676917,3444.4520705886116,3041.457130428496,759.9394619496663,198.97320985000115,110.05783213706243,614.5467839377267,50.88443983759199,1055.4749002676917,3444.4520705886116,3041.457130428496,759.9394619496663,198.97320985000115,110.05783213706243,614.5467839377267,50.88443983759199
2026-02-04 19:00:00+00:00,2211.38,4690.55,5717.67,798.35,4.283595e-06,94.29,505.56,35.16,2349.464863471113,3962.5875490539465,5926.737789499551,801.1674671650302,111.28541462305847,103.53763524730496,596.8398412584573,38.205319236197454,1055.4749002676917,3444.4520705886116,3041.457130428496,759.9394619496663,198.97320985000115,110.05783213706243,614.5467839377267,50.88443983759199,1055.4749002676917,3444.4520705886116,3041.457130428496,759.9394619496663,198.97320985000115,110.05783213706243,614.5467839377267,50.88443983759199
2026-02-04 20:00:00+00:00,1947.7,4860.41,5520.44,798.35,4.283595e-06,94.29,519.12,35.16,2292.5729674441186,3897.7267379562577,5590.151615899173,800.6061311493144,83.88374450016425,105.89319731689022,576.1756421583083,39.694010930551414,1055.4749002676917,3444.4520705886116,3041.457130428496,759.9394619496663,198.97320985000115,110.05783213706243,614.5467839377267,50.88443983759199,1055.4749002676917,3444.4520705886116,3041.457130428496,759.9394619496663,198.97320985000115,110.05783213706243,614.5467839377267,50.88443983759199
2026-02-04 21:00:00+00:00,1751.95,4878.07,3971.71,797.05,4.283595e-06,94.31,553.84,35.16,2043.5857340772259,4024.7027503695917,5426.548727631127,793.4000563045026,114.73764609629796,106.25280653595827,576.2355197031552,39.832245267385275,1055.4749002676917,3444.4520705886116,3041.457130428496,759.9394619496663,198.97320985000115,110.05783213706243,614.5467839377267,50.88443983759199,1055.4749002676917,3444.4520705886116,3041.457130428496,759.9394619496663,198.97320985000115,110.05783213706243,614.5467839377267,50.88443983759199
2026-02-04 22:00:00+00:00,1461.57,4450.94,3406.83,796.26,4.283595e-06,94.26,587.06,35.16,1956.6958785592578,3622.583082512611,4943.523816493174,788.7792336418695,9.467861001144371,98.83463324416363,569.7736102469156,39.49684556778057,1055.4749002676917,3444.4520705886116,3041.457130428496,759.9394619496663,198.97320985000115,110.05783213706243,614.5467839377267,50.88443983759199,1055.4749002676917,3444.4520705886116,3041.457130428496,759.9394619496663,198.97320985000115,110.05783213706243,614.5467839377267,50.88443983759199
2026-02-04 23:00:00+00:00,1530.64,3883.6,3527.98,791.99,3.510014,85.86,567.78,35.16,1684.7208721301367,3360.7046699493553,4897.234031088393,790.7414461910519,3.12031684434632,89.90879628010573,599.0011264052174,39.02996493287632,1055.4749002676917,3444.4520705886116,3041.457130428496,759.9394619496663,198.97320985000115,110.05783213706243,614.5467839377267,50.88443983759199,1055.4749002676917,3444.4520705886116,3041.457130428496,759.9394619496663,198.97320985000115,110.05783213706243,614.5467839377267,50.88443983759199
2026-02-05 00:00:00+00:00,1808.15,3787.22,3105.97,792.22,4.283595e-06,85.91,592.77,35.16,1709.3484313268177,3187.9634866322936,5107.536674680473,787.0022454670727,-9.796497160445483,85.90301468636119,596.6902782734638,39.64592451138064,1055.4749002676917,3444.4520705886116,3041.457130428496,759.9394619496663,198.97320985000115,110.05783213706243,614.5467839377267,50.88443983759199,1055.4749002676917,3444.4520705886116,3041.457130428496,759.9394619496663,198.97320985000115,110.05783213706243,614.5467839377267,50.88443983759199
2026-02-05 01:00:00+00:00,1875.5898,3787.01,3205.61,791.94,4.283595e-06,85.72,597.94,35.16,1893.431117294061,3438.814764767066,4924.728141654805,780.346762116502,-6.111516411527077,85.87495547424813,597.3319178729315,40.46410859684693,1055.4749002676917,3444.4520705886116,3041.457130428496,759.9394619496663,198.97320985000115,110.05783213706243,614.5467839377267,50.88443983759199,1055.4749002676917,3444.4520705886116,3041.457130428496,759.9394619496663,198.97320985000115,110.05783213706243,614.5467839377267,50.88443983759199
2026-02-05 02:00:00+00:00,2037.53,3785.64,3135.58,791.94,4.283595e-06,85.39,583.1,35.16,1977.4815648662984,3384.90435664062,5288.3978032258965,775.9714781346656,-8.046962713253379,88.44395545812108,589.698838918136,40.986266454103394,1055.4749002676917,3444.4520705886116,3041.457130428496,759.9394619496663,198.97320985000115,110.05783213706243,614.5467839377267,50.88443983759199,1055.4749002676917,3444.4520705886116,3041.457130428496,759.9394619496663,198.97320985000115,110.05783213706243,614.5467839377267,50.88443983759199
2026-02-05 03:00:00+00:00,2279.56,4119.57,3452.06,791.94,4.283595e-06,85.42,564.34,35.16,1985.0901551320994,3572.078101567896,5272.870205840589,785.5249335311922,-1.160815278733395,89.12962888056121,592.1288947494393,40.084266164133304,1055.4749002676917,3444.4520705886116,3041.457130428496,759.9394619496663,198.97320985000115,110.05783213706243,614.5467839377267,50.88443983759199,1055.4749002676917,3444.4520705886116,3041.457130428496,759.9394619496663,198.97320985000115,110.05783213706243,614.5467839377267,50.88443983759199
2026-02-05 04:00:00+00:00,2590.87,4466.29,4130.07,791.94,4.283595e-06,94.08,463.87,35.16,2402.218251951088,3835.4842241840915,5750.132600836854,785.7288856656396,16.77861093124403,92.42218619125217,598.352402476731,39.97826505010311,1055.4749002676917,3444.4520705886116,3041.457130428496,759.9394619496663,198.97320985000115,110.05783213706243,614.5467839377267,50.88443983759199,1055.4749002676917,3444.4520705886116,3041.457130428496,759.9394619496663,198.97320985000115,110.05783213706243,614.5467839377267,50.88443983759199
2026-02-05 05:00:00+00:00,2789.7603,5023.84,5469.65,793.35,4.283595e-06,94.24,432.66,35.16,2608.860536788712,4090.991044593582,6256.074774820132,796.2417101705305,87.6652792356644,98.54141734057562,590.2919940566317,39.61006669211247,1055.4749002676917,3444.4520705886116,3041.457130428496,759.9394619496663,198.97320985000115,110.05783213706243,614.5467839377267,50.88443983759199,1055.4749002676917,3444.4520705886116,3041.457130428496,759.9394619496663,198.97320985000115,110.05783213706243,614.5467839377267,50.88443983759199
2026-02-05 06:00:00+00:00,2994.49,5117.6,6730.75,795.91,87.69,94.24,432.62,35.16,2480.1213639852417,4285.541496033571,7352.406243158739,808.5602413635287,548.3147192042949,104.1506951643982,594.2610888717154,48.97097852686837,1055.4749002676917,3444.4520705886116,3041.457130428496,759.9394619496663,198.97320985000115,110.05783213706243,614.5467839377267,50.88443983759199,1055.4749002676917,3444.4520705886116,3041.457130428496,759.9394619496663,198.97320985000115,110.05783213706243,614.5467839377267,50.88443983759199
2026-02-05 07:00:00+00:00,2906.69,5104.62,7057.69,797.35,691.1,94.24,437.51,35.16,2647.8156269970314,4334.733474521453,7559.992353524298,801.2494631286155,844.2815059374632,97.31014937525036,598.3509110901056,41.792368589051044,1055.4749002676917,3444.4520705886116,3041.457130428496,759.9394619496663,198.97320985000115,110.05783213706243,614.5467839377267,50.88443983759199,1055.4749002676917,3444.4520705886116,3041.457130428496,759.9394619496663,198.97320985000115,110.05783213706243,614.5467839377267,50.88443983759199
2026-02-05 08:00:00+00:00,2883.07,5107.71,7068.2207,797.35,515.85,94.23,443.33,35.16,2629.7979454722768,4447.408108518165,7554.158897710669,806.8544073576292,659.3441458125059,100.82003121149494,601.6668694142448,42.95206540602285,1055.4749002676917,3444.4520705886116,3041.457130428496,759.9394619496663,198.97320985000115,110.05783213706243,614.5467839377267,50.88443983759199,1055.4749002676917,3444.4520705886116,3041.457130428496,759.9394619496663,198.97320985000115,110.05783213706243,614.5467839377267,50.88443983759199
2026-02-05 09:00:00+00:00,2533.9,5088.57,7395.98,796.77,289.68,94.21,437.69,35.16,2630.2549503560554,4337.091618831962,7147.97433454535,798.5197950988377,249.4061647760556,105.49399749794725,586.0448220567406,42.85094288361566,1055.4749002676917,3444.4520705886116,3041.457130428496,759.9394619496663,198.97320985000115,110.05783213706243,614.5467839377267,50.88443983759199,1055.4749002676917,3444.4520705886116,3041.457130428496,759.9394619496663,198.97320985000115,110.05783213706243,614.5467839377267,50.88443983759199
2026-02-05 10:00:00+00:00,2572.73,5115.48,7315.61,797.05,21.690022,94.21,456.14,35.16,2054.4811241011475,4235.724853719546,6647.829457109318,791.3137951015918,19.03755781985504,102.8588456468968,579.3432371143532,42.517718297471056,1055.4749002676917,3444.4520705886116,3041.457130428496,759.9394619496663,198.97320985000115,110.05783213706243,614.5467839377267,50.88443983759199,1055.4749002676917,3444.4520705886116,3041.457130428496,759.9394619496663,198.97320985000115,110.05783213706243,614.5467839377267,50.88443983759199
2026-02-05 11:00:00+00:00,2397.67,5021.18,7204.51,797.9,4.283595e-06,94.46,498.15,35.16,2064.76324225214,3788.8002764336375,6134.916537736558,777.1302312082236,12.37180732003361,99.24598455035611,551.6007253326188,43.33119502203427,1055.4749002676917,3444.4520705886116,3041.457130428496,759.9394619496663,198.97320985000115,110.05783213706243,614.5467839377267,50.88443983759199,1055.4749002676917,3444.4520705886116,3041.457130428496,759.9394619496663,198.97320985000115,110.05783213706243,614.5467839377267,50.88443983759199
2026-02-05 12:00:00+00:00,2381.28,4982.19,7029.14,797.9,4.283595e-06,94.36,494.25,35.16,2036.7631148853573,4029.8834809672508,5874.015050083134,777.7442019432623,-46.73238413606211,101.09336273333611,529.1969024113591,44.04623609766146,1055.4749002676917,3444.4520705886116,3041.457130428496,759.9394619496663,198.97320985000115,110.05783213706243,614.5467839377267,50.88443983759199,1055.4749002676917,3444.4520705886116,3041.457130428496,759.9394619496663,198.97320985000115,110.05783213706243,614.5467839377267,50.88443983759199
2026-02-05 13:00:00+00:00,2461.74,5098.57,7061.78,797.9,4.283595e-06,94.36,489.31,35.16,1939.125879049081,4012.7126851982807,5893.005167297501,784.103334558466,-41.265431461162024,99.43155821419543,533.4050522316192,45.734341644563074,1055.4749002676917,3444.4520705886116,3041.457130428496,759.9394619496663,198.97320985000115,110.05783213706243,614.5467839377267,50.88443983759199,1055.4749002676917,3444.4520705886116,3041.457130428496,759.9394619496663,198.97320985000115,110.05783213706243,614.5467839377267,50.88443983759199
2026-02-05 14:00:00+00:00,2509.58,5092.82,7202.73,797.9,13.789997,95.47,455.74,36.45,2171.127619764585,4153.639105272988,6132.426513070484,783.5851163457086,3.0645804141869064,98.31558865439708,517.8713610886621,46.72920352738323,1055.4749002676917,3444.4520705886116,3041.457130428496,759.9394619496663,198.97320985000115,110.05783213706243,614.5467839377267,50.88443983759199,1055.4749002676917,3444.4520705886116,3041.457130428496,759.9394619496663,198.97320985000115,110.05783213706243,614.5467839377267,50.88443983759199
2026-02-05 15:00:00+00:00,2600.29,5247.84,7241.94,798.3,148.74,95.84,473.69,36.02,2479.262902175307,4435.494024769519,7026.910474478089,854.3325971760535,182.23393969942515,101.60362544841526,574.3135264624503,45.9072114025574,1055.4749002676917,3444.4520705886116,3041.457130428496,759.9394619496663,198.97320985000115,110.05783213706243,614.5467839377267,50.88443983759199,1055.4749002676917,3444.4520705886116,3041.457130428496,759.9394619496663,198.97320985000115,110.05783213706243,614.5467839377267,50.88443983759199
2026-02-05 16:00:00+00:00,2606.4,5307.76,7288.61,799.47,861.63,98.2,465.42,35.16,2716.1466944616986,4213.706107870631,7550.895761828006,904.7093552430597,465.4952646790507,99.89994732307464,600.402731700676,46.383580972904326,1055.4749002676917,3444.4520705886116,3041.457130428496,759.9394619496663,198.97320985000115,110.05783213706243,614.5467839377267,50.88443983759199,1055.4749002676917,3444.4520705886116,3041.457130428496,759.9394619496663,198.97320985000115,110.05783213706243,614.5467839377267,50.88443983759199
2026-02-05 17:00:00+00:00,2607.76,5219.72,7405.54,800.12,1013.17,98.07,472.07,35.16,3031.298580077203,4387.214018394068,7907.593874320324,789.2009140213482,380.1056521551326,109.6579639250807,580.4936718061069,37.35646565981381,1055.4749002676917,3444.4520705886116,3041.457130428496,759.9394619496663,198.97320985000115,110.05783213706243,614.5467839377267,50.88443983759199,1055.4749002676917,3444.4520705886116,3041.457130428496,759.9394619496663,198.97320985000115,110.05783213706243,614.5467839377267,50.88443983759199
2026-02-05 18:00:00+00:00,2602.58,5163.83,7410.47,800.12,736.74,98.12,475.13,35.16,2962.3008236240876,4636.501079583109,7652.321483489968,788.0601351391839,106.25267161226844,114.19849734502607,573.5564291438109,38.15807890051477,1055.4749002676917,3444.4520705886116,3041.457130428496,759.9394619496663,198.97320985000115,110.05783213706243,614.5467839377267,50.88443983759199,1055.4749002676917,3444.4520705886116,3041.457130428496,759.9394619496663,198.97320985000115,110.05783213706243,614.5467839377267,50.88443983759199
2026-02-05 19:00:00+00:00,2514.24,5189.51,7347.23,800.12,315.05,95.97,488.54,35.16,2735.982268012845,4391.445594323746,7128.656643417435,803.3371481584101,73.49949574238067,113.93947396802012,548.887497713578,38.63904087585397,1055.4749002676917,3444.4520705886116,3041.457130428496,759.9394619496663,198.97320985000115,110.05783213706243,614.5467839377267,50.88443983759199,1055.4749002676917,3444.4520705886116,3041.457130428496,759.9394619496663,198.97320985000115,110.05783213706243,614.5467839377267,50.88443983759199
2026-02-05 20:00:00+00:00,2449.27,5161.16,6817.38,800.12,35.81,95.97,480.46,35.16,2435.8207631456235,4371.476558528113,6594.006210404963,803.5606651322934,52.88814890116956,109.85589321968583,545.3997119700856,40.316294593475675,1055.4749002676917,3444.4520705886116,3041.457130428496,759.9394619496663,198.97320985000115,110.05783213706243,614.5467839377267,50.88443983759199,1055.4749002676917,3444.4520705886116,3041.457130428496,759.9394619496663,198.97320985000115,110.05783213706243,614.5467839377267,50.88443983759199
2026-02-05 21:00:00+00:00,2362.04,5144.39,6654.58,798.81,4.283595e-06,96.02,471.97,35.16,2401.6472793603025,4368.922595207026,6742.476124650055,796.7016832956355,18.83766940053863,103.72411199880737,562.3620176004279,39.46269803658318,1055.4749002676917,3444.4520705886116,3041.457130428496,759.9394619496663,198.97320985000115,110.05783213706243,614.5467839377267,50.88443983759199,1055.4749002676917,3444.4520705886116,3041.457130428496,759.9394619496663,198.97320985000115,110.05783213706243,614.5467839377267,50.88443983759199
2026-02-05 22:00:00+00:00,2301.49,5146.46,6444.99,798.02,4.283595e-06,96.18,477.65,35.16,2354.9099263848298,4077.6676322330036,6344.932902435172,791.5763752048874,-18.60589710401348,106.16175940255167,564.9699441513443,39.76642305357742,1055.4749002676917,3444.4520705886116,3041.457130428496,759.9394619496663,198.97320985000115,110.05783213706243,614.5467839377267,50.88443983759199,1055.4749002676917,3444.4520705886116,3041.457130428496,759.9394619496663,198.97320985000115,110.05783213706243,614.5467839377267,50.88443983759199
2026-02-05 23:00:00+00:00,2288.38,5138.82,6254.94,793.75,4.283595e-06,86.16,552.15,35.16,2138.9493847325243,3968.452085235863,6203.534407183854,788.5447554564328,-2.000536699989482,106.37761333209082,565.4354397772554,40.343436792365395,1055.4749002676917,3444.4520705886116,3041.457130428496,759.9394619496663,198.97320985000115,110.05783213706243,614.5467839377267,50.88443983759199,1055.4749002676917,3444.4520705886116,3041.457130428496,759.9394619496663,198.97320985000115,110.05783213706243,614.5467839377267,50.88443983759199
2026-02-06 00:00:00+00:00,2284.68,5150.59,6228.49,795.25,4.283595e-06,86.2,578.57,35.16,2085.444150538093,3917.8211588433405,6273.084025317756,783.5508754259262,33.25188248051239,101.55284625638376,596.6002163472588,40.15775817773363,1055.4749002676917,3444.4520705886116,3041.457130428496,759.9394619496663,198.97320985000115,110.05783213706243,614.5467839377267,50.88443983759199,1055.4749002676917,3444.4520705886116,3041.457130428496,759.9394619496663,198.97320985000115,110.05783213706243,614.5467839377267,50.88443983759199
2026-02-06 01:00:00+00:00,2283.66,5144.29,6330.44,794.96,4.283595e-06,86.35,596.78,35.16,2000.3714051861734,3922.0240442711256,6201.875398986781,781.349288227244,34.83193665665041,105.62547272767866,595.2130248781963,37.80263313422978,1055.4749002676917,3444.4520705886116,3041.457130428496,759.9394619496663,198.97320985000115,110.05783213706243,614.5467839377267,50.88443983759199,1055.4749002676917,3444.4520705886116,3041.457130428496,759.9394619496663,198.97320985000115,110.05783213706243,614.5467839377267,50.88443983759199
2026-02-06 02:00:00+00:00,2285.05,5143.65,6361.48,794.96,4.283595e-06,85.91,630.93,35.16,2103.434824825242,3930.3642684170977,6376.556721391671,782.9306976471935,27.194026193943756,104.03276930844909,602.752013466218,39.039610809487215,1055.4749002676917,3444.4520705886116,3041.457130428496,759.9394619496663,198.97320985000115,110.05783213706243,614.5467839377267,50.88443983759199,1055.4749002676917,3444.4520705886116,3041.457130428496,759.9394619496663,198.97320985000115,110.05783213706243,614.5467839377267,50.88443983759199
2026-02-06 03:00:00+00:00,2306.45,5125.64,6644.77,794.96,4.283595e-06,94.33,628.14,35.16,2301.723413923837,4074.622020685081,6541.803391064784,784.0940804621465,5.105730828859123,106.82411670092111,625.0700604177084,38.451865781149884,1055.4749002676917,3444.4520705886116,3041.457130428496,759.9394619496663,198.97320985000115,110.05783213706243,614.5467839377267,50.88443983759199,1055.4749002676917,3444.4520705886116,3041.457130428496,759.9394619496663,198.97320985000115,110.05783213706243,614.5467839377267,50.88443983759199
2026-02-06 04:00:00+00:00,2434.76,4937.5,6566.16,794.96,4.283595e-06,94.58,614.0,35.16,2574.9180642206115,4189.905209665466,6816.938231065587,793.529901065689,3.8658913711675496,110.39384813005027,604.2410435647001,39.15831453378928,1055.4749002676917,3444.4520705886116,3041.457130428496,759.9394619496663,198.97320985000115,110.05783213706243,614.5467839377267,50.88443983759199,1055.4749002676917,3444.4520705886116,3041.457130428496,759.9394619496663,198.97320985000115,110.05783213706243,614.5467839377267,50.88443983759199
2026-02-06 05:00:00+00:00,2511.47,4855.88,6748.05,796.38,122.13,94.32,626.67,35.16,2285.6300010546265,4194.059757623797,7726.477874237704,794.5913257634526,101.75131189580911,108.29297183012496,609.8367374622436,41.06114624128178,1055.4749002676917,3444.4520705886116,3041.457130428496,759.9394619496663,198.97320985000115,110.05783213706243,614.5467839377267,50.88443983759199,1055.4749002676917,3444.4520705886116,3041.457130428496,759.9394619496663,198.97320985000115,110.05783213706243,614.5467839377267,50.88443983759199
2026-02-06 06:00:00+00:00,2610.94,4961.43,7238.1,798.94,549.95,94.36,614.99,35.16,2471.4721174909496,4128.66832346073,7989.526106183548,840.5568361137849,386.1502525876267,94.9379090802899,607.5027117469812,55.106931496388256,1055.4749002676917,3444.4520705886116,3041.457130428496,759.9394619496663,198.97320985000115,110.05783213706243,614.5467839377267,50.88443983759199,1055.4749002676917,3444.4520705886116,3041.457130428496,759.9394619496663,198.97320985000115,110.05783213706243,614.5467839377267,50.88443983759199
2026-02-06 07:00:00+00:00,2614.81,5150.37,7231.02,801.12,654.2051,94.27,612.06,35.16,2630.931488266433,4017.568801793116,7753.431476293406,824.8285253258316,837.8589932750842,98.03165753321414,628.8334578077221,47.905128047428676,1055.4749002676917,3444.4520705886116,3041.457130428496,759.9394619496663,198.97320985000115,110.05783213706243,614.5467839377267,50.88443983759199,1055.4749002676917,3444.4520705886116,3041.457130428496,759.9394619496663,198.97320985000115,110.05783213706243,614.5467839377267,50.88443983759199
2026-02-06 08:00:00+00:00,2596.36,5173.49,7169.99,800.56,758.46,94.49,615.05,35.16,2549.913738480077,4507.9790066571095,7767.862936751459,831.4500828054607,691.3966708926087,97.99564950079701,627.6352126201489,46.21402894953453,1055.4749002676917,3444.4520705886116,3041.457130428496,759.9394619496663,198.97320985000115,110.05783213706243,614.5467839377267,50.88443983759199,1055.4749002676917,3444.4520705886116,3041.457130428496,759.9394619496663,198.97320985000115,110.05783213706243,614.5467839377267,50.88443983759199
2026-02-06 09:00:00+00:00,2615.23,5170.65,6786.21,800.54,472.68,94.55,636.21,35.16,2500.7963518820648,4779.46802312265,7768.961323624302,826.478311158181,459.3708067701334,93.2748843056375,612.7642846676208,45.61504505165039,1055.4749002676917,3444.4520705886116,3041.457130428496,759.9394619496663,198.97320985000115,110.05783213706243,614.5467839377267,50.88443983759199,1055.4749002676917,3444.4520705886116,3041.457130428496,759.9394619496663,198.97320985000115,110.05783213706243,614.5467839377267,50.88443983759199
2026-02-06 10:00:00+00:00,2612.17,5162.96,6436.61,800.54,262.37,94.55,629.83,35.16,2364.300945289584,4477.737726675559,7510.188926042869,795.6465993231888,185.6121987445072,92.33359524467865,582.8533840769114,44.04646017288596,1055.4749002676917,3444.4520705886116,3041.457130428496,759.9394619496663,198.97320985000115,110.05783213706243,614.5467839377267,50.88443983759199,1055.4749002676917,3444.4520705886116,3041.457130428496,759.9394619496663,198.97320985000115,110.05783213706243,614.5467839377267,50.88443983759199
2026-02-06 11:00:00+00:00,2600.54,5140.58,6404.94,800.54,42.879993,96.17,637.03,35.16,2138.7944805913985,4590.741332188835,7658.13060197196,790.8701008358292,124.16411428193115,87.17320611978366,561.2204622041527,47.517000734016406,1055.4749002676917,3444.4520705886116,3041.457130428496,759.9394619496663,198.97320985000115,110.05783213706243,614.5467839377267,50.88443983759199,1055.4749002676917,3444.4520705886116,3041.457130428496,759.9394619496663,198.97320985000115,110.05783213706243,614.5467839377267,50.88443983759199
2026-02-06 12:00:00+00:00,2582.01,5142.6,6410.74,800.82,4.283595e-06,95.9,589.96,35.16,2022.314603200819,4465.39453323052,7665.639927361564,805.9142190298304,87.8281307512659,87.3417160637274,565.4162336234816,56.66668023798765,1055.4749002676917,3444.4520705886116,3041.457130428496,759.9394619496663,198.97320985000115,110.05783213706243,614.5467839377267,50.88443983759199,1055.4749002676917,3444.4520705886116,3041.457130428496,759.9394619496663,198.97320985000115,110.05783213706243,614.5467839377267,50.88443983759199
2026-02-06 13:00:00+00:00,2584.53,5128.25,6442.82,800.91,4.283595e-06,95.9,595.98,35.16,2141.1722522316377,4441.326095671917,7595.806117371385,802.2265557492318,54.75725893367513,88.58171967537447,598.3544704117292,58.59677566862409,1055.4749002676917,3444.4520705886116,3041.457130428496,759.9394619496663,198.97320985000115,110.05783213706243,614.5467839377267,50.88443983759199,1055.4749002676917,3444.4520705886116,3041.457130428496,759.9394619496663,198.97320985000115,110.05783213706243,614.5467839377267,50.88443983759199
2026-02-06 14:00:00+00:00,2603.19,5134.1,6614.69,800.91,4.283595e-06,97.74,603.4,35.16,2018.3473818765694,4649.029391599093,7744.088540212142,821.7354265404458,87.8285762002604,90.50102457444123,618.5586874321314,60.085898978873765,1055.4749002676917,3444.4520705886116,3041.457130428496,759.9394619496663,198.97320985000115,110.05783213706243,614.5467839377267,50.88443983759199,1055.4749002676917,3444.4520705886116,3041.457130428496,759.9394619496663,198.97320985000115,110.05783213706243,614.5467839377267,50.88443983759199
2026-02-06 15:00:00+00:00,2619.31,5159.12,6732.41,801.31,111.13,98.19,576.96,35.16,1703.1966862427334,4441.334822940975,7663.268551086727,889.3532360748464,423.20067003544705,95.25789564195713,646.630294521439,59.18107631640096,1055.4749002676917,3444.4520705886116,3041.457130428496,759.9394619496663,198.97320985000115,110.05783213706243,614.5467839377267,50.88443983759199,1055.4749002676917,3444.4520705886116,3041.457130428496,759.9394619496663,198.97320985000115,110.05783213706243,614.5467839377267,50.88443983759199
2026-02-06 16:00:00+00:00,2623.01,5095.0,6611.68,802.03,403.56,98.38,537.49,35.16,2210.5428999199867,4612.601010567574,7298.058005212357,937.9098476775218,808.5586392201038,92.75848153853863,658.0424671529526,62.011892540577236,1055.4749002676917,3444.4520705886116,3041.457130428496,759.9394619496663,198.97320985000115,110.05783213706243,614.5467839377267,50.88443983759199,1055.4749002676917,3444.4520705886116,3041.457130428496,759.9394619496663,198.97320985000115,110.05783213706243,614.5467839377267,50.88443983759199
2026-02-06 17:00:00+00:00,2623.35,4576.28,6765.24,802.67,228.01,98.19,593.05,35.16,2492.142745636913,4932.622531987125,7855.437121738141,805.9820729751304,694.076322131345,109.8144273338016,631.2048493085172,40.851219887323275,1055.4749002676917,3444.4520705886116,3041.457130428496,759.9394619496663,198.97320985000115,110.05783213706243,614.5467839377267,50.88443983759199,1055.4749002676917,3444.4520705886116,3041.457130428496,759.9394619496663,198.97320985000115,110.05783213706243,614.5467839377267,50.88443983759199
2026-02-06 18:00:00+00:00,2620.53,4074.57,6751.38,802.67,4.283595e-06,98.25,580.06,35.16,2376.5595446739026,4926.8137602105535,7826.901301000911,797.2694658015491,293.1393530965472,111.91261919953065,624.7931076804414,39.90723213486264,1055.4749002676917,3444.4520705886116,3041.457130428496,759.9394619496663,198.97320985000115,110.05783213706243,614.5467839377267,50.88443983759199,1055.4749002676917,3444.4520705886116,3041.457130428496,759.9394619496663,198.97320985000115,110.05783213706243,614.5467839377267,50.88443983759199
2026-02-06 19:00:00+00:00,2520.84,4063.51,6731.94,802.67,4.283595e-06,98.32,579.98,35.16,2400.6420356272242,4649.171181748768,6589.6512746288045,805.4277254134955,101.84259599358995,111.69110658747475,579.7314761868276,41.04677528591219,1055.4749002676917,3444.4520705886116,3041.457130428496,759.9394619496663,198.97320985000115,110.05783213706243,614.5467839377267,50.88443983759199,1055.4749002676917,3444.4520705886116,3041.457130428496,759.9394619496663,198.97320985000115,110.05783213706243,614.5467839377267,50.88443983759199
2026-02-06 20:00:00+00:00,2477.1,4077.17,6705.68,802.67,4.283595e-06,97.16,587.78,35.16,2268.296275190068,4608.204002968132,6341.843258028839,808.7997511616503,79.180312571121,109.57077789102867,582.4339503993623,39.203779620482244,1055.4749002676917,3444.4520705886116,3041.457130428496,759.9394619496663,198.97320985000115,110.05783213706243,614.5467839377267,50.88443983759199,1055.4749002676917,3444.4520705886116,3041.457130428496,759.9394619496663,198.97320985000115,110.05783213706243,614.5467839377267,50.88443983759199
2026-02-06 21:00:00+00:00,2384.94,4095.14,6210.72,801.36,4.283595e-06,95.97,546.98,35.16,2015.5821744549103,3960.786018395241,5966.218019727043,801.5993969611469,22.02154912790408,110.7631825011803,552.9765608382698,39.59413506619095,1055.4749002676917,3444.4520705886116,3041.457130428496,759.9394619496663,198.97320985000115,110.05783213706243,614.5467839377267,50.88443983759199,1055.4749002676917,3444.4520705886116,3041.457130428496,759.9394619496663,198.97320985000115,110.05783213706243,614.5467839377267,50.88443983759199
2026-02-06 22:00:00+00:00,2294.05,4061.32,5937.05,800.58,4.283595e-06,96.18,534.49,35.16,1719.7578425863728,3659.1771995295285,5619.22809068672,786.2817495802904,24.88740432156098,108.76732081508008,562.2450346627613,39.24499231964731,1055.4749002676917,3444.4520705886116,3041.457130428496,759.9394619496663,198.97320985000115,110.05783213706243,614.5467839377267,50.88443983759199,1055.4749002676917,3444.4520705886116,3041.457130428496,759.9394619496663,198.97320985000115,110.05783213706243,614.5467839377267,50.88443983759199
2026-02-06 23:00:00+00:00,2197.7,4094.96,5858.69,796.02,4.283595e-06,87.63,513.27,35.16,1625.6403775439624,3374.707578579211,4830.7000469068535,785.774763286036,45.652787274982245,107.4834513126679,574.593977956233,39.761318057145715,1055.4749002676917,3444.4520705886116,3041.457130428496,759.9394619496663,198.97320985000115,110.05783213706243,614.5467839377267,50.88443983759199,1055.4749002676917,3444.4520705886116,3041.457130428496,759.9394619496663,198.97320985000115,110.05783213706243,614.5467839377267,50.88443983759199
2026-02-07 00:00:00+00:00,2164.48,4128.76,5782.86,794.99,4.283595e-06,86.3,541.67,35.16,1729.425932963604,3425.97194006725,4696.933328412489,785.6426686518078,10.116427892673016,102.55075882553376,595.4399475297753,40.6186415314342,1055.4749002676917,3444.4520705886116,3041.457130428496,759.9394619496663,198.97320985000115,110.05783213706243,614.5467839377267,50.88443983759199,1055.4749002676917,3444.4520705886116,3041.457130428496,759.9394619496663,198.97320985000115,110.05783213706243,614.5467839377267,50.88443983759199
2026-02-07 01:00:00+00:00,2162.42,4073.13,5831.03,794.17,4.283595e-06,86.76,539.84,35.16,1782.114603985829,3617.022633622538,4635.658680407872,778.3281297005187,33.96966987383507,104.06143346729284,596.4759124099214,41.623636881157296,1055.4749002676917,3444.4520705886116,3041.457130428496,759.9394619496663,198.97320985000115,110.05783213706243,614.5467839377267,50.88443983759199,1055.4749002676917,3444.4520705886116,3041.457130428496,759.9394619496663,198.97320985000115,110.05783213706243,614.5467839377267,50.88443983759199
2026-02-07 02:00:00+00:00,2168.5,4084.82,5770.37,793.34,4.283595e-06,86.02,543.64,35.16,1667.900656689895,3716.3168639671767,4651.385562283011,782.3882115072358,5.6362714120000135,104.28466504866553,601.0170553306706,41.74616572883347,1055.4749002676917,3444.4520705886116,3041.457130428496,759.9394619496663,198.97320985000115,110.05783213706243,614.5467839377267,50.88443983759199,1055.4749002676917,3444.4520705886116,3041.457130428496,759.9394619496663,198.97320985000115,110.05783213706243,614.5467839377267,50.88443983759199
2026-02-07 03:00:00+00:00,2167.84,4089.39,5699.22,793.34,4.283595e-06,86.1,551.76,35.16,1712.7778276709562,3554.331371925012,4591.077153509498,775.4661086051462,7.572626594693702,104.60823679760433,598.1391954047724,41.11295803330635,1055.4749002676917,3444.4520705886116,3041.457130428496,759.9394619496663,198.97320985000115,110.05783213706243,614.5467839377267,50.88443983759199,1055.4749002676917,3444.4520705886116,3041.457130428496,759.9394619496663,198.97320985000115,110.05783213706243,614.5467839377267,50.88443983759199
2026-02-07 04:00:00+00:00,2226.01,4087.9,5714.41,793.34,4.283595e-06,94.75,551.41,35.16,1623.1071959381175,3693.4681998868887,4633.082357564305,781.8134350188242,13.035999338089113,106.05842605170177,609.1672069617713,40.71161936543708,1055.4749002676917,3444.4520705886116,3041.457130428496,759.9394619496663,198.97320985000115,110.05783213706243,614.5467839377267,50.88443983759199,1055.4749002676917,3444.4520705886116,3041.457130428496,759.9394619496663,198.97320985000115,110.05783213706243,614.5467839377267,50.88443983759199
2026-02-07 05:00:00+00:00,2327.31,4034.06,5781.05,794.75,4.283595e-06,95.29,544.02,35.16,1610.6889399382362,3626.7124672132695,5353.380934743682,792.1035025925054,103.68430149134979,103.67014958773889,609.3333649848602,39.85769778893229,1055.4749002676917,3444.4520705886116,3041.457130428496,759.9394619496663,198.97320985000115,110.05783213706243,614.5467839377267,50.88443983759199,1055.4749002676917,3444.4520705886116,3041.457130428496,759.9394619496663,198.97320985000115,110.05783213706243,614.5467839377267,50.88443983759199
2026-02-07 06:00:00+00:00,2354.56,4042.36,5967.1,797.64,4.283595e-06,95.96,522.59,35.16,1190.0360321905605,4118.365866886663,4300.48914000619,843.5827723324891,269.33219161177584,90.16466957298738,610.3815599844653,60.19394619223216,1055.4749002676917,3444.4520705886116,3041.457130428496,759.9394619496663,198.97320985000115,110.05783213706243,614.5467839377267,50.88443983759199,1055.4749002676917,3444.4520705886116,3041.457130428496,759.9394619496663,198.97320985000115,110.05783213706243,614.5467839377267,50.88443983759199
2026-02-07 07:00:00+00:00,2382.99,4048.3,6149.66,799.91,4.283595e-06,95.9,525.79,35.16,1286.1703143783568,4133.5521549898895,4612.138454536615,857.3894524114812,335.7011694774483,86.91487730937158,600.4469412046367,56.39253635595506,1055.4749002676917,3444.4520705886116,3041.457130428496,759.9394619496663,198.97320985000115,110.05783213706243,614.5467839377267,50.88443983759199,1055.4749002676917,3444.4520705886116,3041.457130428496,759.9394619496663,198.97320985000115,110.05783213706243,614.5467839377267,50.88443983759199
2026-02-07 08:00:00+00:00,2382.63,4047.95,6077.83,800.09,4.283595e-06,95.97,558.45,35.16,1361.0589203329841,4013.9059049275747,4798.53876269451,847.244473837011,204.7500250325167,89.77348431682037,606.2590449948666,59.14613479843888,1055.4749002676917,3444.4520705886116,3041.457130428496,759.9394619496663,198.97320985000115,110.05783213706243,614.5467839377267,50.88443983759199,1055.4749002676917,3444.4520705886116,3041.457130428496,759.9394619496663,198.97320985000115,110.05783213706243,614.5467839377267,50.88443983759199
2026-02-07 09:00:00+00:00,2302.12,3995.92,6026.77,799.24,4.283595e-06,97.15,523.74,35.16,1352.6812893664242,3994.7333604933524,4659.158423783189,807.4533213292483,65.35533941249216,90.30414354103002,601.9091837277728,56.13078972648485,1055.4749002676917,3444.4520705886116,3041.457130428496,759.9394619496663,198.97320985000115,110.05783213706243,614.5467839377267,50.88443983759199,1055.4749002676917,3444.4520705886116,3041.457130428496,759.9394619496663,198.97320985000115,110.05783213706243,614.5467839377267,50.88443983759199
2026-02-07 10:00:00+00:00,2153.6,4013.34,5955.49,799.24,4.283595e-06,99.18,538.31,35.16,1300.0834087021776,3862.957619501103,3901.0008306538994,756.0554819568302,109.2556066724585,90.02851560685338,566.8718729996311,55.29641435714405,1055.4749002676917,3444.4520705886116,3041.457130428496,759.9394619496663,198.97320985000115,110.05783213706243,614.5467839377267,50.88443983759199,1055.4749002676917,3444.4520705886116,3041.457130428496,759.9394619496663,198.97320985000115,110.05783213706243,614.5467839377267,50.88443983759199
2026-02-07 11:00:00+00:00,2329.67,4003.61,6026.69,799.24,4.283595e-06,100.5,576.5,35.16,1333.3812488149365,3994.675165148067,3620.665354943918,744.5640265784098,20.6496262417306,89.87569087010993,598.6570198836961,51.80892531129923,1055.4749002676917,3444.4520705886116,3041.457130428496,759.9394619496663,198.97320985000115,110.05783213706243,614.5467839377267,50.88443983759199,1055.4749002676917,3444.4520705886116,3041.457130428496,759.9394619496663,198.97320985000115,110.05783213706243,614.5467839377267,50.88443983759199
2026-02-07 12:00:00+00:00,2332.96,4014.62,6000.98,798.88,4.283595e-06,101.28,655.31,35.16,1305.3300691194736,4139.693595135913,3118.4672604616617,741.2230602399605,34.702381929468686,89.93950858662524,600.1710493646314,51.74003317059557,1055.4749002676917,3444.4520705886116,3041.457130428496,759.9394619496663,198.97320985000115,110.05783213706243,614.5467839377267,50.88443983759199,1055.4749002676917,3444.4520705886116,3041.457130428496,759.9394619496663,198.97320985000115,110.05783213706243,614.5467839377267,50.88443983759199
2026-02-07 13:00:00+00:00,2331.01,3903.75,6020.77,798.69,4.283595e-06,102.61,607.13,35.16,1249.8919842720252,4339.097600938691,2855.1732181527236,744.3903920785243,42.48672384103773,89.05998071794781,592.8711664524611,54.761196804890375,1055.4749002676917,3444.4520705886116,3041.457130428496,759.9394619496663,198.97320985000115,110.05783213706243,614.5467839377267,50.88443983759199,1055.4749002676917,3444.4520705886116,3041.457130428496,759.9394619496663,198.97320985000115,110.05783213706243,614.5467839377267,50.88443983759199
2026-02-07 14:00:00+00:00,2317.43,3550.88,6006.98,798.51,4.283595e-06,103.49,620.03,35.16,1449.8041865680248,4787.137458208853,4042.541340159519,786.808883971444,42.34805314170268,93.11711388954276,589.6457719384034,55.36969503128882,1055.4749002676917,3444.4520705886116,3041.457130428496,759.9394619496663,198.97320985000115,110.05783213706243,614.5467839377267,50.88443983759199,1055.4749002676917,3444.4520705886116,3041.457130428496,759.9394619496663,198.97320985000115,110.05783213706243,614.5467839377267,50.88443983759199
2026-02-07 15:00:00+00:00,2379.04,3576.69,6097.98,798.91,31.249989,104.16,636.55,35.16,1689.983886375685,4607.206551189542,5270.046220443324,835.6989859901679,304.0446831294888,89.39960653051747,602.3206207696919,52.93756529347427,1055.4749002676917,3444.4520705886116,3041.457130428496,759.9394619496663,198.97320985000115,110.05783213706243,614.5467839377267,50.88443983759199,1055.4749002676917,3444.4520705886116,3041.457130428496,759.9394619496663,198.97320985000115,110.05783213706243,614.5467839377267,50.88443983759199
2026-02-07 16:00:00+00:00,2566.98,3587.19,6157.51,799.63,306.75,104.21,657.55,35.16,1679.218806726648,4154.692798189232,5267.240795564796,901.7767369841797,838.1014864758791,96.05101191624067,595.4445610844139,54.415789502074176,1055.4749002676917,3444.4520705886116,3041.457130428496,759.9394619496663,198.97320985000115,110.05783213706243,614.5467839377267,50.88443983759199,1055.4749002676917,3444.4520705886116,3041.457130428496,759.9394619496663,198.97320985000115,110.05783213706243,614.5467839377267,50.88443983759199
2026-02-07 17:00:00+00:00,2580.06,3581.64,6334.99,800.27,239.35,104.66,659.79,35.16,1986.3401922530977,4104.3701656529765,5921.680852477915,810.0612895493914,633.8062789397305,113.52802670575873,631.0860010955095,50.99973400529608,1055.4749002676917,3444.4520705886116,3041.457130428496,759.9394619496663,198.97320985000115,110.05783213706243,614.5467839377267,50.88443983759199,1055.4749002676917,3444.4520705886116,3041.457130428496,759.9394619496663,198.97320985000115,110.05783213706243,614.5467839377267,50.88443983759199
2026-02-07 18:00:00+00:00,2583.96,3589.4,6325.07,800.27,631.72,104.67,578.14,35.16,2195.971374937021,3876.6681345919746,5586.768370625168,799.2109512272427,276.1369511362264,120.44418968509673,597.7994800054903,40.188076575942944,1055.4749002676917,3444.4520705886116,3041.457130428496,759.9394619496663,198.97320985000115,110.05783213706243,614.5467839377267,50.88443983759199,1055.4749002676917,3444.4520705886116,3041.457130428496,759.9394619496663,198.97320985000115,110.05783213706243,614.5467839377267,50.88443983759199
2026-02-07 19:00:00+00:00,2379.9,3612.39,6184.71,800.27,4.283595e-06,104.35,646.0,35.16,2196.3594800957417,3902.7933368345302,5472.601983299136,821.6898960960636,204.82868142474499,106.37691387406417,588.3025948535737,39.615361450424004,1055.4749002676917,3444.4520705886116,3041.457130428496,759.9394619496663,198.97320985000115,110.05783213706243,614.5467839377267,50.88443983759199,1055.4749002676917,3444.4520705886116,3041.457130428496,759.9394619496663,198.97320985000115,110.05783213706243,614.5467839377267,50.88443983759199
2026-02-07 20:00:00+00:00,2304.22,3571.52,6135.02,800.27,4.283595e-06,104.35,663.34,35.16,1980.5240550489605,4176.572529720001,5794.518027383338,803.2261827555612,147.4208097047772,105.31991203127326,602.3973312562317,39.67601437626746,1055.4749002676917,3444.4520705886116,3041.457130428496,759.9394619496663,198.97320985000115,110.05783213706243,614.5467839377267,50.88443983759199,1055.4749002676917,3444.4520705886116,3041.457130428496,759.9394619496663,198.97320985000115,110.05783213706243,614.5467839377267,50.88443983759199
2026-02-07 21:00:00+00:00,2245.84,3486.96,5351.16,799.22,4.283595e-06,104.14,662.01,35.16,1800.2781185872973,3905.793706080777,6034.481538164144,794.4822612483372,99.03100457169654,97.83681842385717,614.3609043962728,39.12732233098947,1055.4749002676917,3444.4520705886116,3041.457130428496,759.9394619496663,198.97320985000115,110.05783213706243,614.5467839377267,50.88443983759199,1055.4749002676917,3444.4520705886116,3041.457130428496,759.9394619496663,198.97320985000115,110.05783213706243,614.5467839377267,50.88443983759199
2026-02-07 22:00:00+00:00,1935.18,3494.76,4753.36,798.43,4.283595e-06,103.81,673.43,35.16,1743.273370931971,3717.722661008745,5666.970936154884,785.0762161305257,53.28279576758598,99.18173071089466,611.6508493535283,40.08647502042135,1055.4749002676917,3444.4520705886116,3041.457130428496,759.9394619496663,198.97320985000115,110.05783213706243,614.5467839377267,50.88443983759199,1055.4749002676917,3444.4520705886116,3041.457130428496,759.9394619496663,198.97320985000115,110.05783213706243,614.5467839377267,50.88443983759199
2026-02-07 23:00:00+00:00,1444.81,3508.1,4230.71,792.29,4.283595e-06,95.21,669.35,35.16,1726.2911066086158,3786.3234753557886,4626.568492785271,786.3433527827837,11.630152180483861,96.50100623691706,620.9030959954464,39.15805420609714,1055.4749002676917,3444.4520705886116,3041.457130428496,759.9394619496663,198.97320985000115,110.05783213706243,614.5467839377267,50.88443983759199,1055.4749002676917,3444.4520705886116,3041.457130428496,759.9394619496663,198.97320985000115,110.05783213706243,614.5467839377267,50.88443983759199
2026-02-08 00:00:00+00:00,1453.65,3492.72,3517.87,791.61,4.283595e-06,95.29,658.3,35.16,1948.7690962075158,3617.908519441941,4656.865615323455,782.7679260372356,43.32025620564971,98.52164433189166,620.2559314729272,39.94184625071259,1055.4749002676917,3444.4520705886116,3041.457130428496,759.9394619496663,198.97320985000115,110.05783213706243,614.5467839377267,50.88443983759199,1055.4749002676917,3444.4520705886116,3041.457130428496,759.9394619496663,198.97320985000115,110.05783213706243,614.5467839377267,50.88443983759199
2026-02-08 01:00:00+00:00,1458.48,3503.29,3377.25,791.33,4.283595e-06,94.89,643.38,35.16,1934.8577371958925,3755.3064550942486,4701.0521523469,778.9860803292617,53.3363851505479,98.89418518325077,622.1998462073899,39.49321900153231,1055.4749002676917,3444.4520705886116,3041.457130428496,759.9394619496663,198.97320985000115,110.05783213706243,614.5467839377267,50.88443983759199,1055.4749002676917,3444.4520705886116,3041.457130428496,759.9394619496663,198.97320985000115,110.05783213706243,614.5467839377267,50.88443983759199
2026-02-08 02:00:00+00:00,1460.94,3499.45,3363.93,791.33,4.283595e-06,94.23,686.61,35.16,2038.6266595208258,3868.5388587717075,4537.288217038756,778.9933766486462,64.86260969612351,100.19747975111082,613.2177628099868,39.034293706650445,1055.4749002676917,3444.4520705886116,3041.457130428496,759.9394619496663,198.97320985000115,110.05783213706243,614.5467839377267,50.88443983759199,1055.4749002676917,3444.4520705886116,3041.457130428496,759.9394619496663,198.97320985000115,110.05783213706243,614.5467839377267,50.88443983759199
2026-02-08 03:00:00+00:00,1461.87,3502.8,3368.45,791.33,4.283595e-06,94.33,661.09,35.16,1915.1610916683624,3902.842611755064,4530.345835744323,775.9678048004962,62.21505777965737,99.76607150850312,625.7239403775143,38.35922631600054,1055.4749002676917,3444.4520705886116,3041.457130428496,759.9394619496663,198.97320985000115,110.05783213706243,614.5467839377267,50.88443983759199,1055.4749002676917,3444.4520705886116,3041.457130428496,759.9394619496663,198.97320985000115,110.05783213706243,614.5467839377267,50.88443983759199
2026-02-08 04:00:00+00:00,1468.37,3497.62,3364.46,791.33,4.283595e-06,103.05,673.54,35.16,2105.1326081581765,3834.773895249795,4256.800701110301,787.0319430449279,56.82096054583178,95.30031324413822,626.8660665128849,39.323347425713344,1055.4749002676917,3444.4520705886116,3041.457130428496,759.9394619496663,198.97320985000115,110.05783213706243,614.5467839377267,50.88443983759199,1055.4749002676917,3444.4520705886116,3041.457130428496,759.9394619496663,198.97320985000115,110.05783213706243,614.5467839377267,50.88443983759199
2026-02-08 05:00:00+00:00,1476.23,3498.32,3347.64,793.65,4.283595e-06,105.88,714.55,35.16,2124.996505049432,4052.473766863419,4191.694269497868,797.1234651114645,64.46936282339223,98.91581835315317,629.8665095083578,38.861378709214655,1055.4749002676917,3444.4520705886116,3041.457130428496,759.9394619496663,198.97320985000115,110.05783213706243,614.5467839377267,50.88443983759199,1055.4749002676917,3444.4520705886116,3041.457130428496,759.9394619496663,198.97320985000115,110.05783213706243,614.5467839377267,50.88443983759199
2026-02-08 06:00:00+00:00,1540.67,3478.75,3405.16,796.89,4.283595e-06,105.95,702.78,35.16,1407.2490908363493,4009.366441182187,3400.633818486202,823.5125730929169,173.05748716622392,92.578288445606,603.966246354742,53.12390467749999,1055.4749002676917,3444.4520705886116,3041.457130428496,759.9394619496663,198.97320985000115,110.05783213706243,614.5467839377267,50.88443983759199,1055.4749002676917,3444.4520705886116,3041.457130428496,759.9394619496663,198.97320985000115,110.05783213706243,614.5467839377267,50.88443983759199
2026-02-08 07:00:00+00:00,1581.75,3485.57,3491.67,798.79,4.283595e-06,106.03,718.26,35.16,1487.8614170428402,4112.596205814109,3825.2434151186458,849.976852538349,213.71755757264194,95.93748257420388,569.2020229693142,52.16963346584467,1055.4749002676917,3444.4520705886116,3041.457130428496,759.9394619496663,198.97320985000115,110.05783213706243,614.5467839377267,50.88443983759199,1055.4749002676917,3444.4520705886116,3041.457130428496,759.9394619496663,198.97320985000115,110.05783213706243,614.5467839377267,50.88443983759199
2026-02-08 08:00:00+00:00,1611.34,3470.8,3473.91,798.23,4.283595e-06,105.51,703.32,35.16,1415.8847565096735,4078.919607268218,3838.6486002758247,843.0705712703799,198.91585462101835,97.12255314288714,557.1317519643537,53.97269385551071,1055.4749002676917,3444.4520705886116,3041.457130428496,759.9394619496663,198.97320985000115,110.05783213706243,614.5467839377267,50.88443983759199,1055.4749002676917,3444.4520705886116,3041.457130428496,759.9394619496663,198.97320985000115,110.05783213706243,614.5467839377267,50.88443983759199
2026-02-08 09:00:00+00:00,1529.38,3470.74,3375.28,798.49,4.283595e-06,104.41,661.84,35.16,1740.2946579800835,3889.8630851348485,4025.251713433287,823.145289438439,65.17761804687873,93.61011136163856,560.6346435943949,50.88718116343644,1055.4749002676917,3444.4520705886116,3041.457130428496,759.9394619496663,198.97320985000115,110.05783213706243,614.5467839377267,50.88443983759199,1055.4749002676917,3444.4520705886116,3041.457130428496,759.9394619496663,198.97320985000115,110.05783213706243,614.5467839377267,50.88443983759199
2026-02-08 10:00:00+00:00,1585.64,3478.63,3396.68,798.49,4.283595e-06,104.88,642.47,35.16,1713.3683378515761,4084.961512089924,3803.239196070785,817.112127402571,32.988114695555424,86.357965247156,548.1099566350031,50.04355705047986,1055.4749002676917,3444.4520705886116,3041.457130428496,759.9394619496663,198.97320985000115,110.05783213706243,614.5467839377267,50.88443983759199,1055.4749002676917,3444.4520705886116,3041.457130428496,759.9394619496663,198.97320985000115,110.05783213706243,614.5467839377267,50.88443983759199
2026-02-08 11:00:00+00:00,1628.39,3469.74,3386.8,798.67,4.283595e-06,104.95,670.68,35.16,1577.0375734374986,3851.480045926728,3064.9925313387134,798.8872154912868,39.59843138977152,91.0926816693561,559.2406801615634,50.60498237223683,1055.4749002676917,3444.4520705886116,3041.457130428496,759.9394619496663,198.97320985000115,110.05783213706243,614.5467839377267,50.88443983759199,1055.4749002676917,3444.4520705886116,3041.457130428496,759.9394619496663,198.97320985000115,110.05783213706243,614.5467839377267,50.88443983759199
2026-02-08 12:00:00+00:00,1648.45,3459.49,3426.3,798.85,4.283595e-06,106.23,619.23,35.16,1580.2481017175344,3681.508065877172,3229.1060445340618,795.3580856472139,39.46141000528945,85.69550132631393,556.0714074823593,53.235195164473794,1055.4749002676917,3444.4520705886116,3041.457130428496,759.9394619496663,198.97320985000115,110.05783213706243,614.5467839377267,50.88443983759199,1055.4749002676917,3444.4520705886116,3041.457130428496,759.9394619496663,198.97320985000115,110.05783213706243,614.5467839377267,50.88443983759199
2026-02-08 13:00:00+00:00,1644.77,3476.55,3754.69,798.85,4.283595e-06,106.99,603.44,35.16,1534.5938624642133,3675.1173235572505,3384.970490612224,801.6368611821497,46.564472438978726,85.0224480074158,574.4332432291571,51.26857460784602,1055.4749002676917,3444.4520705886116,3041.457130428496,759.9394619496663,198.97320985000115,110.05783213706243,614.5467839377267,50.88443983759199,1055.4749002676917,3444.4520705886116,3041.457130428496,759.9394619496663,198.97320985000115,110.05783213706243,614.5467839377267,50.88443983759199
2026-02-08 14:00:00+00:00,1601.13,3542.32,4869.29,798.85,4.283595e-06,107.81,630.96,35.16,1545.4649826040204,3635.051164387989,3944.132655721499,818.8312384185593,27.20753750145758,88.08063813925283,573.0506402206859,49.44888923537782,1055.4749002676917,3444.4520705886116,3041.457130428496,759.9394619496663,198.97320985000115,110.05783213706243,614.5467839377267,50.88443983759199,1055.4749002676917,3444.4520705886116,3041.457130428496,759.9394619496663,198.97320985000115,110.05783213706243,614.5467839377267,50.88443983759199
2026-02-08 15:00:00+00:00,1698.3,3576.02,5919.46,799.42,4.283595e-06,110.89,648.63,35.16,1909.259767611346,3977.14940378126,4450.963275930789,849.0861610772649,155.3659177060636,88.93624857475947,594.2375295299132,47.94268375539234,1055.4749002676917,3444.4520705886116,3041.457130428496,759.9394619496663,198.97320985000115,110.05783213706243,614.5467839377267,50.88443983759199,1055.4749002676917,3444.4520705886116,3041.457130428496,759.9394619496663,198.97320985000115,110.05783213706243,614.5467839377267,50.88443983759199
2026-02-08 16:00:00+00:00,1715.2,3578.99,6181.14,800.32,4.283595e-06,113.99,638.78,35.16,2092.139577688855,4391.086769477612,4105.260037308603,902.453606763305,600.1078968142726,90.17974486117993,622.4100655946668,45.32806670907132,1055.4749002676917,3444.4520705886116,3041.457130428496,759.9394619496663,198.97320985000115,110.05783213706243,614.5467839377267,50.88443983759199,1055.4749002676917,3444.4520705886116,3041.457130428496,759.9394619496663,198.97320985000115,110.05783213706243,614.5467839377267,50.88443983759199
2026-02-08 17:00:00+00:00,1893.72,3560.34,6301.27,800.96,304.41,112.49,670.09,35.16,2630.3238155333156,4091.8033485965184,5533.88602248747,800.1914551756875,532.5519108635317,120.60690561834465,612.3178699235399,37.031292920424626,1055.4749002676917,3444.4520705886116,3041.457130428496,759.9394619496663,198.97320985000115,110.05783213706243,614.5467839377267,50.88443983759199,1055.4749002676917,3444.4520705886116,3041.457130428496,759.9394619496663,198.97320985000115,110.05783213706243,614.5467839377267,50.88443983759199
2026-02-08 18:00:00+00:00,2295.42,3555.8,6318.58,800.96,28.349995,111.52,661.93,35.16,2476.8007161542364,4077.6855878936785,5748.5139220771,796.9696267732379,229.64828600463568,108.17898082206496,583.9290443969047,36.60496965207634,1055.4749002676917,3444.4520705886116,3041.457130428496,759.9394619496663,198.97320985000115,110.05783213706243,614.5467839377267,50.88443983759199,1055.4749002676917,3444.4520705886116,3041.457130428496,759.9394619496663,198.97320985000115,110.05783213706243,614.5467839377267,50.88443983759199
2026-02-08 19:00:00+00:00,2492.26,3554.69,6149.43,800.87,4.283595e-06,110.39,646.94,35.16,2648.182335248669,4359.118235877256,5825.518055826307,818.6508239105849,81.73747990942606,103.24925907924026,600.2088439364003,39.00765259337203,1055.4749002676917,3444.4520705886116,3041.457130428496,759.9394619496663,198.97320985000115,110.05783213706243,614.5467839377267,50.88443983759199,1055.4749002676917,3444.4520705886116,3041.457130428496,759.9394619496663,198.97320985000115,110.05783213706243,614.5467839377267,50.88443983759199
2026-02-08 20:00:00+00:00,2432.76,3798.84,5963.06,800.61,4.283595e-06,109.41,626.62,35.16,2605.67717009066,4159.531713075449,5526.625317580963,799.4232798227208,44.43279931787029,105.09055198747082,591.5774804155899,38.05156764996627,1055.4749002676917,3444.4520705886116,3041.457130428496,759.9394619496663,198.97320985000115,110.05783213706243,614.5467839377267,50.88443983759199,1055.4749002676917,3444.4520705886116,3041.457130428496,759.9394619496663,198.97320985000115,110.05783213706243,614.5467839377267,50.88443983759199
2026-02-08 21:00:00+00:00,2350.07,4189.97,6042.13,798.49,4.283595e-06,109.7,626.45,35.16,2368.7444951603584,4264.597689756332,5729.866299467133,789.1626017961057,12.773774313485262,104.75553428984198,583.1161267897468,38.00602028076446,1055.4749002676917,3444.4520705886116,3041.457130428496,759.9394619496663,198.97320985000115,110.05783213706243,614.5467839377267,50.88443983759199,1055.4749002676917,3444.4520705886116,3041.457130428496,759.9394619496663,198.97320985000115,110.05783213706243,614.5467839377267,50.88443983759199
2026-02-08 22:00:00+00:00,2232.63,4338.83,6017.93,797.24,4.283595e-06,107.59,563.1,35.16,2073.06402648841,4090.110364488597,5315.030249079298,785.3602171203245,1.057822238042661,104.75744867867844,591.7980601429325,38.73223016567729,1055.4749002676917,3444.4520705886116,3041.457130428496,759.9394619496663,198.97320985000115,110.05783213706243,614.5467839377267,50.88443983759199,1055.4749002676917,3444.4520705886116,3041.457130428496,759.9394619496663,198.97320985000115,110.05783213706243,614.5467839377267,50.88443983759199
2026-02-08 23:00:00+00:00,2174.64,4379.94,6264.59,793.54,4.283595e-06,98.25,599.0,35.16,2049.534381321767,4062.2314073263806,4733.9835468634665,788.4833659341447,26.74880965050744,102.78671013087737,604.2026304596055,37.59393176333746,1055.4749002676917,3444.4520705886116,3041.457130428496,759.9394619496663,198.97320985000115,110.05783213706243,614.5467839377267,50.88443983759199,1055.4749002676917,3444.4520705886116,3041.457130428496,759.9394619496663,198.97320985000115,110.05783213706243,614.5467839377267,50.88443983759199
2026-02-09 00:00:00+00:00,2182.16,4613.44,6198.96,790.48,4.283595e-06,98.21,621.85,35.16,1913.895146973596,3958.684230315051,4767.059375402906,775.4116412944692,23.927054596912967,103.60993817201457,595.2337526775106,38.08596635451671,1055.4749002676917,3444.4520705886116,3041.457130428496,759.9394619496663,198.97320985000115,110.05783213706243,614.5467839377267,50.88443983759199,1055.4749002676917,3444.4520705886116,3041.457130428496,759.9394619496663,198.97320985000115,110.05783213706243,614.5467839377267,50.88443983759199
2026-02-09 01:00:00+00:00,2182.19,4608.82,6157.05,790.19,4.283595e-06,98.53,634.95,35.16,1981.9180253427116,4042.591585960293,4959.729011703411,775.1714495587709,14.321632794707085,103.63482887872385,607.9906868337072,38.26834761007754,1055.4749002676917,3444.4520705886116,3041.457130428496,759.9394619496663,198.97320985000115,110.05783213706243,614.5467839377267,50.88443983759199,1055.4749002676917,3444.4520705886116,3041.457130428496,759.9394619496663,198.97320985000115,110.05783213706243,614.5467839377267,50.88443983759199
2026-02-09 02:00:00+00:00,2178.78,4639.62,6161.08,790.19,4.283595e-06,97.34,644.18,35.16,1904.8197602304829,4152.475550334057,5208.208765288434,775.194607536712,16.750000454963242,100.05964485693579,619.3382086759906,38.56419247947478,1055.4749002676917,3444.4520705886116,3041.457130428496,759.9394619496663,198.97320985000115,110.05783213706243,614.5467839377267,50.88443983759199,1055.4749002676917,3444.4520705886116,3041.457130428496,759.9394619496663,198.97320985000115,110.05783213706243,614.5467839377267,50.88443983759199
2026-02-09 03:00:00+00:00,2292.12,4632.96,6382.87,790.19,4.283595e-06,97.25,631.83,35.16,1897.2034825564483,4312.080177033517,5630.498392238665,777.6365775838967,21.654548380060362,100.60673458172053,632.0332028145335,38.14993884306866,1055.4749002676917,3444.4520705886116,3041.457130428496,759.9394619496663,198.97320985000115,110.05783213706243,614.5467839377267,50.88443983759199,1055.4749002676917,3444.4520705886116,3041.457130428496,759.9394619496663,198.97320985000115,110.05783213706243,614.5467839377267,50.88443983759199
2026-02-09 04:00:00+00:00,2368.7,4633.87,6755.75,790.19,4.283595e-06,97.43,636.47,35.16,1837.2346658550098,4400.431392151979,5988.800547146277,789.7726232450048,51.27450863144139,100.78403301509357,628.0209711637359,38.97421956719408,1055.4749002676917,3444.4520705886116,3041.457130428496,759.9394619496663,198.97320985000115,110.05783213706243,614.5467839377267,50.88443983759199,1055.4749002676917,3444.4520705886116,3041.457130428496,759.9394619496663,198.97320985000115,110.05783213706243,614.5467839377267,50.88443983759199
2026-02-09 05:00:00+00:00,2458.88,4813.41,7356.73,791.61,170.15,105.5,611.13,35.16,2324.6368228819365,4832.89196899351,6926.210744893521,797.8118988060254,180.68415135906005,101.63636412486606,626.5753495200196,38.359305594903674,1055.4749002676917,3444.4520705886116,3041.457130428496,759.9394619496663,198.97320985000115,110.05783213706243,614.5467839377267,50.88443983759199,1055.4749002676917,3444.4520705886116,3041.457130428496,759.9394619496663,198.97320985000115,110.05783213706243,614.5467839377267,50.88443983759199
2026-02-09 06:00:00+00:00,2614.08,4822.87,7596.32,794.84,518.75,105.58,612.01,35.16,1868.6225399574287,4398.146637619864,7369.643542820622,835.9583183586448,576.0914172074464,97.09824127384627,643.1774468354786,62.40702182082245,1055.4749002676917,3444.4520705886116,3041.457130428496,759.9394619496663,198.97320985000115,110.05783213706243,614.5467839377267,50.88443983759199,1055.4749002676917,3444.4520705886116,3041.457130428496,759.9394619496663,198.97320985000115,110.05783213706243,614.5467839377267,50.88443983759199
2026-02-09 07:00:00+00:00,2617.6,4797.89,7776.87,796.28,464.56,105.5,594.42,35.16,1980.9006051401054,4171.880127767409,7387.37548846812,890.2494952827976,913.1706458195525,91.99995481876654,664.8559704318207,53.487680823111006,1055.4749002676917,3444.4520705886116,3041.457130428496,759.9394619496663,198.97320985000115,110.05783213706243,614.5467839377267,50.88443983759199,1055.4749002676917,3444.4520705886116,3041.457130428496,759.9394619496663,198.97320985000115,110.05783213706243,614.5467839377267,50.88443983759199
2026-02-09 08:00:00+00:00,2613.3,4807.69,7810.37,796.28,410.37,105.5,641.67,35.16,2070.4689187828944,4473.706539595535,7227.3907811970585,872.6269240583962,538.154342263555,90.71495671756155,668.3322669911838,50.010334242401676,1055.4749002676917,3444.4520705886116,3041.457130428496,759.9394619496663,198.97320985000115,110.05783213706243,614.5467839377267,50.88443983759199,1055.4749002676917,3444.4520705886116,3041.457130428496,759.9394619496663,198.97320985000115,110.05783213706243,614.5467839377267,50.88443983759199
2026-02-09 09:00:00+00:00,2593.96,4813.85,7854.25,795.7,13.34,105.94,595.18,35.79,2134.899867218824,5001.8334940927625,7014.151908725566,813.1824961666472,350.3317265994988,93.93738462770503,649.170125094325,44.07127106744913,1055.4749002676917,3444.4520705886116,3041.457130428496,759.9394619496663,198.97320985000115,110.05783213706243,614.5467839377267,50.88443983759199,1055.4749002676917,3444.4520705886116,3041.457130428496,759.9394619496663,198.97320985000115,110.05783213706243,614.5467839377267,50.88443983759199
2026-02-09 10:00:00+00:00,2562.81,4809.44,7619.77,795.7,16.00002,106.31,608.7,36.42,1994.6277397838817,4762.361151924011,6593.5416753257605,799.4738793601202,121.82502194671488,88.33820370218348,639.5663098577511,46.13133531820131,1055.4749002676917,3444.4520705886116,3041.457130428496,759.9394619496663,198.97320985000115,110.05783213706243,614.5467839377267,50.88443983759199,1055.4749002676917,3444.4520705886116,3041.457130428496,759.9394619496663,198.97320985000115,110.05783213706243,614.5467839377267,50.88443983759199
2026-02-09 11:00:00+00:00,2559.58,4788.89,7546.03,795.7,4.283595e-06,106.68,624.92,36.42,1924.8685507116104,4966.614314363184,6206.9996129367355,787.1665189472926,136.81430192205755,88.53995050929858,665.6311585059758,45.20832227958475,1055.4749002676917,3444.4520705886116,3041.457130428496,759.9394619496663,198.97320985000115,110.05783213706243,614.5467839377267,50.88443983759199,1055.4749002676917,3444.4520705886116,3041.457130428496,759.9394619496663,198.97320985000115,110.05783213706243,614.5467839377267,50.88443983759199
2026-02-09 12:00:00+00:00,2578.79,4766.27,7900.16,796.33,41.289997,107.42,592.58,36.42,1884.9712326703893,5098.0343570328805,6615.520468638025,785.5981311918243,113.86324148669289,87.3107259977771,651.3746335499831,54.77781673068871,1055.4749002676917,3444.4520705886116,3041.457130428496,759.9394619496663,198.97320985000115,110.05783213706243,614.5467839377267,50.88443983759199,1055.4749002676917,3444.4520705886116,3041.457130428496,759.9394619496663,198.97320985000115,110.05783213706243,614.5467839377267,50.88443983759199
2026-02-09 13:00:00+00:00,2584.96,4759.42,7730.05,796.89,83.84,109.57,641.15,36.42,1905.11274332843,5042.018353690648,6935.54247557338,796.0748703547542,148.1124867128329,89.83612522826367,656.7170554098498,59.44517980677604,1055.4749002676917,3444.4520705886116,3041.457130428496,759.9394619496663,198.97320985000115,110.05783213706243,614.5467839377267,50.88443983759199,1055.4749002676917,3444.4520705886116,3041.457130428496,759.9394619496663,198.97320985000115,110.05783213706243,614.5467839377267,50.88443983759199
2026-02-09 14:00:00+00:00,2590.11,4726.88,7867.47,797.38,95.2,109.57,652.85,36.42,1896.9748803579505,5426.046322125209,6598.446720463831,816.6636386307167,253.06416007794337,90.95882344381266,680.3342990431363,59.04588956075993,1055.4749002676917,3444.4520705886116,3041.457130428496,759.9394619496663,198.97320985000115,110.05783213706243,614.5467839377267,50.88443983759199,1055.4749002676917,3444.4520705886116,3041.457130428496,759.9394619496663,198.97320985000115,110.05783213706243,614.5467839377267,50.88443983759199
2026-02-09 15:00:00+00:00,2599.57,4803.99,7761.23,797.78,777.74,110.62,643.93,36.42,1956.3426285038413,5516.235520790615,6580.683115390075,877.5987847592498,465.8815208001796,92.85494468347656,668.4328153424437,58.04984934513589,1055.4749002676917,3444.4520705886116,3041.457130428496,759.9394619496663,198.97320985000115,110.05783213706243,614.5467839377267,50.88443983759199,1055.4749002676917,3444.4520705886116,3041.457130428496,759.9394619496663,198.97320985000115,110.05783213706243,614.5467839377267,50.88443983759199
2026-02-09 16:00:00+00:00,2604.94,4831.42,7856.88,798.95,1275.73,112.6,681.08,36.42,2018.5713346914467,5078.442752915381,6558.6482731053675,925.4518030994662,1067.011505346834,91.85785847104242,653.8865183534102,56.747331807642354,1055.4749002676917,3444.4520705886116,3041.457130428496,759.9394619496663,198.97320985000115,110.05783213706243,614.5467839377267,50.88443983759199,1055.4749002676917,3444.4520705886116,3041.457130428496,759.9394619496663,198.97320985000115,110.05783213706243,614.5467839377267,50.88443983759199
2026-02-09 17:00:00+00:00,2602.73,4883.07,7855.91,799.59,1258.76,111.5,642.6,36.42,2570.709844422977,4821.0192359261255,7409.377402961356,808.2892169558743,910.8857959354029,114.66009344863754,621.1697667962574,37.09804681358594,1055.4749002676917,3444.4520705886116,3041.457130428496,759.9394619496663,198.97320985000115,110.05783213706243,614.5467839377267,50.88443983759199,1055.4749002676917,3444.4520705886116,3041.457130428496,759.9394619496663,198.97320985000115,110.05783213706243,614.5467839377267,50.88443983759199
2026-02-09 18:00:00+00:00,2597.37,4887.81,7695.67,799.59,769.34,110.7,666.49,36.42,2512.9650949295374,4808.1139651794965,7298.695713217312,793.8626747604624,322.9836913353588,112.1868668808355,623.3925646943817,35.3173064447152,1055.4749002676917,3444.4520705886116,3041.457130428496,759.9394619496663,198.97320985000115,110.05783213706243,614.5467839377267,50.88443983759199,1055.4749002676917,3444.4520705886116,3041.457130428496,759.9394619496663,198.97320985000115,110.05783213706243,614.5467839377267,50.88443983759199
2026-02-09 19:00:00+00:00,2480.64,4856.35,7675.35,799.59,486.69,109.4,658.65,36.42,2477.318878274611,4779.027232026606,7129.937203698224,805.4070510583681,184.20101654335068,116.32132161773903,619.0823646861296,38.526208449708356,1055.4749002676917,3444.4520705886116,3041.457130428496,759.9394619496663,198.97320985000115,110.05783213706243,614.5467839377267,50.88443983759199,1055.4749002676917,3444.4520705886116,3041.457130428496,759.9394619496663,198.97320985000115,110.05783213706243,614.5467839377267,50.88443983759199
2026-02-09 20:00:00+00:00,2406.04,4714.58,7322.13,799.59,4.283595e-06,109.4,721.33,36.42,2443.3801878772356,4700.790263828095,6906.13701371651,802.2049716741645,60.83311418470413,109.40591247059028,614.4202104674949,37.77024749348229,1055.4749002676917,3444.4520705886116,3041.457130428496,759.9394619496663,198.97320985000115,110.05783213706243,614.5467839377267,50.88443983759199,1055.4749002676917,3444.4520705886116,3041.457130428496,759.9394619496663,198.97320985000115,110.05783213706243,614.5467839377267,50.88443983759199
2026-02-09 21:00:00+00:00,2401.56,4656.36,6947.58,798.29,4.283595e-06,109.65,710.79,36.42,2294.038061568004,4748.5186073644545,6270.807168658538,798.4274889663716,33.772393269879785,103.09684218703833,610.2938326702092,38.720457207880536,1055.4749002676917,3444.4520705886116,3041.457130428496,759.9394619496663,198.97320985000115,110.05783213706243,614.5467839377267,50.88443983759199,1055.4749002676917,3444.4520705886116,3041.457130428496,759.9394619496663,198.97320985000115,110.05783213706243,614.5467839377267,50.88443983759199
2026-02-09 22:00:00+00:00,2398.0,4631.23,6473.58,797.5,4.283595e-06,110.42,651.85,35.16,2007.7661721094642,4441.210937961476,5639.903633709557,795.6892164735735,22.345613622730923,102.90040089189003,603.9569029116757,37.99030227123717,1055.4749002676917,3444.4520705886116,3041.457130428496,759.9394619496663,198.97320985000115,110.05783213706243,614.5467839377267,50.88443983759199,1055.4749002676917,3444.4520705886116,3041.457130428496,759.9394619496663,198.97320985000115,110.05783213706243,614.5467839377267,50.88443983759199
2026-02-09 23:00:00+00:00,2297.0,4478.63,6573.74,793.23,3.98,101.1,670.38,35.16,1798.4637230587068,4268.239705728645,5142.770219120192,785.3633450744093,12.27876737140167,103.09396826606596,604.8821787188685,39.28007260622472,1055.4749002676917,3444.4520705886116,3041.457130428496,759.9394619496663,198.97320985000115,110.05783213706243,614.5467839377267,50.88443983759199,1055.4749002676917,3444.4520705886116,3041.457130428496,759.9394619496663,198.97320985000115,110.05783213706243,614.5467839377267,50.88443983759199
2026-02-10 00:00:00+00:00,2282.35,4441.21,6649.41,792.83,4.283595e-06,101.35,686.84,35.16,1680.9925843266865,4127.6374091309835,5298.369802756491,787.7976179139662,23.956361987338,102.32207372853127,571.077909420484,38.93318637196725,1055.4749002676917,3444.4520705886116,3041.457130428496,759.9394619496663,198.97320985000115,110.05783213706243,614.5467839377267,50.88443983759199,1055.4749002676917,3444.4520705886116,3041.457130428496,759.9394619496663,198.97320985000115,110.05783213706243,614.5467839377267,50.88443983759199
2026-02-10 01:00:00+00:00,2283.36,4469.08,6635.43,792.55,4.283595e-06,99.95,737.69,35.16,1545.4976751312824,3942.0916694582193,5072.272797609111,778.6263056897759,12.617211670385188,102.04024667512498,556.5915146569232,38.76046996973055,1055.4749002676917,3444.4520705886116,3041.457130428496,759.9394619496663,198.97320985000115,110.05783213706243,614.5467839377267,50.88443983759199,1055.4749002676917,3444.4520705886116,3041.457130428496,759.9394619496663,198.97320985000115,110.05783213706243,614.5467839377267,50.88443983759199
2026-02-10 02:00:00+00:00,2285.53,4598.8,6603.51,792.55,4.283595e-06,98.23,748.43,35.16,1736.6461593551717,3849.7846897761183,5198.202903375448,780.5836786531569,13.982281277649605,100.18526062082763,556.2067974134992,38.56014401118442,1055.4749002676917,3444.4520705886116,3041.457130428496,759.9394619496663,198.97320985000115,110.05783213706243,614.5467839377267,50.88443983759199,1055.4749002676917,3444.4520705886116,3041.457130428496,759.9394619496663,198.97320985000115,110.05783213706243,614.5467839377267,50.88443983759199
2026-02-10 03:00:00+00:00,2284.8,4570.95,6624.61,792.55,4.283595e-06,98.38,720.66,35.17,1604.0734303366294,3863.7342154020653,5205.738302937036,781.4916118452423,19.903913198982025,101.53884457817314,563.2860871437474,40.10092281849664,1055.4749002676917,3444.4520705886116,3041.457130428496,759.9394619496663,198.97320985000115,110.05783213706243,614.5467839377267,50.88443983759199,1055.4749002676917,3444.4520705886116,3041.457130428496,759.9394619496663,198.97320985000115,110.05783213706243,614.5467839377267,50.88443983759199
2026-02-10 04:00:00+00:00,2397.55,4573.45,6692.25,792.55,4.283595e-06,98.81,709.68,35.2,1621.519308302967,4034.527374861045,5048.6098415816605,789.1032280904981,49.267348521102235,102.78051098134159,543.6077949657861,39.63058353063211,1055.4749002676917,3444.4520705886116,3041.457130428496,759.9394619496663,198.97320985000115,110.05783213706243,614.5467839377267,50.88443983759199,1055.4749002676917,3444.4520705886116,3041.457130428496,759.9394619496663,198.97320985000115,110.05783213706243,614.5467839377267,50.88443983759199
2026-02-10 05:00:00+00:00,2581.83,4603.43,6694.92,793.96,11.849995,106.53,697.46,35.2,1792.7048217972733,4331.528205404591,6097.058371465426,795.9516230786452,86.70270428229998,104.33641985232627,521.3594583207721,40.68391180380969,1055.4749002676917,3444.4520705886116,3041.457130428496,759.9394619496663,198.97320985000115,110.05783213706243,614.5467839377267,50.88443983759199,1055.4749002676917,3444.4520705886116,3041.457130428496,759.9394619496663,198.97320985000115,110.05783213706243,614.5467839377267,50.88443983759199
2026-02-10 06:00:00+00:00,2591.99,4564.48,6932.87,796.52,663.19,108.63,662.91,35.2,1840.3322686981967,4569.194346311403,6864.373654774615,880.361840383031,474.7103356184093,89.54858315312771,574.9823961365609,56.737876929297,1055.4749002676917,3444.4520705886116,3041.457130428496,759.9394619496663,198.97320985000115,110.05783213706243,614.5467839377267,50.88443983759199,1055.4749002676917,3444.4520705886116,3041.457130428496,759.9394619496663,198.97320985000115,110.05783213706243,614.5467839377267,50.88443983759199
2026-02-10 07:00:00+00:00,2562.61,4562.66,7042.17,797.96,1217.53,108.63,782.28,35.2,2099.1971674420024,4388.614243101354,6616.100456759783,832.1664252493763,602.6542605188182,93.45995101603634,580.0212196359007,44.48185324593113,1055.4749002676917,3444.4520705886116,3041.457130428496,759.9394619496663,198.97320985000115,110.05783213706243,614.5467839377267,50.88443983759199,1055.4749002676917,3444.4520705886116,3041.457130428496,759.9394619496663,198.97320985000115,110.05783213706243,614.5467839377267,50.88443983759199
2026-02-10 08:00:00+00:00,2466.76,4567.71,6999.59,797.96,281.61,106.69,749.26,35.2,2063.2974564922624,4310.547541254705,6402.110204653774,839.2751421881445,436.3664604195167,92.57324344948336,581.2575224399716,47.11627612346332,1055.4749002676917,3444.4520705886116,3041.457130428496,759.9394619496663,198.97320985000115,110.05783213706243,614.5467839377267,50.88443983759199,1055.4749002676917,3444.4520705886116,3041.457130428496,759.9394619496663,198.97320985000115,110.05783213706243,614.5467839377267,50.88443983759199
2026-02-10 09:00:00+00:00,2438.28,4572.79,6788.01,797.38,4.283595e-06,106.77,728.95,35.17,1944.2969798065474,4131.046215967745,6212.780182612992,796.0504080810719,322.2877133786608,98.37509505620795,582.7081388415561,49.3689679198502,1055.4749002676917,3444.4520705886116,3041.457130428496,759.9394619496663,198.97320985000115,110.05783213706243,614.5467839377267,50.88443983759199,1055.4749002676917,3444.4520705886116,3041.457130428496,759.9394619496663,198.97320985000115,110.05783213706243,614.5467839377267,50.88443983759199
2026-02-10 10:00:00+00:00,2249.04,4555.09,6553.63,797.38,4.283595e-06,106.71,734.86,35.16,2074.238178427529,3925.895021370366,5869.217100843733,777.553103187679,162.62974749743725,99.96197971355458,576.6959135592142,45.44151955290507,1055.4749002676917,3444.4520705886116,3041.457130428496,759.9394619496663,198.97320985000115,110.05783213706243,614.5467839377267,50.88443983759199,1055.4749002676917,3444.4520705886116,3041.457130428496,759.9394619496663,198.97320985000115,110.05783213706243,614.5467839377267,50.88443983759199
2026-02-10 11:00:00+00:00,2233.87,4517.85,6519.56,797.19,4.283595e-06,106.9,684.18,35.16,2029.3911606974982,3982.883598634528,6019.261061328085,786.8122998408221,15.057038874235559,91.03661917611933,560.1233618375956,46.42495665355831,1055.4749002676917,3444.4520705886116,3041.457130428496,759.9394619496663,198.97320985000115,110.05783213706243,614.5467839377267,50.88443983759199,1055.4749002676917,3444.4520705886116,3041.457130428496,759.9394619496663,198.97320985000115,110.05783213706243,614.5467839377267,50.88443983759199
2026-02-10 12:00:00+00:00,2297.49,4472.06,6456.49,797.0,4.283595e-06,106.67,594.99,35.16,2209.355035503019,4042.188430933289,5911.766668515677,795.3091418852703,69.28438120223655,92.02848582836748,570.6031012957528,42.93486736103965,1055.4749002676917,3444.4520705886116,3041.457130428496,759.9394619496663,198.97320985000115,110.05783213706243,614.5467839377267,50.88443983759199,1055.4749002676917,3444.4520705886116,3041.457130428496,759.9394619496663,198.97320985000115,110.05783213706243,614.5467839377267,50.88443983759199
2026-02-10 13:00:00+00:00,2350.95,4508.06,6357.72,797.01,4.283595e-06,107.7,579.07,35.83,2293.8619346743053,4126.604547754412,5812.283926412327,792.4789811850022,88.47040848587318,93.16206620434242,584.2271548922854,46.11254772927837,1055.4749002676917,3444.4520705886116,3041.457130428496,759.9394619496663,198.97320985000115,110.05783213706243,614.5467839377267,50.88443983759199,1055.4749002676917,3444.4520705886116,3041.457130428496,759.9394619496663,198.97320985000115,110.05783213706243,614.5467839377267,50.88443983759199
2026-02-10 14:00:00+00:00,2407.95,4512.47,6564.49,797.1,351.25,109.53,591.35,36.5,2581.5550797351266,4671.049989261161,6400.577338976987,806.9566074098999,81.23499305900225,96.83848966597185,590.6180308775014,42.569527499431075,1055.4749002676917,3444.4520705886116,3041.457130428496,759.9394619496663,198.97320985000115,110.05783213706243,614.5467839377267,50.88443983759199,1055.4749002676917,3444.4520705886116,3041.457130428496,759.9394619496663,198.97320985000115,110.05783213706243,614.5467839377267,50.88443983759199
2026-02-10 15:00:00+00:00,2596.27,4533.88,6774.02,797.78,532.39,109.53,581.52,36.5,2355.3694313323585,5011.051857938003,6382.166761212129,861.0976227080702,464.55614834150276,94.7786723342809,589.1244515233815,45.166026563302886,1055.4749002676917,3444.4520705886116,3041.457130428496,759.9394619496663,198.97320985000115,110.05783213706243,614.5467839377267,50.88443983759199,1055.4749002676917,3444.4520705886116,3041.457130428496,759.9394619496663,198.97320985000115,110.05783213706243,614.5467839377267,50.88443983759199
2026-02-10 16:00:00+00:00,2585.54,4595.51,6921.75,798.95,665.1,110.14,571.57,35.16,2472.423446733791,5095.92567492309,6409.9455288128465,906.7628553009622,551.8445203407957,93.53924701469795,599.4978688128091,52.70200600734548,1055.4749002676917,3444.4520705886116,3041.457130428496,759.9394619496663,198.97320985000115,110.05783213706243,614.5467839377267,50.88443983759199,1055.4749002676917,3444.4520705886116,3041.457130428496,759.9394619496663,198.97320985000115,110.05783213706243,614.5467839377267,50.88443983759199
2026-02-10 17:00:00+00:00,2573.88,4592.02,6921.77,799.59,868.46,109.27,603.94,35.16,2247.2672934119273,5096.247243083356,6442.3009956848655,807.4745374636847,509.02188937097424,125.5638749572379,575.9232389849218,37.271272699676274,1055.4749002676917,3444.4520705886116,3041.457130428496,759.9394619496663,198.97320985000115,110.05783213706243,614.5467839377267,50.88443983759199,1055.4749002676917,3444.4520705886116,3041.457130428496,759.9394619496663,198.97320985000115,110.05783213706243,614.5467839377267,50.88443983759199
2026-02-10 18:00:00+00:00,2519.62,4587.4,6921.42,799.59,534.64,109.45,620.1,35.16,2309.62701385728,4663.191731657045,6203.219697224129,798.0494910018821,167.49708207139147,130.5731039015652,571.5600977378353,37.30610626631732,1055.4749002676917,3444.4520705886116,3041.457130428496,759.9394619496663,198.97320985000115,110.05783213706243,614.5467839377267,50.88443983759199,1055.4749002676917,3444.4520705886116,3041.457130428496,759.9394619496663,198.97320985000115,110.05783213706243,614.5467839377267,50.88443983759199
2026-02-10 19:00:00+00:00,2469.74,4559.64,6908.52,799.59,175.09,109.4,661.51,35.16,2338.7448935221987,4562.892936368641,5642.560577884362,809.1542910858913,55.12156109837724,129.0339863726331,553.2516386726825,38.53007259908453,1055.4749002676917,3444.4520705886116,3041.457130428496,759.9394619496663,198.97320985000115,110.05783213706243,614.5467839377267,50.88443983759199,1055.4749002676917,3444.4520705886116,3041.457130428496,759.9394619496663,198.97320985000115,110.05783213706243,614.5467839377267,50.88443983759199
2026-02-10 20:00:00+00:00,2428.86,4552.64,6854.35,799.59,4.283595e-06,109.4,757.31,35.16,2233.2336180207676,4512.812912178865,5225.695320906353,800.1068959984455,39.949743766030565,125.3811256225206,546.1569683608201,38.12914780267907,1055.4749002676917,3444.4520705886116,3041.457130428496,759.9394619496663,198.97320985000115,110.05783213706243,614.5467839377267,50.88443983759199,1055.4749002676917,3444.4520705886116,3041.457130428496,759.9394619496663,198.97320985000115,110.05783213706243,614.5467839377267,50.88443983759199
2026-02-10 21:00:00+00:00,2327.81,4543.96,6640.37,798.04,4.283595e-06,109.65,753.39,35.63,1792.6928697351198,4332.418552945397,4873.726263790657,788.0206043226583,16.001252048385567,123.76016014130084,570.4354601461251,37.8060026069907,1055.4749002676917,3444.4520705886116,3041.457130428496,759.9394619496663,198.97320985000115,110.05783213706243,614.5467839377267,50.88443983759199,1055.4749002676917,3444.4520705886116,3041.457130428496,759.9394619496663,198.97320985000115,110.05783213706243,614.5467839377267,50.88443983759199
2026-02-10 22:00:00+00:00,2263.98,4238.42,6211.14,796.6,4.283595e-06,110.42,732.83,35.79,1727.6268340079414,4262.053614930894,3987.3687919473045,783.4074854045593,2.841431194530969,125.72442252157752,557.6939185352444,37.14074360103807,1055.4749002676917,3444.4520705886116,3041.457130428496,759.9394619496663,198.97320985000115,110.05783213706243,614.5467839377267,50.88443983759199,1055.4749002676917,3444.4520705886116,3041.457130428496,759.9394619496663,198.97320985000115,110.05783213706243,614.5467839377267,50.88443983759199
2026-02-10 23:00:00+00:00,2194.26,3889.02,6066.75,790.96,4.283595e-06,101.1,679.02,35.16,1700.5998962524186,4132.241107682207,3908.0391559646373,787.6313597065049,31.051042987401075,113.23347096429366,573.9877313620378,37.90161807960504,1055.4749002676917,3444.4520705886116,3041.457130428496,759.9394619496663,198.97320985000115,110.05783213706243,614.5467839377267,50.88443983759199,1055.4749002676917,3444.4520705886116,3041.457130428496,759.9394619496663,198.97320985000115,110.05783213706243,614.5467839377267,50.88443983759199
2026-02-11 00:00:00+00:00,2149.61,4093.3,6083.38,790.56,4.283595e-06,101.35,701.14,35.16,1550.56044100161,4063.958827937388,3859.5375637245625,764.3887094085064,17.876327675850035,120.9569344805815,557.2586917141576,37.79438121190607,1055.4749002676917,3444.4520705886116,3041.457130428496,759.9394619496663,198.97320985000115,110.05783213706243,614.5467839377267,50.88443983759199,1055.4749002676917,3444.4520705886116,3041.457130428496,759.9394619496663,198.97320985000115,110.05783213706243,614.5467839377267,50.88443983759199
2026-02-11 01:00:00+00:00,2266.93,3987.87,6053.44,789.87,4.283595e-06,102.12,692.12,35.16,1503.8796535552506,3858.2605994260152,3571.6734833716546,758.0946055759282,13.816380789118227,122.31992442841175,573.0360771646056,37.63478153986419,1055.4749002676917,3444.4520705886116,3041.457130428496,759.9394619496663,198.97320985000115,110.05783213706243,614.5467839377267,50.88443983759199,1055.4749002676917,3444.4520705886116,3041.457130428496,759.9394619496663,198.97320985000115,110.05783213706243,614.5467839377267,50.88443983759199
2026-02-11 02:00:00+00:00,2133.72,3870.04,6007.76,789.11,4.283595e-06,101.1,719.32,36.23,1419.0443481699958,3892.4272518936,3562.6088579086518,758.3121783131413,16.78406113388428,120.6985981267662,572.7423578112792,38.60275296769979,1055.4749002676917,3444.4520705886116,3041.457130428496,759.9394619496663,198.97320985000115,110.05783213706243,614.5467839377267,50.88443983759199,1055.4749002676917,3444.4520705886116,3041.457130428496,759.9394619496663,198.97320985000115,110.05783213706243,614.5467839377267,50.88443983759199
2026-02-11 03:00:00+00:00,2218.68,3913.94,6017.23,789.11,4.283595e-06,101.35,671.6,37.31,1288.010941634818,3991.578380196672,4267.466369494541,768.8268736396556,6.451480427880654,121.64479822494019,556.6409581589448,39.217800673498274,1055.4749002676917,3444.4520705886116,3041.457130428496,759.9394619496663,198.97320985000115,110.05783213706243,614.5467839377267,50.88443983759199,1055.4749002676917,3444.4520705886116,3041.457130428496,759.9394619496663,198.97320985000115,110.05783213706243,614.5467839377267,50.88443983759199
2026-02-11 04:00:00+00:00,2264.79,3972.06,6072.13,789.11,4.283595e-06,102.12,625.9,37.31,1646.2116714363726,4186.825872804655,4610.0123569562,782.5068859485631,68.50562394362282,116.87278030935205,555.713798796662,38.58936801518301,1055.4749002676917,3444.4520705886116,3041.457130428496,759.9394619496663,198.97320985000115,110.05783213706243,614.5467839377267,50.88443983759199,1055.4749002676917,3444.4520705886116,3041.457130428496,759.9394619496663,198.97320985000115,110.05783213706243,614.5467839377267,50.88443983759199
2026-02-11 05:00:00+00:00,2460.45,4456.04,6520.77,791.43,4.283595e-06,110.39,603.89,37.31,2157.930923534456,4453.827462405977,6166.1008944867135,795.5672675288811,120.27955909320693,119.86039858246141,559.5198250849285,37.24210644487442,1055.4749002676917,3444.4520705886116,3041.457130428496,759.9394619496663,198.97320985000115,110.05783213706243,614.5467839377267,50.88443983759199,1055.4749002676917,3444.4520705886116,3041.457130428496,759.9394619496663,198.97320985000115,110.05783213706243,614.5467839377267,50.88443983759199
2026-02-11 06:00:00+00:00,2571.01,4659.28,6542.15,794.67,157.82,112.9,615.95,37.31,2197.558662320546,4931.724512666744,5891.4570536173005,858.5021001950113,504.1012735853534,91.46827650808326,545.9703049686713,49.65067677013609,1055.4749002676917,3444.4520705886116,3041.457130428496,759.9394619496663,198.97320985000115,110.05783213706243,614.5467839377267,50.88443983759199,1055.4749002676917,3444.4520705886116,3041.457130428496,759.9394619496663,198.97320985000115,110.05783213706243,614.5467839377267,50.88443983759199
2026-02-11 07:00:00+00:00,2563.36,4576.61,6604.09,796.11,539.54,114.41,619.07,37.31,2362.2958233247655,4862.687262882293,6097.05352350692,869.6855835499798,625.5799149587565,95.4005440334218,557.9425325981057,48.67485822740454,1055.4749002676917,3444.4520705886116,3041.457130428496,759.9394619496663,198.97320985000115,110.05783213706243,614.5467839377267,50.88443983759199,1055.4749002676917,3444.4520705886116,3041.457130428496,759.9394619496663,198.97320985000115,110.05783213706243,614.5467839377267,50.88443983759199
2026-02-11 08:00:00+00:00,2548.66,4569.87,6545.32,796.11,205.86,114.76,636.01,37.31,2305.244648889788,4971.58700479094,5935.800611453758,848.7562689530425,377.4707163157691,99.94053493018085,545.9363883759046,49.80220258808224,1055.4749002676917,3444.4520705886116,3041.457130428496,759.9394619496663,198.97320985000115,110.05783213706243,614.5467839377267,50.88443983759199,1055.4749002676917,3444.4520705886116,3041.457130428496,759.9394619496663,198.97320985000115,110.05783213706243,614.5467839377267,50.88443983759199
2026-02-11 09:00:00+00:00,2544.8,4514.08,6415.05,795.12,66.00001,115.99,633.96,37.31,2435.48454543071,4881.7222574533735,5979.497773777517,808.4840101896662,66.33072333465915,100.03920338467066,576.3941796014583,49.78594468480032,1055.4749002676917,3444.4520705886116,3041.457130428496,759.9394619496663,198.97320985000115,110.05783213706243,614.5467839377267,50.88443983759199,1055.4749002676917,3444.4520705886116,3041.457130428496,759.9394619496663,198.97320985000115,110.05783213706243,614.5467839377267,50.88443983759199
2026-02-11 10:00:00+00:00,2446.31,4525.16,6245.43,794.39,213.68,122.41,582.17,37.31,2224.956655960582,4906.106513139454,6196.506582790702,784.8955154764298,47.29384477922204,98.487609555096,566.8473061755079,47.38751020955178,1055.4749002676917,3444.4520705886116,3041.457130428496,759.9394619496663,198.97320985000115,110.05783213706243,614.5467839377267,50.88443983759199,1055.4749002676917,3444.4520705886116,3041.457130428496,759.9394619496663,198.97320985000115,110.05783213706243,614.5467839377267,50.88443983759199
2026-02-11 11:00:00+00:00,2446.92,4529.97,6475.86,794.39,211.75,122.95,603.13,37.31,2021.6480014335762,5030.745150973411,6107.902031754328,765.5260015631359,63.166897561211215,99.98521141114024,562.918033266055,48.957145675706144,1055.4749002676917,3444.4520705886116,3041.457130428496,759.9394619496663,198.97320985000115,110.05783213706243,614.5467839377267,50.88443983759199,1055.4749002676917,3444.4520705886116,3041.457130428496,759.9394619496663,198.97320985000115,110.05783213706243,614.5467839377267,50.88443983759199
2026-02-11 12:00:00+00:00,2450.08,4333.9,6274.17,794.39,4.283595e-06,125.07,683.6,37.31,1445.3243398493491,5084.386282499147,5285.440818808432,763.0437847031344,63.86982133726181,95.85978723827606,564.5488338478287,48.89994698399529,1055.4749002676917,3444.4520705886116,3041.457130428496,759.9394619496663,198.97320985000115,110.05783213706243,614.5467839377267,50.88443983759199,1055.4749002676917,3444.4520705886116,3041.457130428496,759.9394619496663,198.97320985000115,110.05783213706243,614.5467839377267,50.88443983759199
2026-02-11 13:00:00+00:00,2449.94,4502.43,6435.9,794.39,4.283595e-06,125.55,657.6,37.31,1471.8372322470952,4897.500230914016,5264.70071888868,792.3694024822315,124.09715476450636,100.17531201898241,585.8739497839865,49.769901619465,1055.4749002676917,3444.4520705886116,3041.457130428496,759.9394619496663,198.97320985000115,110.05783213706243,614.5467839377267,50.88443983759199,1055.4749002676917,3444.4520705886116,3041.457130428496,759.9394619496663,198.97320985000115,110.05783213706243,614.5467839377267,50.88443983759199
2026-02-11 14:00:00+00:00,2453.01,4577.28,6690.5,794.39,4.283595e-06,127.32,613.59,37.31,1625.7785303365476,4771.1777762288,5537.778350294675,823.3858977644384,171.49071251511614,98.35396307929803,592.3016912604512,52.578502963072914,1055.4749002676917,3444.4520705886116,3041.457130428496,759.9394619496663,198.97320985000115,110.05783213706243,614.5467839377267,50.88443983759199,1055.4749002676917,3444.4520705886116,3041.457130428496,759.9394619496663,198.97320985000115,110.05783213706243,614.5467839377267,50.88443983759199
2026-02-11 15:00:00+00:00,2460.09,4450.26,6757.99,795.82,4.310002,129.78,619.06,37.31,1595.7736677244102,4910.747365979903,5681.083721327989,863.4571561746998,557.3726481178741,98.0887173226292,554.2857646758578,57.384291711458836,1055.4749002676917,3444.4520705886116,3041.457130428496,759.9394619496663,198.97320985000115,110.05783213706243,614.5467839377267,50.88443983759199,1055.4749002676917,3444.4520705886116,3041.457130428496,759.9394619496663,198.97320985000115,110.05783213706243,614.5467839377267,50.88443983759199
2026-02-11 16:00:00+00:00,2576.01,4145.94,6809.96,796.99,249.08,130.01,587.47,37.31,1765.7072082045647,5227.731174317454,5950.6166670859275,900.7347518355275,816.1713652006466,102.0607245390427,565.5208423107057,58.7825514217247,1055.4749002676917,3444.4520705886116,3041.457130428496,759.9394619496663,198.97320985000115,110.05783213706243,614.5467839377267,50.88443983759199,1055.4749002676917,3444.4520705886116,3041.457130428496,759.9394619496663,198.97320985000115,110.05783213706243,614.5467839377267,50.88443983759199
2026-02-11 17:00:00+00:00,2595.44,4136.67,6829.47,797.19,74.66001,131.2,598.81,37.31,2016.3221343723944,4864.249574238788,6295.38288586696,803.1410341232462,404.8600067467188,159.64436266729024,594.9028420653844,39.365260453590096,1055.4749002676917,3444.4520705886116,3041.457130428496,759.9394619496663,198.97320985000115,110.05783213706243,614.5467839377267,50.88443983759199,1055.4749002676917,3444.4520705886116,3041.457130428496,759.9394619496663,198.97320985000115,110.05783213706243,614.5467839377267,50.88443983759199
2026-02-11 18:00:00+00:00,2581.13,4141.86,6824.61,795.48,4.310002,132.3,603.4,37.31,2132.3779559185514,4561.2656165405715,5978.833865009134,804.454512394911,72.26842903714919,156.90917348394777,591.9508579028818,38.47110806621926,1055.4749002676917,3444.4520705886116,3041.457130428496,759.9394619496663,198.97320985000115,110.05783213706243,614.5467839377267,50.88443983759199,1055.4749002676917,3444.4520705886116,3041.457130428496,759.9394619496663,198.97320985000115,110.05783213706243,614.5467839377267,50.88443983759199
2026-02-11 19:00:00+00:00,2460.88,4159.0,6781.17,795.48,4.283595e-06,133.01,625.59,37.31,1922.332707300962,4239.665908859865,5535.346012801182,809.1560980976088,23.39986757170911,138.34685246163284,541.4515568904972,37.861233452339,1055.4749002676917,3444.4520705886116,3041.457130428496,759.9394619496663,198.97320985000115,110.05783213706243,614.5467839377267,50.88443983759199,1055.4749002676917,3444.4520705886116,3041.457130428496,759.9394619496663,198.97320985000115,110.05783213706243,614.5467839377267,50.88443983759199
2026-02-11 20:00:00+00:00,2406.92,4139.28,6630.82,795.48,4.283595e-06,133.44,652.31,37.31,1630.597716857775,3921.537075872299,4874.589168057904,804.9663984532608,49.948279781841194,135.41691800725488,562.5517404048998,37.60272469078428,1055.4749002676917,3444.4520705886116,3041.457130428496,759.9394619496663,198.97320985000115,110.05783213706243,614.5467839377267,50.88443983759199,1055.4749002676917,3444.4520705886116,3041.457130428496,759.9394619496663,198.97320985000115,110.05783213706243,614.5467839377267,50.88443983759199
2026-02-11 21:00:00+00:00,2328.38,4160.21,6341.06,794.18,4.283595e-06,133.36,678.71,37.31,1604.6676272398117,3445.945843034926,4277.598205370141,790.0261593888956,59.21031419775903,134.42214899842028,578.7672587183056,37.38494639652093,1055.4749002676917,3444.4520705886116,3041.457130428496,759.9394619496663,198.97320985000115,110.05783213706243,614.5467839377267,50.88443983759199,1055.4749002676917,3444.4520705886116,3041.457130428496,759.9394619496663,198.97320985000115,110.05783213706243,614.5467839377267,50.88443983759199
2026-02-11 22:00:00+00:00,2267.66,3995.3,4416.16,793.39,4.283595e-06,133.14,651.8,37.31,1753.5352159968766,3355.8146896381086,4193.942281401638,783.3013122825093,32.90145098015361,131.92395549064128,592.3613112644313,38.472542710144666,1055.4749002676917,3444.4520705886116,3041.457130428496,759.9394619496663,198.97320985000115,110.05783213706243,614.5467839377267,50.88443983759199,1055.4749002676917,3444.4520705886116,3041.457130428496,759.9394619496663,198.97320985000115,110.05783213706243,614.5467839377267,50.88443983759199
2026-02-11 23:00:00+00:00,2241.38,3631.69,4302.85,788.65,4.283595e-06,124.87,613.27,35.63,1036.7054816780346,3038.004482061979,3411.972851129527,784.9186835283907,13.300243996324355,123.72642629290017,566.4988164522351,37.83664637322353,1055.4749002676917,3444.4520705886116,3041.457130428496,759.9394619496663,198.97320985000115,110.05783213706243,614.5467839377267,50.88443983759199,1055.4749002676917,3444.4520705886116,3041.457130428496,759.9394619496663,198.97320985000115,110.05783213706243,614.5467839377267,50.88443983759199
2026-02-12 00:00:00+00:00,1964.46,3644.14,4277.25,788.89,4.283595e-06,124.88,650.81,36.6,994.2202677112493,2425.4350568919085,3359.222527990699,764.2424984411396,8.008677468723107,131.83148201583924,599.0997659812606,37.678524108996235,1055.4749002676917,3444.4520705886116,3041.457130428496,759.9394619496663,198.97320985000115,110.05783213706243,614.5467839377267,50.88443983759199,1055.4749002676917,3444.4520705886116,3041.457130428496,759.9394619496663,198.97320985000115,110.05783213706243,614.5467839377267,50.88443983759199
2026-02-12 01:00:00+00:00,1790.73,3624.44,4280.73,788.6,4.283595e-06,124.47,620.97,39.5,787.2341132576903,2350.576800060162,2814.321327523925,753.3960748172308,33.83619075421865,130.96364712783912,589.6727855070073,39.27775185051214,1055.4749002676917,3444.4520705886116,3041.457130428496,759.9394619496663,198.97320985000115,110.05783213706243,614.5467839377267,50.88443983759199,1055.4749002676917,3444.4520705886116,3041.457130428496,759.9394619496663,198.97320985000115,110.05783213706243,614.5467839377267,50.88443983759199
2026-02-12 02:00:00+00:00,1718.73,3611.22,4336.79,788.6,4.283595e-06,123.47,568.3,39.5,864.5508221057935,2312.013381276728,2653.872925464582,746.4580210105264,19.575592278438705,122.2147804243846,621.3933508052351,39.09819342344044,1055.4749002676917,3444.4520705886116,3041.457130428496,759.9394619496663,198.97320985000115,110.05783213706243,614.5467839377267,50.88443983759199,1055.4749002676917,3444.4520705886116,3041.457130428496,759.9394619496663,198.97320985000115,110.05783213706243,614.5467839377267,50.88443983759199
2026-02-12 03:00:00+00:00,1750.11,3629.04,4379.06,788.6,4.283595e-06,131.91,574.22,39.5,847.1160427234173,2872.752132188271,3280.684453322057,763.2935557942883,27.87250201670986,119.12675210670446,597.8716658465196,39.45826389223958,1055.4749002676917,3444.4520705886116,3041.457130428496,759.9394619496663,198.97320985000115,110.05783213706243,614.5467839377267,50.88443983759199,1055.4749002676917,3444.4520705886116,3041.457130428496,759.9394619496663,198.97320985000115,110.05783213706243,614.5467839377267,50.88443983759199
2026-02-12 04:00:00+00:00,2245.69,3788.7,4663.59,788.6,4.283595e-06,131.84,563.0,39.5,1599.8771928147285,3286.4984954587617,3985.9861210501494,783.9500181221222,41.331591597956475,120.25114185564968,568.3329170966537,40.23020018571244,1055.4749002676917,3444.4520705886116,3041.457130428496,759.9394619496663,198.97320985000115,110.05783213706243,614.5467839377267,50.88443983759199,1055.4749002676917,3444.4520705886116,3041.457130428496,759.9394619496663,198.97320985000115,110.05783213706243,614.5467839377267,50.88443983759199
2026-02-12 05:00:00+00:00,2395.05,4229.39,5967.29,790.93,21.539997,131.12,563.24,39.5,1917.7736981206328,3726.627691914433,4234.766873823737,798.7231582000123,18.30295646902701,129.68598340752885,565.0612669278704,38.068886937135055,1055.4749002676917,3444.4520705886116,3041.457130428496,759.9394619496663,198.97320985000115,110.05783213706243,614.5467839377267,50.88443983759199,1055.4749002676917,3444.4520705886116,3041.457130428496,759.9394619496663,198.97320985000115,110.05783213706243,614.5467839377267,50.88443983759199
2026-02-12 06:00:00+00:00,2401.95,4580.63,6800.06,794.16,54.030003,129.6,608.99,39.5,1970.4231791066609,4451.269217404666,4915.316069040707,855.0430409615491,497.22440545247775,92.29671541189005,550.1931969350451,46.74172143423567,1055.4749002676917,3444.4520705886116,3041.457130428496,759.9394619496663,198.97320985000115,110.05783213706243,614.5467839377267,50.88443983759199,1055.4749002676917,3444.4520705886116,3041.457130428496,759.9394619496663,198.97320985000115,110.05783213706243,614.5467839377267,50.88443983759199
2026-02-12 07:00:00+00:00,2398.75,4580.93,6910.75,795.6,149.51,128.08,591.39,39.5,2398.530230639924,4393.444466963036,5038.308216885046,860.1871768257367,372.0045314817014,96.18995106757089,582.6476501270223,46.04448511495222,1055.4749002676917,3444.4520705886116,3041.457130428496,759.9394619496663,198.97320985000115,110.05783213706243,614.5467839377267,50.88443983759199,1055.4749002676917,3444.4520705886116,3041.457130428496,759.9394619496663,198.97320985000115,110.05783213706243,614.5467839377267,50.88443983759199
2026-02-12 08:00:00+00:00,2390.93,4580.15,6654.78,795.6,23.440006,127.92,581.25,37.67,2383.7152954655794,4213.6408490972135,4921.789145283294,839.4863906482661,146.60199342128215,101.58275663838714,594.1817545349766,41.590565554441326,1055.4749002676917,3444.4520705886116,3041.457130428496,759.9394619496663,198.97320985000115,110.05783213706243,614.5467839377267,50.88443983759199,1055.4749002676917,3444.4520705886116,3041.457130428496,759.9394619496663,198.97320985000115,110.05783213706243,614.5467839377267,50.88443983759199
2026-02-12 09:00:00+00:00,2228.81,4475.6,5850.25,795.02,4.283595e-06,127.62,597.75,35.84,2134.6229058513727,4065.7336258931773,5033.147352412511,822.6419790170714,33.654427395297944,102.0113372054809,584.9722682354715,41.029741092242006,1055.4749002676917,3444.4520705886116,3041.457130428496,759.9394619496663,198.97320985000115,110.05783213706243,614.5467839377267,50.88443983759199,1055.4749002676917,3444.4520705886116,3041.457130428496,759.9394619496663,198.97320985000115,110.05783213706243,614.5467839377267,50.88443983759199
2026-02-12 10:00:00+00:00,1937.69,4407.37,5856.68,795.02,4.283595e-06,119.29,603.11,37.57,1827.6010223881851,4205.400275213016,4546.924201888215,788.7184967091297,168.51980866041706,99.24416150860569,561.3967385592271,44.366817871642034,1055.4749002676917,3444.4520705886116,3041.457130428496,759.9394619496663,198.97320985000115,110.05783213706243,614.5467839377267,50.88443983759199,1055.4749002676917,3444.4520705886116,3041.457130428496,759.9394619496663,198.97320985000115,110.05783213706243,614.5467839377267,50.88443983759199
2026-02-12 11:00:00+00:00,1933.32,4398.7,5497.82,795.02,4.283595e-06,120.74,626.18,39.29,1265.266195583709,4121.795105716357,3838.8171274114857,768.5931165660281,114.8484490682879,106.01559970854893,570.9463969047902,42.7234936585969,1055.4749002676917,3444.4520705886116,3041.457130428496,759.9394619496663,198.97320985000115,110.05783213706243,614.5467839377267,50.88443983759199,1055.4749002676917,3444.4520705886116,3041.457130428496,759.9394619496663,198.97320985000115,110.05783213706243,614.5467839377267,50.88443983759199
2026-02-12 12:00:00+00:00,1934.06,4389.17,5492.84,795.02,4.283595e-06,124.4,591.06,39.29,1217.9009051475614,4296.895839697278,3755.6802961098483,776.3271906980145,137.12477972616628,104.81557726543107,547.6033137390293,42.79111478102547,1055.4749002676917,3444.4520705886116,3041.457130428496,759.9394619496663,198.97320985000115,110.05783213706243,614.5467839377267,50.88443983759199,1055.4749002676917,3444.4520705886116,3041.457130428496,759.9394619496663,198.97320985000115,110.05783213706243,614.5467839377267,50.88443983759199
2026-02-12 13:00:00+00:00,1971.22,4480.85,5654.94,795.02,4.283595e-06,128.76,574.01,39.29,1335.792225009959,4402.827577508515,3506.9504014250806,787.9297046912706,152.76922740604573,105.45600246917887,559.1290412288856,49.17833134755114,1055.4749002676917,3444.4520705886116,3041.457130428496,759.9394619496663,198.97320985000115,110.05783213706243,614.5467839377267,50.88443983759199,1055.4749002676917,3444.4520705886116,3041.457130428496,759.9394619496663,198.97320985000115,110.05783213706243,614.5467839377267,50.88443983759199
2026-02-12 14:00:00+00:00,1919.67,4575.25,5488.18,795.02,4.283595e-06,129.03,577.72,39.29,1491.985563865258,4516.731542108987,4316.209664674994,802.3604596157836,189.22544314482337,108.20478821988382,566.3099289041884,47.49248076760622,1055.4749002676917,3444.4520705886116,3041.457130428496,759.9394619496663,198.97320985000115,110.05783213706243,614.5467839377267,50.88443983759199,1055.4749002676917,3444.4520705886116,3041.457130428496,759.9394619496663,198.97320985000115,110.05783213706243,614.5467839377267,50.88443983759199
2026-02-12 15:00:00+00:00,2016.57,4571.7,5553.83,795.02,4.283595e-06,129.18,649.02,39.29,1852.4206009752143,4166.208807751968,4494.226855006591,841.149686912077,462.3622727789665,117.0046889058609,588.4652865431685,45.80516343476485,1055.4749002676917,3444.4520705886116,3041.457130428496,759.9394619496663,198.97320985000115,110.05783213706243,614.5467839377267,50.88443983759199,1055.4749002676917,3444.4520705886116,3041.457130428496,759.9394619496663,198.97320985000115,110.05783213706243,614.5467839377267,50.88443983759199
2026-02-12 16:00:00+00:00,2351.37,4619.9,5880.5,796.19,4.283595e-06,130.27,645.18,39.29,2140.3944247062327,4391.326153063176,4672.460115434111,887.9996375301172,643.4571233187233,119.73739343914173,609.4502444456335,43.904666792945974,1055.4749002676917,3444.4520705886116,3041.457130428496,759.9394619496663,198.97320985000115,110.05783213706243,614.5467839377267,50.88443983759199,1055.4749002676917,3444.4520705886116,3041.457130428496,759.9394619496663,198.97320985000115,110.05783213706243,614.5467839377267,50.88443983759199
2026-02-12 17:00:00+00:00,2439.15,4620.86,6062.49,796.84,4.283595e-06,129.43,580.01,39.29,2421.8181538976505,4003.9389563711675,5147.536904693867,809.6961186663323,453.5164716081756,146.5690931738158,570.1974512331044,38.50685736750255,1055.4749002676917,3444.4520705886116,3041.457130428496,759.9394619496663,198.97320985000115,110.05783213706243,614.5467839377267,50.88443983759199,1055.4749002676917,3444.4520705886116,3041.457130428496,759.9394619496663,198.97320985000115,110.05783213706243,614.5467839377267,50.88443983759199
2026-02-12 18:00:00+00:00,2407.77,4516.4,5801.62,796.84,4.283595e-06,129.83,598.64,39.29,2135.328119091245,4036.7374278196557,4834.397720605106,800.7559556622557,120.9119902883055,137.869971973653,580.328292590882,37.31272211142421,1055.4749002676917,3444.4520705886116,3041.457130428496,759.9394619496663,198.97320985000115,110.05783213706243,614.5467839377267,50.88443983759199,1055.4749002676917,3444.4520705886116,3041.457130428496,759.9394619496663,198.97320985000115,110.05783213706243,614.5467839377267,50.88443983759199
2026-02-12 19:00:00+00:00,2113.37,4254.21,5676.26,797.73,4.283595e-06,129.43,593.15,39.29,1984.2573375248344,3859.3140188419716,4581.380713118309,806.9967255002642,103.59001055450405,130.46602410573004,560.7492093678155,38.194817252290235,1055.4749002676917,3444.4520705886116,3041.457130428496,759.9394619496663,198.97320985000115,110.05783213706243,614.5467839377267,50.88443983759199,1055.4749002676917,3444.4520705886116,3041.457130428496,759.9394619496663,198.97320985000115,110.05783213706243,614.5467839377267,50.88443983759199
2026-02-12 20:00:00+00:00,1892.44,4233.34,5159.62,796.84,4.283595e-06,129.43,605.74,39.29,1247.363534911115,3300.5272502110734,3575.5789497345845,799.4073095446324,55.22241996012451,120.04650911377898,578.0989705682977,38.66998395224614,1055.4749002676917,3444.4520705886116,3041.457130428496,759.9394619496663,198.97320985000115,110.05783213706243,614.5467839377267,50.88443983759199,1055.4749002676917,3444.4520705886116,3041.457130428496,759.9394619496663,198.97320985000115,110.05783213706243,614.5467839377267,50.88443983759199
2026-02-12 21:00:00+00:00,1809.46,4236.08,5142.67,795.53,4.283595e-06,129.83,689.67,39.29,1182.7919773297292,3274.8670910565393,3634.7297344393423,784.8351755698828,47.34187075674717,121.17460742526887,582.7047385291505,38.56509382513114,1055.4749002676917,3444.4520705886116,3041.457130428496,759.9394619496663,198.97320985000115,110.05783213706243,614.5467839377267,50.88443983759199,1055.4749002676917,3444.4520705886116,3041.457130428496,759.9394619496663,198.97320985000115,110.05783213706243,614.5467839377267,50.88443983759199
2026-02-12 22:00:00+00:00,1641.94,4159.49,5032.68,794.74,4.283595e-06,131.0,714.72,39.29,937.1919613705905,3089.8311001624584,3296.6803851166683,779.4592067033171,25.581382151019227,111.54139223553884,577.2435044811131,37.7955353869811,1055.4749002676917,3444.4520705886116,3041.457130428496,759.9394619496663,198.97320985000115,110.05783213706243,614.5467839377267,50.88443983759199,1055.4749002676917,3444.4520705886116,3041.457130428496,759.9394619496663,198.97320985000115,110.05783213706243,614.5467839377267,50.88443983759199
2026-02-12 23:00:00+00:00,1435.79,4215.52,4861.0,789.28,4.283595e-06,120.57,677.96,37.61,790.7081700433423,2491.6982622635924,2711.5319120527756,776.0029618562982,-0.7919046726538284,106.18007295328279,585.4162994248762,38.23938659657113,1055.4749002676917,3444.4520705886116,3041.457130428496,759.9394619496663,198.97320985000115,110.05783213706243,614.5467839377267,50.88443983759199,1055.4749002676917,3444.4520705886116,3041.457130428496,759.9394619496663,198.97320985000115,110.05783213706243,614.5467839377267,50.88443983759199
2026-02-13 00:00:00+00:00,1427.86,4212.84,4660.19,791.11,4.283595e-06,121.03,682.63,37.61,561.2355804835908,2367.4534828726432,2202.5417680010114,762.3816641089521,35.40018464530891,110.3210840194233,627.2099553929345,38.462403442920134,1055.4749002676917,3444.4520705886116,3041.457130428496,759.9394619496663,198.97320985000115,110.05783213706243,614.5467839377267,50.88443983759199,1055.4749002676917,3444.4520705886116,3041.457130428496,759.9394619496663,198.97320985000115,110.05783213706243,614.5467839377267,50.88443983759199
2026-02-13 01:00:00+00:00,1434.26,4166.17,4490.83,790.82,4.283595e-06,122.43,673.91,37.61,561.5189374397646,2322.0332408816803,1755.8511829158538,745.2557930689767,40.794866882346696,120.23102127319957,642.0049861301877,41.83708718162234,1055.4749002676917,3444.4520705886116,3041.457130428496,759.9394619496663,198.97320985000115,110.05783213706243,614.5467839377267,50.88443983759199,1055.4749002676917,3444.4520705886116,3041.457130428496,759.9394619496663,198.97320985000115,110.05783213706243,614.5467839377267,50.88443983759199
2026-02-13 02:00:00+00:00,1441.38,4176.66,4445.46,790.82,4.283595e-06,120.57,632.61,37.61,588.5537623107647,2472.0885745967066,1872.0804059860727,755.1585356672698,41.76909126410226,113.33714744057025,639.3526182498903,40.830259824278926,1055.4749002676917,3444.4520705886116,3041.457130428496,759.9394619496663,198.97320985000115,110.05783213706243,614.5467839377267,50.88443983759199,1055.4749002676917,3444.4520705886116,3041.457130428496,759.9394619496663,198.97320985000115,110.05783213706243,614.5467839377267,50.88443983759199
2026-02-13 03:00:00+00:00,1447.93,4145.94,4631.97,790.82,4.283595e-06,129.23,586.14,37.61,640.6470418727406,2617.9696406137523,2064.5752406518154,763.3442614166114,36.26857030847998,120.55292103175715,647.2890464633547,40.546973453352216,1055.4749002676917,3444.4520705886116,3041.457130428496,759.9394619496663,198.97320985000115,110.05783213706243,614.5467839377267,50.88443983759199,1055.4749002676917,3444.4520705886116,3041.457130428496,759.9394619496663,198.97320985000115,110.05783213706243,614.5467839377267,50.88443983759199
2026-02-13 04:00:00+00:00,1663.67,4373.61,5557.62,791.27,4.283595e-06,130.63,570.6,39.8,846.6324670976486,3386.913604544312,2899.5340224257493,784.4319456626249,63.27962731782921,120.26509150622299,623.9990328383072,40.08919868583864,1055.4749002676917,3444.4520705886116,3041.457130428496,759.9394619496663,198.97320985000115,110.05783213706243,614.5467839377267,50.88443983759199,1055.4749002676917,3444.4520705886116,3041.457130428496,759.9394619496663,198.97320985000115,110.05783213706243,614.5467839377267,50.88443983759199
2026-02-13 05:00:00+00:00,2226.3,4616.09,6410.97,794.04,4.283595e-06,128.77,577.94,40.53,1737.1199524310746,4282.657871983935,4142.407450397508,797.5667386069503,105.07783519847354,117.27429901477392,602.9303430527609,39.65329729880119,1055.4749002676917,3444.4520705886116,3041.457130428496,759.9394619496663,198.97320985000115,110.05783213706243,614.5467839377267,50.88443983759199,1055.4749002676917,3444.4520705886116,3041.457130428496,759.9394619496663,198.97320985000115,110.05783213706243,614.5467839377267,50.88443983759199
2026-02-13 06:00:00+00:00,2311.71,4598.15,6798.5,797.28,85.96999,128.77,631.94,40.53,1819.2521209358933,4877.820876771846,4739.823299694196,877.6521779333611,490.04467161050513,95.40988045024463,582.5836346961123,49.76197642393885,1055.4749002676917,3444.4520705886116,3041.457130428496,759.9394619496663,198.97320985000115,110.05783213706243,614.5467839377267,50.88443983759199,1055.4749002676917,3444.4520705886116,3041.457130428496,759.9394619496663,198.97320985000115,110.05783213706243,614.5467839377267,50.88443983759199
2026-02-13 07:00:00+00:00,2335.95,4610.69,6931.09,799.46,314.44,128.77,629.94,40.53,2139.1065420193618,5087.8305036453985,5174.746459387261,879.3164163362115,481.7072087111245,93.66986930085683,583.2143256461916,55.08153842950817,1055.4749002676917,3444.4520705886116,3041.457130428496,759.9394619496663,198.97320985000115,110.05783213706243,614.5467839377267,50.88443983759199,1055.4749002676917,3444.4520705886116,3041.457130428496,759.9394619496663,198.97320985000115,110.05783213706243,614.5467839377267,50.88443983759199
2026-02-13 08:00:00+00:00,2321.68,4638.57,6886.41,799.57,139.47,128.77,626.89,40.53,2211.5839980338487,4962.594649334376,5709.644996536314,849.5113708922388,366.9695662410662,92.67889980839041,597.4154443406695,53.924864789275944,1055.4749002676917,3444.4520705886116,3041.457130428496,759.9394619496663,198.97320985000115,110.05783213706243,614.5467839377267,50.88443983759199,1055.4749002676917,3444.4520705886116,3041.457130428496,759.9394619496663,198.97320985000115,110.05783213706243,614.5467839377267,50.88443983759199
2026-02-13 09:00:00+00:00,2177.11,4583.15,6462.34,799.31,43.09,128.77,642.1,40.53,2153.5912646926026,4964.39817277008,5413.525636192686,822.6833763184655,143.37346823940885,94.48863668724458,616.8312386343373,52.265250402247496,1055.4749002676917,3444.4520705886116,3041.457130428496,759.9394619496663,198.97320985000115,110.05783213706243,614.5467839377267,50.88443983759199,1055.4749002676917,3444.4520705886116,3041.457130428496,759.9394619496663,198.97320985000115,110.05783213706243,614.5467839377267,50.88443983759199
2026-02-13 10:00:00+00:00,2179.57,4559.06,6398.98,799.31,32.319996,120.35,570.68,40.53,2094.370664104972,4527.491238330078,5892.347321665928,810.4139873586377,58.47211197052954,100.02043430188542,626.2962065536744,59.744883674356394,1055.4749002676917,3444.4520705886116,3041.457130428496,759.9394619496663,198.97320985000115,110.05783213706243,614.5467839377267,50.88443983759199,1055.4749002676917,3444.4520705886116,3041.457130428496,759.9394619496663,198.97320985000115,110.05783213706243,614.5467839377267,50.88443983759199
2026-02-13 11:00:00+00:00,2283.36,4551.98,6692.33,799.31,4.283595e-06,120.6,584.39,40.53,2036.2250019147523,4393.8804319558185,5722.2175890184035,791.7761984810093,35.599405721526495,98.58816491983566,609.3874278858789,60.18247684207692,1055.4749002676917,3444.4520705886116,3041.457130428496,759.9394619496663,198.97320985000115,110.05783213706243,614.5467839377267,50.88443983759199,1055.4749002676917,3444.4520705886116,3041.457130428496,759.9394619496663,198.97320985000115,110.05783213706243,614.5467839377267,50.88443983759199
2026-02-13 12:00:00+00:00,2300.1,4616.72,6750.42,799.31,4.283595e-06,125.34,573.24,40.53,1664.072492199964,4108.976234364287,5866.179927426854,791.3652918268053,49.48457926604243,97.96658773158944,603.8583190228147,60.344736847536765,1055.4749002676917,3444.4520705886116,3041.457130428496,759.9394619496663,198.97320985000115,110.05783213706243,614.5467839377267,50.88443983759199,1055.4749002676917,3444.4520705886116,3041.457130428496,759.9394619496663,198.97320985000115,110.05783213706243,614.5467839377267,50.88443983759199
2026-02-13 13:00:00+00:00,2344.67,4623.0,6823.25,799.71,4.283595e-06,129.49,576.84,40.53,1649.6583747924453,4492.828957979899,5691.668331872499,793.9677531912814,33.587274045777576,93.55603087922671,605.1335424480612,58.27346583128474,1055.4749002676917,3444.4520705886116,3041.457130428496,759.9394619496663,198.97320985000115,110.05783213706243,614.5467839377267,50.88443983759199,1055.4749002676917,3444.4520705886116,3041.457130428496,759.9394619496663,198.97320985000115,110.05783213706243,614.5467839377267,50.88443983759199
2026-02-13 14:00:00+00:00,2388.56,4675.5,6962.96,799.71,192.82,129.49,582.02,40.53,1582.7814695077132,5153.680956995799,6279.081398861343,825.8034502630879,127.40440934174703,93.74216803478313,605.7145830275001,59.68450533393306,1055.4749002676917,3444.4520705886116,3041.457130428496,759.9394619496663,198.97320985000115,110.05783213706243,614.5467839377267,50.88443983759199,1055.4749002676917,3444.4520705886116,3041.457130428496,759.9394619496663,198.97320985000115,110.05783213706243,614.5467839377267,50.88443983759199
2026-02-13 15:00:00+00:00,2444.35,4633.5,6998.83,799.71,896.07,129.49,612.88,40.53,1685.194418063972,5345.819388206666,6778.451142073326,879.3993953728151,403.74392419394474,95.5189014311141,622.1593951052533,58.60007319045,1055.4749002676917,3444.4520705886116,3041.457130428496,759.9394619496663,198.97320985000115,110.05783213706243,614.5467839377267,50.88443983759199,1055.4749002676917,3444.4520705886116,3041.457130428496,759.9394619496663,198.97320985000115,110.05783213706243,614.5467839377267,50.88443983759199
2026-02-13 16:00:00+00:00,2562.38,4623.16,6853.31,800.43,716.17,129.79,652.76,38.09,1790.1378948226934,5317.373415671158,6807.9232545425675,930.3086826994361,787.6199433917521,93.30894435769031,622.5808396799904,61.64927193477489,1055.4749002676917,3444.4520705886116,3041.457130428496,759.9394619496663,198.97320985000115,110.05783213706243,614.5467839377267,50.88443983759199,1055.4749002676917,3444.4520705886116,3041.457130428496,759.9394619496663,198.97320985000115,110.05783213706243,614.5467839377267,50.88443983759199
2026-02-13 17:00:00+00:00,2561.78,4624.82,6919.39,801.08,1200.14,129.49,640.39,37.28,2305.4623989150978,4913.927816923652,7173.967977337365,812.2618173021935,937.5022514680427,122.20262048307947,644.0642825817374,38.07291254544121,1055.4749002676917,3444.4520705886116,3041.457130428496,759.9394619496663,198.97320985000115,110.05783213706243,614.5467839377267,50.88443983759199,1055.4749002676917,3444.4520705886116,3041.457130428496,759.9394619496663,198.97320985000115,110.05783213706243,614.5467839377267,50.88443983759199
2026-02-13 18:00:00+00:00,2559.61,4636.14,6905.19,801.08,303.36,129.59,667.85,37.28,2412.7386671857876,5035.897140785158,6879.788055556386,798.2092606593583,438.1476671551809,112.71535210056615,618.5541618960222,37.98852075387174,1055.4749002676917,3444.4520705886116,3041.457130428496,759.9394619496663,198.97320985000115,110.05783213706243,614.5467839377267,50.88443983759199,1055.4749002676917,3444.4520705886116,3041.457130428496,759.9394619496663,198.97320985000115,110.05783213706243,614.5467839377267,50.88443983759199
2026-02-13 19:00:00+00:00,2562.07,4643.49,6956.64,801.08,35.610004,129.49,650.82,37.28,2165.907068378696,4708.091402376809,6333.322886598326,810.0166607371846,242.80374755964448,110.9080094237633,649.2459242491626,37.526869884175305,1055.4749002676917,3444.4520705886116,3041.457130428496,759.9394619496663,198.97320985000115,110.05783213706243,614.5467839377267,50.88443983759199,1055.4749002676917,3444.4520705886116,3041.457130428496,759.9394619496663,198.97320985000115,110.05783213706243,614.5467839377267,50.88443983759199
2026-02-13 20:00:00+00:00,2374.31,4645.36,6751.22,801.08,35.610004,129.49,603.06,37.28,2180.019607159729,4461.524089397499,6537.858745935981,802.1863795339294,135.50226264460377,108.14709843522951,641.0629441185754,38.7737714498207,1055.4749002676917,3444.4520705886116,3041.457130428496,759.9394619496663,198.97320985000115,110.05783213706243,614.5467839377267,50.88443983759199,1055.4749002676917,3444.4520705886116,3041.457130428496,759.9394619496663,198.97320985000115,110.05783213706243,614.5467839377267,50.88443983759199
2026-02-13 21:00:00+00:00,2290.75,4588.2,6701.66,800.03,35.610004,129.51,589.84,37.28,2261.9990511892365,4400.833576602471,6003.762499125978,795.1367307546752,38.898060035781015,106.51648858178875,622.46222843102,37.66030750950516,1055.4749002676917,3444.4520705886116,3041.457130428496,759.9394619496663,198.97320985000115,110.05783213706243,614.5467839377267,50.88443983759199,1055.4749002676917,3444.4520705886116,3041.457130428496,759.9394619496663,198.97320985000115,110.05783213706243,614.5467839377267,50.88443983759199
2026-02-13 22:00:00+00:00,2271.36,4547.44,6493.85,799.22,4.283595e-06,129.8,548.85,36.75,2220.6580648803215,4438.155760688643,5511.264592276023,786.080089132463,33.24569476228632,103.72146239590494,632.5901009958594,38.291566489007664,1055.4749002676917,3444.4520705886116,3041.457130428496,759.9394619496663,198.97320985000115,110.05783213706243,614.5467839377267,50.88443983759199,1055.4749002676917,3444.4520705886116,3041.457130428496,759.9394619496663,198.97320985000115,110.05783213706243,614.5467839377267,50.88443983759199
2026-02-13 23:00:00+00:00,2150.25,4553.99,6556.05,794.34,4.283595e-06,128.12,518.92,39.09,1822.9352643150596,4528.154874666398,4884.768427966126,786.383099114818,10.484071504396297,97.39698660485833,639.8842999691523,39.361759526950166,1055.4749002676917,3444.4520705886116,3041.457130428496,759.9394619496663,198.97320985000115,110.05783213706243,614.5467839377267,50.88443983759199,1055.4749002676917,3444.4520705886116,3041.457130428496,759.9394619496663,198.97320985000115,110.05783213706243,614.5467839377267,50.88443983759199
2026-02-14 00:00:00+00:00,2155.11,4556.87,6551.23,795.56,4.283595e-06,128.37,560.96,35.18,1977.5628963552472,4183.321628361865,5710.199136534858,788.1929184655534,18.3470935664852,106.67108552051569,632.9531988663771,39.2618128448541,1055.4749002676917,3444.4520705886116,3041.457130428496,759.9394619496663,198.97320985000115,110.05783213706243,614.5467839377267,50.88443983759199,1055.4749002676917,3444.4520705886116,3041.457130428496,759.9394619496663,198.97320985000115,110.05783213706243,614.5467839377267,50.88443983759199
2026-02-14 01:00:00+00:00,2109.53,4560.95,6485.17,795.73,4.283595e-06,129.12,545.16,35.18,1962.1833653378972,4165.853534440416,5063.6467630837615,782.7754015040643,2.905888717180517,103.59941879589083,639.0349894353733,37.97903896391823,1055.4749002676917,3444.4520705886116,3041.457130428496,759.9394619496663,198.97320985000115,110.05783213706243,614.5467839377267,50.88443983759199,1055.4749002676917,3444.4520705886116,3041.457130428496,759.9394619496663,198.97320985000115,110.05783213706243,614.5467839377267,50.88443983759199
2026-02-14 02:00:00+00:00,2165.97,4575.26,6473.8,795.73,4.283595e-06,127.79,568.0,35.18,1964.2508412847692,4261.231026966397,4964.410865011225,782.1074808985733,2.905888717180517,105.1446452907631,662.8058434439916,38.391818601990934,1055.4749002676917,3444.4520705886116,3041.457130428496,759.9394619496663,198.97320985000115,110.05783213706243,614.5467839377267,50.88443983759199,1055.4749002676917,3444.4520705886116,3041.457130428496,759.9394619496663,198.97320985000115,110.05783213706243,614.5467839377267,50.88443983759199
2026-02-14 03:00:00+00:00,2132.67,4579.59,6457.57,795.73,4.283595e-06,127.19,579.07,35.18,1739.7586223523194,4211.388507447223,4761.570009000247,779.1136228424159,3.8261596871477366,105.68970948339727,666.4149599115816,38.03480977089867,1055.4749002676917,3444.4520705886116,3041.457130428496,759.9394619496663,198.97320985000115,110.05783213706243,614.5467839377267,50.88443983759199,1055.4749002676917,3444.4520705886116,3041.457130428496,759.9394619496663,198.97320985000115,110.05783213706243,614.5467839377267,50.88443983759199
2026-02-14 04:00:00+00:00,2131.17,4563.66,6350.64,796.16,4.283595e-06,127.43,591.01,35.18,1928.1684242362226,4176.636647486442,4667.344775537891,791.6754847486449,18.484376424257277,106.01012411627003,661.9916937642843,38.433726222490364,1055.4749002676917,3444.4520705886116,3041.457130428496,759.9394619496663,198.97320985000115,110.05783213706243,614.5467839377267,50.88443983759199,1055.4749002676917,3444.4520705886116,3041.457130428496,759.9394619496663,198.97320985000115,110.05783213706243,614.5467839377267,50.88443983759199
2026-02-14 05:00:00+00:00,2165.83,4492.52,6484.11,798.01,4.283595e-06,127.11,570.89,35.18,1977.5904481168905,4275.0839623435895,4946.045078115167,797.9199379691671,34.66524286902808,96.87769483733359,664.7900392689933,38.15540994731813,1055.4749002676917,3444.4520705886116,3041.457130428496,759.9394619496663,198.97320985000115,110.05783213706243,614.5467839377267,50.88443983759199,1055.4749002676917,3444.4520705886116,3041.457130428496,759.9394619496663,198.97320985000115,110.05783213706243,614.5467839377267,50.88443983759199
2026-02-14 06:00:00+00:00,2185.57,4394.16,6486.24,800.57,4.283595e-06,127.11,624.62,37.26,1547.1533781505764,4487.057501466852,3041.5420378224317,843.4827812495417,155.3414041298102,90.28693990038884,648.7702079170613,54.17688839128209,1055.4749002676917,3444.4520705886116,3041.457130428496,759.9394619496663,198.97320985000115,110.05783213706243,614.5467839377267,50.88443983759199,1055.4749002676917,3444.4520705886116,3041.457130428496,759.9394619496663,198.97320985000115,110.05783213706243,614.5467839377267,50.88443983759199
2026-02-14 07:00:00+00:00,2187.87,4357.95,6735.21,802.76,4.283595e-06,127.11,609.29,37.96,1757.4198257744288,4187.967010404993,3891.741608425821,849.3599678674858,136.6445823726185,87.47760203353744,658.1827391305628,55.478068905932986,1055.4749002676917,3444.4520705886116,3041.457130428496,759.9394619496663,198.97320985000115,110.05783213706243,614.5467839377267,50.88443983759199,1055.4749002676917,3444.4520705886116,3041.457130428496,759.9394619496663,198.97320985000115,110.05783213706243,614.5467839377267,50.88443983759199
2026-02-14 08:00:00+00:00,2226.11,4382.83,6846.71,802.76,53.640003,127.11,545.73,37.96,1772.9214929580087,4036.838502676225,5297.3938961784315,850.0098500437548,111.8918279838317,92.49158432756272,651.9015785921833,55.32607773445643,1055.4749002676917,3444.4520705886116,3041.457130428496,759.9394619496663,198.97320985000115,110.05783213706243,614.5467839377267,50.88443983759199,1055.4749002676917,3444.4520705886116,3041.457130428496,759.9394619496663,198.97320985000115,110.05783213706243,614.5467839377267,50.88443983759199
2026-02-14 09:00:00+00:00,2225.4,4365.8,6863.01,802.17,65.00001,127.11,571.79,37.96,1903.4745978116932,4237.639182213968,5688.471767860202,838.1884043672237,59.2333265163561,88.3944254436142,655.2523475856827,55.032757004986976,1055.4749002676917,3444.4520705886116,3041.457130428496,759.9394619496663,198.97320985000115,110.05783213706243,614.5467839377267,50.88443983759199,1055.4749002676917,3444.4520705886116,3041.457130428496,759.9394619496663,198.97320985000115,110.05783213706243,614.5467839377267,50.88443983759199
2026-02-14 10:00:00+00:00,2228.51,4354.53,6829.63,802.72,58.129993,127.11,582.71,37.96,1976.3217257058946,4232.566721902901,5836.763186928786,826.8520515981049,38.0294480713321,91.26024199424924,656.1513523368632,54.86081136024858,1055.4749002676917,3444.4520705886116,3041.457130428496,759.9394619496663,198.97320985000115,110.05783213706243,614.5467839377267,50.88443983759199,1055.4749002676917,3444.4520705886116,3041.457130428496,759.9394619496663,198.97320985000115,110.05783213706243,614.5467839377267,50.88443983759199
2026-02-14 11:00:00+00:00,2259.54,4365.6,6839.72,802.9,107.88,128.0,601.73,37.96,1943.4643206148066,3992.6590896995185,5554.150882751381,813.4596292846427,41.33238856895471,93.99164673743202,642.0919033215037,54.757722591216464,1055.4749002676917,3444.4520705886116,3041.457130428496,759.9394619496663,198.97320985000115,110.05783213706243,614.5467839377267,50.88443983759199,1055.4749002676917,3444.4520705886116,3041.457130428496,759.9394619496663,198.97320985000115,110.05783213706243,614.5467839377267,50.88443983759199
2026-02-14 12:00:00+00:00,2272.25,4387.06,6797.39,802.9,57.429996,128.12,617.3,37.96,1930.1380623340206,3871.043530053269,5552.3667927142515,797.4409391237235,43.53927220737501,90.47188537034603,636.6371996325164,54.59121397359153,1055.4749002676917,3444.4520705886116,3041.457130428496,759.9394619496663,198.97320985000115,110.05783213706243,614.5467839377267,50.88443983759199,1055.4749002676917,3444.4520705886116,3041.457130428496,759.9394619496663,198.97320985000115,110.05783213706243,614.5467839377267,50.88443983759199
2026-02-14 13:00:00+00:00,2315.15,4395.9,6790.75,802.9,367.36,128.12,642.21,37.96,1960.9399818048576,3840.0122710450914,5372.724743716299,806.4424805414394,48.92459740856361,86.82275344422182,635.7734268154729,58.821759178774215,1055.4749002676917,3444.4520705886116,3041.457130428496,759.9394619496663,198.97320985000115,110.05783213706243,614.5467839377267,50.88443983759199,1055.4749002676917,3444.4520705886116,3041.457130428496,759.9394619496663,198.97320985000115,110.05783213706243,614.5467839377267,50.88443983759199
2026-02-14 14:00:00+00:00,2321.65,4400.19,6915.99,802.9,482.36,128.12,604.34,37.96,1947.2972446188392,3846.460831908622,5350.001594921091,828.8043681356926,137.351530786902,87.34569652525886,627.2136339502397,58.74700986295821,1055.4749002676917,3444.4520705886116,3041.457130428496,759.9394619496663,198.97320985000115,110.05783213706243,614.5467839377267,50.88443983759199,1055.4749002676917,3444.4520705886116,3041.457130428496,759.9394619496663,198.97320985000115,110.05783213706243,614.5467839377267,50.88443983759199
2026-02-14 15:00:00+00:00,2485.17,4447.24,6998.58,803.3,542.36,128.12,609.93,37.96,1978.1066561061434,3758.8370114747595,5829.561201549968,880.819835976142,383.45587962716604,88.70813855659378,610.9824662455347,59.978315538950454,1055.4749002676917,3444.4520705886116,3041.457130428496,759.9394619496663,198.97320985000115,110.05783213706243,614.5467839377267,50.88443983759199,1055.4749002676917,3444.4520705886116,3041.457130428496,759.9394619496663,198.97320985000115,110.05783213706243,614.5467839377267,50.88443983759199
2026-02-14 16:00:00+00:00,2595.37,4502.43,7175.02,803.66,945.56,128.75,557.16,37.96,1966.1771108466526,3569.692985100097,6073.947689739582,909.7284296397963,633.5033703267829,88.43176169992445,602.9654665468096,56.25775352771607,1055.4749002676917,3444.4520705886116,3041.457130428496,759.9394619496663,198.97320985000115,110.05783213706243,614.5467839377267,50.88443983759199,1055.4749002676917,3444.4520705886116,3041.457130428496,759.9394619496663,198.97320985000115,110.05783213706243,614.5467839377267,50.88443983759199
2026-02-14 17:00:00+00:00,2605.74,4542.9,7177.95,803.45,978.52,128.12,572.04,37.96,2442.2673002026486,3607.1860524850804,6964.972330972184,843.0287937526325,592.5049268914605,99.91549761218408,657.9108075014888,37.53984966655263,1055.4749002676917,3444.4520705886116,3041.457130428496,759.9394619496663,198.97320985000115,110.05783213706243,614.5467839377267,50.88443983759199,1055.4749002676917,3444.4520705886116,3041.457130428496,759.9394619496663,198.97320985000115,110.05783213706243,614.5467839377267,50.88443983759199
2026-02-14 18:00:00+00:00,2600.26,4596.75,6759.06,803.29,1011.48,128.33,618.51,37.96,2516.725341887604,3382.3232873179954,6805.2614724974865,842.5072305803905,256.0884494904904,98.66974354573709,654.6062103535963,38.22443230294111,1055.4749002676917,3444.4520705886116,3041.457130428496,759.9394619496663,198.97320985000115,110.05783213706243,614.5467839377267,50.88443983759199,1055.4749002676917,3444.4520705886116,3041.457130428496,759.9394619496663,198.97320985000115,110.05783213706243,614.5467839377267,50.88443983759199
2026-02-14 19:00:00+00:00,2494.61,4603.19,6616.09,803.29,1044.4401,127.36,626.32,37.96,2389.7293221161444,3318.1004501151556,6462.0504239267375,837.1405687058185,109.76545780729616,92.35129457104351,658.0679921460204,40.12537668074458,1055.4749002676917,3444.4520705886116,3041.457130428496,759.9394619496663,198.97320985000115,110.05783213706243,614.5467839377267,50.88443983759199,1055.4749002676917,3444.4520705886116,3041.457130428496,759.9394619496663,198.97320985000115,110.05783213706243,614.5467839377267,50.88443983759199
2026-02-14 20:00:00+00:00,2307.8,4557.35,6614.55,803.29,728.02,127.11,622.76,37.96,2370.0569819113057,3475.192171423113,6377.092409206768,811.505819021418,69.01738663499214,96.30437225244822,654.3232842090297,39.780879154135995,1055.4749002676917,3444.4520705886116,3041.457130428496,759.9394619496663,198.97320985000115,110.05783213706243,614.5467839377267,50.88443983759199,1055.4749002676917,3444.4520705886116,3041.457130428496,759.9394619496663,198.97320985000115,110.05783213706243,614.5467839377267,50.88443983759199
2026-02-14 21:00:00+00:00,2191.95,4557.24,6603.11,801.98,144.13,127.19,636.0,37.96,2388.9729013569904,3386.485374389755,6455.917026352272,798.0950816415674,41.95952988668864,93.26617895160268,659.6193843888879,40.32585027412601,1055.4749002676917,3444.4520705886116,3041.457130428496,759.9394619496663,198.97320985000115,110.05783213706243,614.5467839377267,50.88443983759199,1055.4749002676917,3444.4520705886116,3041.457130428496,759.9394619496663,198.97320985000115,110.05783213706243,614.5467839377267,50.88443983759199
2026-02-14 22:00:00+00:00,1871.3099,4535.08,6134.83,801.19,367.36,127.43,579.95,37.96,2378.429117558977,3417.839112892224,6245.187124666976,791.1855859450216,-16.562307420007784,91.51387553225126,673.3875104029087,39.780824804704004,1055.4749002676917,3444.4520705886116,3041.457130428496,759.9394619496663,198.97320985000115,110.05783213706243,614.5467839377267,50.88443983759199,1055.4749002676917,3444.4520705886116,3041.457130428496,759.9394619496663,198.97320985000115,110.05783213706243,614.5467839377267,50.88443983759199
2026-02-14 23:00:00+00:00,1448.09,4445.38,5164.66,796.63,254.29,118.81,560.86,36.84,2030.1069278427055,3844.4219514927945,5891.512969682464,782.4572211022672,-17.792107580079744,90.93892218067246,655.6231621349737,40.13877905793915,1055.4749002676917,3444.4520705886116,3041.457130428496,759.9394619496663,198.97320985000115,110.05783213706243,614.5467839377267,50.88443983759199,1055.4749002676917,3444.4520705886116,3041.457130428496,759.9394619496663,198.97320985000115,110.05783213706243,614.5467839377267,50.88443983759199
2026-02-15 00:00:00+00:00,1461.75,4450.4,4418.67,795.96,158.38,118.91,591.33,41.99,2064.8012323285675,4278.82880594089,5720.228677746392,784.7691050704611,-13.630566426931978,88.23361957430285,648.5769399019737,39.161422845218304,1055.4749002676917,3444.4520705886116,3041.457130428496,759.9394619496663,198.97320985000115,110.05783213706243,614.5467839377267,50.88443983759199,1055.4749002676917,3444.4520705886116,3041.457130428496,759.9394619496663,198.97320985000115,110.05783213706243,614.5467839377267,50.88443983759199
2026-02-15 01:00:00+00:00,1479.63,4464.38,3754.14,795.67,86.25,118.48,565.53,41.99,1996.5653088136596,3927.668831861484,5609.971361214858,783.8305345584141,-11.604888346093503,85.84047543396353,606.707500125635,39.08189470857815,1055.4749002676917,3444.4520705886116,3041.457130428496,759.9394619496663,198.97320985000115,110.05783213706243,614.5467839377267,50.88443983759199,1055.4749002676917,3444.4520705886116,3041.457130428496,759.9394619496663,198.97320985000115,110.05783213706243,614.5467839377267,50.88443983759199
2026-02-15 02:00:00+00:00,1512.7,4506.79,3264.85,795.67,57.530003,118.09,560.54,41.99,1856.6395968139577,3973.0928114275193,5425.936017538728,783.8796558971604,-23.733968858870128,83.61596974027923,603.2740790265383,38.779155536246606,1055.4749002676917,3444.4520705886116,3041.457130428496,759.9394619496663,198.97320985000115,110.05783213706243,614.5467839377267,50.88443983759199,1055.4749002676917,3444.4520705886116,3041.457130428496,759.9394619496663,198.97320985000115,110.05783213706243,614.5467839377267,50.88443983759199
2026-02-15 03:00:00+00:00,1516.05,4498.12,2790.74,795.67,191.99,126.33,579.45,41.99,1917.7726491479912,4035.9485242575424,5681.437933759997,779.330975928569,-28.49284962298367,83.46778918299034,603.0812497097019,39.36042116453291,1055.4749002676917,3444.4520705886116,3041.457130428496,759.9394619496663,198.97320985000115,110.05783213706243,614.5467839377267,50.88443983759199,1055.4749002676917,3444.4520705886116,3041.457130428496,759.9394619496663,198.97320985000115,110.05783213706243,614.5467839377267,50.88443983759199
2026-02-15 04:00:00+00:00,1525.34,4509.64,2688.8,795.67,1.5699964,126.44,568.67,39.47,1950.6697336996658,3526.65367413489,5007.97442613802,784.6970289203075,-9.618106001045447,84.7382494349186,596.7213400038086,40.55314650396341,1055.4749002676917,3444.4520705886116,3041.457130428496,759.9394619496663,198.97320985000115,110.05783213706243,614.5467839377267,50.88443983759199,1055.4749002676917,3444.4520705886116,3041.457130428496,759.9394619496663,198.97320985000115,110.05783213706243,614.5467839377267,50.88443983759199
2026-02-15 05:00:00+00:00,1510.82,4516.24,2340.73,797.09,32.289997,126.29,575.48,38.62,1749.2309329056445,3155.434229828034,4881.883192839081,806.9523757182338,24.104117304124287,85.93286754283004,600.0589406788955,39.23347354349603,1055.4749002676917,3444.4520705886116,3041.457130428496,759.9394619496663,198.97320985000115,110.05783213706243,614.5467839377267,50.88443983759199,1055.4749002676917,3444.4520705886116,3041.457130428496,759.9394619496663,198.97320985000115,110.05783213706243,614.5467839377267,50.88443983759199
2026-02-15 06:00:00+00:00,1491.72,4517.19,2350.11,799.65,4.283595e-06,126.29,559.43,38.62,1340.1742972107422,2636.559442012534,3727.312047151221,840.5820882456098,53.08073703616947,84.34015741632952,562.4472438364324,57.330530278754146,1055.4749002676917,3444.4520705886116,3041.457130428496,759.9394619496663,198.97320985000115,110.05783213706243,614.5467839377267,50.88443983759199,1055.4749002676917,3444.4520705886116,3041.457130428496,759.9394619496663,198.97320985000115,110.05783213706243,614.5467839377267,50.88443983759199
2026-02-15 07:00:00+00:00,1513.58,4548.56,2322.12,802.3,108.09999,126.29,560.64,38.62,1047.9022767307395,2826.317061818677,3781.8430882477805,850.0907986049434,76.46250941209219,84.51011272422102,557.9014173354544,58.94881131013916,1055.4749002676917,3444.4520705886116,3041.457130428496,759.9394619496663,198.97320985000115,110.05783213706243,614.5467839377267,50.88443983759199,1055.4749002676917,3444.4520705886116,3041.457130428496,759.9394619496663,198.97320985000115,110.05783213706243,614.5467839377267,50.88443983759199
2026-02-15 08:00:00+00:00,1496.45,4366.0,2367.15,802.77,107.57,126.4,567.93,37.77,1301.0833283759764,3230.9992603850224,3420.6876791028067,830.227290453517,57.88201661485414,82.03723171200244,572.030648374509,54.61230774194831,1055.4749002676917,3444.4520705886116,3041.457130428496,759.9394619496663,198.97320985000115,110.05783213706243,614.5467839377267,50.88443983759199,1055.4749002676917,3444.4520705886116,3041.457130428496,759.9394619496663,198.97320985000115,110.05783213706243,614.5467839377267,50.88443983759199
2026-02-15 09:00:00+00:00,1391.72,4320.48,2360.58,802.18,4.283595e-06,126.5,571.91,35.2,1385.8291012943969,3208.410844534593,2838.8352349036386,820.5938412425123,3.6537794182447954,85.94636127935965,612.2971446335548,50.13706809781844,1055.4749002676917,3444.4520705886116,3041.457130428496,759.9394619496663,198.97320985000115,110.05783213706243,614.5467839377267,50.88443983759199,1055.4749002676917,3444.4520705886116,3041.457130428496,759.9394619496663,198.97320985000115,110.05783213706243,614.5467839377267,50.88443983759199
2026-02-15 10:00:00+00:00,1147.18,3981.78,2250.62,802.18,4.283595e-06,117.33,539.91,35.2,1271.3055659369518,3181.605844691503,2774.642844959184,794.4427821594204,-5.160926580297314,85.69942329755395,611.2030369329151,57.515983723174436,1055.4749002676917,3444.4520705886116,3041.457130428496,759.9394619496663,198.97320985000115,110.05783213706243,614.5467839377267,50.88443983759199,1055.4749002676917,3444.4520705886116,3041.457130428496,759.9394619496663,198.97320985000115,110.05783213706243,614.5467839377267,50.88443983759199
2026-02-15 11:00:00+00:00,1073.37,3705.25,2058.7,801.81,4.283595e-06,117.37,528.55,35.2,1093.752906112202,2450.9127353838567,2503.691374751739,773.7359310217436,-4.912089244578397,88.1724978812519,645.0161292885459,56.110007614311954,1055.4749002676917,3444.4520705886116,3041.457130428496,759.9394619496663,198.97320985000115,110.05783213706243,614.5467839377267,50.88443983759199,1055.4749002676917,3444.4520705886116,3041.457130428496,759.9394619496663,198.97320985000115,110.05783213706243,614.5467839377267,50.88443983759199
2026-02-15 12:00:00+00:00,846.54,3476.16,2021.7399,801.81,4.283595e-06,121.43,540.47,35.2,767.095757234526,1838.1833733940373,2474.560724341478,767.1515343287591,24.909968964634714,92.03986712638711,639.3650173335321,55.253313606487026,1055.4749002676917,3444.4520705886116,3041.457130428496,759.9394619496663,198.97320985000115,110.05783213706243,614.5467839377267,50.88443983759199,1055.4749002676917,3444.4520705886116,3041.457130428496,759.9394619496663,198.97320985000115,110.05783213706243,614.5467839377267,50.88443983759199
2026-02-15 13:00:00+00:00,869.42,3246.78,2065.63,800.1,4.283595e-06,125.53,545.57,35.2,755.6700095004805,1705.2604983184112,1894.0623337953164,784.3187915981572,21.60166650004618,84.84075358394071,618.1905777113539,55.92800490255123,1055.4749002676917,3444.4520705886116,3041.457130428496,759.9394619496663,198.97320985000115,110.05783213706243,614.5467839377267,50.88443983759199,1055.4749002676917,3444.4520705886116,3041.457130428496,759.9394619496663,198.97320985000115,110.05783213706243,614.5467839377267,50.88443983759199
2026-02-15 14:00:00+00:00,966.47,3522.89,2375.07,798.38,4.283595e-06,125.53,537.09,35.2,907.7846418816067,1976.334728737308,2363.899943611554,818.1993215189063,91.20659211049038,83.48237241519197,608.7114258581548,55.853626547157255,1055.4749002676917,3444.4520705886116,3041.457130428496,759.9394619496663,198.97320985000115,110.05783213706243,614.5467839377267,50.88443983759199,1055.4749002676917,3444.4520705886116,3041.457130428496,759.9394619496663,198.97320985000115,110.05783213706243,614.5467839377267,50.88443983759199
2026-02-15 15:00:00+00:00,1146.78,3871.74,2409.22,798.78,67.00001,125.53,554.0,38.3,974.2232659520338,2730.2747068079543,2891.40021955246,853.0978032389152,187.06435430681137,85.26312316066364,637.6253308582633,54.64892101482719,1055.4749002676917,3444.4520705886116,3041.457130428496,759.9394619496663,198.97320985000115,110.05783213706243,614.5467839377267,50.88443983759199,1055.4749002676917,3444.4520705886116,3041.457130428496,759.9394619496663,198.97320985000115,110.05783213706243,614.5467839377267,50.88443983759199
2026-02-15 16:00:00+00:00,1522.38,4161.81,2552.45,799.5,580.83,124.59,549.43,38.3,1041.500353399866,2861.979296265612,3120.238610208897,884.7923547382456,264.01884204469,84.41050693573462,619.8331653120331,54.367458179985334,1055.4749002676917,3444.4520705886116,3041.457130428496,759.9394619496663,198.97320985000115,110.05783213706243,614.5467839377267,50.88443983759199,1055.4749002676917,3444.4520705886116,3041.457130428496,759.9394619496663,198.97320985000115,110.05783213706243,614.5467839377267,50.88443983759199
2026-02-15 17:00:00+00:00,1218.8,3925.2,2528.63,800.14,136.25,124.29,531.26,38.3,1442.7243056565258,3194.468757090685,4029.437004128763,810.6001302530733,297.9291175554113,89.65399682367331,591.324271964222,38.20312760070026,1055.4749002676917,3444.4520705886116,3041.457130428496,759.9394619496663,198.97320985000115,110.05783213706243,614.5467839377267,50.88443983759199,1055.4749002676917,3444.4520705886116,3041.457130428496,759.9394619496663,198.97320985000115,110.05783213706243,614.5467839377267,50.88443983759199
2026-02-15 18:00:00+00:00,1188.11,2896.0,2994.14,800.14,73.0,124.39,531.58,38.3,1579.3865931236217,3382.489855465133,4067.252443425099,814.5147995997443,163.60713652118264,87.03720876587514,594.9377222967178,36.64058384546047,1055.4749002676917,3444.4520705886116,3041.457130428496,759.9394619496663,198.97320985000115,110.05783213706243,614.5467839377267,50.88443983759199,1055.4749002676917,3444.4520705886116,3041.457130428496,759.9394619496663,198.97320985000115,110.05783213706243,614.5467839377267,50.88443983759199
2026-02-15 19:00:00+00:00,1203.26,2823.58,3002.57,800.14,4.283595e-06,124.29,529.52,38.3,1328.9352588564689,3365.365539167598,3826.1547159994925,815.9656219568755,119.3568235105085,88.30466160435157,609.7335237554836,36.09527030664136,1055.4749002676917,3444.4520705886116,3041.457130428496,759.9394619496663,198.97320985000115,110.05783213706243,614.5467839377267,50.88443983759199,1055.4749002676917,3444.4520705886116,3041.457130428496,759.9394619496663,198.97320985000115,110.05783213706243,614.5467839377267,50.88443983759199
2026-02-15 20:00:00+00:00,997.06,2746.05,2766.61,799.91,4.283595e-06,124.29,526.73,38.3,1296.3709107403624,2726.823307120826,3501.9666145761726,804.1066509114281,104.20113611710474,88.42539880358075,603.6901603436497,36.47635122843606,1055.4749002676917,3444.4520705886116,3041.457130428496,759.9394619496663,198.97320985000115,110.05783213706243,614.5467839377267,50.88443983759199,1055.4749002676917,3444.4520705886116,3041.457130428496,759.9394619496663,198.97320985000115,110.05783213706243,614.5467839377267,50.88443983759199
2026-02-15 21:00:00+00:00,1025.0,2900.02,2701.01,797.08,38.140003,124.39,547.32,38.3,1294.8954653568383,2800.639483118811,3588.2349379767606,793.2844315020274,50.36335355319787,85.39903571471731,624.9010968223886,37.74432233961976,1055.4749002676917,3444.4520705886116,3041.457130428496,759.9394619496663,198.97320985000115,110.05783213706243,614.5467839377267,50.88443983759199,1055.4749002676917,3444.4520705886116,3041.457130428496,759.9394619496663,198.97320985000115,110.05783213706243,614.5467839377267,50.88443983759199
2026-02-15 22:00:00+00:00,823.19,3110.95,2439.31,795.84,4.283595e-06,124.7,539.06,38.3,1313.0167808404212,2637.489429596517,3258.1079446538947,785.0522438823592,16.017750105780806,84.67052974473063,622.674674586908,38.52800236188476,1055.4749002676917,3444.4520705886116,3041.457130428496,759.9394619496663,198.97320985000115,110.05783213706243,614.5467839377267,50.88443983759199,1055.4749002676917,3444.4520705886116,3041.457130428496,759.9394619496663,198.97320985000115,110.05783213706243,614.5467839377267,50.88443983759199
2026-02-15 23:00:00+00:00,696.28,3292.02,2582.17,792.55,4.283595e-06,116.08,548.01,37.49,1046.6031203626078,2536.596598983274,2960.6909090573686,784.2792512249002,25.68434031828201,87.2987603649474,631.4212150510311,37.99673121075047,1055.4749002676917,3444.4520705886116,3041.457130428496,759.9394619496663,198.97320985000115,110.05783213706243,614.5467839377267,50.88443983759199,1055.4749002676917,3444.4520705886116,3041.457130428496,759.9394619496663,198.97320985000115,110.05783213706243,614.5467839377267,50.88443983759199
2026-02-16 00:00:00+00:00,606.97,3100.16,2517.93,789.4,4.283595e-06,116.22,567.4,37.49,982.4748477071946,2454.2000054304594,2953.586402789409,778.0245636810198,20.269462200816946,83.7678663885424,604.2388751422787,37.26934679814951,1055.4749002676917,3444.4520705886116,3041.457130428496,759.9394619496663,198.97320985000115,110.05783213706243,614.5467839377267,50.88443983759199,1055.4749002676917,3444.4520705886116,3041.457130428496,759.9394619496663,198.97320985000115,110.05783213706243,614.5467839377267,50.88443983759199
2026-02-16 01:00:00+00:00,512.66,3038.84,2616.01,789.11,4.283595e-06,116.65,588.02,37.49,936.8346034299834,2378.695682770912,2804.2016585296983,778.0491583431037,16.957229324332047,83.22161132503794,637.0464224497917,37.27450417978631,1055.4749002676917,3444.4520705886116,3041.457130428496,759.9394619496663,198.97320985000115,110.05783213706243,614.5467839377267,50.88443983759199,1055.4749002676917,3444.4520705886116,3041.457130428496,759.9394619496663,198.97320985000115,110.05783213706243,614.5467839377267,50.88443983759199
2026-02-16 02:00:00+00:00,522.18,3167.52,2674.81,789.11,4.283595e-06,124.59,589.26,37.49,684.4895217131168,2608.0071638686168,2618.0941157848924,775.8715618414165,17.000782283454868,81.96634236661852,649.3419482960924,36.68494177663987,1055.4749002676917,3444.4520705886116,3041.457130428496,759.9394619496663,198.97320985000115,110.05783213706243,614.5467839377267,50.88443983759199,1055.4749002676917,3444.4520705886116,3041.457130428496,759.9394619496663,198.97320985000115,110.05783213706243,614.5467839377267,50.88443983759199
2026-02-16 03:00:00+00:00,646.09,3112.22,2331.69,789.11,4.283595e-06,124.69,608.33,37.49,764.7751512655625,2432.991647782168,2767.491309276746,776.0894598739734,29.70050363037609,85.1545974174565,643.0650135897275,37.140899179403846,1055.4749002676917,3444.4520705886116,3041.457130428496,759.9394619496663,198.97320985000115,110.05783213706243,614.5467839377267,50.88443983759199,1055.4749002676917,3444.4520705886116,3041.457130428496,759.9394619496663,198.97320985000115,110.05783213706243,614.5467839377267,50.88443983759199
2026-02-16 04:00:00+00:00,889.3,3339.06,2658.65,789.11,4.283595e-06,124.97,587.04,37.49,993.613102235618,2751.703435500924,2853.3926240904257,784.4485578265732,49.13989210493125,84.05583408452208,610.9723958579838,39.05102277537773,1055.4749002676917,3444.4520705886116,3041.457130428496,759.9394619496663,198.97320985000115,110.05783213706243,614.5467839377267,50.88443983759199,1055.4749002676917,3444.4520705886116,3041.457130428496,759.9394619496663,198.97320985000115,110.05783213706243,614.5467839377267,50.88443983759199
2026-02-16 05:00:00+00:00,1363.17,4213.47,3564.6,790.53,4.283595e-06,124.59,591.27,37.49,1563.54394267163,3658.917660704691,4431.971853889384,796.8181944018476,80.34676517854223,92.4036460338028,606.4283128221348,37.89981287088594,1055.4749002676917,3444.4520705886116,3041.457130428496,759.9394619496663,198.97320985000115,110.05783213706243,614.5467839377267,50.88443983759199,1055.4749002676917,3444.4520705886116,3041.457130428496,759.9394619496663,198.97320985000115,110.05783213706243,614.5467839377267,50.88443983759199
2026-02-16 06:00:00+00:00,1802.84,4586.0,4143.78,793.09,48.720005,124.59,559.62,37.49,1354.337418254626,3913.1555769381866,3975.4202863352866,835.3780790466043,414.0087007545801,88.37137092002291,637.0968282381175,46.53422532679709,1055.4749002676917,3444.4520705886116,3041.457130428496,759.9394619496663,198.97320985000115,110.05783213706243,614.5467839377267,50.88443983759199,1055.4749002676917,3444.4520705886116,3041.457130428496,759.9394619496663,198.97320985000115,110.05783213706243,614.5467839377267,50.88443983759199
2026-02-16 07:00:00+00:00,2199.29,4611.82,4551.31,794.53,24.159992,124.59,553.99,37.49,1646.5434241455057,3943.20519635038,4324.840887337941,861.7748760270632,461.5082523023965,94.76134441313462,657.3868792296496,44.4592711089617,1055.4749002676917,3444.4520705886116,3041.457130428496,759.9394619496663,198.97320985000115,110.05783213706243,614.5467839377267,50.88443983759199,1055.4749002676917,3444.4520705886116,3041.457130428496,759.9394619496663,198.97320985000115,110.05783213706243,614.5467839377267,50.88443983759199
2026-02-16 08:00:00+00:00,2276.67,4630.84,4788.47,794.53,4.283595e-06,124.93,534.33,37.49,1841.5383827066985,3981.773824758572,4660.467822854155,831.6802545138167,288.0178287907012,95.76281619293138,598.854804866536,43.453158866057144,1055.4749002676917,3444.4520705886116,3041.457130428496,759.9394619496663,198.97320985000115,110.05783213706243,614.5467839377267,50.88443983759199,1055.4749002676917,3444.4520705886116,3041.457130428496,759.9394619496663,198.97320985000115,110.05783213706243,614.5467839377267,50.88443983759199
2026-02-16 09:00:00+00:00,2221.92,4626.16,4678.47,795.01,4.283595e-06,125.58,557.45,37.49,1608.1189878662353,4094.661640557467,4591.638711197444,802.8406855355577,158.7529005473691,95.66231573520848,600.3683228555022,41.454706899682876,1055.4749002676917,3444.4520705886116,3041.457130428496,759.9394619496663,198.97320985000115,110.05783213706243,614.5467839377267,50.88443983759199,1055.4749002676917,3444.4520705886116,3041.457130428496,759.9394619496663,198.97320985000115,110.05783213706243,614.5467839377267,50.88443983759199
2026-02-16 10:00:00+00:00,1894.51,4562.59,4347.37,796.9,4.283595e-06,123.14,581.42,37.49,1749.5014074635233,4676.563395983125,4723.434088304018,776.7742915215005,42.82630808493698,96.63094461944695,590.3698574588552,38.91180249839017,1055.4749002676917,3444.4520705886116,3041.457130428496,759.9394619496663,198.97320985000115,110.05783213706243,614.5467839377267,50.88443983759199,1055.4749002676917,3444.4520705886116,3041.457130428496,759.9394619496663,198.97320985000115,110.05783213706243,614.5467839377267,50.88443983759199
2026-02-16 11:00:00+00:00,1867.6,4580.43,4758.83,798.04,17.810001,119.28,610.35,37.49,1862.3109317912852,4916.008982221811,4167.105974307737,765.9696248490689,36.746292813984695,101.46204735566685,587.8464055858462,42.53401221229505,1055.4749002676917,3444.4520705886116,3041.457130428496,759.9394619496663,198.97320985000115,110.05783213706243,614.5467839377267,50.88443983759199,1055.4749002676917,3444.4520705886116,3041.457130428496,759.9394619496663,198.97320985000115,110.05783213706243,614.5467839377267,50.88443983759199
2026-02-16 12:00:00+00:00,2175.07,4641.02,4688.07,798.04,11.750004,119.43,610.23,37.49,1874.3801237781067,4544.366020381312,4096.62018407934,748.0712188575251,25.201687628539503,101.36328210334062,603.5643375781754,44.55187576688199,1055.4749002676917,3444.4520705886116,3041.457130428496,759.9394619496663,198.97320985000115,110.05783213706243,614.5467839377267,50.88443983759199,1055.4749002676917,3444.4520705886116,3041.457130428496,759.9394619496663,198.97320985000115,110.05783213706243,614.5467839377267,50.88443983759199
2026-02-16 13:00:00+00:00,2314.04,4624.15,4920.94,798.04,22.289997,119.79,571.37,37.49,1756.6277136993976,4626.515768137441,4420.741195350791,776.2328258521418,10.307884623232269,100.9174856747643,597.26044345693,44.36503924055903,1055.4749002676917,3444.4520705886116,3041.457130428496,759.9394619496663,198.97320985000115,110.05783213706243,614.5467839377267,50.88443983759199,1055.4749002676917,3444.4520705886116,3041.457130428496,759.9394619496663,198.97320985000115,110.05783213706243,614.5467839377267,50.88443983759199
2026-02-16 14:00:00+00:00,2348.59,4630.6,5831.0,798.04,48.489994,127.99,623.56,37.49,1649.4433335260358,4831.020737823199,4836.1662600300115,796.2500645327704,173.60170895248874,90.45714717319203,601.5986224987148,46.46148476702615,1055.4749002676917,3444.4520705886116,3041.457130428496,759.9394619496663,198.97320985000115,110.05783213706243,614.5467839377267,50.88443983759199,1055.4749002676917,3444.4520705886116,3041.457130428496,759.9394619496663,198.97320985000115,110.05783213706243,614.5467839377267,50.88443983759199
2026-02-16 15:00:00+00:00,2405.57,4623.66,6386.78,798.81,102.48999,127.99,660.65,37.49,1810.6770498854935,5057.055711287049,6451.765341307889,840.894037582242,359.4042548801388,94.36665402222724,635.6707377827379,44.98820939662465,1055.4749002676917,3444.4520705886116,3041.457130428496,759.9394619496663,198.97320985000115,110.05783213706243,614.5467839377267,50.88443983759199,1055.4749002676917,3444.4520705886116,3041.457130428496,759.9394619496663,198.97320985000115,110.05783213706243,614.5467839377267,50.88443983759199
2026-02-16 16:00:00+00:00,2459.91,4638.51,6528.35,799.98,629.19,127.81,673.85,37.49,1987.7937346874687,5108.74243971328,6442.8560892172,871.5872070158915,711.353048235815,94.75015187826908,590.7577005135755,45.37214468194472,1055.4749002676917,3444.4520705886116,3041.457130428496,759.9394619496663,198.97320985000115,110.05783213706243,614.5467839377267,50.88443983759199,1055.4749002676917,3444.4520705886116,3041.457130428496,759.9394619496663,198.97320985000115,110.05783213706243,614.5467839377267,50.88443983759199
2026-02-16 17:00:00+00:00,2479.53,4631.09,6573.79,800.62,996.2299,127.99,553.23,37.49,2468.7741894518635,5421.183961965975,6691.633869333264,813.711704908473,617.6329300196415,107.00993981516389,635.2611073532908,43.21700930844094,1055.4749002676917,3444.4520705886116,3041.457130428496,759.9394619496663,198.97320985000115,110.05783213706243,614.5467839377267,50.88443983759199,1055.4749002676917,3444.4520705886116,3041.457130428496,759.9394619496663,198.97320985000115,110.05783213706243,614.5467839377267,50.88443983759199
2026-02-16 18:00:00+00:00,2472.97,4636.16,6553.6,800.62,897.2101,127.93,536.69,37.49,2518.1275248814172,5090.098127704989,7005.246368666523,799.0614905238151,296.13234745497795,99.1385034659747,633.2329592774464,37.66886575176627,1055.4749002676917,3444.4520705886116,3041.457130428496,759.9394619496663,198.97320985000115,110.05783213706243,614.5467839377267,50.88443983759199,1055.4749002676917,3444.4520705886116,3041.457130428496,759.9394619496663,198.97320985000115,110.05783213706243,614.5467839377267,50.88443983759199
2026-02-16 19:00:00+00:00,2449.15,4639.98,6539.02,800.62,625.21,127.69,526.19,37.49,2373.762177752753,5052.642156670376,6539.6619307543715,800.6899282483769,130.222953973334,98.34691363780784,641.8768337884153,36.40362940851307,1055.4749002676917,3444.4520705886116,3041.457130428496,759.9394619496663,198.97320985000115,110.05783213706243,614.5467839377267,50.88443983759199,1055.4749002676917,3444.4520705886116,3041.457130428496,759.9394619496663,198.97320985000115,110.05783213706243,614.5467839377267,50.88443983759199
2026-02-16 20:00:00+00:00,2370.99,4636.54,6509.51,800.62,719.31,127.69,502.76,37.49,2128.489996034403,4850.420841400848,6407.436782151464,800.7541963136297,21.868100200578766,96.85127916702882,652.5081740612487,37.153700079116255,1055.4749002676917,3444.4520705886116,3041.457130428496,759.9394619496663,198.97320985000115,110.05783213706243,614.5467839377267,50.88443983759199,1055.4749002676917,3444.4520705886116,3041.457130428496,759.9394619496663,198.97320985000115,110.05783213706243,614.5467839377267,50.88443983759199
2026-02-16 21:00:00+00:00,2208.06,4619.62,6344.58,799.32,89.32,127.66,528.89,37.49,1955.2689138303358,4742.214703127874,5498.506518477355,790.383244426229,94.73258246927757,94.36643322424925,644.5977968352508,36.81347911308594,1055.4749002676917,3444.4520705886116,3041.457130428496,759.9394619496663,198.97320985000115,110.05783213706243,614.5467839377267,50.88443983759199,1055.4749002676917,3444.4520705886116,3041.457130428496,759.9394619496663,198.97320985000115,110.05783213706243,614.5467839377267,50.88443983759199
2026-02-16 22:00:00+00:00,2185.76,4476.36,5721.81,798.53,28.489994,127.59,517.26,37.49,1652.5739052063689,4736.120811237828,4696.32524720786,785.0006101343399,24.26448416318695,96.4406071145628,650.4183061001639,38.05069263607934,1055.4749002676917,3444.4520705886116,3041.457130428496,759.9394619496663,198.97320985000115,110.05783213706243,614.5467839377267,50.88443983759199,1055.4749002676917,3444.4520705886116,3041.457130428496,759.9394619496663,198.97320985000115,110.05783213706243,614.5467839377267,50.88443983759199
2026-02-16 23:00:00+00:00,2288.21,4625.45,5553.93,794.26,4.283595e-06,120.17,546.32,37.65,1674.190145740172,4351.9633001113025,3927.991027670326,783.869524435287,2.8459950682872375,95.29588570090692,630.6804764360988,37.335540629116,1055.4749002676917,3444.4520705886116,3041.457130428496,759.9394619496663,198.97320985000115,110.05783213706243,614.5467839377267,50.88443983759199,1055.4749002676917,3444.4520705886116,3041.457130428496,759.9394619496663,198.97320985000115,110.05783213706243,614.5467839377267,50.88443983759199
2026-02-17 00:00:00+00:00,2283.29,4625.77,5525.03,793.19,4.283595e-06,120.09,615.8,37.65,1738.3486545422106,4752.014869063655,4115.161948329272,780.7248655616006,32.246410262854255,90.81539843257158,622.3056863953864,39.2344999281691,1055.4749002676917,3444.4520705886116,3041.457130428496,759.9394619496663,198.97320985000115,110.05783213706243,614.5467839377267,50.88443983759199,1055.4749002676917,3444.4520705886116,3041.457130428496,759.9394619496663,198.97320985000115,110.05783213706243,614.5467839377267,50.88443983759199
2026-02-17 01:00:00+00:00,2285.06,4639.21,5528.5,792.9,4.283595e-06,119.28,682.96,37.65,1563.0301555930107,4636.627176019365,4095.901120646795,778.8258176423159,-0.5186137010931304,93.27471565220587,634.6142464148024,38.39992058319743,1055.4749002676917,3444.4520705886116,3041.457130428496,759.9394619496663,198.97320985000115,110.05783213706243,614.5467839377267,50.88443983759199,1055.4749002676917,3444.4520705886116,3041.457130428496,759.9394619496663,198.97320985000115,110.05783213706243,614.5467839377267,50.88443983759199
2026-02-17 02:00:00+00:00,2289.26,4628.42,5532.21,792.54,4.283595e-06,118.76,663.2,35.16,1577.1846951216326,4603.660078444743,4354.580100283414,777.5840352457672,22.395590822701138,95.68871429530124,623.4188755526831,38.96075727950442,1055.4749002676917,3444.4520705886116,3041.457130428496,759.9394619496663,198.97320985000115,110.05783213706243,614.5467839377267,50.88443983759199,1055.4749002676917,3444.4520705886116,3041.457130428496,759.9394619496663,198.97320985000115,110.05783213706243,614.5467839377267,50.88443983759199
2026-02-17 03:00:00+00:00,2295.76,4622.18,5627.53,792.54,4.283595e-06,118.83,674.26,35.16,1556.6584303121458,4551.259652051587,4756.167431500975,782.2685650031123,20.179467606794702,93.95554945498773,617.7834839030381,39.489894743167824,1055.4749002676917,3444.4520705886116,3041.457130428496,759.9394619496663,198.97320985000115,110.05783213706243,614.5467839377267,50.88443983759199,1055.4749002676917,3444.4520705886116,3041.457130428496,759.9394619496663,198.97320985000115,110.05783213706243,614.5467839377267,50.88443983759199
2026-02-17 04:00:00+00:00,2346.17,4832.38,5919.9,792.9,4.283595e-06,127.24,667.97,35.16,1893.4168472847964,4558.2109600794365,5336.055638022017,784.5562376131874,37.092866194932014,100.1972831308412,626.6843857181505,37.56823085043907,1055.4749002676917,3444.4520705886116,3041.457130428496,759.9394619496663,198.97320985000115,110.05783213706243,614.5467839377267,50.88443983759199,1055.4749002676917,3444.4520705886116,3041.457130428496,759.9394619496663,198.97320985000115,110.05783213706243,614.5467839377267,50.88443983759199
2026-02-17 05:00:00+00:00,2453.9,4947.0,6527.91,794.32,217.52,126.96,658.05,35.16,2053.1871426030775,4686.58954682495,6244.471060283095,792.1582001125348,76.23135589193426,98.32076360778902,619.0624029343272,37.78431142625027,1055.4749002676917,3444.4520705886116,3041.457130428496,759.9394619496663,198.97320985000115,110.05783213706243,614.5467839377267,50.88443983759199,1055.4749002676917,3444.4520705886116,3041.457130428496,759.9394619496663,198.97320985000115,110.05783213706243,614.5467839377267,50.88443983759199
2026-02-17 06:00:00+00:00,2478.34,4925.19,6717.46,797.55,256.69,126.96,668.62,35.16,2006.4971676172622,4920.594496626945,6835.4001329706425,871.4935114680322,468.57791104275486,90.04125423031131,590.5915142279547,53.28581891574195,1055.4749002676917,3444.4520705886116,3041.457130428496,759.9394619496663,198.97320985000115,110.05783213706243,614.5467839377267,50.88443983759199,1055.4749002676917,3444.4520705886116,3041.457130428496,759.9394619496663,198.97320985000115,110.05783213706243,614.5467839377267,50.88443983759199
2026-02-17 07:00:00+00:00,2477.02,4943.87,6759.87,798.99,356.47,127.69,669.14,35.16,2066.829687588732,4858.755872276416,6980.747405481845,881.729123203702,771.8653137788693,91.11714636571534,601.3689978039353,48.822966067749896,1055.4749002676917,3444.4520705886116,3041.457130428496,759.9394619496663,198.97320985000115,110.05783213706243,614.5467839377267,50.88443983759199,1055.4749002676917,3444.4520705886116,3041.457130428496,759.9394619496663,198.97320985000115,110.05783213706243,614.5467839377267,50.88443983759199
2026-02-17 08:00:00+00:00,2481.77,4960.37,6771.7,798.99,535.0,127.69,675.91,35.16,2134.465533770451,4952.486361381792,6823.806078429371,855.0307142661442,369.05558737167064,87.43015831156671,596.2206798405132,46.40786949507445,1055.4749002676917,3444.4520705886116,3041.457130428496,759.9394619496663,198.97320985000115,110.05783213706243,614.5467839377267,50.88443983759199,1055.4749002676917,3444.4520705886116,3041.457130428496,759.9394619496663,198.97320985000115,110.05783213706243,614.5467839377267,50.88443983759199
2026-02-17 09:00:00+00:00,2406.04,4933.08,6721.44,798.41,394.23,127.69,689.24,35.16,2064.7227438678237,4989.378915424757,6942.978118927405,799.3825278498836,103.0364443107632,92.51463044546517,597.7285558332313,38.67551245205003,1055.4749002676917,3444.4520705886116,3041.457130428496,759.9394619496663,198.97320985000115,110.05783213706243,614.5467839377267,50.88443983759199,1055.4749002676917,3444.4520705886116,3041.457130428496,759.9394619496663,198.97320985000115,110.05783213706243,614.5467839377267,50.88443983759199
2026-02-17 10:00:00+00:00,2374.69,4862.62,6696.16,798.41,122.04,127.69,683.63,35.16,1898.9388002251856,4916.3226481636175,6145.393382426596,785.135215484207,49.73696364825881,97.90678388393533,590.1181924215423,39.36573696465781,1055.4749002676917,3444.4520705886116,3041.457130428496,759.9394619496663,198.97320985000115,110.05783213706243,614.5467839377267,50.88443983759199,1055.4749002676917,3444.4520705886116,3041.457130428496,759.9394619496663,198.97320985000115,110.05783213706243,614.5467839377267,50.88443983759199
2026-02-17 11:00:00+00:00,2326.54,4798.98,6715.6,798.41,397.78,120.14,677.57,35.16,1702.9476789977784,4845.836359058732,5237.515706884786,788.8859035008069,107.19979733562994,93.48446606837491,582.7688122914855,51.675355816793044,1055.4749002676917,3444.4520705886116,3041.457130428496,759.9394619496663,198.97320985000115,110.05783213706243,614.5467839377267,50.88443983759199,1055.4749002676917,3444.4520705886116,3041.457130428496,759.9394619496663,198.97320985000115,110.05783213706243,614.5467839377267,50.88443983759199
2026-02-17 12:00:00+00:00,2313.63,4808.72,6372.37,798.41,28.489994,120.49,702.94,37.77,1693.5996082658355,4734.8141208957995,4550.559689372079,785.9084171465374,76.09929576782085,86.90702228950146,569.9213605730712,53.72490505332031,1055.4749002676917,3444.4520705886116,3041.457130428496,759.9394619496663,198.97320985000115,110.05783213706243,614.5467839377267,50.88443983759199,1055.4749002676917,3444.4520705886116,3041.457130428496,759.9394619496663,198.97320985000115,110.05783213706243,614.5467839377267,50.88443983759199
2026-02-17 13:00:00+00:00,2314.08,4821.57,6187.26,798.41,28.489994,120.49,681.0,38.64,1513.828805498255,4674.67910336555,4275.994234573801,773.735014935962,61.26072298117202,91.05620661416849,590.4479945124903,53.685649471279966,1055.4749002676917,3444.4520705886116,3041.457130428496,759.9394619496663,198.97320985000115,110.05783213706243,614.5467839377267,50.88443983759199,1055.4749002676917,3444.4520705886116,3041.457130428496,759.9394619496663,198.97320985000115,110.05783213706243,614.5467839377267,50.88443983759199
2026-02-17 14:00:00+00:00,2381.81,5095.81,6237.58,798.04,28.489994,128.82,686.04,38.64,1447.7681374302565,4381.19963014117,4245.925096268925,779.473942871096,148.62260747847787,99.67557606375328,561.883292226665,54.304380820820334,1055.4749002676917,3444.4520705886116,3041.457130428496,759.9394619496663,198.97320985000115,110.05783213706243,614.5467839377267,50.88443983759199,1055.4749002676917,3444.4520705886116,3041.457130428496,759.9394619496663,198.97320985000115,110.05783213706243,614.5467839377267,50.88443983759199
2026-02-17 15:00:00+00:00,2353.34,5275.22,6609.53,798.43,7.119984,129.22,685.5,38.64,1546.7744635319114,4532.137314908148,4656.611363046817,842.3574172794312,398.6449565149036,95.8162656999646,579.2373096570416,58.64880563186394,1055.4749002676917,3444.4520705886116,3041.457130428496,759.9394619496663,198.97320985000115,110.05783213706243,614.5467839377267,50.88443983759199,1055.4749002676917,3444.4520705886116,3041.457130428496,759.9394619496663,198.97320985000115,110.05783213706243,614.5467839377267,50.88443983759199
2026-02-17 16:00:00+00:00,2479.22,5354.78,7014.51,799.61,4.283595e-06,129.54,669.24,38.64,1754.6396176517453,4999.1209251734535,4798.179379605966,893.0491028445688,816.8275523335707,96.7232267215519,602.1349704635986,57.41247001938011,1055.4749002676917,3444.4520705886116,3041.457130428496,759.9394619496663,198.97320985000115,110.05783213706243,614.5467839377267,50.88443983759199,1055.4749002676917,3444.4520705886116,3041.457130428496,759.9394619496663,198.97320985000115,110.05783213706243,614.5467839377267,50.88443983759199
2026-02-17 17:00:00+00:00,2591.78,5395.43,7045.1504,800.08,96.49,129.22,589.45,40.92,1834.6090078816164,5131.282622773346,6235.988034158193,799.4413811905952,653.3256548592101,110.66997090526212,626.8944997180562,48.62011831823346,1055.4749002676917,3444.4520705886116,3041.457130428496,759.9394619496663,198.97320985000115,110.05783213706243,614.5467839377267,50.88443983759199,1055.4749002676917,3444.4520705886116,3041.457130428496,759.9394619496663,198.97320985000115,110.05783213706243,614.5467839377267,50.88443983759199
2026-02-17 18:00:00+00:00,2595.92,5415.29,6980.14,799.59,129.99,129.33,568.9,41.68,2023.7715976561485,4859.489655042194,6053.609422309731,793.4365327261963,311.3886891488063,103.66078839041745,611.2415559387518,34.83817888321343,1055.4749002676917,3444.4520705886116,3041.457130428496,759.9394619496663,198.97320985000115,110.05783213706243,614.5467839377267,50.88443983759199,1055.4749002676917,3444.4520705886116,3041.457130428496,759.9394619496663,198.97320985000115,110.05783213706243,614.5467839377267,50.88443983759199
2026-02-17 19:00:00+00:00,2514.26,5397.52,7064.57,799.59,26.70998,129.22,576.41,41.68,1846.6507156170073,4486.997978355115,5835.277137046172,803.1706551962386,150.85858805671992,101.75039513143633,571.0837420795893,38.355627348555494,1055.4749002676917,3444.4520705886116,3041.457130428496,759.9394619496663,198.97320985000115,110.05783213706243,614.5467839377267,50.88443983759199,1055.4749002676917,3444.4520705886116,3041.457130428496,759.9394619496663,198.97320985000115,110.05783213706243,614.5467839377267,50.88443983759199
2026-02-17 20:00:00+00:00,2440.87,5367.44,6869.55,799.59,4.283595e-06,128.96,553.99,41.68,1805.2350482694212,4019.7299919857805,5390.59740772976,796.7913283295663,114.13135824306336,99.4611622737105,581.0812489493198,38.26270069797468,1055.4749002676917,3444.4520705886116,3041.457130428496,759.9394619496663,198.97320985000115,110.05783213706243,614.5467839377267,50.88443983759199,1055.4749002676917,3444.4520705886116,3041.457130428496,759.9394619496663,198.97320985000115,110.05783213706243,614.5467839377267,50.88443983759199
2026-02-17 21:00:00+00:00,2235.87,5385.64,6962.69,798.29,4.283595e-06,128.84,501.21,41.68,1759.802507579006,3998.8687816722704,5396.909635969445,789.9493353169759,69.14091676174044,97.95058024980317,608.8842667764786,38.82606445174313,1055.4749002676917,3444.4520705886116,3041.457130428496,759.9394619496663,198.97320985000115,110.05783213706243,614.5467839377267,50.88443983759199,1055.4749002676917,3444.4520705886116,3041.457130428496,759.9394619496663,198.97320985000115,110.05783213706243,614.5467839377267,50.88443983759199
2026-02-17 22:00:00+00:00,2125.03,5353.33,6454.37,797.5,4.283595e-06,129.28,520.71,41.68,1484.1675254625525,3981.1158545986846,5284.60906721384,787.3423344537259,18.768624238405778,96.67656205015186,613.9548692487372,38.71924762460266,1055.4749002676917,3444.4520705886116,3041.457130428496,759.9394619496663,198.97320985000115,110.05783213706243,614.5467839377267,50.88443983759199,1055.4749002676917,3444.4520705886116,3041.457130428496,759.9394619496663,198.97320985000115,110.05783213706243,614.5467839377267,50.88443983759199
2026-02-17 23:00:00+00:00,2150.29,5391.59,6653.0,793.23,4.283595e-06,128.79,507.45,35.88,1526.601500886487,4274.345212195947,4942.70849236687,792.4318554155813,2.959406886187196,95.24959089216372,612.5965852158483,39.19112476628771,1055.4749002676917,3444.4520705886116,3041.457130428496,759.9394619496663,198.97320985000115,110.05783213706243,614.5467839377267,50.88443983759199,1055.4749002676917,3444.4520705886116,3041.457130428496,759.9394619496663,198.97320985000115,110.05783213706243,614.5467839377267,50.88443983759199
2026-02-18 00:00:00+00:00,2233.32,5402.27,6291.72,793.34,4.283595e-06,128.94,501.98,38.99,1635.7225320918246,4372.93563131534,5651.341407309189,788.0798981697785,3.7053513058162366,94.49610870704328,573.1619302171022,37.53483991896002,1055.4749002676917,3444.4520705886116,3041.457130428496,759.9394619496663,198.97320985000115,110.05783213706243,614.5467839377267,50.88443983759199,1055.4749002676917,3444.4520705886116,3041.457130428496,759.9394619496663,198.97320985000115,110.05783213706243,614.5467839377267,50.88443983759199
2026-02-18 01:00:00+00:00,2217.07,5410.24,6169.91,793.06,4.283595e-06,128.16,496.38,40.02,1865.2854524437423,4379.21295832732,5788.88976225928,786.6890693771204,3.7053513058162366,93.71869195633158,581.4516937222726,37.71918551838905,1055.4749002676917,3444.4520705886116,3041.457130428496,759.9394619496663,198.97320985000115,110.05783213706243,614.5467839377267,50.88443983759199,1055.4749002676917,3444.4520705886116,3041.457130428496,759.9394619496663,198.97320985000115,110.05783213706243,614.5467839377267,50.88443983759199
2026-02-18 02:00:00+00:00,2017.86,5401.53,6426.13,793.06,4.283595e-06,127.79,490.04,40.02,2151.2377830185346,4488.233052479347,5949.641120223148,783.8497831467698,1.2626666856982354,93.19089683181723,577.9427060336459,37.071753840587405,1055.4749002676917,3444.4520705886116,3041.457130428496,759.9394619496663,198.97320985000115,110.05783213706243,614.5467839377267,50.88443983759199,1055.4749002676917,3444.4520705886116,3041.457130428496,759.9394619496663,198.97320985000115,110.05783213706243,614.5467839377267,50.88443983759199
2026-02-18 03:00:00+00:00,2060.93,5404.74,6918.79,793.06,4.283595e-06,127.76,504.17,40.02,2161.655789219577,4622.854098435661,6455.532318930616,783.7514877087074,14.635856561508746,93.99076312550085,581.5106259728973,38.775975490241656,1055.4749002676917,3444.4520705886116,3041.457130428496,759.9394619496663,198.97320985000115,110.05783213706243,614.5467839377267,50.88443983759199,1055.4749002676917,3444.4520705886116,3041.457130428496,759.9394619496663,198.97320985000115,110.05783213706243,614.5467839377267,50.88443983759199
2026-02-18 04:00:00+00:00,2335.93,5401.49,7247.46,793.06,16.250004,127.69,503.48,40.02,2350.9024807825917,4679.571030875116,6689.335034989836,791.5619258848523,14.266332789959478,98.54526341687217,569.1661545388143,38.82931801825643,1055.4749002676917,3444.4520705886116,3041.457130428496,759.9394619496663,198.97320985000115,110.05783213706243,614.5467839377267,50.88443983759199,1055.4749002676917,3444.4520705886116,3041.457130428496,759.9394619496663,198.97320985000115,110.05783213706243,614.5467839377267,50.88443983759199
2026-02-18 05:00:00+00:00,2528.86,5631.13,7472.36,794.47,201.06,127.79,506.9,40.02,2441.958544811955,4365.558178379253,7106.773426887541,823.6457885422714,123.5787527499477,98.67477266337751,611.991896413831,39.85356601363645,1055.4749002676917,3444.4520705886116,3041.457130428496,759.9394619496663,198.97320985000115,110.05783213706243,614.5467839377267,50.88443983759199,1055.4749002676917,3444.4520705886116,3041.457130428496,759.9394619496663,198.97320985000115,110.05783213706243,614.5467839377267,50.88443983759199
2026-02-18 06:00:00+00:00,2758.51,5742.85,7827.65,797.03,1330.1,127.79,508.99,40.02,2460.480402969929,4246.905132339963,7751.453392695043,901.9214928261634,749.7845350574315,83.23485909127788,642.7130022967832,51.3002564487348,1055.4749002676917,3444.4520705886116,3041.457130428496,759.9394619496663,198.97320985000115,110.05783213706243,614.5467839377267,50.88443983759199,1055.4749002676917,3444.4520705886116,3041.457130428496,759.9394619496663,198.97320985000115,110.05783213706243,614.5467839377267,50.88443983759199
2026-02-18 07:00:00+00:00,2851.7,5522.01,7847.65,798.47,938.935,127.79,555.73,40.02,2791.3414412118345,4084.3507169750524,7845.58847868239,912.5848501742122,864.4978439981267,85.49296051552464,615.4595048587515,48.99071587378357,1055.4749002676917,3444.4520705886116,3041.457130428496,759.9394619496663,198.97320985000115,110.05783213706243,614.5467839377267,50.88443983759199,1055.4749002676917,3444.4520705886116,3041.457130428496,759.9394619496663,198.97320985000115,110.05783213706243,614.5467839377267,50.88443983759199
2026-02-18 08:00:00+00:00,2842.88,5500.08,7632.46,798.47,547.77,127.89,496.45,40.02,2490.922688789661,4511.786794036206,7784.822666513926,842.0353190253484,478.5117511186378,85.65995146760807,568.5665016871224,46.181417258480444,1055.4749002676917,3444.4520705886116,3041.457130428496,759.9394619496663,198.97320985000115,110.05783213706243,614.5467839377267,50.88443983759199,1055.4749002676917,3444.4520705886116,3041.457130428496,759.9394619496663,198.97320985000115,110.05783213706243,614.5467839377267,50.88443983759199
2026-02-18 09:00:00+00:00,2641.9902,5530.35,7410.22,797.89,84.799995,119.7,503.02,40.02,1892.6519328313816,4690.976444434747,7653.465485553103,820.6761566342155,241.81451834299378,88.27421471457747,577.0676511801179,45.474804242376145,1055.4749002676917,3444.4520705886116,3041.457130428496,759.9394619496663,198.97320985000115,110.05783213706243,614.5467839377267,50.88443983759199,1055.4749002676917,3444.4520705886116,3041.457130428496,759.9394619496663,198.97320985000115,110.05783213706243,614.5467839377267,50.88443983759199
2026-02-18 10:00:00+00:00,2566.88,5399.65,6284.77,797.89,140.0,119.7,503.88,40.02,2051.9263545578096,4514.827125490183,7393.4669428164925,795.8994439479735,164.045262743743,88.81150505241978,537.7543621740431,44.51717665025978,1055.4749002676917,3444.4520705886116,3041.457130428496,759.9394619496663,198.97320985000115,110.05783213706243,614.5467839377267,50.88443983759199,1055.4749002676917,3444.4520705886116,3041.457130428496,759.9394619496663,198.97320985000115,110.05783213706243,614.5467839377267,50.88443983759199
2026-02-18 11:00:00+00:00,2402.97,5434.43,5754.92,797.04,4.283595e-06,119.73,497.08,42.18,2728.6709572170957,4570.8268200393295,7276.80591978411,767.677567826333,78.32207763652585,87.86293276030273,524.1802780251556,46.4854369408879,1055.4749002676917,3444.4520705886116,3041.457130428496,759.9394619496663,198.97320985000115,110.05783213706243,614.5467839377267,50.88443983759199,1055.4749002676917,3444.4520705886116,3041.457130428496,759.9394619496663,198.97320985000115,110.05783213706243,614.5467839377267,50.88443983759199
2026-02-18 12:00:00+00:00,2415.25,5439.55,6040.5,796.75,4.283595e-06,119.7,514.06,44.34,2056.7948514128384,4679.369952933595,6894.461088743119,781.3133121885922,91.60560535786526,87.62802295548596,495.10865662607296,55.76639745131999,1055.4749002676917,3444.4520705886116,3041.457130428496,759.9394619496663,198.97320985000115,110.05783213706243,614.5467839377267,50.88443983759199,1055.4749002676917,3444.4520705886116,3041.457130428496,759.9394619496663,198.97320985000115,110.05783213706243,614.5467839377267,50.88443983759199
2026-02-18 13:00:00+00:00,2357.5,5398.08,6489.88,796.75,4.283595e-06,119.7,512.25,42.15,1845.5537241751815,4621.415523253746,5784.587467909165,789.8010330782994,86.4289348514334,87.85460949130416,519.5215368015824,56.24118451087709,1055.4749002676917,3444.4520705886116,3041.457130428496,759.9394619496663,198.97320985000115,110.05783213706243,614.5467839377267,50.88443983759199,1055.4749002676917,3444.4520705886116,3041.457130428496,759.9394619496663,198.97320985000115,110.05783213706243,614.5467839377267,50.88443983759199
2026-02-18 14:00:00+00:00,2418.49,5335.62,6544.57,796.75,4.283595e-06,128.0,516.11,39.97,1787.3761526887988,4652.490566074245,6633.48319522212,807.4917731328514,122.52625254880839,89.43737543260487,537.4819923941653,56.626391107037,1055.4749002676917,3444.4520705886116,3041.457130428496,759.9394619496663,198.97320985000115,110.05783213706243,614.5467839377267,50.88443983759199,1055.4749002676917,3444.4520705886116,3041.457130428496,759.9394619496663,198.97320985000115,110.05783213706243,614.5467839377267,50.88443983759199
2026-02-18 15:00:00+00:00,2491.51,5006.31,6906.46,797.15,320.54,128.0,517.32,39.97,1857.8229642893411,4940.249455901068,6762.718220716506,870.5227107489949,367.5141977084363,92.45736851011515,570.0967941552746,58.955323253497966,1055.4749002676917,3444.4520705886116,3041.457130428496,759.9394619496663,198.97320985000115,110.05783213706243,614.5467839377267,50.88443983759199,1055.4749002676917,3444.4520705886116,3041.457130428496,759.9394619496663,198.97320985000115,110.05783213706243,614.5467839377267,50.88443983759199
2026-02-18 16:00:00+00:00,2585.52,4986.71,6942.41,798.32,727.585,128.09,513.43,39.97,1920.1580175020267,5149.968757934431,7155.168215023983,903.2038660334008,681.3872759442721,92.78166643639989,598.4091163513117,52.06131257530843,1055.4749002676917,3444.4520705886116,3041.457130428496,759.9394619496663,198.97320985000115,110.05783213706243,614.5467839377267,50.88443983759199,1055.4749002676917,3444.4520705886116,3041.457130428496,759.9394619496663,198.97320985000115,110.05783213706243,614.5467839377267,50.88443983759199
2026-02-18 17:00:00+00:00,2590.56,4903.14,7117.6006,798.97,1134.63,128.0,524.04,39.97,2287.0347216569266,5024.761136329234,6945.135146542915,818.7417383669699,570.4901216335385,99.28815253382948,601.2452601158594,36.31709787306354,1055.4749002676917,3444.4520705886116,3041.457130428496,759.9394619496663,198.97320985000115,110.05783213706243,614.5467839377267,50.88443983759199,1055.4749002676917,3444.4520705886116,3041.457130428496,759.9394619496663,198.97320985000115,110.05783213706243,614.5467839377267,50.88443983759199
2026-02-18 18:00:00+00:00,2509.26,4521.36,6408.41,798.97,58.789997,128.03,528.03,39.97,2070.315698985701,5164.522625860838,6084.469079777986,800.7478678197449,273.2050049647685,97.3172548801823,597.6053818340416,35.5804688961451,1055.4749002676917,3444.4520705886116,3041.457130428496,759.9394619496663,198.97320985000115,110.05783213706243,614.5467839377267,50.88443983759199,1055.4749002676917,3444.4520705886116,3041.457130428496,759.9394619496663,198.97320985000115,110.05783213706243,614.5467839377267,50.88443983759199
2026-02-18 19:00:00+00:00,2416.74,4671.05,5139.87,798.97,4.283595e-06,128.0,517.04,39.97,1936.737638856794,4853.2398249719345,5655.576183906409,807.1938892234001,109.76038088222843,96.98936531655866,581.9564212032916,39.66979991322117,1055.4749002676917,3444.4520705886116,3041.457130428496,759.9394619496663,198.97320985000115,110.05783213706243,614.5467839377267,50.88443983759199,1055.4749002676917,3444.4520705886116,3041.457130428496,759.9394619496663,198.97320985000115,110.05783213706243,614.5467839377267,50.88443983759199
2026-02-18 20:00:00+00:00,1945.54,4696.93,4666.81,798.97,4.283595e-06,128.0,520.22,39.97,1626.9253929684771,4193.311598704859,4872.211725237679,800.708403143209,154.22730354023957,98.72048383887538,574.4597429318485,39.083334147132575,1055.4749002676917,3444.4520705886116,3041.457130428496,759.9394619496663,198.97320985000115,110.05783213706243,614.5467839377267,50.88443983759199,1055.4749002676917,3444.4520705886116,3041.457130428496,759.9394619496663,198.97320985000115,110.05783213706243,614.5467839377267,50.88443983759199
2026-02-18 21:00:00+00:00,1549.53,4578.71,4291.98,797.66,4.283595e-06,128.0,567.97,39.97,1703.6101306605433,4063.9596722188335,4457.527544745197,803.9565863023608,80.37711206215859,97.82387993432317,567.0990671462692,39.71160526753701,1055.4749002676917,3444.4520705886116,3041.457130428496,759.9394619496663,198.97320985000115,110.05783213706243,614.5467839377267,50.88443983759199,1055.4749002676917,3444.4520705886116,3041.457130428496,759.9394619496663,198.97320985000115,110.05783213706243,614.5467839377267,50.88443983759199
2026-02-18 22:00:00+00:00,1394.39,4386.08,3573.42,796.87,4.283595e-06,127.4,566.67,43.18,1407.632632000968,3401.1472725958324,3966.7737268265946,789.0182096237608,10.671839911932295,95.04458434223886,562.5926109590383,40.629076987267,1055.4749002676917,3444.4520705886116,3041.457130428496,759.9394619496663,198.97320985000115,110.05783213706243,614.5467839377267,50.88443983759199,1055.4749002676917,3444.4520705886116,3041.457130428496,759.9394619496663,198.97320985000115,110.05783213706243,614.5467839377267,50.88443983759199
2026-02-18 23:00:00+00:00,1245.92,4655.88,3529.61,792.61,4.283595e-06,119.28,557.57,40.48,1205.2199171218897,2728.0769300953752,3311.7961171426605,791.6204461814982,4.540077613059452,90.8103088198259,534.6767189310125,40.25320953950533,1055.4749002676917,3444.4520705886116,3041.457130428496,759.9394619496663,198.97320985000115,110.05783213706243,614.5467839377267,50.88443983759199,1055.4749002676917,3444.4520705886116,3041.457130428496,759.9394619496663,198.97320985000115,110.05783213706243,614.5467839377267,50.88443983759199
2026-02-19 00:00:00+00:00,1106.71,4777.71,3499.61,792.66,4.283595e-06,117.96,620.27,43.67,1110.8082913806034,2474.6913949123864,3514.3612855316096,791.4585900364249,-17.375549554530664,85.24765382741639,583.8637458794452,38.90450028549455,1055.4749002676917,3444.4520705886116,3041.457130428496,759.9394619496663,198.97320985000115,110.05783213706243,614.5467839377267,50.88443983759199,1055.4749002676917,3444.4520705886116,3041.457130428496,759.9394619496663,198.97320985000115,110.05783213706243,614.5467839377267,50.88443983759199
2026-02-19 01:00:00+00:00,1048.57,4516.15,3180.87,792.31,4.283595e-06,116.91,656.41,43.67,1094.5272779235554,2396.4746723398102,3386.9108038457675,788.7512642145966,-3.1708565483459665,84.58384210928769,582.9377052119313,36.958849923427536,1055.4749002676917,3444.4520705886116,3041.457130428496,759.9394619496663,198.97320985000115,110.05783213706243,614.5467839377267,50.88443983759199,1055.4749002676917,3444.4520705886116,3041.457130428496,759.9394619496663,198.97320985000115,110.05783213706243,614.5467839377267,50.88443983759199
2026-02-19 02:00:00+00:00,1040.76,4474.72,3413.04,792.31,4.283595e-06,117.06,602.99,43.67,1099.8785088989457,2330.3821263129194,3401.2946594140894,787.0302333027994,-7.5076919298022915,84.58384210928769,585.708781411513,37.66418988231418,1055.4749002676917,3444.4520705886116,3041.457130428496,759.9394619496663,198.97320985000115,110.05783213706243,614.5467839377267,50.88443983759199,1055.4749002676917,3444.4520705886116,3041.457130428496,759.9394619496663,198.97320985000115,110.05783213706243,614.5467839377267,50.88443983759199
2026-02-19 03:00:00+00:00,1078.32,4225.43,3584.19,792.31,4.283595e-06,117.05,553.73,43.67,1372.429119160181,3043.519162384586,3615.3561375877944,786.4116900810308,17.914933641148394,84.58384210928769,578.4254428260776,37.8751637067297,1055.4749002676917,3444.4520705886116,3041.457130428496,759.9394619496663,198.97320985000115,110.05783213706243,614.5467839377267,50.88443983759199,1055.4749002676917,3444.4520705886116,3041.457130428496,759.9394619496663,198.97320985000115,110.05783213706243,614.5467839377267,50.88443983759199
2026-02-19 04:00:00+00:00,1150.63,4325.89,4340.76,792.31,4.283595e-06,125.3,538.94,43.67,1510.5753354296876,3516.820756793418,4581.238393972087,777.9736677710649,36.23230463738605,86.88158550832497,569.719773934454,37.55014110123102,1055.4749002676917,3444.4520705886116,3041.457130428496,759.9394619496663,198.97320985000115,110.05783213706243,614.5467839377267,50.88443983759199,1055.4749002676917,3444.4520705886116,3041.457130428496,759.9394619496663,198.97320985000115,110.05783213706243,614.5467839377267,50.88443983759199
2026-02-19 05:00:00+00:00,1515.92,4812.2,4841.15,793.72,4.283595e-06,125.44,544.36,43.67,1767.799012152628,3780.0135503004667,4716.439048033775,788.830496177206,41.301038319457234,87.81287671082504,574.7945433866171,37.19881425857365,1055.4749002676917,3444.4520705886116,3041.457130428496,759.9394619496663,198.97320985000115,110.05783213706243,614.5467839377267,50.88443983759199,1055.4749002676917,3444.4520705886116,3041.457130428496,759.9394619496663,198.97320985000115,110.05783213706243,614.5467839377267,50.88443983759199
2026-02-19 06:00:00+00:00,2069.73,5237.75,4667.14,796.29,4.283595e-06,125.44,540.99,43.67,1865.5836305138255,4745.344876262259,5190.012224626441,856.0860151865097,249.76339822126812,83.44442753558818,554.8420147815228,51.80221338512779,1055.4749002676917,3444.4520705886116,3041.457130428496,759.9394619496663,198.97320985000115,110.05783213706243,614.5467839377267,50.88443983759199,1055.4749002676917,3444.4520705886116,3041.457130428496,759.9394619496663,198.97320985000115,110.05783213706243,614.5467839377267,50.88443983759199
2026-02-19 07:00:00+00:00,2262.81,4993.6,4744.44,798.01,134.04,125.44,476.43,43.67,2000.6170693086556,5011.791107854495,5641.119388785471,867.9685502436967,431.5450110573115,86.82506879636324,576.776578238534,51.46592970607389,1055.4749002676917,3444.4520705886116,3041.457130428496,759.9394619496663,198.97320985000115,110.05783213706243,614.5467839377267,50.88443983759199,1055.4749002676917,3444.4520705886116,3041.457130428496,759.9394619496663,198.97320985000115,110.05783213706243,614.5467839377267,50.88443983759199
2026-02-19 08:00:00+00:00,2447.02,5429.84,4917.73,798.86,189.51,125.29,464.71,43.67,1921.6536322272361,4785.906241228841,5491.040740566062,854.5853337222762,447.9610129863405,85.41040174146217,577.1473973971757,47.66907805294814,1055.4749002676917,3444.4520705886116,3041.457130428496,759.9394619496663,198.97320985000115,110.05783213706243,614.5467839377267,50.88443983759199,1055.4749002676917,3444.4520705886116,3041.457130428496,759.9394619496663,198.97320985000115,110.05783213706243,614.5467839377267,50.88443983759199
2026-02-19 09:00:00+00:00,2423.9,5460.59,4884.23,798.27,52.76,125.28,482.57,43.67,1890.1547408655183,4789.410848815665,5182.827541441555,802.0894421958217,310.31443469929013,87.44311553978505,575.7177176565096,44.23946308985357,1055.4749002676917,3444.4520705886116,3041.457130428496,759.9394619496663,198.97320985000115,110.05783213706243,614.5467839377267,50.88443983759199,1055.4749002676917,3444.4520705886116,3041.457130428496,759.9394619496663,198.97320985000115,110.05783213706243,614.5467839377267,50.88443983759199
2026-02-19 10:00:00+00:00,2306.87,5381.1,4849.67,798.27,18.429996,125.13,522.03,43.67,1922.8499000596357,4474.1060246487905,5184.671366466302,783.1973765982265,231.49406139176182,85.40416878010889,573.3705761472258,43.65164549856975,1055.4749002676917,3444.4520705886116,3041.457130428496,759.9394619496663,198.97320985000115,110.05783213706243,614.5467839377267,50.88443983759199,1055.4749002676917,3444.4520705886116,3041.457130428496,759.9394619496663,198.97320985000115,110.05783213706243,614.5467839377267,50.88443983759199
2026-02-19 11:00:00+00:00,2006.25,5410.63,4752.18,798.27,166.27,125.2,546.19,43.67,1979.6657469000556,4026.321802661288,5201.919388712617,775.9526840907172,83.0799117444859,85.08787840783222,560.2215752213392,43.107336821129536,1055.4749002676917,3444.4520705886116,3041.457130428496,759.9394619496663,198.97320985000115,110.05783213706243,614.5467839377267,50.88443983759199,1055.4749002676917,3444.4520705886116,3041.457130428496,759.9394619496663,198.97320985000115,110.05783213706243,614.5467839377267,50.88443983759199
2026-02-19 12:00:00+00:00,1838.27,5318.82,4470.58,798.65,4.283595e-06,126.92,530.6,43.67,1897.1928766655133,3653.937995877975,5182.718816077632,776.3727490659522,69.42618850411671,83.64489891318446,573.2817769264598,45.030142539221465,1055.4749002676917,3444.4520705886116,3041.457130428496,759.9394619496663,198.97320985000115,110.05783213706243,614.5467839377267,50.88443983759199,1055.4749002676917,3444.4520705886116,3041.457130428496,759.9394619496663,198.97320985000115,110.05783213706243,614.5467839377267,50.88443983759199
2026-02-19 13:00:00+00:00,1825.37,5230.79,4305.56,798.65,4.283595e-06,126.03,551.04,46.66,1634.6282267174095,4072.7051213563,4925.659729576878,776.9958523061032,137.4072477666906,82.12539487870934,586.042450884772,49.1545366039706,1055.4749002676917,3444.4520705886116,3041.457130428496,759.9394619496663,198.97320985000115,110.05783213706243,614.5467839377267,50.88443983759199,1055.4749002676917,3444.4520705886116,3041.457130428496,759.9394619496663,198.97320985000115,110.05783213706243,614.5467839377267,50.88443983759199
2026-02-19 14:00:00+00:00,2238.23,5297.37,4835.28,798.65,7.629994,125.13,579.06,47.66,1778.626920761595,3978.3166916397968,4884.670179674689,793.7015404988394,249.49040238083856,83.14136876617417,575.3635460848596,51.54548570541753,1055.4749002676917,3444.4520705886116,3041.457130428496,759.9394619496663,198.97320985000115,110.05783213706243,614.5467839377267,50.88443983759199,1055.4749002676917,3444.4520705886116,3041.457130428496,759.9394619496663,198.97320985000115,110.05783213706243,614.5467839377267,50.88443983759199
2026-02-19 15:00:00+00:00,2513.91,5405.19,5095.85,799.04,30.759998,125.13,558.63,47.66,1867.737180953944,4432.228844089585,5026.0252021037095,841.5449948812068,327.4174135083481,84.76592319791402,569.2773998370278,52.35339032889106,1055.4749002676917,3444.4520705886116,3041.457130428496,759.9394619496663,198.97320985000115,110.05783213706243,614.5467839377267,50.88443983759199,1055.4749002676917,3444.4520705886116,3041.457130428496,759.9394619496663,198.97320985000115,110.05783213706243,614.5467839377267,50.88443983759199
2026-02-19 16:00:00+00:00,2523.42,5476.36,5661.86,800.22,97.36,125.38,528.01,47.66,2011.2323023043882,4565.320916458402,5909.550716975718,881.1451054620144,428.4039417515505,88.40268509170576,565.8947973403766,52.45384433033134,1055.4749002676917,3444.4520705886116,3041.457130428496,759.9394619496663,198.97320985000115,110.05783213706243,614.5467839377267,50.88443983759199,1055.4749002676917,3444.4520705886116,3041.457130428496,759.9394619496663,198.97320985000115,110.05783213706243,614.5467839377267,50.88443983759199
2026-02-19 17:00:00+00:00,2524.39,5485.34,5926.5,800.86,267.36,127.43,510.37,47.66,2296.1130702757227,4179.485331402908,6305.615436587853,805.7824118457077,419.2796408849745,96.84930697163827,603.0873959198283,38.73007622578784,1055.4749002676917,3444.4520705886116,3041.457130428496,759.9394619496663,198.97320985000115,110.05783213706243,614.5467839377267,50.88443983759199,1055.4749002676917,3444.4520705886116,3041.457130428496,759.9394619496663,198.97320985000115,110.05783213706243,614.5467839377267,50.88443983759199
2026-02-19 18:00:00+00:00,2508.56,5413.32,5816.05,800.86,143.68,127.94,523.63,47.66,2396.393561971738,4177.182827862278,6173.538104890401,804.9622864431457,255.53981603107533,93.18357210036011,615.4563272550807,38.60593802174256,1055.4749002676917,3444.4520705886116,3041.457130428496,759.9394619496663,198.97320985000115,110.05783213706243,614.5467839377267,50.88443983759199,1055.4749002676917,3444.4520705886116,3041.457130428496,759.9394619496663,198.97320985000115,110.05783213706243,614.5467839377267,50.88443983759199
2026-02-19 19:00:00+00:00,2376.72,5412.3,5702.61,800.86,5.8400006,127.14,512.21,47.66,2408.0998200795275,4056.707327689887,5977.203594725159,811.119469869421,169.0395095681273,92.16009058204429,628.9800323244049,39.39207186703441,1055.4749002676917,3444.4520705886116,3041.457130428496,759.9394619496663,198.97320985000115,110.05783213706243,614.5467839377267,50.88443983759199,1055.4749002676917,3444.4520705886116,3041.457130428496,759.9394619496663,198.97320985000115,110.05783213706243,614.5467839377267,50.88443983759199
2026-02-19 20:00:00+00:00,2343.32,5428.97,5845.43,800.86,0.69000673,125.35,496.48,47.66,2210.375477337432,3968.7872055037888,5468.283963627669,802.4796746781515,90.31222295275066,93.57913391570736,616.6713783725206,38.69281760320252,1055.4749002676917,3444.4520705886116,3041.457130428496,759.9394619496663,198.97320985000115,110.05783213706243,614.5467839377267,50.88443983759199,1055.4749002676917,3444.4520705886116,3041.457130428496,759.9394619496663,198.97320985000115,110.05783213706243,614.5467839377267,50.88443983759199
2026-02-19 21:00:00+00:00,2280.06,5459.99,5701.75,799.56,4.283595e-06,125.56,694.28,47.66,2016.1036431208972,3628.7016029203496,5186.950362772821,799.9333100894286,16.686714434250376,90.45688580810777,602.0966277724708,39.74426583302707,1055.4749002676917,3444.4520705886116,3041.457130428496,759.9394619496663,198.97320985000115,110.05783213706243,614.5467839377267,50.88443983759199,1055.4749002676917,3444.4520705886116,3041.457130428496,759.9394619496663,198.97320985000115,110.05783213706243,614.5467839377267,50.88443983759199
2026-02-19 22:00:00+00:00,1958.11,5424.09,5192.32,798.77,0.95999575,126.37,676.6,47.66,2028.289324779591,3512.1084519925257,5088.5621925198775,795.2606295098941,-21.99063663884195,91.0862291123571,618.5978393703856,39.52922975784691,1055.4749002676917,3444.4520705886116,3041.457130428496,759.9394619496663,198.97320985000115,110.05783213706243,614.5467839377267,50.88443983759199,1055.4749002676917,3444.4520705886116,3041.457130428496,759.9394619496663,198.97320985000115,110.05783213706243,614.5467839377267,50.88443983759199
2026-02-19 23:00:00+00:00,1601.59,5107.86,4740.67,794.5,4.283595e-06,126.2,523.44,42.31,1995.859526852709,3348.6177727904155,4892.7499399214275,786.1825725606014,-24.767559663410935,89.6229765163553,621.4735712579622,38.31729648210589,1055.4749002676917,3444.4520705886116,3041.457130428496,759.9394619496663,198.97320985000115,110.05783213706243,614.5467839377267,50.88443983759199,1055.4749002676917,3444.4520705886116,3041.457130428496,759.9394619496663,198.97320985000115,110.05783213706243,614.5467839377267,50.88443983759199
2026-02-20 00:00:00+00:00,1709.49,4737.27,4489.44,795.99,4.283595e-06,126.62,519.87,47.18,2135.180134411144,3428.4970132902404,4713.726221776118,787.3646469804585,-8.924655484952467,87.51156564717846,645.8887306240407,37.5449844205092,1055.4749002676917,3444.4520705886116,3041.457130428496,759.9394619496663,198.97320985000115,110.05783213706243,614.5467839377267,50.88443983759199,1055.4749002676917,3444.4520705886116,3041.457130428496,759.9394619496663,198.97320985000115,110.05783213706243,614.5467839377267,50.88443983759199
2026-02-20 01:00:00+00:00,1595.31,4718.75,4457.59,795.71,4.283595e-06,127.88,504.96,47.18,2196.6797129520583,3292.46355392758,4836.9734027568775,788.4205530918398,-5.703022850649546,89.24555787751956,636.7422694506331,38.18879008935306,1055.4749002676917,3444.4520705886116,3041.457130428496,759.9394619496663,198.97320985000115,110.05783213706243,614.5467839377267,50.88443983759199,1055.4749002676917,3444.4520705886116,3041.457130428496,759.9394619496663,198.97320985000115,110.05783213706243,614.5467839377267,50.88443983759199
2026-02-20 02:00:00+00:00,1620.77,4643.67,4415.16,795.71,4.283595e-06,126.64,499.08,47.18,2155.265437833124,3185.783221386262,4809.9428233715025,789.4299605691637,0.4089028303070563,89.95025580748135,624.1373618443353,38.92541545075572,1055.4749002676917,3444.4520705886116,3041.457130428496,759.9394619496663,198.97320985000115,110.05783213706243,614.5467839377267,50.88443983759199,1055.4749002676917,3444.4520705886116,3041.457130428496,759.9394619496663,198.97320985000115,110.05783213706243,614.5467839377267,50.88443983759199
2026-02-20 03:00:00+00:00,1655.76,4378.66,4510.63,795.71,4.283595e-06,118.67,529.81,47.18,2104.150207503036,3262.9489929063107,4970.605877226759,788.8245977996045,5.9998778139719775,87.54240807148824,633.9108656851785,37.62681502501413,1055.4749002676917,3444.4520705886116,3041.457130428496,759.9394619496663,198.97320985000115,110.05783213706243,614.5467839377267,50.88443983759199,1055.4749002676917,3444.4520705886116,3041.457130428496,759.9394619496663,198.97320985000115,110.05783213706243,614.5467839377267,50.88443983759199
2026-02-20 04:00:00+00:00,1576.17,4425.28,5011.66,795.71,4.283595e-06,119.65,529.31,47.18,2267.7173640208935,3632.242927473794,5548.102066755078,796.2814625130242,30.041593426954194,91.89633193460075,592.0526350085207,38.211974247351634,1055.4749002676917,3444.4520705886116,3041.457130428496,759.9394619496663,198.97320985000115,110.05783213706243,614.5467839377267,50.88443983759199,1055.4749002676917,3444.4520705886116,3041.457130428496,759.9394619496663,198.97320985000115,110.05783213706243,614.5467839377267,50.88443983759199
2026-02-20 05:00:00+00:00,1964.3899,4670.44,5540.23,797.12,4.283595e-06,120.03,512.98,47.18,2452.87920965237,4103.528482506959,6068.286289478354,789.5791810130652,30.21415920831086,93.0022953102376,610.7553663980995,38.516457892867855,1055.4749002676917,3444.4520705886116,3041.457130428496,759.9394619496663,198.97320985000115,110.05783213706243,614.5467839377267,50.88443983759199,1055.4749002676917,3444.4520705886116,3041.457130428496,759.9394619496663,198.97320985000115,110.05783213706243,614.5467839377267,50.88443983759199
2026-02-20 06:00:00+00:00,2406.21,5307.09,5737.33,799.68,208.75,120.03,536.32,47.18,2394.904166766323,4335.845762900776,6313.347782046031,859.6573203573757,614.2782589506213,91.4609757743628,596.2418630667289,50.05281220121873,1055.4749002676917,3444.4520705886116,3041.457130428496,759.9394619496663,198.97320985000115,110.05783213706243,614.5467839377267,50.88443983759199,1055.4749002676917,3444.4520705886116,3041.457130428496,759.9394619496663,198.97320985000115,110.05783213706243,614.5467839377267,50.88443983759199
2026-02-20 07:00:00+00:00,2446.56,5500.68,5925.57,801.87,417.33,125.77,519.92,47.18,2339.3270139097613,4224.370848721645,6379.872604467978,876.1648844590867,551.2161377791255,91.36499342896164,577.5411731336657,49.62673952560722,1055.4749002676917,3444.4520705886116,3041.457130428496,759.9394619496663,198.97320985000115,110.05783213706243,614.5467839377267,50.88443983759199,1055.4749002676917,3444.4520705886116,3041.457130428496,759.9394619496663,198.97320985000115,110.05783213706243,614.5467839377267,50.88443983759199
2026-02-20 08:00:00+00:00,2287.48,5457.97,6019.49,801.87,625.91,125.77,475.98,47.18,2446.5756631000077,3578.541996177038,5957.728783345605,825.8513319459066,258.7293761546935,90.6510256530849,595.2471849777547,45.63705345615537,1055.4749002676917,3444.4520705886116,3041.457130428496,759.9394619496663,198.97320985000115,110.05783213706243,614.5467839377267,50.88443983759199,1055.4749002676917,3444.4520705886116,3041.457130428496,759.9394619496663,198.97320985000115,110.05783213706243,614.5467839377267,50.88443983759199
2026-02-20 09:00:00+00:00,1884.85,5139.58,4661.64,801.28,273.58,125.77,460.83,42.06,2218.1325473162897,3292.74255841038,5757.10763675419,805.9260404132776,151.261010423738,90.53707568398195,596.0508448189381,45.033997268945384,1055.4749002676917,3444.4520705886116,3041.457130428496,759.9394619496663,198.97320985000115,110.05783213706243,614.5467839377267,50.88443983759199,1055.4749002676917,3444.4520705886116,3041.457130428496,759.9394619496663,198.97320985000115,110.05783213706243,614.5467839377267,50.88443983759199
2026-02-20 10:00:00+00:00,1439.51,4975.04,3517.07,800.91,334.14,125.77,446.53,37.69,1996.5264780853292,3120.5374314861165,5816.9078049517775,794.3253126119113,80.85823032494794,87.10568346718226,595.0581007748477,39.70683460598989,1055.4749002676917,3444.4520705886116,3041.457130428496,759.9394619496663,198.97320985000115,110.05783213706243,614.5467839377267,50.88443983759199,1055.4749002676917,3444.4520705886116,3041.457130428496,759.9394619496663,198.97320985000115,110.05783213706243,614.5467839377267,50.88443983759199
2026-02-20 11:00:00+00:00,1029.18,5281.92,2890.71,800.91,131.99,125.54,452.31,42.22,2092.6901221612948,2546.770267572623,6229.092061754211,788.9018370083296,80.15664623600308,87.97014025503637,592.5923315785694,44.802751579199395,1055.4749002676917,3444.4520705886116,3041.457130428496,759.9394619496663,198.97320985000115,110.05783213706243,614.5467839377267,50.88443983759199,1055.4749002676917,3444.4520705886116,3041.457130428496,759.9394619496663,198.97320985000115,110.05783213706243,614.5467839377267,50.88443983759199
2026-02-20 12:00:00+00:00,893.64,5357.17,2742.85,801.14,17.810001,125.67,449.57,44.03,2226.8590620320238,2757.9832450089275,6263.837284536565,788.3591867633163,79.82212498687373,81.09544092634522,574.2986046081872,47.10919529885229,1055.4749002676917,3444.4520705886116,3041.457130428496,759.9394619496663,198.97320985000115,110.05783213706243,614.5467839377267,50.88443983759199,1055.4749002676917,3444.4520705886116,3041.457130428496,759.9394619496663,198.97320985000115,110.05783213706243,614.5467839377267,50.88443983759199
2026-02-20 13:00:00+00:00,913.48,5169.7,2922.38,801.84,94.70999,126.35,475.93,44.03,2073.616981494152,2922.767705079091,5810.582083912941,792.8029822510763,95.28279327169763,84.08084049500556,576.9548789262631,44.77065907924552,1055.4749002676917,3444.4520705886116,3041.457130428496,759.9394619496663,198.97320985000115,110.05783213706243,614.5467839377267,50.88443983759199,1055.4749002676917,3444.4520705886116,3041.457130428496,759.9394619496663,198.97320985000115,110.05783213706243,614.5467839377267,50.88443983759199
2026-02-20 14:00:00+00:00,978.73,5155.0,3152.0,801.84,13.360004,127.2,528.48,44.03,2120.4232543548706,3399.106963040995,5658.810760486826,809.8353541475906,227.34610562188615,86.76965361758893,578.2115432897008,43.127030680793396,1055.4749002676917,3444.4520705886116,3041.457130428496,759.9394619496663,198.97320985000115,110.05783213706243,614.5467839377267,50.88443983759199,1055.4749002676917,3444.4520705886116,3041.457130428496,759.9394619496663,198.97320985000115,110.05783213706243,614.5467839377267,50.88443983759199
2026-02-20 15:00:00+00:00,1023.87,5297.88,3769.48,802.24,258.33,127.39,509.97,44.03,2175.624404874567,4034.2019784553127,5295.033893701122,849.9920507379784,320.1297159383458,93.36223014515795,582.3818290150306,47.768840444687825,1055.4749002676917,3444.4520705886116,3041.457130428496,759.9394619496663,198.97320985000115,110.05783213706243,614.5467839377267,50.88443983759199,1055.4749002676917,3444.4520705886116,3041.457130428496,759.9394619496663,198.97320985000115,110.05783213706243,614.5467839377267,50.88443983759199
2026-02-20 16:00:00+00:00,1027.92,5190.11,4365.1,802.96,150.05,126.48,529.89,44.03,2194.0357738249054,4133.032709735464,5438.862716741576,877.1952354471257,488.5861622659181,93.87532043129457,587.3657305033656,49.85652408890246,1055.4749002676917,3444.4520705886116,3041.457130428496,759.9394619496663,198.97320985000115,110.05783213706243,614.5467839377267,50.88443983759199,1055.4749002676917,3444.4520705886116,3041.457130428496,759.9394619496663,198.97320985000115,110.05783213706243,614.5467839377267,50.88443983759199
2026-02-20 17:00:00+00:00,1024.63,4816.73,4289.31,803.61,30.409992,118.29,527.93,44.89,2183.533065517775,3846.781486158436,5311.711052694627,808.8778838476918,322.0386707985708,106.63204755600842,617.5734256277266,39.851629532245326,1055.4749002676917,3444.4520705886116,3041.457130428496,759.9394619496663,198.97320985000115,110.05783213706243,614.5467839377267,50.88443983759199,1055.4749002676917,3444.4520705886116,3041.457130428496,759.9394619496663,198.97320985000115,110.05783213706243,614.5467839377267,50.88443983759199
2026-02-20 18:00:00+00:00,1016.21,3787.48,3479.98,803.61,4.283595e-06,118.19,540.0,47.48,1952.2462640719825,3485.130988792717,5014.1826848001965,799.80869500355,170.9931665058333,100.41550803013753,600.9892143250934,37.987775051462656,1055.4749002676917,3444.4520705886116,3041.457130428496,759.9394619496663,198.97320985000115,110.05783213706243,614.5467839377267,50.88443983759199,1055.4749002676917,3444.4520705886116,3041.457130428496,759.9394619496663,198.97320985000115,110.05783213706243,614.5467839377267,50.88443983759199
2026-02-20 19:00:00+00:00,853.78,2375.22,3105.58,803.61,34.06,118.29,650.63,47.48,1299.20084855818,2766.4610723294536,3828.560584430443,804.303820404868,82.06189664484863,95.22442959724728,593.118089093241,39.50441890132727,1055.4749002676917,3444.4520705886116,3041.457130428496,759.9394619496663,198.97320985000115,110.05783213706243,614.5467839377267,50.88443983759199,1055.4749002676917,3444.4520705886116,3041.457130428496,759.9394619496663,198.97320985000115,110.05783213706243,614.5467839377267,50.88443983759199
2026-02-20 20:00:00+00:00,513.0,1546.43,2222.68,803.61,49.500004,118.29,625.43,47.48,891.2859495453276,2097.0889904426103,3294.1746448551485,800.8103863833959,73.7707173928969,95.87891780801031,598.835452180903,38.67528044427553,1055.4749002676917,3444.4520705886116,3041.457130428496,759.9394619496663,198.97320985000115,110.05783213706243,614.5467839377267,50.88443983759199,1055.4749002676917,3444.4520705886116,3041.457130428496,759.9394619496663,198.97320985000115,110.05783213706243,614.5467839377267,50.88443983759199
2026-02-20 21:00:00+00:00,365.69,1141.36,1846.96,802.3,74.49999,126.86,620.71,47.48,740.3778534473581,2101.514778867216,2633.038896919758,795.4386768140416,56.699378837799316,94.68174845917424,603.2469085367267,38.96239259073375,1055.4749002676917,3444.4520705886116,3041.457130428496,759.9394619496663,198.97320985000115,110.05783213706243,614.5467839377267,50.88443983759199,1055.4749002676917,3444.4520705886116,3041.457130428496,759.9394619496663,198.97320985000115,110.05783213706243,614.5467839377267,50.88443983759199
2026-02-20 22:00:00+00:00,339.52002,1146.4598,1719.42,801.51,4.283595e-06,127.66,631.27,47.48,412.62480749465965,1694.5085211728906,2315.3834057888007,775.7818504718564,32.30311683821765,95.48187187686509,601.4507373045237,38.969305455198736,1055.4749002676917,3444.4520705886116,3041.457130428496,759.9394619496663,198.97320985000115,110.05783213706243,614.5467839377267,50.88443983759199,1055.4749002676917,3444.4520705886116,3041.457130428496,759.9394619496663,198.97320985000115,110.05783213706243,614.5467839377267,50.88443983759199
2026-02-20 23:00:00+00:00,332.46002,1129.9498,1491.4,796.95,4.283595e-06,126.59,629.71,45.89,500.6717777753314,1625.8825072980105,2128.175409343151,777.7006321715804,47.27102101724856,100.16524800677682,579.8985184553653,38.353229462072164,1055.4749002676917,3444.4520705886116,3041.457130428496,759.9394619496663,198.97320985000115,110.05783213706243,614.5467839377267,50.88443983759199,1055.4749002676917,3444.4520705886116,3041.457130428496,759.9394619496663,198.97320985000115,110.05783213706243,614.5467839377267,50.88443983759199
2026-02-21 00:00:00+00:00,331.33002,1119.2198,1461.26,796.56,4.283595e-06,126.91,677.49,45.89,315.60390890442216,1514.5245924663527,1850.845963300206,780.3498836548835,55.11778416365115,105.94337768895886,577.6303995582289,38.098009430464536,1055.4749002676917,3444.4520705886116,3041.457130428496,759.9394619496663,198.97320985000115,110.05783213706243,614.5467839377267,50.88443983759199,1055.4749002676917,3444.4520705886116,3041.457130428496,759.9394619496663,198.97320985000115,110.05783213706243,614.5467839377267,50.88443983759199
2026-02-21 01:00:00+00:00,330.69,1123.7198,1403.33,796.27,4.283595e-06,127.86,612.56,45.89,265.80436267099515,1568.646422564825,1808.6306064750145,774.7015991210332,24.751106690112124,96.6049264505168,569.9811146789016,38.30931812234651,1055.4749002676917,3444.4520705886116,3041.457130428496,759.9394619496663,198.97320985000115,110.05783213706243,614.5467839377267,50.88443983759199,1055.4749002676917,3444.4520705886116,3041.457130428496,759.9394619496663,198.97320985000115,110.05783213706243,614.5467839377267,50.88443983759199
2026-02-21 02:00:00+00:00,331.18,1119.62,1358.42,796.27,4.283595e-06,126.99,587.87,45.89,259.0882416306953,1456.1137117477108,1866.8569126891475,777.1727035557235,31.39652842539536,101.04268548219211,569.7486889851542,39.03889305766589,1055.4749002676917,3444.4520705886116,3041.457130428496,759.9394619496663,198.97320985000115,110.05783213706243,614.5467839377267,50.88443983759199,1055.4749002676917,3444.4520705886116,3041.457130428496,759.9394619496663,198.97320985000115,110.05783213706243,614.5467839377267,50.88443983759199
2026-02-21 03:00:00+00:00,332.02002,1126.13,1305.42,796.27,4.283595e-06,119.49,631.99,45.89,270.92402234315136,1345.373877346869,1816.5634537942908,785.6639773162904,43.62832773885137,102.9985439955286,563.975381124154,38.683424482553306,1055.4749002676917,3444.4520705886116,3041.457130428496,759.9394619496663,198.97320985000115,110.05783213706243,614.5467839377267,50.88443983759199,1055.4749002676917,3444.4520705886116,3041.457130428496,759.9394619496663,198.97320985000115,110.05783213706243,614.5467839377267,50.88443983759199
2026-02-21 04:00:00+00:00,336.45,1122.15,1286.94,796.27,4.283595e-06,122.79,616.96,45.89,396.79834647785765,1646.4009597350034,1714.239123861541,775.1925316894336,42.96012725179537,103.61698170895392,572.8948672519286,38.4277097942075,1055.4749002676917,3444.4520705886116,3041.457130428496,759.9394619496663,198.97320985000115,110.05783213706243,614.5467839377267,50.88443983759199,1055.4749002676917,3444.4520705886116,3041.457130428496,759.9394619496663,198.97320985000115,110.05783213706243,614.5467839377267,50.88443983759199
2026-02-21 05:00:00+00:00,337.13,1123.35,1334.01,796.95,7.5000043,121.74,538.15,45.89,390.6363086454347,2003.8949092727619,1973.9276239836531,802.4590077729255,27.830242694690526,98.30390631563235,580.3592880944851,39.30154000956076,1055.4749002676917,3444.4520705886116,3041.457130428496,759.9394619496663,198.97320985000115,110.05783213706243,614.5467839377267,50.88443983759199,1055.4749002676917,3444.4520705886116,3041.457130428496,759.9394619496663,198.97320985000115,110.05783213706243,614.5467839377267,50.88443983759199
2026-02-21 06:00:00+00:00,337.83002,1123.86,1761.28,798.77,4.283595e-06,122.23,574.72,45.89,253.03501534597183,2231.5179028643847,1973.7702586982136,814.0788284038921,191.26213517241973,91.97869000338977,578.6109591497939,50.881505049646826,1055.4749002676917,3444.4520705886116,3041.457130428496,759.9394619496663,198.97320985000115,110.05783213706243,614.5467839377267,50.88443983759199,1055.4749002676917,3444.4520705886116,3041.457130428496,759.9394619496663,198.97320985000115,110.05783213706243,614.5467839377267,50.88443983759199
2026-02-21 07:00:00+00:00,464.37,1124.0499,1795.81,800.66,4.283595e-06,130.97,637.67,45.89,385.5707748331549,2314.182363474831,2189.2785043384347,809.0336471785913,161.2222136113477,92.87120994294527,576.0072919595065,41.77762024900288,1055.4749002676917,3444.4520705886116,3041.457130428496,759.9394619496663,198.97320985000115,110.05783213706243,614.5467839377267,50.88443983759199,1055.4749002676917,3444.4520705886116,3041.457130428496,759.9394619496663,198.97320985000115,110.05783213706243,614.5467839377267,50.88443983759199
2026-02-21 08:00:00+00:00,402.21002,1141.65,1819.86,800.57,4.283595e-06,130.92,615.32,45.89,401.20838186435697,2351.868810356828,1885.0446402703012,804.8811307901966,226.5386321425571,100.71463842150803,553.1035764871639,41.95122902641641,1055.4749002676917,3444.4520705886116,3041.457130428496,759.9394619496663,198.97320985000115,110.05783213706243,614.5467839377267,50.88443983759199,1055.4749002676917,3444.4520705886116,3041.457130428496,759.9394619496663,198.97320985000115,110.05783213706243,614.5467839377267,50.88443983759199
2026-02-21 09:00:00+00:00,335.0,1139.35,1692.37,800.09,4.283595e-06,130.68,622.62,45.89,443.0507227930884,2276.047346825425,1789.9786823643306,786.3746627870961,152.35696431266598,113.49258178432358,553.0975383704083,40.56460716060853,1055.4749002676917,3444.4520705886116,3041.457130428496,759.9394619496663,198.97320985000115,110.05783213706243,614.5467839377267,50.88443983759199,1055.4749002676917,3444.4520705886116,3041.457130428496,759.9394619496663,198.97320985000115,110.05783213706243,614.5467839377267,50.88443983759199
2026-02-21 10:00:00+00:00,334.92004,1142.9,1312.91,800.19,467.0,130.75,616.68,45.89,477.2584377129723,2237.9975438771007,1933.8157018796387,762.7640255955841,131.79617712373903,109.09601904814876,543.8881146796828,42.167453724300316,1055.4749002676917,3444.4520705886116,3041.457130428496,759.9394619496663,198.97320985000115,110.05783213706243,614.5467839377267,50.88443983759199,1055.4749002676917,3444.4520705886116,3041.457130428496,759.9394619496663,198.97320985000115,110.05783213706243,614.5467839377267,50.88443983759199
2026-02-21 11:00:00+00:00,335.36,1145.7198,1526.43,800.19,285.0,123.92,629.33,45.89,284.93273820231457,2040.9623520205773,1596.1101725368685,756.4562453169948,83.86212025455238,105.74109325712703,551.0327919840763,44.71211810618233,1055.4749002676917,3444.4520705886116,3041.457130428496,759.9394619496663,198.97320985000115,110.05783213706243,614.5467839377267,50.88443983759199,1055.4749002676917,3444.4520705886116,3041.457130428496,759.9394619496663,198.97320985000115,110.05783213706243,614.5467839377267,50.88443983759199
2026-02-21 12:00:00+00:00,335.15002,1440.77,1462.75,800.19,4.283595e-06,124.28,603.31,45.89,369.55773732068644,2186.2179272260846,1677.4016502519871,784.9270346697162,106.18504475067411,94.37876876647236,559.9728155381116,42.86595744079329,1055.4749002676917,3444.4520705886116,3041.457130428496,759.9394619496663,198.97320985000115,110.05783213706243,614.5467839377267,50.88443983759199,1055.4749002676917,3444.4520705886116,3041.457130428496,759.9394619496663,198.97320985000115,110.05783213706243,614.5467839377267,50.88443983759199
2026-02-21 13:00:00+00:00,485.3,2104.75,1601.41,800.19,4.283595e-06,125.03,601.56,45.89,323.02089675203183,2204.5934029824884,1734.6714200242072,798.9169230028281,114.53166439665632,91.89084867419385,570.870408106747,46.37057368328152,1055.4749002676917,3444.4520705886116,3041.457130428496,759.9394619496663,198.97320985000115,110.05783213706243,614.5467839377267,50.88443983759199,1055.4749002676917,3444.4520705886116,3041.457130428496,759.9394619496663,198.97320985000115,110.05783213706243,614.5467839377267,50.88443983759199
2026-02-21 14:00:00+00:00,647.6699,2241.36,1669.87,800.19,180.91,124.97,628.7,45.89,493.32716026274545,2204.5527623654743,1969.0777577382748,803.126014242087,121.65481451413034,92.65366764784481,568.38331972883,45.79143376534166,1055.4749002676917,3444.4520705886116,3041.457130428496,759.9394619496663,198.97320985000115,110.05783213706243,614.5467839377267,50.88443983759199,1055.4749002676917,3444.4520705886116,3041.457130428496,759.9394619496663,198.97320985000115,110.05783213706243,614.5467839377267,50.88443983759199
2026-02-21 15:00:00+00:00,757.14,2490.83,1869.14,800.28,583.1,133.2,635.08,45.89,614.5072604739478,2651.347514762152,2046.1235150057414,822.1230989217272,295.15567492440874,95.20159666478665,573.6593876781368,47.71388575429705,1055.4749002676917,3444.4520705886116,3041.457130428496,759.9394619496663,198.97320985000115,110.05783213706243,614.5467839377267,50.88443983759199,1055.4749002676917,3444.4520705886116,3041.457130428496,759.9394619496663,198.97320985000115,110.05783213706243,614.5467839377267,50.88443983759199
2026-02-21 16:00:00+00:00,742.3,2473.42,2210.88,800.9,945.735,134.53,628.96,45.89,935.3299121084043,3058.94100565172,1935.174853192935,849.0561688023946,698.0745361670145,102.34260942181282,577.5944032903989,45.781891072895895,1055.4749002676917,3444.4520705886116,3041.457130428496,759.9394619496663,198.97320985000115,110.05783213706243,614.5467839377267,50.88443983759199,1055.4749002676917,3444.4520705886116,3041.457130428496,759.9394619496663,198.97320985000115,110.05783213706243,614.5467839377267,50.88443983759199
2026-02-21 17:00:00+00:00,741.82,2535.37,2261.67,801.55,1308.37,133.4,625.18,45.89,1120.393695611067,2995.50843203758,3397.9382677525873,817.7737570780537,583.4273087329349,129.6465784897379,597.1659439590038,38.46505953883363,1055.4749002676917,3444.4520705886116,3041.457130428496,759.9394619496663,198.97320985000115,110.05783213706243,614.5467839377267,50.88443983759199,1055.4749002676917,3444.4520705886116,3041.457130428496,759.9394619496663,198.97320985000115,110.05783213706243,614.5467839377267,50.88443983759199
2026-02-21 18:00:00+00:00,739.49,2537.02,2228.05,800.66,1317.32,133.43,589.44,45.89,1235.9248000762643,3064.682453863338,4106.683648738669,815.0889606441065,275.639152615496,129.26105904225724,593.8848586095078,39.34339265203736,1055.4749002676917,3444.4520705886116,3041.457130428496,759.9394619496663,198.97320985000115,110.05783213706243,614.5467839377267,50.88443983759199,1055.4749002676917,3444.4520705886116,3041.457130428496,759.9394619496663,198.97320985000115,110.05783213706243,614.5467839377267,50.88443983759199
2026-02-21 19:00:00+00:00,739.23,2536.32,1954.91,800.66,1220.13,123.78,586.8,45.89,1069.1216759643237,2903.3717974211736,3104.8050739897276,815.4983911847412,166.0853080396257,126.3926616610697,605.8147055475811,38.37539367730595,1055.4749002676917,3444.4520705886116,3041.457130428496,759.9394619496663,198.97320985000115,110.05783213706243,614.5467839377267,50.88443983759199,1055.4749002676917,3444.4520705886116,3041.457130428496,759.9394619496663,198.97320985000115,110.05783213706243,614.5467839377267,50.88443983759199
2026-02-21 20:00:00+00:00,739.25,2397.57,1856.43,800.66,94.74999,125.33,574.64,45.89,714.3598437761792,2376.236449959616,2871.871850792825,800.4545477359688,135.28934740208052,123.067020364608,606.9371743580222,39.49820538518085,1055.4749002676917,3444.4520705886116,3041.457130428496,759.9394619496663,198.97320985000115,110.05783213706243,614.5467839377267,50.88443983759199,1055.4749002676917,3444.4520705886116,3041.457130428496,759.9394619496663,198.97320985000115,110.05783213706243,614.5467839377267,50.88443983759199
2026-02-21 21:00:00+00:00,553.29,1918.49,1790.94,799.35,354.57,125.24,593.62,45.89,480.80818654144855,1852.2196201755708,2829.277917081508,774.5200874925107,117.85299646783207,123.67682623525691,600.7828875055906,39.087787049451656,1055.4749002676917,3444.4520705886116,3041.457130428496,759.9394619496663,198.97320985000115,110.05783213706243,614.5467839377267,50.88443983759199,1055.4749002676917,3444.4520705886116,3041.457130428496,759.9394619496663,198.97320985000115,110.05783213706243,614.5467839377267,50.88443983759199
2026-02-21 22:00:00+00:00,85.89006,1638.86,1855.36,797.88,167.04,124.96,571.45,45.89,475.9887373066772,1701.5711154874814,1903.7619045338247,740.4148739070489,114.09172879927756,127.78637768040014,605.313807804675,39.01738892214278,1055.4749002676917,3444.4520705886116,3041.457130428496,759.9394619496663,198.97320985000115,110.05783213706243,614.5467839377267,50.88443983759199,1055.4749002676917,3444.4520705886116,3041.457130428496,759.9394619496663,198.97320985000115,110.05783213706243,614.5467839377267,50.88443983759199
2026-02-21 23:00:00+00:00,73.91991,1589.65,1750.04,790.82,32.500004,132.62,617.55,45.98,301.11613949637456,1551.6080429759854,1738.0889682915472,732.9237540596902,50.58953327438877,128.0131441046516,640.9296630808122,40.04869913605337,1055.4749002676917,3444.4520705886116,3041.457130428496,759.9394619496663,198.97320985000115,110.05783213706243,614.5467839377267,50.88443983759199,1055.4749002676917,3444.4520705886116,3041.457130428496,759.9394619496663,198.97320985000115,110.05783213706243,614.5467839377267,50.88443983759199
2026-02-22 00:00:00+00:00,68.06993,1213.13,1569.15,790.14,4.283595e-06,132.68,591.82,45.98,238.3395856771274,1509.1961816971598,1426.7447418637187,733.9829223114618,9.762209167512168,144.13307486742025,633.7150111745946,40.29125019866357,1055.4749002676917,3444.4520705886116,3041.457130428496,759.9394619496663,198.97320985000115,110.05783213706243,614.5467839377267,50.88443983759199,1055.4749002676917,3444.4520705886116,3041.457130428496,759.9394619496663,198.97320985000115,110.05783213706243,614.5467839377267,50.88443983759199
2026-02-22 01:00:00+00:00,67.759995,1205.2999,1612.6,789.86,126.25,132.85,592.02,45.98,227.84779971202477,1277.5516370466198,1179.6334712046369,727.188713352974,4.862336403551154,144.06175725680106,635.2827738729169,39.21414008747385,1055.4749002676917,3444.4520705886116,3041.457130428496,759.9394619496663,198.97320985000115,110.05783213706243,614.5467839377267,50.88443983759199,1055.4749002676917,3444.4520705886116,3041.457130428496,759.9394619496663,198.97320985000115,110.05783213706243,614.5467839377267,50.88443983759199
2026-02-22 02:00:00+00:00,67.81999,1203.61,1509.4,789.86,4.283595e-06,133.56,597.96,45.98,157.67561118369053,1357.4391359942642,1070.3148208672217,725.2359472144032,-3.021238762002497,147.98570120237193,640.4151899571484,38.489206068883206,1055.4749002676917,3444.4520705886116,3041.457130428496,759.9394619496663,198.97320985000115,110.05783213706243,614.5467839377267,50.88443983759199,1055.4749002676917,3444.4520705886116,3041.457130428496,759.9394619496663,198.97320985000115,110.05783213706243,614.5467839377267,50.88443983759199
2026-02-22 03:00:00+00:00,69.16002,1214.16,1623.06,789.86,4.283595e-06,133.55,628.07,45.98,191.45442528173942,1325.2624548094427,1066.9154419770741,736.053355948564,1.1602889632615074,149.56322192567538,641.711867430267,38.778103703221106,1055.4749002676917,3444.4520705886116,3041.457130428496,759.9394619496663,198.97320985000115,110.05783213706243,614.5467839377267,50.88443983759199,1055.4749002676917,3444.4520705886116,3041.457130428496,759.9394619496663,198.97320985000115,110.05783213706243,614.5467839377267,50.88443983759199
2026-02-22 04:00:00+00:00,70.10002,1204.0299,1608.87,789.98,4.283595e-06,133.53,658.2,45.98,225.4597510416986,1466.7921986246295,1149.757842414585,737.7691971957175,11.635972560022537,150.2795288404492,640.269733799805,39.6153299939884,1055.4749002676917,3444.4520705886116,3041.457130428496,759.9394619496663,198.97320985000115,110.05783213706243,614.5467839377267,50.88443983759199,1055.4749002676917,3444.4520705886116,3041.457130428496,759.9394619496663,198.97320985000115,110.05783213706243,614.5467839377267,50.88443983759199
2026-02-22 05:00:00+00:00,70.729965,1205.7699,1530.54,792.43,4.283595e-06,132.75,625.0,45.98,165.24132080286245,1502.6816141311676,1075.9237390318465,733.1623936718618,86.02913924919086,151.6575314367612,659.4440709771592,40.44072276224886,1055.4749002676917,3444.4520705886116,3041.457130428496,759.9394619496663,198.97320985000115,110.05783213706243,614.5467839377267,50.88443983759199,1055.4749002676917,3444.4520705886116,3041.457130428496,759.9394619496663,198.97320985000115,110.05783213706243,614.5467839377267,50.88443983759199
2026-02-22 06:00:00+00:00,74.17998,1214.9,1560.98,795.67,4.283595e-06,131.63,611.36,49.39,127.36149706762274,1455.7846926364587,947.750433768841,707.3712412882994,103.2002301946308,120.97593073239176,616.3782768065774,48.067302253913894,1055.4749002676917,3444.4520705886116,3041.457130428496,759.9394619496663,198.97320985000115,110.05783213706243,614.5467839377267,50.88443983759199,1055.4749002676917,3444.4520705886116,3041.457130428496,759.9394619496663,198.97320985000115,110.05783213706243,614.5467839377267,50.88443983759199
2026-02-22 07:00:00+00:00,75.75993,1203.88,1518.9,797.85,4.283595e-06,131.17,620.35,50.52,101.1740701743438,1412.4461445063766,1007.2067223798406,733.6201935589737,110.48998397265174,110.86294042351581,573.4695857403098,47.07655217980044,1055.4749002676917,3444.4520705886116,3041.457130428496,759.9394619496663,198.97320985000115,110.05783213706243,614.5467839377267,50.88443983759199,1055.4749002676917,3444.4520705886116,3041.457130428496,759.9394619496663,198.97320985000115,110.05783213706243,614.5467839377267,50.88443983759199
2026-02-22 08:00:00+00:00,78.189926,1200.4,1539.21,797.85,4.283595e-06,131.24,576.09,50.52,121.10714539783248,1298.2468374605392,1195.4692140295554,742.4874233575586,150.43236807929839,106.77661777916349,595.4003525668434,47.81066361849443,1055.4749002676917,3444.4520705886116,3041.457130428496,759.9394619496663,198.97320985000115,110.05783213706243,614.5467839377267,50.88443983759199,1055.4749002676917,3444.4520705886116,3041.457130428496,759.9394619496663,198.97320985000115,110.05783213706243,614.5467839377267,50.88443983759199
2026-02-22 09:00:00+00:00,77.22002,1202.0099,1555.55,797.26,4.283595e-06,131.88,595.24,50.52,60.578878495449544,1340.5574421569277,1102.5751930971046,725.4040518058137,190.98211493495526,110.02630534574641,585.5203146955096,46.749864406769404,1055.4749002676917,3444.4520705886116,3041.457130428496,759.9394619496663,198.97320985000115,110.05783213706243,614.5467839377267,50.88443983759199,1055.4749002676917,3444.4520705886116,3041.457130428496,759.9394619496663,198.97320985000115,110.05783213706243,614.5467839377267,50.88443983759199
2026-02-22 10:00:00+00:00,75.199936,1207.0599,1517.51,797.26,34.789997,132.89,565.37,50.52,5.6407520845725685,1224.9075116045988,868.8511313725144,707.6153930544735,233.26392976613954,97.6238293351844,583.0238930312888,46.673263378683544,1055.4749002676917,3444.4520705886116,3041.457130428496,759.9394619496663,198.97320985000115,110.05783213706243,614.5467839377267,50.88443983759199,1055.4749002676917,3444.4520705886116,3041.457130428496,759.9394619496663,198.97320985000115,110.05783213706243,614.5467839377267,50.88443983759199
2026-02-22 11:00:00+00:00,75.40001,1220.7198,1395.05,796.99,4.283595e-06,133.13,592.82,50.52,31.790117319552678,1145.039288374673,958.8868636145385,703.9419737657317,133.06365887811194,106.0791998145014,576.241408364843,46.868801797102726,1055.4749002676917,3444.4520705886116,3041.457130428496,759.9394619496663,198.97320985000115,110.05783213706243,614.5467839377267,50.88443983759199,1055.4749002676917,3444.4520705886116,3041.457130428496,759.9394619496663,198.97320985000115,110.05783213706243,614.5467839377267,50.88443983759199
2026-02-22 12:00:00+00:00,73.259995,1231.2599,1389.37,796.17,4.283595e-06,132.23,614.9,44.92,24.709491874465357,1159.8025983009916,848.5533163568498,708.1287062340036,144.68078349057984,111.06816054891563,583.267308842379,48.36778578269753,1055.4749002676917,3444.4520705886116,3041.457130428496,759.9394619496663,198.97320985000115,110.05783213706243,614.5467839377267,50.88443983759199,1055.4749002676917,3444.4520705886116,3041.457130428496,759.9394619496663,198.97320985000115,110.05783213706243,614.5467839377267,50.88443983759199
2026-02-22 13:00:00+00:00,71.86998,1211.32,1386.56,796.17,4.283595e-06,131.91,612.73,44.92,39.14125719468632,1203.1032994012617,935.4029406873569,709.5627095695385,154.61535115272406,113.57748035301543,553.2483548879386,45.43229077361766,1055.4749002676917,3444.4520705886116,3041.457130428496,759.9394619496663,198.97320985000115,110.05783213706243,614.5467839377267,50.88443983759199,1055.4749002676917,3444.4520705886116,3041.457130428496,759.9394619496663,198.97320985000115,110.05783213706243,614.5467839377267,50.88443983759199
2026-02-22 14:00:00+00:00,71.77995,1174.85,1382.03,796.17,23.069996,131.45,601.31,44.92,78.73242576085238,1315.9132995307195,959.9816955063957,716.5520309616387,203.02673787217188,114.84923991482243,557.1162572425425,45.89581427738005,1055.4749002676917,3444.4520705886116,3041.457130428496,759.9394619496663,198.97320985000115,110.05783213706243,614.5467839377267,50.88443983759199,1055.4749002676917,3444.4520705886116,3041.457130428496,759.9394619496663,198.97320985000115,110.05783213706243,614.5467839377267,50.88443983759199
2026-02-22 15:00:00+00:00,72.489914,1176.7399,1420.07,796.17,17.50002,131.45,564.97,49.73,125.24417320459418,1458.5700930158353,1186.6575661314062,748.75529158052,381.1917177965594,115.3825314226246,580.2749670367148,46.1087805083519,1055.4749002676917,3444.4520705886116,3041.457130428496,759.9394619496663,198.97320985000115,110.05783213706243,614.5467839377267,50.88443983759199,1055.4749002676917,3444.4520705886116,3041.457130428496,759.9394619496663,198.97320985000115,110.05783213706243,614.5467839377267,50.88443983759199
2026-02-22 16:00:00+00:00,73.46001,1179.2499,1667.42,796.89,646.18,137.14,565.98,49.73,170.36068370574026,1630.170433982533,1548.831457117355,821.2987417667729,682.97837067812,122.39387204086876,585.7820364555422,45.91662371745124,1055.4749002676917,3444.4520705886116,3041.457130428496,759.9394619496663,198.97320985000115,110.05783213706243,614.5467839377267,50.88443983759199,1055.4749002676917,3444.4520705886116,3041.457130428496,759.9394619496663,198.97320985000115,110.05783213706243,614.5467839377267,50.88443983759199
2026-02-22 17:00:00+00:00,73.62999,1172.09,1832.0,797.53,995.26,135.76,551.64,49.73,343.13526370523664,1826.2731832416441,1986.9826972640165,809.0780522524237,513.1481640858187,147.51137341970636,626.2204467576088,38.468784265174975,1055.4749002676917,3444.4520705886116,3041.457130428496,759.9394619496663,198.97320985000115,110.05783213706243,614.5467839377267,50.88443983759199,1055.4749002676917,3444.4520705886116,3041.457130428496,759.9394619496663,198.97320985000115,110.05783213706243,614.5467839377267,50.88443983759199
2026-02-22 18:00:00+00:00,72.44005,1160.6898,1669.98,797.53,1344.34,136.16,583.8,49.73,346.56587775394405,2011.5380065651977,2167.85383577976,807.9523680220211,227.11064836688976,152.37596337935736,586.2235116115454,39.043702904804604,1055.4749002676917,3444.4520705886116,3041.457130428496,759.9394619496663,198.97320985000115,110.05783213706243,614.5467839377267,50.88443983759199,1055.4749002676917,3444.4520705886116,3041.457130428496,759.9394619496663,198.97320985000115,110.05783213706243,614.5467839377267,50.88443983759199
2026-02-22 19:00:00+00:00,71.790085,1170.15,1650.95,797.53,572.51,135.76,573.39,49.73,300.8892110894607,1713.8644400434196,2168.0467061694353,793.3610794046273,70.43327925224295,150.78721761387146,631.4203743490434,38.57558529224823,1055.4749002676917,3444.4520705886116,3041.457130428496,759.9394619496663,198.97320985000115,110.05783213706243,614.5467839377267,50.88443983759199,1055.4749002676917,3444.4520705886116,3041.457130428496,759.9394619496663,198.97320985000115,110.05783213706243,614.5467839377267,50.88443983759199
2026-02-22 20:00:00+00:00,71.81999,1152.7999,1667.99,797.53,141.0,130.99,611.93,49.73,385.7973483176846,1924.664587971855,2123.7852104995172,776.6526388199309,76.81844256876826,145.23873468617327,621.1573350973302,38.43791281056908,1055.4749002676917,3444.4520705886116,3041.457130428496,759.9394619496663,198.97320985000115,110.05783213706243,614.5467839377267,50.88443983759199,1055.4749002676917,3444.4520705886116,3041.457130428496,759.9394619496663,198.97320985000115,110.05783213706243,614.5467839377267,50.88443983759199
2026-02-22 21:00:00+00:00,71.41002,1147.82,1636.71,795.4,186.33,131.35,622.8,49.73,366.7940086136731,1686.9406926515423,2137.5558080921364,748.925674985621,42.04694399954394,148.77186317907098,617.5397835778208,38.23552099475242,1055.4749002676917,3444.4520705886116,3041.457130428496,759.9394619496663,198.97320985000115,110.05783213706243,614.5467839377267,50.88443983759199,1055.4749002676917,3444.4520705886116,3041.457130428496,759.9394619496663,198.97320985000115,110.05783213706243,614.5467839377267,50.88443983759199
2026-02-22 22:00:00+00:00,66.250046,1132.2599,1328.15,794.16,4.283595e-06,132.65,612.27,49.73,313.3625640692775,1703.5890438813547,1660.8755135890729,727.0038270936356,9.202367454926389,147.33503050137568,620.2889168530555,38.76614133761828,1055.4749002676917,3444.4520705886116,3041.457130428496,759.9394619496663,198.97320985000115,110.05783213706243,614.5467839377267,50.88443983759199,1055.4749002676917,3444.4520705886116,3041.457130428496,759.9394619496663,198.97320985000115,110.05783213706243,614.5467839377267,50.88443983759199
2026-02-22 23:00:00+00:00,102.270004,1151.2198,1261.06,789.69,37.039997,130.84,598.06,46.92,288.8627143622841,1284.8108813758477,1532.8142140507034,724.7654130109319,4.93973273370716,152.55788417708573,612.4859061356101,38.15496441982553,1055.4749002676917,3444.4520705886116,3041.457130428496,759.9394619496663,198.97320985000115,110.05783213706243,614.5467839377267,50.88443983759199,1055.4749002676917,3444.4520705886116,3041.457130428496,759.9394619496663,198.97320985000115,110.05783213706243,614.5467839377267,50.88443983759199
2026-02-23 00:00:00+00:00,195.47008,1128.91,1271.62,786.2,75.72,131.11,605.39,46.92,311.7366866182748,1456.5134793311877,1472.7403530785834,701.6282996419224,22.98889516926306,150.4307697311358,648.8043461007668,38.45995266421409,1055.4749002676917,3444.4520705886116,3041.457130428496,759.9394619496663,198.97320985000115,110.05783213706243,614.5467839377267,50.88443983759199,1055.4749002676917,3444.4520705886116,3041.457130428496,759.9394619496663,198.97320985000115,110.05783213706243,614.5467839377267,50.88443983759199
2026-02-23 01:00:00+00:00,373.82,1152.5399,1224.28,785.92,4.283595e-06,132.18,609.24,50.89,357.1308662589578,1367.0128389390998,1253.2970279999554,708.0019647155434,32.57379038398031,150.12101491936426,610.0393318664386,38.87527604524226,1055.4749002676917,3444.4520705886116,3041.457130428496,759.9394619496663,198.97320985000115,110.05783213706243,614.5467839377267,50.88443983759199,1055.4749002676917,3444.4520705886116,3041.457130428496,759.9394619496663,198.97320985000115,110.05783213706243,614.5467839377267,50.88443983759199
2026-02-23 02:00:00+00:00,473.62,1143.1898,1222.08,785.92,2.9700055,129.4,644.56,52.22,365.58752284896093,1368.2806832928968,1333.881786226994,716.882711458726,24.52916864116989,149.2880132720194,587.0714036213698,38.592827599181334,1055.4749002676917,3444.4520705886116,3041.457130428496,759.9394619496663,198.97320985000115,110.05783213706243,614.5467839377267,50.88443983759199,1055.4749002676917,3444.4520705886116,3041.457130428496,759.9394619496663,198.97320985000115,110.05783213706243,614.5467839377267,50.88443983759199
2026-02-23 03:00:00+00:00,490.67004,1141.13,1232.91,785.92,12.499989,129.71,663.12,52.22,426.663381461492,1576.0644287575176,1669.1214158093965,733.4082504939917,44.872548649516176,147.39458095040055,640.2179475841325,37.77386076331847,1055.4749002676917,3444.4520705886116,3041.457130428496,759.9394619496663,198.97320985000115,110.05783213706243,614.5467839377267,50.88443983759199,1055.4749002676917,3444.4520705886116,3041.457130428496,759.9394619496663,198.97320985000115,110.05783213706243,614.5467839377267,50.88443983759199
2026-02-23 04:00:00+00:00,490.78003,1144.59,1394.58,785.92,13.48,130.62,616.35,52.22,486.41115035842995,1829.9585781024457,2279.934651793804,753.7351798212359,57.22861465157135,126.71763890955658,600.3883505118328,37.60676340481053,1055.4749002676917,3444.4520705886116,3041.457130428496,759.9394619496663,198.97320985000115,110.05783213706243,614.5467839377267,50.88443983759199,1055.4749002676917,3444.4520705886116,3041.457130428496,759.9394619496663,198.97320985000115,110.05783213706243,614.5467839377267,50.88443983759199
2026-02-23 05:00:00+00:00,670.55,1424.3699,1799.42,788.24,4.283595e-06,131.72,594.1,52.22,736.0133941317915,2273.428630756842,2556.770498735487,791.1062829657498,77.52874020468843,131.01432348117265,548.0660242984263,37.65681800568899,1055.4749002676917,3444.4520705886116,3041.457130428496,759.9394619496663,198.97320985000115,110.05783213706243,614.5467839377267,50.88443983759199,1055.4749002676917,3444.4520705886116,3041.457130428496,759.9394619496663,198.97320985000115,110.05783213706243,614.5467839377267,50.88443983759199
2026-02-23 06:00:00+00:00,844.18,1669.3899,1959.77,791.48,392.55,132.05,531.38,52.22,705.6363625319932,2297.087724676717,2567.751159507524,844.906904087602,436.0978651790829,103.49431720396514,539.2345351987032,47.62939177864286,1055.4749002676917,3444.4520705886116,3041.457130428496,759.9394619496663,198.97320985000115,110.05783213706243,614.5467839377267,50.88443983759199,1055.4749002676917,3444.4520705886116,3041.457130428496,759.9394619496663,198.97320985000115,110.05783213706243,614.5467839377267,50.88443983759199
2026-02-23 07:00:00+00:00,794.22,1921.15,2048.78,792.92,1138.82,132.49,538.2,52.22,662.2392830837305,2489.845387789176,2304.310053549818,843.478890188159,389.1787776155686,105.97639871888276,534.3132394441457,48.27342631124093,1055.4749002676917,3444.4520705886116,3041.457130428496,759.9394619496663,198.97320985000115,110.05783213706243,614.5467839377267,50.88443983759199,1055.4749002676917,3444.4520705886116,3041.457130428496,759.9394619496663,198.97320985000115,110.05783213706243,614.5467839377267,50.88443983759199
2026-02-23 08:00:00+00:00,735.22,1780.1,2028.8499,792.92,756.37,132.49,616.11,52.22,528.5999693768395,2403.764616501935,2612.7183963122056,796.4131226106706,254.55159732626146,102.88327659902569,539.011771521727,50.09357732398872,1055.4749002676917,3444.4520705886116,3041.457130428496,759.9394619496663,198.97320985000115,110.05783213706243,614.5467839377267,50.88443983759199,1055.4749002676917,3444.4520705886116,3041.457130428496,759.9394619496663,198.97320985000115,110.05783213706243,614.5467839377267,50.88443983759199
2026-02-23 09:00:00+00:00,435.56,1275.41,1728.8,792.34,66.66001,132.49,613.67,52.22,454.0988600298326,1926.1955426680106,2445.7974662108045,731.7271995508561,124.84532000140113,119.22371326634898,526.0270413123212,39.562694523306064,1055.4749002676917,3444.4520705886116,3041.457130428496,759.9394619496663,198.97320985000115,110.05783213706243,614.5467839377267,50.88443983759199,1055.4749002676917,3444.4520705886116,3041.457130428496,759.9394619496663,198.97320985000115,110.05783213706243,614.5467839377267,50.88443983759199
2026-02-23 10:00:00+00:00,342.98004,1181.2499,1518.82,792.34,83.84,131.79,554.25,52.22,330.9144553962915,1387.2439308811736,2472.1808869787237,698.8741959225244,125.39824660895667,118.88071659075617,522.8778958970196,38.255086561286795,1055.4749002676917,3444.4520705886116,3041.457130428496,759.9394619496663,198.97320985000115,110.05783213706243,614.5467839377267,50.88443983759199,1055.4749002676917,3444.4520705886116,3041.457130428496,759.9394619496663,198.97320985000115,110.05783213706243,614.5467839377267,50.88443983759199
2026-02-23 11:00:00+00:00,340.24,1143.2399,1497.13,792.34,96.39,132.0,606.25,49.03,271.22748615505725,1331.3658645175806,1984.9324889726238,665.5020410886866,97.43045797525046,113.63918490234948,498.2551536974217,41.27780834658866,1055.4749002676917,3444.4520705886116,3041.457130428496,759.9394619496663,198.97320985000115,110.05783213706243,614.5467839377267,50.88443983759199,1055.4749002676917,3444.4520705886116,3041.457130428496,759.9394619496663,198.97320985000115,110.05783213706243,614.5467839377267,50.88443983759199
2026-02-23 12:00:00+00:00,345.19,1182.0499,1475.76,792.34,4.283595e-06,132.49,602.8,47.96,197.85465828795486,1316.8982128150478,1778.9773973741649,664.9278852715132,77.91980913492169,114.25924578831088,496.66651716005293,41.261271888124526,1055.4749002676917,3444.4520705886116,3041.457130428496,759.9394619496663,198.97320985000115,110.05783213706243,614.5467839377267,50.88443983759199,1055.4749002676917,3444.4520705886116,3041.457130428496,759.9394619496663,198.97320985000115,110.05783213706243,614.5467839377267,50.88443983759199
2026-02-23 13:00:00+00:00,363.97003,1203.38,1468.66,792.34,4.283595e-06,132.49,579.96,47.96,295.63086286473344,1392.912701933119,1413.6668323686788,661.2798512269691,50.24559496935203,105.23775616477504,490.07517959043344,41.07712317386634,1055.4749002676917,3444.4520705886116,3041.457130428496,759.9394619496663,198.97320985000115,110.05783213706243,614.5467839377267,50.88443983759199,1055.4749002676917,3444.4520705886116,3041.457130428496,759.9394619496663,198.97320985000115,110.05783213706243,614.5467839377267,50.88443983759199
2026-02-23 14:00:00+00:00,421.37,1457.05,1503.41,792.34,4.283595e-06,131.86,568.96,47.96,140.94652123441426,1395.2147794811985,1579.106502594411,701.9725998480759,218.68311576207554,108.04843624047331,520.4249663509883,47.413694508131734,1055.4749002676917,3444.4520705886116,3041.457130428496,759.9394619496663,198.97320985000115,110.05783213706243,614.5467839377267,50.88443983759199,1055.4749002676917,3444.4520705886116,3041.457130428496,759.9394619496663,198.97320985000115,110.05783213706243,614.5467839377267,50.88443983759199
2026-02-23 15:00:00+00:00,581.84,2439.87,1845.06,792.34,6.7399945,129.96,626.97,47.96,498.0332054626015,2119.9800634137973,2126.784481089462,786.5280709109712,400.29734152025753,105.62677189198403,552.2281163814628,50.2680188288523,1055.4749002676917,3444.4520705886116,3041.457130428496,759.9394619496663,198.97320985000115,110.05783213706243,614.5467839377267,50.88443983759199,1055.4749002676917,3444.4520705886116,3041.457130428496,759.9394619496663,198.97320985000115,110.05783213706243,614.5467839377267,50.88443983759199
2026-02-23 16:00:00+00:00,902.13,3195.64,1926.45,793.51,18.679981,129.91,625.33,47.96,663.2617287710882,2647.9397535825624,2777.031323533154,838.8003635751908,452.31841846056705,109.0060220109989,543.4805539054389,47.79887201386735,1055.4749002676917,3444.4520705886116,3041.457130428496,759.9394619496663,198.97320985000115,110.05783213706243,614.5467839377267,50.88443983759199,1055.4749002676917,3444.4520705886116,3041.457130428496,759.9394619496663,198.97320985000115,110.05783213706243,614.5467839377267,50.88443983759199
2026-02-23 17:00:00+00:00,912.4,3602.29,2170.72,794.16,196.71,132.56,617.68,47.96,947.1835325545654,2857.739548854187,3513.2392448426162,794.1066397528216,479.2872156351077,146.8198150507271,566.8957446978723,39.10028913169638,1055.4749002676917,3444.4520705886116,3041.457130428496,759.9394619496663,198.97320985000115,110.05783213706243,614.5467839377267,50.88443983759199,1055.4749002676917,3444.4520705886116,3041.457130428496,759.9394619496663,198.97320985000115,110.05783213706243,614.5467839377267,50.88443983759199
2026-02-23 18:00:00+00:00,912.83,3598.72,2232.78,794.16,29.379993,132.7,618.35,47.96,865.3024993090227,2857.128764860102,3508.3306403524043,785.9584473960431,248.23283890024862,153.7086120451632,571.1420559297297,38.25372332701025,1055.4749002676917,3444.4520705886116,3041.457130428496,759.9394619496663,198.97320985000115,110.05783213706243,614.5467839377267,50.88443983759199,1055.4749002676917,3444.4520705886116,3041.457130428496,759.9394619496663,198.97320985000115,110.05783213706243,614.5467839377267,50.88443983759199
2026-02-23 19:00:00+00:00,845.12,3414.52,2024.65,794.16,9.789997,132.37,660.55,47.96,836.8333562072652,2586.797672211708,3055.8840274992885,789.0791734856034,88.31029894112619,152.30669238349884,588.4651798404648,39.63100714008475,1055.4749002676917,3444.4520705886116,3041.457130428496,759.9394619496663,198.97320985000115,110.05783213706243,614.5467839377267,50.88443983759199,1055.4749002676917,3444.4520705886116,3041.457130428496,759.9394619496663,198.97320985000115,110.05783213706243,614.5467839377267,50.88443983759199
2026-02-23 20:00:00+00:00,822.26,3343.26,2178.29,794.16,3.5000043,129.07,665.48,47.96,613.7061411984096,2580.166865968349,3419.00931148178,788.5075539762491,61.37722561540869,151.17801466011076,616.2803465776686,39.435478319295015,1055.4749002676917,3444.4520705886116,3041.457130428496,759.9394619496663,198.97320985000115,110.05783213706243,614.5467839377267,50.88443983759199,1055.4749002676917,3444.4520705886116,3041.457130428496,759.9394619496663,198.97320985000115,110.05783213706243,614.5467839377267,50.88443983759199
2026-02-23 21:00:00+00:00,817.16,3448.11,2155.57,792.85,29.780003,129.18,627.71,47.96,771.706630818273,2489.8736922336852,2813.6374465260756,780.439730216701,78.73701699852771,149.88643862322232,599.4570319381529,38.3993764935266,1055.4749002676917,3444.4520705886116,3041.457130428496,759.9394619496663,198.97320985000115,110.05783213706243,614.5467839377267,50.88443983759199,1055.4749002676917,3444.4520705886116,3041.457130428496,759.9394619496663,198.97320985000115,110.05783213706243,614.5467839377267,50.88443983759199
2026-02-23 22:00:00+00:00,791.87,3451.92,2117.25,792.06,4.283595e-06,129.51,630.24,47.96,822.2169970603094,2477.642811371711,2643.9512212758264,760.365031868443,33.370052530883754,146.0789828087905,601.6880136196165,39.40057420426554,1055.4749002676917,3444.4520705886116,3041.457130428496,759.9394619496663,198.97320985000115,110.05783213706243,614.5467839377267,50.88443983759199,1055.4749002676917,3444.4520705886116,3041.457130428496,759.9394619496663,198.97320985000115,110.05783213706243,614.5467839377267,50.88443983759199
2026-02-23 23:00:00+00:00,781.3,3800.94,2165.66,786.93,86.25,129.07,690.55,50.54,881.2043170296562,2449.3688190053963,2971.8513763629594,742.2235962613979,1.854470815261294,129.86550982896398,627.4517788719626,38.63722785403738,1055.4749002676917,3444.4520705886116,3041.457130428496,759.9394619496663,198.97320985000115,110.05783213706243,614.5467839377267,50.88443983759199,1055.4749002676917,3444.4520705886116,3041.457130428496,759.9394619496663,198.97320985000115,110.05783213706243,614.5467839377267,50.88443983759199
2026-02-24 00:00:00+00:00,782.87,3943.61,2262.74,786.64,191.17,129.23,654.61,50.54,864.3082576033175,3163.517529610749,3573.411729045082,731.5118336689956,-3.976441045188892,147.87868114436614,618.6174820504791,38.23342380165785,1055.4749002676917,3444.4520705886116,3041.457130428496,759.9394619496663,198.97320985000115,110.05783213706243,614.5467839377267,50.88443983759199,1055.4749002676917,3444.4520705886116,3041.457130428496,759.9394619496663,198.97320985000115,110.05783213706243,614.5467839377267,50.88443983759199
2026-02-24 01:00:00+00:00,775.58,4099.55,2451.55,786.35,152.92,129.61,642.21,50.54,1159.2608662935838,3611.255430143447,4183.404687288028,743.0232450148092,7.8323243504849245,144.5031582466185,624.1269106036792,37.18408982864318,1055.4749002676917,3444.4520705886116,3041.457130428496,759.9394619496663,198.97320985000115,110.05783213706243,614.5467839377267,50.88443983759199,1055.4749002676917,3444.4520705886116,3041.457130428496,759.9394619496663,198.97320985000115,110.05783213706243,614.5467839377267,50.88443983759199
2026-02-24 02:00:00+00:00,928.26,4114.23,2982.22,786.35,39.170002,129.17,641.28,50.54,1457.8721636130958,3699.86980789375,4849.113309595029,760.7069686949989,-22.735322677828265,128.50597604889572,621.4124496669663,37.735486036895644,1055.4749002676917,3444.4520705886116,3041.457130428496,759.9394619496663,198.97320985000115,110.05783213706243,614.5467839377267,50.88443983759199,1055.4749002676917,3444.4520705886116,3041.457130428496,759.9394619496663,198.97320985000115,110.05783213706243,614.5467839377267,50.88443983759199
2026-02-24 03:00:00+00:00,1135.87,4115.69,4220.28,786.35,38.879993,129.28,642.85,50.54,1683.8261368533272,4326.058017846357,4911.829838205394,782.5037659499255,-3.2207414556957303,128.20952631588136,604.1664979752967,37.729923395215934,1055.4749002676917,3444.4520705886116,3041.457130428496,759.9394619496663,198.97320985000115,110.05783213706243,614.5467839377267,50.88443983759199,1055.4749002676917,3444.4520705886116,3041.457130428496,759.9394619496663,198.97320985000115,110.05783213706243,614.5467839377267,50.88443983759199
2026-02-24 04:00:00+00:00,1519.25,4107.45,4785.96,786.35,39.170002,129.61,657.54,50.54,2077.7927805771915,4497.572547874696,5039.62035575205,782.8835049477276,38.49309992801446,127.12693043685782,607.3570559188913,37.504502105881514,1055.4749002676917,3444.4520705886116,3041.457130428496,759.9394619496663,198.97320985000115,110.05783213706243,614.5467839377267,50.88443983759199,1055.4749002676917,3444.4520705886116,3041.457130428496,759.9394619496663,198.97320985000115,110.05783213706243,614.5467839377267,50.88443983759199
2026-02-24 05:00:00+00:00,2082.92,4615.33,6048.65,788.68,118.55,129.87,590.88,50.54,2449.7639882171375,4227.84675845806,6274.220383018408,798.238948043679,147.50548740962785,131.92339860576965,595.2187855928605,40.539940915448284,1055.4749002676917,3444.4520705886116,3041.457130428496,759.9394619496663,198.97320985000115,110.05783213706243,614.5467839377267,50.88443983759199,1055.4749002676917,3444.4520705886116,3041.457130428496,759.9394619496663,198.97320985000115,110.05783213706243,614.5467839377267,50.88443983759199
2026-02-24 06:00:00+00:00,2364.64,5098.8,6670.7,791.92,1010.49,129.87,640.21,50.54,2090.147773489178,5054.701260618828,6671.984309671005,873.2187962802661,643.795644611381,98.88085410593568,580.9160899504902,49.01041191868336,1055.4749002676917,3444.4520705886116,3041.457130428496,759.9394619496663,198.97320985000115,110.05783213706243,614.5467839377267,50.88443983759199,1055.4749002676917,3444.4520705886116,3041.457130428496,759.9394619496663,198.97320985000115,110.05783213706243,614.5467839377267,50.88443983759199
2026-02-24 07:00:00+00:00,2446.12,5364.91,6689.89,793.36,789.77,129.87,679.55,50.54,2265.749503300902,4975.21448430147,7314.968916564385,878.1032658450252,646.8206278266961,101.44427295516114,578.7765983979499,46.35920239705325,1055.4749002676917,3444.4520705886116,3041.457130428496,759.9394619496663,198.97320985000115,110.05783213706243,614.5467839377267,50.88443983759199,1055.4749002676917,3444.4520705886116,3041.457130428496,759.9394619496663,198.97320985000115,110.05783213706243,614.5467839377267,50.88443983759199
2026-02-24 08:00:00+00:00,2432.18,5398.76,6898.76,793.36,569.05,129.92,633.22,50.54,2072.0702991685994,4815.959341525191,7238.600601154616,847.6983432759208,429.22513986451156,100.4499781563497,581.5444021001613,46.316171876782626,1055.4749002676917,3444.4520705886116,3041.457130428496,759.9394619496663,198.97320985000115,110.05783213706243,614.5467839377267,50.88443983759199,1055.4749002676917,3444.4520705886116,3041.457130428496,759.9394619496663,198.97320985000115,110.05783213706243,614.5467839377267,50.88443983759199
2026-02-24 09:00:00+00:00,2380.1,5412.11,6998.26,792.77,19.59,129.97,621.35,50.54,2359.5810715477432,4693.517306852383,7330.140522305923,800.0652757944301,300.32097662595925,95.40521375985898,566.0674467086027,45.93463591404708,1055.4749002676917,3444.4520705886116,3041.457130428496,759.9394619496663,198.97320985000115,110.05783213706243,614.5467839377267,50.88443983759199,1055.4749002676917,3444.4520705886116,3041.457130428496,759.9394619496663,198.97320985000115,110.05783213706243,614.5467839377267,50.88443983759199
2026-02-24 10:00:00+00:00,2177.69,5438.01,6707.74,792.77,108.75,129.97,539.3,50.54,2258.9332751305947,4753.258874545831,6819.713787465928,778.3478260719107,212.27442913639914,95.73964716360605,590.4722485731796,47.28613940968713,1055.4749002676917,3444.4520705886116,3041.457130428496,759.9394619496663,198.97320985000115,110.05783213706243,614.5467839377267,50.88443983759199,1055.4749002676917,3444.4520705886116,3041.457130428496,759.9394619496663,198.97320985000115,110.05783213706243,614.5467839377267,50.88443983759199
2026-02-24 11:00:00+00:00,2037.15,5397.17,6508.97,792.77,4.283595e-06,130.1,535.64,50.54,1920.6941475100111,4958.363011989472,6692.0063120227815,755.0879291121697,69.89809062585448,94.00263851617997,564.4042869614273,49.87280899273205,1055.4749002676917,3444.4520705886116,3041.457130428496,759.9394619496663,198.97320985000115,110.05783213706243,614.5467839377267,50.88443983759199,1055.4749002676917,3444.4520705886116,3041.457130428496,759.9394619496663,198.97320985000115,110.05783213706243,614.5467839377267,50.88443983759199
2026-02-24 12:00:00+00:00,2146.38,5385.06,6601.71,792.77,31.500004,129.97,544.71,50.54,1808.2461312512667,4919.137798074842,6674.592062302439,747.9273232427777,75.2028033788534,102.24885959332087,574.2361112690489,48.033163906188676,1055.4749002676917,3444.4520705886116,3041.457130428496,759.9394619496663,198.97320985000115,110.05783213706243,614.5467839377267,50.88443983759199,1055.4749002676917,3444.4520705886116,3041.457130428496,759.9394619496663,198.97320985000115,110.05783213706243,614.5467839377267,50.88443983759199
2026-02-24 13:00:00+00:00,2161.86,5385.37,6669.72,792.77,4.283595e-06,129.97,543.22,50.54,1772.171167662831,4991.191857927235,6649.723497969759,740.2606223693255,90.38546789393665,96.04561627981944,586.8447020418824,47.768356675578126,1055.4749002676917,3444.4520705886116,3041.457130428496,759.9394619496663,198.97320985000115,110.05783213706243,614.5467839377267,50.88443983759199,1055.4749002676917,3444.4520705886116,3041.457130428496,759.9394619496663,198.97320985000115,110.05783213706243,614.5467839377267,50.88443983759199
2026-02-24 14:00:00+00:00,2305.85,5409.68,6800.41,792.77,188.13,129.97,579.32,50.54,1905.1435526864375,5031.947558339988,6503.485648235994,786.1948156258475,186.7253022420338,94.39721695608443,602.9644986642649,48.084912803739236,1055.4749002676917,3444.4520705886116,3041.457130428496,759.9394619496663,198.97320985000115,110.05783213706243,614.5467839377267,50.88443983759199,1055.4749002676917,3444.4520705886116,3041.457130428496,759.9394619496663,198.97320985000115,110.05783213706243,614.5467839377267,50.88443983759199
2026-02-24 15:00:00+00:00,2437.85,5733.15,6872.7,792.77,282.67,129.97,602.47,50.54,1831.4463140087673,5041.292300075545,7036.3023494719055,864.3712510425515,627.5250781705969,95.2696334268084,616.4013920595276,49.19275820894163,1055.4749002676917,3444.4520705886116,3041.457130428496,759.9394619496663,198.97320985000115,110.05783213706243,614.5467839377267,50.88443983759199,1055.4749002676917,3444.4520705886116,3041.457130428496,759.9394619496663,198.97320985000115,110.05783213706243,614.5467839377267,50.88443983759199
2026-02-24 16:00:00+00:00,2394.35,5793.46,7407.0,793.94,1187.04,130.35,614.07,50.54,1888.732029967788,5395.225004858612,7082.287736015784,911.2510212670772,1071.2989301257744,100.61875400876792,640.7891536699548,49.26855787036602,1055.4749002676917,3444.4520705886116,3041.457130428496,759.9394619496663,198.97320985000115,110.05783213706243,614.5467839377267,50.88443983759199,1055.4749002676917,3444.4520705886116,3041.457130428496,759.9394619496663,198.97320985000115,110.05783213706243,614.5467839377267,50.88443983759199
2026-02-24 17:00:00+00:00,2426.45,5787.29,7771.12,794.59,1126.8551,129.97,661.66,50.54,2128.335095090216,5237.321253764225,7162.327327601117,826.869147566771,912.0240149849049,143.44097983541508,685.1292269975609,52.536269828544626,1055.4749002676917,3444.4520705886116,3041.457130428496,759.9394619496663,198.97320985000115,110.05783213706243,614.5467839377267,50.88443983759199,1055.4749002676917,3444.4520705886116,3041.457130428496,759.9394619496663,198.97320985000115,110.05783213706243,614.5467839377267,50.88443983759199
2026-02-24 18:00:00+00:00,2427.43,5799.79,7352.69,794.59,1066.6702,130.1,635.66,50.54,2573.6934010862947,5232.480006301421,7448.29457924175,813.5459682177546,625.325815149679,134.42890897582055,675.8681490075832,36.552963981940024,1055.4749002676917,3444.4520705886116,3041.457130428496,759.9394619496663,198.97320985000115,110.05783213706243,614.5467839377267,50.88443983759199,1055.4749002676917,3444.4520705886116,3041.457130428496,759.9394619496663,198.97320985000115,110.05783213706243,614.5467839377267,50.88443983759199
2026-02-24 19:00:00+00:00,2360.31,5519.45,6951.17,794.59,456.3,129.97,639.6,50.54,2501.738443132639,4965.154500598128,7138.71692295954,796.9602980225071,547.2699428949899,138.222918610057,639.9101790530796,37.78947009882629,1055.4749002676917,3444.4520705886116,3041.457130428496,759.9394619496663,198.97320985000115,110.05783213706243,614.5467839377267,50.88443983759199,1055.4749002676917,3444.4520705886116,3041.457130428496,759.9394619496663,198.97320985000115,110.05783213706243,614.5467839377267,50.88443983759199
2026-02-24 20:00:00+00:00,2089.98,5064.0,6907.08,794.59,337.05,129.27,627.86,50.54,2504.9549620452517,4890.6635502122535,6752.68531776665,788.7744465665512,201.32077740526063,138.88190947371993,640.0502993740673,38.37911997562685,1055.4749002676917,3444.4520705886116,3041.457130428496,759.9394619496663,198.97320985000115,110.05783213706243,614.5467839377267,50.88443983759199,1055.4749002676917,3444.4520705886116,3041.457130428496,759.9394619496663,198.97320985000115,110.05783213706243,614.5467839377267,50.88443983759199
2026-02-24 21:00:00+00:00,1876.9799,4790.3,6838.15,793.28,298.27,129.53,621.35,50.54,2471.231465581588,4825.65519990668,6722.95141299311,779.3429939266072,151.7824871536228,139.42204403196763,626.572858073394,39.13235399558402,1055.4749002676917,3444.4520705886116,3041.457130428496,759.9394619496663,198.97320985000115,110.05783213706243,614.5467839377267,50.88443983759199,1055.4749002676917,3444.4520705886116,3041.457130428496,759.9394619496663,198.97320985000115,110.05783213706243,614.5467839377267,50.88443983759199
2026-02-24 22:00:00+00:00,1835.54,4446.28,6513.65,792.49,188.13,130.28,585.09,50.54,2224.559558899053,4678.033281619916,6556.933022183204,773.4166505939746,72.53838656136517,136.60121888434495,613.0639921708447,40.4546611513416,1055.4749002676917,3444.4520705886116,3041.457130428496,759.9394619496663,198.97320985000115,110.05783213706243,614.5467839377267,50.88443983759199,1055.4749002676917,3444.4520705886116,3041.457130428496,759.9394619496663,198.97320985000115,110.05783213706243,614.5467839377267,50.88443983759199
2026-02-24 23:00:00+00:00,1834.03,4403.12,5660.51,787.04,29.379993,130.67,646.75,48.97,2080.7879282840368,4452.148503284864,5896.579959783267,784.3560173478525,17.612549223171726,129.70043494580835,602.718098116839,39.77637898814912,1055.4749002676917,3444.4520705886116,3041.457130428496,759.9394619496663,198.97320985000115,110.05783213706243,614.5467839377267,50.88443983759199,1055.4749002676917,3444.4520705886116,3041.457130428496,759.9394619496663,198.97320985000115,110.05783213706243,614.5467839377267,50.88443983759199
2026-02-25 00:00:00+00:00,1829.66,4402.7,5661.55,787.15,9.789997,130.93,617.34,48.97,1971.2444689216427,4631.377562763766,5655.807735372293,770.9067638885625,-8.930587683387643,139.42664590236166,596.2111251916941,41.03661233168816,1055.4749002676917,3444.4520705886116,3041.457130428496,759.9394619496663,198.97320985000115,110.05783213706243,614.5467839377267,50.88443983759199,1055.4749002676917,3444.4520705886116,3041.457130428496,759.9394619496663,198.97320985000115,110.05783213706243,614.5467839377267,50.88443983759199
2026-02-25 01:00:00+00:00,1830.08,4395.28,5636.95,786.86,4.283595e-06,131.68,596.76,48.97,1966.0548854941717,4435.070948288375,5653.318399601016,776.4024927576271,24.862043317077024,139.08146513737833,596.6240453690964,40.79008973270557,1055.4749002676917,3444.4520705886116,3041.457130428496,759.9394619496663,198.97320985000115,110.05783213706243,614.5467839377267,50.88443983759199,1055.4749002676917,3444.4520705886116,3041.457130428496,759.9394619496663,198.97320985000115,110.05783213706243,614.5467839377267,50.88443983759199
2026-02-25 02:00:00+00:00,1835.5,4391.06,5674.1,786.86,9.789997,130.59,574.41,48.97,1986.201687780905,4471.764629581346,5488.355002230057,773.8656248874654,-2.5716199181133277,136.28709085393604,577.2620588497198,40.92966879666719,1055.4749002676917,3444.4520705886116,3041.457130428496,759.9394619496663,198.97320985000115,110.05783213706243,614.5467839377267,50.88443983759199,1055.4749002676917,3444.4520705886116,3041.457130428496,759.9394619496663,198.97320985000115,110.05783213706243,614.5467839377267,50.88443983759199
2026-02-25 03:00:00+00:00,1836.27,4379.51,5684.57,786.86,61.670002,130.51,611.23,48.97,1951.9237146965138,4534.242526150825,5719.948819725212,774.681170620959,62.18486115826974,136.6305894677262,624.4265535955136,40.08263507266484,1055.4749002676917,3444.4520705886116,3041.457130428496,759.9394619496663,198.97320985000115,110.05783213706243,614.5467839377267,50.88443983759199,1055.4749002676917,3444.4520705886116,3041.457130428496,759.9394619496663,198.97320985000115,110.05783213706243,614.5467839377267,50.88443983759199
2026-02-25 04:00:00+00:00,1926.51,4327.09,5739.67,786.86,228.92,130.88,616.76,48.97,2112.01906713627,4649.696752296143,6356.424694831871,789.2803297787267,149.5521771448502,135.04242275170353,617.752593340414,39.13943883843971,1055.4749002676917,3444.4520705886116,3041.457130428496,759.9394619496663,198.97320985000115,110.05783213706243,614.5467839377267,50.88443983759199,1055.4749002676917,3444.4520705886116,3041.457130428496,759.9394619496663,198.97320985000115,110.05783213706243,614.5467839377267,50.88443983759199
2026-02-25 05:00:00+00:00,1892.4598,4244.51,6117.39,789.19,510.53,130.45,580.07,48.97,2549.2622961436036,4707.654388578534,6837.57783253148,792.316406064906,167.55880760148676,137.35577759686035,599.0378007222157,38.47582724864151,1055.4749002676917,3444.4520705886116,3041.457130428496,759.9394619496663,198.97320985000115,110.05783213706243,614.5467839377267,50.88443983759199,1055.4749002676917,3444.4520705886116,3041.457130428496,759.9394619496663,198.97320985000115,110.05783213706243,614.5467839377267,50.88443983759199
2026-02-25 06:00:00+00:00,1798.66,4262.94,6182.89,792.43,725.78,130.45,696.56,48.97,2118.110434128328,5029.124457711001,6680.015457174888,849.6178818669657,711.0840478033033,104.48421078843064,589.4370374109864,46.94560889672174,1055.4749002676917,3444.4520705886116,3041.457130428496,759.9394619496663,198.97320985000115,110.05783213706243,614.5467839377267,50.88443983759199,1055.4749002676917,3444.4520705886116,3041.457130428496,759.9394619496663,198.97320985000115,110.05783213706243,614.5467839377267,50.88443983759199
2026-02-25 07:00:00+00:00,1754.67,4302.95,5937.98,793.87,298.04,130.45,592.61,48.97,2151.671607714721,4867.388237450727,6304.801963584288,834.2536112795879,607.8116393804114,106.11542492129162,577.3544135686701,47.22654726564674,1055.4749002676917,3444.4520705886116,3041.457130428496,759.9394619496663,198.97320985000115,110.05783213706243,614.5467839377267,50.88443983759199,1055.4749002676917,3444.4520705886116,3041.457130428496,759.9394619496663,198.97320985000115,110.05783213706243,614.5467839377267,50.88443983759199
2026-02-25 08:00:00+00:00,1372.03,4313.55,5782.86,793.87,66.670006,130.45,541.15,48.97,2321.5134604361006,4913.319059498653,5716.495280311306,805.815845699936,140.9020175421232,107.00015547170088,582.898923125008,47.751233521321595,1055.4749002676917,3444.4520705886116,3041.457130428496,759.9394619496663,198.97320985000115,110.05783213706243,614.5467839377267,50.88443983759199,1055.4749002676917,3444.4520705886116,3041.457130428496,759.9394619496663,198.97320985000115,110.05783213706243,614.5467839377267,50.88443983759199
2026-02-25 09:00:00+00:00,979.54,4254.41,5236.83,793.28,66.670006,130.45,600.07,48.97,1998.4438716512595,4827.152293226676,4569.72211074726,775.6633760058015,49.52766173793006,108.76939592237339,608.0220190872079,49.485709600796845,1055.4749002676917,3444.4520705886116,3041.457130428496,759.9394619496663,198.97320985000115,110.05783213706243,614.5467839377267,50.88443983759199,1055.4749002676917,3444.4520705886116,3041.457130428496,759.9394619496663,198.97320985000115,110.05783213706243,614.5467839377267,50.88443983759199
2026-02-25 10:00:00+00:00,680.24,3652.92,4132.75,793.28,4.283595e-06,130.45,545.53,48.97,1185.9025965213505,4330.685172435235,2768.6053406657684,729.4551615316499,30.087109259535083,105.51007822766292,588.1016462491215,50.98529816226152,1055.4749002676917,3444.4520705886116,3041.457130428496,759.9394619496663,198.97320985000115,110.05783213706243,614.5467839377267,50.88443983759199,1055.4749002676917,3444.4520705886116,3041.457130428496,759.9394619496663,198.97320985000115,110.05783213706243,614.5467839377267,50.88443983759199
2026-02-25 11:00:00+00:00,455.45,3155.79,3150.76,791.0,4.283595e-06,130.56,600.77,48.97,1044.5124514473118,3883.0009178754417,2262.1736383496554,719.4283837608316,17.522223547847034,108.89966195778783,584.6193650210855,54.32776110621159,1055.4749002676917,3444.4520705886116,3041.457130428496,759.9394619496663,198.97320985000115,110.05783213706243,614.5467839377267,50.88443983759199,1055.4749002676917,3444.4520705886116,3041.457130428496,759.9394619496663,198.97320985000115,110.05783213706243,614.5467839377267,50.88443983759199
2026-02-25 12:00:00+00:00,411.65002,3109.99,2808.29,789.85,4.283595e-06,130.45,632.47,48.97,929.9592858655437,3035.589894255819,1513.034609420869,715.178769989259,12.793500581887542,104.08699929341611,542.6384730059532,53.430445794443834,1055.4749002676917,3444.4520705886116,3041.457130428496,759.9394619496663,198.97320985000115,110.05783213706243,614.5467839377267,50.88443983759199,1055.4749002676917,3444.4520705886116,3041.457130428496,759.9394619496663,198.97320985000115,110.05783213706243,614.5467839377267,50.88443983759199
2026-02-25 13:00:00+00:00,547.0499,3018.45,3010.84,788.06,4.283595e-06,130.53,580.93,48.97,991.3505570009607,3543.089944320564,1528.6139684434618,719.7790202831252,14.585375519169844,111.36325193939882,569.0768841845568,54.39214350182906,1055.4749002676917,3444.4520705886116,3041.457130428496,759.9394619496663,198.97320985000115,110.05783213706243,614.5467839377267,50.88443983759199,1055.4749002676917,3444.4520705886116,3041.457130428496,759.9394619496663,198.97320985000115,110.05783213706243,614.5467839377267,50.88443983759199
2026-02-25 14:00:00+00:00,889.59,3717.61,4357.66,787.46,4.283595e-06,131.22,546.15,48.97,1168.013440173398,4447.3443547759125,2539.69903456908,742.481734179708,26.716011859766553,111.53502209688806,569.7477885683888,52.40095627478028,1055.4749002676917,3444.4520705886116,3041.457130428496,759.9394619496663,198.97320985000115,110.05783213706243,614.5467839377267,50.88443983759199,1055.4749002676917,3444.4520705886116,3041.457130428496,759.9394619496663,198.97320985000115,110.05783213706243,614.5467839377267,50.88443983759199
2026-02-25 15:00:00+00:00,947.56,4349.54,5472.4,787.46,178.34,131.83,548.41,48.97,1673.495267472551,4744.888387595071,4443.275572664913,788.0143104333497,141.73742436068542,120.48123508845967,612.251385444506,52.83041451574597,1055.4749002676917,3444.4520705886116,3041.457130428496,759.9394619496663,198.97320985000115,110.05783213706243,614.5467839377267,50.88443983759199,1055.4749002676917,3444.4520705886116,3041.457130428496,759.9394619496663,198.97320985000115,110.05783213706243,614.5467839377267,50.88443983759199
2026-02-25 16:00:00+00:00,1075.78,4748.9,5930.72,788.63,818.35,131.23,515.4,48.97,2035.0099699799043,5079.87021378819,5344.110731894884,875.7153793062782,687.3994843911397,113.25477304821663,603.4569398414328,49.96257968751857,1055.4749002676917,3444.4520705886116,3041.457130428496,759.9394619496663,198.97320985000115,110.05783213706243,614.5467839377267,50.88443983759199,1055.4749002676917,3444.4520705886116,3041.457130428496,759.9394619496663,198.97320985000115,110.05783213706243,614.5467839377267,50.88443983759199
2026-02-25 17:00:00+00:00,1265.64,4923.62,6352.05,789.28,625.84,131.02,517.93,48.97,2466.237506450514,4538.54068079111,6020.4287411468,879.2299714771036,712.6640172489236,140.1467534067579,624.9563924655433,54.790069409088666,1055.4749002676917,3444.4520705886116,3041.457130428496,759.9394619496663,198.97320985000115,110.05783213706243,614.5467839377267,50.88443983759199,1055.4749002676917,3444.4520705886116,3041.457130428496,759.9394619496663,198.97320985000115,110.05783213706243,614.5467839377267,50.88443983759199
2026-02-25 18:00:00+00:00,1334.29,4947.9,6423.96,789.28,82.88,130.95,537.63,48.97,2439.1112635925947,4081.8721763726335,5579.22557388379,805.4393906194406,180.5165053997684,137.7264341254862,616.9729805554362,56.57534555581099,1055.4749002676917,3444.4520705886116,3041.457130428496,759.9394619496663,198.97320985000115,110.05783213706243,614.5467839377267,50.88443983759199,1055.4749002676917,3444.4520705886116,3041.457130428496,759.9394619496663,198.97320985000115,110.05783213706243,614.5467839377267,50.88443983759199
2026-02-25 19:00:00+00:00,1364.48,4721.76,5980.43,789.28,9.789997,131.83,532.68,48.97,2462.527080428626,3813.999825040785,5255.376819662837,789.7526274824031,65.19615085341732,149.2277053473909,606.54725355365,42.45653440830327,1055.4749002676917,3444.4520705886116,3041.457130428496,759.9394619496663,198.97320985000115,110.05783213706243,614.5467839377267,50.88443983759199,1055.4749002676917,3444.4520705886116,3041.457130428496,759.9394619496663,198.97320985000115,110.05783213706243,614.5467839377267,50.88443983759199
2026-02-25 20:00:00+00:00,1302.06,4603.64,5527.64,789.28,4.283595e-06,131.83,566.75,48.97,1888.0586675240702,3187.6630160111786,4885.6601463272955,784.3166954284002,54.89255115873797,133.56174654129703,614.0061722804803,40.25280311377912,1055.4749002676917,3444.4520705886116,3041.457130428496,759.9394619496663,198.97320985000115,110.05783213706243,614.5467839377267,50.88443983759199,1055.4749002676917,3444.4520705886116,3041.457130428496,759.9394619496663,198.97320985000115,110.05783213706243,614.5467839377267,50.88443983759199
2026-02-25 21:00:00+00:00,1181.21,4080.34,4752.43,787.97,4.283595e-06,131.6,524.5,48.97,1238.9353171781784,3036.2271543408215,4206.340229010742,776.3930722615315,54.84328370452553,128.50242077561342,589.9433802116282,39.308083408003256,1055.4749002676917,3444.4520705886116,3041.457130428496,759.9394619496663,198.97320985000115,110.05783213706243,614.5467839377267,50.88443983759199,1055.4749002676917,3444.4520705886116,3041.457130428496,759.9394619496663,198.97320985000115,110.05783213706243,614.5467839377267,50.88443983759199
2026-02-25 22:00:00+00:00,1075.44,3316.9,4478.45,787.18,4.283595e-06,130.94,537.15,48.97,1138.70422687862,2838.59111420092,4107.785102724731,769.7933286017417,25.794985534252817,119.95571458248514,598.6590086862348,39.25454104950263,1055.4749002676917,3444.4520705886116,3041.457130428496,759.9394619496663,198.97320985000115,110.05783213706243,614.5467839377267,50.88443983759199,1055.4749002676917,3444.4520705886116,3041.457130428496,759.9394619496663,198.97320985000115,110.05783213706243,614.5467839377267,50.88443983759199
2026-02-25 23:00:00+00:00,989.65,3278.31,3213.3,781.72,10.709995,130.63,650.05,49.77,990.9472434150775,2563.6079604802317,3786.42852824282,758.2054789640354,7.558618504655584,115.57183728835196,601.6399174247516,38.442192095118,1055.4749002676917,3444.4520705886116,3041.457130428496,759.9394619496663,198.97320985000115,110.05783213706243,614.5467839377267,50.88443983759199,1055.4749002676917,3444.4520705886116,3041.457130428496,759.9394619496663,198.97320985000115,110.05783213706243,614.5467839377267,50.88443983759199
2026-02-26 00:00:00+00:00,687.61,3292.84,2800.3,781.96,4.283595e-06,130.4,617.59,49.77,841.8384675594041,2390.770273174481,3123.9229123761447,751.9380324397802,0.45741032070279175,111.79131073800404,563.8323991927797,38.33670634179791,1055.4749002676917,3444.4520705886116,3041.457130428496,759.9394619496663,198.97320985000115,110.05783213706243,614.5467839377267,50.88443983759199,1055.4749002676917,3444.4520705886116,3041.457130428496,759.9394619496663,198.97320985000115,110.05783213706243,614.5467839377267,50.88443983759199
2026-02-26 01:00:00+00:00,573.77,3281.83,2699.01,781.67,4.283595e-06,130.0,544.47,49.77,764.5418185910319,2272.0638747788535,3006.2960727979253,753.1467391928323,2.287027590377704,108.89472796810267,588.1290894514747,37.75700778209185,1055.4749002676917,3444.4520705886116,3041.457130428496,759.9394619496663,198.97320985000115,110.05783213706243,614.5467839377267,50.88443983759199,1055.4749002676917,3444.4520705886116,3041.457130428496,759.9394619496663,198.97320985000115,110.05783213706243,614.5467839377267,50.88443983759199
2026-02-26 02:00:00+00:00,573.42,3263.99,2917.69,781.67,2.530003,130.74,571.77,49.77,801.2621493993332,2323.436297752977,2942.376028648532,753.3178680732465,15.028229433269587,105.09684921001312,599.4998585477969,37.62389888652344,1055.4749002676917,3444.4520705886116,3041.457130428496,759.9394619496663,198.97320985000115,110.05783213706243,614.5467839377267,50.88443983759199,1055.4749002676917,3444.4520705886116,3041.457130428496,759.9394619496663,198.97320985000115,110.05783213706243,614.5467839377267,50.88443983759199
2026-02-26 03:00:00+00:00,751.74,3198.5,3074.37,781.67,4.283595e-06,130.62,603.71,49.77,1029.0380716879981,2415.7440343899143,2998.8507672727224,761.8539092297191,15.88269409006827,104.40663169320553,564.4894206250287,37.75002926310224,1055.4749002676917,3444.4520705886116,3041.457130428496,759.9394619496663,198.97320985000115,110.05783213706243,614.5467839377267,50.88443983759199,1055.4749002676917,3444.4520705886116,3041.457130428496,759.9394619496663,198.97320985000115,110.05783213706243,614.5467839377267,50.88443983759199
2026-02-26 04:00:00+00:00,1147.86,3202.07,3955.88,781.67,4.283595e-06,130.27,612.8,49.77,1123.0082653622833,2864.9983468980586,3809.4491598311115,782.6887499923014,20.23241260947802,105.97691882794396,559.3918326720096,38.617473671294306,1055.4749002676917,3444.4520705886116,3041.457130428496,759.9394619496663,198.97320985000115,110.05783213706243,614.5467839377267,50.88443983759199,1055.4749002676917,3444.4520705886116,3041.457130428496,759.9394619496663,198.97320985000115,110.05783213706243,614.5467839377267,50.88443983759199
2026-02-26 05:00:00+00:00,1271.1,3500.71,4280.54,784.0,160.4,130.74,563.64,49.77,1257.152238243802,3513.9375771894993,4276.521545463683,794.3996327286408,172.69651428174257,105.09744753993988,546.5928841521476,38.15537276142538,1055.4749002676917,3444.4520705886116,3041.457130428496,759.9394619496663,198.97320985000115,110.05783213706243,614.5467839377267,50.88443983759199,1055.4749002676917,3444.4520705886116,3041.457130428496,759.9394619496663,198.97320985000115,110.05783213706243,614.5467839377267,50.88443983759199
2026-02-26 06:00:00+00:00,1377.08,3670.72,4255.69,787.24,213.46,131.02,566.33,49.77,1302.611792184498,3629.151392323044,3984.6853667311543,839.2327126179601,540.8267686024203,94.92947431473183,527.5560307787911,44.298453201082125,1055.4749002676917,3444.4520705886116,3041.457130428496,759.9394619496663,198.97320985000115,110.05783213706243,614.5467839377267,50.88443983759199,1055.4749002676917,3444.4520705886116,3041.457130428496,759.9394619496663,198.97320985000115,110.05783213706243,614.5467839377267,50.88443983759199
2026-02-26 07:00:00+00:00,1314.28,3324.09,3562.18,788.68,14.999989,131.3,568.96,49.77,1481.2104895365574,3532.3621064782456,4183.852852599085,823.360434289214,437.15965131702035,102.42758305009158,530.5828998783661,40.927547459096544,1055.4749002676917,3444.4520705886116,3041.457130428496,759.9394619496663,198.97320985000115,110.05783213706243,614.5467839377267,50.88443983759199,1055.4749002676917,3444.4520705886116,3041.457130428496,759.9394619496663,198.97320985000115,110.05783213706243,614.5467839377267,50.88443983759199
2026-02-26 08:00:00+00:00,987.17,2106.35,2645.85,788.68,4.283595e-06,131.3,595.87,49.77,1500.312937070527,3073.9665984795247,3735.1581685685005,783.0502890876327,121.953866478108,104.54362786500978,543.8519496265869,40.573496356589615,1055.4749002676917,3444.4520705886116,3041.457130428496,759.9394619496663,198.97320985000115,110.05783213706243,614.5467839377267,50.88443983759199,1055.4749002676917,3444.4520705886116,3041.457130428496,759.9394619496663,198.97320985000115,110.05783213706243,614.5467839377267,50.88443983759199
2026-02-26 09:00:00+00:00,916.38,1841.99,2699.15,788.09,4.283595e-06,131.3,538.6,49.77,1057.627480566444,3211.476559635754,2265.795467478195,708.583449192042,30.80140359513939,97.92029785497088,545.8309768430508,42.42106947646033,1055.4749002676917,3444.4520705886116,3041.457130428496,759.9394619496663,198.97320985000115,110.05783213706243,614.5467839377267,50.88443983759199,1055.4749002676917,3444.4520705886116,3041.457130428496,759.9394619496663,198.97320985000115,110.05783213706243,614.5467839377267,50.88443983759199
2026-02-26 10:00:00+00:00,920.23,1665.59,1743.67,788.09,4.283595e-06,131.4,512.63,49.77,572.8767315612083,2680.214013550869,1653.9451556735798,715.1813088954066,12.719531398002346,95.6374804298046,547.4496011807914,48.96583925538929,1055.4749002676917,3444.4520705886116,3041.457130428496,759.9394619496663,198.97320985000115,110.05783213706243,614.5467839377267,50.88443983759199,1055.4749002676917,3444.4520705886116,3041.457130428496,759.9394619496663,198.97320985000115,110.05783213706243,614.5467839377267,50.88443983759199
2026-02-26 11:00:00+00:00,707.75,1548.22,1392.76,788.09,4.283595e-06,131.38,559.76,49.77,354.94818810487754,2427.836004327234,1374.2220300217223,713.5719565920069,26.59279946615854,96.4030073163242,536.835478658566,50.78570832668911,1055.4749002676917,3444.4520705886116,3041.457130428496,759.9394619496663,198.97320985000115,110.05783213706243,614.5467839377267,50.88443983759199,1055.4749002676917,3444.4520705886116,3041.457130428496,759.9394619496663,198.97320985000115,110.05783213706243,614.5467839377267,50.88443983759199
2026-02-26 12:00:00+00:00,594.15,1534.8601,1368.27,788.09,4.283595e-06,131.4,571.5,49.77,452.3921953284038,2369.518095100911,1146.732623914715,707.180776045353,19.043967673541744,96.6612375001407,537.1458884370386,51.80026325789008,1055.4749002676917,3444.4520705886116,3041.457130428496,759.9394619496663,198.97320985000115,110.05783213706243,614.5467839377267,50.88443983759199,1055.4749002676917,3444.4520705886116,3041.457130428496,759.9394619496663,198.97320985000115,110.05783213706243,614.5467839377267,50.88443983759199
2026-02-26 13:00:00+00:00,590.03,1545.56,1442.03,788.09,2.7500043,131.4,537.22,49.77,532.9566029633738,2239.158425656565,1211.5907329937477,708.8967501887727,18.734751833210737,103.51061581673423,563.7879969609504,51.81320899961092,1055.4749002676917,3444.4520705886116,3041.457130428496,759.9394619496663,198.97320985000115,110.05783213706243,614.5467839377267,50.88443983759199,1055.4749002676917,3444.4520705886116,3041.457130428496,759.9394619496663,198.97320985000115,110.05783213706243,614.5467839377267,50.88443983759199
2026-02-26 14:00:00+00:00,735.15,1914.5999,1749.2,788.76,4.283595e-06,131.4,515.48,49.77,633.9236705065819,2289.008861924597,1449.2193472865968,718.4456816633708,38.32682462746661,98.1974709815739,552.6832062064732,48.59889275675707,1055.4749002676917,3444.4520705886116,3041.457130428496,759.9394619496663,198.97320985000115,110.05783213706243,614.5467839377267,50.88443983759199,1055.4749002676917,3444.4520705886116,3041.457130428496,759.9394619496663,198.97320985000115,110.05783213706243,614.5467839377267,50.88443983759199
2026-02-26 15:00:00+00:00,1201.92,3263.56,2623.66,789.42,403.45,131.4,551.95,49.77,1080.721635489349,3450.931856621508,2538.437779485549,783.3431159498178,194.93298066800804,101.9492136843065,575.4093912964769,47.91672798688228,1055.4749002676917,3444.4520705886116,3041.457130428496,759.9394619496663,198.97320985000115,110.05783213706243,614.5467839377267,50.88443983759199,1055.4749002676917,3444.4520705886116,3041.457130428496,759.9394619496663,198.97320985000115,110.05783213706243,614.5467839377267,50.88443983759199
2026-02-26 16:00:00+00:00,1533.41,3628.51,3351.3,790.59,733.125,131.44,539.35,50.94,1741.3031561478606,4048.4337720616168,4414.222148731866,874.5605162158469,651.4005815933372,99.85705623411022,578.6336556374657,44.884115617691116,1055.4749002676917,3444.4520705886116,3041.457130428496,759.9394619496663,198.97320985000115,110.05783213706243,614.5467839377267,50.88443983759199,1055.4749002676917,3444.4520705886116,3041.457130428496,759.9394619496663,198.97320985000115,110.05783213706243,614.5467839377267,50.88443983759199
2026-02-26 17:00:00+00:00,1589.81,3637.62,3893.54,791.24,1062.8002,131.4,550.19,54.45,1849.5964708745041,4285.035362760404,4863.314945686727,866.9211179760739,495.3368388798607,132.84501826683564,629.2960271689317,54.40883979729232,1055.4749002676917,3444.4520705886116,3041.457130428496,759.9394619496663,198.97320985000115,110.05783213706243,614.5467839377267,50.88443983759199,1055.4749002676917,3444.4520705886116,3041.457130428496,759.9394619496663,198.97320985000115,110.05783213706243,614.5467839377267,50.88443983759199
2026-02-26 18:00:00+00:00,1591.09,3597.33,4104.69,791.24,341.61,131.41,513.59,54.45,1569.6930255582683,3983.0113478300823,4611.735099922823,793.578410839899,157.44961897442798,145.15742878988232,616.6675018165148,44.93106720765966,1055.4749002676917,3444.4520705886116,3041.457130428496,759.9394619496663,198.97320985000115,110.05783213706243,614.5467839377267,50.88443983759199,1055.4749002676917,3444.4520705886116,3041.457130428496,759.9394619496663,198.97320985000115,110.05783213706243,614.5467839377267,50.88443983759199
2026-02-26 19:00:00+00:00,1549.09,3383.62,3546.0,791.1,77.59,131.4,510.1,54.45,1193.155628072005,3273.1310055607128,3679.6030541166338,786.9407459659219,94.6508944788788,143.64264201319224,616.5355107340845,41.66233457165002,1055.4749002676917,3444.4520705886116,3041.457130428496,759.9394619496663,198.97320985000115,110.05783213706243,614.5467839377267,50.88443983759199,1055.4749002676917,3444.4520705886116,3041.457130428496,759.9394619496663,198.97320985000115,110.05783213706243,614.5467839377267,50.88443983759199
2026-02-26 20:00:00+00:00,1444.63,3175.9,3135.28,789.86,23.640003,131.47,508.63,54.45,875.6390261843018,2689.9296980909044,3253.6384903316366,779.8673498040496,67.29781421701412,147.0769907250247,619.6607499822277,41.74150556846821,1055.4749002676917,3444.4520705886116,3041.457130428496,759.9394619496663,198.97320985000115,110.05783213706243,614.5467839377267,50.88443983759199,1055.4749002676917,3444.4520705886116,3041.457130428496,759.9394619496663,198.97320985000115,110.05783213706243,614.5467839377267,50.88443983759199
2026-02-26 21:00:00+00:00,1093.23,2761.36,2771.67,789.04,4.283595e-06,131.47,551.89,54.45,1017.8357595002685,2285.997867904154,2999.2613330804024,761.408710038805,79.6814310626735,124.74727155033902,608.6614628624736,40.68273616397445,1055.4749002676917,3444.4520705886116,3041.457130428496,759.9394619496663,198.97320985000115,110.05783213706243,614.5467839377267,50.88443983759199,1055.4749002676917,3444.4520705886116,3041.457130428496,759.9394619496663,198.97320985000115,110.05783213706243,614.5467839377267,50.88443983759199
2026-02-26 22:00:00+00:00,698.68,2325.07,2655.74,788.5,4.283595e-06,131.46,542.67,55.55,846.6314151916339,2243.690609123819,2931.732540860445,759.2732778583929,18.75236155257508,124.63618807497524,632.1428047981583,40.7092370244267,1055.4749002676917,3444.4520705886116,3041.457130428496,759.9394619496663,198.97320985000115,110.05783213706243,614.5467839377267,50.88443983759199,1055.4749002676917,3444.4520705886116,3041.457130428496,759.9394619496663,198.97320985000115,110.05783213706243,614.5467839377267,50.88443983759199
2026-02-26 23:00:00+00:00,579.1,2276.65,2340.8,783.27,4.283595e-06,132.16,669.75,49.58,821.2496953204126,1999.2958677899796,2881.675078474037,750.8430491739364,15.491741663325769,129.95119330596356,629.9723350763783,40.63518167638072,1055.4749002676917,3444.4520705886116,3041.457130428496,759.9394619496663,198.97320985000115,110.05783213706243,614.5467839377267,50.88443983759199,1055.4749002676917,3444.4520705886116,3041.457130428496,759.9394619496663,198.97320985000115,110.05783213706243,614.5467839377267,50.88443983759199
2026-02-27 00:00:00+00:00,582.01996,2546.52,2263.86,784.17,4.283595e-06,132.15,634.23,57.54,415.7088184327531,1611.6560504335805,2786.51454875913,752.3037412072887,27.633543214205446,129.61243581961173,618.6486759533399,37.90219712865659,1055.4749002676917,3444.4520705886116,3041.457130428496,759.9394619496663,198.97320985000115,110.05783213706243,614.5467839377267,50.88443983759199,1055.4749002676917,3444.4520705886116,3041.457130428496,759.9394619496663,198.97320985000115,110.05783213706243,614.5467839377267,50.88443983759199
2026-02-27 01:00:00+00:00,577.94995,2368.17,2200.66,783.88,4.283595e-06,132.26,565.5,57.54,381.8979686621053,1630.8976684371432,2605.2498939239767,747.3708409187195,30.643611943866432,121.73937196642704,622.9003674228335,38.8623237525828,1055.4749002676917,3444.4520705886116,3041.457130428496,759.9394619496663,198.97320985000115,110.05783213706243,614.5467839377267,50.88443983759199,1055.4749002676917,3444.4520705886116,3041.457130428496,759.9394619496663,198.97320985000115,110.05783213706243,614.5467839377267,50.88443983759199
2026-02-27 02:00:00+00:00,578.26,2094.11,2027.86,783.88,4.283595e-06,132.64,549.73,57.54,443.0033396001294,1637.597027817453,2553.739557507478,748.5396661175693,30.954096861792408,111.51639295323938,622.8987403080373,38.19619291772598,1055.4749002676917,3444.4520705886116,3041.457130428496,759.9394619496663,198.97320985000115,110.05783213706243,614.5467839377267,50.88443983759199,1055.4749002676917,3444.4520705886116,3041.457130428496,759.9394619496663,198.97320985000115,110.05783213706243,614.5467839377267,50.88443983759199
2026-02-27 03:00:00+00:00,581.02997,2013.77,1975.77,783.88,4.283595e-06,132.55,551.46,57.54,499.5090537240677,1777.026974003336,2878.1022651850603,756.0874101492193,23.713141014831166,106.14974635314638,609.1887913498116,38.45407468147926,1055.4749002676917,3444.4520705886116,3041.457130428496,759.9394619496663,198.97320985000115,110.05783213706243,614.5467839377267,50.88443983759199,1055.4749002676917,3444.4520705886116,3041.457130428496,759.9394619496663,198.97320985000115,110.05783213706243,614.5467839377267,50.88443983759199
2026-02-27 04:00:00+00:00,604.94,2320.74,2250.74,783.88,4.283595e-06,132.13,528.42,57.54,796.2874133430346,2352.4258180599604,3137.381095755035,773.2817220667586,53.612526294907894,107.66450688098308,593.9040926533123,38.132138616725385,1055.4749002676917,3444.4520705886116,3041.457130428496,759.9394619496663,198.97320985000115,110.05783213706243,614.5467839377267,50.88443983759199,1055.4749002676917,3444.4520705886116,3041.457130428496,759.9394619496663,198.97320985000115,110.05783213706243,614.5467839377267,50.88443983759199
2026-02-27 05:00:00+00:00,858.19,2801.87,3119.15,786.21,141.63,131.96,534.19,57.54,1150.023251714908,2913.4460362885675,3095.740643260519,790.8683809373562,121.11234652981776,108.75546224916349,576.9046353151591,37.86364526020648,1055.4749002676917,3444.4520705886116,3041.457130428496,759.9394619496663,198.97320985000115,110.05783213706243,614.5467839377267,50.88443983759199,1055.4749002676917,3444.4520705886116,3041.457130428496,759.9394619496663,198.97320985000115,110.05783213706243,614.5467839377267,50.88443983759199
2026-02-27 06:00:00+00:00,1368.37,2976.25,3273.92,790.4,405.5,131.96,568.32,57.54,1027.0131978980667,3226.3333847313556,3195.2512799019933,830.720179896538,527.4601713546938,98.18965773060668,598.5071579493932,40.440262782071215,1055.4749002676917,3444.4520705886116,3041.457130428496,759.9394619496663,198.97320985000115,110.05783213706243,614.5467839377267,50.88443983759199,1055.4749002676917,3444.4520705886116,3041.457130428496,759.9394619496663,198.97320985000115,110.05783213706243,614.5467839377267,50.88443983759199
2026-02-27 07:00:00+00:00,1426.66,2809.16,1990.77,791.89,193.75,131.96,561.17,57.54,833.7110149731366,2614.2068320638846,3046.04353940048,807.0028895985008,335.3044367309972,99.6110797242377,619.7669087067552,40.76865234023324,1055.4749002676917,3444.4520705886116,3041.457130428496,759.9394619496663,198.97320985000115,110.05783213706243,614.5467839377267,50.88443983759199,1055.4749002676917,3444.4520705886116,3041.457130428496,759.9394619496663,198.97320985000115,110.05783213706243,614.5467839377267,50.88443983759199
2026-02-27 08:00:00+00:00,1087.25,1728.41,1578.11,789.07,3.5600019,131.96,567.95,57.54,510.8423056395844,2509.232441033443,2101.9445874100566,761.1734766144923,210.66720604523402,111.65186774323246,579.7064392668815,43.73926568435399,1055.4749002676917,3444.4520705886116,3041.457130428496,759.9394619496663,198.97320985000115,110.05783213706243,614.5467839377267,50.88443983759199,1055.4749002676917,3444.4520705886116,3041.457130428496,759.9394619496663,198.97320985000115,110.05783213706243,614.5467839377267,50.88443983759199
2026-02-27 09:00:00+00:00,919.22,1558.71,1433.78,787.54,4.283595e-06,130.69,608.84,57.54,376.8900219581344,2161.902740912149,1489.3610167510749,710.6844935970165,30.556575020538133,99.14366156605017,574.9525320189663,44.87872355333342,1055.4749002676917,3444.4520705886116,3041.457130428496,759.9394619496663,198.97320985000115,110.05783213706243,614.5467839377267,50.88443983759199,1055.4749002676917,3444.4520705886116,3041.457130428496,759.9394619496663,198.97320985000115,110.05783213706243,614.5467839377267,50.88443983759199
2026-02-27 10:00:00+00:00,718.26,1547.58,1078.74,787.54,4.283595e-06,130.69,621.97,57.54,293.73906304798504,1596.857769507478,1124.3803878433996,686.7036204623967,23.371535971274568,91.56800604387583,540.8165779927076,46.62789137821834,1055.4749002676917,3444.4520705886116,3041.457130428496,759.9394619496663,198.97320985000115,110.05783213706243,614.5467839377267,50.88443983759199,1055.4749002676917,3444.4520705886116,3041.457130428496,759.9394619496663,198.97320985000115,110.05783213706243,614.5467839377267,50.88443983759199
2026-02-27 11:00:00+00:00,713.45,1537.61,1111.19,787.54,4.283595e-06,130.59,598.25,57.54,326.8379889950197,1585.6039189110377,875.7208926266503,661.966865474011,25.895794302527207,85.69139199757069,563.0150207375677,49.04969273138951,1055.4749002676917,3444.4520705886116,3041.457130428496,759.9394619496663,198.97320985000115,110.05783213706243,614.5467839377267,50.88443983759199,1055.4749002676917,3444.4520705886116,3041.457130428496,759.9394619496663,198.97320985000115,110.05783213706243,614.5467839377267,50.88443983759199
2026-02-27 12:00:00+00:00,981.18,1526.5801,1106.6,787.61,4.283595e-06,130.69,596.77,57.54,372.9776345583541,1339.5532066201959,787.923530628253,667.8506014463641,26.837775054928386,84.52723298155482,541.8283426158815,44.69744412266228,1055.4749002676917,3444.4520705886116,3041.457130428496,759.9394619496663,198.97320985000115,110.05783213706243,614.5467839377267,50.88443983759199,1055.4749002676917,3444.4520705886116,3041.457130428496,759.9394619496663,198.97320985000115,110.05783213706243,614.5467839377267,50.88443983759199
2026-02-27 13:00:00+00:00,1000.13,1549.43,1118.57,787.68,25.000004,130.69,666.72,57.54,361.3821955383311,1484.125699962998,823.4706525675115,669.6129674577676,25.328429958629584,87.56758919864392,558.0391376461016,44.615432356109565,1055.4749002676917,3444.4520705886116,3041.457130428496,759.9394619496663,198.97320985000115,110.05783213706243,614.5467839377267,50.88443983759199,1055.4749002676917,3444.4520705886116,3041.457130428496,759.9394619496663,198.97320985000115,110.05783213706243,614.5467839377267,50.88443983759199
2026-02-27 14:00:00+00:00,1060.1,2000.0602,1273.57,787.23,49.989994,130.69,687.81,57.54,424.99946558376223,1729.9822219985592,1063.0416075274682,697.2339614466689,30.06536742612849,102.85848126696355,589.2923040706404,47.66704330948515,1055.4749002676917,3444.4520705886116,3041.457130428496,759.9394619496663,198.97320985000115,110.05783213706243,614.5467839377267,50.88443983759199,1055.4749002676917,3444.4520705886116,3041.457130428496,759.9394619496663,198.97320985000115,110.05783213706243,614.5467839377267,50.88443983759199
2026-02-27 15:00:00+00:00,1356.29,3366.77,1762.67,786.98,296.17,130.69,701.1,57.54,845.0246598645606,2884.105028478688,2167.4615667089283,755.7626629195113,92.7407258903699,108.31882579134502,584.6876175237978,44.19131247754189,1055.4749002676917,3444.4520705886116,3041.457130428496,759.9394619496663,198.97320985000115,110.05783213706243,614.5467839377267,50.88443983759199,1055.4749002676917,3444.4520705886116,3041.457130428496,759.9394619496663,198.97320985000115,110.05783213706243,614.5467839377267,50.88443983759199
2026-02-27 16:00:00+00:00,1596.74,3641.46,2607.15,787.66,471.78,130.54,685.17,57.54,1576.379749192759,4073.4799875633817,3834.476392888205,872.6762337735241,775.0608929029228,105.48676810329583,603.4241765528145,43.59533784524756,1055.4749002676917,3444.4520705886116,3041.457130428496,759.9394619496663,198.97320985000115,110.05783213706243,614.5467839377267,50.88443983759199,1055.4749002676917,3444.4520705886116,3041.457130428496,759.9394619496663,198.97320985000115,110.05783213706243,614.5467839377267,50.88443983759199
2026-02-27 17:00:00+00:00,1692.7,3645.4,2605.74,788.31,647.39,131.43,693.7,57.54,2357.5991481097944,4237.335695399273,5175.247018582209,822.4051957200892,655.0655178688819,139.31738785760876,640.7847044629028,52.83783597782756,1055.4749002676917,3444.4520705886116,3041.457130428496,759.9394619496663,198.97320985000115,110.05783213706243,614.5467839377267,50.88443983759199,1055.4749002676917,3444.4520705886116,3041.457130428496,759.9394619496663,198.97320985000115,110.05783213706243,614.5467839377267,50.88443983759199
2026-02-27 18:00:00+00:00,1577.25,3645.96,2582.52,788.31,823.0,132.07,677.72,57.54,2158.452866649188,4036.333322190135,5561.9113397757665,791.3109942550668,246.92453475552347,154.04302502281206,647.416934229527,43.184757508135746,1055.4749002676917,3444.4520705886116,3041.457130428496,759.9394619496663,198.97320985000115,110.05783213706243,614.5467839377267,50.88443983759199,1055.4749002676917,3444.4520705886116,3041.457130428496,759.9394619496663,198.97320985000115,110.05783213706243,614.5467839377267,50.88443983759199
2026-02-27 19:00:00+00:00,1438.69,3631.47,2511.27,788.31,628.5,133.4,630.55,57.54,1905.1645518250393,3516.3143232135762,5532.746956706853,796.6769592547663,155.9801216469122,142.2911234027017,621.2365306400465,40.115481626661314,1055.4749002676917,3444.4520705886116,3041.457130428496,759.9394619496663,198.97320985000115,110.05783213706243,614.5467839377267,50.88443983759199,1055.4749002676917,3444.4520705886116,3041.457130428496,759.9394619496663,198.97320985000115,110.05783213706243,614.5467839377267,50.88443983759199
2026-02-27 20:00:00+00:00,1264.58,3619.17,2393.09,788.31,779.85,133.0,577.41,57.54,1201.9153749102238,3348.0813958320127,4961.018814640135,786.24537428478,212.25607186351803,145.31192761242764,632.015996582381,41.75475472187666,1055.4749002676917,3444.4520705886116,3041.457130428496,759.9394619496663,198.97320985000115,110.05783213706243,614.5467839377267,50.88443983759199,1055.4749002676917,3444.4520705886116,3041.457130428496,759.9394619496663,198.97320985000115,110.05783213706243,614.5467839377267,50.88443983759199
2026-02-27 21:00:00+00:00,1065.25,3543.42,2032.2299,787.0,953.48004,132.27,602.52,57.54,862.8425736010644,3078.488371501589,4694.801776670696,762.6130899794631,109.82327394199466,141.4150219293749,626.493063775858,40.29479990641259,1055.4749002676917,3444.4520705886116,3041.457130428496,759.9394619496663,198.97320985000115,110.05783213706243,614.5467839377267,50.88443983759199,1055.4749002676917,3444.4520705886116,3041.457130428496,759.9394619496663,198.97320985000115,110.05783213706243,614.5467839377267,50.88443983759199
2026-02-27 22:00:00+00:00,843.28,3497.41,1543.98,786.21,976.05,132.67,602.74,57.54,711.1570697017864,2873.12124862776,3899.372802733855,745.1767786865503,46.44905508787704,142.99572808183487,638.1305265246998,40.57649524841327,1055.4749002676917,3444.4520705886116,3041.457130428496,759.9394619496663,198.97320985000115,110.05783213706243,614.5467839377267,50.88443983759199,1055.4749002676917,3444.4520705886116,3041.457130428496,759.9394619496663,198.97320985000115,110.05783213706243,614.5467839377267,50.88443983759199
2026-02-27 23:00:00+00:00,672.63,3529.18,1490.4,781.3,670.35,132.94,651.21,53.83,640.4406265747259,2530.413920378874,2903.8585171721875,723.3236048258489,41.25420638993933,144.1185410149701,638.4169083526026,40.61176204996693,1055.4749002676917,3444.4520705886116,3041.457130428496,759.9394619496663,198.97320985000115,110.05783213706243,614.5467839377267,50.88443983759199,1055.4749002676917,3444.4520705886116,3041.457130428496,759.9394619496663,198.97320985000115,110.05783213706243,614.5467839377267,50.88443983759199
