date,hard_coal_50hz_actual,lignite_50hz_actual,gas_50hz_actual,biomass_50hz_actual,pumped_storage_50hz_actual,hydro_50hz_actual,other_conv_50hz_actual,hard_coal_50hz_fitted,lignite_50hz_fitted,gas_50hz_fitted,biomass_50hz_fitted,pumped_storage_50hz_fitted,hydro_50hz_fitted,other_conv_50hz_fitted,hard_coal_50hz_lower,lignite_50hz_lower,gas_50hz_lower,biomass_50hz_lower,pumped_storage_50hz_lower,hydro_50hz_lower,other_conv_50hz_lower,hard_coal_50hz_upper,lignite_50hz_upper,gas_50hz_upper,biomass_50hz_upper,pumped_storage_50hz_upper,hydro_50hz_upper,other_conv_50hz_upper
2026-02-06 00:00:00+00:00,1160.08,6282.61,3840.29,996.96,-5.431801e-06,116.73,1028.47,595.2227753065717,4841.955898040207,2268.8649679929676,988.822642118743,231.59983392586966,116.93416429568956,734.0488712945807,485.40961665471394,4427.640215661185,1769.5389932032995,988.6486797514416,408.8096869510114,116.93271488280523,711.2412697147188,485.40961665471394,4427.640215661185,1769.5389932032995,988.6486797514416,408.8096869510114,116.93271488280523,711.2412697147188
2026-02-06 01:00:00+00:00,1159.88,6256.34,3789.82,1000.04,-5.431801e-06,117.09,1025.73,595.0291483507617,4839.312859433829,2269.9793817427812,988.822642118743,246.82725188074022,116.93416429568956,733.8710455781328,485.40961665471394,4427.640215661185,1769.5389932032995,988.6486797514416,408.8096869510114,116.93271488280523,711.2412697147188,485.40961665471394,4427.640215661185,1769.5389932032995,988.6486797514416,408.8096869510114,116.93271488280523,711.2412697147188
2026-02-06 02:00:00+00:00,1159.99,6349.36,3793.89,996.8,-5.431801e-06,116.7,1015.25,595.4214575002912,4867.263140887328,2273.637898704108,988.822642118743,262.05466983561075,116.93416429568956,733.7913521020348,485.40961665471394,4427.640215661185,1769.5389932032995,988.6486797514416,408.8096869510114,116.93271488280523,711.2412697147188,485.40961665471394,4427.640215661185,1769.5389932032995,988.6486797514416,408.8096869510114,116.93271488280523,711.2412697147188
2026-02-06 03:00:00+00:00,1160.76,6518.68,3887.58,994.86,-5.431801e-06,116.47,1010.47,595.4412536165738,4911.395311817532,2274.8922165520344,988.822642118743,277.28208779048134,116.93416429568956,733.3796990648558,485.40961665471394,4427.640215661185,1769.5389932032995,988.6486797514416,408.8096869510114,116.93271488280523,711.2412697147188,485.40961665471394,4427.640215661185,1769.5389932032995,988.6486797514416,408.8096869510114,116.93271488280523,711.2412697147188
2026-02-06 04:00:00+00:00,1164.86,6907.18,4031.4,993.54,1.8099921,116.32,1018.22,597.4385716958047,5005.982024451644,2285.8342074062357,988.822642118743,292.50950574535193,116.93416429568956,732.9899144123707,485.40961665471394,4427.640215661185,1769.5389932032995,988.6486797514416,408.8096869510114,116.93271488280523,711.2412697147188,485.40961665471394,4427.640215661185,1769.5389932032995,988.6486797514416,408.8096869510114,116.93271488280523,711.2412697147188
2026-02-06 05:00:00+00:00,1163.15,6987.89,4313.07,997.5,254.73,116.78,1021.07,603.8439805957081,5174.484248885858,2320.2409224318894,988.822642118743,307.7369237002225,116.93416429568956,732.8744387028173,485.40961665471394,4427.640215661185,1769.5389932032995,988.6486797514416,408.8096869510114,116.93271488280523,711.2412697147188,485.40961665471394,4427.640215661185,1769.5389932032995,988.6486797514416,408.8096869510114,116.93271488280523,711.2412697147188
2026-02-06 06:00:00+00:00,1164.74,6973.8,4393.26,998.9,1159.38,129.08,1021.0,608.214547568403,5311.030846565644,2345.442994455029,988.822642118743,322.96434165509305,116.93416429568956,732.7785159062959,485.40961665471394,4427.640215661185,1769.5389932032995,988.6486797514416,408.8096869510114,116.93271488280523,711.2412697147188,485.40961665471394,4427.640215661185,1769.5389932032995,988.6486797514416,408.8096869510114,116.93271488280523,711.2412697147188
2026-02-06 07:00:00+00:00,1165.67,7052.39,4425.06,1000.06,1072.34,141.24,1039.95,608.8713798719003,5355.617345639354,2351.5830834668436,988.822642118743,338.19175960996364,116.93416429568956,732.6412458353626,485.40961665471394,4427.640215661185,1769.5389932032995,988.6486797514416,408.8096869510114,116.93271488280523,711.2412697147188,485.40961665471394,4427.640215661185,1769.5389932032995,988.6486797514416,408.8096869510114,116.93271488280523,711.2412697147188
2026-02-06 08:00:00+00:00,1165.23,7053.21,4385.37,979.92,982.08,138.87,1044.1,604.2236589860927,5332.504813228295,2329.7343800904046,988.822642118743,353.4191775648342,116.93416429568956,732.0177549115103,485.40961665471394,4427.640215661185,1769.5389932032995,988.6486797514416,408.8096869510114,116.93271488280523,711.2412697147188,485.40961665471394,4427.640215661185,1769.5389932032995,988.6486797514416,408.8096869510114,116.93271488280523,711.2412697147188
2026-02-06 09:00:00+00:00,1163.47,6919.89,4326.55,999.02,785.65,129.39,1037.85,597.9503814543353,5292.276920186368,2301.9609062313602,988.822642118743,368.64659551970476,116.93416429568956,731.2273734964192,485.40961665471394,4427.640215661185,1769.5389932032995,988.6486797514416,408.8096869510114,116.93271488280523,711.2412697147188,485.40961665471394,4427.640215661185,1769.5389932032995,988.6486797514416,408.8096869510114,116.93271488280523,711.2412697147188
2026-02-06 10:00:00+00:00,1161.36,6270.77,4351.62,1004.75,686.4,117.64,1031.13,592.5300506613827,5255.7198620966155,2277.538346538948,988.822642118743,383.87401347457535,116.93416429568956,730.4590763453501,485.40961665471394,4427.640215661185,1769.5389932032995,988.6486797514416,408.8096869510114,116.93271488280523,711.2412697147188,485.40961665471394,4427.640215661185,1769.5389932032995,988.6486797514416,408.8096869510114,116.93271488280523,711.2412697147188
2026-02-06 11:00:00+00:00,1160.89,6231.68,4400.15,1018.74,509.05,119.27,1032.34,588.1151068521766,5241.189331899104,2254.6548679384455,988.822642118743,399.1014314294459,116.93416429568956,729.4850858007763,485.40961665471394,4427.640215661185,1769.5389932032995,988.6486797514416,408.8096869510114,116.93271488280523,711.2412697147188,485.40961665471394,4427.640215661185,1769.5389932032995,988.6486797514416,408.8096869510114,116.93271488280523,711.2412697147188
2026-02-06 12:00:00+00:00,1160.61,6260.48,4376.1,1014.87,391.28,118.82,1029.61,588.7061707311087,5208.840086820815,2258.652917869708,988.822642118743,414.32884938431647,116.93416429568956,729.8268131848859,485.40961665471394,4427.640215661185,1769.5389932032995,988.6486797514416,408.8096869510114,116.93271488280523,711.2412697147188,485.40961665471394,4427.640215661185,1769.5389932032995,988.6486797514416,408.8096869510114,116.93271488280523,711.2412697147188
2026-02-06 13:00:00+00:00,1168.38,6243.7,4370.89,1016.93,403.16,119.06,1014.91,586.7733789544485,5200.765455600126,2253.2234208272066,988.822642118743,429.556267339187,116.93416429568956,729.3977061517785,485.40961665471394,4427.640215661185,1769.5389932032995,988.6486797514416,408.8096869510114,116.93271488280523,711.2412697147188,485.40961665471394,4427.640215661185,1769.5389932032995,988.6486797514416,408.8096869510114,116.93271488280523,711.2412697147188
2026-02-06 14:00:00+00:00,1167.5,6223.41,4401.03,1032.81,578.38,120.96,1023.03,587.0735774868115,5233.809142057302,2259.2853252792115,988.822642118743,444.7836852940576,116.93416429568956,728.9959075654274,485.40961665471394,4427.640215661185,1769.5389932032995,988.6486797514416,408.8096869510114,116.93271488280523,711.2412697147188,485.40961665471394,4427.640215661185,1769.5389932032995,988.6486797514416,408.8096869510114,116.93271488280523,711.2412697147188
2026-02-06 15:00:00+00:00,1165.57,6152.84,4454.74,1072.16,1055.55,149.6,1027.63,589.6917479389858,5253.5689439292855,2276.4533095363486,988.822642118743,460.0111032489282,116.93416429568956,729.2286524012258,485.40961665471394,4427.640215661185,1769.5389932032995,988.6486797514416,408.8096869510114,116.93271488280523,711.2412697147188,485.40961665471394,4427.640215661185,1769.5389932032995,988.6486797514416,408.8096869510114,116.93271488280523,711.2412697147188
2026-02-06 16:00:00+00:00,1165.27,6132.2,4521.7397,1075.31,1364.53,150.05,1072.21,593.2739905959587,5293.913834874484,2298.239928986304,988.822642118743,475.2385212037987,116.93416429568956,729.7262212750238,485.40961665471394,4427.640215661185,1769.5389932032995,988.6486797514416,408.8096869510114,116.93271488280523,711.2412697147188,485.40961665471394,4427.640215661185,1769.5389932032995,988.6486797514416,408.8096869510114,116.93271488280523,711.2412697147188
2026-02-06 17:00:00+00:00,1167.8,6121.42,4524.74,1074.65,1216.77,149.97,1133.31,594.8584778311697,5294.872169756156,2308.6689019644323,988.822642118743,490.46593915866924,116.93416429568956,730.015351557115,485.40961665471394,4427.640215661185,1769.5389932032995,988.6486797514416,408.8096869510114,116.93271488280523,711.2412697147188,485.40961665471394,4427.640215661185,1769.5389932032995,988.6486797514416,408.8096869510114,116.93271488280523,711.2412697147188
2026-02-06 18:00:00+00:00,1167.26,6114.28,4453.19,1067.09,456.77,125.07,1058.37,594.0246118189438,5239.1313965464,2306.932734082149,988.822642118743,505.69335711353983,116.93416429568956,730.1464464983833,485.40961665471394,4427.640215661185,1769.5389932032995,988.6486797514416,408.8096869510114,116.93271488280523,711.2412697147188,485.40961665471394,4427.640215661185,1769.5389932032995,988.6486797514416,408.8096869510114,116.93271488280523,711.2412697147188
2026-02-06 19:00:00+00:00,1171.68,6148.37,4308.98,1038.22,91.459984,121.54,1026.79,591.10502608806,5124.258600873254,2295.619518485987,988.822642118743,520.9207750684104,116.93416429568956,730.3563650194039,485.40961665471394,4427.640215661185,1769.5389932032995,988.6486797514416,408.8096869510114,116.93271488280523,711.2412697147188,485.40961665471394,4427.640215661185,1769.5389932032995,988.6486797514416,408.8096869510114,116.93271488280523,711.2412697147188
2026-02-06 20:00:00+00:00,1174.26,6168.74,4158.41,1023.01,69.54,119.77,1012.06,591.1561774252029,5025.153668235664,2297.4546139350527,988.822642118743,536.148193023281,116.93416429568956,731.1634092848483,485.40961665471394,4427.640215661185,1769.5389932032995,988.6486797514416,408.8096869510114,116.93271488280523,711.2412697147188,485.40961665471394,4427.640215661185,1769.5389932032995,988.6486797514416,408.8096869510114,116.93271488280523,711.2412697147188
2026-02-06 21:00:00+00:00,1171.98,6061.72,3950.39,1024.81,38.770016,119.98,1012.05,586.9060521377592,4959.383341029845,2280.2922394660886,988.822642118743,551.3756109781515,116.93416429568956,730.6728673744105,485.40961665471394,4427.640215661185,1769.5389932032995,988.6486797514416,408.8096869510114,116.93271488280523,711.2412697147188,485.40961665471394,4427.640215661185,1769.5389932032995,988.6486797514416,408.8096869510114,116.93271488280523,711.2412697147188
2026-02-06 22:00:00+00:00,1142.44,5987.2,3834.96,1025.08,29.11001,120.01,1012.29,583.9347340726652,4880.235086000423,2267.6760590930066,988.822642118743,566.6030289330221,116.93416429568956,730.802655268253,485.40961665471394,4427.640215661185,1769.5389932032995,988.6486797514416,408.8096869510114,116.93271488280523,711.2412697147188,485.40961665471394,4427.640215661185,1769.5389932032995,988.6486797514416,408.8096869510114,116.93271488280523,711.2412697147188
2026-02-06 23:00:00+00:00,1111.04,6133.77,3756.83,1015.26,61.800014,118.86,698.87,581.4474560101673,4794.543428816755,2259.1517997556957,988.822642118743,581.8304468878927,116.93416429568956,731.1174666757859,485.40961665471394,4427.640215661185,1769.5389932032995,988.6486797514416,408.8096869510114,116.93271488280523,711.2412697147188,485.40961665471394,4427.640215661185,1769.5389932032995,988.6486797514416,408.8096869510114,116.93271488280523,711.2412697147188
2026-02-07 00:00:00+00:00,1110.83,5970.57,3736.85,1001.24,19.899988,117.23,694.66,578.7346134932321,4754.233786633072,2182.4933012658294,988.822642118743,231.59983392586966,116.93416429568956,730.5334727334623,485.40961665471394,4427.640215661185,1769.5389932032995,988.6486797514416,408.8096869510114,116.93271488280523,711.2412697147188,485.40961665471394,4427.640215661185,1769.5389932032995,988.6486797514416,408.8096869510114,116.93271488280523,711.2412697147188
2026-02-07 01:00:00+00:00,1117.68,5892.37,3724.46,955.56,-5.431801e-06,111.88,686.89,580.661285248021,4724.627135412285,2194.315509020799,988.822642118743,246.82725188074022,116.93416429568956,731.0934295484512,485.40961665471394,4427.640215661185,1769.5389932032995,988.6486797514416,408.8096869510114,116.93271488280523,711.2412697147188,485.40961665471394,4427.640215661185,1769.5389932032995,988.6486797514416,408.8096869510114,116.93271488280523,711.2412697147188
2026-02-07 02:00:00+00:00,1116.22,5791.78,3726.75,986.37,-5.431801e-06,115.48,684.06,582.4927109564454,4727.523360661112,2205.577555801152,988.822642118743,262.05466983561075,116.93416429568956,731.4911892341179,485.40961665471394,4427.640215661185,1769.5389932032995,988.6486797514416,408.8096869510114,116.93271488280523,711.2412697147188,485.40961665471394,4427.640215661185,1769.5389932032995,988.6486797514416,408.8096869510114,116.93271488280523,711.2412697147188
2026-02-07 03:00:00+00:00,1125.88,5835.66,3728.78,1004.63,9.459986,117.61,686.88,583.7381391397298,4738.528669517415,2214.523353652152,988.822642118743,277.28208779048134,116.93416429568956,731.5583853977729,485.40961665471394,4427.640215661185,1769.5389932032995,988.6486797514416,408.8096869510114,116.93271488280523,711.2412697147188,485.40961665471394,4427.640215661185,1769.5389932032995,988.6486797514416,408.8096869510114,116.93271488280523,711.2412697147188
2026-02-07 04:00:00+00:00,1151.56,5873.78,3794.46,1008.07,9.540003,118.01,699.08,584.3317642409443,4759.91567376633,2220.1212039862585,988.822642118743,292.50950574535193,116.93416429568956,731.5934935696397,485.40961665471394,4427.640215661185,1769.5389932032995,988.6486797514416,408.8096869510114,116.93271488280523,711.2412697147188,485.40961665471394,4427.640215661185,1769.5389932032995,988.6486797514416,408.8096869510114,116.93271488280523,711.2412697147188
2026-02-07 05:00:00+00:00,1155.01,6124.22,3832.94,1010.24,9.640009,118.28,697.64,586.0747920823508,4800.587126058014,2231.0373399310306,988.822642118743,307.7369237002225,116.93416429568956,731.6013729303103,485.40961665471394,4427.640215661185,1769.5389932032995,988.6486797514416,408.8096869510114,116.93271488280523,711.2412697147188,485.40961665471394,4427.640215661185,1769.5389932032995,988.6486797514416,408.8096869510114,116.93271488280523,711.2412697147188
2026-02-07 06:00:00+00:00,1148.91,6305.09,3914.69,1017.29,29.059992,119.1,697.13,585.7229579024115,4859.583735620488,2233.9048252176412,988.822642118743,322.96434165509305,116.93416429568956,731.1216310521675,485.40961665471394,4427.640215661185,1769.5389932032995,988.6486797514416,408.8096869510114,116.93271488280523,711.2412697147188,485.40961665471394,4427.640215661185,1769.5389932032995,988.6486797514416,408.8096869510114,116.93271488280523,711.2412697147188
2026-02-07 07:00:00+00:00,1149.77,6305.09,3976.63,1011.07,38.67999,118.37,703.28,586.5925298926711,4922.44059891806,2239.5209297542438,988.822642118743,338.19175960996364,116.93416429568956,730.9239420212566,485.40961665471394,4427.640215661185,1769.5389932032995,988.6486797514416,408.8096869510114,116.93271488280523,711.2412697147188,485.40961665471394,4427.640215661185,1769.5389932032995,988.6486797514416,408.8096869510114,116.93271488280523,711.2412697147188
2026-02-07 08:00:00+00:00,1150.94,6270.36,3979.77,1002.99,0.21999578,117.43,710.55,583.1644794042462,4933.74402868707,2223.4525870206944,988.822642118743,353.4191775648342,116.93416429568956,730.3681767643604,485.40961665471394,4427.640215661185,1769.5389932032995,988.6486797514416,408.8096869510114,116.93271488280523,711.2412697147188,485.40961665471394,4427.640215661185,1769.5389932032995,988.6486797514416,408.8096869510114,116.93271488280523,711.2412697147188
2026-02-07 09:00:00+00:00,1156.33,6191.42,3926.02,1007.67,-5.431801e-06,117.98,702.84,578.340716735064,4911.397839022769,2199.043367362474,988.822642118743,368.64659551970476,116.93416429568956,729.7962359827541,485.40961665471394,4427.640215661185,1769.5389932032995,988.6486797514416,408.8096869510114,116.93271488280523,711.2412697147188,485.40961665471394,4427.640215661185,1769.5389932032995,988.6486797514416,408.8096869510114,116.93271488280523,711.2412697147188
2026-02-07 10:00:00+00:00,1151.93,6113.53,3878.75,1009.39,-5.431801e-06,118.18,714.27,572.8681827621455,4879.514434531775,2172.0462994574455,988.822642118743,383.87401347457535,116.93416429568956,729.1807371087818,485.40961665471394,4427.640215661185,1769.5389932032995,988.6486797514416,408.8096869510114,116.93271488280523,711.2412697147188,485.40961665471394,4427.640215661185,1769.5389932032995,988.6486797514416,408.8096869510114,116.93271488280523,711.2412697147188
2026-02-07 11:00:00+00:00,1141.01,6048.02,3820.23,1002.2,-5.431801e-06,117.33,720.87,567.438538949862,4845.212018719862,2146.55945289691,988.822642118743,399.1014314294459,116.93416429568956,728.3775411814255,485.40961665471394,4427.640215661185,1769.5389932032995,988.6486797514416,408.8096869510114,116.93271488280523,711.2412697147188,485.40961665471394,4427.640215661185,1769.5389932032995,988.6486797514416,408.8096869510114,116.93271488280523,711.2412697147188
2026-02-07 12:00:00+00:00,1143.68,6092.87,3793.49,1002.4,-5.431801e-06,117.36,721.64,565.9764478507124,4816.64256259461,2142.113292191314,988.822642118743,414.32884938431647,116.93416429568956,728.2781040058551,485.40961665471394,4427.640215661185,1769.5389932032995,988.6486797514416,408.8096869510114,116.93271488280523,711.2412697147188,485.40961665471394,4427.640215661185,1769.5389932032995,988.6486797514416,408.8096869510114,116.93271488280523,711.2412697147188
2026-02-07 13:00:00+00:00,1146.68,6135.99,3820.75,997.18,10.809992,116.75,716.66,565.7808138538524,4832.317221547108,2143.947378563987,988.822642118743,429.556267339187,116.93416429568956,727.9643522466324,485.40961665471394,4427.640215661185,1769.5389932032995,988.6486797514416,408.8096869510114,116.93271488280523,711.2412697147188,485.40961665471394,4427.640215661185,1769.5389932032995,988.6486797514416,408.8096869510114,116.93271488280523,711.2412697147188
2026-02-07 14:00:00+00:00,1146.39,6259.75,3882.17,1002.35,1.7400153,117.35,709.12,569.3957349204239,4915.850150368631,2166.030058173037,988.822642118743,444.7836852940576,116.93416429568956,727.8521439941001,485.40961665471394,4427.640215661185,1769.5389932032995,988.6486797514416,408.8096869510114,116.93271488280523,711.2412697147188,485.40961665471394,4427.640215661185,1769.5389932032995,988.6486797514416,408.8096869510114,116.93271488280523,711.2412697147188
2026-02-07 15:00:00+00:00,1147.37,6269.97,3958.48,1024.83,291.56,119.99,720.29,577.1362216495089,5017.758834116239,2208.7561606440636,988.822642118743,460.0111032489282,116.93416429568956,728.284176564183,485.40961665471394,4427.640215661185,1769.5389932032995,988.6486797514416,408.8096869510114,116.93271488280523,711.2412697147188,485.40961665471394,4427.640215661185,1769.5389932032995,988.6486797514416,408.8096869510114,116.93271488280523,711.2412697147188
2026-02-07 16:00:00+00:00,1145.68,6297.81,4042.56,1021.22,1061.18,119.56,738.19,584.6941912764717,5112.7601584912745,2251.2658951194317,988.822642118743,475.2385212037987,116.93416429568956,728.8537801674883,485.40961665471394,4427.640215661185,1769.5389932032995,988.6486797514416,408.8096869510114,116.93271488280523,711.2412697147188,485.40961665471394,4427.640215661185,1769.5389932032995,988.6486797514416,408.8096869510114,116.93271488280523,711.2412697147188
2026-02-07 17:00:00+00:00,1147.21,6327.39,4059.48,1035.96,1138.91,121.3,740.35,589.1886768760621,5134.114701783375,2276.364522386316,988.822642118743,490.46593915866924,116.93416429568956,729.4390135522444,485.40961665471394,4427.640215661185,1769.5389932032995,988.6486797514416,408.8096869510114,116.93271488280523,711.2412697147188,485.40961665471394,4427.640215661185,1769.5389932032995,988.6486797514416,408.8096869510114,116.93271488280523,711.2412697147188
2026-02-07 18:00:00+00:00,1152.46,6342.6,4054.48,1035.89,740.25,121.28,736.39,587.6608412731459,5073.8696386366,2272.2066904186254,988.822642118743,505.69335711353983,116.93416429568956,729.3737266816901,485.40961665471394,4427.640215661185,1769.5389932032995,988.6486797514416,408.8096869510114,116.93271488280523,711.2412697147188,485.40961665471394,4427.640215661185,1769.5389932032995,988.6486797514416,408.8096869510114,116.93271488280523,711.2412697147188
2026-02-07 19:00:00+00:00,1151.77,6339.6,4016.86,1028.77,62.240017,120.45,731.88,585.3554856826964,4971.571149622949,2264.95567464559,988.822642118743,520.9207750684104,116.93416429568956,729.691532993534,485.40961665471394,4427.640215661185,1769.5389932032995,988.6486797514416,408.8096869510114,116.93271488280523,711.2412697147188,485.40961665471394,4427.640215661185,1769.5389932032995,988.6486797514416,408.8096869510114,116.93271488280523,711.2412697147188
2026-02-07 20:00:00+00:00,1153.75,6361.78,3951.15,1001.12,-5.431801e-06,117.21,723.52,583.8262657412058,4894.084638598727,2261.498657920762,988.822642118743,536.148193023281,116.93416429568956,730.0235021926314,485.40961665471394,4427.640215661185,1769.5389932032995,988.6486797514416,408.8096869510114,116.93271488280523,711.2412697147188,485.40961665471394,4427.640215661185,1769.5389932032995,988.6486797514416,408.8096869510114,116.93271488280523,711.2412697147188
2026-02-07 21:00:00+00:00,1159.21,6347.16,3854.01,995.46,-5.431801e-06,116.55,719.89,582.4912433171279,4854.260170780614,2258.9038605891405,988.822642118743,551.3756109781515,116.93416429568956,730.2333646236516,485.40961665471394,4427.640215661185,1769.5389932032995,988.6486797514416,408.8096869510114,116.93271488280523,711.2412697147188,485.40961665471394,4427.640215661185,1769.5389932032995,988.6486797514416,408.8096869510114,116.93271488280523,711.2412697147188
2026-02-07 22:00:00+00:00,1139.07,6344.14,3727.3303,997.66,-5.431801e-06,116.8,726.67,580.9119827687118,4791.770343339692,2254.2583766354446,988.822642118743,566.6030289330221,116.93416429568956,730.4315234050622,485.40961665471394,4427.640215661185,1769.5389932032995,988.6486797514416,408.8096869510114,116.93271488280523,711.2412697147188,485.40961665471394,4427.640215661185,1769.5389932032995,988.6486797514416,408.8096869510114,116.93271488280523,711.2412697147188
2026-02-07 23:00:00+00:00,1125.15,6347.59,3679.01,991.2,33.39001,116.05,724.14,579.4207175176982,4726.086911295563,2250.145494486547,988.822642118743,581.8304468878927,116.93416429568956,730.628909616142,485.40961665471394,4427.640215661185,1769.5389932032995,988.6486797514416,408.8096869510114,116.93271488280523,711.2412697147188,485.40961665471394,4427.640215661185,1769.5389932032995,988.6486797514416,408.8096869510114,116.93271488280523,711.2412697147188
2026-02-08 00:00:00+00:00,1127.13,6342.37,3640.58,974.39,-5.431801e-06,114.08,722.85,578.2587610136694,4675.535936760518,2181.8974512700693,988.822642118743,231.59983392586966,116.93416429568956,730.5664382160966,485.40961665471394,4427.640215661185,1769.5389932032995,988.6486797514416,408.8096869510114,116.93271488280523,711.2412697147188,485.40961665471394,4427.640215661185,1769.5389932032995,988.6486797514416,408.8096869510114,116.93271488280523,711.2412697147188
2026-02-08 01:00:00+00:00,1128.58,6170.29,3637.17,991.25,-5.431801e-06,116.05,716.76,578.8363713661806,4656.350883879621,2186.860943335292,988.822642118743,246.82725188074022,116.93416429568956,730.765520975726,485.40961665471394,4427.640215661185,1769.5389932032995,988.6486797514416,408.8096869510114,116.93271488280523,711.2412697147188,485.40961665471394,4427.640215661185,1769.5389932032995,988.6486797514416,408.8096869510114,116.93271488280523,711.2412697147188
2026-02-08 02:00:00+00:00,1137.62,6057.08,3622.07,992.76,-5.431801e-06,116.24,711.88,579.7189869182863,4659.636773870087,2193.5327982065905,988.822642118743,262.05466983561075,116.93416429568956,731.0022912618468,485.40961665471394,4427.640215661185,1769.5389932032995,988.6486797514416,408.8096869510114,116.93271488280523,711.2412697147188,485.40961665471394,4427.640215661185,1769.5389932032995,988.6486797514416,408.8096869510114,116.93271488280523,711.2412697147188
2026-02-08 03:00:00+00:00,1142.8,6072.62,3626.81,1000.61,-5.431801e-06,117.15,712.32,581.0652446028176,4672.7040035266555,2202.2842481470775,988.822642118743,277.28208779048134,116.93416429568956,731.1551656794636,485.40961665471394,4427.640215661185,1769.5389932032995,988.6486797514416,408.8096869510114,116.93271488280523,711.2412697147188,485.40961665471394,4427.640215661185,1769.5389932032995,988.6486797514416,408.8096869510114,116.93271488280523,711.2412697147188
2026-02-08 04:00:00+00:00,1150.33,6103.34,3658.69,997.11,-5.431801e-06,116.74,718.2,581.4998705830255,4670.503061297023,2207.336249911962,988.822642118743,292.50950574535193,116.93416429568956,731.3248059000322,485.40961665471394,4427.640215661185,1769.5389932032995,988.6486797514416,408.8096869510114,116.93271488280523,711.2412697147188,485.40961665471394,4427.640215661185,1769.5389932032995,988.6486797514416,408.8096869510114,116.93271488280523,711.2412697147188
2026-02-08 05:00:00+00:00,1155.54,6097.14,3702.13,997.44,-5.431801e-06,116.78,723.37,582.2633489928928,4673.493776742073,2213.7397497685247,988.822642118743,307.7369237002225,116.93416429568956,731.4685607239968,485.40961665471394,4427.640215661185,1769.5389932032995,988.6486797514416,408.8096869510114,116.93271488280523,711.2412697147188,485.40961665471394,4427.640215661185,1769.5389932032995,988.6486797514416,408.8096869510114,116.93271488280523,711.2412697147188
2026-02-08 06:00:00+00:00,1140.65,6171.13,3779.26,1010.22,-5.431801e-06,118.28,718.14,583.8113965229982,4719.115959089497,2223.8843705577774,988.822642118743,322.96434165509305,116.93416429568956,731.4649247022568,485.40961665471394,4427.640215661185,1769.5389932032995,988.6486797514416,408.8096869510114,116.93271488280523,711.2412697147188,485.40961665471394,4427.640215661185,1769.5389932032995,988.6486797514416,408.8096869510114,116.93271488280523,711.2412697147188
2026-02-08 07:00:00+00:00,1141.96,6413.7,3838.81,1015.74,-5.431801e-06,118.93,727.16,585.513182531892,4767.6024583933195,2233.2100282561314,988.822642118743,338.19175960996364,116.93416429568956,731.5537989685613,485.40961665471394,4427.640215661185,1769.5389932032995,988.6486797514416,408.8096869510114,116.93271488280523,711.2412697147188,485.40961665471394,4427.640215661185,1769.5389932032995,988.6486797514416,408.8096869510114,116.93271488280523,711.2412697147188
2026-02-08 08:00:00+00:00,1139.63,6423.94,3837.16,1004.62,-5.431801e-06,117.62,723.59,585.6442676277494,4780.830312661213,2234.0690696520396,988.822642118743,353.4191775648342,116.93416429568956,731.4159043943408,485.40961665471394,4427.640215661185,1769.5389932032995,988.6486797514416,408.8096869510114,116.93271488280523,711.2412697147188,485.40961665471394,4427.640215661185,1769.5389932032995,988.6486797514416,408.8096869510114,116.93271488280523,711.2412697147188
2026-02-08 09:00:00+00:00,1137.63,6410.75,3780.69,1016.26,-5.431801e-06,119.0,723.09,583.5714811475073,4757.224959903491,2225.2811280337396,988.822642118743,368.64659551970476,116.93416429568956,731.0889632049904,485.40961665471394,4427.640215661185,1769.5389932032995,988.6486797514416,408.8096869510114,116.93271488280523,711.2412697147188,485.40961665471394,4427.640215661185,1769.5389932032995,988.6486797514416,408.8096869510114,116.93271488280523,711.2412697147188
2026-02-08 10:00:00+00:00,1141.38,6285.72,3660.54,1022.66,-5.431801e-06,119.74,721.81,581.5285032576575,4759.999771154997,2216.6910388935894,988.822642118743,383.87401347457535,116.93416429568956,730.6477628713003,485.40961665471394,4427.640215661185,1769.5389932032995,988.6486797514416,408.8096869510114,116.93271488280523,711.2412697147188,485.40961665471394,4427.640215661185,1769.5389932032995,988.6486797514416,408.8096869510114,116.93271488280523,711.2412697147188
2026-02-08 11:00:00+00:00,1141.74,6124.02,3620.06,1030.39,-5.431801e-06,120.64,719.76,578.835123897768,4716.256784682738,2205.5164106045604,988.822642118743,399.1014314294459,116.93416429568956,730.2355419045286,485.40961665471394,4427.640215661185,1769.5389932032995,988.6486797514416,408.8096869510114,116.93271488280523,711.2412697147188,485.40961665471394,4427.640215661185,1769.5389932032995,988.6486797514416,408.8096869510114,116.93271488280523,711.2412697147188
2026-02-08 12:00:00+00:00,1134.86,6098.21,3609.59,1036.75,-5.431801e-06,121.39,721.64,579.1533101613684,4678.148184256825,2208.190316518344,988.822642118743,414.32884938431647,116.93416429568956,730.4906953334644,485.40961665471394,4427.640215661185,1769.5389932032995,988.6486797514416,408.8096869510114,116.93271488280523,711.2412697147188,485.40961665471394,4427.640215661185,1769.5389932032995,988.6486797514416,408.8096869510114,116.93271488280523,711.2412697147188
2026-02-08 13:00:00+00:00,1134.62,6254.3,3681.19,1033.55,-5.431801e-06,121.01,719.15,578.4468052700358,4680.149428829397,2207.8919593096316,988.822642118743,429.556267339187,116.93416429568956,730.3445039975318,485.40961665471394,4427.640215661185,1769.5389932032995,988.6486797514416,408.8096869510114,116.93271488280523,711.2412697147188,485.40961665471394,4427.640215661185,1769.5389932032995,988.6486797514416,408.8096869510114,116.93271488280523,711.2412697147188
2026-02-08 14:00:00+00:00,1139.7,6317.14,3747.98,1034.14,24.140009,121.08,711.54,579.7794433734418,4741.895289704311,2219.2845261887146,988.822642118743,444.7836852940576,116.93416429568956,730.271883217537,485.40961665471394,4427.640215661185,1769.5389932032995,988.6486797514416,408.8096869510114,116.93271488280523,711.2412697147188,485.40961665471394,4427.640215661185,1769.5389932032995,988.6486797514416,408.8096869510114,116.93271488280523,711.2412697147188
2026-02-08 15:00:00+00:00,1154.79,6403.96,3953.11,1072.17,146.52002,125.53,738.4,584.6669433242714,4855.0618322203,2248.153988496244,988.822642118743,460.0111032489282,116.93416429568956,730.5199345790169,485.40961665471394,4427.640215661185,1769.5389932032995,988.6486797514416,408.8096869510114,116.93271488280523,711.2412697147188,485.40961665471394,4427.640215661185,1769.5389932032995,988.6486797514416,408.8096869510114,116.93271488280523,711.2412697147188
2026-02-08 16:00:00+00:00,1158.85,6418.71,4081.47,1074.62,523.02,137.85,728.15,591.1501882519804,4967.771985583425,2284.2669043931696,988.822642118743,475.2385212037987,116.93416429568956,731.112480599958,485.40961665471394,4427.640215661185,1769.5389932032995,988.6486797514416,408.8096869510114,116.93271488280523,711.2412697147188,485.40961665471394,4427.640215661185,1769.5389932032995,988.6486797514416,408.8096869510114,116.93271488280523,711.2412697147188
2026-02-08 17:00:00+00:00,1163.54,6416.74,4141.18,1077.98,519.18,138.66,728.43,595.0466623366913,5011.055040309449,2306.1336241843,988.822642118743,490.46593915866924,116.93416429568956,731.5486519240545,485.40961665471394,4427.640215661185,1769.5389932032995,988.6486797514416,408.8096869510114,116.93271488280523,711.2412697147188,485.40961665471394,4427.640215661185,1769.5389932032995,988.6486797514416,408.8096869510114,116.93271488280523,711.2412697147188
2026-02-08 18:00:00+00:00,1162.03,6419.72,4149.55,1077.3,415.73,126.13,726.9,594.6708433728264,4966.045583804731,2307.3733931766965,988.822642118743,505.69335711353983,116.93416429568956,731.7073317763526,485.40961665471394,4427.640215661185,1769.5389932032995,988.6486797514416,408.8096869510114,116.93271488280523,711.2412697147188,485.40961665471394,4427.640215661185,1769.5389932032995,988.6486797514416,408.8096869510114,116.93271488280523,711.2412697147188
2026-02-08 19:00:00+00:00,1165.85,6411.26,4075.93,1057.28,36.800014,123.79,722.03,594.1656721224106,4910.579702776245,2308.159540911282,988.822642118743,520.9207750684104,116.93416429568956,732.004833516457,485.40961665471394,4427.640215661185,1769.5389932032995,988.6486797514416,408.8096869510114,116.93271488280523,711.2412697147188,485.40961665471394,4427.640215661185,1769.5389932032995,988.6486797514416,408.8096869510114,116.93271488280523,711.2412697147188
2026-02-08 20:00:00+00:00,1168.36,6428.36,3918.37,1046.68,-5.431801e-06,122.55,713.9,594.2788018655257,4872.810764916086,2312.059047338003,988.822642118743,536.148193023281,116.93416429568956,732.3658755352589,485.40961665471394,4427.640215661185,1769.5389932032995,988.6486797514416,408.8096869510114,116.93271488280523,711.2412697147188,485.40961665471394,4427.640215661185,1769.5389932032995,988.6486797514416,408.8096869510114,116.93271488280523,711.2412697147188
2026-02-08 21:00:00+00:00,1173.11,6401.95,3866.56,1026.8,58.17999,120.22,708.58,592.8651801146616,4851.561023213085,2309.0797051298377,988.822642118743,551.3756109781515,116.93416429568956,732.495021699542,485.40961665471394,4427.640215661185,1769.5389932032995,988.6486797514416,408.8096869510114,116.93271488280523,711.2412697147188,485.40961665471394,4427.640215661185,1769.5389932032995,988.6486797514416,408.8096869510114,116.93271488280523,711.2412697147188
2026-02-08 22:00:00+00:00,1140.34,6261.42,3794.31,1017.07,-5.431801e-06,119.08,711.5,589.886955185241,4800.884733138871,2298.5931056556396,988.822642118743,566.6030289330221,116.93416429568956,732.5154331623415,485.40961665471394,4427.640215661185,1769.5389932032995,988.6486797514416,408.8096869510114,116.93271488280523,711.2412697147188,485.40961665471394,4427.640215661185,1769.5389932032995,988.6486797514416,408.8096869510114,116.93271488280523,711.2412697147188
2026-02-08 23:00:00+00:00,1130.28,5945.43,3785.83,1024.0,-5.431801e-06,119.89,681.12,587.9923653364464,4763.107549335543,2292.991805075169,988.822642118743,581.8304468878927,116.93416429568956,732.6914845178408,485.40961665471394,4427.640215661185,1769.5389932032995,988.6486797514416,408.8096869510114,116.93271488280523,711.2412697147188,485.40961665471394,4427.640215661185,1769.5389932032995,988.6486797514416,408.8096869510114,116.93271488280523,711.2412697147188
2026-02-09 00:00:00+00:00,1132.13,5934.36,3791.76,1017.86,-5.431801e-06,119.18,649.82,586.2519557791811,4748.151441213321,2222.182710819583,988.822642118743,231.59983392586966,116.93416429568956,732.4091833990491,485.40961665471394,4427.640215661185,1769.5389932032995,988.6486797514416,408.8096869510114,116.93271488280523,711.2412697147188,485.40961665471394,4427.640215661185,1769.5389932032995,988.6486797514416,408.8096869510114,116.93271488280523,711.2412697147188
2026-02-09 01:00:00+00:00,1126.08,5922.89,3792.32,1021.68,-5.431801e-06,119.63,673.02,586.7968454742945,4744.912495145364,2227.3871744204216,988.822642118743,246.82725188074022,116.93416429568956,732.6306113001748,485.40961665471394,4427.640215661185,1769.5389932032995,988.6486797514416,408.8096869510114,116.93271488280523,711.2412697147188,485.40961665471394,4427.640215661185,1769.5389932032995,988.6486797514416,408.8096869510114,116.93271488280523,711.2412697147188
2026-02-09 02:00:00+00:00,1126.27,5935.46,3779.4,1022.17,0.029993348,119.68,670.7,587.2107120732262,4749.58033428392,2232.901618225238,988.822642118743,262.05466983561075,116.93416429568956,732.7929760129163,485.40961665471394,4427.640215661185,1769.5389932032995,988.6486797514416,408.8096869510114,116.93271488280523,711.2412697147188,485.40961665471394,4427.640215661185,1769.5389932032995,988.6486797514416,408.8096869510114,116.93271488280523,711.2412697147188
2026-02-09 03:00:00+00:00,1124.39,5950.34,3827.71,1022.53,55.790005,119.72,674.25,588.6718638611436,4790.449569335739,2243.679178595373,988.822642118743,277.28208779048134,116.93416429568956,732.9771343480414,485.40961665471394,4427.640215661185,1769.5389932032995,988.6486797514416,408.8096869510114,116.93271488280523,711.2412697147188,485.40961665471394,4427.640215661185,1769.5389932032995,988.6486797514416,408.8096869510114,116.93271488280523,711.2412697147188
2026-02-09 04:00:00+00:00,1152.31,6122.62,3971.63,1027.24,71.81002,120.28,681.82,592.8287235635468,4908.274677816633,2266.5777875179983,988.822642118743,292.50950574535193,116.93416429568956,733.0542152340502,485.40961665471394,4427.640215661185,1769.5389932032995,988.6486797514416,408.8096869510114,116.93271488280523,711.2412697147188,485.40961665471394,4427.640215661185,1769.5389932032995,988.6486797514416,408.8096869510114,116.93271488280523,711.2412697147188
2026-02-09 05:00:00+00:00,1161.74,6307.91,4221.85,1039.06,352.68,121.8,672.1,600.9530146562853,5115.967013489675,2309.584708911289,988.822642118743,307.7369237002225,116.93416429568956,733.1634510665208,485.40961665471394,4427.640215661185,1769.5389932032995,988.6486797514416,408.8096869510114,116.93271488280523,711.2412697147188,485.40961665471394,4427.640215661185,1769.5389932032995,988.6486797514416,408.8096869510114,116.93271488280523,711.2412697147188
2026-02-09 06:00:00+00:00,1155.17,6284.03,4370.4194,1039.59,779.88,136.03,673.02,604.8886357404419,5248.656608505204,2333.0770007084866,988.822642118743,322.96434165509305,116.93416429568956,732.997861652747,485.40961665471394,4427.640215661185,1769.5389932032995,988.6486797514416,408.8096869510114,116.93271488280523,711.2412697147188,485.40961665471394,4427.640215661185,1769.5389932032995,988.6486797514416,408.8096869510114,116.93271488280523,711.2412697147188
2026-02-09 07:00:00+00:00,1156.95,6183.67,4433.61,1055.16,1235.14,150.69,666.75,606.5992036255482,5283.153947082727,2344.809410400663,988.822642118743,338.19175960996364,116.93416429568956,733.1722501254338,485.40961665471394,4427.640215661185,1769.5389932032995,988.6486797514416,408.8096869510114,116.93271488280523,711.2412697147188,485.40961665471394,4427.640215661185,1769.5389932032995,988.6486797514416,408.8096869510114,116.93271488280523,711.2412697147188
2026-02-09 08:00:00+00:00,1155.52,6135.91,4351.86,1049.4,1143.8,147.03,665.43,601.5477373910416,5234.034613911996,2323.6995154032047,988.822642118743,353.4191775648342,116.93416429568956,732.5307866995529,485.40961665471394,4427.640215661185,1769.5389932032995,988.6486797514416,408.8096869510114,116.93271488280523,711.2412697147188,485.40961665471394,4427.640215661185,1769.5389932032995,988.6486797514416,408.8096869510114,116.93271488280523,711.2412697147188
2026-02-09 09:00:00+00:00,1155.52,6135.25,4257.9,1035.25,277.96,135.7,663.62,592.4430335019656,5159.782830623321,2284.370935921724,988.822642118743,368.64659551970476,116.93416429568956,731.3774533875198,485.40961665471394,4427.640215661185,1769.5389932032995,988.6486797514416,408.8096869510114,116.93271488280523,711.2412697147188,485.40961665471394,4427.640215661185,1769.5389932032995,988.6486797514416,408.8096869510114,116.93271488280523,711.2412697147188
2026-02-09 10:00:00+00:00,1159.05,6168.37,4247.83,1034.45,67.27999,121.1,659.08,582.9735266693773,5080.47200184924,2243.3787752692415,988.822642118743,383.87401347457535,116.93416429568956,730.1867545459407,485.40961665471394,4427.640215661185,1769.5389932032995,988.6486797514416,408.8096869510114,116.93271488280523,711.2412697147188,485.40961665471394,4427.640215661185,1769.5389932032995,988.6486797514416,408.8096869510114,116.93271488280523,711.2412697147188
2026-02-09 11:00:00+00:00,1159.38,6147.53,4238.59,1033.6,338.26,121.0,659.63,577.2427280539954,5061.8298103224815,2217.2739582279796,988.822642118743,399.1014314294459,116.93416429568956,728.9216778037469,485.40961665471394,4427.640215661185,1769.5389932032995,988.6486797514416,408.8096869510114,116.93271488280523,711.2412697147188,485.40961665471394,4427.640215661185,1769.5389932032995,988.6486797514416,408.8096869510114,116.93271488280523,711.2412697147188
2026-02-09 12:00:00+00:00,1163.13,6206.06,4241.78,1031.0,375.61,120.7,666.39,577.9552727616771,5063.0462085844265,2221.15678410251,988.822642118743,414.32884938431647,116.93416429568956,729.0154584802542,485.40961665471394,4427.640215661185,1769.5389932032995,988.6486797514416,408.8096869510114,116.93271488280523,711.2412697147188,485.40961665471394,4427.640215661185,1769.5389932032995,988.6486797514416,408.8096869510114,116.93271488280523,711.2412697147188
2026-02-09 13:00:00+00:00,1111.09,6194.56,4252.22,1032.45,421.47,120.87,664.11,577.0776607569787,5114.723580124521,2216.095444001412,988.822642118743,429.556267339187,116.93416429568956,728.1689720867546,485.40961665471394,4427.640215661185,1769.5389932032995,988.6486797514416,408.8096869510114,116.93271488280523,711.2412697147188,485.40961665471394,4427.640215661185,1769.5389932032995,988.6486797514416,408.8096869510114,116.93271488280523,711.2412697147188
2026-02-09 14:00:00+00:00,1080.19,6236.32,4257.49,1029.9,706.94,120.56,666.3,578.7407597693465,5186.201338052973,2224.9719412394693,988.822642118743,444.7836852940576,116.93416429568956,727.6456893564197,485.40961665471394,4427.640215661185,1769.5389932032995,988.6486797514416,408.8096869510114,116.93271488280523,711.2412697147188,485.40961665471394,4427.640215661185,1769.5389932032995,988.6486797514416,408.8096869510114,116.93271488280523,711.2412697147188
2026-02-09 15:00:00+00:00,1080.31,6206.89,4299.37,1056.63,1293.99,135.92,657.14,581.9228569410034,5219.458641558976,2244.204368401472,988.822642118743,460.0111032489282,116.93416429568956,727.9712909208362,485.40961665471394,4427.640215661185,1769.5389932032995,988.6486797514416,408.8096869510114,116.93271488280523,711.2412697147188,485.40961665471394,4427.640215661185,1769.5389932032995,988.6486797514416,408.8096869510114,116.93271488280523,711.2412697147188
2026-02-09 16:00:00+00:00,1077.4,6225.45,4367.27,1054.93,1389.4,147.58,681.75,588.1910982816041,5259.822395485428,2280.2610638925585,988.822642118743,475.2385212037987,116.93416429568956,729.0378935183007,485.40961665471394,4427.640215661185,1769.5389932032995,988.6486797514416,408.8096869510114,116.93271488280523,711.2412697147188,485.40961665471394,4427.640215661185,1769.5389932032995,988.6486797514416,408.8096869510114,116.93271488280523,711.2412697147188
2026-02-09 17:00:00+00:00,1049.92,6235.32,4389.31,1037.66,1341.17,145.64,676.0,593.7649527136932,5257.366009044699,2311.0697691696505,988.822642118743,490.46593915866924,116.93416429568956,730.1584342937109,485.40961665471394,4427.640215661185,1769.5389932032995,988.6486797514416,408.8096869510114,116.93271488280523,711.2412697147188,485.40961665471394,4427.640215661185,1769.5389932032995,988.6486797514416,408.8096869510114,116.93271488280523,711.2412697147188
2026-02-09 18:00:00+00:00,951.65,6249.47,4421.96,1035.03,1255.72,133.57,663.4,593.1661613128766,5222.641070616314,2309.9032406797864,988.822642118743,505.69335711353983,116.93416429568956,730.1984286391596,485.40961665471394,4427.640215661185,1769.5389932032995,988.6486797514416,408.8096869510114,116.93271488280523,711.2412697147188,485.40961665471394,4427.640215661185,1769.5389932032995,988.6486797514416,408.8096869510114,116.93271488280523,711.2412697147188
2026-02-09 19:00:00+00:00,983.3401,6249.56,4373.64,1028.75,521.0,120.43,647.1,590.0063237810689,5131.705083232679,2298.18820275951,988.822642118743,520.9207750684104,116.93416429568956,730.461160768127,485.40961665471394,4427.640215661185,1769.5389932032995,988.6486797514416,408.8096869510114,116.93271488280523,711.2412697147188,485.40961665471394,4427.640215661185,1769.5389932032995,988.6486797514416,408.8096869510114,116.93271488280523,711.2412697147188
2026-02-09 20:00:00+00:00,984.44,6239.3,4247.45,1018.58,218.44,119.24,651.71,588.1598053494193,5050.3194280597045,2291.871807640298,988.822642118743,536.148193023281,116.93416429568956,730.5974000429126,485.40961665471394,4427.640215661185,1769.5389932032995,988.6486797514416,408.8096869510114,116.93271488280523,711.2412697147188,485.40961665471394,4427.640215661185,1769.5389932032995,988.6486797514416,408.8096869510114,116.93271488280523,711.2412697147188
2026-02-09 21:00:00+00:00,979.82007,6229.92,4084.27,1020.62,70.02999,119.48,642.04,585.99757376795,4980.706924955694,2283.472036445234,988.822642118743,551.3756109781515,116.93416429568956,730.8264325242335,485.40961665471394,4427.640215661185,1769.5389932032995,988.6486797514416,408.8096869510114,116.93271488280523,711.2412697147188,485.40961665471394,4427.640215661185,1769.5389932032995,988.6486797514416,408.8096869510114,116.93271488280523,711.2412697147188
2026-02-09 22:00:00+00:00,976.48,6259.93,4003.54,1009.45,55.41,118.17,640.13,582.5857720744439,4894.070158365112,2269.818051418379,988.822642118743,566.6030289330221,116.93416429568956,730.8706497348717,485.40961665471394,4427.640215661185,1769.5389932032995,988.6486797514416,408.8096869510114,116.93271488280523,711.2412697147188,485.40961665471394,4427.640215661185,1769.5389932032995,988.6486797514416,408.8096869510114,116.93271488280523,711.2412697147188
2026-02-09 23:00:00+00:00,977.74,6281.25,3920.0,1013.45,43.64001,118.64,947.96,579.9910087174228,4812.49481931258,2260.6791469867117,988.822642118743,581.8304468878927,116.93416429568956,730.9520083346149,485.40961665471394,4427.640215661185,1769.5389932032995,988.6486797514416,408.8096869510114,116.93271488280523,711.2412697147188,485.40961665471394,4427.640215661185,1769.5389932032995,988.6486797514416,408.8096869510114,116.93271488280523,711.2412697147188
2026-02-10 00:00:00+00:00,984.6,6284.63,3898.22,1011.02,-5.431801e-06,118.35,947.1,578.0040191590768,4774.541759620077,2188.6458594628243,988.822642118743,231.59983392586966,116.93416429568956,730.8093631405528,485.40961665471394,4427.640215661185,1769.5389932032995,988.6486797514416,408.8096869510114,116.93271488280523,711.2412697147188,485.40961665471394,4427.640215661185,1769.5389932032995,988.6486797514416,408.8096869510114,116.93271488280523,711.2412697147188
2026-02-10 01:00:00+00:00,982.37,6276.61,3874.32,1013.55,-5.431801e-06,118.65,942.53,578.8823488832173,4759.115086768048,2195.595085889323,988.822642118743,246.82725188074022,116.93416429568956,731.3477032104732,485.40961665471394,4427.640215661185,1769.5389932032995,988.6486797514416,408.8096869510114,116.93271488280523,711.2412697147188,485.40961665471394,4427.640215661185,1769.5389932032995,988.6486797514416,408.8096869510114,116.93271488280523,711.2412697147188
2026-02-10 02:00:00+00:00,984.53,6297.55,3870.02,1015.11,-5.431801e-06,118.84,939.69,579.7707307201104,4765.098623450709,2202.6498047241093,988.822642118743,262.05466983561075,116.93416429568956,731.2781133320748,485.40961665471394,4427.640215661185,1769.5389932032995,988.6486797514416,408.8096869510114,116.93271488280523,711.2412697147188,485.40961665471394,4427.640215661185,1769.5389932032995,988.6486797514416,408.8096869510114,116.93271488280523,711.2412697147188
2026-02-10 03:00:00+00:00,986.15,6631.1,3867.87,1014.39,-5.431801e-06,118.75,941.79,580.4266360217584,4778.915689893975,2209.666705499123,988.822642118743,277.28208779048134,116.93416429568956,731.3895306268521,485.40961665471394,4427.640215661185,1769.5389932032995,988.6486797514416,408.8096869510114,116.93271488280523,711.2412697147188,485.40961665471394,4427.640215661185,1769.5389932032995,988.6486797514416,408.8096869510114,116.93271488280523,711.2412697147188
2026-02-10 04:00:00+00:00,989.22,6725.89,3941.38,1019.33,-5.431801e-06,119.33,948.92,583.1185088998493,4841.07052396017,2225.8706764174267,988.822642118743,292.50950574535193,116.93416429568956,731.5861204797658,485.40961665471394,4427.640215661185,1769.5389932032995,988.6486797514416,408.8096869510114,116.93271488280523,711.2412697147188,485.40961665471394,4427.640215661185,1769.5389932032995,988.6486797514416,408.8096869510114,116.93271488280523,711.2412697147188
2026-02-10 05:00:00+00:00,993.95,6788.64,4093.53,1029.1,290.71,120.47,948.09,590.6600405471858,5001.980950893895,2266.4491985930913,988.822642118743,307.7369237002225,116.93416429568956,732.0573670248601,485.40961665471394,4427.640215661185,1769.5389932032995,988.6486797514416,408.8096869510114,116.93271488280523,711.2412697147188,485.40961665471394,4427.640215661185,1769.5389932032995,988.6486797514416,408.8096869510114,116.93271488280523,711.2412697147188
2026-02-10 06:00:00+00:00,993.23,6860.11,4162.23,1025.81,1044.25,120.09,947.49,591.7099374666757,5112.763690315313,2275.1980333640317,988.822642118743,322.96434165509305,116.93416429568956,731.2452405404899,485.40961665471394,4427.640215661185,1769.5389932032995,988.6486797514416,408.8096869510114,116.93271488280523,711.2412697147188,485.40961665471394,4427.640215661185,1769.5389932032995,988.6486797514416,408.8096869510114,116.93271488280523,711.2412697147188
2026-02-10 07:00:00+00:00,991.38007,6918.71,4173.26,1045.43,1031.84,122.38,946.09,590.4582518612276,5094.166084659909,2272.1779907073546,988.822642118743,338.19175960996364,116.93416429568956,730.8081895708393,485.40961665471394,4427.640215661185,1769.5389932032995,988.6486797514416,408.8096869510114,116.93271488280523,711.2412697147188,485.40961665471394,4427.640215661185,1769.5389932032995,988.6486797514416,408.8096869510114,116.93271488280523,711.2412697147188
2026-02-10 08:00:00+00:00,988.44006,6940.69,4149.76,1048.81,711.54,122.78,952.63,585.7298092995788,4996.6612736673915,2248.8557756870237,988.822642118743,353.4191775648342,116.93416429568956,729.8889959858906,485.40961665471394,4427.640215661185,1769.5389932032995,988.6486797514416,408.8096869510114,116.93271488280523,711.2412697147188,485.40961665471394,4427.640215661185,1769.5389932032995,988.6486797514416,408.8096869510114,116.93271488280523,711.2412697147188
2026-02-10 09:00:00+00:00,989.98,6977.43,4134.91,1048.19,290.72,122.71,957.5,577.6547458284751,4899.466891156252,2210.7074137743184,988.822642118743,368.64659551970476,116.93416429568956,727.9233317221513,485.40961665471394,4427.640215661185,1769.5389932032995,988.6486797514416,408.8096869510114,116.93271488280523,711.2412697147188,485.40961665471394,4427.640215661185,1769.5389932032995,988.6486797514416,408.8096869510114,116.93271488280523,711.2412697147188
2026-02-10 10:00:00+00:00,990.36005,6931.77,4089.52,1040.93,48.14001,121.86,957.52,569.428028433702,4833.475958145882,2169.845857017647,988.822642118743,383.87401347457535,116.93416429568956,725.4407364576801,485.40961665471394,4427.640215661185,1769.5389932032995,988.6486797514416,408.8096869510114,116.93271488280523,711.2412697147188,485.40961665471394,4427.640215661185,1769.5389932032995,988.6486797514416,408.8096869510114,116.93271488280523,711.2412697147188
2026-02-10 11:00:00+00:00,991.08,6536.31,4044.51,1027.81,38.740017,120.32,967.36,562.9832167225487,4796.214716299378,2136.2724249996345,988.822642118743,399.1014314294459,116.93416429568956,723.2207743536353,485.40961665471394,4427.640215661185,1769.5389932032995,988.6486797514416,408.8096869510114,116.93271488280523,711.2412697147188,485.40961665471394,4427.640215661185,1769.5389932032995,988.6486797514416,408.8096869510114,116.93271488280523,711.2412697147188
2026-02-10 12:00:00+00:00,990.89,6720.21,4016.01,1020.93,45.14001,119.52,950.66,560.8518897265297,4792.730463957299,2128.7828422484827,988.822642118743,414.32884938431647,116.93416429568956,722.6297724699923,485.40961665471394,4427.640215661185,1769.5389932032995,988.6486797514416,408.8096869510114,116.93271488280523,711.2412697147188,485.40961665471394,4427.640215661185,1769.5389932032995,988.6486797514416,408.8096869510114,116.93271488280523,711.2412697147188
2026-02-10 13:00:00+00:00,992.6501,7142.68,4029.37,1025.82,64.709984,120.09,948.4,556.9780960273749,4867.938419765595,2109.0727023450377,988.822642118743,429.556267339187,116.93416429568956,721.096067920662,485.40961665471394,4427.640215661185,1769.5389932032995,988.6486797514416,408.8096869510114,116.93271488280523,711.2412697147188,485.40961665471394,4427.640215661185,1769.5389932032995,988.6486797514416,408.8096869510114,116.93271488280523,711.2412697147188
2026-02-10 14:00:00+00:00,992.06,7156.23,4055.78,1037.97,171.61,121.51,950.07,556.8686670637943,4991.004831638538,2110.618165721323,988.822642118743,444.7836852940576,116.93416429568956,720.6732376076848,485.40961665471394,4427.640215661185,1769.5389932032995,988.6486797514416,408.8096869510114,116.93271488280523,711.2412697147188,485.40961665471394,4427.640215661185,1769.5389932032995,988.6486797514416,408.8096869510114,116.93271488280523,711.2412697147188
2026-02-10 15:00:00+00:00,992.96,7138.15,4117.69,1039.06,770.77997,121.64,950.23,561.6585090731824,5040.752521931373,2140.169045954771,988.822642118743,460.0111032489282,116.93416429568956,721.8547418603393,485.40961665471394,4427.640215661185,1769.5389932032995,988.6486797514416,408.8096869510114,116.93271488280523,711.2412697147188,485.40961665471394,4427.640215661185,1769.5389932032995,988.6486797514416,408.8096869510114,116.93271488280523,711.2412697147188
2026-02-10 16:00:00+00:00,993.6501,7128.54,4132.3,1036.38,1082.91,133.68,952.88,571.4710923394807,5050.197162920695,2195.5588626773415,988.822642118743,475.2385212037987,116.93416429568956,724.1170496866555,485.40961665471394,4427.640215661185,1769.5389932032995,988.6486797514416,408.8096869510114,116.93271488280523,711.2412697147188,485.40961665471394,4427.640215661185,1769.5389932032995,988.6486797514416,408.8096869510114,116.93271488280523,711.2412697147188
2026-02-10 17:00:00+00:00,994.85,7110.78,4158.24,1047.58,943.02,135.28,953.23,574.3984050855473,4987.540493188473,2215.648221116051,988.822642118743,490.46593915866924,116.93416429568956,725.2035868511533,485.40961665471394,4427.640215661185,1769.5389932032995,988.6486797514416,408.8096869510114,116.93271488280523,711.2412697147188,485.40961665471394,4427.640215661185,1769.5389932032995,988.6486797514416,408.8096869510114,116.93271488280523,711.2412697147188
2026-02-10 18:00:00+00:00,993.85,7119.51,4132.34,1039.22,386.12,121.66,955.47,573.467604594708,4949.875617703865,2213.7880499512135,988.822642118743,505.69335711353983,116.93416429568956,725.2899046300051,485.40961665471394,4427.640215661185,1769.5389932032995,988.6486797514416,408.8096869510114,116.93271488280523,711.2412697147188,485.40961665471394,4427.640215661185,1769.5389932032995,988.6486797514416,408.8096869510114,116.93271488280523,711.2412697147188
2026-02-10 19:00:00+00:00,995.86,7154.42,4066.37,1037.03,52.61999,121.4,946.26,570.6074135854453,4872.894523480678,2202.362518359698,988.822642118743,520.9207750684104,116.93416429568956,725.5062108429329,485.40961665471394,4427.640215661185,1769.5389932032995,988.6486797514416,408.8096869510114,116.93271488280523,711.2412697147188,485.40961665471394,4427.640215661185,1769.5389932032995,988.6486797514416,408.8096869510114,116.93271488280523,711.2412697147188
2026-02-10 20:00:00+00:00,975.42,7156.06,3955.36,1036.26,64.88,121.31,950.77,568.5828359093516,4783.431170659477,2194.9043415126866,988.822642118743,536.148193023281,116.93416429568956,725.8142231408408,485.40961665471394,4427.640215661185,1769.5389932032995,988.6486797514416,408.8096869510114,116.93271488280523,711.2412697147188,485.40961665471394,4427.640215661185,1769.5389932032995,988.6486797514416,408.8096869510114,116.93271488280523,711.2412697147188
2026-02-10 21:00:00+00:00,962.76,7118.75,3857.2,1041.83,42.559994,121.96,945.55,564.8726198606438,4707.935022208055,2177.647448646738,988.822642118743,551.3756109781515,116.93416429568956,725.708963697331,485.40961665471394,4427.640215661185,1769.5389932032995,988.6486797514416,408.8096869510114,116.93271488280523,711.2412697147188,485.40961665471394,4427.640215661185,1769.5389932032995,988.6486797514416,408.8096869510114,116.93271488280523,711.2412697147188
2026-02-10 22:00:00+00:00,956.48,6889.86,3729.46,1038.11,39.490017,121.53,939.51,562.6714579050367,4632.089527697127,2168.6264292286164,988.822642118743,566.6030289330221,116.93416429568956,725.8969539654705,485.40961665471394,4427.640215661185,1769.5389932032995,988.6486797514416,408.8096869510114,116.93271488280523,711.2412697147188,485.40961665471394,4427.640215661185,1769.5389932032995,988.6486797514416,408.8096869510114,116.93271488280523,711.2412697147188
2026-02-10 23:00:00+00:00,905.23,6711.07,3687.44,1035.69,0.36001045,121.24,930.52,562.4926642121213,4592.177457077041,2168.2819335113486,988.822642118743,581.8304468878927,116.93416429568956,726.1642608486121,485.40961665471394,4427.640215661185,1769.5389932032995,988.6486797514416,408.8096869510114,116.93271488280523,711.2412697147188,485.40961665471394,4427.640215661185,1769.5389932032995,988.6486797514416,408.8096869510114,116.93271488280523,711.2412697147188
2026-02-11 00:00:00+00:00,902.73,6591.37,3652.13,1027.31,-5.431801e-06,120.26,935.85,559.4024660752198,4575.219411828592,2089.2339432924614,988.822642118743,231.59983392586966,116.93416429568956,725.980536464967,485.40961665471394,4427.640215661185,1769.5389932032995,988.6486797514416,408.8096869510114,116.93271488280523,711.2412697147188,485.40961665471394,4427.640215661185,1769.5389932032995,988.6486797514416,408.8096869510114,116.93271488280523,711.2412697147188
2026-02-11 01:00:00+00:00,900.44,6425.9,3610.85,1036.93,-5.431801e-06,121.39,941.51,559.8203059895094,4576.246066977579,2091.5274596882973,988.822642118743,246.82725188074022,116.93416429568956,726.0100622818668,485.40961665471394,4427.640215661185,1769.5389932032995,988.6486797514416,408.8096869510114,116.93271488280523,711.2412697147188,485.40961665471394,4427.640215661185,1769.5389932032995,988.6486797514416,408.8096869510114,116.93271488280523,711.2412697147188
2026-02-11 02:00:00+00:00,900.61005,6426.7,3621.98,1031.47,-5.431801e-06,120.75,934.71,561.831239690437,4582.253930537432,2104.683343477898,988.822642118743,262.05466983561075,116.93416429568956,726.5939412541919,485.40961665471394,4427.640215661185,1769.5389932032995,988.6486797514416,408.8096869510114,116.93271488280523,711.2412697147188,485.40961665471394,4427.640215661185,1769.5389932032995,988.6486797514416,408.8096869510114,116.93271488280523,711.2412697147188
2026-02-11 03:00:00+00:00,902.1,6445.31,3678.84,1029.06,-5.431801e-06,120.47,941.2,562.5128199723399,4589.85018774771,2113.266402657299,988.822642118743,277.28208779048134,116.93416429568956,727.0024068593796,485.40961665471394,4427.640215661185,1769.5389932032995,988.6486797514416,408.8096869510114,116.93271488280523,711.2412697147188,485.40961665471394,4427.640215661185,1769.5389932032995,988.6486797514416,408.8096869510114,116.93271488280523,711.2412697147188
2026-02-11 04:00:00+00:00,902.94,6455.85,3803.3003,1033.48,-5.431801e-06,120.98,940.79,565.59576739108,4684.848154751146,2131.400020107589,988.822642118743,292.50950574535193,116.93416429568956,726.8768176139274,485.40961665471394,4427.640215661185,1769.5389932032995,988.6486797514416,408.8096869510114,116.93271488280523,711.2412697147188,485.40961665471394,4427.640215661185,1769.5389932032995,988.6486797514416,408.8096869510114,116.93271488280523,711.2412697147188
2026-02-11 05:00:00+00:00,902.69,6656.3,3920.53,1051.56,100.01,123.1,937.35,574.0346062595282,4882.9919172348,2174.937802567951,988.822642118743,307.7369237002225,116.93416429568956,727.3986992540175,485.40961665471394,4427.640215661185,1769.5389932032995,988.6486797514416,408.8096869510114,116.93271488280523,711.2412697147188,485.40961665471394,4427.640215661185,1769.5389932032995,988.6486797514416,408.8096869510114,116.93271488280523,711.2412697147188
2026-02-11 06:00:00+00:00,902.36,6872.44,4000.35,1070.92,501.95,131.39,942.76,576.0208976923203,5025.150277307709,2187.530933880038,988.822642118743,322.96434165509305,116.93416429568956,726.5256094582163,485.40961665471394,4427.640215661185,1769.5389932032995,988.6486797514416,408.8096869510114,116.93271488280523,711.2412697147188,485.40961665471394,4427.640215661185,1769.5389932032995,988.6486797514416,408.8096869510114,116.93271488280523,711.2412697147188
2026-02-11 07:00:00+00:00,900.07,6866.5,4058.4902,1079.92,691.41,144.71,950.7,577.0386118929206,5032.756789067212,2194.626708011754,988.822642118743,338.19175960996364,116.93416429568956,726.5043597012495,485.40961665471394,4427.640215661185,1769.5389932032995,988.6486797514416,408.8096869510114,116.93271488280523,711.2412697147188,485.40961665471394,4427.640215661185,1769.5389932032995,988.6486797514416,408.8096869510114,116.93271488280523,711.2412697147188
2026-02-11 08:00:00+00:00,902.69,6858.89,4055.19,1081.7,580.63,126.63,949.79,570.5135615832718,4970.462917113411,2164.9299023548497,988.822642118743,353.4191775648342,116.93416429568956,725.0119679018686,485.40961665471394,4427.640215661185,1769.5389932032995,988.6486797514416,408.8096869510114,116.93271488280523,711.2412697147188,485.40961665471394,4427.640215661185,1769.5389932032995,988.6486797514416,408.8096869510114,116.93271488280523,711.2412697147188
2026-02-11 09:00:00+00:00,907.55,6852.36,3997.08,1087.53,135.5,127.31,948.1,562.729222436521,4924.636387993354,2128.07093518143,988.822642118743,368.64659551970476,116.93416429568956,723.1296299510175,485.40961665471394,4427.640215661185,1769.5389932032995,988.6486797514416,408.8096869510114,116.93271488280523,711.2412697147188,485.40961665471394,4427.640215661185,1769.5389932032995,988.6486797514416,408.8096869510114,116.93271488280523,711.2412697147188
2026-02-11 10:00:00+00:00,908.63,6778.39,3900.72,1082.53,124.23998,126.73,948.18,556.7976891643793,4935.0810062142755,2100.691461075456,988.822642118743,383.87401347457535,116.93416429568956,721.5076437939398,485.40961665471394,4427.640215661185,1769.5389932032995,988.6486797514416,408.8096869510114,116.93271488280523,711.2412697147188,485.40961665471394,4427.640215661185,1769.5389932032995,988.6486797514416,408.8096869510114,116.93271488280523,711.2412697147188
2026-02-11 11:00:00+00:00,910.48,6803.61,3863.59,1064.48,123.200005,124.62,955.09,546.116294311652,4916.775905115763,2053.4036002313715,988.822642118743,399.1014314294459,116.93416429568956,719.4867062344447,485.40961665471394,4427.640215661185,1769.5389932032995,988.6486797514416,408.8096869510114,116.93271488280523,711.2412697147188,485.40961665471394,4427.640215661185,1769.5389932032995,988.6486797514416,408.8096869510114,116.93271488280523,711.2412697147188
2026-02-11 12:00:00+00:00,907.76,6746.02,3754.65,1057.1,134.49002,123.75,954.27,541.4840239083975,4909.543029613187,2038.197591052923,988.822642118743,414.32884938431647,116.93416429568956,719.6380444312039,485.40961665471394,4427.640215661185,1769.5389932032995,988.6486797514416,408.8096869510114,116.93271488280523,711.2412697147188,485.40961665471394,4427.640215661185,1769.5389932032995,988.6486797514416,408.8096869510114,116.93271488280523,711.2412697147188
2026-02-11 13:00:00+00:00,907.16,6749.2,3755.71,1051.99,165.28998,123.15,948.65,538.9548790549696,4950.68369225929,2027.496925229365,988.822642118743,429.556267339187,116.93416429568956,719.0050452503667,485.40961665471394,4427.640215661185,1769.5389932032995,988.6486797514416,408.8096869510114,116.93271488280523,711.2412697147188,485.40961665471394,4427.640215661185,1769.5389932032995,988.6486797514416,408.8096869510114,116.93271488280523,711.2412697147188
2026-02-11 14:00:00+00:00,907.69,6823.56,3848.29,1053.44,124.11999,123.32,941.86,542.9940061597433,4985.24893790546,2048.6224471122887,988.822642118743,444.7836852940576,116.93416429568956,720.0549222803985,485.40961665471394,4427.640215661185,1769.5389932032995,988.6486797514416,408.8096869510114,116.93271488280523,711.2412697147188,485.40961665471394,4427.640215661185,1769.5389932032995,988.6486797514416,408.8096869510114,116.93271488280523,711.2412697147188
2026-02-11 15:00:00+00:00,907.25,6798.91,3948.6,1087.09,140.43,127.26,937.49,549.1660868506003,5018.660858641569,2082.846344744791,988.822642118743,460.0111032489282,116.93416429568956,721.2613418049802,485.40961665471394,4427.640215661185,1769.5389932032995,988.6486797514416,408.8096869510114,116.93271488280523,711.2412697147188,485.40961665471394,4427.640215661185,1769.5389932032995,988.6486797514416,408.8096869510114,116.93271488280523,711.2412697147188
2026-02-11 16:00:00+00:00,908.3401,6822.96,4022.64,1083.77,392.74,145.15,939.78,554.7019934485971,5066.723917673492,2114.238111617493,988.822642118743,475.2385212037987,116.93416429568956,722.2186172195175,485.40961665471394,4427.640215661185,1769.5389932032995,988.6486797514416,408.8096869510114,116.93271488280523,711.2412697147188,485.40961665471394,4427.640215661185,1769.5389932032995,988.6486797514416,408.8096869510114,116.93271488280523,711.2412697147188
2026-02-11 17:00:00+00:00,900.14,6821.98,4015.61,1069.57,507.83,134.47,943.14,561.5593240574532,5071.062804402964,2150.2255138741457,988.822642118743,490.46593915866924,116.93416429568956,723.467949344431,485.40961665471394,4427.640215661185,1769.5389932032995,988.6486797514416,408.8096869510114,116.93271488280523,711.2412697147188,485.40961665471394,4427.640215661185,1769.5389932032995,988.6486797514416,408.8096869510114,116.93271488280523,711.2412697147188
2026-02-11 18:00:00+00:00,891.26,6824.47,3955.92,1053.73,151.30002,123.35,939.16,559.0011599053917,4998.798519869489,2140.4126136994505,988.822642118743,505.69335711353983,116.93416429568956,722.7474156900173,485.40961665471394,4427.640215661185,1769.5389932032995,988.6486797514416,408.8096869510114,116.93271488280523,711.2412697147188,485.40961665471394,4427.640215661185,1769.5389932032995,988.6486797514416,408.8096869510114,116.93271488280523,711.2412697147188
2026-02-11 19:00:00+00:00,893.49005,6854.34,3872.69,1023.0,108.61001,119.76,931.27,556.8292391581044,4877.228592285469,2133.4053786934574,988.822642118743,520.9207750684104,116.93416429568956,723.0851044386383,485.40961665471394,4427.640215661185,1769.5389932032995,988.6486797514416,408.8096869510114,116.93271488280523,711.2412697147188,485.40961665471394,4427.640215661185,1769.5389932032995,988.6486797514416,408.8096869510114,116.93271488280523,711.2412697147188
2026-02-11 20:00:00+00:00,907.03,6837.96,3822.31,1011.59,25.36999,118.42,935.47,555.2639626850946,4762.085444155481,2128.6659903890727,988.822642118743,536.148193023281,116.93416429568956,723.41065274324,485.40961665471394,4427.640215661185,1769.5389932032995,988.6486797514416,408.8096869510114,116.93271488280523,711.2412697147188,485.40961665471394,4427.640215661185,1769.5389932032995,988.6486797514416,408.8096869510114,116.93271488280523,711.2412697147188
2026-02-11 21:00:00+00:00,907.1,6592.84,3680.38,1008.1,-5.431801e-06,118.01,935.25,554.2434460503403,4673.92406144861,2126.5567168857174,988.822642118743,551.3756109781515,116.93416429568956,723.7471819777589,485.40961665471394,4427.640215661185,1769.5389932032995,988.6486797514416,408.8096869510114,116.93271488280523,711.2412697147188,485.40961665471394,4427.640215661185,1769.5389932032995,988.6486797514416,408.8096869510114,116.93271488280523,711.2412697147188
2026-02-11 22:00:00+00:00,902.34,6150.76,3562.89,1010.25,-5.431801e-06,118.26,935.85,552.8520350592117,4564.076331849306,2123.4120445125836,988.822642118743,566.6030289330221,116.93416429568956,724.4138751695289,485.40961665471394,4427.640215661185,1769.5389932032995,988.6486797514416,408.8096869510114,116.93271488280523,711.2412697147188,485.40961665471394,4427.640215661185,1769.5389932032995,988.6486797514416,408.8096869510114,116.93271488280523,711.2412697147188
2026-02-11 23:00:00+00:00,901.73,6127.84,3511.01,1001.8,0.010004334,117.28,938.28,549.0331351170424,4469.469830027935,2108.501922343331,988.822642118743,581.8304468878927,116.93416429568956,724.3297222649014,485.40961665471394,4427.640215661185,1769.5389932032995,988.6486797514416,408.8096869510114,116.93271488280523,711.2412697147188,485.40961665471394,4427.640215661185,1769.5389932032995,988.6486797514416,408.8096869510114,116.93271488280523,711.2412697147188
2026-02-12 00:00:00+00:00,899.52,6249.07,3495.96,1017.81,-5.431801e-06,119.15,949.14,540.5752933223476,4407.950606742561,2006.1314676053273,988.822642118743,231.59983392586966,116.93416429568956,722.4833152537574,485.40961665471394,4427.640215661185,1769.5389932032995,988.6486797514416,408.8096869510114,116.93271488280523,711.2412697147188,485.40961665471394,4427.640215661185,1769.5389932032995,988.6486797514416,408.8096869510114,116.93271488280523,711.2412697147188
2026-02-12 01:00:00+00:00,738.71,6399.69,3496.47,1023.09,-5.431801e-06,119.77,940.53,540.6466749873074,4384.428894673168,2006.7069825908407,988.822642118743,246.82725188074022,116.93416429568956,722.8120963727572,485.40961665471394,4427.640215661185,1769.5389932032995,988.6486797514416,408.8096869510114,116.93271488280523,711.2412697147188,485.40961665471394,4427.640215661185,1769.5389932032995,988.6486797514416,408.8096869510114,116.93271488280523,711.2412697147188
2026-02-12 02:00:00+00:00,627.21,6393.86,3465.09,994.15,-5.431801e-06,116.38,939.1,545.2128982855581,4386.241888183271,2028.8912548952967,988.822642118743,262.05466983561075,116.93416429568956,723.9047683270915,485.40961665471394,4427.640215661185,1769.5389932032995,988.6486797514416,408.8096869510114,116.93271488280523,711.2412697147188,485.40961665471394,4427.640215661185,1769.5389932032995,988.6486797514416,408.8096869510114,116.93271488280523,711.2412697147188
2026-02-12 03:00:00+00:00,678.65,6393.23,3486.18,990.68,-5.431801e-06,115.98,939.87,549.1223665352584,4446.833646238702,2049.8966496720955,988.822642118743,277.28208779048134,116.93416429568956,724.6112134625054,485.40961665471394,4427.640215661185,1769.5389932032995,988.6486797514416,408.8096869510114,116.93271488280523,711.2412697147188,485.40961665471394,4427.640215661185,1769.5389932032995,988.6486797514416,408.8096869510114,116.93271488280523,711.2412697147188
2026-02-12 04:00:00+00:00,867.98,6428.74,3571.94,990.73,-5.431801e-06,115.98,943.36,554.3506987818905,4517.78578772925,2077.9219221285,988.822642118743,292.50950574535193,116.93416429568956,724.9636550569244,485.40961665471394,4427.640215661185,1769.5389932032995,988.6486797514416,408.8096869510114,116.93271488280523,711.2412697147188,485.40961665471394,4427.640215661185,1769.5389932032995,988.6486797514416,408.8096869510114,116.93271488280523,711.2412697147188
2026-02-12 05:00:00+00:00,904.81006,6728.45,3678.29,997.95,94.53002,116.83,937.42,564.3262871591124,4693.486617273177,2128.486868410927,988.822642118743,307.7369237002225,116.93416429568956,725.3931412230586,485.40961665471394,4427.640215661185,1769.5389932032995,988.6486797514416,408.8096869510114,116.93271488280523,711.2412697147188,485.40961665471394,4427.640215661185,1769.5389932032995,988.6486797514416,408.8096869510114,116.93271488280523,711.2412697147188
2026-02-12 06:00:00+00:00,906.31006,6811.59,3866.22,1027.46,422.09,120.28,941.68,561.953688550958,4834.69435749501,2120.0465344471154,988.822642118743,322.96434165509305,116.93416429568956,723.3146254932532,485.40961665471394,4427.640215661185,1769.5389932032995,988.6486797514416,408.8096869510114,116.93271488280523,711.2412697147188,485.40961665471394,4427.640215661185,1769.5389932032995,988.6486797514416,408.8096869510114,116.93271488280523,711.2412697147188
2026-02-12 07:00:00+00:00,906.69,6808.35,3873.05,1030.38,756.91,120.62,949.63,564.9967296417299,4861.947465412373,2135.1087995689886,988.822642118743,338.19175960996364,116.93416429568956,723.4546937182888,485.40961665471394,4427.640215661185,1769.5389932032995,988.6486797514416,408.8096869510114,116.93271488280523,711.2412697147188,485.40961665471394,4427.640215661185,1769.5389932032995,988.6486797514416,408.8096869510114,116.93271488280523,711.2412697147188
2026-02-12 08:00:00+00:00,905.08,6828.26,3806.66,1021.94,568.04,119.64,944.4,560.609998265186,4810.529429794392,2113.8143108586787,988.822642118743,353.4191775648342,116.93416429568956,722.5326729714914,485.40961665471394,4427.640215661185,1769.5389932032995,988.6486797514416,408.8096869510114,116.93271488280523,711.2412697147188,485.40961665471394,4427.640215661185,1769.5389932032995,988.6486797514416,408.8096869510114,116.93271488280523,711.2412697147188
2026-02-12 09:00:00+00:00,907.0,6573.58,3659.42,1023.78,144.46002,119.85,947.01,553.8795027172246,4732.411535993129,2085.6802300397258,988.822642118743,368.64659551970476,116.93416429568956,721.7490304136297,485.40961665471394,4427.640215661185,1769.5389932032995,988.6486797514416,408.8096869510114,116.93271488280523,711.2412697147188,485.40961665471394,4427.640215661185,1769.5389932032995,988.6486797514416,408.8096869510114,116.93271488280523,711.2412697147188
2026-02-12 10:00:00+00:00,893.03,6450.51,3573.41,1011.21,73.07,118.38,946.9,548.8404897234097,4693.002841384357,2067.7161259413538,988.822642118743,383.87401347457535,116.93416429568956,721.1877551785115,485.40961665471394,4427.640215661185,1769.5389932032995,988.6486797514416,408.8096869510114,116.93271488280523,711.2412697147188,485.40961665471394,4427.640215661185,1769.5389932032995,988.6486797514416,408.8096869510114,116.93271488280523,711.2412697147188
2026-02-12 11:00:00+00:00,834.13,6428.93,3513.03,1005.81,38.41,117.74,947.25,540.2202474843549,4652.291558529181,2033.4124755197263,988.822642118743,399.1014314294459,116.93416429568956,719.9513633348992,485.40961665471394,4427.640215661185,1769.5389932032995,988.6486797514416,408.8096869510114,116.93271488280523,711.2412697147188,485.40961665471394,4427.640215661185,1769.5389932032995,988.6486797514416,408.8096869510114,116.93271488280523,711.2412697147188
2026-02-12 12:00:00+00:00,859.4,6367.73,3499.15,990.21,95.98998,115.92,936.31,532.944773639839,4660.1591335695675,2001.020096755902,988.822642118743,414.32884938431647,116.93416429568956,718.2866770039452,485.40961665471394,4427.640215661185,1769.5389932032995,988.6486797514416,408.8096869510114,116.93271488280523,711.2412697147188,485.40961665471394,4427.640215661185,1769.5389932032995,988.6486797514416,408.8096869510114,116.93271488280523,711.2412697147188
2026-02-12 13:00:00+00:00,711.75,6425.72,3519.59,999.31,81.940025,116.98,930.13,528.1257276594316,4665.504420759479,1979.8249214266657,988.822642118743,429.556267339187,116.93416429568956,717.2412325794156,485.40961665471394,4427.640215661185,1769.5389932032995,988.6486797514416,408.8096869510114,116.93271488280523,711.2412697147188,485.40961665471394,4427.640215661185,1769.5389932032995,988.6486797514416,408.8096869510114,116.93271488280523,711.2412697147188
2026-02-12 14:00:00+00:00,657.69,6437.85,3533.4,1003.95,114.409996,117.53,914.12,532.554168150364,4727.637449578584,1998.3090348528037,988.822642118743,444.7836852940576,116.93416429568956,717.5610869419671,485.40961665471394,4427.640215661185,1769.5389932032995,988.6486797514416,408.8096869510114,116.93271488280523,711.2412697147188,485.40961665471394,4427.640215661185,1769.5389932032995,988.6486797514416,408.8096869510114,116.93271488280523,711.2412697147188
2026-02-12 15:00:00+00:00,871.9,6539.72,3614.53,1033.97,144.4,121.04,915.69,536.8900413764361,4750.143034964927,2021.2999502665332,988.822642118743,460.0111032489282,116.93416429568956,717.9079903852922,485.40961665471394,4427.640215661185,1769.5389932032995,988.6486797514416,408.8096869510114,116.93271488280523,711.2412697147188,485.40961665471394,4427.640215661185,1769.5389932032995,988.6486797514416,408.8096869510114,116.93271488280523,711.2412697147188
2026-02-12 16:00:00+00:00,901.68,6811.63,3738.28,1035.61,388.67,121.24,929.32,545.1152486478676,4794.727990655817,2063.9806285644736,988.822642118743,475.2385212037987,116.93416429568956,718.9779500654304,485.40961665471394,4427.640215661185,1769.5389932032995,988.6486797514416,408.8096869510114,116.93271488280523,711.2412697147188,485.40961665471394,4427.640215661185,1769.5389932032995,988.6486797514416,408.8096869510114,116.93271488280523,711.2412697147188
2026-02-12 17:00:00+00:00,905.02,6817.11,3834.64,1034.77,545.42,121.14,941.01,551.6431385264482,4764.365656442662,2097.830150001605,988.822642118743,490.46593915866924,116.93416429568956,720.1161625611252,485.40961665471394,4427.640215661185,1769.5389932032995,988.6486797514416,408.8096869510114,116.93271488280523,711.2412697147188,485.40961665471394,4427.640215661185,1769.5389932032995,988.6486797514416,408.8096869510114,116.93271488280523,711.2412697147188
2026-02-12 18:00:00+00:00,903.22,6846.95,3851.88,1027.98,228.51,120.34,944.65,555.1792190267319,4663.235443297914,2119.2855461206364,988.822642118743,505.69335711353983,116.93416429568956,721.8528287882324,485.40961665471394,4427.640215661185,1769.5389932032995,988.6486797514416,408.8096869510114,116.93271488280523,711.2412697147188,485.40961665471394,4427.640215661185,1769.5389932032995,988.6486797514416,408.8096869510114,116.93271488280523,711.2412697147188
2026-02-12 19:00:00+00:00,906.71,6776.27,3766.15,1025.41,0.67998725,120.04,947.48,553.2192775854983,4556.540469275489,2114.010008507083,988.822642118743,520.9207750684104,116.93416429568956,722.5279851544504,485.40961665471394,4427.640215661185,1769.5389932032995,988.6486797514416,408.8096869510114,116.93271488280523,711.2412697147188,485.40961665471394,4427.640215661185,1769.5389932032995,988.6486797514416,408.8096869510114,116.93271488280523,711.2412697147188
2026-02-12 20:00:00+00:00,905.6,6502.83,3694.34,1011.14,0.010004334,118.37,950.74,550.1187005965795,4443.635329533922,2103.43141122681,988.822642118743,536.148193023281,116.93416429568956,723.0743420032717,485.40961665471394,4427.640215661185,1769.5389932032995,988.6486797514416,408.8096869510114,116.93271488280523,711.2412697147188,485.40961665471394,4427.640215661185,1769.5389932032995,988.6486797514416,408.8096869510114,116.93271488280523,711.2412697147188
2026-02-12 21:00:00+00:00,904.86,6377.16,3598.07,993.43,0.059992127,116.3,950.99,549.8964194193949,4379.962124482531,2105.4182306874345,988.822642118743,551.3756109781515,116.93416429568956,723.829958365346,485.40961665471394,4427.640215661185,1769.5389932032995,988.6486797514416,408.8096869510114,116.93271488280523,711.2412697147188,485.40961665471394,4427.640215661185,1769.5389932032995,988.6486797514416,408.8096869510114,116.93271488280523,711.2412697147188
2026-02-12 22:00:00+00:00,837.17,6312.49,3467.43,988.7,-5.431801e-06,115.74,950.51,552.0494359122272,4314.7928292409415,2120.0285444117317,988.822642118743,566.6030289330221,116.93416429568956,724.8157400862707,485.40961665471394,4427.640215661185,1769.5389932032995,988.6486797514416,408.8096869510114,116.93271488280523,711.2412697147188,485.40961665471394,4427.640215661185,1769.5389932032995,988.6486797514416,408.8096869510114,116.93271488280523,711.2412697147188
2026-02-12 23:00:00+00:00,665.66,6317.11,3492.52,989.71,-5.431801e-06,115.86,947.98,550.0862587869146,4267.913437620666,2114.3368857132814,988.822642118743,581.8304468878927,116.93416429568956,725.3002712015109,485.40961665471394,4427.640215661185,1769.5389932032995,988.6486797514416,408.8096869510114,116.93271488280523,711.2412697147188,485.40961665471394,4427.640215661185,1769.5389932032995,988.6486797514416,408.8096869510114,116.93271488280523,711.2412697147188
2026-02-13 00:00:00+00:00,663.43,6305.44,3457.91,992.87,-5.431801e-06,116.24,945.18,548.0582346271782,4229.460684166179,2043.5310430835407,988.822642118743,231.59983392586966,116.93416429568956,725.6637815681647,485.40961665471394,4427.640215661185,1769.5389932032995,988.6486797514416,408.8096869510114,116.93271488280523,711.2412697147188,485.40961665471394,4427.640215661185,1769.5389932032995,988.6486797514416,408.8096869510114,116.93271488280523,711.2412697147188
2026-02-13 01:00:00+00:00,684.09,6218.21,3426.64,1006.48,-5.431801e-06,117.83,948.98,547.1684712230131,4207.958972189938,2042.9526561197004,988.822642118743,246.82725188074022,116.93416429568956,726.3435527982724,485.40961665471394,4427.640215661185,1769.5389932032995,988.6486797514416,408.8096869510114,116.93271488280523,711.2412697147188,485.40961665471394,4427.640215661185,1769.5389932032995,988.6486797514416,408.8096869510114,116.93271488280523,711.2412697147188
2026-02-13 02:00:00+00:00,688.88,6196.82,3401.16,1005.52,-5.431801e-06,117.72,945.54,548.2968881385651,4219.1913635097,2052.314347279367,988.822642118743,262.05466983561075,116.93416429568956,726.7815929689707,485.40961665471394,4427.640215661185,1769.5389932032995,988.6486797514416,408.8096869510114,116.93271488280523,711.2412697147188,485.40961665471394,4427.640215661185,1769.5389932032995,988.6486797514416,408.8096869510114,116.93271488280523,711.2412697147188
2026-02-13 03:00:00+00:00,687.14,6267.28,3480.56,1012.83,-5.431801e-06,118.57,955.9,551.7788277261176,4266.366987286492,2072.109179942877,988.822642118743,277.28208779048134,116.93416429568956,727.1264297609157,485.40961665471394,4427.640215661185,1769.5389932032995,988.6486797514416,408.8096869510114,116.93271488280523,711.2412697147188,485.40961665471394,4427.640215661185,1769.5389932032995,988.6486797514416,408.8096869510114,116.93271488280523,711.2412697147188
2026-02-13 04:00:00+00:00,846.68,6445.83,3566.77,1003.29,-5.431801e-06,117.46,953.69,558.8203453965779,4415.8851797716725,2106.095593176396,988.822642118743,292.50950574535193,116.93416429568956,727.5393508319587,485.40961665471394,4427.640215661185,1769.5389932032995,988.6486797514416,408.8096869510114,116.93271488280523,711.2412697147188,485.40961665471394,4427.640215661185,1769.5389932032995,988.6486797514416,408.8096869510114,116.93271488280523,711.2412697147188
2026-02-13 05:00:00+00:00,926.71,6715.58,3595.85,1002.02,82.86999,117.31,943.2,569.4901473599145,4662.022321181009,2159.0041959637324,988.822642118743,307.7369237002225,116.93416429568956,727.9639064151779,485.40961665471394,4427.640215661185,1769.5389932032995,988.6486797514416,408.8096869510114,116.93271488280523,711.2412697147188,485.40961665471394,4427.640215661185,1769.5389932032995,988.6486797514416,408.8096869510114,116.93271488280523,711.2412697147188
2026-02-13 06:00:00+00:00,940.42004,6891.3,3770.79,1010.43,563.83,118.3,952.84,578.5597473891313,4865.179807157598,2205.072472466687,988.822642118743,322.96434165509305,116.93416429568956,728.4333123834199,485.40961665471394,4427.640215661185,1769.5389932032995,988.6486797514416,408.8096869510114,116.93271488280523,711.2412697147188,485.40961665471394,4427.640215661185,1769.5389932032995,988.6486797514416,408.8096869510114,116.93271488280523,711.2412697147188
2026-02-13 07:00:00+00:00,946.64,6916.09,3785.15,1028.22,737.83,120.39,958.77,584.6694796191114,4966.080157516085,2232.8836509134226,988.822642118743,338.19175960996364,116.93416429568956,728.9283360719719,485.40961665471394,4427.640215661185,1769.5389932032995,988.6486797514416,408.8096869510114,116.93271488280523,711.2412697147188,485.40961665471394,4427.640215661185,1769.5389932032995,988.6486797514416,408.8096869510114,116.93271488280523,711.2412697147188
2026-02-13 08:00:00+00:00,954.94,6889.65,3805.56,1014.32,473.2,118.75,974.21,584.6391480613299,4984.482767647022,2230.2461559102007,988.822642118743,353.4191775648342,116.93416429568956,728.9822739658192,485.40961665471394,4427.640215661185,1769.5389932032995,988.6486797514416,408.8096869510114,116.93271488280523,711.2412697147188,485.40961665471394,4427.640215661185,1769.5389932032995,988.6486797514416,408.8096869510114,116.93271488280523,711.2412697147188
2026-02-13 09:00:00+00:00,954.32,6779.32,3752.65,1006.27,67.29,117.81,972.06,585.0438530937515,4982.080476941801,2232.1711530841426,988.822642118743,368.64659551970476,116.93416429568956,729.1814040414171,485.40961665471394,4427.640215661185,1769.5389932032995,988.6486797514416,408.8096869510114,116.93271488280523,711.2412697147188,485.40961665471394,4427.640215661185,1769.5389932032995,988.6486797514416,408.8096869510114,116.93271488280523,711.2412697147188
2026-02-13 10:00:00+00:00,958.84,6503.6,3727.17,1008.65,57.779995,118.08,971.19,583.3677984817612,4966.471843802892,2228.3145170635175,988.822642118743,383.87401347457535,116.93416429568956,729.0645463201624,485.40961665471394,4427.640215661185,1769.5389932032995,988.6486797514416,408.8096869510114,116.93271488280523,711.2412697147188,485.40961665471394,4427.640215661185,1769.5389932032995,988.6486797514416,408.8096869510114,116.93271488280523,711.2412697147188
2026-02-13 11:00:00+00:00,961.74,6449.0,3791.93,1009.4,82.929985,118.18,966.27,581.8410805946226,4977.912926890859,2222.6390975714166,988.822642118743,399.1014314294459,116.93416429568956,728.711563965336,485.40961665471394,4427.640215661185,1769.5389932032995,988.6486797514416,408.8096869510114,116.93271488280523,711.2412697147188,485.40961665471394,4427.640215661185,1769.5389932032995,988.6486797514416,408.8096869510114,116.93271488280523,711.2412697147188
2026-02-13 12:00:00+00:00,967.92,6449.75,3796.9,1006.64,68.14999,117.86,981.2,582.6552746049989,4992.553309020101,2230.5530489595985,988.822642118743,414.32884938431647,116.93416429568956,728.8949487287845,485.40961665471394,4427.640215661185,1769.5389932032995,988.6486797514416,408.8096869510114,116.93271488280523,711.2412697147188,485.40961665471394,4427.640215661185,1769.5389932032995,988.6486797514416,408.8096869510114,116.93271488280523,711.2412697147188
2026-02-13 13:00:00+00:00,961.43,6693.02,3918.49,1015.69,118.83001,118.92,979.76,584.129917401411,5040.521798127176,2240.8799212099143,988.822642118743,429.556267339187,116.93416429568956,728.8167162110767,485.40961665471394,4427.640215661185,1769.5389932032995,988.6486797514416,408.8096869510114,116.93271488280523,711.2412697147188,485.40961665471394,4427.640215661185,1769.5389932032995,988.6486797514416,408.8096869510114,116.93271488280523,711.2412697147188
2026-02-13 14:00:00+00:00,957.76,6884.3,3978.94,1036.65,300.08,121.37,976.67,586.5497326946877,5108.462433801198,2258.0401840016452,988.822642118743,444.7836852940576,116.93416429568956,729.0034791271945,485.40961665471394,4427.640215661185,1769.5389932032995,988.6486797514416,408.8096869510114,116.93271488280523,711.2412697147188,485.40961665471394,4427.640215661185,1769.5389932032995,988.6486797514416,408.8096869510114,116.93271488280523,711.2412697147188
2026-02-13 15:00:00+00:00,967.57,6875.56,4033.52,1072.72,909.71,137.58,1021.47,590.5703925708924,5179.1642983691945,2282.3254077844567,988.822642118743,460.0111032489282,116.93416429568956,729.5201934959484,485.40961665471394,4427.640215661185,1769.5389932032995,988.6486797514416,408.8096869510114,116.93271488280523,711.2412697147188,485.40961665471394,4427.640215661185,1769.5389932032995,988.6486797514416,408.8096869510114,116.93271488280523,711.2412697147188
2026-02-13 16:00:00+00:00,965.44,6863.39,4131.34,1069.75,1397.87,149.48,1088.55,594.7940309717773,5251.975856719297,2307.041137232071,988.822642118743,475.2385212037987,116.93416429568956,730.1321322775505,485.40961665471394,4427.640215661185,1769.5389932032995,988.6486797514416,408.8096869510114,116.93271488280523,711.2412697147188,485.40961665471394,4427.640215661185,1769.5389932032995,988.6486797514416,408.8096869510114,116.93271488280523,711.2412697147188
2026-02-13 17:00:00+00:00,967.16,6880.13,4139.46,1068.79,1465.68,149.12,1055.42,598.224198415473,5258.947934281445,2326.4522912572143,988.822642118743,490.46593915866924,116.93416429568956,730.9163030383505,485.40961665471394,4427.640215661185,1769.5389932032995,988.6486797514416,408.8096869510114,116.93271488280523,711.2412697147188,485.40961665471394,4427.640215661185,1769.5389932032995,988.6486797514416,408.8096869510114,116.93271488280523,711.2412697147188
2026-02-13 18:00:00+00:00,968.58,6875.97,4105.55,1063.99,1329.13,148.72,976.96,598.4126188733591,5216.5837201350605,2328.7925981898497,988.822642118743,505.69335711353983,116.93416429568956,731.115122996106,485.40961665471394,4427.640215661185,1769.5389932032995,988.6486797514416,408.8096869510114,116.93271488280523,711.2412697147188,485.40961665471394,4427.640215661185,1769.5389932032995,988.6486797514416,408.8096869510114,116.93271488280523,711.2412697147188
2026-02-13 19:00:00+00:00,971.63,6916.78,4071.49,1042.95,816.14,134.48,978.17,597.1003037247845,5127.813231241353,2324.5008025526918,988.822642118743,520.9207750684104,116.93416429568956,731.53681059206,485.40961665471394,4427.640215661185,1769.5389932032995,988.6486797514416,408.8096869510114,116.93271488280523,711.2412697147188,485.40961665471394,4427.640215661185,1769.5389932032995,988.6486797514416,408.8096869510114,116.93271488280523,711.2412697147188
2026-02-13 20:00:00+00:00,974.03,6885.55,3918.77,1023.8,164.36,119.86,968.94,596.4977781016291,5047.950530034716,2323.4260855477787,988.822642118743,536.148193023281,116.93416429568956,731.9390274614833,485.40961665471394,4427.640215661185,1769.5389932032995,988.6486797514416,408.8096869510114,116.93271488280523,711.2412697147188,485.40961665471394,4427.640215661185,1769.5389932032995,988.6486797514416,408.8096869510114,116.93271488280523,711.2412697147188
2026-02-13 21:00:00+00:00,983.45,6856.52,3774.77,1014.71,-5.431801e-06,118.81,968.17,594.3904893315868,4968.464731940426,2315.847575935296,988.822642118743,551.3756109781515,116.93416429568956,732.2152178641501,485.40961665471394,4427.640215661185,1769.5389932032995,988.6486797514416,408.8096869510114,116.93271488280523,711.2412697147188,485.40961665471394,4427.640215661185,1769.5389932032995,988.6486797514416,408.8096869510114,116.93271488280523,711.2412697147188
2026-02-13 22:00:00+00:00,986.23,6831.94,3702.78,1011.57,-5.431801e-06,118.43,981.79,592.0328206044084,4887.961098877083,2307.1268676877658,988.822642118743,566.6030289330221,116.93416429568956,732.511308443475,485.40961665471394,4427.640215661185,1769.5389932032995,988.6486797514416,408.8096869510114,116.93271488280523,711.2412697147188,485.40961665471394,4427.640215661185,1769.5389932032995,988.6486797514416,408.8096869510114,116.93271488280523,711.2412697147188
2026-02-13 23:00:00+00:00,985.56,6869.87,3694.73,1018.16,-5.431801e-06,119.2,1017.59,588.9557889998489,4804.873864149187,2296.053598534045,988.822642118743,581.8304468878927,116.93416429568956,732.7709213165119,485.40961665471394,4427.640215661185,1769.5389932032995,988.6486797514416,408.8096869510114,116.93271488280523,711.2412697147188,485.40961665471394,4427.640215661185,1769.5389932032995,988.6486797514416,408.8096869510114,116.93271488280523,711.2412697147188
2026-02-14 00:00:00+00:00,987.38,6619.64,3690.82,1013.28,0.07998114,118.63,1019.24,586.7159670563501,4746.865857861939,2223.9317560083973,988.822642118743,231.59983392586966,116.93416429568956,732.9458542457562,485.40961665471394,4427.640215661185,1769.5389932032995,988.6486797514416,408.8096869510114,116.93271488280523,711.2412697147188,485.40961665471394,4427.640215661185,1769.5389932032995,988.6486797514416,408.8096869510114,116.93271488280523,711.2412697147188
2026-02-14 01:00:00+00:00,980.62,6458.48,3648.3704,1016.85,-5.431801e-06,119.05,1011.85,586.162622589377,4704.934198859595,2223.6786881732637,988.822642118743,246.82725188074022,116.93416429568956,733.1785294357438,485.40961665471394,4427.640215661185,1769.5389932032995,988.6486797514416,408.8096869510114,116.93271488280523,711.2412697147188,485.40961665471394,4427.640215661185,1769.5389932032995,988.6486797514416,408.8096869510114,116.93271488280523,711.2412697147188
2026-02-14 02:00:00+00:00,976.36,6455.04,3621.86,1016.31,-5.431801e-06,118.99,1019.28,586.024761684606,4678.875560188977,2225.9913816359185,988.822642118743,262.05466983561075,116.93416429568956,733.3687592123997,485.40961665471394,4427.640215661185,1769.5389932032995,988.6486797514416,408.8096869510114,116.93271488280523,711.2412697147188,485.40961665471394,4427.640215661185,1769.5389932032995,988.6486797514416,408.8096869510114,116.93271488280523,711.2412697147188
2026-02-14 03:00:00+00:00,972.98,6459.8,3614.29,1011.48,-5.431801e-06,118.42,1016.66,586.1024901782409,4662.528617992628,2229.580267886816,988.822642118743,277.28208779048134,116.93416429568956,733.5218073372741,485.40961665471394,4427.640215661185,1769.5389932032995,988.6486797514416,408.8096869510114,116.93271488280523,711.2412697147188,485.40961665471394,4427.640215661185,1769.5389932032995,988.6486797514416,408.8096869510114,116.93271488280523,711.2412697147188
2026-02-14 04:00:00+00:00,974.05,6492.23,3700.19,1010.64,-5.431801e-06,118.33,1012.24,587.0850230234156,4671.432509223981,2236.495709519805,988.822642118743,292.50950574535193,116.93416429568956,733.6232074726483,485.40961665471394,4427.640215661185,1769.5389932032995,988.6486797514416,408.8096869510114,116.93271488280523,711.2412697147188,485.40961665471394,4427.640215661185,1769.5389932032995,988.6486797514416,408.8096869510114,116.93271488280523,711.2412697147188
2026-02-14 05:00:00+00:00,973.83,6497.16,3741.92,1001.26,-5.431801e-06,117.23,1016.18,588.4640624110918,4692.069020859639,2246.2411308312744,988.822642118743,307.7369237002225,116.93416429568956,733.7287169076684,485.40961665471394,4427.640215661185,1769.5389932032995,988.6486797514416,408.8096869510114,116.93271488280523,711.2412697147188,485.40961665471394,4427.640215661185,1769.5389932032995,988.6486797514416,408.8096869510114,116.93271488280523,711.2412697147188
2026-02-14 06:00:00+00:00,970.22,6776.49,3787.44,1010.13,-5.431801e-06,118.27,1015.93,590.4751000198136,4763.237450374298,2258.187144088234,988.822642118743,322.96434165509305,116.93416429568956,733.6656531095404,485.40961665471394,4427.640215661185,1769.5389932032995,988.6486797514416,408.8096869510114,116.93271488280523,711.2412697147188,485.40961665471394,4427.640215661185,1769.5389932032995,988.6486797514416,408.8096869510114,116.93271488280523,711.2412697147188
2026-02-14 07:00:00+00:00,968.9,6953.86,3786.49,1022.24,-5.431801e-06,119.68,1015.65,593.8406311249064,4852.760511061549,2276.0283469783767,988.822642118743,338.19175960996364,116.93416429568956,733.765550662762,485.40961665471394,4427.640215661185,1769.5389932032995,988.6486797514416,408.8096869510114,116.93271488280523,711.2412697147188,485.40961665471394,4427.640215661185,1769.5389932032995,988.6486797514416,408.8096869510114,116.93271488280523,711.2412697147188
2026-02-14 08:00:00+00:00,969.33,6949.12,3871.68,1014.26,32.570004,118.76,1016.75,594.0230801624081,4911.1415544425945,2278.979093984838,988.822642118743,353.4191775648342,116.93416429568956,733.2498457818632,485.40961665471394,4427.640215661185,1769.5389932032995,988.6486797514416,408.8096869510114,116.93271488280523,711.2412697147188,485.40961665471394,4427.640215661185,1769.5389932032995,988.6486797514416,408.8096869510114,116.93271488280523,711.2412697147188
2026-02-14 09:00:00+00:00,886.92,6926.91,3906.75,1014.63,99.6,118.8,1019.71,592.5343971405244,4935.738404012046,2273.3800356039324,988.822642118743,368.64659551970476,116.93416429568956,732.5519171175293,485.40961665471394,4427.640215661185,1769.5389932032995,988.6486797514416,408.8096869510114,116.93271488280523,711.2412697147188,485.40961665471394,4427.640215661185,1769.5389932032995,988.6486797514416,408.8096869510114,116.93271488280523,711.2412697147188
2026-02-14 10:00:00+00:00,851.84,6921.63,3945.65,1014.83,110.429985,118.83,1021.37,590.8102972319222,4940.887772929766,2267.5811127642246,988.822642118743,383.87401347457535,116.93416429568956,732.0755195222979,485.40961665471394,4427.640215661185,1769.5389932032995,988.6486797514416,408.8096869510114,116.93271488280523,711.2412697147188,485.40961665471394,4427.640215661185,1769.5389932032995,988.6486797514416,408.8096869510114,116.93271488280523,711.2412697147188
2026-02-14 11:00:00+00:00,873.94,6911.23,3923.69,1024.86,0.35000068,119.99,1019.94,588.895305243723,4931.388028240409,2260.8404080965206,988.822642118743,399.1014314294459,116.93416429568956,731.432085753059,485.40961665471394,4427.640215661185,1769.5389932032995,988.6486797514416,408.8096869510114,116.93271488280523,711.2412697147188,485.40961665471394,4427.640215661185,1769.5389932032995,988.6486797514416,408.8096869510114,116.93271488280523,711.2412697147188
2026-02-14 12:00:00+00:00,871.29,6909.03,3861.37,1014.66,-5.431801e-06,118.79,1020.48,588.1270561253517,4915.991723925954,2259.063005513004,988.822642118743,414.32884938431647,116.93416429568956,731.3803457408837,485.40961665471394,4427.640215661185,1769.5389932032995,988.6486797514416,408.8096869510114,116.93271488280523,711.2412697147188,485.40961665471394,4427.640215661185,1769.5389932032995,988.6486797514416,408.8096869510114,116.93271488280523,711.2412697147188
2026-02-14 13:00:00+00:00,872.78,6906.13,3824.0,1014.59,-5.431801e-06,118.79,1017.79,588.5339194109242,4912.066405372423,2263.1047967652153,988.822642118743,429.556267339187,116.93416429568956,731.437242209316,485.40961665471394,4427.640215661185,1769.5389932032995,988.6486797514416,408.8096869510114,116.93271488280523,711.2412697147188,485.40961665471394,4427.640215661185,1769.5389932032995,988.6486797514416,408.8096869510114,116.93271488280523,711.2412697147188
2026-02-14 14:00:00+00:00,873.61,6915.59,3854.78,1017.94,123.36001,119.18,1024.0,590.652038197932,4957.453880602212,2276.024511623563,988.822642118743,444.7836852940576,116.93416429568956,731.6675112450391,485.40961665471394,4427.640215661185,1769.5389932032995,988.6486797514416,408.8096869510114,116.93271488280523,711.2412697147188,485.40961665471394,4427.640215661185,1769.5389932032995,988.6486797514416,408.8096869510114,116.93271488280523,711.2412697147188
2026-02-14 15:00:00+00:00,873.01,6927.15,3891.0,1042.63,648.78,122.07,1022.58,593.6293254003256,5017.485777063619,2293.4416500779807,988.822642118743,460.0111032489282,116.93416429568956,732.0803692618834,485.40961665471394,4427.640215661185,1769.5389932032995,988.6486797514416,408.8096869510114,116.93271488280523,711.2412697147188,485.40961665471394,4427.640215661185,1769.5389932032995,988.6486797514416,408.8096869510114,116.93271488280523,711.2412697147188
2026-02-14 16:00:00+00:00,869.98,6937.41,3904.33,1065.69,1445.16,136.88,1026.19,599.90631444071,5114.535441714815,2325.7828342458433,988.822642118743,475.2385212037987,116.93416429568956,732.8235517134312,485.40961665471394,4427.640215661185,1769.5389932032995,988.6486797514416,408.8096869510114,116.93271488280523,711.2412697147188,485.40961665471394,4427.640215661185,1769.5389932032995,988.6486797514416,408.8096869510114,116.93271488280523,711.2412697147188
2026-02-14 17:00:00+00:00,872.23,6908.11,3914.79,1068.35,1572.81,149.07,1030.51,606.438861774677,5172.954509944739,2358.7371031216935,988.822642118743,490.46593915866924,116.93416429568956,733.7875613173168,485.40961665471394,4427.640215661185,1769.5389932032995,988.6486797514416,408.8096869510114,116.93271488280523,711.2412697147188,485.40961665471394,4427.640215661185,1769.5389932032995,988.6486797514416,408.8096869510114,116.93271488280523,711.2412697147188
2026-02-14 18:00:00+00:00,873.05,6913.56,3916.39,1049.06,1492.84,146.97,1028.31,608.968116992031,5147.5696483236525,2372.6483434694965,988.822642118743,505.69335711353983,116.93416429568956,734.4698204718046,485.40961665471394,4427.640215661185,1769.5389932032995,988.6486797514416,408.8096869510114,116.93271488280523,711.2412697147188,485.40961665471394,4427.640215661185,1769.5389932032995,988.6486797514416,408.8096869510114,116.93271488280523,711.2412697147188
2026-02-14 19:00:00+00:00,870.79,6922.69,3907.48,1036.31,965.3,133.8,1024.73,608.499247068335,5075.845637679636,2375.4201747846023,988.822642118743,520.9207750684104,116.93416429568956,735.2550139810952,485.40961665471394,4427.640215661185,1769.5389932032995,988.6486797514416,408.8096869510114,116.93271488280523,711.2412697147188,485.40961665471394,4427.640215661185,1769.5389932032995,988.6486797514416,408.8096869510114,116.93271488280523,711.2412697147188
2026-02-14 20:00:00+00:00,869.12,6929.01,3890.98,1033.11,179.48,120.95,1018.44,609.853007299303,5028.668657624748,2386.372948761501,988.822642118743,536.148193023281,116.93416429568956,736.128479796414,485.40961665471394,4427.640215661185,1769.5389932032995,988.6486797514416,408.8096869510114,116.93271488280523,711.2412697147188,485.40961665471394,4427.640215661185,1769.5389932032995,988.6486797514416,408.8096869510114,116.93271488280523,711.2412697147188
2026-02-14 21:00:00+00:00,868.42,6739.85,3851.05,1039.32,100.51998,121.68,1020.18,614.0062663857449,5011.187864391448,2409.1961158867775,988.822642118743,551.3756109781515,116.93416429568956,737.4293641427065,485.40961665471394,4427.640215661185,1769.5389932032995,988.6486797514416,408.8096869510114,116.93271488280523,711.2412697147188,485.40961665471394,4427.640215661185,1769.5389932032995,988.6486797514416,408.8096869510114,116.93271488280523,711.2412697147188
2026-02-14 22:00:00+00:00,862.09,6605.08,3843.53,1034.72,115.39001,121.14,1026.24,615.8059275025332,4963.05181884067,2420.0485996103803,988.822642118743,566.6030289330221,116.93416429568956,738.2793717287815,485.40961665471394,4427.640215661185,1769.5389932032995,988.6486797514416,408.8096869510114,116.93271488280523,711.2412697147188,485.40961665471394,4427.640215661185,1769.5389932032995,988.6486797514416,408.8096869510114,116.93271488280523,711.2412697147188
2026-02-14 23:00:00+00:00,864.69,6487.85,3845.68,1033.81,0.5400031,121.04,1026.53,615.2973447508028,4892.94315947367,2421.3203977274243,988.822642118743,581.8304468878927,116.93416429568956,738.8827127232727,485.40961665471394,4427.640215661185,1769.5389932032995,988.6486797514416,408.8096869510114,116.93271488280523,711.2412697147188,485.40961665471394,4427.640215661185,1769.5389932032995,988.6486797514416,408.8096869510114,116.93271488280523,711.2412697147188
2026-02-15 00:00:00+00:00,716.08,6474.01,3837.12,1022.73,-5.431801e-06,119.73,1028.95,617.603240576937,4860.487447641071,2371.1917439789577,988.822642118743,231.59983392586966,116.93416429568956,739.9370633358501,485.40961665471394,4427.640215661185,1769.5389932032995,988.6486797514416,408.8096869510114,116.93271488280523,711.2412697147188,485.40961665471394,4427.640215661185,1769.5389932032995,988.6486797514416,408.8096869510114,116.93271488280523,711.2412697147188
2026-02-15 01:00:00+00:00,417.75,6474.51,3843.73,1025.62,-5.431801e-06,120.08,1021.07,624.5656374546849,4843.760125412523,2408.2508593763014,988.822642118743,246.82725188074022,116.93416429568956,741.7838691259337,485.40961665471394,4427.640215661185,1769.5389932032995,988.6486797514416,408.8096869510114,116.93271488280523,711.2412697147188,485.40961665471394,4427.640215661185,1769.5389932032995,988.6486797514416,408.8096869510114,116.93271488280523,711.2412697147188
2026-02-15 02:00:00+00:00,419.33,6483.73,3854.5,1044.58,39.790005,122.29,1029.23,629.0972454720164,4836.48473229696,2433.4166454149495,988.822642118743,262.05466983561075,116.93416429568956,743.0257555550377,485.40961665471394,4427.640215661185,1769.5389932032995,988.6486797514416,408.8096869510114,116.93271488280523,711.2412697147188,485.40961665471394,4427.640215661185,1769.5389932032995,988.6486797514416,408.8096869510114,116.93271488280523,711.2412697147188
2026-02-15 03:00:00+00:00,420.12,6501.24,3850.6,1044.47,90.76,122.28,1027.57,630.3775862858893,4825.379704366124,2443.2217287871385,988.822642118743,277.28208779048134,116.93416429568956,743.7111996316546,485.40961665471394,4427.640215661185,1769.5389932032995,988.6486797514416,408.8096869510114,116.93271488280523,711.2412697147188,485.40961665471394,4427.640215661185,1769.5389932032995,988.6486797514416,408.8096869510114,116.93271488280523,711.2412697147188
2026-02-15 04:00:00+00:00,420.02,6505.05,3833.25,1038.83,29.980005,121.62,1022.93,631.7068480443995,4820.769538480218,2452.8180176758397,988.822642118743,292.50950574535193,116.93416429568956,744.3046855965404,485.40961665471394,4427.640215661185,1769.5389932032995,988.6486797514416,408.8096869510114,116.93271488280523,711.2412697147188,485.40961665471394,4427.640215661185,1769.5389932032995,988.6486797514416,408.8096869510114,116.93271488280523,711.2412697147188
2026-02-15 05:00:00+00:00,412.84,6497.21,3844.65,1033.53,29.899988,120.99,1027.76,630.5409122809376,4807.18338119142,2451.0941514862343,988.822642118743,307.7369237002225,116.93416429568956,744.2309632635344,485.40961665471394,4427.640215661185,1769.5389932032995,988.6486797514416,408.8096869510114,116.93271488280523,711.2412697147188,485.40961665471394,4427.640215661185,1769.5389932032995,988.6486797514416,408.8096869510114,116.93271488280523,711.2412697147188
2026-02-15 06:00:00+00:00,368.08,6495.4,3880.09,1021.49,31.020014,119.59,1029.78,628.1033213979134,4814.341307345743,2443.820751939709,988.822642118743,322.96434165509305,116.93416429568956,743.6736465089526,485.40961665471394,4427.640215661185,1769.5389932032995,988.6486797514416,408.8096869510114,116.93271488280523,711.2412697147188,485.40961665471394,4427.640215661185,1769.5389932032995,988.6486797514416,408.8096869510114,116.93271488280523,711.2412697147188
2026-02-15 07:00:00+00:00,370.18,6497.68,3887.84,1026.98,73.51,120.24,1028.1,628.6354949591608,4807.01936864373,2450.4279201460718,988.822642118743,338.19175960996364,116.93416429568956,743.723313152358,485.40961665471394,4427.640215661185,1769.5389932032995,988.6486797514416,408.8096869510114,116.93271488280523,711.2412697147188,485.40961665471394,4427.640215661185,1769.5389932032995,988.6486797514416,408.8096869510114,116.93271488280523,711.2412697147188
2026-02-15 08:00:00+00:00,370.06,6429.04,3718.34,1032.41,40.64001,120.88,1029.87,622.5335732955776,4698.983774832104,2425.423850333713,988.822642118743,353.4191775648342,116.93416429568956,742.4204085821852,485.40961665471394,4427.640215661185,1769.5389932032995,988.6486797514416,408.8096869510114,116.93271488280523,711.2412697147188,485.40961665471394,4427.640215661185,1769.5389932032995,988.6486797514416,408.8096869510114,116.93271488280523,711.2412697147188
2026-02-15 09:00:00+00:00,368.81,6318.74,3691.64,1041.35,29.929987,121.92,1027.39,611.2827477937732,4583.552969454241,2373.3836462881563,988.822642118743,368.64659551970476,116.93416429568956,739.9444364384741,485.40961665471394,4427.640215661185,1769.5389932032995,988.6486797514416,408.8096869510114,116.93271488280523,711.2412697147188,485.40961665471394,4427.640215661185,1769.5389932032995,988.6486797514416,408.8096869510114,116.93271488280523,711.2412697147188
2026-02-15 10:00:00+00:00,369.41,5581.64,3702.3,1043.96,-5.431801e-06,122.22,1023.62,597.6628991358396,4462.707353952718,2309.987831743034,988.822642118743,383.87401347457535,116.93416429568956,737.0666756309463,485.40961665471394,4427.640215661185,1769.5389932032995,988.6486797514416,408.8096869510114,116.93271488280523,711.2412697147188,485.40961665471394,4427.640215661185,1769.5389932032995,988.6486797514416,408.8096869510114,116.93271488280523,711.2412697147188
2026-02-15 11:00:00+00:00,367.99,5081.18,3681.34,1039.6,-5.431801e-06,121.71,1027.72,584.0564712174529,4307.538970104449,2248.1537275605415,988.822642118743,399.1014314294459,116.93416429568956,734.4214844432952,485.40961665471394,4427.640215661185,1769.5389932032995,988.6486797514416,408.8096869510114,116.93271488280523,711.2412697147188,485.40961665471394,4427.640215661185,1769.5389932032995,988.6486797514416,408.8096869510114,116.93271488280523,711.2412697147188
2026-02-15 12:00:00+00:00,368.84,4319.76,3517.73,1031.89,-5.431801e-06,120.8,1009.43,579.0372240626218,4179.231100917572,2228.6315139773274,988.822642118743,414.32884938431647,116.93416429568956,734.2626717054741,485.40961665471394,4427.640215661185,1769.5389932032995,988.6486797514416,408.8096869510114,116.93271488280523,711.2412697147188,485.40961665471394,4427.640215661185,1769.5389932032995,988.6486797514416,408.8096869510114,116.93271488280523,711.2412697147188
2026-02-15 13:00:00+00:00,366.01,4285.28,3450.57,1030.81,-5.431801e-06,120.68,1004.33,577.9056135244555,4175.769409272651,2222.868044818493,988.822642118743,429.556267339187,116.93416429568956,733.6862434711668,485.40961665471394,4427.640215661185,1769.5389932032995,988.6486797514416,408.8096869510114,116.93271488280523,711.2412697147188,485.40961665471394,4427.640215661185,1769.5389932032995,988.6486797514416,408.8096869510114,116.93271488280523,711.2412697147188
2026-02-15 14:00:00+00:00,368.7,5536.93,3678.88,1030.38,-5.431801e-06,120.63,1013.61,584.3512831492775,4323.681190186005,2253.9743181006597,988.822642118743,444.7836852940576,116.93416429568956,733.8966145462747,485.40961665471394,4427.640215661185,1769.5389932032995,988.6486797514416,408.8096869510114,116.93271488280523,711.2412697147188,485.40961665471394,4427.640215661185,1769.5389932032995,988.6486797514416,408.8096869510114,116.93271488280523,711.2412697147188
2026-02-15 15:00:00+00:00,364.23,6318.38,3782.21,1048.06,124.98,122.71,1012.64,590.5013550388941,4479.086651676611,2288.318009626621,988.822642118743,460.0111032489282,116.93416429568956,734.5741242885795,485.40961665471394,4427.640215661185,1769.5389932032995,988.6486797514416,408.8096869510114,116.93271488280523,711.2412697147188,485.40961665471394,4427.640215661185,1769.5389932032995,988.6486797514416,408.8096869510114,116.93271488280523,711.2412697147188
2026-02-15 16:00:00+00:00,352.19,6322.87,3834.99,1041.81,551.92,127.93,1020.38,597.806281441762,4548.491457137334,2329.6566439489325,988.822642118743,475.2385212037987,116.93416429568956,736.1980612049831,485.40961665471394,4427.640215661185,1769.5389932032995,988.6486797514416,408.8096869510114,116.93271488280523,711.2412697147188,485.40961665471394,4427.640215661185,1769.5389932032995,988.6486797514416,408.8096869510114,116.93271488280523,711.2412697147188
2026-02-15 17:00:00+00:00,376.61,6394.33,3897.52,913.11,373.47,125.74,1025.38,605.3060675160223,4488.722447595778,2368.5460873621537,988.822642118743,490.46593915866924,116.93416429568956,737.6754394110473,485.40961665471394,4427.640215661185,1769.5389932032995,988.6486797514416,408.8096869510114,116.93271488280523,711.2412697147188,485.40961665471394,4427.640215661185,1769.5389932032995,988.6486797514416,408.8096869510114,116.93271488280523,711.2412697147188
2026-02-15 18:00:00+00:00,403.38,6407.04,3792.85,915.23,119.23,107.16,1023.46,605.2525714056017,4373.3029220195,2369.338389391601,988.822642118743,505.69335711353983,116.93416429568956,737.547185849845,485.40961665471394,4427.640215661185,1769.5389932032995,988.6486797514416,408.8096869510114,116.93271488280523,711.2412697147188,485.40961665471394,4427.640215661185,1769.5389932032995,988.6486797514416,408.8096869510114,116.93271488280523,711.2412697147188
2026-02-15 19:00:00+00:00,407.68,6025.32,3742.34,917.73,22.38,107.44,1018.98,609.8596957569247,4293.882987021886,2392.3153437025667,988.822642118743,520.9207750684104,116.93416429568956,738.5727825745386,485.40961665471394,4427.640215661185,1769.5389932032995,988.6486797514416,408.8096869510114,116.93271488280523,711.2412697147188,485.40961665471394,4427.640215661185,1769.5389932032995,988.6486797514416,408.8096869510114,116.93271488280523,711.2412697147188
2026-02-15 20:00:00+00:00,408.47,5482.69,3715.53,969.19,-5.431801e-06,113.46,1020.56,610.8660920434651,4214.508911902891,2400.139496286944,988.822642118743,536.148193023281,116.93416429568956,738.8804137327077,485.40961665471394,4427.640215661185,1769.5389932032995,988.6486797514416,408.8096869510114,116.93271488280523,711.2412697147188,485.40961665471394,4427.640215661185,1769.5389932032995,988.6486797514416,408.8096869510114,116.93271488280523,711.2412697147188
2026-02-15 21:00:00+00:00,408.77,5592.68,3766.54,1034.07,-5.431801e-06,121.05,1021.46,613.5828383819992,4234.473094226743,2413.0210812986356,988.822642118743,551.3756109781515,116.93416429568956,739.1726936088974,485.40961665471394,4427.640215661185,1769.5389932032995,988.6486797514416,408.8096869510114,116.93271488280523,711.2412697147188,485.40961665471394,4427.640215661185,1769.5389932032995,988.6486797514416,408.8096869510114,116.93271488280523,711.2412697147188
2026-02-15 22:00:00+00:00,406.74,5499.33,3719.44,1013.22,31.409998,118.61,1017.26,610.9512361308816,4173.883050415185,2403.300242448858,988.822642118743,566.6030289330221,116.93416429568956,739.0788292382925,485.40961665471394,4427.640215661185,1769.5389932032995,988.6486797514416,408.8096869510114,116.93271488280523,711.2412697147188,485.40961665471394,4427.640215661185,1769.5389932032995,988.6486797514416,408.8096869510114,116.93271488280523,711.2412697147188
2026-02-15 23:00:00+00:00,408.14,4911.2,3482.5,1024.01,-5.431801e-06,119.88,997.62,608.2234271305718,4110.088355809886,2394.276140525243,988.822642118743,581.8304468878927,116.93416429568956,739.0506102574604,485.40961665471394,4427.640215661185,1769.5389932032995,988.6486797514416,408.8096869510114,116.93271488280523,711.2412697147188,485.40961665471394,4427.640215661185,1769.5389932032995,988.6486797514416,408.8096869510114,116.93271488280523,711.2412697147188
2026-02-16 00:00:00+00:00,407.51,4708.43,3320.56,1029.01,-5.431801e-06,120.47,980.85,608.3798579125811,4082.2503031907027,2331.7576702568167,988.822642118743,231.59983392586966,116.93416429568956,739.4621059665327,485.40961665471394,4427.640215661185,1769.5389932032995,988.6486797514416,408.8096869510114,116.93271488280523,711.2412697147188,485.40961665471394,4427.640215661185,1769.5389932032995,988.6486797514416,408.8096869510114,116.93271488280523,711.2412697147188
2026-02-16 01:00:00+00:00,406.78,4379.26,3218.09,1027.02,-5.431801e-06,120.23,955.77,609.4075002893661,4079.517093600998,2337.4636423219195,988.822642118743,246.82725188074022,116.93416429568956,739.8518662365324,485.40961665471394,4427.640215661185,1769.5389932032995,988.6486797514416,408.8096869510114,116.93271488280523,711.2412697147188,485.40961665471394,4427.640215661185,1769.5389932032995,988.6486797514416,408.8096869510114,116.93271488280523,711.2412697147188
2026-02-16 02:00:00+00:00,405.18,5006.96,3198.27,1041.78,-5.431801e-06,121.96,951.22,608.3536697957658,4100.535238012891,2335.4003900975704,988.822642118743,262.05466983561075,116.93416429568956,739.8182144168026,485.40961665471394,4427.640215661185,1769.5389932032995,988.6486797514416,408.8096869510114,116.93271488280523,711.2412697147188,485.40961665471394,4427.640215661185,1769.5389932032995,988.6486797514416,408.8096869510114,116.93271488280523,711.2412697147188
2026-02-16 03:00:00+00:00,405.75,5357.77,3351.11,1059.43,-5.431801e-06,124.03,971.2,606.8656038807435,4108.556939450094,2334.843546672192,988.822642118743,277.28208779048134,116.93416429568956,739.7657006381678,485.40961665471394,4427.640215661185,1769.5389932032995,988.6486797514416,408.8096869510114,116.93271488280523,711.2412697147188,485.40961665471394,4427.640215661185,1769.5389932032995,988.6486797514416,408.8096869510114,116.93271488280523,711.2412697147188
2026-02-16 04:00:00+00:00,418.76,5904.82,3645.95,1043.3,-5.431801e-06,122.13,977.37,608.6220544141021,4219.914012508533,2347.978036823956,988.822642118743,292.50950574535193,116.93416429568956,739.8854587409421,485.40961665471394,4427.640215661185,1769.5389932032995,988.6486797514416,408.8096869510114,116.93271488280523,711.2412697147188,485.40961665471394,4427.640215661185,1769.5389932032995,988.6486797514416,408.8096869510114,116.93271488280523,711.2412697147188
2026-02-16 05:00:00+00:00,603.08,6882.39,3759.55,1034.76,71.58999,121.13,993.63,614.4270884583053,4414.458390008902,2378.298644100316,988.822642118743,307.7369237002225,116.93416429568956,739.7937040973293,485.40961665471394,4427.640215661185,1769.5389932032995,988.6486797514416,408.8096869510114,116.93271488280523,711.2412697147188,485.40961665471394,4427.640215661185,1769.5389932032995,988.6486797514416,408.8096869510114,116.93271488280523,711.2412697147188
2026-02-16 06:00:00+00:00,706.17,7056.95,4009.95,1045.71,66.38,125.34,991.53,622.1418376653991,4563.438942716359,2419.1138522492583,988.822642118743,322.96434165509305,116.93416429568956,740.9064720062879,485.40961665471394,4427.640215661185,1769.5389932032995,988.6486797514416,408.8096869510114,116.93271488280523,711.2412697147188,485.40961665471394,4427.640215661185,1769.5389932032995,988.6486797514416,408.8096869510114,116.93271488280523,711.2412697147188
2026-02-16 07:00:00+00:00,850.1,7048.54,3922.48,1059.19,76.420006,126.99,1007.77,624.7915735924015,4652.899445984695,2432.659599620585,988.822642118743,338.19175960996364,116.93416429568956,740.8447828683722,485.40961665471394,4427.640215661185,1769.5389932032995,988.6486797514416,408.8096869510114,116.93271488280523,711.2412697147188,485.40961665471394,4427.640215661185,1769.5389932032995,988.6486797514416,408.8096869510114,116.93271488280523,711.2412697147188
2026-02-16 08:00:00+00:00,894.9,6977.6,3858.26,1065.52,165.36,148.33,1000.87,622.5789001980345,4675.96682173547,2420.9610772752826,988.822642118743,353.4191775648342,116.93416429568956,740.2019699480702,485.40961665471394,4427.640215661185,1769.5389932032995,988.6486797514416,408.8096869510114,116.93271488280523,711.2412697147188,485.40961665471394,4427.640215661185,1769.5389932032995,988.6486797514416,408.8096869510114,116.93271488280523,711.2412697147188
2026-02-16 09:00:00+00:00,536.6,6970.19,3779.16,1066.51,118.39001,125.12,1008.01,616.7836448606282,4670.548433595367,2394.7669211295624,988.822642118743,368.64659551970476,116.93416429568956,739.2369693213833,485.40961665471394,4427.640215661185,1769.5389932032995,988.6486797514416,408.8096869510114,116.93271488280523,711.2412697147188,485.40961665471394,4427.640215661185,1769.5389932032995,988.6486797514416,408.8096869510114,116.93271488280523,711.2412697147188
2026-02-16 10:00:00+00:00,408.69,7002.43,3720.81,1055.95,117.159996,123.62,1010.52,611.8126426288553,4683.559172900301,2371.082196163683,988.822642118743,383.87401347457535,116.93416429568956,737.9791467932258,485.40961665471394,4427.640215661185,1769.5389932032995,988.6486797514416,408.8096869510114,116.93271488280523,711.2412697147188,485.40961665471394,4427.640215661185,1769.5389932032995,988.6486797514416,408.8096869510114,116.93271488280523,711.2412697147188
2026-02-16 11:00:00+00:00,407.49,7038.92,3838.09,1042.83,26.730005,122.08,1017.12,607.4991419787389,4705.802057524035,2349.966021954392,988.822642118743,399.1014314294459,116.93416429568956,737.0281315228654,485.40961665471394,4427.640215661185,1769.5389932032995,988.6486797514416,408.8096869510114,116.93271488280523,711.2412697147188,485.40961665471394,4427.640215661185,1769.5389932032995,988.6486797514416,408.8096869510114,116.93271488280523,711.2412697147188
2026-02-16 12:00:00+00:00,408.71,7066.86,3852.67,1045.9,-5.431801e-06,122.44,1019.45,607.0777115573935,4726.015535535232,2354.7318815393724,988.822642118743,414.32884938431647,116.93416429568956,737.1362787897224,485.40961665471394,4427.640215661185,1769.5389932032995,988.6486797514416,408.8096869510114,116.93271488280523,711.2412697147188,485.40961665471394,4427.640215661185,1769.5389932032995,988.6486797514416,408.8096869510114,116.93271488280523,711.2412697147188
2026-02-16 13:00:00+00:00,407.18,7239.67,3984.04,1051.7,-5.431801e-06,123.12,1011.54,602.3036668495643,4764.846146522394,2339.526945017926,988.822642118743,429.556267339187,116.93416429568956,735.9873677046272,485.40961665471394,4427.640215661185,1769.5389932032995,988.6486797514416,408.8096869510114,116.93271488280523,711.2412697147188,485.40961665471394,4427.640215661185,1769.5389932032995,988.6486797514416,408.8096869510114,116.93271488280523,711.2412697147188
2026-02-16 14:00:00+00:00,410.51,7434.21,4143.6,1053.83,37.990017,123.37,1010.07,600.915006416308,4830.721886867951,2341.67547341506,988.822642118743,444.7836852940576,116.93416429568956,735.7224390311824,485.40961665471394,4427.640215661185,1769.5389932032995,988.6486797514416,408.8096869510114,116.93271488280523,711.2412697147188,485.40961665471394,4427.640215661185,1769.5389932032995,988.6486797514416,408.8096869510114,116.93271488280523,711.2412697147188
2026-02-16 15:00:00+00:00,423.55,7518.97,4249.61,1072.15,374.48,137.66,1012.84,605.2287836128666,4947.633219004367,2363.360719463459,988.822642118743,460.0111032489282,116.93416429568956,735.7541223188878,485.40961665471394,4427.640215661185,1769.5389932032995,988.6486797514416,408.8096869510114,116.93271488280523,711.2412697147188,485.40961665471394,4427.640215661185,1769.5389932032995,988.6486797514416,408.8096869510114,116.93271488280523,711.2412697147188
2026-02-16 16:00:00+00:00,424.73,7539.8,4358.93,1076.64,762.46,150.11,1037.93,610.2605118194158,5044.359470536978,2387.337835052367,988.822642118743,475.2385212037987,116.93416429568956,736.1659705898594,485.40961665471394,4427.640215661185,1769.5389932032995,988.6486797514416,408.8096869510114,116.93271488280523,711.2412697147188,485.40961665471394,4427.640215661185,1769.5389932032995,988.6486797514416,408.8096869510114,116.93271488280523,711.2412697147188
2026-02-16 17:00:00+00:00,423.52,7547.71,4391.91,1071.54,851.26,149.69,1049.32,614.7025134193617,5101.679143120182,2407.7575014158765,988.822642118743,490.46593915866924,116.93416429568956,736.581699333863,485.40961665471394,4427.640215661185,1769.5389932032995,988.6486797514416,408.8096869510114,116.93271488280523,711.2412697147188,485.40961665471394,4427.640215661185,1769.5389932032995,988.6486797514416,408.8096869510114,116.93271488280523,711.2412697147188
2026-02-16 18:00:00+00:00,421.7,7575.19,4362.99,1074.47,668.03,149.95,1045.05,613.842376303082,5074.334744135209,2406.5059447716494,988.822642118743,505.69335711353983,116.93416429568956,736.6019151628815,485.40961665471394,4427.640215661185,1769.5389932032995,988.6486797514416,408.8096869510114,116.93271488280523,711.2412697147188,485.40961665471394,4427.640215661185,1769.5389932032995,988.6486797514416,408.8096869510114,116.93271488280523,711.2412697147188
2026-02-16 19:00:00+00:00,421.36,7604.38,4287.98,1053.15,575.2,135.67,1028.5,612.6123641770293,4985.025202392481,2405.4190943053327,988.822642118743,520.9207750684104,116.93416429568956,737.1657457990838,485.40961665471394,4427.640215661185,1769.5389932032995,988.6486797514416,408.8096869510114,116.93271488280523,711.2412697147188,485.40961665471394,4427.640215661185,1769.5389932032995,988.6486797514416,408.8096869510114,116.93271488280523,711.2412697147188
2026-02-16 20:00:00+00:00,422.08,7587.19,4106.13,1063.61,119.13,124.51,1024.59,610.7291086854127,4894.930525760077,2399.4554906073763,988.822642118743,536.148193023281,116.93416429568956,737.6813299256506,485.40961665471394,4427.640215661185,1769.5389932032995,988.6486797514416,408.8096869510114,116.93271488280523,711.2412697147188,485.40961665471394,4427.640215661185,1769.5389932032995,988.6486797514416,408.8096869510114,116.93271488280523,711.2412697147188
2026-02-16 21:00:00+00:00,547.3,7550.23,4001.01,1052.92,108.409996,123.28,1022.57,606.9917088922443,4811.254141014956,2386.9943326000375,988.822642118743,551.3756109781515,116.93416429568956,737.7691131240858,485.40961665471394,4427.640215661185,1769.5389932032995,988.6486797514416,408.8096869510114,116.93271488280523,711.2412697147188,485.40961665471394,4427.640215661185,1769.5389932032995,988.6486797514416,408.8096869510114,116.93271488280523,711.2412697147188
2026-02-16 22:00:00+00:00,811.61,7489.46,3928.17,1032.34,100.970024,120.87,1023.01,601.3062429287149,4740.325904201858,2362.848020186312,988.822642118743,566.6030289330221,116.93416429568956,737.2812648453404,485.40961665471394,4427.640215661185,1769.5389932032995,988.6486797514416,408.8096869510114,116.93271488280523,711.2412697147188,485.40961665471394,4427.640215661185,1769.5389932032995,988.6486797514416,408.8096869510114,116.93271488280523,711.2412697147188
2026-02-16 23:00:00+00:00,920.16,7245.5,3734.66,1030.86,17.509974,120.69,1022.28,596.1355780805904,4688.3551528582275,2340.112867995876,988.822642118743,581.8304468878927,116.93416429568956,736.6086432872864,485.40961665471394,4427.640215661185,1769.5389932032995,988.6486797514416,408.8096869510114,116.93271488280523,711.2412697147188,485.40961665471394,4427.640215661185,1769.5389932032995,988.6486797514416,408.8096869510114,116.93271488280523,711.2412697147188
2026-02-17 00:00:00+00:00,969.89,6978.16,3625.13,1026.73,-5.431801e-06,120.21,1027.78,595.0643875116386,4654.026901441162,2271.230634353791,988.822642118743,231.59983392586966,116.93416429568956,736.6581414750569,485.40961665471394,4427.640215661185,1769.5389932032995,988.6486797514416,408.8096869510114,116.93271488280523,711.2412697147188,485.40961665471394,4427.640215661185,1769.5389932032995,988.6486797514416,408.8096869510114,116.93271488280523,711.2412697147188
2026-02-17 01:00:00+00:00,968.91003,6514.71,3655.41,1023.04,-5.431801e-06,119.77,1031.41,594.0296444024799,4649.136045946719,2267.9256325236424,988.822642118743,246.82725188074022,116.93416429568956,736.5418498128084,485.40961665471394,4427.640215661185,1769.5389932032995,988.6486797514416,408.8096869510114,116.93271488280523,711.2412697147188,485.40961665471394,4427.640215661185,1769.5389932032995,988.6486797514416,408.8096869510114,116.93271488280523,711.2412697147188
2026-02-17 02:00:00+00:00,967.93,6446.07,3701.25,1021.55,-5.431801e-06,119.6,1028.93,593.4881308246283,4674.246384372631,2267.746259622443,988.822642118743,262.05466983561075,116.93416429568956,736.3501697814534,485.40961665471394,4427.640215661185,1769.5389932032995,988.6486797514416,408.8096869510114,116.93271488280523,711.2412697147188,485.40961665471394,4427.640215661185,1769.5389932032995,988.6486797514416,408.8096869510114,116.93271488280523,711.2412697147188
2026-02-17 03:00:00+00:00,962.63007,7067.58,3746.11,1031.29,-5.431801e-06,120.73,1023.4,595.2512190296532,4718.35708757021,2279.2437188391204,988.822642118743,277.28208779048134,116.93416429568956,736.35316712023,485.40961665471394,4427.640215661185,1769.5389932032995,988.6486797514416,408.8096869510114,116.93271488280523,711.2412697147188,485.40961665471394,4427.640215661185,1769.5389932032995,988.6486797514416,408.8096869510114,116.93271488280523,711.2412697147188
2026-02-17 04:00:00+00:00,961.03,7150.91,3871.9,1027.32,-5.431801e-06,120.27,1027.4,597.9060988815369,4794.730885871044,2296.6180024811765,988.822642118743,292.50950574535193,116.93416429568956,736.4607008321099,485.40961665471394,4427.640215661185,1769.5389932032995,988.6486797514416,408.8096869510114,116.93271488280523,711.2412697147188,485.40961665471394,4427.640215661185,1769.5389932032995,988.6486797514416,408.8096869510114,116.93271488280523,711.2412697147188
2026-02-17 05:00:00+00:00,967.48004,7438.14,4036.3,1038.45,178.94,121.58,1021.36,604.9779748702604,4987.661664323142,2333.6085459863475,988.822642118743,307.7369237002225,116.93416429568956,736.531976626416,485.40961665471394,4427.640215661185,1769.5389932032995,988.6486797514416,408.8096869510114,116.93271488280523,711.2412697147188,485.40961665471394,4427.640215661185,1769.5389932032995,988.6486797514416,408.8096869510114,116.93271488280523,711.2412697147188
2026-02-17 06:00:00+00:00,968.77,7624.94,4087.99,1035.19,734.9,139.03,1025.76,609.1578492622768,5116.323953093857,2357.555321093323,988.822642118743,322.96434165509305,116.93416429568956,736.5000608939283,485.40961665471394,4427.640215661185,1769.5389932032995,988.6486797514416,408.8096869510114,116.93271488280523,711.2412697147188,485.40961665471394,4427.640215661185,1769.5389932032995,988.6486797514416,408.8096869510114,116.93271488280523,711.2412697147188
2026-02-17 07:00:00+00:00,965.29,7628.82,4100.78,1041.24,894.07,146.05,1026.89,609.7725526474734,5143.576056464679,2363.9086793140114,988.822642118743,338.19175960996364,116.93416429568956,736.6160353940782,485.40961665471394,4427.640215661185,1769.5389932032995,988.6486797514416,408.8096869510114,116.93271488280523,711.2412697147188,485.40961665471394,4427.640215661185,1769.5389932032995,988.6486797514416,408.8096869510114,116.93271488280523,711.2412697147188
2026-02-17 08:00:00+00:00,960.06,7610.26,4119.8193,1045.82,802.3,128.87,1038.32,606.4236730438108,5103.512939849232,2348.862549137368,988.822642118743,353.4191775648342,116.93416429568956,736.0901367131629,485.40961665471394,4427.640215661185,1769.5389932032995,988.6486797514416,408.8096869510114,116.93271488280523,711.2412697147188,485.40961665471394,4427.640215661185,1769.5389932032995,988.6486797514416,408.8096869510114,116.93271488280523,711.2412697147188
2026-02-17 09:00:00+00:00,966.79,7596.72,4102.25,1038.27,512.11,121.56,1038.44,600.6937362145343,5051.585897328829,2322.784869362378,988.822642118743,368.64659551970476,116.93416429568956,734.9316952319951,485.40961665471394,4427.640215661185,1769.5389932032995,988.6486797514416,408.8096869510114,116.93271488280523,711.2412697147188,485.40961665471394,4427.640215661185,1769.5389932032995,988.6486797514416,408.8096869510114,116.93271488280523,711.2412697147188
2026-02-17 10:00:00+00:00,964.35,7580.51,4064.39,1037.17,336.85,121.42,1037.49,593.6282482412245,5009.404599880966,2286.599991215288,988.822642118743,383.87401347457535,116.93416429568956,733.3842828503375,485.40961665471394,4427.640215661185,1769.5389932032995,988.6486797514416,408.8096869510114,116.93271488280523,711.2412697147188,485.40961665471394,4427.640215661185,1769.5389932032995,988.6486797514416,408.8096869510114,116.93271488280523,711.2412697147188
2026-02-17 11:00:00+00:00,959.57,7607.84,3998.53,1033.6,88.48,121.0,1043.87,583.9216707407642,4936.988565521261,2239.289108042216,988.822642118743,399.1014314294459,116.93416429568956,731.615039131375,485.40961665471394,4427.640215661185,1769.5389932032995,988.6486797514416,408.8096869510114,116.93271488280523,711.2412697147188,485.40961665471394,4427.640215661185,1769.5389932032995,988.6486797514416,408.8096869510114,116.93271488280523,711.2412697147188
2026-02-17 12:00:00+00:00,960.58,7585.84,3999.78,1040.66,89.64001,121.83,1023.92,576.8474301982162,4878.521493704663,2212.262050922139,988.822642118743,414.32884938431647,116.93416429568956,730.5126453600288,485.40961665471394,4427.640215661185,1769.5389932032995,988.6486797514416,408.8096869510114,116.93271488280523,711.2412697147188,485.40961665471394,4427.640215661185,1769.5389932032995,988.6486797514416,408.8096869510114,116.93271488280523,711.2412697147188
2026-02-17 13:00:00+00:00,959.49,7516.89,3949.85,1027.36,101.700005,120.28,1034.02,573.2459843413499,4848.532698961986,2204.274500451674,988.822642118743,429.556267339187,116.93416429568956,730.2425231063687,485.40961665471394,4427.640215661185,1769.5389932032995,988.6486797514416,408.8096869510114,116.93271488280523,711.2412697147188,485.40961665471394,4427.640215661185,1769.5389932032995,988.6486797514416,408.8096869510114,116.93271488280523,711.2412697147188
2026-02-17 14:00:00+00:00,960.55,7508.55,3974.59,1005.43,69.61999,117.71,1033.13,571.3731439439981,4890.468031184007,2196.79210899283,988.822642118743,444.7836852940576,116.93416429568956,729.3877874840944,485.40961665471394,4427.640215661185,1769.5389932032995,988.6486797514416,408.8096869510114,116.93271488280523,711.2412697147188,485.40961665471394,4427.640215661185,1769.5389932032995,988.6486797514416,408.8096869510114,116.93271488280523,711.2412697147188
2026-02-17 15:00:00+00:00,960.2,7447.33,4051.83,1011.17,262.72,118.57,1038.38,573.3198785144591,4973.379689939479,2210.769297323059,988.822642118743,460.0111032489282,116.93416429568956,729.3245599106006,485.40961665471394,4427.640215661185,1769.5389932032995,988.6486797514416,408.8096869510114,116.93271488280523,711.2412697147188,485.40961665471394,4427.640215661185,1769.5389932032995,988.6486797514416,408.8096869510114,116.93271488280523,711.2412697147188
2026-02-17 16:00:00+00:00,961.19,7514.7,4153.1895,1015.35,915.84,143.03,1053.49,578.8341092741462,5045.308795313534,2242.5248497239163,988.822642118743,475.2385212037987,116.93416429568956,730.2866052063216,485.40961665471394,4427.640215661185,1769.5389932032995,988.6486797514416,408.8096869510114,116.93271488280523,711.2412697147188,485.40961665471394,4427.640215661185,1769.5389932032995,988.6486797514416,408.8096869510114,116.93271488280523,711.2412697147188
2026-02-17 17:00:00+00:00,959.87006,7535.57,4206.3,1011.06,1102.64,142.45,1052.12,584.6206624177665,5078.680415113938,2270.837783938767,988.822642118743,490.46593915866924,116.93416429568956,730.8203227113108,485.40961665471394,4427.640215661185,1769.5389932032995,988.6486797514416,408.8096869510114,116.93271488280523,711.2412697147188,485.40961665471394,4427.640215661185,1769.5389932032995,988.6486797514416,408.8096869510114,116.93271488280523,711.2412697147188
2026-02-17 18:00:00+00:00,960.24,7601.22,4189.07,1012.19,858.44,142.66,1047.41,594.700709317623,5027.869348037404,2321.5279309717193,988.822642118743,505.69335711353983,116.93416429568956,733.4037771086656,485.40961665471394,4427.640215661185,1769.5389932032995,988.6486797514416,408.8096869510114,116.93271488280523,711.2412697147188,485.40961665471394,4427.640215661185,1769.5389932032995,988.6486797514416,408.8096869510114,116.93271488280523,711.2412697147188
2026-02-17 19:00:00+00:00,961.49,7577.73,4143.46,1011.55,402.6,118.66,1044.91,592.0744722877846,4904.204161728944,2311.063057795034,988.822642118743,520.9207750684104,116.93416429568956,733.2725520977879,485.40961665471394,4427.640215661185,1769.5389932032995,988.6486797514416,408.8096869510114,116.93271488280523,711.2412697147188,485.40961665471394,4427.640215661185,1769.5389932032995,988.6486797514416,408.8096869510114,116.93271488280523,711.2412697147188
2026-02-17 20:00:00+00:00,961.72,7518.97,3926.71,1007.17,55.709988,117.91,1040.14,588.5810519569558,4821.743677905908,2295.7064103673797,988.822642118743,536.148193023281,116.93416429568956,732.5170995609402,485.40961665471394,4427.640215661185,1769.5389932032995,988.6486797514416,408.8096869510114,116.93271488280523,711.2412697147188,485.40961665471394,4427.640215661185,1769.5389932032995,988.6486797514416,408.8096869510114,116.93271488280523,711.2412697147188
2026-02-17 21:00:00+00:00,959.52,7372.54,3823.31,1000.44,106.23998,117.12,1039.07,584.5027541687748,4744.322849438766,2278.8679659593613,988.822642118743,551.3756109781515,116.93416429568956,732.2256272835847,485.40961665471394,4427.640215661185,1769.5389932032995,988.6486797514416,408.8096869510114,116.93271488280523,711.2412697147188,485.40961665471394,4427.640215661185,1769.5389932032995,988.6486797514416,408.8096869510114,116.93271488280523,711.2412697147188
2026-02-17 22:00:00+00:00,959.58,7345.76,3730.28,1007.83,129.15,117.99,1041.31,582.7049003189018,4662.711680869061,2273.6318028632754,988.822642118743,566.6030289330221,116.93416429568956,732.5034471070084,485.40961665471394,4427.640215661185,1769.5389932032995,988.6486797514416,408.8096869510114,116.93271488280523,711.2412697147188,485.40961665471394,4427.640215661185,1769.5389932032995,988.6486797514416,408.8096869510114,116.93271488280523,711.2412697147188
2026-02-17 23:00:00+00:00,966.65,7329.37,3839.12,1001.98,0.55999213,117.3,1037.63,583.0181434882969,4632.691885251244,2276.449384832314,988.822642118743,581.8304468878927,116.93416429568956,732.8040019849427,485.40961665471394,4427.640215661185,1769.5389932032995,988.6486797514416,408.8096869510114,116.93271488280523,711.2412697147188,485.40961665471394,4427.640215661185,1769.5389932032995,988.6486797514416,408.8096869510114,116.93271488280523,711.2412697147188
2026-02-18 00:00:00+00:00,1033.23,7330.07,3844.97,962.2,-5.431801e-06,112.65,1040.13,584.6280795189667,4628.311007442128,2219.379051163308,988.822642118743,231.59983392586966,116.93416429568956,733.0134667603363,485.40961665471394,4427.640215661185,1769.5389932032995,988.6486797514416,408.8096869510114,116.93271488280523,711.2412697147188,485.40961665471394,4427.640215661185,1769.5389932032995,988.6486797514416,408.8096869510114,116.93271488280523,711.2412697147188
2026-02-18 01:00:00+00:00,1036.59,6690.07,3836.79,969.86,-5.431801e-06,113.54,1041.1,587.7323223877254,4654.479534067422,2235.507069177558,988.822642118743,246.82725188074022,116.93416429568956,733.3455840713099,485.40961665471394,4427.640215661185,1769.5389932032995,988.6486797514416,408.8096869510114,116.93271488280523,711.2412697147188,485.40961665471394,4427.640215661185,1769.5389932032995,988.6486797514416,408.8096869510114,116.93271488280523,711.2412697147188
2026-02-18 02:00:00+00:00,1037.02,6497.18,3841.09,971.37,-5.431801e-06,113.72,1032.86,590.7874845912489,4714.692653933933,2251.9528970240467,988.822642118743,262.05466983561075,116.93416429568956,733.724841787651,485.40961665471394,4427.640215661185,1769.5389932032995,988.6486797514416,408.8096869510114,116.93271488280523,711.2412697147188,485.40961665471394,4427.640215661185,1769.5389932032995,988.6486797514416,408.8096869510114,116.93271488280523,711.2412697147188
2026-02-18 03:00:00+00:00,1030.9,7150.85,3922.09,976.13,-5.431801e-06,114.29,1034.51,595.5179141346214,4819.655012030942,2277.6694523742526,988.822642118743,277.28208779048134,116.93416429568956,734.1121357883646,485.40961665471394,4427.640215661185,1769.5389932032995,988.6486797514416,408.8096869510114,116.93271488280523,711.2412697147188,485.40961665471394,4427.640215661185,1769.5389932032995,988.6486797514416,408.8096869510114,116.93271488280523,711.2412697147188
2026-02-18 04:00:00+00:00,1029.49,7367.72,4100.96,987.5,-5.431801e-06,115.62,1027.86,603.3568325544787,4973.630656997229,2316.6947343222846,988.822642118743,292.50950574535193,116.93416429568956,734.8211926269129,485.40961665471394,4427.640215661185,1769.5389932032995,988.6486797514416,408.8096869510114,116.93271488280523,711.2412697147188,485.40961665471394,4427.640215661185,1769.5389932032995,988.6486797514416,408.8096869510114,116.93271488280523,711.2412697147188
2026-02-18 05:00:00+00:00,1028.08,7473.54,4326.13,995.23,807.67,128.61,1036.97,612.2362204274036,5203.672258754039,2362.1576318585294,988.822642118743,307.7369237002225,116.93416429568956,735.1371586214099,485.40961665471394,4427.640215661185,1769.5389932032995,988.6486797514416,408.8096869510114,116.93271488280523,711.2412697147188,485.40961665471394,4427.640215661185,1769.5389932032995,988.6486797514416,408.8096869510114,116.93271488280523,711.2412697147188
2026-02-18 06:00:00+00:00,1033.33,7450.36,4369.06,1013.93,1612.61,142.86,1041.81,619.1158010694834,5370.634764383209,2397.7496465367244,988.822642118743,322.96434165509305,116.93416429568956,735.2474696554289,485.40961665471394,4427.640215661185,1769.5389932032995,988.6486797514416,408.8096869510114,116.93271488280523,711.2412697147188,485.40961665471394,4427.640215661185,1769.5389932032995,988.6486797514416,408.8096869510114,116.93271488280523,711.2412697147188
2026-02-18 07:00:00+00:00,1046.67,7513.83,4359.8594,1051.69,1592.0698,147.2,1038.16,623.0555220925544,5427.490597878463,2417.523046302469,988.822642118743,338.19175960996364,116.93416429568956,735.9058552910376,485.40961665471394,4427.640215661185,1769.5389932032995,988.6486797514416,408.8096869510114,116.93271488280523,711.2412697147188,485.40961665471394,4427.640215661185,1769.5389932032995,988.6486797514416,408.8096869510114,116.93271488280523,711.2412697147188
2026-02-18 08:00:00+00:00,1046.45,7434.01,4215.34,1042.89,1332.6,143.7,1028.53,618.0147590181557,5370.528697504245,2396.76146317394,988.822642118743,353.4191775648342,116.93416429568956,735.2363955640121,485.40961665471394,4427.640215661185,1769.5389932032995,988.6486797514416,408.8096869510114,116.93271488280523,711.2412697147188,485.40961665471394,4427.640215661185,1769.5389932032995,988.6486797514416,408.8096869510114,116.93271488280523,711.2412697147188
2026-02-18 09:00:00+00:00,1055.54,7557.36,4272.32,1035.93,442.93,134.24,1024.64,611.6363420216604,5286.428787531576,2373.073414519214,988.822642118743,368.64659551970476,116.93416429568956,735.1352879331708,485.40961665471394,4427.640215661185,1769.5389932032995,988.6486797514416,408.8096869510114,116.93271488280523,711.2412697147188,485.40961665471394,4427.640215661185,1769.5389932032995,988.6486797514416,408.8096869510114,116.93271488280523,711.2412697147188
2026-02-18 10:00:00+00:00,1053.53,7483.76,4206.3296,1018.12,25.020014,119.19,1049.42,606.4792078454426,5194.838399022366,2349.7068328091395,988.822642118743,383.87401347457535,116.93416429568956,734.7531201228663,485.40961665471394,4427.640215661185,1769.5389932032995,988.6486797514416,408.8096869510114,116.93271488280523,711.2412697147188,485.40961665471394,4427.640215661185,1769.5389932032995,988.6486797514416,408.8096869510114,116.93271488280523,711.2412697147188
2026-02-18 11:00:00+00:00,1043.91,7320.25,4179.76,1006.05,49.760006,117.78,1037.14,602.3915792657208,5126.573232063313,2327.264816162888,988.822642118743,399.1014314294459,116.93416429568956,734.1590834935578,485.40961665471394,4427.640215661185,1769.5389932032995,988.6486797514416,408.8096869510114,116.93271488280523,711.2412697147188,485.40961665471394,4427.640215661185,1769.5389932032995,988.6486797514416,408.8096869510114,116.93271488280523,711.2412697147188
2026-02-18 12:00:00+00:00,1036.43,7266.69,4145.42,1001.65,40.63,117.26,1036.03,595.4146746383924,5014.184631380996,2304.1099182909566,988.822642118743,414.32884938431647,116.93416429568956,733.8266450264073,485.40961665471394,4427.640215661185,1769.5389932032995,988.6486797514416,408.8096869510114,116.93271488280523,711.2412697147188,485.40961665471394,4427.640215661185,1769.5389932032995,988.6486797514416,408.8096869510114,116.93271488280523,711.2412697147188
2026-02-18 13:00:00+00:00,1039.11,7366.83,4149.11,1004.58,77.52996,117.6,1029.9,590.7741135660583,4994.186193877813,2290.1182834294686,988.822642118743,429.556267339187,116.93416429568956,733.0009464600803,485.40961665471394,4427.640215661185,1769.5389932032995,988.6486797514416,408.8096869510114,116.93271488280523,711.2412697147188,485.40961665471394,4427.640215661185,1769.5389932032995,988.6486797514416,408.8096869510114,116.93271488280523,711.2412697147188
2026-02-18 14:00:00+00:00,1046.01,7608.53,4220.3594,1002.4,143.26001,117.35,1028.86,592.419801440828,5042.813119048671,2302.7966186343956,988.822642118743,444.7836852940576,116.93416429568956,732.9449683136079,485.40961665471394,4427.640215661185,1769.5389932032995,988.6486797514416,408.8096869510114,116.93271488280523,711.2412697147188,485.40961665471394,4427.640215661185,1769.5389932032995,988.6486797514416,408.8096869510114,116.93271488280523,711.2412697147188
2026-02-18 15:00:00+00:00,1030.34,7552.87,4312.0,1015.2,705.7,130.37,1041.56,598.0423929303965,5162.526270045334,2332.537232895913,988.822642118743,460.0111032489282,116.93416429568956,733.7113928727242,485.40961665471394,4427.640215661185,1769.5389932032995,988.6486797514416,408.8096869510114,116.93271488280523,711.2412697147188,485.40961665471394,4427.640215661185,1769.5389932032995,988.6486797514416,408.8096869510114,116.93271488280523,711.2412697147188
2026-02-18 16:00:00+00:00,1036.5,7553.85,4396.35,1015.51,983.89,142.97,1065.47,607.423776265312,5243.113954373078,2381.156369921515,988.822642118743,475.2385212037987,116.93416429568956,735.9853652684047,485.40961665471394,4427.640215661185,1769.5389932032995,988.6486797514416,408.8096869510114,116.93271488280523,711.2412697147188,485.40961665471394,4427.640215661185,1769.5389932032995,988.6486797514416,408.8096869510114,116.93271488280523,711.2412697147188
2026-02-18 17:00:00+00:00,1042.04,7538.74,4420.38,1022.77,920.93,143.82,1129.11,614.555341631533,5225.815878480406,2419.162662865608,988.822642118743,490.46593915866924,116.93416429568956,738.0858776108038,485.40961665471394,4427.640215661185,1769.5389932032995,988.6486797514416,408.8096869510114,116.93271488280523,711.2412697147188,485.40961665471394,4427.640215661185,1769.5389932032995,988.6486797514416,408.8096869510114,116.93271488280523,711.2412697147188
2026-02-18 18:00:00+00:00,1046.25,7526.63,4395.28,1019.08,410.08,131.74,1167.71,610.5385621870752,5136.687378855966,2404.110739994088,988.822642118743,505.69335711353983,116.93416429568956,737.9771178726927,485.40961665471394,4427.640215661185,1769.5389932032995,988.6486797514416,408.8096869510114,116.93271488280523,711.2412697147188,485.40961665471394,4427.640215661185,1769.5389932032995,988.6486797514416,408.8096869510114,116.93271488280523,711.2412697147188
2026-02-18 19:00:00+00:00,1049.98,7422.9,4286.84,1017.63,168.45,119.13,1137.69,610.8808040483782,4989.071786438804,2408.685322951852,988.822642118743,520.9207750684104,116.93416429568956,739.0627661998122,485.40961665471394,4427.640215661185,1769.5389932032995,988.6486797514416,408.8096869510114,116.93271488280523,711.2412697147188,485.40961665471394,4427.640215661185,1769.5389932032995,988.6486797514416,408.8096869510114,116.93271488280523,711.2412697147188
2026-02-18 20:00:00+00:00,1047.15,7153.82,4101.48,1011.32,124.63,118.41,1047.01,609.8857147297771,4846.19426740074,2407.769002474326,988.822642118743,536.148193023281,116.93416429568956,739.8443680923807,485.40961665471394,4427.640215661185,1769.5389932032995,988.6486797514416,408.8096869510114,116.93271488280523,711.2412697147188,485.40961665471394,4427.640215661185,1769.5389932032995,988.6486797514416,408.8096869510114,116.93271488280523,711.2412697147188
2026-02-18 21:00:00+00:00,1049.4,7016.93,3966.11,1011.23,109.88998,118.39,1031.4,612.0218821661934,4764.98825688201,2419.600879750148,988.822642118743,551.3756109781515,116.93416429568956,740.651691070935,485.40961665471394,4427.640215661185,1769.5389932032995,988.6486797514416,408.8096869510114,116.93271488280523,711.2412697147188,485.40961665471394,4427.640215661185,1769.5389932032995,988.6486797514416,408.8096869510114,116.93271488280523,711.2412697147188
2026-02-18 22:00:00+00:00,963.24,7015.21,3895.55,1004.81,52.790005,117.64,1034.5,611.5119216230551,4640.508009380068,2420.994183366265,988.822642118743,566.6030289330221,116.93416429568956,741.427678629743,485.40961665471394,4427.640215661185,1769.5389932032995,988.6486797514416,408.8096869510114,116.93271488280523,711.2412697147188,485.40961665471394,4427.640215661185,1769.5389932032995,988.6486797514416,408.8096869510114,116.93271488280523,711.2412697147188
2026-02-18 23:00:00+00:00,803.79,6950.64,3709.46,1026.05,55.13,120.13,1035.71,610.3858569217931,4534.8879223364,2418.670412012164,988.822642118743,581.8304468878927,116.93416429568956,741.9471346076022,485.40961665471394,4427.640215661185,1769.5389932032995,988.6486797514416,408.8096869510114,116.93271488280523,711.2412697147188,485.40961665471394,4427.640215661185,1769.5389932032995,988.6486797514416,408.8096869510114,116.93271488280523,711.2412697147188
2026-02-19 00:00:00+00:00,797.64,6956.5,3543.4,1025.72,30.11001,120.09,1030.97,617.04217445828,4480.428180982254,2388.7311222871876,988.822642118743,231.59983392586966,116.93416429568956,744.025131518706,485.40961665471394,4427.640215661185,1769.5389932032995,988.6486797514416,408.8096869510114,116.93271488280523,711.2412697147188,485.40961665471394,4427.640215661185,1769.5389932032995,988.6486797514416,408.8096869510114,116.93271488280523,711.2412697147188
2026-02-19 01:00:00+00:00,797.53,6466.76,3612.52,1002.0,0.099970154,117.32,1031.29,621.5404804424278,4438.291179952056,2411.6884449374165,988.822642118743,246.82725188074022,116.93416429568956,744.8804273233904,485.40961665471394,4427.640215661185,1769.5389932032995,988.6486797514416,408.8096869510114,116.93271488280523,711.2412697147188,485.40961665471394,4427.640215661185,1769.5389932032995,988.6486797514416,408.8096869510114,116.93271488280523,711.2412697147188
2026-02-19 02:00:00+00:00,793.52,6342.07,3499.05,1004.51,0.12999944,117.6,1031.01,622.8388505030122,4411.078191248,2419.6070739344354,988.822642118743,262.05466983561075,116.93416429568956,744.935588667741,485.40961665471394,4427.640215661185,1769.5389932032995,988.6486797514416,408.8096869510114,116.93271488280523,711.2412697147188,485.40961665471394,4427.640215661185,1769.5389932032995,988.6486797514416,408.8096869510114,116.93271488280523,711.2412697147188
2026-02-19 03:00:00+00:00,794.89,7051.01,3497.0303,1004.2,0.08999091,117.58,1032.55,626.028660002442,4433.410694140234,2435.6228002321373,988.822642118743,277.28208779048134,116.93416429568956,744.89748712013,485.40961665471394,4427.640215661185,1769.5389932032995,988.6486797514416,408.8096869510114,116.93271488280523,711.2412697147188,485.40961665471394,4427.640215661185,1769.5389932032995,988.6486797514416,408.8096869510114,116.93271488280523,711.2412697147188
2026-02-19 04:00:00+00:00,793.09,7100.29,3585.27,988.92,1.3499701,115.78,1026.45,628.4064986125813,4497.773754907727,2449.5697687948536,988.822642118743,292.50950574535193,116.93416429568956,744.4120802275925,485.40961665471394,4427.640215661185,1769.5389932032995,988.6486797514416,408.8096869510114,116.93271488280523,711.2412697147188,485.40961665471394,4427.640215661185,1769.5389932032995,988.6486797514416,408.8096869510114,116.93271488280523,711.2412697147188
2026-02-19 05:00:00+00:00,858.7,7095.42,3722.65,1010.42,34.800014,118.3,1019.84,633.2171975387023,4640.395368712647,2477.639239096803,988.822642118743,307.7369237002225,116.93416429568956,744.193988434352,485.40961665471394,4427.640215661185,1769.5389932032995,988.6486797514416,408.8096869510114,116.93271488280523,711.2412697147188,485.40961665471394,4427.640215661185,1769.5389932032995,988.6486797514416,408.8096869510114,116.93271488280523,711.2412697147188
2026-02-19 06:00:00+00:00,1025.73,7240.15,3821.72,1017.69,42.020016,137.51,1029.0,644.180646837953,4794.581730263816,2532.137031551562,988.822642118743,322.96434165509305,116.93416429568956,744.9639575425904,485.40961665471394,4427.640215661185,1769.5389932032995,988.6486797514416,408.8096869510114,116.93271488280523,711.2412697147188,485.40961665471394,4427.640215661185,1769.5389932032995,988.6486797514416,408.8096869510114,116.93271488280523,711.2412697147188
2026-02-19 07:00:00+00:00,1027.79,7478.49,3893.29,1018.38,182.26999,143.3,1030.55,646.5156267452767,4821.352914383495,2546.8861932658688,988.822642118743,338.19175960996364,116.93416429568956,745.2430246335264,485.40961665471394,4427.640215661185,1769.5389932032995,988.6486797514416,408.8096869510114,116.93271488280523,711.2412697147188,485.40961665471394,4427.640215661185,1769.5389932032995,988.6486797514416,408.8096869510114,116.93271488280523,711.2412697147188
2026-02-19 08:00:00+00:00,1052.18,7515.38,3932.22,1035.67,239.51,145.41,1023.97,637.7456312258612,4793.693700620428,2507.6514161859486,988.822642118743,353.4191775648342,116.93416429568956,743.3175269234957,485.40961665471394,4427.640215661185,1769.5389932032995,988.6486797514416,408.8096869510114,116.93271488280523,711.2412697147188,485.40961665471394,4427.640215661185,1769.5389932032995,988.6486797514416,408.8096869510114,116.93271488280523,711.2412697147188
2026-02-19 09:00:00+00:00,1054.78,7429.41,3913.26,1020.19,123.709984,127.67,1029.85,627.7871783549929,4768.4455568258545,2462.5045797715356,988.822642118743,368.64659551970476,116.93416429568956,741.3604639236038,485.40961665471394,4427.640215661185,1769.5389932032995,988.6486797514416,408.8096869510114,116.93271488280523,711.2412697147188,485.40961665471394,4427.640215661185,1769.5389932032995,988.6486797514416,408.8096869510114,116.93271488280523,711.2412697147188
2026-02-19 10:00:00+00:00,1048.58,7238.31,3903.48,1021.7,91.82,119.61,1035.21,617.7624395470725,4725.788406451655,2415.5032454628586,988.822642118743,383.87401347457535,116.93416429568956,738.7206804168069,485.40961665471394,4427.640215661185,1769.5389932032995,988.6486797514416,408.8096869510114,116.93271488280523,711.2412697147188,485.40961665471394,4427.640215661185,1769.5389932032995,988.6486797514416,408.8096869510114,116.93271488280523,711.2412697147188
2026-02-19 11:00:00+00:00,1052.42,6905.76,3868.6,1043.34,71.700005,122.14,1047.64,607.2789275742024,4656.933614789383,2365.8612587274133,988.822642118743,399.1014314294459,116.93416429568956,736.0392025816825,485.40961665471394,4427.640215661185,1769.5389932032995,988.6486797514416,408.8096869510114,116.93271488280523,711.2412697147188,485.40961665471394,4427.640215661185,1769.5389932032995,988.6486797514416,408.8096869510114,116.93271488280523,711.2412697147188
2026-02-19 12:00:00+00:00,1051.96,6924.52,3859.66,1093.16,58.240017,127.97,1041.43,599.7475081535019,4602.128815380682,2330.690253775299,988.822642118743,414.32884938431647,116.93416429568956,734.0300730550362,485.40961665471394,4427.640215661185,1769.5389932032995,988.6486797514416,408.8096869510114,116.93271488280523,711.2412697147188,485.40961665471394,4427.640215661185,1769.5389932032995,988.6486797514416,408.8096869510114,116.93271488280523,711.2412697147188
2026-02-19 13:00:00+00:00,882.58,6861.95,3869.28,1106.53,50.340023,129.54,1031.79,594.021474712109,4560.00511332157,2306.2475619831175,988.822642118743,429.556267339187,116.93416429568956,733.0262073698325,485.40961665471394,4427.640215661185,1769.5389932032995,988.6486797514416,408.8096869510114,116.93271488280523,711.2412697147188,485.40961665471394,4427.640215661185,1769.5389932032995,988.6486797514416,408.8096869510114,116.93271488280523,711.2412697147188
2026-02-19 14:00:00+00:00,792.16,7057.22,3894.28,1086.29,75.04,127.17,1033.1,594.2010919477475,4633.789724256309,2309.1663830686443,988.822642118743,444.7836852940576,116.93416429568956,732.7636389385638,485.40961665471394,4427.640215661185,1769.5389932032995,988.6486797514416,408.8096869510114,116.93271488280523,711.2412697147188,485.40961665471394,4427.640215661185,1769.5389932032995,988.6486797514416,408.8096869510114,116.93271488280523,711.2412697147188
2026-02-19 15:00:00+00:00,999.58,7341.75,3954.55,1071.05,117.189995,137.29,1024.08,598.604397289217,4751.52858236779,2332.722311469412,988.822642118743,460.0111032489282,116.93416429568956,733.4510131540866,485.40961665471394,4427.640215661185,1769.5389932032995,988.6486797514416,408.8096869510114,116.93271488280523,711.2412697147188,485.40961665471394,4427.640215661185,1769.5389932032995,988.6486797514416,408.8096869510114,116.93271488280523,711.2412697147188
2026-02-19 16:00:00+00:00,1046.67,7573.58,4054.32,1028.6,463.53,144.5,1047.68,609.4297435164185,4843.232152061174,2387.6499072896786,988.822642118743,475.2385212037987,116.93416429568956,735.4421767196625,485.40961665471394,4427.640215661185,1769.5389932032995,988.6486797514416,408.8096869510114,116.93271488280523,711.2412697147188,485.40961665471394,4427.640215661185,1769.5389932032995,988.6486797514416,408.8096869510114,116.93271488280523,711.2412697147188
2026-02-19 17:00:00+00:00,1047.42,7565.98,4055.66,1035.64,763.13,145.48,1056.09,620.9925865593684,4865.437083224298,2446.078257689606,988.822642118743,490.46593915866924,116.93416429568956,738.0150054716706,485.40961665471394,4427.640215661185,1769.5389932032995,988.6486797514416,408.8096869510114,116.93271488280523,711.2412697147188,485.40961665471394,4427.640215661185,1769.5389932032995,988.6486797514416,408.8096869510114,116.93271488280523,711.2412697147188
2026-02-19 18:00:00+00:00,1048.45,7473.13,4075.65,1037.47,677.26,145.7,1053.6,625.4907975032103,4815.954316982227,2470.007328078048,988.822642118743,505.69335711353983,116.93416429568956,739.174524435578,485.40961665471394,4427.640215661185,1769.5389932032995,988.6486797514416,408.8096869510114,116.93271488280523,711.2412697147188,485.40961665471394,4427.640215661185,1769.5389932032995,988.6486797514416,408.8096869510114,116.93271488280523,711.2412697147188
2026-02-19 19:00:00+00:00,1042.86,7246.41,4011.88,1019.12,163.2,143.47,1040.63,625.7921635883858,4752.444261111863,2474.17653803961,988.822642118743,520.9207750684104,116.93416429568956,739.8855657650934,485.40961665471394,4427.640215661185,1769.5389932032995,988.6486797514416,408.8096869510114,116.93271488280523,711.2412697147188,485.40961665471394,4427.640215661185,1769.5389932032995,988.6486797514416,408.8096869510114,116.93271488280523,711.2412697147188
2026-02-19 20:00:00+00:00,1018.67,7170.61,3983.15,1021.62,0.20998602,132.0,1043.65,624.2544071959837,4676.865447343196,2470.526191244138,988.822642118743,536.148193023281,116.93416429568956,740.4582230719059,485.40961665471394,4427.640215661185,1769.5389932032995,988.6486797514416,408.8096869510114,116.93271488280523,711.2412697147188,485.40961665471394,4427.640215661185,1769.5389932032995,988.6486797514416,408.8096869510114,116.93271488280523,711.2412697147188
2026-02-19 21:00:00+00:00,986.31,7000.98,3875.33,999.0,0.17000799,116.95,1042.64,625.690369788175,4646.123479939577,2480.2572565919104,988.822642118743,551.3756109781515,116.93416429568956,741.3384332758773,485.40961665471394,4427.640215661185,1769.5389932032995,988.6486797514416,408.8096869510114,116.93271488280523,711.2412697147188,485.40961665471394,4427.640215661185,1769.5389932032995,988.6486797514416,408.8096869510114,116.93271488280523,711.2412697147188
2026-02-19 22:00:00+00:00,863.14,7034.96,3827.99,991.93,0.14998846,116.13,1037.95,627.26327709483,4597.310603436073,2489.3969874204204,988.822642118743,566.6030289330221,116.93416429568956,742.2350070274255,485.40961665471394,4427.640215661185,1769.5389932032995,988.6486797514416,408.8096869510114,116.93271488280523,711.2412697147188,485.40961665471394,4427.640215661185,1769.5389932032995,988.6486797514416,408.8096869510114,116.93271488280523,711.2412697147188
2026-02-19 23:00:00+00:00,732.97,6973.14,3654.97,995.27,0.14000921,116.51,1019.06,628.9790474870418,4535.325499281257,2498.7285173596947,988.822642118743,581.8304468878927,116.93416429568956,742.9551398936787,485.40961665471394,4427.640215661185,1769.5389932032995,988.6486797514416,408.8096869510114,116.93271488280523,711.2412697147188,485.40961665471394,4427.640215661185,1769.5389932032995,988.6486797514416,408.8096869510114,116.93271488280523,711.2412697147188
2026-02-20 00:00:00+00:00,729.07,6951.44,3626.63,1000.16,9.459986,117.09,1018.16,632.3745495229834,4542.683158254051,2450.9859279307566,988.822642118743,231.59983392586966,116.93416429568956,743.7681345270429,485.40961665471394,4427.640215661185,1769.5389932032995,988.6486797514416,408.8096869510114,116.93271488280523,711.2412697147188,485.40961665471394,4427.640215661185,1769.5389932032995,988.6486797514416,408.8096869510114,116.93271488280523,711.2412697147188
2026-02-20 01:00:00+00:00,730.41,6895.59,3652.94,991.08,0.029993348,116.02,1014.35,638.8080124269034,4561.180396207692,2484.5843338548784,988.822642118743,246.82725188074022,116.93416429568956,745.3062486686013,485.40961665471394,4427.640215661185,1769.5389932032995,988.6486797514416,408.8096869510114,116.93271488280523,711.2412697147188,485.40961665471394,4427.640215661185,1769.5389932032995,988.6486797514416,408.8096869510114,116.93271488280523,711.2412697147188
2026-02-20 02:00:00+00:00,729.39,6768.44,3679.84,992.78,-5.431801e-06,116.22,1006.88,642.5464038517096,4589.584863513063,2505.351088674078,988.822642118743,262.05466983561075,116.93416429568956,746.0917629790969,485.40961665471394,4427.640215661185,1769.5389932032995,988.6486797514416,408.8096869510114,116.93271488280523,711.2412697147188,485.40961665471394,4427.640215661185,1769.5389932032995,988.6486797514416,408.8096869510114,116.93271488280523,711.2412697147188
2026-02-20 03:00:00+00:00,751.3,6801.22,3806.71,1000.49,0.04003363,117.13,1001.35,645.8900860737481,4617.279721084447,2525.392431441041,988.822642118743,277.28208779048134,116.93416429568956,746.6795022410553,485.40961665471394,4427.640215661185,1769.5389932032995,988.6486797514416,408.8096869510114,116.93271488280523,711.2412697147188,485.40961665471394,4427.640215661185,1769.5389932032995,988.6486797514416,408.8096869510114,116.93271488280523,711.2412697147188
2026-02-20 04:00:00+00:00,909.32,6994.59,4065.85,1001.97,-5.431801e-06,117.3,1001.02,651.0302656914351,4690.365183033031,2553.395810566284,988.822642118743,292.50950574535193,116.93416429568956,747.218882504519,485.40961665471394,4427.640215661185,1769.5389932032995,988.6486797514416,408.8096869510114,116.93271488280523,711.2412697147188,485.40961665471394,4427.640215661185,1769.5389932032995,988.6486797514416,408.8096869510114,116.93271488280523,711.2412697147188
2026-02-20 05:00:00+00:00,990.74,7062.33,4163.2695,1007.63,238.0,136.0,998.19,660.6457499670321,4839.736691199161,2601.825052720931,988.822642118743,307.7369237002225,116.93416429568956,747.8221929403796,485.40961665471394,4427.640215661185,1769.5389932032995,988.6486797514416,408.8096869510114,116.93271488280523,711.2412697147188,485.40961665471394,4427.640215661185,1769.5389932032995,988.6486797514416,408.8096869510114,116.93271488280523,711.2412697147188
2026-02-20 06:00:00+00:00,987.0301,6961.14,4165.67,1005.57,1322.62,141.72,1011.01,664.5310031337839,4959.818158847287,2624.5529847006774,988.822642118743,322.96434165509305,116.93416429568956,747.9021347900758,485.40961665471394,4427.640215661185,1769.5389932032995,988.6486797514416,408.8096869510114,116.93271488280523,711.2412697147188,485.40961665471394,4427.640215661185,1769.5389932032995,988.6486797514416,408.8096869510114,116.93271488280523,711.2412697147188
2026-02-20 07:00:00+00:00,979.88,6945.36,4194.31,1018.21,1391.13,143.36,1015.27,663.6526531086873,4922.997934044461,2623.073654517672,988.822642118743,338.19175960996364,116.93416429568956,747.5036874144068,485.40961665471394,4427.640215661185,1769.5389932032995,988.6486797514416,408.8096869510114,116.93271488280523,711.2412697147188,485.40961665471394,4427.640215661185,1769.5389932032995,988.6486797514416,408.8096869510114,116.93271488280523,711.2412697147188
2026-02-20 08:00:00+00:00,959.2101,6886.32,4133.96,1027.65,683.26,144.47,1005.05,649.761076903984,4764.316693450928,2558.253596433282,988.822642118743,353.4191775648342,116.93416429568956,744.4380333409588,485.40961665471394,4427.640215661185,1769.5389932032995,988.6486797514416,408.8096869510114,116.93271488280523,711.2412697147188,485.40961665471394,4427.640215661185,1769.5389932032995,988.6486797514416,408.8096869510114,116.93271488280523,711.2412697147188
2026-02-20 09:00:00+00:00,956.33,6707.24,3715.48,1033.11,172.89,127.14,988.85,635.3020637786935,4639.380488483018,2489.0579370646765,988.822642118743,368.64659551970476,116.93416429568956,740.8852689130309,485.40961665471394,4427.640215661185,1769.5389932032995,988.6486797514416,408.8096869510114,116.93271488280523,711.2412697147188,485.40961665471394,4427.640215661185,1769.5389932032995,988.6486797514416,408.8096869510114,116.93271488280523,711.2412697147188
2026-02-20 10:00:00+00:00,962.1401,6620.91,3535.66,1021.26,216.18,119.55,972.19,622.6452633628012,4532.648617401187,2428.180871766952,988.822642118743,383.87401347457535,116.93416429568956,737.5588355438636,485.40961665471394,4427.640215661185,1769.5389932032995,988.6486797514416,408.8096869510114,116.93271488280523,711.2412697147188,485.40961665471394,4427.640215661185,1769.5389932032995,988.6486797514416,408.8096869510114,116.93271488280523,711.2412697147188
2026-02-20 11:00:00+00:00,979.19,6392.76,3628.31,1030.94,1.0400031,120.69,974.9,611.0028368748738,4458.792826169564,2373.394092753517,988.822642118743,399.1014314294459,116.93416429568956,734.576629331908,485.40961665471394,4427.640215661185,1769.5389932032995,988.6486797514416,408.8096869510114,116.93271488280523,711.2412697147188,485.40961665471394,4427.640215661185,1769.5389932032995,988.6486797514416,408.8096869510114,116.93271488280523,711.2412697147188
2026-02-20 12:00:00+00:00,951.98004,6359.09,3618.79,1020.6,0.35000068,119.48,980.03,602.3418066578308,4465.342907949622,2332.049205471143,988.822642118743,414.32884938431647,116.93416429568956,732.2532025900553,485.40961665471394,4427.640215661185,1769.5389932032995,988.6486797514416,408.8096869510114,116.93271488280523,711.2412697147188,485.40961665471394,4427.640215661185,1769.5389932032995,988.6486797514416,408.8096869510114,116.93271488280523,711.2412697147188
2026-02-20 13:00:00+00:00,956.61,6367.19,3592.45,1009.37,0.36001045,118.16,981.96,593.034955659166,4512.481505253734,2289.4856035391913,988.822642118743,429.556267339187,116.93416429568956,729.9462592529078,485.40961665471394,4427.640215661185,1769.5389932032995,988.6486797514416,408.8096869510114,116.93271488280523,711.2412697147188,485.40961665471394,4427.640215661185,1769.5389932032995,988.6486797514416,408.8096869510114,116.93271488280523,711.2412697147188
2026-02-20 14:00:00+00:00,802.25,6029.64,3659.06,1046.21,0.37999946,134.49,952.73,589.2064623710556,4600.419005036711,2275.5859964438023,988.822642118743,444.7836852940576,116.93416429568956,729.0561987058626,485.40961665471394,4427.640215661185,1769.5389932032995,988.6486797514416,408.8096869510114,116.93271488280523,711.2412697147188,485.40961665471394,4427.640215661185,1769.5389932032995,988.6486797514416,408.8096869510114,116.93271488280523,711.2412697147188
2026-02-20 15:00:00+00:00,803.04,6164.92,3789.97,915.01,10.179987,131.04,962.84,590.6271115364016,4726.327192855846,2287.098590584729,988.822642118743,460.0111032489282,116.93416429568956,729.1334993743371,485.40961665471394,4427.640215661185,1769.5389932032995,988.6486797514416,408.8096869510114,116.93271488280523,711.2412697147188,485.40961665471394,4427.640215661185,1769.5389932032995,988.6486797514416,408.8096869510114,116.93271488280523,711.2412697147188
2026-02-20 16:00:00+00:00,809.12,6319.62,3931.25,921.46,75.409996,131.96,981.09,596.5764205376755,4786.670997529301,2320.6520767119464,988.822642118743,475.2385212037987,116.93416429568956,730.4860525662104,485.40961665471394,4427.640215661185,1769.5389932032995,988.6486797514416,408.8096869510114,116.93271488280523,711.2412697147188,485.40961665471394,4427.640215661185,1769.5389932032995,988.6486797514416,408.8096869510114,116.93271488280523,711.2412697147188
2026-02-20 17:00:00+00:00,794.83,5978.12,3684.01,936.08,0.4700263,133.67,964.84,601.9046215767492,4699.358271979341,2350.428652022038,988.822642118743,490.46593915866924,116.93416429568956,732.1679149720685,485.40961665471394,4427.640215661185,1769.5389932032995,988.6486797514416,408.8096869510114,116.93271488280523,711.2412697147188,485.40961665471394,4427.640215661185,1769.5389932032995,988.6486797514416,408.8096869510114,116.93271488280523,711.2412697147188
2026-02-20 18:00:00+00:00,665.65,6291.45,3604.4,926.82,0.42998725,132.5,970.38,597.8383695192251,4544.978113010996,2335.6458238201535,988.822642118743,505.69335711353983,116.93416429568956,732.5177162507135,485.40961665471394,4427.640215661185,1769.5389932032995,988.6486797514416,408.8096869510114,116.93271488280523,711.2412697147188,485.40961665471394,4427.640215661185,1769.5389932032995,988.6486797514416,408.8096869510114,116.93271488280523,711.2412697147188
2026-02-20 19:00:00+00:00,445.26,5942.96,3326.08,919.88,0.5200141,120.07,947.52,588.181579339267,4351.630117936749,2294.8241260901045,988.822642118743,520.9207750684104,116.93416429568956,731.7377513292964,485.40961665471394,4427.640215661185,1769.5389932032995,988.6486797514416,408.8096869510114,116.93271488280523,711.2412697147188,485.40961665471394,4427.640215661185,1769.5389932032995,988.6486797514416,408.8096869510114,116.93271488280523,711.2412697147188
2026-02-20 20:00:00+00:00,441.44,4866.74,3131.24,909.43,29.010004,106.46,944.29,579.5963214782576,4177.189486261424,2257.9055715201944,988.822642118743,536.148193023281,116.93416429568956,731.2136362581051,485.40961665471394,4427.640215661185,1769.5389932032995,988.6486797514416,408.8096869510114,116.93271488280523,711.2412697147188,485.40961665471394,4427.640215661185,1769.5389932032995,988.6486797514416,408.8096869510114,116.93271488280523,711.2412697147188
2026-02-20 21:00:00+00:00,442.44,3649.26,2793.39,902.85,0.67998725,105.69,944.46,573.7410497414744,4099.0980321612615,2231.873549337721,988.822642118743,551.3756109781515,116.93416429568956,730.4231643925272,485.40961665471394,4427.640215661185,1769.5389932032995,988.6486797514416,408.8096869510114,116.93271488280523,711.2412697147188,485.40961665471394,4427.640215661185,1769.5389932032995,988.6486797514416,408.8096869510114,116.93271488280523,711.2412697147188
2026-02-20 22:00:00+00:00,438.96,2404.31,2442.02,895.88,-5.431801e-06,104.88,931.72,567.8995225645236,4000.826123277432,2205.5324763378885,988.822642118743,566.6030289330221,116.93416429568956,729.7553058769231,485.40961665471394,4427.640215661185,1769.5389932032995,988.6486797514416,408.8096869510114,116.93271488280523,711.2412697147188,485.40961665471394,4427.640215661185,1769.5389932032995,988.6486797514416,408.8096869510114,116.93271488280523,711.2412697147188
2026-02-20 23:00:00+00:00,430.57,2124.3,2097.31,901.01,-5.431801e-06,105.48,907.84,560.5865875964096,3912.8241251723766,2172.8394353210247,988.822642118743,581.8304468878927,116.93416429568956,728.9545949609402,485.40961665471394,4427.640215661185,1769.5389932032995,988.6486797514416,408.8096869510114,116.93271488280523,711.2412697147188,485.40961665471394,4427.640215661185,1769.5389932032995,988.6486797514416,408.8096869510114,116.93271488280523,711.2412697147188
2026-02-21 00:00:00+00:00,423.36,1557.43,1958.41,898.01,-5.431801e-06,105.13,888.61,554.1476371167381,3855.361647509798,2078.851515912848,988.822642118743,231.59983392586966,116.93416429568956,728.0510942355493,485.40961665471394,4427.640215661185,1769.5389932032995,988.6486797514416,408.8096869510114,116.93271488280523,711.2412697147188,485.40961665471394,4427.640215661185,1769.5389932032995,988.6486797514416,408.8096869510114,116.93271488280523,711.2412697147188
2026-02-21 01:00:00+00:00,420.83,1558.7701,1954.06,901.18,-5.431801e-06,105.5,888.01,549.406926969236,3810.9631722614695,2057.0617582613827,988.822642118743,246.82725188074022,116.93416429568956,727.3002872267904,485.40961665471394,4427.640215661185,1769.5389932032995,988.6486797514416,408.8096869510114,116.93271488280523,711.2412697147188,485.40961665471394,4427.640215661185,1769.5389932032995,988.6486797514416,408.8096869510114,116.93271488280523,711.2412697147188
2026-02-21 02:00:00+00:00,416.78,1554.9501,1933.89,891.72,-5.431801e-06,104.39,880.12,545.791823508916,3790.3899856443013,2043.1079489631295,988.822642118743,262.05466983561075,116.93416429568956,726.6275609160293,485.40961665471394,4427.640215661185,1769.5389932032995,988.6486797514416,408.8096869510114,116.93271488280523,711.2412697147188,485.40961665471394,4427.640215661185,1769.5389932032995,988.6486797514416,408.8096869510114,116.93271488280523,711.2412697147188
2026-02-21 03:00:00+00:00,413.08,1592.7001,1932.11,893.79,-5.431801e-06,104.63,879.83,542.0553094217526,3777.7179666122806,2026.203266230542,988.822642118743,277.28208779048134,116.93416429568956,725.4130372395264,485.40961665471394,4427.640215661185,1769.5389932032995,988.6486797514416,408.8096869510114,116.93271488280523,711.2412697147188,485.40961665471394,4427.640215661185,1769.5389932032995,988.6486797514416,408.8096869510114,116.93271488280523,711.2412697147188
2026-02-21 04:00:00+00:00,410.62,1627.12,1941.93,890.69,-5.431801e-06,104.27,885.96,542.4117047578701,3791.4728851007476,2027.096596634502,988.822642118743,292.50950574535193,116.93416429568956,724.6983946975192,485.40961665471394,4427.640215661185,1769.5389932032995,988.6486797514416,408.8096869510114,116.93271488280523,711.2412697147188,485.40961665471394,4427.640215661185,1769.5389932032995,988.6486797514416,408.8096869510114,116.93271488280523,711.2412697147188
2026-02-21 05:00:00+00:00,414.29,1715.0001,2004.14,889.48,-5.431801e-06,104.13,891.7,541.2028067487947,3786.0355371605942,2024.7665716846145,988.822642118743,307.7369237002225,116.93416429568956,723.8979857750327,485.40961665471394,4427.640215661185,1769.5389932032995,988.6486797514416,408.8096869510114,116.93271488280523,711.2412697147188,485.40961665471394,4427.640215661185,1769.5389932032995,988.6486797514416,408.8096869510114,116.93271488280523,711.2412697147188
2026-02-21 06:00:00+00:00,412.15,1733.38,1972.75,897.09,71.46999,105.02,896.6,539.9422043846939,3840.7227608390185,2019.145723171851,988.822642118743,322.96434165509305,116.93416429568956,722.7007628067405,485.40961665471394,4427.640215661185,1769.5389932032995,988.6486797514416,408.8096869510114,116.93271488280523,711.2412697147188,485.40961665471394,4427.640215661185,1769.5389932032995,988.6486797514416,408.8096869510114,116.93271488280523,711.2412697147188
2026-02-21 07:00:00+00:00,412.21,1720.7401,2040.71,906.9,67.24999,118.0,901.39,541.0542143013465,3885.254605541576,2022.8073460554535,988.822642118743,338.19175960996364,116.93416429568956,721.8436566542966,485.40961665471394,4427.640215661185,1769.5389932032995,988.6486797514416,408.8096869510114,116.93271488280523,711.2412697147188,485.40961665471394,4427.640215661185,1769.5389932032995,988.6486797514416,408.8096869510114,116.93271488280523,711.2412697147188
2026-02-21 08:00:00+00:00,410.33,1709.66,2135.38,908.19,279.17,130.56,900.08,536.7198414320419,3868.0034308907134,2005.2317825054333,988.822642118743,353.4191775648342,116.93416429568956,720.6421224266941,485.40961665471394,4427.640215661185,1769.5389932032995,988.6486797514416,408.8096869510114,116.93271488280523,711.2412697147188,485.40961665471394,4427.640215661185,1769.5389932032995,988.6486797514416,408.8096869510114,116.93271488280523,711.2412697147188
2026-02-21 09:00:00+00:00,411.96,1707.3002,2130.8,905.92,161.12,118.48,899.46,528.1240170324943,3882.6878537629036,1965.5007832130184,988.822642118743,368.64659551970476,116.93416429568956,718.1406674037478,485.40961665471394,4427.640215661185,1769.5389932032995,988.6486797514416,408.8096869510114,116.93271488280523,711.2412697147188,485.40961665471394,4427.640215661185,1769.5389932032995,988.6486797514416,408.8096869510114,116.93271488280523,711.2412697147188
2026-02-21 10:00:00+00:00,411.94,1859.89,2285.38,904.28,19.779993,105.86,903.86,519.0200783327192,3923.430727570692,1922.7369355064252,988.822642118743,383.87401347457535,116.93416429568956,715.5297361803412,485.40961665471394,4427.640215661185,1769.5389932032995,988.6486797514416,408.8096869510114,116.93271488280523,711.2412697147188,485.40961665471394,4427.640215661185,1769.5389932032995,988.6486797514416,408.8096869510114,116.93271488280523,711.2412697147188
2026-02-21 11:00:00+00:00,412.59,1998.5302,2634.31,902.14,24.459955,105.61,937.1,512.0700425591426,3915.694609021506,1894.7134100871815,988.822642118743,399.1014314294459,116.93416429568956,714.1071549327826,485.40961665471394,4427.640215661185,1769.5389932032995,988.6486797514416,408.8096869510114,116.93271488280523,711.2412697147188,485.40961665471394,4427.640215661185,1769.5389932032995,988.6486797514416,408.8096869510114,116.93271488280523,711.2412697147188
2026-02-21 12:00:00+00:00,416.97,2113.05,2641.53,899.46,0.14998846,105.3,938.04,510.233278197343,3932.1642724602643,1887.385750017058,988.822642118743,414.32884938431647,116.93416429568956,713.6417473044783,485.40961665471394,4427.640215661185,1769.5389932032995,988.6486797514416,408.8096869510114,116.93271488280523,711.2412697147188,485.40961665471394,4427.640215661185,1769.5389932032995,988.6486797514416,408.8096869510114,116.93271488280523,711.2412697147188
2026-02-21 13:00:00+00:00,415.14,2524.98,2860.03,901.6,36.41,105.54,987.58,507.19559428972906,3989.7611047368973,1875.3479487761485,988.822642118743,429.556267339187,116.93416429568956,712.8725694801017,485.40961665471394,4427.640215661185,1769.5389932032995,988.6486797514416,408.8096869510114,116.93271488280523,711.2412697147188,485.40961665471394,4427.640215661185,1769.5389932032995,988.6486797514416,408.8096869510114,116.93271488280523,711.2412697147188
2026-02-21 14:00:00+00:00,415.18,2786.69,3161.3,906.07,506.88,106.07,1019.32,506.8315059748292,4090.819276208766,1875.7770626882561,988.822642118743,444.7836852940576,116.93416429568956,712.5973018366279,485.40961665471394,4427.640215661185,1769.5389932032995,988.6486797514416,408.8096869510114,116.93271488280523,711.2412697147188,485.40961665471394,4427.640215661185,1769.5389932032995,988.6486797514416,408.8096869510114,116.93271488280523,711.2412697147188
2026-02-21 15:00:00+00:00,415.01,2995.37,3366.6902,915.09,1247.14,118.97,1026.77,512.0042214777982,4227.156883829438,1902.759911897062,988.822642118743,460.0111032489282,116.93416429568956,713.2399788550599,485.40961665471394,4427.640215661185,1769.5389932032995,988.6486797514416,408.8096869510114,116.93271488280523,711.2412697147188,485.40961665471394,4427.640215661185,1769.5389932032995,988.6486797514416,408.8096869510114,116.93271488280523,711.2412697147188
2026-02-21 16:00:00+00:00,415.04,3011.61,3274.85,940.65,1566.26,134.44,1013.66,522.1137944730167,4355.368757495857,1953.8514203906122,988.822642118743,475.2385212037987,116.93416429568956,715.2128561034654,485.40961665471394,4427.640215661185,1769.5389932032995,988.6486797514416,408.8096869510114,116.93271488280523,711.2412697147188,485.40961665471394,4427.640215661185,1769.5389932032995,988.6486797514416,408.8096869510114,116.93271488280523,711.2412697147188
2026-02-21 17:00:00+00:00,413.67,3012.29,3226.39,919.47,1609.03,131.72,1024.51,530.343659889658,4378.601588320035,1996.3505260287586,988.822642118743,490.46593915866924,116.93416429568956,717.2838079970363,485.40961665471394,4427.640215661185,1769.5389932032995,988.6486797514416,408.8096869510114,116.93271488280523,711.2412697147188,485.40961665471394,4427.640215661185,1769.5389932032995,988.6486797514416,408.8096869510114,116.93271488280523,711.2412697147188
2026-02-21 18:00:00+00:00,417.84,3017.88,3204.54,918.55,1544.85,131.7,1018.77,536.0908575890076,4330.339079353614,2027.174823194513,988.822642118743,505.69335711353983,116.93416429568956,719.2996411957184,485.40961665471394,4427.640215661185,1769.5389932032995,988.6486797514416,408.8096869510114,116.93271488280523,711.2412697147188,485.40961665471394,4427.640215661185,1769.5389932032995,988.6486797514416,408.8096869510114,116.93271488280523,711.2412697147188
2026-02-21 19:00:00+00:00,415.29,2975.66,3261.55,916.85,1464.11,131.5,1018.88,534.6439642070945,4230.802370722159,2021.9825173815848,988.822642118743,520.9207750684104,116.93416429568956,719.956240280836,485.40961665471394,4427.640215661185,1769.5389932032995,988.6486797514416,408.8096869510114,116.93271488280523,711.2412697147188,485.40961665471394,4427.640215661185,1769.5389932032995,988.6486797514416,408.8096869510114,116.93271488280523,711.2412697147188
2026-02-21 20:00:00+00:00,403.98,2922.43,3200.14,901.7,1227.66,118.0,1004.91,534.5352758811214,4168.295204720233,2025.781415259982,988.822642118743,536.148193023281,116.93416429568956,720.7031240038897,485.40961665471394,4427.640215661185,1769.5389932032995,988.6486797514416,408.8096869510114,116.93271488280523,711.2412697147188,485.40961665471394,4427.640215661185,1769.5389932032995,988.6486797514416,408.8096869510114,116.93271488280523,711.2412697147188
2026-02-21 21:00:00+00:00,405.61,2796.41,3048.3,905.61,951.82,106.02,993.21,534.4303946571825,4140.75563080215,2028.3300494234732,988.822642118743,551.3756109781515,116.93416429568956,721.2647604781456,485.40961665471394,4427.640215661185,1769.5389932032995,988.6486797514416,408.8096869510114,116.93271488280523,711.2412697147188,485.40961665471394,4427.640215661185,1769.5389932032995,988.6486797514416,408.8096869510114,116.93271488280523,711.2412697147188
2026-02-21 22:00:00+00:00,406.02,2272.26,2985.23,899.11,357.56,105.27,997.63,528.2964295749725,4074.1896975813224,2002.6575919368724,988.822642118743,566.6030289330221,116.93416429568956,720.7940037330903,485.40961665471394,4427.640215661185,1769.5389932032995,988.6486797514416,408.8096869510114,116.93271488280523,711.2412697147188,485.40961665471394,4427.640215661185,1769.5389932032995,988.6486797514416,408.8096869510114,116.93271488280523,711.2412697147188
2026-02-21 23:00:00+00:00,405.01,1749.9401,2713.25,892.99,45.860012,128.69,661.2,523.6515631960266,4001.541719425396,1984.799593848403,988.822642118743,581.8304468878927,116.93416429568956,720.3743283912603,485.40961665471394,4427.640215661185,1769.5389932032995,988.6486797514416,408.8096869510114,116.93271488280523,711.2412697147188,485.40961665471394,4427.640215661185,1769.5389932032995,988.6486797514416,408.8096869510114,116.93271488280523,711.2412697147188
2026-02-22 00:00:00+00:00,405.9,1663.3102,2236.3,886.66,111.189995,127.96,630.4,511.00400473392966,3969.9015604319666,1862.9248448403341,988.822642118743,231.59983392586966,116.93416429568956,717.8706860809713,485.40961665471394,4427.640215661185,1769.5389932032995,988.6486797514416,408.8096869510114,116.93271488280523,711.2412697147188,485.40961665471394,4427.640215661185,1769.5389932032995,988.6486797514416,408.8096869510114,116.93271488280523,711.2412697147188
2026-02-22 01:00:00+00:00,408.15,1658.0201,2052.04,889.58,89.74999,104.51,617.26,506.55731299049455,3977.3931681209187,1844.8137506813819,988.822642118743,246.82725188074022,116.93416429568956,717.3624548933327,485.40961665471394,4427.640215661185,1769.5389932032995,988.6486797514416,408.8096869510114,116.93271488280523,711.2412697147188,485.40961665471394,4427.640215661185,1769.5389932032995,988.6486797514416,408.8096869510114,116.93271488280523,711.2412697147188
2026-02-22 02:00:00+00:00,400.63,1608.5001,1919.86,887.27,35.510006,103.88,611.36,507.97556732779,3989.0783923248864,1854.5647903456756,988.822642118743,262.05466983561075,116.93416429568956,717.8879309729292,485.40961665471394,4427.640215661185,1769.5389932032995,988.6486797514416,408.8096869510114,116.93271488280523,711.2412697147188,485.40961665471394,4427.640215661185,1769.5389932032995,988.6486797514416,408.8096869510114,116.93271488280523,711.2412697147188
2026-02-22 03:00:00+00:00,398.03,1611.7701,1836.46,893.46,-5.431801e-06,104.59,600.97,508.9797007400362,3981.6954416429353,1862.9150654568982,988.822642118743,277.28208779048134,116.93416429568956,718.2130160072313,485.40961665471394,4427.640215661185,1769.5389932032995,988.6486797514416,408.8096869510114,116.93271488280523,711.2412697147188,485.40961665471394,4427.640215661185,1769.5389932032995,988.6486797514416,408.8096869510114,116.93271488280523,711.2412697147188
2026-02-22 04:00:00+00:00,405.13,1618.09,1838.65,895.55,-5.431801e-06,104.84,607.2,511.0637747022983,3984.4469400925254,1874.56691285031,988.822642118743,292.50950574535193,116.93416429568956,718.523762204993,485.40961665471394,4427.640215661185,1769.5389932032995,988.6486797514416,408.8096869510114,116.93271488280523,711.2412697147188,485.40961665471394,4427.640215661185,1769.5389932032995,988.6486797514416,408.8096869510114,116.93271488280523,711.2412697147188
2026-02-22 05:00:00+00:00,410.33,1621.0602,1769.96,886.27,-5.431801e-06,103.75,597.86,505.90948842774026,3920.966418801,1855.2220349240442,988.822642118743,307.7369237002225,116.93416429568956,717.7686697965438,485.40961665471394,4427.640215661185,1769.5389932032995,988.6486797514416,408.8096869510114,116.93271488280523,711.2412697147188,485.40961665471394,4427.640215661185,1769.5389932032995,988.6486797514416,408.8096869510114,116.93271488280523,711.2412697147188
2026-02-22 06:00:00+00:00,408.4,1721.0302,1721.67,893.78,-5.431801e-06,104.63,597.42,500.90689710639873,3909.526937906696,1833.4875725917234,988.822642118743,322.96434165509305,116.93416429568956,716.1251584974293,485.40961665471394,4427.640215661185,1769.5389932032995,988.6486797514416,408.8096869510114,116.93271488280523,711.2412697147188,485.40961665471394,4427.640215661185,1769.5389932032995,988.6486797514416,408.8096869510114,116.93271488280523,711.2412697147188
2026-02-22 07:00:00+00:00,408.98,1759.4801,1749.97,896.09,-5.431801e-06,104.9,599.9,500.05307670623296,3904.6072939258634,1830.6441089911239,988.822642118743,338.19175960996364,116.93416429568956,715.2823850713218,485.40961665471394,4427.640215661185,1769.5389932032995,988.6486797514416,408.8096869510114,116.93271488280523,711.2412697147188,485.40961665471394,4427.640215661185,1769.5389932032995,988.6486797514416,408.8096869510114,116.93271488280523,711.2412697147188
2026-02-22 08:00:00+00:00,409.71,1768.7301,1769.76,900.93,32.580013,105.47,597.15,494.68621277666176,3894.8515707393963,1805.2387653402209,988.822642118743,353.4191775648342,116.93416429568956,713.3289389547514,485.40961665471394,4427.640215661185,1769.5389932032995,988.6486797514416,408.8096869510114,116.93271488280523,711.2412697147188,485.40961665471394,4427.640215661185,1769.5389932032995,988.6486797514416,408.8096869510114,116.93271488280523,711.2412697147188
2026-02-22 09:00:00+00:00,409.97,1770.2001,1741.51,896.01,-5.431801e-06,104.9,602.63,489.5331729085083,3866.6555862136256,1781.5294326462738,988.822642118743,368.64659551970476,116.93416429568956,712.1249786649718,485.40961665471394,4427.640215661185,1769.5389932032995,988.6486797514416,408.8096869510114,116.93271488280523,711.2412697147188,485.40961665471394,4427.640215661185,1769.5389932032995,988.6486797514416,408.8096869510114,116.93271488280523,711.2412697147188
2026-02-22 10:00:00+00:00,408.91,1764.7902,1712.6,898.03,-5.431801e-06,105.13,605.94,483.88668784447736,3849.6839893911274,1753.9121626513959,988.822642118743,383.87401347457535,116.93416429568956,710.5566007319277,485.40961665471394,4427.640215661185,1769.5389932032995,988.6486797514416,408.8096869510114,116.93271488280523,711.2412697147188,485.40961665471394,4427.640215661185,1769.5389932032995,988.6486797514416,408.8096869510114,116.93271488280523,711.2412697147188
2026-02-22 11:00:00+00:00,410.34,1651.63,1692.89,894.41,-5.431801e-06,104.71,600.36,479.408184412118,3802.699364326606,1735.1858485541782,988.822642118743,399.1014314294459,116.93416429568956,709.6517286742142,485.40961665471394,4427.640215661185,1769.5389932032995,988.6486797514416,408.8096869510114,116.93271488280523,711.2412697147188,485.40961665471394,4427.640215661185,1769.5389932032995,988.6486797514416,408.8096869510114,116.93271488280523,711.2412697147188
2026-02-22 12:00:00+00:00,410.65,1654.37,1687.38,892.58,-5.431801e-06,104.5,602.43,472.6147761507573,3785.868945526836,1704.6929346859604,988.822642118743,414.32884938431647,116.93416429568956,707.9099686783866,485.40961665471394,4427.640215661185,1769.5389932032995,988.6486797514416,408.8096869510114,116.93271488280523,711.2412697147188,485.40961665471394,4427.640215661185,1769.5389932032995,988.6486797514416,408.8096869510114,116.93271488280523,711.2412697147188
2026-02-22 13:00:00+00:00,411.19,1648.5402,1637.82,885.25,-5.431801e-06,103.63,592.2,471.63863140691313,3769.0667669938807,1704.102807497447,988.822642118743,429.556267339187,116.93416429568956,708.2782000247248,485.40961665471394,4427.640215661185,1769.5389932032995,988.6486797514416,408.8096869510114,116.93271488280523,711.2412697147188,485.40961665471394,4427.640215661185,1769.5389932032995,988.6486797514416,408.8096869510114,116.93271488280523,711.2412697147188
2026-02-22 14:00:00+00:00,411.7,1658.5302,1695.49,889.03,-5.431801e-06,116.21,598.16,478.52651942764186,3822.6410991411212,1740.2255051667669,988.822642118743,444.7836852940576,116.93416429568956,709.0295258887409,485.40961665471394,4427.640215661185,1769.5389932032995,988.6486797514416,408.8096869510114,116.93271488280523,711.2412697147188,485.40961665471394,4427.640215661185,1769.5389932032995,988.6486797514416,408.8096869510114,116.93271488280523,711.2412697147188
2026-02-22 15:00:00+00:00,413.66,1704.7902,2079.31,901.39,43.339993,129.77,606.71,485.78043090660475,3880.6362339749066,1778.2327231746003,988.822642118743,460.0111032489282,116.93416429568956,709.9352602906197,485.40961665471394,4427.640215661185,1769.5389932032995,988.6486797514416,408.8096869510114,116.93271488280523,711.2412697147188,485.40961665471394,4427.640215661185,1769.5389932032995,988.6486797514416,408.8096869510114,116.93271488280523,711.2412697147188
2026-02-22 16:00:00+00:00,410.19,2141.65,2692.52,910.2,568.24,130.87,645.53,489.37592602543305,3979.4429906286637,1799.3336699589595,988.822642118743,475.2385212037987,116.93416429568956,709.9664876946189,485.40961665471394,4427.640215661185,1769.5389932032995,988.6486797514416,408.8096869510114,116.93271488280523,711.2412697147188,485.40961665471394,4427.640215661185,1769.5389932032995,988.6486797514416,408.8096869510114,116.93271488280523,711.2412697147188
2026-02-22 17:00:00+00:00,410.34,2524.62,2958.38,921.5,981.59,132.11,671.27,491.23871502383713,4000.25409005846,1811.816893381894,988.822642118743,490.46593915866924,116.93416429568956,710.287940954467,485.40961665471394,4427.640215661185,1769.5389932032995,988.6486797514416,408.8096869510114,116.93271488280523,711.2412697147188,485.40961665471394,4427.640215661185,1769.5389932032995,988.6486797514416,408.8096869510114,116.93271488280523,711.2412697147188
2026-02-22 18:00:00+00:00,410.93,2394.39,2983.05,917.69,959.96,131.6,689.11,493.4305969618774,3994.5412848646733,1822.9645770074078,988.822642118743,505.69335711353983,116.93416429568956,710.6527537634904,485.40961665471394,4427.640215661185,1769.5389932032995,988.6486797514416,408.8096869510114,116.93271488280523,711.2412697147188,485.40961665471394,4427.640215661185,1769.5389932032995,988.6486797514416,408.8096869510114,116.93271488280523,711.2412697147188
2026-02-22 19:00:00+00:00,409.03,2177.39,2961.52,916.8,547.41,131.49,692.4,494.61993111730095,3947.4295393815787,1830.245894552582,988.822642118743,520.9207750684104,116.93416429568956,711.2027415140769,485.40961665471394,4427.640215661185,1769.5389932032995,988.6486797514416,408.8096869510114,116.93271488280523,711.2412697147188,485.40961665471394,4427.640215661185,1769.5389932032995,988.6486797514416,408.8096869510114,116.93271488280523,711.2412697147188
2026-02-22 20:00:00+00:00,407.18,2155.27,2958.0,921.55,250.56,132.05,680.0,500.34435992816356,3911.5382530345682,1858.8660852376715,988.822642118743,536.148193023281,116.93416429568956,712.424975613696,485.40961665471394,4427.640215661185,1769.5389932032995,988.6486797514416,408.8096869510114,116.93271488280523,711.2412697147188,485.40961665471394,4427.640215661185,1769.5389932032995,988.6486797514416,408.8096869510114,116.93271488280523,711.2412697147188
2026-02-22 21:00:00+00:00,408.65,1970.0101,2805.67,913.44,120.08999,131.1,679.23,500.4068589843705,3890.3191638876424,1865.2734098679184,988.822642118743,551.3756109781515,116.93416429568956,713.3064541739944,485.40961665471394,4427.640215661185,1769.5389932032995,988.6486797514416,408.8096869510114,116.93271488280523,711.2412697147188,485.40961665471394,4427.640215661185,1769.5389932032995,988.6486797514416,408.8096869510114,116.93271488280523,711.2412697147188
2026-02-22 22:00:00+00:00,410.79,1619.9,2122.54,898.24,0.11001044,123.55,642.48,498.2225021003454,3841.5359010366983,1859.934482400554,988.822642118743,566.6030289330221,116.93416429568956,713.9023665516628,485.40961665471394,4427.640215661185,1769.5389932032995,988.6486797514416,408.8096869510114,116.93271488280523,711.2412697147188,485.40961665471394,4427.640215661185,1769.5389932032995,988.6486797514416,408.8096869510114,116.93271488280523,711.2412697147188
2026-02-22 23:00:00+00:00,410.83,1588.7501,1856.14,888.88,-5.431801e-06,104.07,582.64,500.06488986384204,3830.1047265040693,1872.7927382702676,988.822642118743,581.8304468878927,116.93416429568956,715.1598908191775,485.40961665471394,4427.640215661185,1769.5389932032995,988.6486797514416,408.8096869510114,116.93271488280523,711.2412697147188,485.40961665471394,4427.640215661185,1769.5389932032995,988.6486797514416,408.8096869510114,116.93271488280523,711.2412697147188
2026-02-23 00:00:00+00:00,409.76,1577.64,1805.29,879.16,-5.431801e-06,102.92,592.67,500.47391577019596,3837.7286855593243,1811.4188393552968,988.822642118743,231.59983392586966,116.93416429568956,715.5826580298343,485.40961665471394,4427.640215661185,1769.5389932032995,988.6486797514416,408.8096869510114,116.93271488280523,711.2412697147188,485.40961665471394,4427.640215661185,1769.5389932032995,988.6486797514416,408.8096869510114,116.93271488280523,711.2412697147188
2026-02-23 01:00:00+00:00,411.17,1579.0502,1804.74,892.18,-5.431801e-06,104.44,592.91,506.5169878321043,3880.2721430680076,1843.0018713460283,988.822642118743,246.82725188074022,116.93416429568956,716.7410527273415,485.40961665471394,4427.640215661185,1769.5389932032995,988.6486797514416,408.8096869510114,116.93271488280523,711.2412697147188,485.40961665471394,4427.640215661185,1769.5389932032995,988.6486797514416,408.8096869510114,116.93271488280523,711.2412697147188
2026-02-23 02:00:00+00:00,411.77,1577.18,1835.22,891.68,-5.431801e-06,104.39,597.46,511.13403195705854,3905.649108869072,1867.5011592622923,988.822642118743,262.05466983561075,116.93416429568956,717.4237472633588,485.40961665471394,4427.640215661185,1769.5389932032995,988.6486797514416,408.8096869510114,116.93271488280523,711.2412697147188,485.40961665471394,4427.640215661185,1769.5389932032995,988.6486797514416,408.8096869510114,116.93271488280523,711.2412697147188
2026-02-23 03:00:00+00:00,413.29,1617.0402,1883.72,892.08,-5.431801e-06,104.43,613.64,515.3912342018623,3927.566892248229,1890.4098966401289,988.822642118743,277.28208779048134,116.93416429568956,717.989987192476,485.40961665471394,4427.640215661185,1769.5389932032995,988.6486797514416,408.8096869510114,116.93271488280523,711.2412697147188,485.40961665471394,4427.640215661185,1769.5389932032995,988.6486797514416,408.8096869510114,116.93271488280523,711.2412697147188
2026-02-23 04:00:00+00:00,412.59,1934.1,2088.25,889.14,-5.431801e-06,104.09,601.88,522.6074626220778,4004.1129814078577,1927.9558441551808,988.822642118743,292.50950574535193,116.93416429568956,718.6851734382825,485.40961665471394,4427.640215661185,1769.5389932032995,988.6486797514416,408.8096869510114,116.93271488280523,711.2412697147188,485.40961665471394,4427.640215661185,1769.5389932032995,988.6486797514416,408.8096869510114,116.93271488280523,711.2412697147188
2026-02-23 05:00:00+00:00,414.85,2258.86,2774.6,853.42,500.06,99.96,637.69,528.5499643686708,4128.532143397181,1963.0720998821434,988.822642118743,307.7369237002225,116.93416429568956,718.7115285194667,485.40961665471394,4427.640215661185,1769.5389932032995,988.6486797514416,408.8096869510114,116.93271488280523,711.2412697147188,485.40961665471394,4427.640215661185,1769.5389932032995,988.6486797514416,408.8096869510114,116.93271488280523,711.2412697147188
2026-02-23 06:00:00+00:00,413.18,3039.02,3200.2603,886.67,1287.18,106.8,693.67,530.2558576314176,4248.903311735382,1973.8263760144616,988.822642118743,322.96434165509305,116.93416429568956,717.7650655260537,485.40961665471394,4427.640215661185,1769.5389932032995,988.6486797514416,408.8096869510114,116.93271488280523,711.2412697147188,485.40961665471394,4427.640215661185,1769.5389932032995,988.6486797514416,408.8096869510114,116.93271488280523,711.2412697147188
2026-02-23 07:00:00+00:00,414.25,3164.77,3232.88,905.63,1245.57,109.02,708.61,527.8171352669144,4225.420926852545,1964.0531857117885,988.822642118743,338.19175960996364,116.93416429568956,717.3019783414784,485.40961665471394,4427.640215661185,1769.5389932032995,988.6486797514416,408.8096869510114,116.93271488280523,711.2412697147188,485.40961665471394,4427.640215661185,1769.5389932032995,988.6486797514416,408.8096869510114,116.93271488280523,711.2412697147188
2026-02-23 08:00:00+00:00,413.79,3076.11,3003.6401,899.85,1077.77,105.36,707.07,517.4662881483049,4070.515675939775,1916.4156848180992,988.822642118743,353.4191775648342,116.93416429568956,715.5914683064111,485.40961665471394,4427.640215661185,1769.5389932032995,988.6486797514416,408.8096869510114,116.93271488280523,711.2412697147188,485.40961665471394,4427.640215661185,1769.5389932032995,988.6486797514416,408.8096869510114,116.93271488280523,711.2412697147188
2026-02-23 09:00:00+00:00,410.82,2499.1797,2669.39,886.65,304.09,103.8,671.69,504.9092205126194,3902.8880683946254,1857.1192240713158,988.822642118743,368.64659551970476,116.93416429568956,713.3407217130133,485.40961665471394,4427.640215661185,1769.5389932032995,988.6486797514416,408.8096869510114,116.93271488280523,711.2412697147188,485.40961665471394,4427.640215661185,1769.5389932032995,988.6486797514416,408.8096869510114,116.93271488280523,711.2412697147188
2026-02-23 10:00:00+00:00,409.47,2389.07,2149.52,879.11,31.189997,102.91,573.79,493.80105146707496,3816.203989416046,1804.7437833775764,988.822642118743,383.87401347457535,116.93416429568956,711.196041206108,485.40961665471394,4427.640215661185,1769.5389932032995,988.6486797514416,408.8096869510114,116.93271488280523,711.2412697147188,485.40961665471394,4427.640215661185,1769.5389932032995,988.6486797514416,408.8096869510114,116.93271488280523,711.2412697147188
2026-02-23 11:00:00+00:00,410.25,2377.95,1931.29,830.89,-5.431801e-06,97.27,559.22,486.5815609442187,3768.923226867334,1771.087062220525,988.822642118743,399.1014314294459,116.93416429568956,709.6129836184268,485.40961665471394,4427.640215661185,1769.5389932032995,988.6486797514416,408.8096869510114,116.93271488280523,711.2412697147188,485.40961665471394,4427.640215661185,1769.5389932032995,988.6486797514416,408.8096869510114,116.93271488280523,711.2412697147188
2026-02-23 12:00:00+00:00,408.4,2386.4,1927.55,825.34,-5.431801e-06,96.62,563.76,484.6563287199423,3727.1435965555165,1765.8243880132627,988.822642118743,414.32884938431647,116.93416429568956,709.5263139722596,485.40961665471394,4427.640215661185,1769.5389932032995,988.6486797514416,408.8096869510114,116.93271488280523,711.2412697147188,485.40961665471394,4427.640215661185,1769.5389932032995,988.6486797514416,408.8096869510114,116.93271488280523,711.2412697147188
2026-02-23 13:00:00+00:00,409.74,2409.0,2094.41,849.23,19.020014,99.41,560.4,484.52336681407184,3780.3545927573405,1768.1248389729224,988.822642118743,429.556267339187,116.93416429568956,709.8703498363006,485.40961665471394,4427.640215661185,1769.5389932032995,988.6486797514416,408.8096869510114,116.93271488280523,711.2412697147188,485.40961665471394,4427.640215661185,1769.5389932032995,988.6486797514416,408.8096869510114,116.93271488280523,711.2412697147188
2026-02-23 14:00:00+00:00,410.21,2934.54,2583.34,878.02,60.550014,102.79,604.31,494.86304994266544,3919.5408552444833,1818.6007585000143,988.822642118743,444.7836852940576,116.93416429568956,711.2133086905848,485.40961665471394,4427.640215661185,1769.5389932032995,988.6486797514416,408.8096869510114,116.93271488280523,711.2412697147188,485.40961665471394,4427.640215661185,1769.5389932032995,988.6486797514416,408.8096869510114,116.93271488280523,711.2412697147188
2026-02-23 15:00:00+00:00,558.34,4381.71,2968.62,911.44,80.659996,106.7,646.51,508.78231284220146,4089.4434782301223,1891.0172471373085,988.822642118743,460.0111032489282,116.93416429568956,713.537614460781,485.40961665471394,4427.640215661185,1769.5389932032995,988.6486797514416,408.8096869510114,116.93271488280523,711.2412697147188,485.40961665471394,4427.640215661185,1769.5389932032995,988.6486797514416,408.8096869510114,116.93271488280523,711.2412697147188
2026-02-23 16:00:00+00:00,705.38,4852.65,3199.2,912.73,125.99999,119.37,687.32,522.6459047069159,4288.685926428343,1960.0825909606708,988.822642118743,475.2385212037987,116.93416429568956,715.4432847109549,485.40961665471394,4427.640215661185,1769.5389932032995,988.6486797514416,408.8096869510114,116.93271488280523,711.2412697147188,485.40961665471394,4427.640215661185,1769.5389932032995,988.6486797514416,408.8096869510114,116.93271488280523,711.2412697147188
2026-02-23 17:00:00+00:00,836.98,5185.75,3240.05,909.83,272.94,130.67,699.02,530.5294802989926,4351.03680394221,2002.4823154605292,988.822642118743,490.46593915866924,116.93416429568956,716.9812082149541,485.40961665471394,4427.640215661185,1769.5389932032995,988.6486797514416,408.8096869510114,116.93271488280523,711.2412697147188,485.40961665471394,4427.640215661185,1769.5389932032995,988.6486797514416,408.8096869510114,116.93271488280523,711.2412697147188
2026-02-23 18:00:00+00:00,948.93,5282.68,3293.94,907.04,312.63,130.34,702.83,530.3545978705099,4317.762015649003,2005.218388040282,988.822642118743,505.69335711353983,116.93416429568956,717.6979611790375,485.40961665471394,4427.640215661185,1769.5389932032995,988.6486797514416,408.8096869510114,116.93271488280523,711.2412697147188,485.40961665471394,4427.640215661185,1769.5389932032995,988.6486797514416,408.8096869510114,116.93271488280523,711.2412697147188
2026-02-23 19:00:00+00:00,952.44,5278.34,3253.53,906.56,116.670006,130.35,705.37,530.6118240549333,4280.136340137852,2008.5122738118787,988.822642118743,520.9207750684104,116.93416429568956,718.0936982301164,485.40961665471394,4427.640215661185,1769.5389932032995,988.6486797514416,408.8096869510114,116.93271488280523,711.2412697147188,485.40961665471394,4427.640215661185,1769.5389932032995,988.6486797514416,408.8096869510114,116.93271488280523,711.2412697147188
2026-02-23 20:00:00+00:00,959.51,5380.4,3206.98,902.66,101.08001,118.06,696.62,534.9994903302512,4243.165652140913,2032.3490769746254,988.822642118743,536.148193023281,116.93416429568956,719.6003114724707,485.40961665471394,4427.640215661185,1769.5389932032995,988.6486797514416,408.8096869510114,116.93271488280523,711.2412697147188,485.40961665471394,4427.640215661185,1769.5389932032995,988.6486797514416,408.8096869510114,116.93271488280523,711.2412697147188
2026-02-23 21:00:00+00:00,962.57,5529.89,3179.45,901.96,77.409996,105.59,700.48,534.5186409836706,4247.445028659249,2031.0326789059732,988.822642118743,551.3756109781515,116.93416429568956,720.1141701575928,485.40961665471394,4427.640215661185,1769.5389932032995,988.6486797514416,408.8096869510114,116.93271488280523,711.2412697147188,485.40961665471394,4427.640215661185,1769.5389932032995,988.6486797514416,408.8096869510114,116.93271488280523,711.2412697147188
2026-02-23 22:00:00+00:00,963.51,5551.09,3122.43,898.76,43.64001,105.22,699.17,533.5930883120524,4221.273300722657,2025.7095464304616,988.822642118743,566.6030289330221,116.93416429568956,720.0870070739492,485.40961665471394,4427.640215661185,1769.5389932032995,988.6486797514416,408.8096869510114,116.93271488280523,711.2412697147188,485.40961665471394,4427.640215661185,1769.5389932032995,988.6486797514416,408.8096869510114,116.93271488280523,711.2412697147188
2026-02-23 23:00:00+00:00,964.79,5574.53,3017.87,897.65,0.7199958,105.08,659.55,535.1433225356021,4233.250242349772,2032.5154145546421,988.822642118743,581.8304468878927,116.93416429568956,720.2246176438392,485.40961665471394,4427.640215661185,1769.5389932032995,988.6486797514416,408.8096869510114,116.93271488280523,711.2412697147188,485.40961665471394,4427.640215661185,1769.5389932032995,988.6486797514416,408.8096869510114,116.93271488280523,711.2412697147188
2026-02-24 00:00:00+00:00,966.97003,5790.87,2946.43,896.94,-5.431801e-06,105.0,653.57,534.5226174183429,4286.685320697481,1965.2162184222148,988.822642118743,231.59983392586966,116.93416429568956,719.9680658711782,485.40961665471394,4427.640215661185,1769.5389932032995,988.6486797514416,408.8096869510114,116.93271488280523,711.2412697147188,485.40961665471394,4427.640215661185,1769.5389932032995,988.6486797514416,408.8096869510114,116.93271488280523,711.2412697147188
2026-02-24 01:00:00+00:00,965.61,5959.71,2976.65,891.98,-5.431801e-06,104.43,650.01,537.690912227219,4352.158153290122,1984.1472863372246,988.822642118743,246.82725188074022,116.93416429568956,720.4561953845546,485.40961665471394,4427.640215661185,1769.5389932032995,988.6486797514416,408.8096869510114,116.93271488280523,711.2412697147188,485.40961665471394,4427.640215661185,1769.5389932032995,988.6486797514416,408.8096869510114,116.93271488280523,711.2412697147188
2026-02-24 02:00:00+00:00,964.37,6159.46,2997.09,896.53,0.099970154,104.96,645.87,543.1978516477108,4445.649790613372,2015.144304797614,988.822642118743,262.05466983561075,116.93416429568956,721.5215759812726,485.40961665471394,4427.640215661185,1769.5389932032995,988.6486797514416,408.8096869510114,116.93271488280523,711.2412697147188,485.40961665471394,4427.640215661185,1769.5389932032995,988.6486797514416,408.8096869510114,116.93271488280523,711.2412697147188
2026-02-24 03:00:00+00:00,962.73,6346.32,3023.97,897.75,139.31,105.11,655.45,547.3650435602171,4555.4759557311745,2039.7902173389027,988.822642118743,277.28208779048134,116.93416429568956,722.2399408419722,485.40961665471394,4427.640215661185,1769.5389932032995,988.6486797514416,408.8096869510114,116.93271488280523,711.2412697147188,485.40961665471394,4427.640215661185,1769.5389932032995,988.6486797514416,408.8096869510114,116.93271488280523,711.2412697147188
2026-02-24 04:00:00+00:00,960.69,6644.98,3105.13,898.85,129.53,105.4,661.3,551.6367747535073,4701.55952726016,2064.626122983639,988.822642118743,292.50950574535193,116.93416429568956,722.7082476121772,485.40961665471394,4427.640215661185,1769.5389932032995,988.6486797514416,408.8096869510114,116.93271488280523,711.2412697147188,485.40961665471394,4427.640215661185,1769.5389932032995,988.6486797514416,408.8096869510114,116.93271488280523,711.2412697147188
2026-02-24 05:00:00+00:00,970.54,7110.38,3271.23,914.8,626.75,131.26,670.5,563.4849601087531,4977.430412559985,2121.4403783487974,988.822642118743,307.7369237002225,116.93416429568956,723.2153092204559,485.40961665471394,4427.640215661185,1769.5389932032995,988.6486797514416,408.8096869510114,116.93271488280523,711.2412697147188,485.40961665471394,4427.640215661185,1769.5389932032995,988.6486797514416,408.8096869510114,116.93271488280523,711.2412697147188
2026-02-24 06:00:00+00:00,980.84,7165.28,3369.04,912.33,1486.94,130.95,685.04,565.743642375722,5174.5792384823335,2133.1834459249008,988.822642118743,322.96434165509305,116.93416429568956,722.0455629651907,485.40961665471394,4427.640215661185,1769.5389932032995,988.6486797514416,408.8096869510114,116.93271488280523,711.2412697147188,485.40961665471394,4427.640215661185,1769.5389932032995,988.6486797514416,408.8096869510114,116.93271488280523,711.2412697147188
2026-02-24 07:00:00+00:00,981.72003,7207.11,3353.47,914.54,1461.06,131.39,680.93,563.0199509932452,5220.155404120409,2123.61512706459,988.822642118743,338.19175960996364,116.93416429568956,721.0558162759929,485.40961665471394,4427.640215661185,1769.5389932032995,988.6486797514416,408.8096869510114,116.93271488280523,711.2412697147188,485.40961665471394,4427.640215661185,1769.5389932032995,988.6486797514416,408.8096869510114,116.93271488280523,711.2412697147188
2026-02-24 08:00:00+00:00,961.22,7220.27,3349.36,912.72,1279.08,131.01,684.81,553.7176791411149,5165.250943737712,2081.218776798223,988.822642118743,353.4191775648342,116.93416429568956,718.9993951558616,485.40961665471394,4427.640215661185,1769.5389932032995,988.6486797514416,408.8096869510114,116.93271488280523,711.2412697147188,485.40961665471394,4427.640215661185,1769.5389932032995,988.6486797514416,408.8096869510114,116.93271488280523,711.2412697147188
2026-02-24 09:00:00+00:00,948.5,7227.18,3253.08,916.81,358.63,107.57,685.9,547.0299923652339,5125.522529479336,2051.260040719642,988.822642118743,368.64659551970476,116.93416429568956,717.592878262194,485.40961665471394,4427.640215661185,1769.5389932032995,988.6486797514416,408.8096869510114,116.93271488280523,711.2412697147188,485.40961665471394,4427.640215661185,1769.5389932032995,988.6486797514416,408.8096869510114,116.93271488280523,711.2412697147188
2026-02-24 10:00:00+00:00,974.77,7263.96,3243.45,921.58,192.92,107.9,660.82,538.4116219170411,5066.739121541673,2012.560079188402,988.822642118743,383.87401347457535,116.93416429568956,716.2713163198002,485.40961665471394,4427.640215661185,1769.5389932032995,988.6486797514416,408.8096869510114,116.93271488280523,711.2412697147188,485.40961665471394,4427.640215661185,1769.5389932032995,988.6486797514416,408.8096869510114,116.93271488280523,711.2412697147188
2026-02-24 11:00:00+00:00,937.5,7211.36,3226.95,914.01,123.670006,107.02,657.49,533.358075053619,5044.486550574156,1989.3908349925246,988.822642118743,399.1014314294459,116.93416429568956,714.9139067528478,485.40961665471394,4427.640215661185,1769.5389932032995,988.6486797514416,408.8096869510114,116.93271488280523,711.2412697147188,485.40961665471394,4427.640215661185,1769.5389932032995,988.6486797514416,408.8096869510114,116.93271488280523,711.2412697147188
2026-02-24 12:00:00+00:00,922.78,7147.24,3224.15,907.63,100.709984,106.26,654.98,531.2593121751396,5011.959109916233,1982.8256369833518,988.822642118743,414.32884938431647,116.93416429568956,714.0990861273908,485.40961665471394,4427.640215661185,1769.5389932032995,988.6486797514416,408.8096869510114,116.93271488280523,711.2412697147188,485.40961665471394,4427.640215661185,1769.5389932032995,988.6486797514416,408.8096869510114,116.93271488280523,711.2412697147188
2026-02-24 13:00:00+00:00,922.73004,7183.47,3244.59,900.3,148.99002,105.4,654.22,527.7630791768321,5033.556784554594,1969.349194342906,988.822642118743,429.556267339187,116.93416429568956,713.0185288881291,485.40961665471394,4427.640215661185,1769.5389932032995,988.6486797514416,408.8096869510114,116.93271488280523,711.2412697147188,485.40961665471394,4427.640215661185,1769.5389932032995,988.6486797514416,408.8096869510114,116.93271488280523,711.2412697147188
2026-02-24 14:00:00+00:00,983.14,7269.71,3256.72,1129.77,301.05,132.27,683.64,526.9366656550825,5112.078800272337,1968.3412977170635,988.822642118743,444.7836852940576,116.93416429568956,712.3720851180668,485.40961665471394,4427.640215661185,1769.5389932032995,988.6486797514416,408.8096869510114,116.93271488280523,711.2412697147188,485.40961665471394,4427.640215661185,1769.5389932032995,988.6486797514416,408.8096869510114,116.93271488280523,711.2412697147188
2026-02-24 15:00:00+00:00,1017.17,7284.64,3460.65,1065.15,1062.17,136.68,689.4,529.154119810113,5221.79347238925,1980.8209952225366,988.822642118743,460.0111032489282,116.93416429568956,712.361127452455,485.40961665471394,4427.640215661185,1769.5389932032995,988.6486797514416,408.8096869510114,116.93271488280523,711.2412697147188,485.40961665471394,4427.640215661185,1769.5389932032995,988.6486797514416,408.8096869510114,116.93271488280523,711.2412697147188
2026-02-24 16:00:00+00:00,1022.89,7287.65,3616.2,1037.63,1545.26,145.64,724.29,538.4210014833135,5378.448271449504,2028.802312090516,988.822642118743,475.2385212037987,116.93416429568956,714.0540800660181,485.40961665471394,4427.640215661185,1769.5389932032995,988.6486797514416,408.8096869510114,116.93271488280523,711.2412697147188,485.40961665471394,4427.640215661185,1769.5389932032995,988.6486797514416,408.8096869510114,116.93271488280523,711.2412697147188
2026-02-24 17:00:00+00:00,1019.33,7291.36,3692.4402,1032.24,1580.08,144.93,834.34,551.0429644478319,5425.998179792634,2093.6373733327014,988.822642118743,490.46593915866924,116.93416429568956,717.1977419634723,485.40961665471394,4427.640215661185,1769.5389932032995,988.6486797514416,408.8096869510114,116.93271488280523,711.2412697147188,485.40961665471394,4427.640215661185,1769.5389932032995,988.6486797514416,408.8096869510114,116.93271488280523,711.2412697147188
2026-02-24 18:00:00+00:00,1017.91,7284.52,3677.23,1027.71,1548.89,144.48,875.93,552.0288454663379,5391.243630859579,2101.408705462419,988.822642118743,505.69335711353983,116.93416429568956,717.9743283495686,485.40961665471394,4427.640215661185,1769.5389932032995,988.6486797514416,408.8096869510114,116.93271488280523,711.2412697147188,485.40961665471394,4427.640215661185,1769.5389932032995,988.6486797514416,408.8096869510114,116.93271488280523,711.2412697147188
2026-02-24 19:00:00+00:00,1018.65,7277.89,3661.45,1034.02,909.42,133.53,803.91,553.5764966077338,5296.353947882973,2111.4798772917084,988.822642118743,520.9207750684104,116.93416429568956,719.2663323401041,485.40961665471394,4427.640215661185,1769.5389932032995,988.6486797514416,408.8096869510114,116.93271488280523,711.2412697147188,485.40961665471394,4427.640215661185,1769.5389932032995,988.6486797514416,408.8096869510114,116.93271488280523,711.2412697147188
2026-02-24 20:00:00+00:00,1021.86,7147.48,3518.73,1035.55,429.15,121.23,715.69,555.1564294902485,5184.6466350393985,2121.576662194697,988.822642118743,536.148193023281,116.93416429568956,720.678067421608,485.40961665471394,4427.640215661185,1769.5389932032995,988.6486797514416,408.8096869510114,116.93271488280523,711.2412697147188,485.40961665471394,4427.640215661185,1769.5389932032995,988.6486797514416,408.8096869510114,116.93271488280523,711.2412697147188
2026-02-24 21:00:00+00:00,989.4501,7037.33,3228.35,1018.64,323.73,119.26,696.0,556.0442904032825,5073.987724456711,2129.311681557637,988.822642118743,551.3756109781515,116.93416429568956,721.9647005692003,485.40961665471394,4427.640215661185,1769.5389932032995,988.6486797514416,408.8096869510114,116.93271488280523,711.2412697147188,485.40961665471394,4427.640215661185,1769.5389932032995,988.6486797514416,408.8096869510114,116.93271488280523,711.2412697147188
2026-02-24 22:00:00+00:00,954.63,6978.62,3046.86,1017.07,0.3399909,119.07,685.91,559.2757597315596,4979.114345825669,2147.211156017979,988.822642118743,566.6030289330221,116.93416429568956,723.4113587903207,485.40961665471394,4427.640215661185,1769.5389932032995,988.6486797514416,408.8096869510114,116.93271488280523,711.2412697147188,485.40961665471394,4427.640215661185,1769.5389932032995,988.6486797514416,408.8096869510114,116.93271488280523,711.2412697147188
2026-02-24 23:00:00+00:00,930.88007,6996.2,3000.86,1019.43,0.48000556,119.35,675.24,561.2219471739448,4894.357855388598,2160.3116888107597,988.822642118743,581.8304468878927,116.93416429568956,724.7457105273056,485.40961665471394,4427.640215661185,1769.5389932032995,988.6486797514416,408.8096869510114,116.93271488280523,711.2412697147188,485.40961665471394,4427.640215661185,1769.5389932032995,988.6486797514416,408.8096869510114,116.93271488280523,711.2412697147188
2026-02-25 00:00:00+00:00,921.72003,6857.35,2927.97,1010.81,0.21999578,118.34,675.8,559.3838067536253,4850.656679456266,2089.584031737203,988.822642118743,231.59983392586966,116.93416429568956,724.6822168359191,485.40961665471394,4427.640215661185,1769.5389932032995,988.6486797514416,408.8096869510114,116.93271488280523,711.2412697147188,485.40961665471394,4427.640215661185,1769.5389932032995,988.6486797514416,408.8096869510114,116.93271488280523,711.2412697147188
2026-02-25 01:00:00+00:00,924.73,6871.4,2919.93,1019.13,0.23000555,119.31,673.47,564.4758243085487,4834.690471963725,2118.1166062062557,988.822642118743,246.82725188074022,116.93416429568956,726.3135072684075,485.40961665471394,4427.640215661185,1769.5389932032995,988.6486797514416,408.8096869510114,116.93271488280523,711.2412697147188,485.40961665471394,4427.640215661185,1769.5389932032995,988.6486797514416,408.8096869510114,116.93271488280523,711.2412697147188
2026-02-25 02:00:00+00:00,922.3401,6882.08,3040.2,1016.91,0.17995672,119.06,671.71,568.4558308174451,4844.984510546683,2141.10019269821,988.822642118743,262.05466983561075,116.93416429568956,727.3101260415516,485.40961665471394,4427.640215661185,1769.5389932032995,988.6486797514416,408.8096869510114,116.93271488280523,711.2412697147188,485.40961665471394,4427.640215661185,1769.5389932032995,988.6486797514416,408.8096869510114,116.93271488280523,711.2412697147188
2026-02-25 03:00:00+00:00,936.81,6906.02,3106.13,1018.31,0.14000921,119.22,679.87,571.3602754595547,4899.725835376547,2158.929118462911,988.822642118743,277.28208779048134,116.93416429568956,727.6709454192172,485.40961665471394,4427.640215661185,1769.5389932032995,988.6486797514416,408.8096869510114,116.93271488280523,711.2412697147188,485.40961665471394,4427.640215661185,1769.5389932032995,988.6486797514416,408.8096869510114,116.93271488280523,711.2412697147188
2026-02-25 04:00:00+00:00,994.69,7068.5,3258.92,1018.08,155.62,131.35,685.96,573.2936803620952,4991.582099076031,2170.7794099424154,988.822642118743,292.50950574535193,116.93416429568956,727.2737910524936,485.40961665471394,4427.640215661185,1769.5389932032995,988.6486797514416,408.8096869510114,116.93271488280523,711.2412697147188,485.40961665471394,4427.640215661185,1769.5389932032995,988.6486797514416,408.8096869510114,116.93271488280523,711.2412697147188
2026-02-25 05:00:00+00:00,1008.3,7052.32,3441.22,1019.94,735.34,143.57,743.68,580.8143341910342,5155.009190918277,2210.0567006005444,988.822642118743,307.7369237002225,116.93416429568956,727.3830684035096,485.40961665471394,4427.640215661185,1769.5389932032995,988.6486797514416,408.8096869510114,116.93271488280523,711.2412697147188,485.40961665471394,4427.640215661185,1769.5389932032995,988.6486797514416,408.8096869510114,116.93271488280523,711.2412697147188
2026-02-25 06:00:00+00:00,1005.72,7030.64,3496.91,1019.95,1259.26,143.57,799.77,579.8890154278866,5224.620765869899,2207.3333149102446,988.822642118743,322.96434165509305,116.93416429568956,725.9828459645361,485.40961665471394,4427.640215661185,1769.5389932032995,988.6486797514416,408.8096869510114,116.93271488280523,711.2412697147188,485.40961665471394,4427.640215661185,1769.5389932032995,988.6486797514416,408.8096869510114,116.93271488280523,711.2412697147188
2026-02-25 07:00:00+00:00,1005.66,7028.43,3524.22,1018.44,458.95,143.31,703.99,573.6142142715584,5119.2481808418,2178.7231641407234,988.822642118743,338.19175960996364,116.93416429568956,724.8638997738894,485.40961665471394,4427.640215661185,1769.5389932032995,988.6486797514416,408.8096869510114,116.93271488280523,711.2412697147188,485.40961665471394,4427.640215661185,1769.5389932032995,988.6486797514416,408.8096869510114,116.93271488280523,711.2412697147188
2026-02-25 08:00:00+00:00,895.58,6923.3,3324.5,1012.72,79.32,138.17,691.22,560.0323009362628,4938.935929934506,2112.193995394912,988.822642118743,353.4191775648342,116.93416429568956,722.4074316473308,485.40961665471394,4427.640215661185,1769.5389932032995,988.6486797514416,408.8096869510114,116.93271488280523,711.2412697147188,485.40961665471394,4427.640215661185,1769.5389932032995,988.6486797514416,408.8096869510114,116.93271488280523,711.2412697147188
2026-02-25 09:00:00+00:00,542.95,6897.37,3156.28,1042.5,114.85,122.04,692.65,538.552707134412,4742.138026529183,2009.4492096076199,988.822642118743,368.64659551970476,116.93416429568956,718.3275750130257,485.40961665471394,4427.640215661185,1769.5389932032995,988.6486797514416,408.8096869510114,116.93271488280523,711.2412697147188,485.40961665471394,4427.640215661185,1769.5389932032995,988.6486797514416,408.8096869510114,116.93271488280523,711.2412697147188
2026-02-25 10:00:00+00:00,408.12,6689.56,3044.97,1039.91,3.170008,121.74,686.86,513.9715252773716,4547.09164495144,1890.0395583448667,988.822642118743,383.87401347457535,116.93416429568956,713.3113409233767,485.40961665471394,4427.640215661185,1769.5389932032995,988.6486797514416,408.8096869510114,116.93271488280523,711.2412697147188,485.40961665471394,4427.640215661185,1769.5389932032995,988.6486797514416,408.8096869510114,116.93271488280523,711.2412697147188
2026-02-25 11:00:00+00:00,397.51,5601.51,2708.0,1029.83,0.07998114,120.56,679.24,491.42404238623806,4386.713946127753,1779.4708597714432,988.822642118743,399.1014314294459,116.93416429568956,708.5388819484853,485.40961665471394,4427.640215661185,1769.5389932032995,988.6486797514416,408.8096869510114,116.93271488280523,711.2412697147188,485.40961665471394,4427.640215661185,1769.5389932032995,988.6486797514416,408.8096869510114,116.93271488280523,711.2412697147188
2026-02-25 12:00:00+00:00,366.35,5385.5,2592.59,1016.51,-5.431801e-06,119.0,665.67,480.41914677513995,4299.821420231473,1727.500567378839,988.822642118743,414.32884938431647,116.93416429568956,706.3852941774035,485.40961665471394,4427.640215661185,1769.5389932032995,988.6486797514416,408.8096869510114,116.93271488280523,711.2412697147188,485.40961665471394,4427.640215661185,1769.5389932032995,988.6486797514416,408.8096869510114,116.93271488280523,711.2412697147188
2026-02-25 13:00:00+00:00,362.47,6059.9,2566.91,1020.09,-5.431801e-06,119.42,649.69,472.6557930809446,4340.101391061629,1693.145426561432,988.822642118743,429.556267339187,116.93416429568956,704.2726012310364,485.40961665471394,4427.640215661185,1769.5389932032995,988.6486797514416,408.8096869510114,116.93271488280523,711.2412697147188,485.40961665471394,4427.640215661185,1769.5389932032995,988.6486797514416,408.8096869510114,116.93271488280523,711.2412697147188
2026-02-25 14:00:00+00:00,493.61,6608.66,2685.33,1023.67,115.85,119.85,660.1,474.20541615841586,4524.4483161295675,1705.3059262165139,988.822642118743,444.7836852940576,116.93416429568956,703.3787698229202,485.40961665471394,4427.640215661185,1769.5389932032995,988.6486797514416,408.8096869510114,116.93271488280523,711.2412697147188,485.40961665471394,4427.640215661185,1769.5389932032995,988.6486797514416,408.8096869510114,116.93271488280523,711.2412697147188
2026-02-25 15:00:00+00:00,762.93,6958.98,3065.3,1043.84,546.1,134.43,670.17,485.2085588372173,4808.774966449031,1763.6785235770196,988.822642118743,460.0111032489282,116.93416429568956,703.9178792968387,485.40961665471394,4427.640215661185,1769.5389932032995,988.6486797514416,408.8096869510114,116.93271488280523,711.2412697147188,485.40961665471394,4427.640215661185,1769.5389932032995,988.6486797514416,408.8096869510114,116.93271488280523,711.2412697147188
2026-02-25 16:00:00+00:00,989.75,6996.1,3453.07,1045.28,1164.21,146.45,709.05,505.4877349655364,5039.713700481247,1869.594928069888,988.822642118743,475.2385212037987,116.93416429568956,707.2698771525096,485.40961665471394,4427.640215661185,1769.5389932032995,988.6486797514416,408.8096869510114,116.93271488280523,711.2412697147188,485.40961665471394,4427.640215661185,1769.5389932032995,988.6486797514416,408.8096869510114,116.93271488280523,711.2412697147188
2026-02-25 17:00:00+00:00,1021.3,6948.36,3496.18,1050.02,1114.74,147.09,702.92,523.4976464519506,4984.950711364205,1963.3973627252583,988.822642118743,490.46593915866924,116.93416429568956,711.806223319417,485.40961665471394,4427.640215661185,1769.5389932032995,988.6486797514416,408.8096869510114,116.93271488280523,711.2412697147188,485.40961665471394,4427.640215661185,1769.5389932032995,988.6486797514416,408.8096869510114,116.93271488280523,711.2412697147188
2026-02-25 18:00:00+00:00,1019.53,6973.28,3350.7302,1045.45,578.84,146.63,706.06,524.9652825845178,4846.049821136855,1973.3948460283136,988.822642118743,505.69335711353983,116.93416429568956,712.3149513869055,485.40961665471394,4427.640215661185,1769.5389932032995,988.6486797514416,408.8096869510114,116.93271488280523,711.2412697147188,485.40961665471394,4427.640215661185,1769.5389932032995,988.6486797514416,408.8096869510114,116.93271488280523,711.2412697147188
2026-02-25 19:00:00+00:00,1019.84,6930.54,3064.67,1033.99,129.95001,133.52,683.07,527.4350329043557,4668.094773282021,1987.9182391702095,988.822642118743,520.9207750684104,116.93416429568956,713.7757665963311,485.40961665471394,4427.640215661185,1769.5389932032995,988.6486797514416,408.8096869510114,116.93271488280523,711.2412697147188,485.40961665471394,4427.640215661185,1769.5389932032995,988.6486797514416,408.8096869510114,116.93271488280523,711.2412697147188
2026-02-25 20:00:00+00:00,978.29004,6688.08,2822.3,1028.54,118.23998,120.41,667.22,531.2457388199716,4528.986864645808,2009.8400596787567,988.822642118743,536.148193023281,116.93416429568956,715.5062322524624,485.40961665471394,4427.640215661185,1769.5389932032995,988.6486797514416,408.8096869510114,116.93271488280523,711.2412697147188,485.40961665471394,4427.640215661185,1769.5389932032995,988.6486797514416,408.8096869510114,116.93271488280523,711.2412697147188
2026-02-25 21:00:00+00:00,737.32,6590.87,2726.8,1038.95,87.33001,121.63,644.07,532.3612401048563,4429.073663501965,2019.4015886519069,988.822642118743,551.3756109781515,116.93416429568956,716.871014865341,485.40961665471394,4427.640215661185,1769.5389932032995,988.6486797514416,408.8096869510114,116.93271488280523,711.2412697147188,485.40961665471394,4427.640215661185,1769.5389932032995,988.6486797514416,408.8096869510114,116.93271488280523,711.2412697147188
2026-02-25 22:00:00+00:00,433.43,6490.48,2468.36,1022.49,0.5200141,119.7,627.39,533.3155037414973,4349.215525755143,2026.8405095710352,988.822642118743,566.6030289330221,116.93416429568956,717.9054134451312,485.40961665471394,4427.640215661185,1769.5389932032995,988.6486797514416,408.8096869510114,116.93271488280523,711.2412697147188,485.40961665471394,4427.640215661185,1769.5389932032995,988.6486797514416,408.8096869510114,116.93271488280523,711.2412697147188
2026-02-25 23:00:00+00:00,386.33,6507.21,2377.77,1007.82,0.39998847,117.98,641.93,533.9356222936287,4262.686326939401,2033.099169852642,988.822642118743,581.8304468878927,116.93416429568956,718.8210724503907,485.40961665471394,4427.640215661185,1769.5389932032995,988.6486797514416,408.8096869510114,116.93271488280523,711.2412697147188,485.40961665471394,4427.640215661185,1769.5389932032995,988.6486797514416,408.8096869510114,116.93271488280523,711.2412697147188
2026-02-26 00:00:00+00:00,370.63,6327.11,2317.86,997.77,-5.431801e-06,116.8,666.55,531.8053705087913,4207.091503685482,1961.8841032556604,988.822642118743,231.59983392586966,116.93416429568956,719.0208762823852,485.40961665471394,4427.640215661185,1769.5389932032995,988.6486797514416,408.8096869510114,116.93271488280523,711.2412697147188,485.40961665471394,4427.640215661185,1769.5389932032995,988.6486797514416,408.8096869510114,116.93271488280523,711.2412697147188
2026-02-26 01:00:00+00:00,370.72,6114.74,2351.55,1012.16,-5.431801e-06,118.49,668.37,533.1208272342611,4191.614979300551,1972.3253761432104,988.822642118743,246.82725188074022,116.93416429568956,719.8766536751576,485.40961665471394,4427.640215661185,1769.5389932032995,988.6486797514416,408.8096869510114,116.93271488280523,711.2412697147188,485.40961665471394,4427.640215661185,1769.5389932032995,988.6486797514416,408.8096869510114,116.93271488280523,711.2412697147188
2026-02-26 02:00:00+00:00,362.09,5778.82,2378.78,1033.72,0.42998725,121.02,666.99,535.2847945881102,4204.330733322158,1986.115424671003,988.822642118743,262.05466983561075,116.93416429568956,720.5311441484142,485.40961665471394,4427.640215661185,1769.5389932032995,988.6486797514416,408.8096869510114,116.93271488280523,711.2412697147188,485.40961665471394,4427.640215661185,1769.5389932032995,988.6486797514416,408.8096869510114,116.93271488280523,711.2412697147188
2026-02-26 03:00:00+00:00,374.11,5737.07,2483.64,1024.62,49.330013,119.95,684.45,540.0035178101981,4248.0700315063805,2010.9723413357594,988.822642118743,277.28208779048134,116.93416429568956,721.17223461258,485.40961665471394,4427.640215661185,1769.5389932032995,988.6486797514416,408.8096869510114,116.93271488280523,711.2412697147188,485.40961665471394,4427.640215661185,1769.5389932032995,988.6486797514416,408.8096869510114,116.93271488280523,711.2412697147188
2026-02-26 04:00:00+00:00,384.82,6162.69,2639.65,1027.79,86.39999,132.56,675.36,545.0992532868635,4351.984379760484,2038.5644674328648,988.822642118743,292.50950574535193,116.93416429568956,721.7212406650623,485.40961665471394,4427.640215661185,1769.5389932032995,988.6486797514416,408.8096869510114,116.93271488280523,711.2412697147188,485.40961665471394,4427.640215661185,1769.5389932032995,988.6486797514416,408.8096869510114,116.93271488280523,711.2412697147188
2026-02-26 05:00:00+00:00,384.13,6545.88,3009.43,1030.9,647.93,144.85,662.12,552.2093817668728,4502.474027050383,2077.093411612663,988.822642118743,307.7369237002225,116.93416429568956,722.1500344515194,485.40961665471394,4427.640215661185,1769.5389932032995,988.6486797514416,408.8096869510114,116.93271488280523,711.2412697147188,485.40961665471394,4427.640215661185,1769.5389932032995,988.6486797514416,408.8096869510114,116.93271488280523,711.2412697147188
2026-02-26 06:00:00+00:00,380.25,6577.95,2819.64,1036.03,1267.01,145.45,611.67,557.6762040427365,4582.447950606393,2104.9489579990627,988.822642118743,322.96434165509305,116.93416429568956,722.3287864674714,485.40961665471394,4427.640215661185,1769.5389932032995,988.6486797514416,408.8096869510114,116.93271488280523,711.2412697147188,485.40961665471394,4427.640215661185,1769.5389932032995,988.6486797514416,408.8096869510114,116.93271488280523,711.2412697147188
2026-02-26 07:00:00+00:00,383.55,5920.63,2454.08,1041.58,605.88,146.1,594.92,554.7271871901221,4493.982054122754,2088.099629039509,988.822642118743,338.19175960996364,116.93416429568956,721.4046324571613,485.40961665471394,4427.640215661185,1769.5389932032995,988.6486797514416,408.8096869510114,116.93271488280523,711.2412697147188,485.40961665471394,4427.640215661185,1769.5389932032995,988.6486797514416,408.8096869510114,116.93271488280523,711.2412697147188
2026-02-26 08:00:00+00:00,369.06,4251.7,2396.17,1036.76,19.990015,133.69,586.62,537.3721024741092,4374.820565211835,1999.4784811487432,988.822642118743,353.4191775648342,116.93416429568956,717.4866617688581,485.40961665471394,4427.640215661185,1769.5389932032995,988.6486797514416,408.8096869510114,116.93271488280523,711.2412697147188,485.40961665471394,4427.640215661185,1769.5389932032995,988.6486797514416,408.8096869510114,116.93271488280523,711.2412697147188
2026-02-26 09:00:00+00:00,379.36,3469.92,1766.88,1029.23,0.010004334,120.49,571.85,515.0780463803763,4276.72134024095,1888.4452347765125,988.822642118743,368.64659551970476,116.93416429568956,712.9356934581582,485.40961665471394,4427.640215661185,1769.5389932032995,988.6486797514416,408.8096869510114,116.93271488280523,711.2412697147188,485.40961665471394,4427.640215661185,1769.5389932032995,988.6486797514416,408.8096869510114,116.93271488280523,711.2412697147188
2026-02-26 10:00:00+00:00,396.49,3056.48,1650.46,1032.76,-5.431801e-06,120.9,560.16,494.13212680812956,4165.468691464071,1785.346288836648,988.822642118743,383.87401347457535,116.93416429568956,708.6630808837754,485.40961665471394,4427.640215661185,1769.5389932032995,988.6486797514416,408.8096869510114,116.93271488280523,711.2412697147188,485.40961665471394,4427.640215661185,1769.5389932032995,988.6486797514416,408.8096869510114,116.93271488280523,711.2412697147188
2026-02-26 11:00:00+00:00,396.49,2968.68,1594.59,1035.2,-5.431801e-06,121.18,558.44,475.6446744760249,4124.872514131976,1694.5062255963826,988.822642118743,399.1014314294459,116.93416429568956,704.7823517092139,485.40961665471394,4427.640215661185,1769.5389932032995,988.6486797514416,408.8096869510114,116.93271488280523,711.2412697147188,485.40961665471394,4427.640215661185,1769.5389932032995,988.6486797514416,408.8096869510114,116.93271488280523,711.2412697147188
2026-02-26 12:00:00+00:00,382.73,3005.19,1544.47,1031.88,0.029993348,120.8,558.12,462.537655320916,4105.940209298342,1633.0116943372323,988.822642118743,414.32884938431647,116.93416429568956,702.0932504932435,485.40961665471394,4427.640215661185,1769.5389932032995,988.6486797514416,408.8096869510114,116.93271488280523,711.2412697147188,485.40961665471394,4427.640215661185,1769.5389932032995,988.6486797514416,408.8096869510114,116.93271488280523,711.2412697147188
2026-02-26 13:00:00+00:00,362.53,3318.81,1587.16,1031.66,0.23000555,120.77,573.85,454.3048279120178,4139.696932807984,1598.355086074023,988.822642118743,429.556267339187,116.93416429568956,699.8369281559634,485.40961665471394,4427.640215661185,1769.5389932032995,988.6486797514416,408.8096869510114,116.93271488280523,711.2412697147188,485.40961665471394,4427.640215661185,1769.5389932032995,988.6486797514416,408.8096869510114,116.93271488280523,711.2412697147188
2026-02-26 14:00:00+00:00,357.44,4025.98,1928.34,1027.05,16.219995,120.24,612.94,454.35002928804073,4256.873947043,1605.1097088288511,988.822642118743,444.7836852940576,116.93416429568956,699.0891376200033,485.40961665471394,4427.640215661185,1769.5389932032995,988.6486797514416,408.8096869510114,116.93271488280523,711.2412697147188,485.40961665471394,4427.640215661185,1769.5389932032995,988.6486797514416,408.8096869510114,116.93271488280523,711.2412697147188
2026-02-26 15:00:00+00:00,362.56,6007.02,2621.6,1023.52,549.94,119.85,650.2,464.78435438479454,4561.673944748021,1663.1479912508146,988.822642118743,460.0111032489282,116.93416429568956,699.6877788590707,485.40961665471394,4427.640215661185,1769.5389932032995,988.6486797514416,408.8096869510114,116.93271488280523,711.2412697147188,485.40961665471394,4427.640215661185,1769.5389932032995,988.6486797514416,408.8096869510114,116.93271488280523,711.2412697147188
2026-02-26 16:00:00+00:00,374.42,6446.62,3053.49,1029.89,1249.08,144.88,686.46,483.3047236399629,4792.31541170291,1760.8242783358992,988.822642118743,475.2385212037987,116.93416429568956,702.5433601156233,485.40961665471394,4427.640215661185,1769.5389932032995,988.6486797514416,408.8096869510114,116.93271488280523,711.2412697147188,485.40961665471394,4427.640215661185,1769.5389932032995,988.6486797514416,408.8096869510114,116.93271488280523,711.2412697147188
2026-02-26 17:00:00+00:00,379.69,6425.55,3016.97,1041.36,1262.51,145.99,690.95,498.2611619142615,4768.643223054177,1840.0108367383327,988.822642118743,490.46593915866924,116.93416429568956,706.4573337483548,485.40961665471394,4427.640215661185,1769.5389932032995,988.6486797514416,408.8096869510114,116.93271488280523,711.2412697147188,485.40961665471394,4427.640215661185,1769.5389932032995,988.6486797514416,408.8096869510114,116.93271488280523,711.2412697147188
2026-02-26 18:00:00+00:00,363.04,6353.09,3056.33,1037.59,1012.93,145.63,702.03,498.44037984446055,4625.145043980212,1846.8945258019069,988.822642118743,505.69335711353983,116.93416429568956,707.6689390717248,485.40961665471394,4427.640215661185,1769.5389932032995,988.6486797514416,408.8096869510114,116.93271488280523,711.2412697147188,485.40961665471394,4427.640215661185,1769.5389932032995,988.6486797514416,408.8096869510114,116.93271488280523,711.2412697147188
2026-02-26 19:00:00+00:00,409.53,6248.95,2828.34,1031.05,474.44,144.95,692.12,499.28733112725695,4445.431645108616,1855.8976358982145,988.822642118743,520.9207750684104,116.93416429568956,709.174562314011,485.40961665471394,4427.640215661185,1769.5389932032995,988.6486797514416,408.8096869510114,116.93271488280523,711.2412697147188,485.40961665471394,4427.640215661185,1769.5389932032995,988.6486797514416,408.8096869510114,116.93271488280523,711.2412697147188
2026-02-26 20:00:00+00:00,406.15,5691.86,2403.3,1021.69,101.58999,121.46,668.53,499.05607760610303,4312.71117274347,1858.552433069145,988.822642118743,536.148193023281,116.93416429568956,710.0225509571699,485.40961665471394,4427.640215661185,1769.5389932032995,988.6486797514416,408.8096869510114,116.93271488280523,711.2412697147188,485.40961665471394,4427.640215661185,1769.5389932032995,988.6486797514416,408.8096869510114,116.93271488280523,711.2412697147188
2026-02-26 21:00:00+00:00,402.82,5402.68,2219.06,1020.3,81.71999,119.45,646.82,500.69369981562073,4245.492108637761,1867.586094566345,988.822642118743,551.3756109781515,116.93416429568956,710.7015896858056,485.40961665471394,4427.640215661185,1769.5389932032995,988.6486797514416,408.8096869510114,116.93271488280523,711.2412697147188,485.40961665471394,4427.640215661185,1769.5389932032995,988.6486797514416,408.8096869510114,116.93271488280523,711.2412697147188
2026-02-26 22:00:00+00:00,394.15,4252.46,1960.88,1014.97,84.409996,118.82,639.52,501.14029590985155,4169.747577074821,1871.8108174654235,988.822642118743,566.6030289330221,116.93416429568956,711.3243591674727,485.40961665471394,4427.640215661185,1769.5389932032995,988.6486797514416,408.8096869510114,116.93271488280523,711.2412697147188,485.40961665471394,4427.640215661185,1769.5389932032995,988.6486797514416,408.8096869510114,116.93271488280523,711.2412697147188
2026-02-26 23:00:00+00:00,394.17,3327.8,1919.69,1013.38,16.319971,118.64,799.65,504.37836806200863,4138.40017673015,1889.236548303118,988.822642118743,581.8304468878927,116.93416429568956,712.3694905537984,485.40961665471394,4427.640215661185,1769.5389932032995,988.6486797514416,408.8096869510114,116.93271488280523,711.2412697147188,485.40961665471394,4427.640215661185,1769.5389932032995,988.6486797514416,408.8096869510114,116.93271488280523,711.2412697147188
2026-02-27 00:00:00+00:00,386.41,3311.03,1747.11,1003.17,0.2700141,117.44,764.9,502.30092798679755,4078.295526195419,1819.4987475147689,988.822642118743,231.59983392586966,116.93416429568956,712.7259047285423,485.40961665471394,4427.640215661185,1769.5389932032995,988.6486797514416,408.8096869510114,116.93271488280523,711.2412697147188,485.40961665471394,4427.640215661185,1769.5389932032995,988.6486797514416,408.8096869510114,116.93271488280523,711.2412697147188
2026-02-27 01:00:00+00:00,375.34,3305.44,1810.83,1003.71,0.21999578,117.51,770.88,502.9959814290332,4035.3222525017345,1828.2123368984442,988.822642118743,246.82725188074022,116.93416429568956,713.4855318901922,485.40961665471394,4427.640215661185,1769.5389932032995,988.6486797514416,408.8096869510114,116.93271488280523,711.2412697147188,485.40961665471394,4427.640215661185,1769.5389932032995,988.6486797514416,408.8096869510114,116.93271488280523,711.2412697147188
2026-02-27 02:00:00+00:00,374.39,3287.41,1857.87,1007.09,0.17995672,117.89,780.79,507.5001997587751,4030.718414174509,1853.3114675926004,988.822642118743,262.05466983561075,116.93416429568956,714.4920522951641,485.40961665471394,4427.640215661185,1769.5389932032995,988.6486797514416,408.8096869510114,116.93271488280523,711.2412697147188,485.40961665471394,4427.640215661185,1769.5389932032995,988.6486797514416,408.8096869510114,116.93271488280523,711.2412697147188
2026-02-27 03:00:00+00:00,375.37,3374.12,1984.58,1007.56,2.309992,117.95,819.94,511.97344225846314,4092.741588170977,1876.7884126471417,988.822642118743,277.28208779048134,116.93416429568956,714.9537046344325,485.40961665471394,4427.640215661185,1769.5389932032995,988.6486797514416,408.8096869510114,116.93271488280523,711.2412697147188,485.40961665471394,4427.640215661185,1769.5389932032995,988.6486797514416,408.8096869510114,116.93271488280523,711.2412697147188
2026-02-27 04:00:00+00:00,377.89,4102.04,2285.84,1006.33,17.719995,117.81,830.88,516.7509653556892,4193.737418094505,1902.5413097237436,988.822642118743,292.50950574535193,116.93416429568956,715.2732213741276,485.40961665471394,4427.640215661185,1769.5389932032995,988.6486797514416,408.8096869510114,116.93271488280523,711.2412697147188,485.40961665471394,4427.640215661185,1769.5389932032995,988.6486797514416,408.8096869510114,116.93271488280523,711.2412697147188
2026-02-27 05:00:00+00:00,383.53,5669.71,2529.76,1021.02,563.34,137.5,828.51,523.5948427880098,4343.469317141847,1939.1010159596165,988.822642118743,307.7369237002225,116.93416429568956,715.4557988020622,485.40961665471394,4427.640215661185,1769.5389932032995,988.6486797514416,408.8096869510114,116.93271488280523,711.2412697147188,485.40961665471394,4427.640215661185,1769.5389932032995,988.6486797514416,408.8096869510114,116.93271488280523,711.2412697147188
2026-02-27 06:00:00+00:00,391.3,5949.25,2654.78,1028.08,943.8,144.52,847.37,528.2116548700001,4445.558488508587,1962.1890163519024,988.822642118743,322.96434165509305,116.93416429568956,715.5345810093171,485.40961665471394,4427.640215661185,1769.5389932032995,988.6486797514416,408.8096869510114,116.93271488280523,711.2412697147188,485.40961665471394,4427.640215661185,1769.5389932032995,988.6486797514416,408.8096869510114,116.93271488280523,711.2412697147188
2026-02-27 07:00:00+00:00,395.06,5430.57,2502.71,1033.89,613.33,145.12,839.32,522.6644055107623,4355.949473094139,1931.5053065134962,988.822642118743,338.19175960996364,116.93416429568956,714.5243339261832,485.40961665471394,4427.640215661185,1769.5389932032995,988.6486797514416,408.8096869510114,116.93271488280523,711.2412697147188,485.40961665471394,4427.640215661185,1769.5389932032995,988.6486797514416,408.8096869510114,116.93271488280523,711.2412697147188
2026-02-27 08:00:00+00:00,387.66,3543.3,2144.59,1029.08,52.230007,126.92,809.75,503.081406288038,4158.740046292568,1834.6720775931653,988.822642118743,353.4191775648342,116.93416429568956,711.0468974021143,485.40961665471394,4427.640215661185,1769.5389932032995,988.6486797514416,408.8096869510114,116.93271488280523,711.2412697147188,485.40961665471394,4427.640215661185,1769.5389932032995,988.6486797514416,408.8096869510114,116.93271488280523,711.2412697147188
2026-02-27 09:00:00+00:00,381.63,3040.76,1487.52,995.11,-5.431801e-06,116.5,759.04,480.56195944470136,4026.950450212594,1722.830151994717,988.822642118743,368.64659551970476,116.93416429568956,706.3799054388039,485.40961665471394,4427.640215661185,1769.5389932032995,988.6486797514416,408.8096869510114,116.93271488280523,711.2412697147188,485.40961665471394,4427.640215661185,1769.5389932032995,988.6486797514416,408.8096869510114,116.93271488280523,711.2412697147188
2026-02-27 10:00:00+00:00,379.31,2857.38,1390.7,988.88,-5.431801e-06,115.76,744.32,459.4064777962354,3937.4182146927137,1619.351996955689,988.822642118743,383.87401347457535,116.93416429568956,701.9413187128114,485.40961665471394,4427.640215661185,1769.5389932032995,988.6486797514416,408.8096869510114,116.93271488280523,711.2412697147188,485.40961665471394,4427.640215661185,1769.5389932032995,988.6486797514416,408.8096869510114,116.93271488280523,711.2412697147188
2026-02-27 11:00:00+00:00,370.69,2823.5,1328.73,970.91,-5.431801e-06,113.66,750.17,442.49685903331255,3896.9141461474123,1537.437848234824,988.822642118743,399.1014314294459,116.93416429568956,698.2147932635697,485.40961665471394,4427.640215661185,1769.5389932032995,988.6486797514416,408.8096869510114,116.93271488280523,711.2412697147188,485.40961665471394,4427.640215661185,1769.5389932032995,988.6486797514416,408.8096869510114,116.93271488280523,711.2412697147188
2026-02-27 12:00:00+00:00,364.38,2875.83,1294.48,987.37,-5.431801e-06,115.59,751.56,432.2366062692425,3893.000283524506,1490.2368782171552,988.822642118743,414.32884938431647,116.93416429568956,695.8697031832478,485.40961665471394,4427.640215661185,1769.5389932032995,988.6486797514416,408.8096869510114,116.93271488280523,711.2412697147188,485.40961665471394,4427.640215661185,1769.5389932032995,988.6486797514416,408.8096869510114,116.93271488280523,711.2412697147188
2026-02-27 13:00:00+00:00,364.27,3076.1,1305.19,993.76,0.010004334,116.34,748.85,425.1254404430181,3897.3338569300254,1460.0070643235795,988.822642118743,429.556267339187,116.93416429568956,694.0568872113168,485.40961665471394,4427.640215661185,1769.5389932032995,988.6486797514416,408.8096869510114,116.93271488280523,711.2412697147188,485.40961665471394,4427.640215661185,1769.5389932032995,988.6486797514416,408.8096869510114,116.93271488280523,711.2412697147188
2026-02-27 14:00:00+00:00,365.56,3836.94,1594.64,1007.38,0.099970154,117.93,741.33,425.73224093117415,4066.167975445543,1470.2827304862349,988.822642118743,444.7836852940576,116.93416429568956,693.5978351703902,485.40961665471394,4427.640215661185,1769.5389932032995,988.6486797514416,408.8096869510114,116.93271488280523,711.2412697147188,485.40961665471394,4427.640215661185,1769.5389932032995,988.6486797514416,408.8096869510114,116.93271488280523,711.2412697147188
2026-02-27 15:00:00+00:00,431.85,5685.56,2179.99,1037.74,798.65,133.74,755.27,438.76445088625445,4466.9736465352225,1538.2803497617922,988.822642118743,460.0111032489282,116.93416429568956,694.3464392438545,485.40961665471394,4427.640215661185,1769.5389932032995,988.6486797514416,408.8096869510114,116.93271488280523,711.2412697147188,485.40961665471394,4427.640215661185,1769.5389932032995,988.6486797514416,408.8096869510114,116.93271488280523,711.2412697147188
2026-02-27 16:00:00+00:00,497.55,6198.47,2438.9,1016.48,1377.01,143.16,776.03,461.82239122302025,4777.894269269054,1654.33071724283,988.822642118743,475.2385212037987,116.93416429568956,697.4285441655518,485.40961665471394,4427.640215661185,1769.5389932032995,988.6486797514416,408.8096869510114,116.93271488280523,711.2412697147188,485.40961665471394,4427.640215661185,1769.5389932032995,988.6486797514416,408.8096869510114,116.93271488280523,711.2412697147188
2026-02-27 17:00:00+00:00,506.69,6130.89,2607.63,1011.28,1341.99,142.55,781.76,479.5156691805754,4773.354448548914,1743.3089030319904,988.822642118743,490.46593915866924,116.93416429568956,701.3798078806389,485.40961665471394,4427.640215661185,1769.5389932032995,988.6486797514416,408.8096869510114,116.93271488280523,711.2412697147188,485.40961665471394,4427.640215661185,1769.5389932032995,988.6486797514416,408.8096869510114,116.93271488280523,711.2412697147188
2026-02-27 18:00:00+00:00,508.95,6175.87,2657.7,1021.08,1318.0898,143.7,782.23,482.86709525527357,4658.216727542173,1762.896489422349,988.822642118743,505.69335711353983,116.93416429568956,702.90857081017,485.40961665471394,4427.640215661185,1769.5389932032995,988.6486797514416,408.8096869510114,116.93271488280523,711.2412697147188,485.40961665471394,4427.640215661185,1769.5389932032995,988.6486797514416,408.8096869510114,116.93271488280523,711.2412697147188
2026-02-27 19:00:00+00:00,468.17,6078.48,2642.31,1014.7,1194.75,142.95,794.3,486.04628747820493,4562.688951345918,1778.2176199638166,988.822642118743,520.9207750684104,116.93416429568956,703.896827345007,485.40961665471394,4427.640215661185,1769.5389932032995,988.6486797514416,408.8096869510114,116.93271488280523,711.2412697147188,485.40961665471394,4427.640215661185,1769.5389932032995,988.6486797514416,408.8096869510114,116.93271488280523,711.2412697147188
2026-02-27 20:00:00+00:00,383.08,6113.64,2580.69,1012.14,1054.39,130.97,776.05,488.4608508469791,4459.976399131042,1793.1403330971004,988.822642118743,536.148193023281,116.93416429568956,705.5191463786464,485.40961665471394,4427.640215661185,1769.5389932032995,988.6486797514416,408.8096869510114,116.93271488280523,711.2412697147188,485.40961665471394,4427.640215661185,1769.5389932032995,988.6486797514416,408.8096869510114,116.93271488280523,711.2412697147188
2026-02-27 21:00:00+00:00,379.85,6101.88,2341.34,1008.54,813.72,118.07,770.03,489.88996591006537,4371.2562446517695,1804.577523451966,988.822642118743,551.3756109781515,116.93416429568956,707.0382490253467,485.40961665471394,4427.640215661185,1769.5389932032995,988.6486797514416,408.8096869510114,116.93271488280523,711.2412697147188,485.40961665471394,4427.640215661185,1769.5389932032995,988.6486797514416,408.8096869510114,116.93271488280523,711.2412697147188
2026-02-27 22:00:00+00:00,374.54,6090.99,2142.08,1002.81,445.41,117.4,771.58,493.2846285325542,4325.526860433074,1824.5826755562393,988.822642118743,566.6030289330221,116.93416429568956,708.5145348304148,485.40961665471394,4427.640215661185,1769.5389932032995,988.6486797514416,408.8096869510114,116.93271488280523,711.2412697147188,485.40961665471394,4427.640215661185,1769.5389932032995,988.6486797514416,408.8096869510114,116.93271488280523,711.2412697147188
2026-02-27 23:00:00+00:00,362.4,6101.13,1835.37,1000.24,448.87,117.1,771.16,492.1223668324381,4250.085221352699,1825.8740550105765,988.822642118743,581.8304468878927,116.93416429568956,709.5975358008529,485.40961665471394,4427.640215661185,1769.5389932032995,988.6486797514416,408.8096869510114,116.93271488280523,711.2412697147188,485.40961665471394,4427.640215661185,1769.5389932032995,988.6486797514416,408.8096869510114,116.93271488280523,711.2412697147188
2026-02-28 00:00:00+00:00,353.38,5993.4,1746.44,995.51,242.58,116.55,771.81,493.001745319309,4240.806474048199,1767.4610208027418,988.822642118743,231.59983392586966,116.93416429568956,710.0873884456204,485.40961665471394,4427.640215661185,1769.5389932032995,988.6486797514416,408.8096869510114,116.93271488280523,711.2412697147188,485.40961665471394,4427.640215661185,1769.5389932032995,988.6486797514416,408.8096869510114,116.93271488280523,711.2412697147188
2026-02-28 01:00:00+00:00,354.16,5783.27,1771.11,1005.25,56.69,117.69,756.12,491.45580275555886,4217.475424019884,1763.0621788664473,988.822642118743,246.82725188074022,116.93416429568956,710.4228740778816,485.40961665471394,4427.640215661185,1769.5389932032995,988.6486797514416,408.8096869510114,116.93271488280523,711.2412697147188,485.40961665471394,4427.640215661185,1769.5389932032995,988.6486797514416,408.8096869510114,116.93271488280523,711.2412697147188
2026-02-28 02:00:00+00:00,354.82,5786.89,1903.42,1014.62,119.459984,118.79,753.35,490.32565343475767,4188.790236688369,1763.1155690120672,988.822642118743,262.05466983561075,116.93416429568956,710.8080963870407,485.40961665471394,4427.640215661185,1769.5389932032995,988.6486797514416,408.8096869510114,116.93271488280523,711.2412697147188,485.40961665471394,4427.640215661185,1769.5389932032995,988.6486797514416,408.8096869510114,116.93271488280523,711.2412697147188
2026-02-28 03:00:00+00:00,353.2,5513.68,2029.42,1010.02,133.38,118.25,771.74,493.1552661086981,4188.921814662298,1779.37893904949,988.822642118743,277.28208779048134,116.93416429568956,711.3183106287265,485.40961665471394,4427.640215661185,1769.5389932032995,988.6486797514416,408.8096869510114,116.93271488280523,711.2412697147188,485.40961665471394,4427.640215661185,1769.5389932032995,988.6486797514416,408.8096869510114,116.93271488280523,711.2412697147188
2026-02-28 04:00:00+00:00,351.5,5242.8,2138.92,1015.35,120.36999,136.31,762.53,494.0507925309091,4175.999509646631,1787.3774200005523,988.822642118743,292.50950574535193,116.93416429568956,711.9665400914749,485.40961665471394,4427.640215661185,1769.5389932032995,988.6486797514416,408.8096869510114,116.93271488280523,711.2412697147188,485.40961665471394,4427.640215661185,1769.5389932032995,988.6486797514416,408.8096869510114,116.93271488280523,711.2412697147188
2026-02-28 05:00:00+00:00,347.67,4592.84,2265.96,1020.41,131.93,143.63,782.02,495.9070264775417,4158.86973859562,1801.689617646103,988.822642118743,307.7369237002225,116.93416429568956,712.886862690603,485.40961665471394,4427.640215661185,1769.5389932032995,988.6486797514416,408.8096869510114,116.93271488280523,711.2412697147188,485.40961665471394,4427.640215661185,1769.5389932032995,988.6486797514416,408.8096869510114,116.93271488280523,711.2412697147188
2026-02-28 06:00:00+00:00,345.14,3705.84,2277.15,1024.82,106.89001,144.14,783.24,498.07542882330193,4167.928159040866,1812.2716907671013,988.822642118743,322.96434165509305,116.93416429568956,712.619648704846,485.40961665471394,4427.640215661185,1769.5389932032995,988.6486797514416,408.8096869510114,116.93271488280523,711.2412697147188,485.40961665471394,4427.640215661185,1769.5389932032995,988.6486797514416,408.8096869510114,116.93271488280523,711.2412697147188
2026-02-28 07:00:00+00:00,348.01,2018.9701,1898.83,1029.28,92.39001,127.1,774.5,497.72725936401014,4099.729382603285,1806.115422858406,988.822642118743,338.19175960996364,116.93416429568956,711.9809026630501,485.40961665471394,4427.640215661185,1769.5389932032995,988.6486797514416,408.8096869510114,116.93271488280523,711.2412697147188,485.40961665471394,4427.640215661185,1769.5389932032995,988.6486797514416,408.8096869510114,116.93271488280523,711.2412697147188
2026-02-28 08:00:00+00:00,345.43,1913.16,1484.39,1031.19,0.30999213,144.88,763.99,486.52361747795743,4038.681125075874,1750.4434945419703,988.822642118743,353.4191775648342,116.93416429568956,709.0826669526339,485.40961665471394,4427.640215661185,1769.5389932032995,988.6486797514416,408.8096869510114,116.93271488280523,711.2412697147188,485.40961665471394,4427.640215661185,1769.5389932032995,988.6486797514416,408.8096869510114,116.93271488280523,711.2412697147188
2026-02-28 09:00:00+00:00,349.84,1851.82,1268.97,1037.84,0.30999213,145.66,761.93,470.04728739425815,3966.711454595587,1672.316494216546,988.822642118743,368.64659551970476,116.93416429568956,705.3283988203087,485.40961665471394,4427.640215661185,1769.5389932032995,988.6486797514416,408.8096869510114,116.93271488280523,711.2412697147188,485.40961665471394,4427.640215661185,1769.5389932032995,988.6486797514416,408.8096869510114,116.93271488280523,711.2412697147188
2026-02-28 10:00:00+00:00,353.47,1748.2802,1208.31,1010.32,0.33001167,120.93,767.0,453.54491344625205,3849.5060478348996,1594.817156968397,988.822642118743,383.87401347457535,116.93416429568956,701.4530731762346,485.40961665471394,4427.640215661185,1769.5389932032995,988.6486797514416,408.8096869510114,116.93271488280523,711.2412697147188,485.40961665471394,4427.640215661185,1769.5389932032995,988.6486797514416,408.8096869510114,116.93271488280523,711.2412697147188
2026-02-28 11:00:00+00:00,353.26,1724.09,1202.37,1002.46,0.2700141,117.35,753.84,441.60692712065213,3790.8209228258465,1541.8080355772227,988.822642118743,399.1014314294459,116.93416429568956,698.6795862006243,485.40961665471394,4427.640215661185,1769.5389932032995,988.6486797514416,408.8096869510114,116.93271488280523,711.2412697147188,485.40961665471394,4427.640215661185,1769.5389932032995,988.6486797514416,408.8096869510114,116.93271488280523,711.2412697147188
2026-02-28 12:00:00+00:00,348.36,1719.68,1208.36,998.8,0.21999578,116.92,756.86,433.3956711643735,3767.6674855697775,1507.8042450529508,988.822642118743,414.32884938431647,116.93416429568956,697.0913283526779,485.40961665471394,4427.640215661185,1769.5389932032995,988.6486797514416,408.8096869510114,116.93271488280523,711.2412697147188,485.40961665471394,4427.640215661185,1769.5389932032995,988.6486797514416,408.8096869510114,116.93271488280523,711.2412697147188
2026-02-28 13:00:00+00:00,345.69,1738.13,1204.62,995.97,0.17995672,116.6,765.86,428.51282698300804,3775.2268980286526,1491.47394891908,988.822642118743,429.556267339187,116.93416429568956,696.2682819430904,485.40961665471394,4427.640215661185,1769.5389932032995,988.6486797514416,408.8096869510114,116.93271488280523,711.2412697147188,485.40961665471394,4427.640215661185,1769.5389932032995,988.6486797514416,408.8096869510114,116.93271488280523,711.2412697147188
2026-02-28 14:00:00+00:00,346.26,2004.86,1337.07,990.9,0.15999822,116.0,765.73,431.18628543706524,3870.6972923039243,1508.8446951583346,988.822642118743,444.7836852940576,116.93416429568956,696.5416069706733,485.40961665471394,4427.640215661185,1769.5389932032995,988.6486797514416,408.8096869510114,116.93271488280523,711.2412697147188,485.40961665471394,4427.640215661185,1769.5389932032995,988.6486797514416,408.8096869510114,116.93271488280523,711.2412697147188
2026-02-28 15:00:00+00:00,350.28,2375.99,1858.54,1007.85,412.11,124.17,769.15,436.60558166732784,4006.8744035227646,1541.1848517251374,988.822642118743,460.0111032489282,116.93416429568956,697.6711263997524,485.40961665471394,4427.640215661185,1769.5389932032995,988.6486797514416,408.8096869510114,116.93271488280523,711.2412697147188,485.40961665471394,4427.640215661185,1769.5389932032995,988.6486797514416,408.8096869510114,116.93271488280523,711.2412697147188
2026-02-28 16:00:00+00:00,346.25,3121.5,2182.98,1022.53,929.58,143.87,773.29,454.89278542333597,4210.123696366006,1630.9460770674286,988.822642118743,475.2385212037987,116.93416429568956,700.8144837960389,485.40961665471394,4427.640215661185,1769.5389932032995,988.6486797514416,408.8096869510114,116.93271488280523,711.2412697147188,485.40961665471394,4427.640215661185,1769.5389932032995,988.6486797514416,408.8096869510114,116.93271488280523,711.2412697147188
2026-02-28 17:00:00+00:00,341.99,3131.27,2292.8,1008.92,1035.59,142.28,772.69,473.79166176936604,4244.7008111395835,1723.792508529106,988.822642118743,490.46593915866924,116.93416429568956,704.5207382903058,485.40961665471394,4427.640215661185,1769.5389932032995,988.6486797514416,408.8096869510114,116.93271488280523,711.2412697147188,485.40961665471394,4427.640215661185,1769.5389932032995,988.6486797514416,408.8096869510114,116.93271488280523,711.2412697147188
2026-02-28 18:00:00+00:00,348.55,2401.32,2297.13,997.25,820.63,135.27,776.52,478.3755397261663,4163.68936441425,1748.211372730241,988.822642118743,505.69335711353983,116.93416429568956,705.5701343723681,485.40961665471394,4427.640215661185,1769.5389932032995,988.6486797514416,408.8096869510114,116.93271488280523,711.2412697147188,485.40961665471394,4427.640215661185,1769.5389932032995,988.6486797514416,408.8096869510114,116.93271488280523,711.2412697147188
2026-02-28 19:00:00+00:00,357.06,2301.12,1965.33,988.8,321.73,115.76,774.97,482.32532549096527,4049.7144841440963,1768.7588510738356,988.822642118743,520.9207750684104,116.93416429568956,706.9646353519308,485.40961665471394,4427.640215661185,1769.5389932032995,988.6486797514416,408.8096869510114,116.93271488280523,711.2412697147188,485.40961665471394,4427.640215661185,1769.5389932032995,988.6486797514416,408.8096869510114,116.93271488280523,711.2412697147188
2026-02-28 20:00:00+00:00,389.45,2358.17,1888.86,1008.95,79.50002,118.12,766.63,488.1263925233818,3981.0769204630187,1798.212463337205,988.822642118743,536.148193023281,116.93416429568956,708.301596714482,485.40961665471394,4427.640215661185,1769.5389932032995,988.6486797514416,408.8096869510114,116.93271488280523,711.2412697147188,485.40961665471394,4427.640215661185,1769.5389932032995,988.6486797514416,408.8096869510114,116.93271488280523,711.2412697147188
2026-02-28 21:00:00+00:00,433.01,2288.92,1782.85,992.38,83.26995,116.18,764.3,493.688959354758,3968.9404712639653,1825.765633198688,988.822642118743,551.3756109781515,116.93416429568956,709.402376642022,485.40961665471394,4427.640215661185,1769.5389932032995,988.6486797514416,408.8096869510114,116.93271488280523,711.2412697147188,485.40961665471394,4427.640215661185,1769.5389932032995,988.6486797514416,408.8096869510114,116.93271488280523,711.2412697147188
2026-02-28 22:00:00+00:00,441.79,2320.27,1759.61,976.99,39.749996,114.38,772.82,497.5022525806836,3927.228239849752,1845.5976134136356,988.822642118743,566.6030289330221,116.93416429568956,710.53666392395,485.40961665471394,4427.640215661185,1769.5389932032995,988.6486797514416,408.8096869510114,116.93271488280523,711.2412697147188,485.40961665471394,4427.640215661185,1769.5389932032995,988.6486797514416,408.8096869510114,116.93271488280523,711.2412697147188
2026-02-28 23:00:00+00:00,449.81,2022.4801,1715.26,959.82,0.17000799,112.37,775.14,503.21585506465595,3864.4295942175545,1877.7340101941286,988.822642118743,581.8304468878927,116.93416429568956,712.8067828506342,485.40961665471394,4427.640215661185,1769.5389932032995,988.6486797514416,408.8096869510114,116.93271488280523,711.2412697147188,485.40961665471394,4427.640215661185,1769.5389932032995,988.6486797514416,408.8096869510114,116.93271488280523,711.2412697147188
2026-03-01 00:00:00+00:00,452.47,1978.07,1689.56,961.25,-5.431801e-06,112.53,779.16,503.46401257236516,3883.9165486013317,1816.239282752865,988.822642118743,231.59983392586966,116.93416429568956,712.8923324044316,485.40961665471394,4427.640215661185,1769.5389932032995,988.6486797514416,408.8096869510114,116.93271488280523,711.2412697147188,485.40961665471394,4427.640215661185,1769.5389932032995,988.6486797514416,408.8096869510114,116.93271488280523,711.2412697147188
2026-03-01 01:00:00+00:00,453.67,1975.2902,1730.78,969.13,-5.431801e-06,113.46,773.17,508.6906372662939,3919.8810124389624,1844.3925615065534,988.822642118743,246.82725188074022,116.93416429568956,714.50191299592,485.40961665471394,4427.640215661185,1769.5389932032995,988.6486797514416,408.8096869510114,116.93271488280523,711.2412697147188,485.40961665471394,4427.640215661185,1769.5389932032995,988.6486797514416,408.8096869510114,116.93271488280523,711.2412697147188
2026-03-01 02:00:00+00:00,464.88,1987.32,1716.81,982.58,37.44,115.04,773.0,513.0862043652816,3982.8483590367596,1869.9084085627146,988.822642118743,262.05466983561075,116.93416429568956,715.9657383106666,485.40961665471394,4427.640215661185,1769.5389932032995,988.6486797514416,408.8096869510114,116.93271488280523,711.2412697147188,485.40961665471394,4427.640215661185,1769.5389932032995,988.6486797514416,408.8096869510114,116.93271488280523,711.2412697147188
2026-03-01 03:00:00+00:00,482.17,1989.2802,1807.67,980.38,396.46,114.78,788.16,518.6741073636176,4042.1689705582403,1900.2571372044067,988.822642118743,277.28208779048134,116.93416429568956,717.3793417467181,485.40961665471394,4427.640215661185,1769.5389932032995,988.6486797514416,408.8096869510114,116.93271488280523,711.2412697147188,485.40961665471394,4427.640215661185,1769.5389932032995,988.6486797514416,408.8096869510114,116.93271488280523,711.2412697147188
2026-03-01 04:00:00+00:00,511.61,2023.5001,1928.61,980.06,314.11,125.7,795.66,524.1123458775736,4094.000680144018,1930.2612203053422,988.822642118743,292.50950574535193,116.93416429568956,718.7821033353491,485.40961665471394,4427.640215661185,1769.5389932032995,988.6486797514416,408.8096869510114,116.93271488280523,711.2412697147188,485.40961665471394,4427.640215661185,1769.5389932032995,988.6486797514416,408.8096869510114,116.93271488280523,711.2412697147188
2026-03-01 05:00:00+00:00,512.38,2021.08,1936.78,984.89,503.99,139.46,802.85,530.2031848251785,4128.45754457118,1964.556088387345,988.822642118743,307.7369237002225,116.93416429568956,720.528063053335,485.40961665471394,4427.640215661185,1769.5389932032995,988.6486797514416,408.8096869510114,116.93271488280523,711.2412697147188,485.40961665471394,4427.640215661185,1769.5389932032995,988.6486797514416,408.8096869510114,116.93271488280523,711.2412697147188
2026-03-01 06:00:00+00:00,514.43,1971.7802,1765.32,996.38,500.1,140.89,784.89,535.0565666319105,4190.044093368036,1992.138352189849,988.822642118743,322.96434165509305,116.93416429568956,721.7878399510346,485.40961665471394,4427.640215661185,1769.5389932032995,988.6486797514416,408.8096869510114,116.93271488280523,711.2412697147188,485.40961665471394,4427.640215661185,1769.5389932032995,988.6486797514416,408.8096869510114,116.93271488280523,711.2412697147188
2026-03-01 07:00:00+00:00,515.75,1928.42,1672.14,1002.5,89.71999,129.84,768.35,532.5952209451821,4186.852323038735,1982.671101070353,988.822642118743,338.19175960996364,116.93416429568956,721.4163081714773,485.40961665471394,4427.640215661185,1769.5389932032995,988.6486797514416,408.8096869510114,116.93271488280523,711.2412697147188,485.40961665471394,4427.640215661185,1769.5389932032995,988.6486797514416,408.8096869510114,116.93271488280523,711.2412697147188
2026-03-01 08:00:00+00:00,506.8,1847.9801,1450.17,1005.32,5.920008,117.7,778.78,520.6919557184376,4088.561240178224,1922.2593550037923,988.822642118743,353.4191775648342,116.93416429568956,718.4758581947339,485.40961665471394,4427.640215661185,1769.5389932032995,988.6486797514416,408.8096869510114,116.93271488280523,711.2412697147188,485.40961665471394,4427.640215661185,1769.5389932032995,988.6486797514416,408.8096869510114,116.93271488280523,711.2412697147188
2026-03-01 09:00:00+00:00,503.03,1837.2802,1325.32,910.35,-5.431801e-06,106.58,778.34,507.3166996102065,3945.661028121051,1855.222778195339,988.822642118743,368.64659551970476,116.93416429568956,715.53657195884,485.40961665471394,4427.640215661185,1769.5389932032995,988.6486797514416,408.8096869510114,116.93271488280523,711.2412697147188,485.40961665471394,4427.640215661185,1769.5389932032995,988.6486797514416,408.8096869510114,116.93271488280523,711.2412697147188
2026-03-01 10:00:00+00:00,490.13,1835.1901,1263.3,859.87,-5.431801e-06,100.67,778.95,490.94470283044,3827.3820959401005,1780.5127945552265,988.822642118743,383.87401347457535,116.93416429568956,712.6460969156614,485.40961665471394,4427.640215661185,1769.5389932032995,988.6486797514416,408.8096869510114,116.93271488280523,711.2412697147188,485.40961665471394,4427.640215661185,1769.5389932032995,988.6486797514416,408.8096869510114,116.93271488280523,711.2412697147188
2026-03-01 11:00:00+00:00,484.91,1828.2301,1222.68,830.72,-5.431801e-06,97.25,772.87,480.9200196097747,3791.7023817010354,1736.072950288403,988.822642118743,399.1014314294459,116.93416429568956,710.6799015295888,485.40961665471394,4427.640215661185,1769.5389932032995,988.6486797514416,408.8096869510114,116.93271488280523,711.2412697147188,485.40961665471394,4427.640215661185,1769.5389932032995,988.6486797514416,408.8096869510114,116.93271488280523,711.2412697147188
2026-03-01 12:00:00+00:00,495.97,1828.0602,1201.43,836.57,-5.431801e-06,97.93,773.02,476.14315802030836,3792.470028107075,1712.0885595885695,988.822642118743,414.32884938431647,116.93416429568956,709.1269855347429,485.40961665471394,4427.640215661185,1769.5389932032995,988.6486797514416,408.8096869510114,116.93271488280523,711.2412697147188,485.40961665471394,4427.640215661185,1769.5389932032995,988.6486797514416,408.8096869510114,116.93271488280523,711.2412697147188
2026-03-01 13:00:00+00:00,584.65,1853.7701,1214.08,822.6,-5.431801e-06,96.3,778.14,473.6921175394249,3805.417511258225,1702.530109410049,988.822642118743,429.556267339187,116.93416429568956,708.3539014597393,485.40961665471394,4427.640215661185,1769.5389932032995,988.6486797514416,408.8096869510114,116.93271488280523,711.2412697147188,485.40961665471394,4427.640215661185,1769.5389932032995,988.6486797514416,408.8096869510114,116.93271488280523,711.2412697147188
2026-03-01 14:00:00+00:00,764.05,2124.74,1391.15,835.71,-5.431801e-06,97.84,788.97,476.7041823579551,4005.565326899553,1718.5172990842163,988.822642118743,444.7836852940576,116.93416429568956,707.909785600405,485.40961665471394,4427.640215661185,1769.5389932032995,988.6486797514416,408.8096869510114,116.93271488280523,711.2412697147188,485.40961665471394,4427.640215661185,1769.5389932032995,988.6486797514416,408.8096869510114,116.93271488280523,711.2412697147188
2026-03-01 15:00:00+00:00,871.81,3402.45,2116.39,846.87,252.5,111.34,815.99,484.1418611974102,4320.365901348219,1757.7417149836522,988.822642118743,460.0111032489282,116.93416429568956,707.9978743468496,485.40961665471394,4427.640215661185,1769.5389932032995,988.6486797514416,408.8096869510114,116.93271488280523,711.2412697147188,485.40961665471394,4427.640215661185,1769.5389932032995,988.6486797514416,408.8096869510114,116.93271488280523,711.2412697147188
2026-03-01 16:00:00+00:00,1057.83,4814.16,2679.56,882.05,933.89,127.42,851.64,501.458122850542,4679.285846499044,1847.8529207790064,988.822642118743,475.2385212037987,116.93416429568956,710.1730846999243,485.40961665471394,4427.640215661185,1769.5389932032995,988.6486797514416,408.8096869510114,116.93271488280523,711.2412697147188,485.40961665471394,4427.640215661185,1769.5389932032995,988.6486797514416,408.8096869510114,116.93271488280523,711.2412697147188
2026-03-01 17:00:00+00:00,1076.22,5214.65,2954.73,884.36,1359.53,127.67,855.66,519.0862973034303,4770.803226805935,1939.100739103692,988.822642118743,490.46593915866924,116.93416429568956,714.026273832443,485.40961665471394,4427.640215661185,1769.5389932032995,988.6486797514416,408.8096869510114,116.93271488280523,711.2412697147188,485.40961665471394,4427.640215661185,1769.5389932032995,988.6486797514416,408.8096869510114,116.93271488280523,711.2412697147188
2026-03-01 18:00:00+00:00,1063.3,5375.41,2991.22,873.96,1068.78,126.46,849.89,519.9350523972107,4690.628072043667,1945.435437446269,988.822642118743,505.69335711353983,116.93416429568956,714.2050753551129,485.40961665471394,4427.640215661185,1769.5389932032995,988.6486797514416,408.8096869510114,116.93271488280523,711.2412697147188,485.40961665471394,4427.640215661185,1769.5389932032995,988.6486797514416,408.8096869510114,116.93271488280523,711.2412697147188
2026-03-01 19:00:00+00:00,1055.5,5077.73,2867.98,868.49,433.23,125.83,844.7,525.3620752164229,4562.231261109849,1974.4816096575578,988.822642118743,520.9207750684104,116.93416429568956,716.0361351429457,485.40961665471394,4427.640215661185,1769.5389932032995,988.6486797514416,408.8096869510114,116.93271488280523,711.2412697147188,485.40961665471394,4427.640215661185,1769.5389932032995,988.6486797514416,408.8096869510114,116.93271488280523,711.2412697147188
2026-03-01 20:00:00+00:00,887.08,4481.25,2649.45,858.92,47.350002,112.94,830.88,531.7062115548093,4462.636388637309,2007.7337241437413,988.822642118743,536.148193023281,116.93416429568956,717.9157531110591,485.40961665471394,4427.640215661185,1769.5389932032995,988.6486797514416,408.8096869510114,116.93271488280523,711.2412697147188,485.40961665471394,4427.640215661185,1769.5389932032995,988.6486797514416,408.8096869510114,116.93271488280523,711.2412697147188
2026-03-01 21:00:00+00:00,772.7,4507.11,2458.89,854.27,19.399988,100.02,832.19,533.4134869215088,4384.792465015873,2020.802674828139,988.822642118743,551.3756109781515,116.93416429568956,718.8749121887572,485.40961665471394,4427.640215661185,1769.5389932032995,988.6486797514416,408.8096869510114,116.93271488280523,711.2412697147188,485.40961665471394,4427.640215661185,1769.5389932032995,988.6486797514416,408.8096869510114,116.93271488280523,711.2412697147188
2026-03-01 22:00:00+00:00,776.27,4530.02,2316.32,846.26,0.029993348,99.07,831.65,533.3242825042862,4290.909158366371,2023.930915500996,988.822642118743,566.6030289330221,116.93416429568956,719.2525685480695,485.40961665471394,4427.640215661185,1769.5389932032995,988.6486797514416,408.8096869510114,116.93271488280523,711.2412697147188,485.40961665471394,4427.640215661185,1769.5389932032995,988.6486797514416,408.8096869510114,116.93271488280523,711.2412697147188
2026-03-01 23:00:00+00:00,777.38,4509.12,2242.62,842.82,66.929985,98.68,838.39,534.7583111006028,4241.034524668028,2033.2448688674704,988.822642118743,581.8304468878927,116.93416429568956,719.8965874485505,485.40961665471394,4427.640215661185,1769.5389932032995,988.6486797514416,408.8096869510114,116.93271488280523,711.2412697147188,485.40961665471394,4427.640215661185,1769.5389932032995,988.6486797514416,408.8096869510114,116.93271488280523,711.2412697147188
2026-03-02 00:00:00+00:00,775.81,4423.23,2288.05,842.32,-5.431801e-06,98.62,849.89,530.7206684014698,4172.823188150429,1955.5222727508044,988.822642118743,231.59983392586966,116.93416429568956,719.9947664211633,485.40961665471394,4427.640215661185,1769.5389932032995,988.6486797514416,408.8096869510114,116.93271488280523,711.2412697147188,485.40961665471394,4427.640215661185,1769.5389932032995,988.6486797514416,408.8096869510114,116.93271488280523,711.2412697147188
2026-03-02 01:00:00+00:00,773.99,4772.22,2304.77,844.04,-5.431801e-06,98.82,849.09,536.7150344141993,4215.8070011718755,1985.1173994197695,988.822642118743,246.82725188074022,116.93416429568956,720.8120151300258,485.40961665471394,4427.640215661185,1769.5389932032995,988.6486797514416,408.8096869510114,116.93271488280523,711.2412697147188,485.40961665471394,4427.640215661185,1769.5389932032995,988.6486797514416,408.8096869510114,116.93271488280523,711.2412697147188
2026-03-02 02:00:00+00:00,774.73,5356.57,2315.01,846.36,-5.431801e-06,99.1,846.93,538.9234723031251,4261.227795471686,1999.3747291161699,988.822642118743,262.05466983561075,116.93416429568956,721.3195204378834,485.40961665471394,4427.640215661185,1769.5389932032995,988.6486797514416,408.8096869510114,116.93271488280523,711.2412697147188,485.40961665471394,4427.640215661185,1769.5389932032995,988.6486797514416,408.8096869510114,116.93271488280523,711.2412697147188
2026-03-02 03:00:00+00:00,775.93,5430.18,2503.87,849.87,0.04003363,99.51,855.44,542.9528568993869,4354.392523413405,2022.1859493294155,988.822642118743,277.28208779048134,116.93416429568956,721.9765786833209,485.40961665471394,4427.640215661185,1769.5389932032995,988.6486797514416,408.8096869510114,116.93271488280523,711.2412697147188,485.40961665471394,4427.640215661185,1769.5389932032995,988.6486797514416,408.8096869510114,116.93271488280523,711.2412697147188
2026-03-02 04:00:00+00:00,973.77,5898.55,2837.77,855.91,268.92,102.21,865.09,547.436842851678,4483.050608449088,2046.946106700856,988.822642118743,292.50950574535193,116.93416429568956,722.443911799051,485.40961665471394,4427.640215661185,1769.5389932032995,988.6486797514416,408.8096869510114,116.93271488280523,711.2412697147188,485.40961665471394,4427.640215661185,1769.5389932032995,988.6486797514416,408.8096869510114,116.93271488280523,711.2412697147188
2026-03-02 05:00:00+00:00,1180.62,6010.38,3108.11,853.75,1012.15,124.2,875.51,557.500420831071,4722.744367202309,2097.914811527163,988.822642118743,307.7369237002225,116.93416429568956,722.9104511071328,485.40961665471394,4427.640215661185,1769.5389932032995,988.6486797514416,408.8096869510114,116.93271488280523,711.2412697147188,485.40961665471394,4427.640215661185,1769.5389932032995,988.6486797514416,408.8096869510114,116.93271488280523,711.2412697147188
2026-03-02 06:00:00+00:00,1226.85,6118.9,3126.55,853.31,1585.06,127.06,880.74,562.6393648535766,4785.610571588321,2125.169656570975,988.822642118743,322.96434165509305,116.93416429568956,723.3907788362762,485.40961665471394,4427.640215661185,1769.5389932032995,988.6486797514416,408.8096869510114,116.93271488280523,711.2412697147188,485.40961665471394,4427.640215661185,1769.5389932032995,988.6486797514416,408.8096869510114,116.93271488280523,711.2412697147188
2026-03-02 07:00:00+00:00,1109.51,6229.2,3078.2,856.89,1079.64,127.46,878.83,556.6242696460895,4626.0660428596175,2094.407126662859,988.822642118743,338.19175960996364,116.93416429568956,722.7619406895334,485.40961665471394,4427.640215661185,1769.5389932032995,988.6486797514416,408.8096869510114,116.93271488280523,711.2412697147188,485.40961665471394,4427.640215661185,1769.5389932032995,988.6486797514416,408.8096869510114,116.93271488280523,711.2412697147188
2026-03-02 08:00:00+00:00,727.11,5505.83,2658.15,850.51,342.22,100.0,871.9,536.5907405163066,4435.6897657565005,1995.0166433561396,988.822642118743,353.4191775648342,116.93416429568956,719.0580902629774,485.40961665471394,4427.640215661185,1769.5389932032995,988.6486797514416,408.8096869510114,116.93271488280523,711.2412697147188,485.40961665471394,4427.640215661185,1769.5389932032995,988.6486797514416,408.8096869510114,116.93271488280523,711.2412697147188
2026-03-02 09:00:00+00:00,516.83,4324.69,2155.67,842.33,27.409998,98.61,870.72,512.4615102365121,4228.890825147159,1877.5603479891527,988.822642118743,368.64659551970476,116.93416429568956,714.5497522291621,485.40961665471394,4427.640215661185,1769.5389932032995,988.6486797514416,408.8096869510114,116.93271488280523,711.2412697147188,485.40961665471394,4427.640215661185,1769.5389932032995,988.6486797514416,408.8096869510114,116.93271488280523,711.2412697147188
2026-03-02 10:00:00+00:00,497.74,3416.54,1666.1,845.57,0.15999822,98.99,813.98,487.8100443654913,4036.751901348184,1760.3977958698906,988.822642118743,383.87401347457535,116.93416429568956,709.9933334915321,485.40961665471394,4427.640215661185,1769.5389932032995,988.6486797514416,408.8096869510114,116.93271488280523,711.2412697147188,485.40961665471394,4427.640215661185,1769.5389932032995,988.6486797514416,408.8096869510114,116.93271488280523,711.2412697147188
2026-03-02 11:00:00+00:00,491.49,3338.96,1334.33,850.08,-5.431801e-06,99.52,773.59,471.33222420282175,3973.8044510106197,1680.3928780757692,988.822642118743,399.1014314294459,116.93416429568956,706.1208360906281,485.40961665471394,4427.640215661185,1769.5389932032995,988.6486797514416,408.8096869510114,116.93271488280523,711.2412697147188,485.40961665471394,4427.640215661185,1769.5389932032995,988.6486797514416,408.8096869510114,116.93271488280523,711.2412697147188
2026-03-02 12:00:00+00:00,493.71,3353.45,1289.24,844.83,-5.431801e-06,98.9,768.14,457.97857874902815,3956.891175021197,1615.339766853977,988.822642118743,414.32884938431647,116.93416429568956,702.6735648461787,485.40961665471394,4427.640215661185,1769.5389932032995,988.6486797514416,408.8096869510114,116.93271488280523,711.2412697147188,485.40961665471394,4427.640215661185,1769.5389932032995,988.6486797514416,408.8096869510114,116.93271488280523,711.2412697147188
2026-03-02 13:00:00+00:00,494.38,3739.78,1380.63,838.45,-5.431801e-06,98.15,780.12,455.59627565039375,4065.2385058150744,1606.831750316538,988.822642118743,429.556267339187,116.93416429568956,701.5269148901708,485.40961665471394,4427.640215661185,1769.5389932032995,988.6486797514416,408.8096869510114,116.93271488280523,711.2412697147188,485.40961665471394,4427.640215661185,1769.5389932032995,988.6486797514416,408.8096869510114,116.93271488280523,711.2412697147188
2026-03-02 14:00:00+00:00,620.34,5225.19,1776.01,843.46,35.709988,110.93,784.21,461.8693693577262,4368.066536356964,1641.7235522158132,988.822642118743,444.7836852940576,116.93416429568956,701.4621586376493,485.40961665471394,4427.640215661185,1769.5389932032995,988.6486797514416,408.8096869510114,116.93271488280523,711.2412697147188,485.40961665471394,4427.640215661185,1769.5389932032995,988.6486797514416,408.8096869510114,116.93271488280523,711.2412697147188
2026-03-02 15:00:00+00:00,1009.0,6365.95,2315.51,873.12,489.96,126.35,786.92,474.97192023019403,4774.838564676064,1711.1574119762852,988.822642118743,460.0111032489282,116.93416429568956,702.3637891074823,485.40961665471394,4427.640215661185,1769.5389932032995,988.6486797514416,408.8096869510114,116.93271488280523,711.2412697147188,485.40961665471394,4427.640215661185,1769.5389932032995,988.6486797514416,408.8096869510114,116.93271488280523,711.2412697147188
2026-03-02 16:00:00+00:00,1199.09,6471.2,2518.68,880.22,1243.1998,127.18,793.11,499.4239781804854,5123.050387866677,1835.2878038187355,988.822642118743,475.2385212037987,116.93416429568956,705.7543645564976,485.40961665471394,4427.640215661185,1769.5389932032995,988.6486797514416,408.8096869510114,116.93271488280523,711.2412697147188,485.40961665471394,4427.640215661185,1769.5389932032995,988.6486797514416,408.8096869510114,116.93271488280523,711.2412697147188
2026-03-02 17:00:00+00:00,1223.83,6436.53,2715.88,852.34,1522.87,123.95,810.98,520.42863430724,5179.330852605569,1942.2516864258155,988.822642118743,490.46593915866924,116.93416429568956,710.3972463206204,485.40961665471394,4427.640215661185,1769.5389932032995,988.6486797514416,408.8096869510114,116.93271488280523,711.2412697147188,485.40961665471394,4427.640215661185,1769.5389932032995,988.6486797514416,408.8096869510114,116.93271488280523,711.2412697147188
2026-03-02 18:00:00+00:00,1232.83,6433.66,2785.27,861.43,1262.87,125.01,818.51,524.5059924997147,5069.508266780001,1968.0556910630144,988.822642118743,505.69335711353983,116.93416429568956,711.9978765297571,485.40961665471394,4427.640215661185,1769.5389932032995,988.6486797514416,408.8096869510114,116.93271488280523,711.2412697147188,485.40961665471394,4427.640215661185,1769.5389932032995,988.6486797514416,408.8096869510114,116.93271488280523,711.2412697147188
2026-03-02 19:00:00+00:00,1231.24,6238.53,2890.71,856.07,516.62,124.38,838.25,526.4785718686571,4910.420624082389,1982.209852921921,988.822642118743,520.9207750684104,116.93416429568956,713.7817407609074,485.40961665471394,4427.640215661185,1769.5389932032995,988.6486797514416,408.8096869510114,116.93271488280523,711.2412697147188,485.40961665471394,4427.640215661185,1769.5389932032995,988.6486797514416,408.8096869510114,116.93271488280523,711.2412697147188
2026-03-02 20:00:00+00:00,1208.75,6168.33,2865.04,849.55,154.64,99.8,842.42,531.467135679034,4771.153409989986,2010.105291283209,988.822642118743,536.148193023281,116.93416429568956,715.8841981586569,485.40961665471394,4427.640215661185,1769.5389932032995,988.6486797514416,408.8096869510114,116.93271488280523,711.2412697147188,485.40961665471394,4427.640215661185,1769.5389932032995,988.6486797514416,408.8096869510114,116.93271488280523,711.2412697147188
2026-03-02 21:00:00+00:00,1081.53,6020.49,2819.4,850.05,122.51998,99.51,841.28,534.174747517659,4670.702013622668,2026.20864396997,988.822642118743,551.3756109781515,116.93416429568956,717.4031501016856,485.40961665471394,4427.640215661185,1769.5389932032995,988.6486797514416,408.8096869510114,116.93271488280523,711.2412697147188,485.40961665471394,4427.640215661185,1769.5389932032995,988.6486797514416,408.8096869510114,116.93271488280523,711.2412697147188
2026-03-02 22:00:00+00:00,1039.91,6021.03,2734.52,849.21,51.089993,99.42,845.1,534.7269908545167,4584.1601615775535,2033.0072216962935,988.822642118743,566.6030289330221,116.93416429568956,718.4104583877343,485.40961665471394,4427.640215661185,1769.5389932032995,988.6486797514416,408.8096869510114,116.93271488280523,711.2412697147188,485.40961665471394,4427.640215661185,1769.5389932032995,988.6486797514416,408.8096869510114,116.93271488280523,711.2412697147188
2026-03-02 23:00:00+00:00,1038.5,5996.84,2595.64,844.51,0.26000434,98.87,825.06,533.9927650771646,4494.196252289862,2035.3599818334355,988.822642118743,581.8304468878927,116.93416429568956,719.5189854747904,485.40961665471394,4427.640215661185,1769.5389932032995,988.6486797514416,408.8096869510114,116.93271488280523,711.2412697147188,485.40961665471394,4427.640215661185,1769.5389932032995,988.6486797514416,408.8096869510114,116.93271488280523,711.2412697147188
2026-03-03 00:00:00+00:00,1042.99,5294.48,2540.55,844.61,-5.431801e-06,98.88,825.14,536.5521353207289,4496.912325995823,1985.0945912635198,988.822642118743,231.59983392586966,116.93416429568956,720.247943624393,485.40961665471394,4427.640215661185,1769.5389932032995,988.6486797514416,408.8096869510114,116.93271488280523,711.2412697147188,485.40961665471394,4427.640215661185,1769.5389932032995,988.6486797514416,408.8096869510114,116.93271488280523,711.2412697147188
2026-03-03 01:00:00+00:00,1075.5,5279.05,2544.2,843.17,-5.431801e-06,98.71,825.27,543.1970810167333,4522.165216202972,2020.3037765963295,988.822642118743,246.82725188074022,116.93416429568956,721.9010535042355,485.40961665471394,4427.640215661185,1769.5389932032995,988.6486797514416,408.8096869510114,116.93271488280523,711.2412697147188,485.40961665471394,4427.640215661185,1769.5389932032995,988.6486797514416,408.8096869510114,116.93271488280523,711.2412697147188
2026-03-03 02:00:00+00:00,1077.81,5370.19,2577.11,845.05,0.099970154,98.94,825.34,547.5830117173927,4574.743026504541,2044.009719777448,988.822642118743,262.05466983561075,116.93416429568956,722.79296401283,485.40961665471394,4427.640215661185,1769.5389932032995,988.6486797514416,408.8096869510114,116.93271488280523,711.2412697147188,485.40961665471394,4427.640215661185,1769.5389932032995,988.6486797514416,408.8096869510114,116.93271488280523,711.2412697147188
2026-03-03 03:00:00+00:00,1097.04,5602.68,2641.29,851.77,123.98,99.71,824.53,554.3706649956757,4674.054500715987,2078.6792969974936,988.822642118743,277.28208779048134,116.93416429568956,723.8401294179291,485.40961665471394,4427.640215661185,1769.5389932032995,988.6486797514416,408.8096869510114,116.93271488280523,711.2412697147188,485.40961665471394,4427.640215661185,1769.5389932032995,988.6486797514416,408.8096869510114,116.93271488280523,711.2412697147188
2026-03-03 04:00:00+00:00,1229.5,6197.49,2600.33,864.99,193.09,108.17,805.44,562.7290127071008,4813.175767465537,2120.7897702259156,988.822642118743,292.50950574535193,116.93416429568956,724.835456618068,485.40961665471394,4427.640215661185,1769.5389932032995,988.6486797514416,408.8096869510114,116.93271488280523,711.2412697147188,485.40961665471394,4427.640215661185,1769.5389932032995,988.6486797514416,408.8096869510114,116.93271488280523,711.2412697147188
2026-03-03 05:00:00+00:00,1181.38,6196.75,2911.53,858.08,644.97,124.62,820.29,572.419091467038,5009.439437965677,2171.265698939567,988.822642118743,307.7369237002225,116.93416429568956,725.5260689307186,485.40961665471394,4427.640215661185,1769.5389932032995,988.6486797514416,408.8096869510114,116.93271488280523,711.2412697147188,485.40961665471394,4427.640215661185,1769.5389932032995,988.6486797514416,408.8096869510114,116.93271488280523,711.2412697147188
2026-03-03 06:00:00+00:00,1124.25,6213.47,2912.08,852.39,1136.75,123.94,809.54,579.4504005214079,5061.680280610297,2207.6858397959463,988.822642118743,322.96434165509305,116.93416429568956,726.3535207106002,485.40961665471394,4427.640215661185,1769.5389932032995,988.6486797514416,408.8096869510114,116.93271488280523,711.2412697147188,485.40961665471394,4427.640215661185,1769.5389932032995,988.6486797514416,408.8096869510114,116.93271488280523,711.2412697147188
2026-03-03 07:00:00+00:00,1084.27,6057.78,2752.53,863.22,453.77,125.21,789.4,572.7249949936236,4858.872849526533,2175.1211956292777,988.822642118743,338.19175960996364,116.93416429568956,725.5516464560012,485.40961665471394,4427.640215661185,1769.5389932032995,988.6486797514416,408.8096869510114,116.93271488280523,711.2412697147188,485.40961665471394,4427.640215661185,1769.5389932032995,988.6486797514416,408.8096869510114,116.93271488280523,711.2412697147188
2026-03-03 08:00:00+00:00,790.57,5326.79,2382.35,867.39,98.700005,113.95,767.84,548.0267233400613,4580.479771621443,2055.138195431177,988.822642118743,353.4191775648342,116.93416429568956,721.2505554093882,485.40961665471394,4427.640215661185,1769.5389932032995,988.6486797514416,408.8096869510114,116.93271488280523,711.2412697147188,485.40961665471394,4427.640215661185,1769.5389932032995,988.6486797514416,408.8096869510114,116.93271488280523,711.2412697147188
2026-03-03 09:00:00+00:00,575.69,3867.45,1995.71,908.12,16.61001,106.31,765.56,519.7387691600844,4365.269562469838,1917.1689025667984,988.822642118743,368.64659551970476,116.93416429568956,715.7685717852199,485.40961665471394,4427.640215661185,1769.5389932032995,988.6486797514416,408.8096869510114,116.93271488280523,711.2412697147188,485.40961665471394,4427.640215661185,1769.5389932032995,988.6486797514416,408.8096869510114,116.93271488280523,711.2412697147188
2026-03-03 10:00:00+00:00,531.03,3298.18,1499.0,965.7,-5.431801e-06,113.05,758.74,495.11213615105333,4226.614210432086,1794.6883402733295,988.822642118743,383.87401347457535,116.93416429568956,710.2796030162643,485.40961665471394,4427.640215661185,1769.5389932032995,988.6486797514416,408.8096869510114,116.93271488280523,711.2412697147188,485.40961665471394,4427.640215661185,1769.5389932032995,988.6486797514416,408.8096869510114,116.93271488280523,711.2412697147188
2026-03-03 11:00:00+00:00,468.82,3258.15,1461.31,1061.82,-5.431801e-06,124.3,761.4,475.9080277622392,4133.399348519399,1699.6932918867512,988.822642118743,399.1014314294459,116.93416429568956,705.805688611166,485.40961665471394,4427.640215661185,1769.5389932032995,988.6486797514416,408.8096869510114,116.93271488280523,711.2412697147188,485.40961665471394,4427.640215661185,1769.5389932032995,988.6486797514416,408.8096869510114,116.93271488280523,711.2412697147188
2026-03-03 12:00:00+00:00,472.41,3273.23,1499.3,1062.29,-5.431801e-06,124.36,752.99,460.4099416122269,4110.213196674023,1625.6811607763211,988.822642118743,414.32884938431647,116.93416429568956,701.5990351961974,485.40961665471394,4427.640215661185,1769.5389932032995,988.6486797514416,408.8096869510114,116.93271488280523,711.2412697147188,485.40961665471394,4427.640215661185,1769.5389932032995,988.6486797514416,408.8096869510114,116.93271488280523,711.2412697147188
2026-03-03 13:00:00+00:00,474.78,3605.74,1544.36,1046.15,-5.431801e-06,122.47,758.61,456.38768388745865,4185.0447043655495,1611.7565302933815,988.822642118743,429.556267339187,116.93416429568956,700.0883585599806,485.40961665471394,4427.640215661185,1769.5389932032995,988.6486797514416,408.8096869510114,116.93271488280523,711.2412697147188,485.40961665471394,4427.640215661185,1769.5389932032995,988.6486797514416,408.8096869510114,116.93271488280523,711.2412697147188
2026-03-03 14:00:00+00:00,513.11,5274.3,1987.09,1052.37,21.11999,123.2,754.04,461.2723005257721,4436.253884499618,1640.787552828342,988.822642118743,444.7836852940576,116.93416429568956,699.8027327229819,485.40961665471394,4427.640215661185,1769.5389932032995,988.6486797514416,408.8096869510114,116.93271488280523,711.2412697147188,485.40961665471394,4427.640215661185,1769.5389932032995,988.6486797514416,408.8096869510114,116.93271488280523,711.2412697147188
2026-03-03 15:00:00+00:00,883.65,6137.21,2443.3,1062.07,191.74,130.57,729.34,472.9136632438955,4814.692931924497,1701.4695901608923,988.822642118743,460.0111032489282,116.93416429568956,700.5503925292223,485.40961665471394,4427.640215661185,1769.5389932032995,988.6486797514416,408.8096869510114,116.93271488280523,711.2412697147188,485.40961665471394,4427.640215661185,1769.5389932032995,988.6486797514416,408.8096869510114,116.93271488280523,711.2412697147188
2026-03-03 16:00:00+00:00,1206.51,6231.19,2837.66,1069.78,1082.41,149.4,753.2,495.07612294114807,5128.513634816923,1814.795830942373,988.822642118743,475.2385212037987,116.93416429568956,704.0275148268576,485.40961665471394,4427.640215661185,1769.5389932032995,988.6486797514416,408.8096869510114,116.93271488280523,711.2412697147188,485.40961665471394,4427.640215661185,1769.5389932032995,988.6486797514416,408.8096869510114,116.93271488280523,711.2412697147188
2026-03-03 17:00:00+00:00,1275.05,6281.3,3082.69,1066.3,1488.01,148.97,896.09,519.0794148293381,5224.305581508957,1936.2092173039491,988.822642118743,490.46593915866924,116.93416429568956,709.3120795685876,485.40961665471394,4427.640215661185,1769.5389932032995,988.6486797514416,408.8096869510114,116.93271488280523,711.2412697147188,485.40961665471394,4427.640215661185,1769.5389932032995,988.6486797514416,408.8096869510114,116.93271488280523,711.2412697147188
2026-03-03 18:00:00+00:00,1282.68,6341.11,3125.14,1045.28,1322.54,146.53,901.57,524.9617088809908,5175.046382302946,1968.8860694684975,988.822642118743,505.69335711353983,116.93416429568956,710.987995085854,485.40961665471394,4427.640215661185,1769.5389932032995,988.6486797514416,408.8096869510114,116.93271488280523,711.2412697147188,485.40961665471394,4427.640215661185,1769.5389932032995,988.6486797514416,408.8096869510114,116.93271488280523,711.2412697147188
2026-03-03 19:00:00+00:00,1279.12,6371.06,3136.92,1043.16,792.97,140.57,808.42,530.1625398582047,5088.094209174339,1998.083836826228,988.822642118743,520.9207750684104,116.93416429568956,713.3025016937113,485.40961665471394,4427.640215661185,1769.5389932032995,988.6486797514416,408.8096869510114,116.93271488280523,711.2412697147188,485.40961665471394,4427.640215661185,1769.5389932032995,988.6486797514416,408.8096869510114,116.93271488280523,711.2412697147188
2026-03-03 20:00:00+00:00,1280.0801,6434.82,2993.41,1062.55,264.47,124.39,794.72,535.9457117245205,4991.128022661569,2030.292413608579,988.822642118743,536.148193023281,116.93416429568956,715.9992091757916,485.40961665471394,4427.640215661185,1769.5389932032995,988.6486797514416,408.8096869510114,116.93271488280523,711.2412697147188,485.40961665471394,4427.640215661185,1769.5389932032995,988.6486797514416,408.8096869510114,116.93271488280523,711.2412697147188
2026-03-03 21:00:00+00:00,1276.72,6453.17,2903.05,1040.2,173.44,121.78,788.25,540.1709115565532,4908.645959526638,2052.989647815704,988.822642118743,551.3756109781515,116.93416429568956,717.8200652720708,485.40961665471394,4427.640215661185,1769.5389932032995,988.6486797514416,408.8096869510114,116.93271488280523,711.2412697147188,485.40961665471394,4427.640215661185,1769.5389932032995,988.6486797514416,408.8096869510114,116.93271488280523,711.2412697147188
2026-03-03 22:00:00+00:00,1276.5801,6487.37,2772.13,1052.27,139.82,123.19,783.11,540.7345042953932,4816.580837947199,2059.5504147895344,988.822642118743,566.6030289330221,116.93416429568956,718.9188666628825,485.40961665471394,4427.640215661185,1769.5389932032995,988.6486797514416,408.8096869510114,116.93271488280523,711.2412697147188,485.40961665471394,4427.640215661185,1769.5389932032995,988.6486797514416,408.8096869510114,116.93271488280523,711.2412697147188
2026-03-03 23:00:00+00:00,1243.45,6479.86,2679.33,1015.7,0.23000555,118.91,768.17,544.8153274982575,4794.555472179724,2079.766440610284,988.822642118743,581.8304468878927,116.93416429568956,720.0228923927631,485.40961665471394,4427.640215661185,1769.5389932032995,988.6486797514416,408.8096869510114,116.93271488280523,711.2412697147188,485.40961665471394,4427.640215661185,1769.5389932032995,988.6486797514416,408.8096869510114,116.93271488280523,711.2412697147188
2026-03-04 00:00:00+00:00,1215.53,6464.44,2657.89,1030.48,-5.431801e-06,120.63,771.14,548.3204494108695,4763.294303969535,2034.978931220097,988.822642118743,231.59983392586966,116.93416429568956,721.2578690910586,485.40961665471394,4427.640215661185,1769.5389932032995,988.6486797514416,408.8096869510114,116.93271488280523,711.2412697147188,485.40961665471394,4427.640215661185,1769.5389932032995,988.6486797514416,408.8096869510114,116.93271488280523,711.2412697147188
2026-03-04 01:00:00+00:00,1212.15,6488.25,2648.91,1039.68,-5.431801e-06,121.72,769.55,553.9025250895696,4742.533285301354,2065.2362863989915,988.822642118743,246.82725188074022,116.93416429568956,722.981798682027,485.40961665471394,4427.640215661185,1769.5389932032995,988.6486797514416,408.8096869510114,116.93271488280523,711.2412697147188,485.40961665471394,4427.640215661185,1769.5389932032995,988.6486797514416,408.8096869510114,116.93271488280523,711.2412697147188
2026-03-04 02:00:00+00:00,1207.19,6474.42,2659.01,1044.22,0.04003363,122.24,765.72,558.1754924903174,4752.2848143642805,2089.512026908049,988.822642118743,262.05466983561075,116.93416429568956,724.2347275411548,485.40961665471394,4427.640215661185,1769.5389932032995,988.6486797514416,408.8096869510114,116.93271488280523,711.2412697147188,485.40961665471394,4427.640215661185,1769.5389932032995,988.6486797514416,408.8096869510114,116.93271488280523,711.2412697147188
2026-03-04 03:00:00+00:00,1202.44,6590.95,2702.58,1035.82,93.48,121.26,765.23,563.4724759696048,4797.138625795949,2117.777665458687,988.822642118743,277.28208779048134,116.93416429568956,725.1208192849942,485.40961665471394,4427.640215661185,1769.5389932032995,988.6486797514416,408.8096869510114,116.93271488280523,711.2412697147188,485.40961665471394,4427.640215661185,1769.5389932032995,988.6486797514416,408.8096869510114,116.93271488280523,711.2412697147188
2026-03-04 04:00:00+00:00,1189.39,6625.12,2892.96,1029.21,205.28,120.52,780.66,569.0397973902795,4877.159552631781,2149.253304470879,988.822642118743,292.50950574535193,116.93416429568956,726.0989142695051,485.40961665471394,4427.640215661185,1769.5389932032995,988.6486797514416,408.8096869510114,116.93271488280523,711.2412697147188,485.40961665471394,4427.640215661185,1769.5389932032995,988.6486797514416,408.8096869510114,116.93271488280523,711.2412697147188
2026-03-04 05:00:00+00:00,1187.78,6775.59,3238.46,1028.6,820.71,144.58,780.56,581.1222375932758,5091.479231992098,2210.5200309193606,988.822642118743,307.7369237002225,116.93416429568956,727.2904340701258,485.40961665471394,4427.640215661185,1769.5389932032995,988.6486797514416,408.8096869510114,116.93271488280523,711.2412697147188,485.40961665471394,4427.640215661185,1769.5389932032995,988.6486797514416,408.8096869510114,116.93271488280523,711.2412697147188
2026-03-04 06:00:00+00:00,1116.58,6420.39,3170.04,1043.44,1203.24,146.32,771.07,587.531171752183,5151.876209727375,2243.2082545760904,988.822642118743,322.96434165509305,116.93416429568956,727.9848036195692,485.40961665471394,4427.640215661185,1769.5389932032995,988.6486797514416,408.8096869510114,116.93271488280523,711.2412697147188,485.40961665471394,4427.640215661185,1769.5389932032995,988.6486797514416,408.8096869510114,116.93271488280523,711.2412697147188
2026-03-04 07:00:00+00:00,940.63,6090.75,2930.25,1054.39,1037.6,147.75,730.64,579.9424255356237,4979.719581272749,2207.692364311585,988.822642118743,338.19175960996364,116.93416429568956,727.1818765713443,485.40961665471394,4427.640215661185,1769.5389932032995,988.6486797514416,408.8096869510114,116.93271488280523,711.2412697147188,485.40961665471394,4427.640215661185,1769.5389932032995,988.6486797514416,408.8096869510114,116.93271488280523,711.2412697147188
2026-03-04 08:00:00+00:00,693.97,5468.07,2463.39,1028.17,172.01,144.53,719.17,558.4963212999097,4703.727938616772,2103.480454818883,988.822642118743,353.4191775648342,116.93416429568956,723.8052171334516,485.40961665471394,4427.640215661185,1769.5389932032995,988.6486797514416,408.8096869510114,116.93271488280523,711.2412697147188,485.40961665471394,4427.640215661185,1769.5389932032995,988.6486797514416,408.8096869510114,116.93271488280523,711.2412697147188
2026-03-04 09:00:00+00:00,637.39,4095.01,1681.88,1030.4,-5.431801e-06,121.01,698.83,534.0425903198123,4454.262641779226,1984.2076027665753,988.822642118743,368.64659551970476,116.93416429568956,719.7604323736311,485.40961665471394,4427.640215661185,1769.5389932032995,988.6486797514416,408.8096869510114,116.93271488280523,711.2412697147188,485.40961665471394,4427.640215661185,1769.5389932032995,988.6486797514416,408.8096869510114,116.93271488280523,711.2412697147188
2026-03-04 10:00:00+00:00,615.89,3545.65,1478.94,1024.79,-5.431801e-06,119.97,690.34,514.5627071137448,4282.626077734349,1887.1943837934014,988.822642118743,383.87401347457535,116.93416429568956,715.8768583917562,485.40961665471394,4427.640215661185,1769.5389932032995,988.6486797514416,408.8096869510114,116.93271488280523,711.2412697147188,485.40961665471394,4427.640215661185,1769.5389932032995,988.6486797514416,408.8096869510114,116.93271488280523,711.2412697147188
2026-03-04 11:00:00+00:00,546.46,3489.55,1398.78,1029.59,-5.431801e-06,120.53,686.39,500.26325866279865,4196.025903233431,1816.6432900511895,988.822642118743,399.1014314294459,116.93416429568956,712.7347699676776,485.40961665471394,4427.640215661185,1769.5389932032995,988.6486797514416,408.8096869510114,116.93271488280523,711.2412697147188,485.40961665471394,4427.640215661185,1769.5389932032995,988.6486797514416,408.8096869510114,116.93271488280523,711.2412697147188
2026-03-04 12:00:00+00:00,477.97,3564.63,1444.92,1033.92,-5.431801e-06,121.04,684.17,492.19564491882596,4187.9411949695395,1778.5186559808647,988.822642118743,414.32884938431647,116.93416429568956,710.6603744548989,485.40961665471394,4427.640215661185,1769.5389932032995,988.6486797514416,408.8096869510114,116.93271488280523,711.2412697147188,485.40961665471394,4427.640215661185,1769.5389932032995,988.6486797514416,408.8096869510114,116.93271488280523,711.2412697147188
2026-03-04 13:00:00+00:00,477.19,4032.16,1541.97,1037.64,-5.431801e-06,121.48,694.52,487.4420477717471,4251.530367692422,1760.0073704635167,988.822642118743,429.556267339187,116.93416429568956,709.0105971746378,485.40961665471394,4427.640215661185,1769.5389932032995,988.6486797514416,408.8096869510114,116.93271488280523,711.2412697147188,485.40961665471394,4427.640215661185,1769.5389932032995,988.6486797514416,408.8096869510114,116.93271488280523,711.2412697147188
2026-03-04 14:00:00+00:00,743.22,6121.14,2021.1,1058.93,-5.431801e-06,124.03,708.42,491.5623650917059,4486.111097153108,1785.8670887889102,988.822642118743,444.7836852940576,116.93416429568956,708.5021555421017,485.40961665471394,4427.640215661185,1769.5389932032995,988.6486797514416,408.8096869510114,116.93271488280523,711.2412697147188,485.40961665471394,4427.640215661185,1769.5389932032995,988.6486797514416,408.8096869510114,116.93271488280523,711.2412697147188
2026-03-04 15:00:00+00:00,1052.19,6959.73,2518.05,1090.69,389.29,151.85,712.72,501.81673439615776,4846.543612002935,1842.8564050088794,988.822642118743,460.0111032489282,116.93416429568956,709.014800543431,485.40961665471394,4427.640215661185,1769.5389932032995,988.6486797514416,408.8096869510114,116.93271488280523,711.2412697147188,485.40961665471394,4427.640215661185,1769.5389932032995,988.6486797514416,408.8096869510114,116.93271488280523,711.2412697147188
2026-03-04 16:00:00+00:00,1124.36,7107.49,2962.92,1079.85,1155.02,150.57,786.59,519.9847792730521,5198.059095985402,1937.959422962979,988.822642118743,475.2385212037987,116.93416429568956,711.179313521013,485.40961665471394,4427.640215661185,1769.5389932032995,988.6486797514416,408.8096869510114,116.93271488280523,711.2412697147188,485.40961665471394,4427.640215661185,1769.5389932032995,988.6486797514416,408.8096869510114,116.93271488280523,711.2412697147188
2026-03-04 17:00:00+00:00,1146.3,7165.78,3207.69,1077.37,1460.15,150.29,915.75,540.8909748032119,5262.812899708243,2045.773789805411,988.822642118743,490.46593915866924,116.93416429568956,716.0486290458754,485.40961665471394,4427.640215661185,1769.5389932032995,988.6486797514416,408.8096869510114,116.93271488280523,711.2412697147188,485.40961665471394,4427.640215661185,1769.5389932032995,988.6486797514416,408.8096869510114,116.93271488280523,711.2412697147188
2026-03-04 18:00:00+00:00,1144.69,7187.45,3223.03,1069.42,1277.37,149.36,841.84,533.5634392486882,5208.531178791359,2013.071886339368,988.822642118743,505.69335711353983,116.93416429568956,714.4188183274667,485.40961665471394,4427.640215661185,1769.5389932032995,988.6486797514416,408.8096869510114,116.93271488280523,711.2412697147188,485.40961665471394,4427.640215661185,1769.5389932032995,988.6486797514416,408.8096869510114,116.93271488280523,711.2412697147188
2026-03-04 19:00:00+00:00,1141.26,7164.65,3173.76,1067.7,823.76,149.16,761.71,541.5838643096597,5100.142519833922,2055.2367392022734,988.822642118743,520.9207750684104,116.93416429568956,717.4587237834623,485.40961665471394,4427.640215661185,1769.5389932032995,988.6486797514416,408.8096869510114,116.93271488280523,711.2412697147188,485.40961665471394,4427.640215661185,1769.5389932032995,988.6486797514416,408.8096869510114,116.93271488280523,711.2412697147188
2026-03-04 20:00:00+00:00,1143.43,7163.42,3009.98,1062.69,324.42,124.82,762.63,546.7727498204811,4975.922078476287,2085.348994552368,988.822642118743,536.148193023281,116.93416429568956,720.003832556707,485.40961665471394,4427.640215661185,1769.5389932032995,988.6486797514416,408.8096869510114,116.93271488280523,711.2412697147188,485.40961665471394,4427.640215661185,1769.5389932032995,988.6486797514416,408.8096869510114,116.93271488280523,711.2412697147188
2026-03-04 21:00:00+00:00,1143.86,7123.53,2827.42,1060.76,118.11001,124.19,759.73,552.8968807790786,4879.562519650074,2118.448948189843,988.822642118743,551.3756109781515,116.93416429568956,722.4872910342034,485.40961665471394,4427.640215661185,1769.5389932032995,988.6486797514416,408.8096869510114,116.93271488280523,711.2412697147188,485.40961665471394,4427.640215661185,1769.5389932032995,988.6486797514416,408.8096869510114,116.93271488280523,711.2412697147188
2026-03-04 22:00:00+00:00,1124.09,7140.8,2617.78,1059.64,97.26998,124.05,765.47,556.7993413522477,4790.064244455937,2141.9263591586237,988.822642118743,566.6030289330221,116.93416429568956,724.5219338881119,485.40961665471394,4427.640215661185,1769.5389932032995,988.6486797514416,408.8096869510114,116.93271488280523,711.2412697147188,485.40961665471394,4427.640215661185,1769.5389932032995,988.6486797514416,408.8096869510114,116.93271488280523,711.2412697147188
2026-03-04 23:00:00+00:00,1081.64,7141.68,2275.33,1041.94,46.999996,121.99,752.43,558.4837569595014,4704.16086299997,2154.2092354096676,988.822642118743,581.8304468878927,116.93416429568956,725.915474466236,485.40961665471394,4427.640215661185,1769.5389932032995,988.6486797514416,408.8096869510114,116.93271488280523,711.2412697147188,485.40961665471394,4427.640215661185,1769.5389932032995,988.6486797514416,408.8096869510114,116.93271488280523,711.2412697147188
2026-03-05 00:00:00+00:00,1042.72,7079.76,2137.97,1027.11,68.679985,120.25,752.42,559.7530915803897,4649.605661384542,2099.282544588915,988.822642118743,231.59983392586966,116.93416429568956,726.9975566522452,485.40961665471394,4427.640215661185,1769.5389932032995,988.6486797514416,408.8096869510114,116.93271488280523,711.2412697147188,485.40961665471394,4427.640215661185,1769.5389932032995,988.6486797514416,408.8096869510114,116.93271488280523,711.2412697147188
2026-03-05 01:00:00+00:00,1034.44,7072.98,2112.89,1039.25,61.64999,121.66,755.69,564.3172261496048,4633.047162632471,2124.757152772806,988.822642118743,246.82725188074022,116.93416429568956,728.3511519397596,485.40961665471394,4427.640215661185,1769.5389932032995,988.6486797514416,408.8096869510114,116.93271488280523,711.2412697147188,485.40961665471394,4427.640215661185,1769.5389932032995,988.6486797514416,408.8096869510114,116.93271488280523,711.2412697147188
2026-03-05 02:00:00+00:00,1032.42,7075.33,2128.26,1039.74,61.860012,121.73,756.06,566.5472807923777,4625.768443420151,2138.3002349556255,988.822642118743,262.05466983561075,116.93416429568956,728.9984572350377,485.40961665471394,4427.640215661185,1769.5389932032995,988.6486797514416,408.8096869510114,116.93271488280523,711.2412697147188,485.40961665471394,4427.640215661185,1769.5389932032995,988.6486797514416,408.8096869510114,116.93271488280523,711.2412697147188
2026-03-05 03:00:00+00:00,1055.53,7094.87,2333.9,1021.91,36.219997,119.63,789.99,570.9146116002461,4667.063366333725,2160.059380340956,988.822642118743,277.28208779048134,116.93416429568956,729.4017295466109,485.40961665471394,4427.640215661185,1769.5389932032995,988.6486797514416,408.8096869510114,116.93271488280523,711.2412697147188,485.40961665471394,4427.640215661185,1769.5389932032995,988.6486797514416,408.8096869510114,116.93271488280523,711.2412697147188
2026-03-05 04:00:00+00:00,1070.98,7158.43,2667.76,1036.6,52.490017,132.33,789.8,575.236646184447,4749.797718526887,2183.027264377659,988.822642118743,292.50950574535193,116.93416429568956,729.7608298348306,485.40961665471394,4427.640215661185,1769.5389932032995,988.6486797514416,408.8096869510114,116.93271488280523,711.2412697147188,485.40961665471394,4427.640215661185,1769.5389932032995,988.6486797514416,408.8096869510114,116.93271488280523,711.2412697147188
2026-03-05 05:00:00+00:00,1085.93,7056.9,3001.95,1044.72,563.93,146.47,794.64,583.958248801912,4889.8122832842455,2229.278281126578,988.822642118743,307.7369237002225,116.93416429568956,730.2958529292806,485.40961665471394,4427.640215661185,1769.5389932032995,988.6486797514416,408.8096869510114,116.93271488280523,711.2412697147188,485.40961665471394,4427.640215661185,1769.5389932032995,988.6486797514416,408.8096869510114,116.93271488280523,711.2412697147188
2026-03-05 06:00:00+00:00,1092.6,6612.0,2978.49,1027.84,683.71,144.49,795.94,587.8612830508603,4897.392135763937,2251.669441547365,988.822642118743,322.96434165509305,116.93416429568956,730.8460078707307,485.40961665471394,4427.640215661185,1769.5389932032995,988.6486797514416,408.8096869510114,116.93271488280523,711.2412697147188,485.40961665471394,4427.640215661185,1769.5389932032995,988.6486797514416,408.8096869510114,116.93271488280523,711.2412697147188
2026-03-05 07:00:00+00:00,1072.59,6169.13,2894.71,1033.05,485.61,145.09,797.57,579.8674357886945,4708.710357309627,2211.8841290065798,988.822642118743,338.19175960996364,116.93416429568956,729.5212486093925,485.40961665471394,4427.640215661185,1769.5389932032995,988.6486797514416,408.8096869510114,116.93271488280523,711.2412697147188,485.40961665471394,4427.640215661185,1769.5389932032995,988.6486797514416,408.8096869510114,116.93271488280523,711.2412697147188
2026-03-05 08:00:00+00:00,813.97,5279.12,2283.0,1025.02,32.12997,132.32,788.11,557.2860234815355,4472.507068671652,2100.923108703894,988.822642118743,353.4191775648342,116.93416429568956,725.4976505347826,485.40961665471394,4427.640215661185,1769.5389932032995,988.6486797514416,408.8096869510114,116.93271488280523,711.2412697147188,485.40961665471394,4427.640215661185,1769.5389932032995,988.6486797514416,408.8096869510114,116.93271488280523,711.2412697147188
2026-03-05 09:00:00+00:00,564.68,4595.47,1744.5,1030.76,-5.431801e-06,120.67,775.83,529.938633394082,4281.570746875709,1967.2275188122037,988.822642118743,368.64659551970476,116.93416429568956,720.4042720907705,485.40961665471394,4427.640215661185,1769.5389932032995,988.6486797514416,408.8096869510114,116.93271488280523,711.2412697147188,485.40961665471394,4427.640215661185,1769.5389932032995,988.6486797514416,408.8096869510114,116.93271488280523,711.2412697147188
2026-03-05 10:00:00+00:00,545.83,4305.83,1379.07,1002.32,-5.431801e-06,117.34,771.32,502.9332216221151,4112.991469278054,1835.6155228517005,988.822642118743,383.87401347457535,116.93416429568956,714.9598888536623,485.40961665471394,4427.640215661185,1769.5389932032995,988.6486797514416,408.8096869510114,116.93271488280523,711.2412697147188,485.40961665471394,4427.640215661185,1769.5389932032995,988.6486797514416,408.8096869510114,116.93271488280523,711.2412697147188
2026-03-05 11:00:00+00:00,532.13,3906.8,1188.87,1001.04,-5.431801e-06,117.2,730.37,482.63562819696944,4001.392569766637,1736.920518596856,988.822642118743,399.1014314294459,116.93416429568956,710.4721040669444,485.40961665471394,4427.640215661185,1769.5389932032995,988.6486797514416,408.8096869510114,116.93271488280523,711.2412697147188,485.40961665471394,4427.640215661185,1769.5389932032995,988.6486797514416,408.8096869510114,116.93271488280523,711.2412697147188
2026-03-05 12:00:00+00:00,524.52,3860.9,1160.98,1024.3,-5.431801e-06,119.91,723.89,469.5088841911404,4015.4309116834997,1672.1454989389304,988.822642118743,414.32884938431647,116.93416429568956,706.209837224987,485.40961665471394,4427.640215661185,1769.5389932032995,988.6486797514416,408.8096869510114,116.93271488280523,711.2412697147188,485.40961665471394,4427.640215661185,1769.5389932032995,988.6486797514416,408.8096869510114,116.93271488280523,711.2412697147188
2026-03-05 13:00:00+00:00,483.4,3997.44,1198.67,1012.74,16.890009,118.67,729.8,462.9994021276127,4124.539944572034,1644.9387024230139,988.822642118743,429.556267339187,116.93416429568956,703.9027710385868,485.40961665471394,4427.640215661185,1769.5389932032995,988.6486797514416,408.8096869510114,116.93271488280523,711.2412697147188,485.40961665471394,4427.640215661185,1769.5389932032995,988.6486797514416,408.8096869510114,116.93271488280523,711.2412697147188
2026-03-05 14:00:00+00:00,460.3,5383.44,1612.88,1024.7,18.369959,120.09,745.64,467.1287764406813,4366.24767929306,1670.1030156883323,988.822642118743,444.7836852940576,116.93416429568956,703.2303026943237,485.40961665471394,4427.640215661185,1769.5389932032995,988.6486797514416,408.8096869510114,116.93271488280523,711.2412697147188,485.40961665471394,4427.640215661185,1769.5389932032995,988.6486797514416,408.8096869510114,116.93271488280523,711.2412697147188
2026-03-05 15:00:00+00:00,523.18,6494.64,2339.7,1039.93,729.08,133.4,758.91,479.84538505881,4675.615529434642,1738.6492457516192,988.822642118743,460.0111032489282,116.93416429568956,704.1555712565016,485.40961665471394,4427.640215661185,1769.5389932032995,988.6486797514416,408.8096869510114,116.93271488280523,711.2412697147188,485.40961665471394,4427.640215661185,1769.5389932032995,988.6486797514416,408.8096869510114,116.93271488280523,711.2412697147188
2026-03-05 16:00:00+00:00,539.89,7063.58,2647.04,1048.0,1319.0399,146.02,777.26,501.9928041882715,4950.493475148741,1853.2110092941514,988.822642118743,475.2385212037987,116.93416429568956,707.5723086020039,485.40961665471394,4427.640215661185,1769.5389932032995,988.6486797514416,408.8096869510114,116.93271488280523,711.2412697147188,485.40961665471394,4427.640215661185,1769.5389932032995,988.6486797514416,408.8096869510114,116.93271488280523,711.2412697147188
2026-03-05 17:00:00+00:00,540.34,7115.41,2964.01,1054.7,1300.38,146.8,801.05,522.0855619556099,4886.458998837285,1957.9758034857743,988.822642118743,490.46593915866924,116.93416429568956,712.5618670721494,485.40961665471394,4427.640215661185,1769.5389932032995,988.6486797514416,408.8096869510114,116.93271488280523,711.2412697147188,485.40961665471394,4427.640215661185,1769.5389932032995,988.6486797514416,408.8096869510114,116.93271488280523,711.2412697147188
2026-03-05 18:00:00+00:00,538.57,7091.27,3029.59,1035.79,1024.51,144.59,809.05,523.2218640180541,4711.112007857813,1967.7261932151816,988.822642118743,505.69335711353983,116.93416429568956,713.405833712279,485.40961665471394,4427.640215661185,1769.5389932032995,988.6486797514416,408.8096869510114,116.93271488280523,711.2412697147188,485.40961665471394,4427.640215661185,1769.5389932032995,988.6486797514416,408.8096869510114,116.93271488280523,711.2412697147188
2026-03-05 19:00:00+00:00,538.13,7080.38,2950.52,1029.71,202.7,143.88,810.03,526.9107586709679,4572.105818651552,1987.9556121416385,988.822642118743,520.9207750684104,116.93416429568956,715.1377023887788,485.40961665471394,4427.640215661185,1769.5389932032995,988.6486797514416,408.8096869510114,116.93271488280523,711.2412697147188,485.40961665471394,4427.640215661185,1769.5389932032995,988.6486797514416,408.8096869510114,116.93271488280523,711.2412697147188
2026-03-05 20:00:00+00:00,539.08,7108.5,2670.05,1025.89,97.02999,132.01,788.32,532.4414064512011,4482.351173553252,2017.925878139814,988.822642118743,536.148193023281,116.93416429568956,717.2697503816834,485.40961665471394,4427.640215661185,1769.5389932032995,988.6486797514416,408.8096869510114,116.93271488280523,711.2412697147188,485.40961665471394,4427.640215661185,1769.5389932032995,988.6486797514416,408.8096869510114,116.93271488280523,711.2412697147188
2026-03-05 21:00:00+00:00,541.65,7142.59,2534.32,1031.23,58.749996,120.82,794.76,537.3337716333207,4452.833932209009,2043.6663197249177,988.822642118743,551.3756109781515,116.93416429568956,719.1394744321196,485.40961665471394,4427.640215661185,1769.5389932032995,988.6486797514416,408.8096869510114,116.93271488280523,711.2412697147188,485.40961665471394,4427.640215661185,1769.5389932032995,988.6486797514416,408.8096869510114,116.93271488280523,711.2412697147188
2026-03-05 22:00:00+00:00,542.6,7129.19,2263.51,1026.1,49.070004,120.22,774.88,541.1865640637244,4437.0781734875745,2064.864419343236,988.822642118743,566.6030289330221,116.93416429568956,720.7425743242812,485.40961665471394,4427.640215661185,1769.5389932032995,988.6486797514416,408.8096869510114,116.93271488280523,711.2412697147188,485.40961665471394,4427.640215661185,1769.5389932032995,988.6486797514416,408.8096869510114,116.93271488280523,711.2412697147188
2026-03-05 23:00:00+00:00,521.06,7127.24,2220.67,1021.26,0.17995672,119.65,771.41,544.8792087082114,4450.298035636992,2084.564196635291,988.822642118743,581.8304468878927,116.93416429568956,721.9719255374159,485.40961665471394,4427.640215661185,1769.5389932032995,988.6486797514416,408.8096869510114,116.93271488280523,711.2412697147188,485.40961665471394,4427.640215661185,1769.5389932032995,988.6486797514416,408.8096869510114,116.93271488280523,711.2412697147188
2026-03-06 00:00:00+00:00,516.16,7112.77,2172.2,1015.97,0.04003363,119.03,768.42,547.7781524916899,4480.606604198164,2035.6207898974137,988.822642118743,231.59983392586966,116.93416429568956,722.9490759219799,485.40961665471394,4427.640215661185,1769.5389932032995,988.6486797514416,408.8096869510114,116.93271488280523,711.2412697147188,485.40961665471394,4427.640215661185,1769.5389932032995,988.6486797514416,408.8096869510114,116.93271488280523,711.2412697147188
2026-03-06 01:00:00+00:00,737.65,7055.76,2198.73,1020.44,-5.431801e-06,119.56,761.32,553.3443576394418,4538.435940443669,2065.633673087159,988.822642118743,246.82725188074022,116.93416429568956,724.5044286655537,485.40961665471394,4427.640215661185,1769.5389932032995,988.6486797514416,408.8096869510114,116.93271488280523,711.2412697147188,485.40961665471394,4427.640215661185,1769.5389932032995,988.6486797514416,408.8096869510114,116.93271488280523,711.2412697147188
2026-03-06 02:00:00+00:00,885.87006,7135.63,2237.17,1022.13,-5.431801e-06,119.76,775.11,560.5267772784196,4627.855227600952,2102.315158740418,988.822642118743,262.05466983561075,116.93416429568956,725.9525884869198,485.40961665471394,4427.640215661185,1769.5389932032995,988.6486797514416,408.8096869510114,116.93271488280523,711.2412697147188,485.40961665471394,4427.640215661185,1769.5389932032995,988.6486797514416,408.8096869510114,116.93271488280523,711.2412697147188
2026-03-06 03:00:00+00:00,921.67,7162.23,2346.62,1023.67,142.23001,119.94,787.67,567.4834376163036,4716.784837705818,2138.747027636526,988.822642118743,277.28208779048134,116.93416429568956,727.2058481018921,485.40961665471394,4427.640215661185,1769.5389932032995,988.6486797514416,408.8096869510114,116.93271488280523,711.2412697147188,485.40961665471394,4427.640215661185,1769.5389932032995,988.6486797514416,408.8096869510114,116.93271488280523,711.2412697147188
2026-03-06 04:00:00+00:00,919.6501,7140.82,2529.79,1021.87,367.22,125.81,805.37,575.4091473950218,4852.513358253766,2178.458934542909,988.822642118743,292.50950574535193,116.93416429568956,728.0488128807522,485.40961665471394,4427.640215661185,1769.5389932032995,988.6486797514416,408.8096869510114,116.93271488280523,711.2412697147188,485.40961665471394,4427.640215661185,1769.5389932032995,988.6486797514416,408.8096869510114,116.93271488280523,711.2412697147188
2026-03-06 05:00:00+00:00,888.58,6608.9,2820.71,1013.66,1168.17,141.99,819.2,586.8481755459491,5054.714959715933,2235.881831650652,988.822642118743,307.7369237002225,116.93416429568956,728.8123934847014,485.40961665471394,4427.640215661185,1769.5389932032995,988.6486797514416,408.8096869510114,116.93271488280523,711.2412697147188,485.40961665471394,4427.640215661185,1769.5389932032995,988.6486797514416,408.8096869510114,116.93271488280523,711.2412697147188
2026-03-06 06:00:00+00:00,979.91,6413.33,2936.68,1011.5,1215.17,141.82,792.31,588.9379787313991,5071.496248712148,2249.7200285333747,988.822642118743,322.96434165509305,116.93416429568956,728.8724798480365,485.40961665471394,4427.640215661185,1769.5389932032995,988.6486797514416,408.8096869510114,116.93271488280523,711.2412697147188,485.40961665471394,4427.640215661185,1769.5389932032995,988.6486797514416,408.8096869510114,116.93271488280523,711.2412697147188
2026-03-06 07:00:00+00:00,1001.79,5002.74,2840.14,1037.56,658.35,144.8,778.46,579.1342364382172,4852.95076917422,2202.8161613670563,988.822642118743,338.19175960996364,116.93416429568956,727.2631045948492,485.40961665471394,4427.640215661185,1769.5389932032995,988.6486797514416,408.8096869510114,116.93271488280523,711.2412697147188,485.40961665471394,4427.640215661185,1769.5389932032995,988.6486797514416,408.8096869510114,116.93271488280523,711.2412697147188
2026-03-06 08:00:00+00:00,1009.38,4276.18,2469.71,1008.77,24.810022,136.05,763.54,553.3357017856695,4536.898179289228,2079.135593727047,988.822642118743,353.4191775648342,116.93416429568956,722.8582793925076,485.40961665471394,4427.640215661185,1769.5389932032995,988.6486797514416,408.8096869510114,116.93271488280523,711.2412697147188,485.40961665471394,4427.640215661185,1769.5389932032995,988.6486797514416,408.8096869510114,116.93271488280523,711.2412697147188
2026-03-06 09:00:00+00:00,949.06006,3863.93,1848.18,1001.21,-5.431801e-06,117.34,755.33,525.4851482585158,4328.975533043591,1943.064774421282,988.822642118743,368.64659551970476,116.93416429568956,717.4227983141319,485.40961665471394,4427.640215661185,1769.5389932032995,988.6486797514416,408.8096869510114,116.93271488280523,711.2412697147188,485.40961665471394,4427.640215661185,1769.5389932032995,988.6486797514416,408.8096869510114,116.93271488280523,711.2412697147188
2026-03-06 10:00:00+00:00,832.11,3468.44,1348.28,1002.19,-5.431801e-06,117.45,744.41,502.71649960225017,4219.403456075923,1828.4722109901027,988.822642118743,383.87401347457535,116.93416429568956,712.0972351151146,485.40961665471394,4427.640215661185,1769.5389932032995,988.6486797514416,408.8096869510114,116.93271488280523,711.2412697147188,485.40961665471394,4427.640215661185,1769.5389932032995,988.6486797514416,408.8096869510114,116.93271488280523,711.2412697147188
2026-03-06 11:00:00+00:00,822.05,3465.8,1322.89,1003.85,-5.431801e-06,117.66,731.3,484.7973975994352,4144.819713925546,1740.0819724275243,988.822642118743,399.1014314294459,116.93416429568956,707.640536158056,485.40961665471394,4427.640215661185,1769.5389932032995,988.6486797514416,408.8096869510114,116.93271488280523,711.2412697147188,485.40961665471394,4427.640215661185,1769.5389932032995,988.6486797514416,408.8096869510114,116.93271488280523,711.2412697147188
2026-03-06 12:00:00+00:00,811.39,3617.64,1297.34,991.61,-5.431801e-06,116.23,732.98,466.4682891416748,4149.190581513159,1653.116116394243,988.822642118743,414.32884938431647,116.93416429568956,702.9162050563561,485.40961665471394,4427.640215661185,1769.5389932032995,988.6486797514416,408.8096869510114,116.93271488280523,711.2412697147188,485.40961665471394,4427.640215661185,1769.5389932032995,988.6486797514416,408.8096869510114,116.93271488280523,711.2412697147188
2026-03-06 13:00:00+00:00,857.2,3841.62,1377.98,990.28,-5.431801e-06,116.07,732.85,458.8920842631764,4236.995391029386,1621.5780854286759,988.822642118743,429.556267339187,116.93416429568956,700.5699242848054,485.40961665471394,4427.640215661185,1769.5389932032995,988.6486797514416,408.8096869510114,116.93271488280523,711.2412697147188,485.40961665471394,4427.640215661185,1769.5389932032995,988.6486797514416,408.8096869510114,116.93271488280523,711.2412697147188
2026-03-06 14:00:00+00:00,955.42004,4519.69,1832.45,994.47,0.010004334,116.47,761.45,460.920560706747,4490.556098159223,1637.9297483242472,988.822642118743,444.7836852940576,116.93416429568956,699.8217177894726,485.40961665471394,4427.640215661185,1769.5389932032995,988.6486797514416,408.8096869510114,116.93271488280523,711.2412697147188,485.40961665471394,4427.640215661185,1769.5389932032995,988.6486797514416,408.8096869510114,116.93271488280523,711.2412697147188
2026-03-06 15:00:00+00:00,959.4,6345.52,2531.84,1002.06,646.79,128.66,799.61,471.89874454565853,4845.365204403618,1697.2965933674077,988.822642118743,460.0111032489282,116.93416429568956,700.5923629984441,485.40961665471394,4427.640215661185,1769.5389932032995,988.6486797514416,408.8096869510114,116.93271488280523,711.2412697147188,485.40961665471394,4427.640215661185,1769.5389932032995,988.6486797514416,408.8096869510114,116.93271488280523,711.2412697147188
2026-03-06 16:00:00+00:00,986.61,7055.42,2951.23,1001.51,1384.98,140.58,866.37,491.20897416445456,5135.384731021874,1797.2803893061837,988.822642118743,475.2385212037987,116.93416429568956,704.0256059479757,485.40961665471394,4427.640215661185,1769.5389932032995,988.6486797514416,408.8096869510114,116.93271488280523,711.2412697147188,485.40961665471394,4427.640215661185,1769.5389932032995,988.6486797514416,408.8096869510114,116.93271488280523,711.2412697147188
2026-03-06 17:00:00+00:00,991.83,7145.46,3109.73,1011.72,1542.96,141.77,871.35,513.4684223813175,5205.183074085294,1908.4138706422518,988.822642118743,490.46593915866924,116.93416429568956,708.9404941120025,485.40961665471394,4427.640215661185,1769.5389932032995,988.6486797514416,408.8096869510114,116.93271488280523,711.2412697147188,485.40961665471394,4427.640215661185,1769.5389932032995,988.6486797514416,408.8096869510114,116.93271488280523,711.2412697147188
2026-03-06 18:00:00+00:00,993.62,7144.49,3164.17,1011.48,1492.17,141.74,873.53,518.9993299502615,5121.3390176719095,1937.7740183795731,988.822642118743,505.69335711353983,116.93416429568956,710.420205229323,485.40961665471394,4427.640215661185,1769.5389932032995,988.6486797514416,408.8096869510114,116.93271488280523,711.2412697147188,485.40961665471394,4427.640215661185,1769.5389932032995,988.6486797514416,408.8096869510114,116.93271488280523,711.2412697147188
2026-03-06 19:00:00+00:00,990.23,7138.26,3127.42,1007.39,1265.66,141.26,880.4,523.4150709668489,4993.115610664616,1962.5824044688227,988.822642118743,520.9207750684104,116.93416429568956,712.528966483525,485.40961665471394,4427.640215661185,1769.5389932032995,988.6486797514416,408.8096869510114,116.93271488280523,711.2412697147188,485.40961665471394,4427.640215661185,1769.5389932032995,988.6486797514416,408.8096869510114,116.93271488280523,711.2412697147188
2026-03-06 20:00:00+00:00,991.81,7138.03,3038.18,1001.49,794.99,129.54,885.78,529.8348379446942,4908.141572311281,1997.2114190868556,988.822642118743,536.148193023281,116.93416429568956,715.1722411992175,485.40961665471394,4427.640215661185,1769.5389932032995,988.6486797514416,408.8096869510114,116.93271488280523,711.2412697147188,485.40961665471394,4427.640215661185,1769.5389932032995,988.6486797514416,408.8096869510114,116.93271488280523,711.2412697147188
2026-03-06 21:00:00+00:00,999.41,7166.83,2831.13,992.62,223.05,116.3,878.39,534.7051924913802,4836.006143721427,2024.873207782807,988.822642118743,551.3756109781515,116.93416429568956,717.407727286817,485.40961665471394,4427.640215661185,1769.5389932032995,988.6486797514416,408.8096869510114,116.93271488280523,711.2412697147188,485.40961665471394,4427.640215661185,1769.5389932032995,988.6486797514416,408.8096869510114,116.93271488280523,711.2412697147188
2026-03-06 22:00:00+00:00,998.52,7156.94,2632.6,985.16,-5.431801e-06,115.43,849.12,539.2074885102991,4783.370605876233,2049.1676962854076,988.822642118743,566.6030289330221,116.93416429568956,719.2158068524517,485.40961665471394,4427.640215661185,1769.5389932032995,988.6486797514416,408.8096869510114,116.93271488280523,711.2412697147188,485.40961665471394,4427.640215661185,1769.5389932032995,988.6486797514416,408.8096869510114,116.93271488280523,711.2412697147188
2026-03-06 23:00:00+00:00,1005.32,7120.66,2598.84,988.36,-5.431801e-06,115.8,838.14,542.8924044620394,4739.104884205776,2070.538118665769,988.822642118743,581.8304468878927,116.93416429568956,721.0234352555239,485.40961665471394,4427.640215661185,1769.5389932032995,988.6486797514416,408.8096869510114,116.93271488280523,711.2412697147188,485.40961665471394,4427.640215661185,1769.5389932032995,988.6486797514416,408.8096869510114,116.93271488280523,711.2412697147188
2026-03-07 00:00:00+00:00,1006.34,7130.4,2551.14,992.67,-5.431801e-06,116.31,837.62,546.8078978097302,4703.71229258873,2028.9329179964034,988.822642118743,231.59983392586966,116.93416429568956,722.7309085573202,485.40961665471394,4427.640215661185,1769.5389932032995,988.6486797514416,408.8096869510114,116.93271488280523,711.2412697147188,485.40961665471394,4427.640215661185,1769.5389932032995,988.6486797514416,408.8096869510114,116.93271488280523,711.2412697147188
2026-03-07 01:00:00+00:00,1009.19,7121.72,2555.87,997.49,-5.431801e-06,116.87,834.94,550.394304508723,4696.382798338818,2050.9089809119887,988.822642118743,246.82725188074022,116.93416429568956,724.276688152911,485.40961665471394,4427.640215661185,1769.5389932032995,988.6486797514416,408.8096869510114,116.93271488280523,711.2412697147188,485.40961665471394,4427.640215661185,1769.5389932032995,988.6486797514416,408.8096869510114,116.93271488280523,711.2412697147188
2026-03-07 02:00:00+00:00,1006.2,7107.99,2522.87,995.39,106.08001,116.62,828.62,555.4525702036334,4724.652868738711,2078.3005226780715,988.822642118743,262.05466983561075,116.93416429568956,725.4532928991155,485.40961665471394,4427.640215661185,1769.5389932032995,988.6486797514416,408.8096869510114,116.93271488280523,711.2412697147188,485.40961665471394,4427.640215661185,1769.5389932032995,988.6486797514416,408.8096869510114,116.93271488280523,711.2412697147188
2026-03-07 03:00:00+00:00,1004.22,7108.2,2548.0,991.96,36.550014,116.22,830.21,560.4480620411208,4754.9564485537685,2105.7540952472723,988.822642118743,277.28208779048134,116.93416429568956,726.6138305618992,485.40961665471394,4427.640215661185,1769.5389932032995,988.6486797514416,408.8096869510114,116.93271488280523,711.2412697147188,485.40961665471394,4427.640215661185,1769.5389932032995,988.6486797514416,408.8096869510114,116.93271488280523,711.2412697147188
2026-03-07 04:00:00+00:00,1001.14,7170.82,2586.99,996.89,35.11999,116.81,853.39,564.8433669477512,4780.858999738082,2129.313878242333,988.822642118743,292.50950574535193,116.93416429568956,727.5318455858943,485.40961665471394,4427.640215661185,1769.5389932032995,988.6486797514416,408.8096869510114,116.93271488280523,711.2412697147188,485.40961665471394,4427.640215661185,1769.5389932032995,988.6486797514416,408.8096869510114,116.93271488280523,711.2412697147188
2026-03-07 05:00:00+00:00,998.04,6780.57,2507.68,1004.61,44.66003,117.72,836.37,570.0606449233205,4827.092505564726,2156.67426406036,988.822642118743,307.7369237002225,116.93416429568956,728.3340412907951,485.40961665471394,4427.640215661185,1769.5389932032995,988.6486797514416,408.8096869510114,116.93271488280523,711.2412697147188,485.40961665471394,4427.640215661185,1769.5389932032995,988.6486797514416,408.8096869510114,116.93271488280523,711.2412697147188
2026-03-07 06:00:00+00:00,996.97003,6258.48,2356.2,1008.5,258.8,118.16,808.72,571.1557433117962,4799.296755303209,2161.1202863386684,988.822642118743,322.96434165509305,116.93416429568956,728.3105614321619,485.40961665471394,4427.640215661185,1769.5389932032995,988.6486797514416,408.8096869510114,116.93271488280523,711.2412697147188,485.40961665471394,4427.640215661185,1769.5389932032995,988.6486797514416,408.8096869510114,116.93271488280523,711.2412697147188
2026-03-07 07:00:00+00:00,982.19,4990.4,2230.3,1017.51,0.8000129,119.21,782.2,560.8414105340279,4614.583323566552,2109.1108972329594,988.822642118743,338.19175960996364,116.93416429568956,726.41747828557,485.40961665471394,4427.640215661185,1769.5389932032995,988.6486797514416,408.8096869510114,116.93271488280523,711.2412697147188,485.40961665471394,4427.640215661185,1769.5389932032995,988.6486797514416,408.8096869510114,116.93271488280523,711.2412697147188
2026-03-07 08:00:00+00:00,713.48,3961.92,1754.47,1012.74,0.020044617,118.69,758.41,537.6598216147025,4364.237023234102,1994.2074987217165,988.822642118743,353.4191775648342,116.93416429568956,721.9302777878293,485.40961665471394,4427.640215661185,1769.5389932032995,988.6486797514416,408.8096869510114,116.93271488280523,711.2412697147188,485.40961665471394,4427.640215661185,1769.5389932032995,988.6486797514416,408.8096869510114,116.93271488280523,711.2412697147188
2026-03-07 09:00:00+00:00,440.24,3429.11,1234.6,997.06,-5.431801e-06,116.86,762.46,508.86418291294353,4165.552619965789,1851.6054810540875,988.822642118743,368.64659551970476,116.93416429568956,715.9277526698796,485.40961665471394,4427.640215661185,1769.5389932032995,988.6486797514416,408.8096869510114,116.93271488280523,711.2412697147188,485.40961665471394,4427.640215661185,1769.5389932032995,988.6486797514416,408.8096869510114,116.93271488280523,711.2412697147188
2026-03-07 10:00:00+00:00,437.22,3308.89,1149.61,1003.38,-5.431801e-06,117.58,758.12,482.3201978502541,4020.187700061844,1720.7686970732705,988.822642118743,383.87401347457535,116.93416429568956,710.0668231176834,485.40961665471394,4427.640215661185,1769.5389932032995,988.6486797514416,408.8096869510114,116.93271488280523,711.2412697147188,485.40961665471394,4427.640215661185,1769.5389932032995,988.6486797514416,408.8096869510114,116.93271488280523,711.2412697147188
2026-03-07 11:00:00+00:00,438.19,3192.38,1092.76,995.26,-5.431801e-06,116.63,769.28,463.85129944525033,3947.048285911624,1630.275102176297,988.822642118743,399.1014314294459,116.93416429568956,705.4344243209924,485.40961665471394,4427.640215661185,1769.5389932032995,988.6486797514416,408.8096869510114,116.93271488280523,711.2412697147188,485.40961665471394,4427.640215661185,1769.5389932032995,988.6486797514416,408.8096869510114,116.93271488280523,711.2412697147188
2026-03-07 12:00:00+00:00,442.66,3153.06,1082.63,992.39,-5.431801e-06,116.29,767.46,447.5747772526002,3984.035182421452,1551.343724484521,988.822642118743,414.32884938431647,116.93416429568956,700.8823482043134,485.40961665471394,4427.640215661185,1769.5389932032995,988.6486797514416,408.8096869510114,116.93271488280523,711.2412697147188,485.40961665471394,4427.640215661185,1769.5389932032995,988.6486797514416,408.8096869510114,116.93271488280523,711.2412697147188
2026-03-07 13:00:00+00:00,446.32,3355.54,1103.74,990.03,-5.431801e-06,116.02,762.34,440.34835969200276,4079.589188393117,1520.1821457966548,988.822642118743,429.556267339187,116.93416429568956,698.3990956061036,485.40961665471394,4427.640215661185,1769.5389932032995,988.6486797514416,408.8096869510114,116.93271488280523,711.2412697147188,485.40961665471394,4427.640215661185,1769.5389932032995,988.6486797514416,408.8096869510114,116.93271488280523,711.2412697147188
2026-03-07 14:00:00+00:00,681.37,4355.44,1508.04,999.65,-5.431801e-06,117.15,771.1,443.0640304202791,4318.952752040189,1539.6426996032815,988.822642118743,444.7836852940576,116.93416429568956,697.5917447051032,485.40961665471394,4427.640215661185,1769.5389932032995,988.6486797514416,408.8096869510114,116.93271488280523,711.2412697147188,485.40961665471394,4427.640215661185,1769.5389932032995,988.6486797514416,408.8096869510114,116.93271488280523,711.2412697147188
2026-03-07 15:00:00+00:00,998.58,5514.57,2159.58,1019.27,332.11,119.42,798.63,451.8504694430038,4655.722471190457,1591.232874695218,988.822642118743,460.0111032489282,116.93416429568956,697.9512142529765,485.40961665471394,4427.640215661185,1769.5389932032995,988.6486797514416,408.8096869510114,116.93271488280523,711.2412697147188,485.40961665471394,4427.640215661185,1769.5389932032995,988.6486797514416,408.8096869510114,116.93271488280523,711.2412697147188
2026-03-07 16:00:00+00:00,1046.4,5833.18,2492.74,1048.0,1197.01,134.41,822.19,470.4758435537626,4949.822277734193,1691.2994114194034,988.822642118743,475.2385212037987,116.93416429568956,700.8315338717193,485.40961665471394,4427.640215661185,1769.5389932032995,988.6486797514416,408.8096869510114,116.93271488280523,711.2412697147188,485.40961665471394,4427.640215661185,1769.5389932032995,988.6486797514416,408.8096869510114,116.93271488280523,711.2412697147188
2026-03-07 17:00:00+00:00,1043.33,5843.88,2629.12,1066.84,1491.72,148.22,830.36,492.7066574423489,5026.729150021039,1806.2298704565042,988.822642118743,490.46593915866924,116.93416429568956,706.0145760750769,485.40961665471394,4427.640215661185,1769.5389932032995,988.6486797514416,408.8096869510114,116.93271488280523,711.2412697147188,485.40961665471394,4427.640215661185,1769.5389932032995,988.6486797514416,408.8096869510114,116.93271488280523,711.2412697147188
2026-03-07 18:00:00+00:00,1042.41,5965.24,2660.6,1051.75,1338.47,146.46,838.77,497.4272104992956,4962.068733605024,1834.4797971872651,988.822642118743,505.69335711353983,116.93416429568956,707.809857017602,485.40961665471394,4427.640215661185,1769.5389932032995,988.6486797514416,408.8096869510114,116.93271488280523,711.2412697147188,485.40961665471394,4427.640215661185,1769.5389932032995,988.6486797514416,408.8096869510114,116.93271488280523,711.2412697147188
2026-03-07 19:00:00+00:00,1045.21,6115.59,2697.75,1040.78,1032.02,145.18,847.82,501.63257676423757,4859.545351194294,1858.5027518075576,988.822642118743,520.9207750684104,116.93416429568956,709.5977531501024,485.40961665471394,4427.640215661185,1769.5389932032995,988.6486797514416,408.8096869510114,116.93271488280523,711.2412697147188,485.40961665471394,4427.640215661185,1769.5389932032995,988.6486797514416,408.8096869510114,116.93271488280523,711.2412697147188
2026-03-07 20:00:00+00:00,1042.01,5997.06,2753.64,1022.36,845.16,131.59,861.06,508.4802335575329,4782.349838185362,1895.2562000152366,988.822642118743,536.148193023281,116.93416429568956,711.9367969876067,485.40961665471394,4427.640215661185,1769.5389932032995,988.6486797514416,408.8096869510114,116.93271488280523,711.2412697147188,485.40961665471394,4427.640215661185,1769.5389932032995,988.6486797514416,408.8096869510114,116.93271488280523,711.2412697147188
2026-03-07 21:00:00+00:00,1044.82,5994.19,2682.1,1016.12,653.5,119.05,828.76,514.7929394490307,4744.784215806999,1929.0282626044252,988.822642118743,551.3756109781515,116.93416429568956,713.8177087912769,485.40961665471394,4427.640215661185,1769.5389932032995,988.6486797514416,408.8096869510114,116.93271488280523,711.2412697147188,485.40961665471394,4427.640215661185,1769.5389932032995,988.6486797514416,408.8096869510114,116.93271488280523,711.2412697147188
2026-03-07 22:00:00+00:00,1046.91,5894.6,2491.89,1002.25,216.9,117.44,817.72,518.1799049116617,4688.5270837982725,1948.4096800060522,988.822642118743,566.6030289330221,116.93416429568956,715.264317940481,485.40961665471394,4427.640215661185,1769.5389932032995,988.6486797514416,408.8096869510114,116.93271488280523,711.2412697147188,485.40961665471394,4427.640215661185,1769.5389932032995,988.6486797514416,408.8096869510114,116.93271488280523,711.2412697147188
2026-03-07 23:00:00+00:00,1048.03,5765.56,2345.68,1001.92,1.0800116,117.39,819.45,521.0196036910027,4645.929145003427,1965.4313063298214,988.822642118743,581.8304468878927,116.93416429568956,716.6088545550696,485.40961665471394,4427.640215661185,1769.5389932032995,988.6486797514416,408.8096869510114,116.93271488280523,711.2412697147188,485.40961665471394,4427.640215661185,1769.5389932032995,988.6486797514416,408.8096869510114,116.93271488280523,711.2412697147188
2026-03-08 00:00:00+00:00,1047.95,5770.05,2359.35,997.77,-5.431801e-06,116.91,822.1,517.4657372001896,4556.334663066578,1891.2618777343416,988.822642118743,231.59983392586966,116.93416429568956,717.304789521023,485.40961665471394,4427.640215661185,1769.5389932032995,988.6486797514416,408.8096869510114,116.93271488280523,711.2412697147188,485.40961665471394,4427.640215661185,1769.5389932032995,988.6486797514416,408.8096869510114,116.93271488280523,711.2412697147188
2026-03-08 01:00:00+00:00,1045.95,5781.85,2382.83,999.54,-5.431801e-06,117.11,821.99,525.7909167894904,4616.720635469752,1929.7251026078357,988.822642118743,246.82725188074022,116.93416429568956,718.2043000493658,485.40961665471394,4427.640215661185,1769.5389932032995,988.6486797514416,408.8096869510114,116.93271488280523,711.2412697147188,485.40961665471394,4427.640215661185,1769.5389932032995,988.6486797514416,408.8096869510114,116.93271488280523,711.2412697147188
2026-03-08 02:00:00+00:00,1042.39,5808.91,2361.77,1001.01,-5.431801e-06,117.28,823.48,530.4755230022397,4621.796828211626,1955.2452624170778,988.822642118743,262.05466983561075,116.93416429568956,719.3451802843496,485.40961665471394,4427.640215661185,1769.5389932032995,988.6486797514416,408.8096869510114,116.93271488280523,711.2412697147188,485.40961665471394,4427.640215661185,1769.5389932032995,988.6486797514416,408.8096869510114,116.93271488280523,711.2412697147188
2026-03-08 03:00:00+00:00,1040.76,5810.25,2387.15,1015.61,-5.431801e-06,118.99,832.42,535.4422927971856,4634.115385189259,1982.6862047389156,988.822642118743,277.28208779048134,116.93416429568956,720.6249897967667,485.40961665471394,4427.640215661185,1769.5389932032995,988.6486797514416,408.8096869510114,116.93271488280523,711.2412697147188,485.40961665471394,4427.640215661185,1769.5389932032995,988.6486797514416,408.8096869510114,116.93271488280523,711.2412697147188
2026-03-08 04:00:00+00:00,1033.77,5845.64,2478.71,1026.48,-5.431801e-06,120.26,855.22,539.6102269392735,4641.793670070875,2006.1685334058861,988.822642118743,292.50950574535193,116.93416429568956,721.6515065266317,485.40961665471394,4427.640215661185,1769.5389932032995,988.6486797514416,408.8096869510114,116.93271488280523,711.2412697147188,485.40961665471394,4427.640215661185,1769.5389932032995,988.6486797514416,408.8096869510114,116.93271488280523,711.2412697147188
2026-03-08 05:00:00+00:00,1014.19,5831.32,2362.73,1029.75,-5.431801e-06,120.65,856.95,542.3249739991426,4663.5664429729795,2021.6158109295793,988.822642118743,307.7369237002225,116.93416429568956,721.994451637804,485.40961665471394,4427.640215661185,1769.5389932032995,988.6486797514416,408.8096869510114,116.93271488280523,711.2412697147188,485.40961665471394,4427.640215661185,1769.5389932032995,988.6486797514416,408.8096869510114,116.93271488280523,711.2412697147188
2026-03-08 06:00:00+00:00,1021.71,5563.86,2252.97,1071.95,-5.431801e-06,125.62,842.74,541.6294752678739,4641.817058257052,2018.7687573205737,988.822642118743,322.96434165509305,116.93416429568956,721.7119943113158,485.40961665471394,4427.640215661185,1769.5389932032995,988.6486797514416,408.8096869510114,116.93271488280523,711.2412697147188,485.40961665471394,4427.640215661185,1769.5389932032995,988.6486797514416,408.8096869510114,116.93271488280523,711.2412697147188
2026-03-08 07:00:00+00:00,994.53,4703.97,1935.84,1070.92,-5.431801e-06,125.53,813.12,532.0698988602005,4485.384819780615,1970.2091972141523,988.822642118743,338.19175960996364,116.93416429568956,720.1820200365222,485.40961665471394,4427.640215661185,1769.5389932032995,988.6486797514416,408.8096869510114,116.93271488280523,711.2412697147188,485.40961665471394,4427.640215661185,1769.5389932032995,988.6486797514416,408.8096869510114,116.93271488280523,711.2412697147188
2026-03-08 08:00:00+00:00,750.8,3837.48,1630.31,1010.03,-5.431801e-06,118.38,788.09,513.7737139400979,4281.063416063643,1879.178798827182,988.822642118743,353.4191775648342,116.93416429568956,717.0850651246116,485.40961665471394,4427.640215661185,1769.5389932032995,988.6486797514416,408.8096869510114,116.93271488280523,711.2412697147188,485.40961665471394,4427.640215661185,1769.5389932032995,988.6486797514416,408.8096869510114,116.93271488280523,711.2412697147188
2026-03-08 09:00:00+00:00,487.34,3264.06,1165.85,1054.78,-5.431801e-06,123.61,773.66,494.4075907742872,4146.357649726301,1781.138043537013,988.822642118743,368.64659551970476,116.93416429568956,712.9786891498943,485.40961665471394,4427.640215661185,1769.5389932032995,988.6486797514416,408.8096869510114,116.93271488280523,711.2412697147188,485.40961665471394,4427.640215661185,1769.5389932032995,988.6486797514416,408.8096869510114,116.93271488280523,711.2412697147188
2026-03-08 10:00:00+00:00,478.6,3219.47,1033.46,1117.13,-5.431801e-06,130.9,768.64,474.75928594174127,4060.1165498901446,1686.3924105497003,988.822642118743,383.87401347457535,116.93416429568956,708.7233453239588,485.40961665471394,4427.640215661185,1769.5389932032995,988.6486797514416,408.8096869510114,116.93271488280523,711.2412697147188,485.40961665471394,4427.640215661185,1769.5389932032995,988.6486797514416,408.8096869510114,116.93271488280523,711.2412697147188
2026-03-08 11:00:00+00:00,471.53,3236.8,1019.03,947.57,-5.431801e-06,111.05,771.71,458.11146044927506,3948.590247165496,1608.21945834547,988.822642118743,399.1014314294459,116.93416429568956,704.9922236156983,485.40961665471394,4427.640215661185,1769.5389932032995,988.6486797514416,408.8096869510114,116.93271488280523,711.2412697147188,485.40961665471394,4427.640215661185,1769.5389932032995,988.6486797514416,408.8096869510114,116.93271488280523,711.2412697147188
2026-03-08 12:00:00+00:00,465.9,3323.62,1016.66,735.61,-5.431801e-06,86.24,772.5,442.91419928110565,3954.8681229571807,1538.4297483517082,988.822642118743,414.32884938431647,116.93416429568956,700.8088905376972,485.40961665471394,4427.640215661185,1769.5389932032995,988.6486797514416,408.8096869510114,116.93271488280523,711.2412697147188,485.40961665471394,4427.640215661185,1769.5389932032995,988.6486797514416,408.8096869510114,116.93271488280523,711.2412697147188
2026-03-08 13:00:00+00:00,468.4,3357.1,1052.32,751.04,-5.431801e-06,88.04,772.97,437.9980768320419,3979.8128410988743,1516.777836381038,988.822642118743,429.556267339187,116.93416429568956,698.8279917254472,485.40961665471394,4427.640215661185,1769.5389932032995,988.6486797514416,408.8096869510114,116.93271488280523,711.2412697147188,485.40961665471394,4427.640215661185,1769.5389932032995,988.6486797514416,408.8096869510114,116.93271488280523,711.2412697147188
2026-03-08 14:00:00+00:00,558.0,3948.33,1162.51,819.67,-5.431801e-06,96.08,775.46,441.28171780947474,4112.3545515562455,1538.1573181939223,988.822642118743,444.7836852940576,116.93416429568956,698.4889352614681,485.40961665471394,4427.640215661185,1769.5389932032995,988.6486797514416,408.8096869510114,116.93271488280523,711.2412697147188,485.40961665471394,4427.640215661185,1769.5389932032995,988.6486797514416,408.8096869510114,116.93271488280523,711.2412697147188
2026-03-08 15:00:00+00:00,872.57,5398.87,1811.68,898.92,42.040005,116.93,782.74,453.1192315813994,4399.391832357939,1603.4724623197533,988.822642118743,460.0111032489282,116.93416429568956,699.4567520115172,485.40961665471394,4427.640215661185,1769.5389932032995,988.6486797514416,408.8096869510114,116.93271488280523,711.2412697147188,485.40961665471394,4427.640215661185,1769.5389932032995,988.6486797514416,408.8096869510114,116.93271488280523,711.2412697147188
2026-03-08 16:00:00+00:00,1034.07,5926.75,2401.15,947.73,851.61,134.32,840.54,473.92484067515824,4672.57904705813,1710.0266028526469,988.822642118743,475.2385212037987,116.93416429568956,702.2559907152564,485.40961665471394,4427.640215661185,1769.5389932032995,988.6486797514416,408.8096869510114,116.93271488280523,711.2412697147188,485.40961665471394,4427.640215661185,1769.5389932032995,988.6486797514416,408.8096869510114,116.93271488280523,711.2412697147188
2026-03-08 17:00:00+00:00,1033.02,6229.13,2626.02,946.72,1297.0,134.16,853.0,494.3333042490461,4697.192409380035,1814.0448640314567,988.822642118743,490.46593915866924,116.93416429568956,706.3990370806976,485.40961665471394,4427.640215661185,1769.5389932032995,988.6486797514416,408.8096869510114,116.93271488280523,711.2412697147188,485.40961665471394,4427.640215661185,1769.5389932032995,988.6486797514416,408.8096869510114,116.93271488280523,711.2412697147188
2026-03-08 18:00:00+00:00,1031.63,6539.94,2682.48,931.08,1065.54,132.34,854.08,501.056109705754,4595.7598898631395,1850.3826347059235,988.822642118743,505.69335711353983,116.93416429568956,708.2492767112983,485.40961665471394,4427.640215661185,1769.5389932032995,988.6486797514416,408.8096869510114,116.93271488280523,711.2412697147188,485.40961665471394,4427.640215661185,1769.5389932032995,988.6486797514416,408.8096869510114,116.93271488280523,711.2412697147188
2026-03-08 19:00:00+00:00,1034.81,6794.39,2761.48,925.86,542.62,120.31,837.2,506.0071936904314,4506.370296746712,1877.7653090298872,988.822642118743,520.9207750684104,116.93416429568956,710.0302979787022,485.40961665471394,4427.640215661185,1769.5389932032995,988.6486797514416,408.8096869510114,116.93271488280523,711.2412697147188,485.40961665471394,4427.640215661185,1769.5389932032995,988.6486797514416,408.8096869510114,116.93271488280523,711.2412697147188
2026-03-08 20:00:00+00:00,1032.08,6870.42,2565.33,928.93,117.11999,108.85,832.51,512.449479180623,4446.557889901683,1912.8719266221174,988.822642118743,536.148193023281,116.93416429568956,712.1489869356458,485.40961665471394,4427.640215661185,1769.5389932032995,988.6486797514416,408.8096869510114,116.93271488280523,711.2412697147188,485.40961665471394,4427.640215661185,1769.5389932032995,988.6486797514416,408.8096869510114,116.93271488280523,711.2412697147188
2026-03-08 21:00:00+00:00,1036.66,6866.65,2424.97,921.09,118.64001,107.92,840.47,517.497087858332,4445.984206731686,1941.471313159195,988.822642118743,551.3756109781515,116.93416429568956,713.8598121718353,485.40961665471394,4427.640215661185,1769.5389932032995,988.6486797514416,408.8096869510114,116.93271488280523,711.2412697147188,485.40961665471394,4427.640215661185,1769.5389932032995,988.6486797514416,408.8096869510114,116.93271488280523,711.2412697147188
2026-03-08 22:00:00+00:00,1040.34,6885.42,2357.71,902.53,63.209988,105.75,830.06,520.1009678758921,4409.06737722904,1958.5962468371638,988.822642118743,566.6030289330221,116.93416429568956,715.4358001552275,485.40961665471394,4427.640215661185,1769.5389932032995,988.6486797514416,408.8096869510114,116.93271488280523,711.2412697147188,485.40961665471394,4427.640215661185,1769.5389932032995,988.6486797514416,408.8096869510114,116.93271488280523,711.2412697147188
2026-03-08 23:00:00+00:00,1038.97,6869.75,2299.85,878.29,0.14998846,102.91,832.13,524.2605187566683,4413.73788800246,1982.1061475654349,988.822642118743,581.8304468878927,116.93416429568956,716.99281486421,485.40961665471394,4427.640215661185,1769.5389932032995,988.6486797514416,408.8096869510114,116.93271488280523,711.2412697147188,485.40961665471394,4427.640215661185,1769.5389932032995,988.6486797514416,408.8096869510114,116.93271488280523,711.2412697147188
2026-03-09 00:00:00+00:00,1031.87,6877.44,2116.54,887.9,-5.431801e-06,104.04,817.98,526.102538347096,4425.784995786561,1929.0842581501358,988.822642118743,231.59983392586966,116.93416429568956,717.85605279309,485.40961665471394,4427.640215661185,1769.5389932032995,988.6486797514416,408.8096869510114,116.93271488280523,711.2412697147188,485.40961665471394,4427.640215661185,1769.5389932032995,988.6486797514416,408.8096869510114,116.93271488280523,711.2412697147188
2026-03-09 01:00:00+00:00,1028.12,6894.38,2089.32,902.27,-5.431801e-06,105.72,813.75,532.3200452291137,4464.075396034977,1962.611610647869,988.822642118743,246.82725188074022,116.93416429568956,719.6539365758323,485.40961665471394,4427.640215661185,1769.5389932032995,988.6486797514416,408.8096869510114,116.93271488280523,711.2412697147188,485.40961665471394,4427.640215661185,1769.5389932032995,988.6486797514416,408.8096869510114,116.93271488280523,711.2412697147188
2026-03-09 02:00:00+00:00,1033.24,6892.4,2178.61,902.1,0.029993348,105.7,805.32,537.8450128947657,4519.414519480799,1992.498473117976,988.822642118743,262.05466983561075,116.93416429568956,721.0353098720453,485.40961665471394,4427.640215661185,1769.5389932032995,988.6486797514416,408.8096869510114,116.93271488280523,711.2412697147188,485.40961665471394,4427.640215661185,1769.5389932032995,988.6486797514416,408.8096869510114,116.93271488280523,711.2412697147188
2026-03-09 03:00:00+00:00,1025.55,6898.83,2321.34,906.73,51.860012,106.25,818.51,544.6618458496548,4606.962238984669,2028.2731658439088,988.822642118743,277.28208779048134,116.93416429568956,722.3168104199199,485.40961665471394,4427.640215661185,1769.5389932032995,988.6486797514416,408.8096869510114,116.93271488280523,711.2412697147188,485.40961665471394,4427.640215661185,1769.5389932032995,988.6486797514416,408.8096869510114,116.93271488280523,711.2412697147188
2026-03-09 04:00:00+00:00,1031.81,6903.6,2644.42,909.78,144.38,106.61,839.79,551.8609267173041,4715.450128078139,2066.514973329823,988.822642118743,292.50950574535193,116.93416429568956,723.2990243719274,485.40961665471394,4427.640215661185,1769.5389932032995,988.6486797514416,408.8096869510114,116.93271488280523,711.2412697147188,485.40961665471394,4427.640215661185,1769.5389932032995,988.6486797514416,408.8096869510114,116.93271488280523,711.2412697147188
2026-03-09 05:00:00+00:00,1027.48,6864.99,2955.85,909.92,837.97,118.45,861.08,564.1370436532694,4940.335148083927,2128.2402962437595,988.822642118743,307.7369237002225,116.93416429568956,724.1917046761364,485.40961665471394,4427.640215661185,1769.5389932032995,988.6486797514416,408.8096869510114,116.93271488280523,711.2412697147188,485.40961665471394,4427.640215661185,1769.5389932032995,988.6486797514416,408.8096869510114,116.93271488280523,711.2412697147188
2026-03-09 06:00:00+00:00,1032.69,6251.17,2894.87,906.5,1167.92,135.39,849.09,569.3414680922083,4990.908817237458,2155.87746067846,988.822642118743,322.96434165509305,116.93416429568956,725.0060755588635,485.40961665471394,4427.640215661185,1769.5389932032995,988.6486797514416,408.8096869510114,116.93271488280523,711.2412697147188,485.40961665471394,4427.640215661185,1769.5389932032995,988.6486797514416,408.8096869510114,116.93271488280523,711.2412697147188
2026-03-09 07:00:00+00:00,1027.77,5681.25,2652.88,933.18,788.8,126.98,838.37,560.3274878392875,4825.259541211852,2112.242045707074,988.822642118743,338.19175960996364,116.93416429568956,723.8558104558931,485.40961665471394,4427.640215661185,1769.5389932032995,988.6486797514416,408.8096869510114,116.93271488280523,711.2412697147188,485.40961665471394,4427.640215661185,1769.5389932032995,988.6486797514416,408.8096869510114,116.93271488280523,711.2412697147188
2026-03-09 08:00:00+00:00,1022.75,5334.57,2257.23,937.75,64.12002,109.91,818.33,536.715909196862,4606.88420303862,1998.537440654413,988.822642118743,353.4191775648342,116.93416429568956,719.8203504189942,485.40961665471394,4427.640215661185,1769.5389932032995,988.6486797514416,408.8096869510114,116.93271488280523,711.2412697147188,485.40961665471394,4427.640215661185,1769.5389932032995,988.6486797514416,408.8096869510114,116.93271488280523,711.2412697147188
2026-03-09 09:00:00+00:00,931.82,4021.86,1861.44,919.57,-5.431801e-06,107.77,792.56,510.9412257683177,4370.685422424857,1874.2517129279768,988.822642118743,368.64659551970476,116.93416429568956,714.9962005375095,485.40961665471394,4427.640215661185,1769.5389932032995,988.6486797514416,408.8096869510114,116.93271488280523,711.2412697147188,485.40961665471394,4427.640215661185,1769.5389932032995,988.6486797514416,408.8096869510114,116.93271488280523,711.2412697147188
2026-03-09 10:00:00+00:00,821.99,3686.03,1516.68,911.28,0.30999213,106.79,772.72,486.7187675665086,4255.761859711973,1755.6302667634588,988.822642118743,383.87401347457535,116.93416429568956,709.744758770152,485.40961665471394,4427.640215661185,1769.5389932032995,988.6486797514416,408.8096869510114,116.93271488280523,711.2412697147188,485.40961665471394,4427.640215661185,1769.5389932032995,988.6486797514416,408.8096869510114,116.93271488280523,711.2412697147188
2026-03-09 11:00:00+00:00,806.56,3760.48,1349.29,911.26,-5.431801e-06,106.82,771.96,469.51700794696416,4201.922084559753,1672.069462174636,988.822642118743,399.1014314294459,116.93416429568956,705.2718298605777,485.40961665471394,4427.640215661185,1769.5389932032995,988.6486797514416,408.8096869510114,116.93271488280523,711.2412697147188,485.40961665471394,4427.640215661185,1769.5389932032995,988.6486797514416,408.8096869510114,116.93271488280523,711.2412697147188
2026-03-09 12:00:00+00:00,830.99,3878.4,1335.89,905.69,-5.431801e-06,106.16,767.71,455.6775218404206,4213.455873909576,1607.9565772571264,988.822642118743,414.32884938431647,116.93416429568956,701.5363972036847,485.40961665471394,4427.640215661185,1769.5389932032995,988.6486797514416,408.8096869510114,116.93271488280523,711.2412697147188,485.40961665471394,4427.640215661185,1769.5389932032995,988.6486797514416,408.8096869510114,116.93271488280523,711.2412697147188
2026-03-09 13:00:00+00:00,848.34,4516.74,1422.15,900.37,-5.431801e-06,105.44,774.4,451.5004353389618,4338.719127578806,1592.3052607816676,988.822642118743,429.556267339187,116.93416429568956,699.210456274051,485.40961665471394,4427.640215661185,1769.5389932032995,988.6486797514416,408.8096869510114,116.93271488280523,711.2412697147188,485.40961665471394,4427.640215661185,1769.5389932032995,988.6486797514416,408.8096869510114,116.93271488280523,711.2412697147188
2026-03-09 14:00:00+00:00,1000.03,5677.37,1633.64,892.19,-5.431801e-06,104.57,778.06,454.65985827612104,4571.156667955627,1611.2086117714227,988.822642118743,444.7836852940576,116.93416429568956,698.2128132925036,485.40961665471394,4427.640215661185,1769.5389932032995,988.6486797514416,408.8096869510114,116.93271488280523,711.2412697147188,485.40961665471394,4427.640215661185,1769.5389932032995,988.6486797514416,408.8096869510114,116.93271488280523,711.2412697147188
2026-03-09 15:00:00+00:00,1020.69,6718.12,2350.06,922.37,453.81,108.08,826.12,465.0696895595179,4897.85111457754,1663.0937141742934,988.822642118743,460.0111032489282,116.93416429568956,698.4858641671974,485.40961665471394,4427.640215661185,1769.5389932032995,988.6486797514416,408.8096869510114,116.93271488280523,711.2412697147188,485.40961665471394,4427.640215661185,1769.5389932032995,988.6486797514416,408.8096869510114,116.93271488280523,711.2412697147188
2026-03-09 16:00:00+00:00,1024.51,6831.1,2765.88,946.53,1188.2,128.53,846.52,482.11904597717773,5185.262856380844,1749.9705261584281,988.822642118743,475.2385212037987,116.93416429568956,700.8666000738432,485.40961665471394,4427.640215661185,1769.5389932032995,988.6486797514416,408.8096869510114,116.93271488280523,711.2412697147188,485.40961665471394,4427.640215661185,1769.5389932032995,988.6486797514416,408.8096869510114,116.93271488280523,711.2412697147188
2026-03-09 17:00:00+00:00,1021.86,6848.0,2884.77,954.58,1592.94,135.08,872.18,505.713993984176,5284.412781750547,1868.3904374264764,988.822642118743,490.46593915866924,116.93416429568956,706.1289594930199,485.40961665471394,4427.640215661185,1769.5389932032995,988.6486797514416,408.8096869510114,116.93271488280523,711.2412697147188,485.40961665471394,4427.640215661185,1769.5389932032995,988.6486797514416,408.8096869510114,116.93271488280523,711.2412697147188
2026-03-09 18:00:00+00:00,1019.98,6837.79,2960.8003,936.03,1552.32,132.91,886.1,511.2750337968418,5242.669863367864,1898.3377156977065,988.822642118743,505.69335711353983,116.93416429568956,707.8217379829204,485.40961665471394,4427.640215661185,1769.5389932032995,988.6486797514416,408.8096869510114,116.93271488280523,711.2412697147188,485.40961665471394,4427.640215661185,1769.5389932032995,988.6486797514416,408.8096869510114,116.93271488280523,711.2412697147188
2026-03-09 19:00:00+00:00,1015.52,6821.39,2995.3503,918.58,1170.47,113.65,887.44,513.0952934779159,5141.715404826333,1911.27214181531,988.822642118743,520.9207750684104,116.93416429568956,709.4387955243919,485.40961665471394,4427.640215661185,1769.5389932032995,988.6486797514416,408.8096869510114,116.93271488280523,711.2412697147188,485.40961665471394,4427.640215661185,1769.5389932032995,988.6486797514416,408.8096869510114,116.93271488280523,711.2412697147188
2026-03-09 20:00:00+00:00,1019.76,6846.78,2838.33,913.27,568.79,107.03,879.39,516.359213249088,5051.883728558087,1931.1059862088177,988.822642118743,536.148193023281,116.93416429568956,711.2343260081836,485.40961665471394,4427.640215661185,1769.5389932032995,988.6486797514416,408.8096869510114,116.93271488280523,711.2412697147188,485.40961665471394,4427.640215661185,1769.5389932032995,988.6486797514416,408.8096869510114,116.93271488280523,711.2412697147188
2026-03-09 21:00:00+00:00,1016.8,6817.59,2596.64,898.05,206.28,105.24,866.22,521.6815526070992,4973.410456909447,1960.1513420671663,988.822642118743,551.3756109781515,116.93416429568956,713.3890076283469,485.40961665471394,4427.640215661185,1769.5389932032995,988.6486797514416,408.8096869510114,116.93271488280523,711.2412697147188,485.40961665471394,4427.640215661185,1769.5389932032995,988.6486797514416,408.8096869510114,116.93271488280523,711.2412697147188
2026-03-09 22:00:00+00:00,1013.41,6825.22,2404.67,904.77,154.95,106.02,834.64,526.3531123118883,4907.00248255746,1985.045176627485,988.822642118743,566.6030289330221,116.93416429568956,715.3720860670701,485.40961665471394,4427.640215661185,1769.5389932032995,988.6486797514416,408.8096869510114,116.93271488280523,711.2412697147188,485.40961665471394,4427.640215661185,1769.5389932032995,988.6486797514416,408.8096869510114,116.93271488280523,711.2412697147188
2026-03-09 23:00:00+00:00,990.34,6865.0,2328.67,860.77,0.73000556,100.87,814.38,529.4567630262928,4824.0462672057465,2004.4271039996231,988.822642118743,581.8304468878927,116.93416429568956,717.1456507853353,485.40961665471394,4427.640215661185,1769.5389932032995,988.6486797514416,408.8096869510114,116.93271488280523,711.2412697147188,485.40961665471394,4427.640215661185,1769.5389932032995,988.6486797514416,408.8096869510114,116.93271488280523,711.2412697147188
2026-03-10 00:00:00+00:00,986.67004,6868.89,2282.44,819.84,-5.431801e-06,96.06,812.04,536.2411456260677,4786.320906898897,1976.801500839953,988.822642118743,231.59983392586966,116.93416429568956,719.3152633511012,485.40961665471394,4427.640215661185,1769.5389932032995,988.6486797514416,408.8096869510114,116.93271488280523,711.2412697147188,485.40961665471394,4427.640215661185,1769.5389932032995,988.6486797514416,408.8096869510114,116.93271488280523,711.2412697147188
2026-03-10 01:00:00+00:00,985.56,6848.63,2215.22,840.95,-5.431801e-06,98.55,810.26,541.4162665149518,4776.611706417572,2005.312480923417,988.822642118743,246.82725188074022,116.93416429568956,720.8062741015524,485.40961665471394,4427.640215661185,1769.5389932032995,988.6486797514416,408.8096869510114,116.93271488280523,711.2412697147188,485.40961665471394,4427.640215661185,1769.5389932032995,988.6486797514416,408.8096869510114,116.93271488280523,711.2412697147188
2026-03-10 02:00:00+00:00,993.1501,6850.58,2216.95,822.31,0.11001044,96.37,809.65,545.0383875602005,4797.945355316823,2025.3470839703261,988.822642118743,262.05466983561075,116.93416429568956,721.4321626762571,485.40961665471394,4427.640215661185,1769.5389932032995,988.6486797514416,408.8096869510114,116.93271488280523,711.2412697147188,485.40961665471394,4427.640215661185,1769.5389932032995,988.6486797514416,408.8096869510114,116.93271488280523,711.2412697147188
2026-03-10 03:00:00+00:00,1001.31,6847.69,2273.97,836.0,52.309994,97.97,812.16,546.3291972687059,4831.811159430209,2034.9438533517664,988.822642118743,277.28208779048134,116.93416429568956,721.417616461017,485.40961665471394,4427.640215661185,1769.5389932032995,988.6486797514416,408.8096869510114,116.93271488280523,711.2412697147188,485.40961665471394,4427.640215661185,1769.5389932032995,988.6486797514416,408.8096869510114,116.93271488280523,711.2412697147188
2026-03-10 04:00:00+00:00,1020.35,6812.66,2581.8,828.47,59.45001,97.1,826.01,549.977070318362,4924.161062830722,2055.5424965324173,988.822642118743,292.50950574535193,116.93416429568956,721.3759761904058,485.40961665471394,4427.640215661185,1769.5389932032995,988.6486797514416,408.8096869510114,116.93271488280523,711.2412697147188,485.40961665471394,4427.640215661185,1769.5389932032995,988.6486797514416,408.8096869510114,116.93271488280523,711.2412697147188
2026-03-10 05:00:00+00:00,1053.31,6826.24,2998.45,793.33,869.98,103.16,877.27,558.8454071659929,5086.086661049511,2102.953288900193,988.822642118743,307.7369237002225,116.93416429568956,721.962574299078,485.40961665471394,4427.640215661185,1769.5389932032995,988.6486797514416,408.8096869510114,116.93271488280523,711.2412697147188,485.40961665471394,4427.640215661185,1769.5389932032995,988.6486797514416,408.8096869510114,116.93271488280523,711.2412697147188
2026-03-10 06:00:00+00:00,1070.3,6806.67,3099.76,709.76,1114.72,96.42,890.05,562.6137061865435,5114.6765765333,2123.3541596109353,988.822642118743,322.96434165509305,116.93416429568956,722.5463287623054,485.40961665471394,4427.640215661185,1769.5389932032995,988.6486797514416,408.8096869510114,116.93271488280523,711.2412697147188,485.40961665471394,4427.640215661185,1769.5389932032995,988.6486797514416,408.8096869510114,116.93271488280523,711.2412697147188
2026-03-10 07:00:00+00:00,1078.0,6530.66,3027.33,816.91,610.12,95.77,885.59,549.811836082253,4927.533285646198,2060.445910211479,988.822642118743,338.19175960996364,116.93416429568956,720.8507712988816,485.40961665471394,4427.640215661185,1769.5389932032995,988.6486797514416,408.8096869510114,116.93271488280523,711.2412697147188,485.40961665471394,4427.640215661185,1769.5389932032995,988.6486797514416,408.8096869510114,116.93271488280523,711.2412697147188
2026-03-10 08:00:00+00:00,1019.17,5883.17,2406.91,857.13,142.65,100.47,854.19,525.3651967105993,4661.024108731768,1938.8703173273982,988.822642118743,353.4191775648342,116.93416429568956,716.2863968149749,485.40961665471394,4427.640215661185,1769.5389932032995,988.6486797514416,408.8096869510114,116.93271488280523,711.2412697147188,485.40961665471394,4427.640215661185,1769.5389932032995,988.6486797514416,408.8096869510114,116.93271488280523,711.2412697147188
2026-03-10 09:00:00+00:00,975.69,4874.29,1766.62,838.66,12.429987,98.31,822.17,499.0317871769676,4448.855331435831,1807.8849750430409,988.822642118743,368.64659551970476,116.93416429568956,711.1332577402142,485.40961665471394,4427.640215661185,1769.5389932032995,988.6486797514416,408.8096869510114,116.93271488280523,711.2412697147188,485.40961665471394,4427.640215661185,1769.5389932032995,988.6486797514416,408.8096869510114,116.93271488280523,711.2412697147188
2026-03-10 10:00:00+00:00,1006.3,4412.01,1574.69,813.55,30.11001,95.35,791.74,475.6635100753416,4306.889680611727,1692.2806323921693,988.822642118743,383.87401347457535,116.93416429568956,705.8677435232008,485.40961665471394,4427.640215661185,1769.5389932032995,988.6486797514416,408.8096869510114,116.93271488280523,711.2412697147188,485.40961665471394,4427.640215661185,1769.5389932032995,988.6486797514416,408.8096869510114,116.93271488280523,711.2412697147188
2026-03-10 11:00:00+00:00,931.73,4422.13,1381.21,824.67,-5.431801e-06,96.69,791.33,458.3950406579265,4247.195386103641,1608.90770906669,988.822642118743,399.1014314294459,116.93416429568956,701.4639048439874,485.40961665471394,4427.640215661185,1769.5389932032995,988.6486797514416,408.8096869510114,116.93271488280523,711.2412697147188,485.40961665471394,4427.640215661185,1769.5389932032995,988.6486797514416,408.8096869510114,116.93271488280523,711.2412697147188
2026-03-10 12:00:00+00:00,831.51,4399.88,1352.85,804.25,-5.431801e-06,94.3,794.44,445.12026420794746,4258.179852580468,1548.2400816810698,988.822642118743,414.32884938431647,116.93416429568956,697.5730628294008,485.40961665471394,4427.640215661185,1769.5389932032995,988.6486797514416,408.8096869510114,116.93271488280523,711.2412697147188,485.40961665471394,4427.640215661185,1769.5389932032995,988.6486797514416,408.8096869510114,116.93271488280523,711.2412697147188
2026-03-10 13:00:00+00:00,900.03,4853.15,1381.5,809.83,-5.431801e-06,94.92,790.59,443.8182614109727,4340.547076148419,1547.9941770794658,988.822642118743,429.556267339187,116.93416429568956,696.618771325553,485.40961665471394,4427.640215661185,1769.5389932032995,988.6486797514416,408.8096869510114,116.93271488280523,711.2412697147188,485.40961665471394,4427.640215661185,1769.5389932032995,988.6486797514416,408.8096869510114,116.93271488280523,711.2412697147188
2026-03-10 14:00:00+00:00,1025.17,5517.03,1629.44,809.17,33.309994,94.86,780.95,447.3461113052199,4516.063510323149,1573.7839573877636,988.822642118743,444.7836852940576,116.93416429568956,696.7624836209395,485.40961665471394,4427.640215661185,1769.5389932032995,988.6486797514416,408.8096869510114,116.93271488280523,711.2412697147188,485.40961665471394,4427.640215661185,1769.5389932032995,988.6486797514416,408.8096869510114,116.93271488280523,711.2412697147188
2026-03-10 15:00:00+00:00,1100.15,6303.85,2026.48,866.56,576.89,101.56,835.9,453.3016161874926,4776.424938235324,1613.829029617803,988.822642118743,460.0111032489282,116.93416429568956,697.2883618327644,485.40961665471394,4427.640215661185,1769.5389932032995,988.6486797514416,408.8096869510114,116.93271488280523,711.2412697147188,485.40961665471394,4427.640215661185,1769.5389932032995,988.6486797514416,408.8096869510114,116.93271488280523,711.2412697147188
2026-03-10 16:00:00+00:00,1104.46,6767.69,2490.43,874.13,1122.0599,114.26,878.68,467.5932538902964,5031.846859951031,1690.2370137559103,988.822642118743,475.2385212037987,116.93416429568956,699.2413803793473,485.40961665471394,4427.640215661185,1769.5389932032995,988.6486797514416,408.8096869510114,116.93271488280523,711.2412697147188,485.40961665471394,4427.640215661185,1769.5389932032995,988.6486797514416,408.8096869510114,116.93271488280523,711.2412697147188
2026-03-10 17:00:00+00:00,1101.19,6769.53,2703.5,879.59,1381.32,126.3,935.63,488.0731261519142,5126.158051433364,1792.46875539505,988.822642118743,490.46593915866924,116.93416429568956,703.7364705537242,485.40961665471394,4427.640215661185,1769.5389932032995,988.6486797514416,408.8096869510114,116.93271488280523,711.2412697147188,485.40961665471394,4427.640215661185,1769.5389932032995,988.6486797514416,408.8096869510114,116.93271488280523,711.2412697147188
2026-03-10 18:00:00+00:00,1065.22,6780.7,2779.01,878.15,1304.65,126.13,901.38,493.76733714327935,5073.730405061727,1820.0323424106466,988.822642118743,505.69335711353983,116.93416429568956,705.0265232669835,485.40961665471394,4427.640215661185,1769.5389932032995,988.6486797514416,408.8096869510114,116.93271488280523,711.2412697147188,485.40961665471394,4427.640215661185,1769.5389932032995,988.6486797514416,408.8096869510114,116.93271488280523,711.2412697147188
2026-03-10 19:00:00+00:00,990.65,6721.84,2706.93,858.27,726.55,112.42,871.55,498.91312204524456,4925.3014302336205,1845.9733795725144,988.822642118743,520.9207750684104,116.93416429568956,706.8688654732167,485.40961665471394,4427.640215661185,1769.5389932032995,988.6486797514416,408.8096869510114,116.93271488280523,711.2412697147188,485.40961665471394,4427.640215661185,1769.5389932032995,988.6486797514416,408.8096869510114,116.93271488280523,711.2412697147188
2026-03-10 20:00:00+00:00,962.06,6718.86,2427.59,833.7,89.63003,97.72,837.93,503.65924394862714,4771.411893531934,1873.9042848874128,988.822642118743,536.148193023281,116.93416429568956,709.5006123175701,485.40961665471394,4427.640215661185,1769.5389932032995,988.6486797514416,408.8096869510114,116.93271488280523,711.2412697147188,485.40961665471394,4427.640215661185,1769.5389932032995,988.6486797514416,408.8096869510114,116.93271488280523,711.2412697147188
2026-03-10 21:00:00+00:00,735.64,6673.16,2239.58,821.89,70.22997,96.33,830.05,502.965041613397,4625.030266126648,1875.1252543171377,988.822642118743,551.3756109781515,116.93416429568956,710.7672687358727,485.40961665471394,4427.640215661185,1769.5389932032995,988.6486797514416,408.8096869510114,116.93271488280523,711.2412697147188,485.40961665471394,4427.640215661185,1769.5389932032995,988.6486797514416,408.8096869510114,116.93271488280523,711.2412697147188
2026-03-10 22:00:00+00:00,392.63,6294.63,1730.13,818.57,57.42999,95.93,804.68,503.9390139754255,4480.574465803099,1882.1847846879698,988.822642118743,566.6030289330221,116.93416429568956,711.8898174867662,485.40961665471394,4427.640215661185,1769.5389932032995,988.6486797514416,408.8096869510114,116.93271488280523,711.2412697147188,485.40961665471394,4427.640215661185,1769.5389932032995,988.6486797514416,408.8096869510114,116.93271488280523,711.2412697147188
2026-03-10 23:00:00+00:00,383.6,5888.7,1482.56,825.3,59.280025,96.71,612.24,504.44081412577606,4373.531417252096,1889.2317839476784,988.822642118743,581.8304468878927,116.93416429568956,712.7741882451656,485.40961665471394,4427.640215661185,1769.5389932032995,988.6486797514416,408.8096869510114,116.93271488280523,711.2412697147188,485.40961665471394,4427.640215661185,1769.5389932032995,988.6486797514416,408.8096869510114,116.93271488280523,711.2412697147188
2026-03-11 00:00:00+00:00,372.69,5452.56,1375.18,819.77,-5.431801e-06,96.13,606.7,503.3486061660425,4290.769586364488,1821.970061058364,988.822642118743,231.59983392586966,116.93416429568956,712.8747514733396,485.40961665471394,4427.640215661185,1769.5389932032995,988.6486797514416,408.8096869510114,116.93271488280523,711.2412697147188,485.40961665471394,4427.640215661185,1769.5389932032995,988.6486797514416,408.8096869510114,116.93271488280523,711.2412697147188
2026-03-11 01:00:00+00:00,370.93,4803.43,1199.85,822.16,-5.431801e-06,96.39,608.37,504.56621416750545,4210.626921385111,1829.6856225177708,988.822642118743,246.82725188074022,116.93416429568956,713.3623513661333,485.40961665471394,4427.640215661185,1769.5389932032995,988.6486797514416,408.8096869510114,116.93271488280523,711.2412697147188,485.40961665471394,4427.640215661185,1769.5389932032995,988.6486797514416,408.8096869510114,116.93271488280523,711.2412697147188
2026-03-11 02:00:00+00:00,370.29,4345.42,1286.96,822.26,-5.431801e-06,96.39,612.49,509.3096759115603,4182.663094903807,1854.362713789552,988.822642118743,262.05466983561075,116.93416429568956,714.0882078992706,485.40961665471394,4427.640215661185,1769.5389932032995,988.6486797514416,408.8096869510114,116.93271488280523,711.2412697147188,485.40961665471394,4427.640215661185,1769.5389932032995,988.6486797514416,408.8096869510114,116.93271488280523,711.2412697147188
2026-03-11 03:00:00+00:00,375.26,4442.55,1335.83,820.56,-5.431801e-06,96.19,616.39,513.1357214948733,4199.239637841087,1875.6853343119938,988.822642118743,277.28208779048134,116.93416429568956,714.5891112327632,485.40961665471394,4427.640215661185,1769.5389932032995,988.6486797514416,408.8096869510114,116.93271488280523,711.2412697147188,485.40961665471394,4427.640215661185,1769.5389932032995,988.6486797514416,408.8096869510114,116.93271488280523,711.2412697147188
2026-03-11 04:00:00+00:00,375.42,4557.65,1570.52,832.66,-5.431801e-06,97.61,624.73,513.5471557807944,4248.3454434461155,1882.2878367395654,988.822642118743,292.50950574535193,116.93416429568956,714.7563701030123,485.40961665471394,4427.640215661185,1769.5389932032995,988.6486797514416,408.8096869510114,116.93271488280523,711.2412697147188,485.40961665471394,4427.640215661185,1769.5389932032995,988.6486797514416,408.8096869510114,116.93271488280523,711.2412697147188
2026-03-11 05:00:00+00:00,374.77,5105.39,1853.42,844.32,311.37,110.56,633.95,519.5449551457112,4355.0913721101515,1918.4130585543996,988.822642118743,307.7369237002225,116.93416429568956,715.41459984566,485.40961665471394,4427.640215661185,1769.5389932032995,988.6486797514416,408.8096869510114,116.93271488280523,711.2412697147188,485.40961665471394,4427.640215661185,1769.5389932032995,988.6486797514416,408.8096869510114,116.93271488280523,711.2412697147188
2026-03-11 06:00:00+00:00,372.38,5174.87,1871.92,848.81,604.43,122.73,631.19,519.0184698733777,4395.795616050441,1918.4618617672575,988.822642118743,322.96434165509305,116.93416429568956,714.8131340648118,485.40961665471394,4427.640215661185,1769.5389932032995,988.6486797514416,408.8096869510114,116.93271488280523,711.2412697147188,485.40961665471394,4427.640215661185,1769.5389932032995,988.6486797514416,408.8096869510114,116.93271488280523,711.2412697147188
2026-03-11 07:00:00+00:00,372.57,5062.37,1774.72,849.17,123.959984,116.16,633.1,510.3610318807844,4299.374122957153,1875.977424196523,988.822642118743,338.19175960996364,116.93416429568956,712.8550606011014,485.40961665471394,4427.640215661185,1769.5389932032995,988.6486797514416,408.8096869510114,116.93271488280523,711.2412697147188,485.40961665471394,4427.640215661185,1769.5389932032995,988.6486797514416,408.8096869510114,116.93271488280523,711.2412697147188
2026-03-11 08:00:00+00:00,374.76,4261.98,1469.91,827.29,-5.431801e-06,97.0,616.97,491.8093738703745,4144.6025719592835,1785.798847063304,988.822642118743,353.4191775648342,116.93416429568956,708.815178512279,485.40961665471394,4427.640215661185,1769.5389932032995,988.6486797514416,408.8096869510114,116.93271488280523,711.2412697147188,485.40961665471394,4427.640215661185,1769.5389932032995,988.6486797514416,408.8096869510114,116.93271488280523,711.2412697147188
2026-03-11 09:00:00+00:00,373.64,3767.78,1237.77,789.1,-5.431801e-06,92.51,592.67,472.66531197704853,3983.9255428461647,1693.6078151671704,988.822642118743,368.64659551970476,116.93416429568956,704.4342602623836,485.40961665471394,4427.640215661185,1769.5389932032995,988.6486797514416,408.8096869510114,116.93271488280523,711.2412697147188,485.40961665471394,4427.640215661185,1769.5389932032995,988.6486797514416,408.8096869510114,116.93271488280523,711.2412697147188
2026-03-11 10:00:00+00:00,372.79,3715.41,1191.9,836.2,-5.431801e-06,98.04,572.03,459.15819965893866,3850.918157200039,1631.654010033034,988.822642118743,383.87401347457535,116.93416429568956,701.4662801992883,485.40961665471394,4427.640215661185,1769.5389932032995,988.6486797514416,408.8096869510114,116.93271488280523,711.2412697147188,485.40961665471394,4427.640215661185,1769.5389932032995,988.6486797514416,408.8096869510114,116.93271488280523,711.2412697147188
2026-03-11 11:00:00+00:00,373.05,3640.62,1170.2,839.85,-5.431801e-06,98.32,569.93,451.5432776488526,3864.7977611064985,1595.080775432987,988.822642118743,399.1014314294459,116.93416429568956,699.698062083263,485.40961665471394,4427.640215661185,1769.5389932032995,988.6486797514416,408.8096869510114,116.93271488280523,711.2412697147188,485.40961665471394,4427.640215661185,1769.5389932032995,988.6486797514416,408.8096869510114,116.93271488280523,711.2412697147188
2026-03-11 12:00:00+00:00,369.67,3674.69,1153.87,841.42,-5.431801e-06,98.5,588.92,450.84039829831295,3857.3232303978034,1595.350032873288,988.822642118743,414.32884938431647,116.93416429568956,699.7803746991627,485.40961665471394,4427.640215661185,1769.5389932032995,988.6486797514416,408.8096869510114,116.93271488280523,711.2412697147188,485.40961665471394,4427.640215661185,1769.5389932032995,988.6486797514416,408.8096869510114,116.93271488280523,711.2412697147188
2026-03-11 13:00:00+00:00,371.07,3711.15,1156.74,841.06,-5.431801e-06,98.46,560.1,452.96190985976654,3913.7660845351957,1612.5701900684408,988.822642118743,429.556267339187,116.93416429568956,700.4247247627748,485.40961665471394,4427.640215661185,1769.5389932032995,988.6486797514416,408.8096869510114,116.93271488280523,711.2412697147188,485.40961665471394,4427.640215661185,1769.5389932032995,988.6486797514416,408.8096869510114,116.93271488280523,711.2412697147188
2026-03-11 14:00:00+00:00,376.11,4081.77,1264.93,838.72,24.070002,98.18,562.79,459.2431031674449,4078.5631551647693,1645.617749767446,988.822642118743,444.7836852940576,116.93416429568956,701.1966717927753,485.40961665471394,4427.640215661185,1769.5389932032995,988.6486797514416,408.8096869510114,116.93271488280523,711.2412697147188,485.40961665471394,4427.640215661185,1769.5389932032995,988.6486797514416,408.8096869510114,116.93271488280523,711.2412697147188
2026-03-11 15:00:00+00:00,430.32,5748.57,1708.36,872.51,215.36,102.14,565.23,466.453815639298,4334.288216666641,1681.3774912193605,988.822642118743,460.0111032489282,116.93416429568956,701.6129095384204,485.40961665471394,4427.640215661185,1769.5389932032995,988.6486797514416,408.8096869510114,116.93271488280523,711.2412697147188,485.40961665471394,4427.640215661185,1769.5389932032995,988.6486797514416,408.8096869510114,116.93271488280523,711.2412697147188
2026-03-11 16:00:00+00:00,456.18,6324.77,2101.3,889.49,999.25,116.89,599.71,485.2065454474238,4527.258620942273,1772.8779930539035,988.822642118743,475.2385212037987,116.93416429568956,704.6123927199087,485.40961665471394,4427.640215661185,1769.5389932032995,988.6486797514416,408.8096869510114,116.93271488280523,711.2412697147188,485.40961665471394,4427.640215661185,1769.5389932032995,988.6486797514416,408.8096869510114,116.93271488280523,711.2412697147188
2026-03-11 17:00:00+00:00,426.14,6377.74,2201.57,889.04,1174.1,128.4,647.61,495.3119207818502,4610.209603940318,1822.6847354782112,988.822642118743,490.46593915866924,116.93416429568956,706.0827611807426,485.40961665471394,4427.640215661185,1769.5389932032995,988.6486797514416,408.8096869510114,116.93271488280523,711.2412697147188,485.40961665471394,4427.640215661185,1769.5389932032995,988.6486797514416,408.8096869510114,116.93271488280523,711.2412697147188
2026-03-11 18:00:00+00:00,368.25,6401.64,2370.86,892.71,1191.88,128.67,676.35,498.0756935571627,4616.803880324936,1836.8046305710243,988.822642118743,505.69335711353983,116.93416429568956,706.66478793698,485.40961665471394,4427.640215661185,1769.5389932032995,988.6486797514416,408.8096869510114,116.93271488280523,711.2412697147188,485.40961665471394,4427.640215661185,1769.5389932032995,988.6486797514416,408.8096869510114,116.93271488280523,711.2412697147188
2026-03-11 19:00:00+00:00,359.4,6433.59,2269.56,891.75,1331.36,116.8,648.54,501.2863135390636,4560.060396042074,1853.6315078713617,988.822642118743,520.9207750684104,116.93416429568956,707.752784270496,485.40961665471394,4427.640215661185,1769.5389932032995,988.6486797514416,408.8096869510114,116.93271488280523,711.2412697147188,485.40961665471394,4427.640215661185,1769.5389932032995,988.6486797514416,408.8096869510114,116.93271488280523,711.2412697147188
2026-03-11 20:00:00+00:00,347.99,6352.12,2274.26,858.57,1114.11,100.51,654.36,504.4724322912519,4480.3954888545195,1874.1796119807516,988.822642118743,536.148193023281,116.93416429568956,709.2430516066263,485.40961665471394,4427.640215661185,1769.5389932032995,988.6486797514416,408.8096869510114,116.93271488280523,711.2412697147188,485.40961665471394,4427.640215661185,1769.5389932032995,988.6486797514416,408.8096869510114,116.93271488280523,711.2412697147188
2026-03-11 21:00:00+00:00,349.39,6295.24,1989.75,845.89,854.95,99.02,622.49,507.2880993020979,4417.894568689613,1892.1670927749701,988.822642118743,551.3756109781515,116.93416429568956,711.0502827454629,485.40961665471394,4427.640215661185,1769.5389932032995,988.6486797514416,408.8096869510114,116.93271488280523,711.2412697147188,485.40961665471394,4427.640215661185,1769.5389932032995,988.6486797514416,408.8096869510114,116.93271488280523,711.2412697147188
2026-03-11 22:00:00+00:00,347.85,6000.94,1834.6,842.41,304.75,98.63,616.2,505.7751893882171,4347.772669948491,1888.3870408455914,988.822642118743,566.6030289330221,116.93416429568956,711.6419575535141,485.40961665471394,4427.640215661185,1769.5389932032995,988.6486797514416,408.8096869510114,116.93271488280523,711.2412697147188,485.40961665471394,4427.640215661185,1769.5389932032995,988.6486797514416,408.8096869510114,116.93271488280523,711.2412697147188
2026-03-11 23:00:00+00:00,338.21,5423.91,1706.1,845.21,-5.431801e-06,98.94,596.86,508.562161340635,4296.602111266387,1904.3630336025342,988.822642118743,581.8304468878927,116.93416429568956,713.031219459486,485.40961665471394,4427.640215661185,1769.5389932032995,988.6486797514416,408.8096869510114,116.93271488280523,711.2412697147188,485.40961665471394,4427.640215661185,1769.5389932032995,988.6486797514416,408.8096869510114,116.93271488280523,711.2412697147188
2026-03-12 00:00:00+00:00,337.91,4821.77,1676.51,832.65,-5.431801e-06,97.48,589.03,507.8096281564978,4266.554094289728,1837.6045857805725,988.822642118743,231.59983392586966,116.93416429568956,713.4062054000482,485.40961665471394,4427.640215661185,1769.5389932032995,988.6486797514416,408.8096869510114,116.93271488280523,711.2412697147188,485.40961665471394,4427.640215661185,1769.5389932032995,988.6486797514416,408.8096869510114,116.93271488280523,711.2412697147188
2026-03-12 01:00:00+00:00,335.39,4751.34,1672.06,844.15,-5.431801e-06,98.83,579.71,512.2044207557104,4252.34499863718,1862.4974519378768,988.822642118743,246.82725188074022,116.93416429568956,714.7245107074501,485.40961665471394,4427.640215661185,1769.5389932032995,988.6486797514416,408.8096869510114,116.93271488280523,711.2412697147188,485.40961665471394,4427.640215661185,1769.5389932032995,988.6486797514416,408.8096869510114,116.93271488280523,711.2412697147188
2026-03-12 02:00:00+00:00,336.26,4385.15,1670.89,840.32,-5.431801e-06,98.37,586.9,518.5563988830565,4294.259320287068,1896.581586459226,988.822642118743,262.05466983561075,116.93416429568956,716.1649921636127,485.40961665471394,4427.640215661185,1769.5389932032995,988.6486797514416,408.8096869510114,116.93271488280523,711.2412697147188,485.40961665471394,4427.640215661185,1769.5389932032995,988.6486797514416,408.8096869510114,116.93271488280523,711.2412697147188
2026-03-12 03:00:00+00:00,356.44,4123.25,1713.1,843.89,92.54,98.81,593.6,523.9161818603799,4352.003285462628,1926.8549641933464,988.822642118743,277.28208779048134,116.93416429568956,717.6026132149321,485.40961665471394,4427.640215661185,1769.5389932032995,988.6486797514416,408.8096869510114,116.93271488280523,711.2412697147188,485.40961665471394,4427.640215661185,1769.5389932032995,988.6486797514416,408.8096869510114,116.93271488280523,711.2412697147188
2026-03-12 04:00:00+00:00,393.98,4286.64,2049.51,840.52,218.28,98.41,618.17,531.4096676023676,4463.663972330445,1967.7687289473488,988.822642118743,292.50950574535193,116.93416429568956,718.912699655917,485.40961665471394,4427.640215661185,1769.5389932032995,988.6486797514416,408.8096869510114,116.93271488280523,711.2412697147188,485.40961665471394,4427.640215661185,1769.5389932032995,988.6486797514416,408.8096869510114,116.93271488280523,711.2412697147188
2026-03-12 05:00:00+00:00,458.57,4712.57,2469.44,855.49,988.54,117.97,644.44,542.6988979855764,4633.037061886118,2027.0313309669937,988.822642118743,307.7369237002225,116.93416429568956,720.1765561771991,485.40961665471394,4427.640215661185,1769.5389932032995,988.6486797514416,408.8096869510114,116.93271488280523,711.2412697147188,485.40961665471394,4427.640215661185,1769.5389932032995,988.6486797514416,408.8096869510114,116.93271488280523,711.2412697147188
2026-03-12 06:00:00+00:00,467.27,4688.82,2360.14,868.9,1173.45,125.84,620.01,547.0530906597576,4691.915444644093,2050.491463142445,988.822642118743,322.96434165509305,116.93416429568956,720.4160985807985,485.40961665471394,4427.640215661185,1769.5389932032995,988.6486797514416,408.8096869510114,116.93271488280523,711.2412697147188,485.40961665471394,4427.640215661185,1769.5389932032995,988.6486797514416,408.8096869510114,116.93271488280523,711.2412697147188
2026-03-12 07:00:00+00:00,448.66,4393.89,2249.57,884.97,646.08,110.17,639.68,540.6790262314987,4570.591069970404,2017.5141064675045,988.822642118743,338.19175960996364,116.93416429568956,718.9601669063214,485.40961665471394,4427.640215661185,1769.5389932032995,988.6486797514416,408.8096869510114,116.93271488280523,711.2412697147188,485.40961665471394,4427.640215661185,1769.5389932032995,988.6486797514416,408.8096869510114,116.93271488280523,711.2412697147188
2026-03-12 08:00:00+00:00,360.84,3066.86,1712.96,873.7,101.98998,102.28,589.72,522.8803500345168,4323.990267139297,1929.926912357011,988.822642118743,353.4191775648342,116.93416429568956,715.7416367402094,485.40961665471394,4427.640215661185,1769.5389932032995,988.6486797514416,408.8096869510114,116.93271488280523,711.2412697147188,485.40961665471394,4427.640215661185,1769.5389932032995,988.6486797514416,408.8096869510114,116.93271488280523,711.2412697147188
2026-03-12 09:00:00+00:00,332.41,2662.26,1144.3799,863.98,-5.431801e-06,101.14,554.6,501.60622757060065,4073.547491152126,1827.9347576265434,988.822642118743,368.64659551970476,116.93416429568956,711.9239890145961,485.40961665471394,4427.640215661185,1769.5389932032995,988.6486797514416,408.8096869510114,116.93271488280523,711.2412697147188,485.40961665471394,4427.640215661185,1769.5389932032995,988.6486797514416,408.8096869510114,116.93271488280523,711.2412697147188
2026-03-12 10:00:00+00:00,330.66,2668.29,1067.74,826.76,-5.431801e-06,96.78,554.1,484.97611675769946,3986.6434194310814,1748.2540635822527,988.822642118743,383.87401347457535,116.93416429568956,708.4780050960653,485.40961665471394,4427.640215661185,1769.5389932032995,988.6486797514416,408.8096869510114,116.93271488280523,711.2412697147188,485.40961665471394,4427.640215661185,1769.5389932032995,988.6486797514416,408.8096869510114,116.93271488280523,711.2412697147188
2026-03-12 11:00:00+00:00,333.72,2649.46,1056.07,825.35,-5.431801e-06,96.62,561.09,475.19645607648135,3971.230196845526,1700.2361047628585,988.822642118743,399.1014314294459,116.93416429568956,706.2052202452159,485.40961665471394,4427.640215661185,1769.5389932032995,988.6486797514416,408.8096869510114,116.93271488280523,711.2412697147188,485.40961665471394,4427.640215661185,1769.5389932032995,988.6486797514416,408.8096869510114,116.93271488280523,711.2412697147188
2026-03-12 12:00:00+00:00,331.6,2659.41,1045.58,818.92,-5.431801e-06,95.87,591.91,472.2372561684826,3958.0860032733244,1687.7829498078927,988.822642118743,414.32884938431647,116.93416429568956,705.6000319399718,485.40961665471394,4427.640215661185,1769.5389932032995,988.6486797514416,408.8096869510114,116.93271488280523,711.2412697147188,485.40961665471394,4427.640215661185,1769.5389932032995,988.6486797514416,408.8096869510114,116.93271488280523,711.2412697147188
2026-03-12 13:00:00+00:00,334.67,2549.69,1030.62,802.69,-5.431801e-06,93.97,557.4,467.8436485165729,3924.9519196592823,1671.24581172982,988.822642118743,429.556267339187,116.93416429568956,704.9453255889194,485.40961665471394,4427.640215661185,1769.5389932032995,988.6486797514416,408.8096869510114,116.93271488280523,711.2412697147188,485.40961665471394,4427.640215661185,1769.5389932032995,988.6486797514416,408.8096869510114,116.93271488280523,711.2412697147188
2026-03-12 14:00:00+00:00,336.71,2486.19,1051.2,818.13,-5.431801e-06,95.77,555.13,468.0935380179757,3964.52699403802,1676.9513220270726,988.822642118743,444.7836852940576,116.93416429568956,704.4139222235809,485.40961665471394,4427.640215661185,1769.5389932032995,988.6486797514416,408.8096869510114,116.93271488280523,711.2412697147188,485.40961665471394,4427.640215661185,1769.5389932032995,988.6486797514416,408.8096869510114,116.93271488280523,711.2412697147188
2026-03-12 15:00:00+00:00,335.53,2602.3997,1241.98,876.21,363.16,102.58,562.81,472.33587226947293,4159.2500573948155,1706.43149386844,988.822642118743,460.0111032489282,116.93416429568956,704.5838151222091,485.40961665471394,4427.640215661185,1769.5389932032995,988.6486797514416,408.8096869510114,116.93271488280523,711.2412697147188,485.40961665471394,4427.640215661185,1769.5389932032995,988.6486797514416,408.8096869510114,116.93271488280523,711.2412697147188
2026-03-12 16:00:00+00:00,333.87,3084.73,1758.43,887.5,1175.49,116.04,615.28,482.85448381499947,4456.172993122729,1768.3543337363656,988.822642118743,475.2385212037987,116.93416429568956,705.7923629251658,485.40961665471394,4427.640215661185,1769.5389932032995,988.6486797514416,408.8096869510114,116.93271488280523,711.2412697147188,485.40961665471394,4427.640215661185,1769.5389932032995,988.6486797514416,408.8096869510114,116.93271488280523,711.2412697147188
2026-03-12 17:00:00+00:00,333.53,3100.72,2217.85,869.77,1540.11,125.99,621.0,498.12928837482536,4540.505417355797,1849.5815864528959,988.822642118743,490.46593915866924,116.93416429568956,708.9735275137616,485.40961665471394,4427.640215661185,1769.5389932032995,988.6486797514416,408.8096869510114,116.93271488280523,711.2412697147188,485.40961665471394,4427.640215661185,1769.5389932032995,988.6486797514416,408.8096869510114,116.93271488280523,711.2412697147188
2026-03-12 18:00:00+00:00,334.0,2614.44,2025.27,871.78,1503.29,114.39,595.1,507.8236454273903,4437.992089711128,1899.4984013519804,988.822642118743,505.69335711353983,116.93416429568956,711.2070565064911,485.40961665471394,4427.640215661185,1769.5389932032995,988.6486797514416,408.8096869510114,116.93271488280523,711.2412697147188,485.40961665471394,4427.640215661185,1769.5389932032995,988.6486797514416,408.8096869510114,116.93271488280523,711.2412697147188
2026-03-12 19:00:00+00:00,334.88,2766.21,1687.32,868.07,861.26,101.63,598.03,508.7448627861313,4218.433240526777,1908.4955143090342,988.822642118743,520.9207750684104,116.93416429568956,712.640927064671,485.40961665471394,4427.640215661185,1769.5389932032995,988.6486797514416,408.8096869510114,116.93271488280523,711.2412697147188,485.40961665471394,4427.640215661185,1769.5389932032995,988.6486797514416,408.8096869510114,116.93271488280523,711.2412697147188
2026-03-12 20:00:00+00:00,335.54,2520.42,1420.99,848.79,319.73,99.38,607.48,508.29005512608467,4072.9738323988895,1910.9850700233217,988.822642118743,536.148193023281,116.93416429568956,713.6428559706218,485.40961665471394,4427.640215661185,1769.5389932032995,988.6486797514416,408.8096869510114,116.93271488280523,711.2412697147188,485.40961665471394,4427.640215661185,1769.5389932032995,988.6486797514416,408.8096869510114,116.93271488280523,711.2412697147188
2026-03-12 21:00:00+00:00,339.01,2612.8,1221.11,847.14,94.88003,99.18,595.56,511.3208000451968,4018.021817646465,1926.1438658622653,988.822642118743,551.3756109781515,116.93416429568956,714.8988082574895,485.40961665471394,4427.640215661185,1769.5389932032995,988.6486797514416,408.8096869510114,116.93271488280523,711.2412697147188,485.40961665471394,4427.640215661185,1769.5389932032995,988.6486797514416,408.8096869510114,116.93271488280523,711.2412697147188
2026-03-12 22:00:00+00:00,341.04,2629.22,1125.26,846.23,0.020044617,99.08,597.21,511.68489494164425,3945.6086276374026,1929.6967457408784,988.822642118743,566.6030289330221,116.93416429568956,715.9495152089036,485.40961665471394,4427.640215661185,1769.5389932032995,988.6486797514416,408.8096869510114,116.93271488280523,711.2412697147188,485.40961665471394,4427.640215661185,1769.5389932032995,988.6486797514416,408.8096869510114,116.93271488280523,711.2412697147188
2026-03-12 23:00:00+00:00,341.37,2145.41,1041.41,844.85,102.80001,98.92,585.52,513.1166477118144,3920.0372933567005,1938.5359519313254,988.822642118743,581.8304468878927,116.93416429568956,716.9679308782046,485.40961665471394,4427.640215661185,1769.5389932032995,988.6486797514416,408.8096869510114,116.93271488280523,711.2412697147188,485.40961665471394,4427.640215661185,1769.5389932032995,988.6486797514416,408.8096869510114,116.93271488280523,711.2412697147188
