date,hard_coal_tran_actual,gas_tran_actual,biomass_tran_actual,pumped_storage_tran_actual,hydro_tran_actual,other_conv_tran_actual,hard_coal_tran_fitted,gas_tran_fitted,biomass_tran_fitted,pumped_storage_tran_fitted,hydro_tran_fitted,other_conv_tran_fitted,hard_coal_tran_lower,gas_tran_lower,biomass_tran_lower,pumped_storage_tran_lower,hydro_tran_lower,other_conv_tran_lower,hard_coal_tran_upper,gas_tran_upper,biomass_tran_upper,pumped_storage_tran_upper,hydro_tran_upper,other_conv_tran_upper
2026-01-24 00:00:00+00:00,1754.17,415.55,421.47,12.750001,315.11,148.89,1183.6855430882167,334.3293440923185,408.4556246389458,232.12370020004533,582.1344074372906,108.36975311357742,1167.420260362171,337.94031014033726,412.57634673345655,322.70358383678763,577.7499313408988,110.19598543167115,1167.420260362171,337.94031014033726,412.57634673345655,322.70358383678763,577.7499313408988,110.19598543167115
2026-01-24 01:00:00+00:00,1643.12,416.29,417.48,11.920014,313.68,146.65,1180.7987477099443,334.3293440923185,409.52450751231567,239.98589359830504,582.1344074372906,108.36975311357742,1167.420260362171,337.94031014033726,412.57634673345655,322.70358383678763,577.7499313408988,110.19598543167115,1167.420260362171,337.94031014033726,412.57634673345655,322.70358383678763,577.7499313408988,110.19598543167115
2026-01-24 02:00:00+00:00,1567.23,416.31,417.43,19.339998,315.72,142.34,1184.0779775307458,334.3293440923185,410.64893878515153,247.84808699656475,582.1344074372906,108.36975311357742,1167.420260362171,337.94031014033726,412.57634673345655,322.70358383678763,577.7499313408988,110.19598543167115,1167.420260362171,337.94031014033726,412.57634673345655,322.70358383678763,577.7499313408988,110.19598543167115
2026-01-24 03:00:00+00:00,1567.34,416.19,420.49,12.209992,307.16,140.73,1185.7840692167415,334.3293440923185,411.5772069589887,255.71028039482448,582.1344074372906,108.36975311357742,1167.420260362171,337.94031014033726,412.57634673345655,322.70358383678763,577.7499313408988,110.19598543167115,1167.420260362171,337.94031014033726,412.57634673345655,322.70358383678763,577.7499313408988,110.19598543167115
2026-01-24 04:00:00+00:00,1569.64,416.06,432.5,11.910005,305.39,138.85,1189.1436050323439,334.3293440923185,412.16286640510975,263.5724737930842,582.1344074372906,108.36975311357742,1167.420260362171,337.94031014033726,412.57634673345655,322.70358383678763,577.7499313408988,110.19598543167115,1167.420260362171,337.94031014033726,412.57634673345655,322.70358383678763,577.7499313408988,110.19598543167115
2026-01-24 05:00:00+00:00,1611.41,416.02,457.72,23.010012,307.87,137.3,1198.0411499059933,334.3293440923185,413.20317714087486,271.4346671913439,582.1344074372906,108.36975311357742,1167.420260362171,337.94031014033726,412.57634673345655,322.70358383678763,577.7499313408988,110.19598543167115,1167.420260362171,337.94031014033726,412.57634673345655,322.70358383678763,577.7499313408988,110.19598543167115
2026-01-24 06:00:00+00:00,1611.14,415.27,487.24,18.600008,304.88,136.05,1213.2418864626584,334.3293440923185,414.68384184490367,279.2968605896036,582.1344074372906,108.36975311357742,1167.420260362171,337.94031014033726,412.57634673345655,322.70358383678763,577.7499313408988,110.19598543167115,1167.420260362171,337.94031014033726,412.57634673345655,322.70358383678763,577.7499313408988,110.19598543167115
2026-01-24 07:00:00+00:00,1717.45,415.88,511.77,160.91,318.38,135.86,1231.0972664078233,334.3293440923185,415.91067499279967,287.15905398786333,582.1344074372906,108.36975311357742,1167.420260362171,337.94031014033726,412.57634673345655,322.70358383678763,577.7499313408988,110.19598543167115,1167.420260362171,337.94031014033726,412.57634673345655,322.70358383678763,577.7499313408988,110.19598543167115
2026-01-24 08:00:00+00:00,1788.56,415.29,506.46,331.24,351.14,138.14,1232.5484576248762,334.3293440923185,416.52942813797296,295.02124738612304,582.1344074372906,108.36975311357742,1167.420260362171,337.94031014033726,412.57634673345655,322.70358383678763,577.7499313408988,110.19598543167115,1167.420260362171,337.94031014033726,412.57634673345655,322.70358383678763,577.7499313408988,110.19598543167115
2026-01-24 09:00:00+00:00,1649.81,414.95,487.05,216.75,334.71,140.52,1214.5054835475075,334.3293440923185,416.21229957341825,302.8834407843828,582.1344074372906,108.36975311357742,1167.420260362171,337.94031014033726,412.57634673345655,322.70358383678763,577.7499313408988,110.19598543167115,1167.420260362171,337.94031014033726,412.57634673345655,322.70358383678763,577.7499313408988,110.19598543167115
2026-01-24 10:00:00+00:00,1636.37,415.1,463.49,129.05,321.39,140.39,1193.354074114738,334.3293440923185,415.6302432699625,310.7456341826425,582.1344074372906,108.36975311357742,1167.420260362171,337.94031014033726,412.57634673345655,322.70358383678763,577.7499313408988,110.19598543167115,1167.420260362171,337.94031014033726,412.57634673345655,322.70358383678763,577.7499313408988,110.19598543167115
2026-01-24 11:00:00+00:00,1500.42,415.18,450.28,80.81001,312.24,142.3,1170.0819481898147,334.3293440923185,415.3839653861705,318.6078275809022,582.1344074372906,108.36975311357742,1167.420260362171,337.94031014033726,412.57634673345655,322.70358383678763,577.7499313408988,110.19598543167115,1167.420260362171,337.94031014033726,412.57634673345655,322.70358383678763,577.7499313408988,110.19598543167115
2026-01-24 12:00:00+00:00,1614.99,414.37,448.86,56.73001,299.77,146.15,1160.9889461909447,334.3293440923185,415.9870853111708,326.4700209791619,582.1344074372906,108.36975311357742,1167.420260362171,337.94031014033726,412.57634673345655,322.70358383678763,577.7499313408988,110.19598543167115,1167.420260362171,337.94031014033726,412.57634673345655,322.70358383678763,577.7499313408988,110.19598543167115
2026-01-24 13:00:00+00:00,1689.0,414.23,449.5,23.220003,302.34,144.64,1172.5168051607675,334.3293440923185,416.915190406498,334.3322143774216,582.1344074372906,108.36975311357742,1167.420260362171,337.94031014033726,412.57634673345655,322.70358383678763,577.7499313408988,110.19598543167115,1167.420260362171,337.94031014033726,412.57634673345655,322.70358383678763,577.7499313408988,110.19598543167115
2026-01-24 14:00:00+00:00,1647.44,414.14,458.22,144.24,302.44,143.27,1199.154091717818,334.3293440923185,418.6349177542704,342.1944077756814,582.1344074372906,108.36975311357742,1167.420260362171,337.94031014033726,412.57634673345655,322.70358383678763,577.7499313408988,110.19598543167115,1167.420260362171,337.94031014033726,412.57634673345655,322.70358383678763,577.7499313408988,110.19598543167115
2026-01-24 15:00:00+00:00,1563.68,414.85,474.85,301.12,315.79,140.99,1228.4297359987554,334.3293440923185,420.6639387635883,350.0566011739411,582.1344074372906,108.36975311357742,1167.420260362171,337.94031014033726,412.57634673345655,322.70358383678763,577.7499313408988,110.19598543167115,1167.420260362171,337.94031014033726,412.57634673345655,322.70358383678763,577.7499313408988,110.19598543167115
2026-01-24 16:00:00+00:00,1656.78,414.62,494.79,809.96,378.63,141.68,1248.0602707902522,334.3293440923185,423.4327553008333,357.9187945722008,582.1344074372906,108.36975311357742,1167.420260362171,337.94031014033726,412.57634673345655,322.70358383678763,577.7499313408988,110.19598543167115,1167.420260362171,337.94031014033726,412.57634673345655,322.70358383678763,577.7499313408988,110.19598543167115
2026-01-24 17:00:00+00:00,1677.85,414.69,503.11,750.6,396.0,147.22,1251.4789211090126,334.3293440923185,424.96758019424846,365.7809879704605,582.1344074372906,108.36975311357742,1167.420260362171,337.94031014033726,412.57634673345655,322.70358383678763,577.7499313408988,110.19598543167115,1167.420260362171,337.94031014033726,412.57634673345655,322.70358383678763,577.7499313408988,110.19598543167115
2026-01-24 18:00:00+00:00,1678.22,414.79,494.9,398.07,347.79,146.87,1241.5155444786972,334.3293440923185,426.1665665400701,373.6431813687202,582.1344074372906,108.36975311357742,1167.420260362171,337.94031014033726,412.57634673345655,322.70358383678763,577.7499313408988,110.19598543167115,1167.420260362171,337.94031014033726,412.57634673345655,322.70358383678763,577.7499313408988,110.19598543167115
2026-01-24 19:00:00+00:00,1673.41,414.85,477.29,77.67,300.93,146.52,1222.7390358678078,334.3293440923185,426.9429143733503,381.50537476697997,582.1344074372906,108.36975311357742,1167.420260362171,337.94031014033726,412.57634673345655,322.70358383678763,577.7499313408988,110.19598543167115,1167.420260362171,337.94031014033726,412.57634673345655,322.70358383678763,577.7499313408988,110.19598543167115
2026-01-24 20:00:00+00:00,1671.21,415.06,463.74,79.81,298.7,146.17,1213.981556206029,334.3293440923185,428.0084413321852,389.3675681652397,582.1344074372906,108.36975311357742,1167.420260362171,337.94031014033726,412.57634673345655,322.70358383678763,577.7499313408988,110.19598543167115,1167.420260362171,337.94031014033726,412.57634673345655,322.70358383678763,577.7499313408988,110.19598543167115
2026-01-24 21:00:00+00:00,1656.96,414.99,454.2,61.26999,305.57,140.53,1206.117903992119,334.3293440923185,428.9270677306225,397.2297615634994,582.1344074372906,108.36975311357742,1167.420260362171,337.94031014033726,412.57634673345655,322.70358383678763,577.7499313408988,110.19598543167115,1167.420260362171,337.94031014033726,412.57634673345655,322.70358383678763,577.7499313408988,110.19598543167115
2026-01-24 22:00:00+00:00,1507.28,416.06,441.58,23.26999,303.06,139.94,1188.8461885410752,334.3293440923185,429.5479901862641,405.0919549617591,582.1344074372906,108.36975311357742,1167.420260362171,337.94031014033726,412.57634673345655,322.70358383678763,577.7499313408988,110.19598543167115,1167.420260362171,337.94031014033726,412.57634673345655,322.70358383678763,577.7499313408988,110.19598543167115
2026-01-24 23:00:00+00:00,1475.78,416.35,431.07,10.78,307.06,137.55,1177.5876038155766,334.3293440923185,430.26437564975197,412.9541483600188,582.1344074372906,108.36975311357742,1167.420260362171,337.94031014033726,412.57634673345655,322.70358383678763,577.7499313408988,110.19598543167115,1167.420260362171,337.94031014033726,412.57634673345655,322.70358383678763,577.7499313408988,110.19598543167115
2026-01-25 00:00:00+00:00,1452.85,417.39,426.29,0.27999985,311.51,136.49,1171.2593931404247,334.3293440923185,408.9964983496168,232.12370020004533,582.1344074372906,108.36975311357742,1167.420260362171,337.94031014033726,412.57634673345655,322.70358383678763,577.7499313408988,110.19598543167115,1167.420260362171,337.94031014033726,412.57634673345655,322.70358383678763,577.7499313408988,110.19598543167115
2026-01-25 01:00:00+00:00,1440.21,445.66,428.17,0.25000107,309.06,127.9,1162.9783764431163,334.3293440923185,409.57334953982155,239.98589359830504,582.1344074372906,108.36975311357742,1167.420260362171,337.94031014033726,412.57634673345655,322.70358383678763,577.7499313408988,110.19598543167115,1167.420260362171,337.94031014033726,412.57634673345655,322.70358383678763,577.7499313408988,110.19598543167115
2026-01-25 02:00:00+00:00,1433.07,445.9,429.66,0.35998642,311.64,132.49,1163.8767449798452,334.3293440923185,410.40741327758946,247.84808699656475,582.1344074372906,108.36975311357742,1167.420260362171,337.94031014033726,412.57634673345655,322.70358383678763,577.7499313408988,110.19598543167115,1167.420260362171,337.94031014033726,412.57634673345655,322.70358383678763,577.7499313408988,110.19598543167115
2026-01-25 03:00:00+00:00,1435.3,445.82,427.28,0.25000107,308.42,137.16,1168.0531423614548,334.3293440923185,411.398145479437,255.71028039482448,582.1344074372906,108.36975311357742,1167.420260362171,337.94031014033726,412.57634673345655,322.70358383678763,577.7499313408988,110.19598543167115,1167.420260362171,337.94031014033726,412.57634673345655,322.70358383678763,577.7499313408988,110.19598543167115
2026-01-25 04:00:00+00:00,1442.47,445.82,434.01,0.27999985,312.7,142.66,1166.3163153494304,334.3293440923185,412.1870821668135,263.5724737930842,582.1344074372906,108.36975311357742,1167.420260362171,337.94031014033726,412.57634673345655,322.70358383678763,577.7499313408988,110.19598543167115,1167.420260362171,337.94031014033726,412.57634673345655,322.70358383678763,577.7499313408988,110.19598543167115
2026-01-25 05:00:00+00:00,1440.33,445.73,451.72,14.980012,309.68,142.27,1170.3168932820226,334.3293440923185,413.07349348237494,271.4346671913439,582.1344074372906,108.36975311357742,1167.420260362171,337.94031014033726,412.57634673345655,322.70358383678763,577.7499313408988,110.19598543167115,1167.420260362171,337.94031014033726,412.57634673345655,322.70358383678763,577.7499313408988,110.19598543167115
2026-01-25 06:00:00+00:00,1471.43,435.83,476.16,33.04001,309.29,140.77,1177.665822393742,334.3293440923185,414.2395210120512,279.2968605896036,582.1344074372906,108.36975311357742,1167.420260362171,337.94031014033726,412.57634673345655,322.70358383678763,577.7499313408988,110.19598543167115,1167.420260362171,337.94031014033726,412.57634673345655,322.70358383678763,577.7499313408988,110.19598543167115
2026-01-25 07:00:00+00:00,1462.19,436.62,497.6,18.410006,307.94,139.54,1194.2253327246588,334.3293440923185,415.376118098727,287.15905398786333,582.1344074372906,108.36975311357742,1167.420260362171,337.94031014033726,412.57634673345655,322.70358383678763,577.7499313408988,110.19598543167115,1167.420260362171,337.94031014033726,412.57634673345655,322.70358383678763,577.7499313408988,110.19598543167115
2026-01-25 08:00:00+00:00,1469.06,432.11,496.13,27.79001,307.05,140.71,1210.932066078338,334.3293440923185,416.2403584445913,295.02124738612304,582.1344074372906,108.36975311357742,1167.420260362171,337.94031014033726,412.57634673345655,322.70358383678763,577.7499313408988,110.19598543167115,1167.420260362171,337.94031014033726,412.57634673345655,322.70358383678763,577.7499313408988,110.19598543167115
2026-01-25 09:00:00+00:00,1473.53,429.33,479.32,11.220002,305.43,139.71,1216.8228531733566,334.3293440923185,416.6834598124211,302.8834407843828,582.1344074372906,108.36975311357742,1167.420260362171,337.94031014033726,412.57634673345655,322.70358383678763,577.7499313408988,110.19598543167115,1167.420260362171,337.94031014033726,412.57634673345655,322.70358383678763,577.7499313408988,110.19598543167115
2026-01-25 10:00:00+00:00,1477.94,427.95,458.43,58.28,302.69,141.57,1215.1670100920678,334.3293440923185,417.0941675264064,310.7456341826425,582.1344074372906,108.36975311357742,1167.420260362171,337.94031014033726,412.57634673345655,322.70358383678763,577.7499313408988,110.19598543167115,1167.420260362171,337.94031014033726,412.57634673345655,322.70358383678763,577.7499313408988,110.19598543167115
2026-01-25 11:00:00+00:00,1477.71,427.46,454.88,195.96002,295.84,142.73,1209.1996643296209,334.3293440923185,417.4192260339457,318.6078275809022,582.1344074372906,108.36975311357742,1167.420260362171,337.94031014033726,412.57634673345655,322.70358383678763,577.7499313408988,110.19598543167115,1167.420260362171,337.94031014033726,412.57634673345655,322.70358383678763,577.7499313408988,110.19598543167115
2026-01-25 12:00:00+00:00,1464.84,428.14,451.84,91.19998,297.23,141.59,1206.6771360814441,334.3293440923185,418.50618457341324,326.4700209791619,582.1344074372906,108.36975311357742,1167.420260362171,337.94031014033726,412.57634673345655,322.70358383678763,577.7499313408988,110.19598543167115,1167.420260362171,337.94031014033726,412.57634673345655,322.70358383678763,577.7499313408988,110.19598543167115
2026-01-25 13:00:00+00:00,1466.29,428.1,463.06,129.53,297.63,139.77,1209.918946239928,334.3293440923185,419.41487794754806,334.3322143774216,582.1344074372906,108.36975311357742,1167.420260362171,337.94031014033726,412.57634673345655,322.70358383678763,577.7499313408988,110.19598543167115,1167.420260362171,337.94031014033726,412.57634673345655,322.70358383678763,577.7499313408988,110.19598543167115
2026-01-25 14:00:00+00:00,1481.41,428.08,483.4,166.15,303.96,139.63,1221.993873281189,334.3293440923185,420.7713878917135,342.1944077756814,582.1344074372906,108.36975311357742,1167.420260362171,337.94031014033726,412.57634673345655,322.70358383678763,577.7499313408988,110.19598543167115,1167.420260362171,337.94031014033726,412.57634673345655,322.70358383678763,577.7499313408988,110.19598543167115
2026-01-25 15:00:00+00:00,1568.42,427.98,500.91,386.8,300.03,136.08,1234.14957987767,334.3293440923185,422.19798569808614,350.0566011739411,582.1344074372906,108.36975311357742,1167.420260362171,337.94031014033726,412.57634673345655,322.70358383678763,577.7499313408988,110.19598543167115,1167.420260362171,337.94031014033726,412.57634673345655,322.70358383678763,577.7499313408988,110.19598543167115
2026-01-25 16:00:00+00:00,1642.26,440.48,519.61,1017.83,300.94,138.79,1256.1116670139902,334.3293440923185,423.9971201921421,357.9187945722008,582.1344074372906,108.36975311357742,1167.420260362171,337.94031014033726,412.57634673345655,322.70358383678763,577.7499313408988,110.19598543167115,1167.420260362171,337.94031014033726,412.57634673345655,322.70358383678763,577.7499313408988,110.19598543167115
2026-01-25 17:00:00+00:00,1654.03,444.49,519.4,1009.97,304.65,140.41,1263.7804787233374,334.3293440923185,425.2544322516384,365.7809879704605,582.1344074372906,108.36975311357742,1167.420260362171,337.94031014033726,412.57634673345655,322.70358383678763,577.7499313408988,110.19598543167115,1167.420260362171,337.94031014033726,412.57634673345655,322.70358383678763,577.7499313408988,110.19598543167115
2026-01-25 18:00:00+00:00,1658.25,444.41,506.61,916.17,305.48,141.18,1258.3855044009356,334.3293440923185,426.1260752363213,373.6431813687202,582.1344074372906,108.36975311357742,1167.420260362171,337.94031014033726,412.57634673345655,322.70358383678763,577.7499313408988,110.19598543167115,1167.420260362171,337.94031014033726,412.57634673345655,322.70358383678763,577.7499313408988,110.19598543167115
2026-01-25 19:00:00+00:00,1615.18,444.56,501.67,409.71,303.5,141.63,1248.1695124049813,334.3293440923185,426.93495765266266,381.50537476697997,582.1344074372906,108.36975311357742,1167.420260362171,337.94031014033726,412.57634673345655,322.70358383678763,577.7499313408988,110.19598543167115,1167.420260362171,337.94031014033726,412.57634673345655,322.70358383678763,577.7499313408988,110.19598543167115
2026-01-25 20:00:00+00:00,1626.85,436.45,489.34,164.84,306.21,142.67,1240.9553596839987,334.3293440923185,427.82398841771294,389.3675681652397,582.1344074372906,108.36975311357742,1167.420260362171,337.94031014033726,412.57634673345655,322.70358383678763,577.7499313408988,110.19598543167115,1167.420260362171,337.94031014033726,412.57634673345655,322.70358383678763,577.7499313408988,110.19598543167115
2026-01-25 21:00:00+00:00,1647.92,437.83,473.09,716.7801,341.03,144.25,1231.5541316794545,334.3293440923185,428.6372069922357,397.2297615634994,582.1344074372906,108.36975311357742,1167.420260362171,337.94031014033726,412.57634673345655,322.70358383678763,577.7499313408988,110.19598543167115,1167.420260362171,337.94031014033726,412.57634673345655,322.70358383678763,577.7499313408988,110.19598543167115
2026-01-25 22:00:00+00:00,1650.16,444.46,459.26,387.0,343.24,145.42,1216.3665442095487,334.3293440923185,429.189558129355,405.0919549617591,582.1344074372906,108.36975311357742,1167.420260362171,337.94031014033726,412.57634673345655,322.70358383678763,577.7499313408988,110.19598543167115,1167.420260362171,337.94031014033726,412.57634673345655,322.70358383678763,577.7499313408988,110.19598543167115
2026-01-25 23:00:00+00:00,1634.08,439.32,443.68,187.12,315.48,146.61,1204.660971013992,334.3293440923185,429.84212504764804,412.9541483600188,582.1344074372906,108.36975311357742,1167.420260362171,337.94031014033726,412.57634673345655,322.70358383678763,577.7499313408988,110.19598543167115,1167.420260362171,337.94031014033726,412.57634673345655,322.70358383678763,577.7499313408988,110.19598543167115
2026-01-26 00:00:00+00:00,1624.97,431.16,435.04,188.82,308.54,147.92,1193.7889756281063,334.3293440923185,408.1513386063259,232.12370020004533,582.1344074372906,108.36975311357742,1167.420260362171,337.94031014033726,412.57634673345655,322.70358383678763,577.7499313408988,110.19598543167115,1167.420260362171,337.94031014033726,412.57634673345655,322.70358383678763,577.7499313408988,110.19598543167115
2026-01-26 01:00:00+00:00,1660.48,431.8,432.09,15.929994,306.39,147.18,1185.2909618161316,334.3293440923185,408.9529158085651,239.98589359830504,582.1344074372906,108.36975311357742,1167.420260362171,337.94031014033726,412.57634673345655,322.70358383678763,577.7499313408988,110.19598543167115,1167.420260362171,337.94031014033726,412.57634673345655,322.70358383678763,577.7499313408988,110.19598543167115
2026-01-26 02:00:00+00:00,1807.02,432.71,430.21,12.000001,333.59,147.8,1177.932783027421,334.3293440923185,409.7995419846352,247.84808699656475,582.1344074372906,108.36975311357742,1167.420260362171,337.94031014033726,412.57634673345655,322.70358383678763,577.7499313408988,110.19598543167115,1167.420260362171,337.94031014033726,412.57634673345655,322.70358383678763,577.7499313408988,110.19598543167115
2026-01-26 03:00:00+00:00,1732.82,433.82,430.1,0.25000107,313.55,145.29,1183.7511439377524,334.3293440923185,410.79360699422807,255.71028039482448,582.1344074372906,108.36975311357742,1167.420260362171,337.94031014033726,412.57634673345655,322.70358383678763,577.7499313408988,110.19598543167115,1167.420260362171,337.94031014033726,412.57634673345655,322.70358383678763,577.7499313408988,110.19598543167115
2026-01-26 04:00:00+00:00,1963.52,443.61,440.32,7.9100046,323.97,235.03,1210.120689524855,334.3293440923185,412.04491673777846,263.5724737930842,582.1344074372906,108.36975311357742,1167.420260362171,337.94031014033726,412.57634673345655,322.70358383678763,577.7499313408988,110.19598543167115,1167.420260362171,337.94031014033726,412.57634673345655,322.70358383678763,577.7499313408988,110.19598543167115
2026-01-26 05:00:00+00:00,2230.18,447.02133,462.97,193.31,330.73,248.5375,1263.809221771766,334.3293440923185,413.8706036659042,271.4346671913439,582.1344074372906,108.36975311357742,1167.420260362171,337.94031014033726,412.57634673345655,322.70358383678763,577.7499313408988,110.19598543167115,1167.420260362171,337.94031014033726,412.57634673345655,322.70358383678763,577.7499313408988,110.19598543167115
2026-01-26 06:00:00+00:00,2267.72,450.43265,487.21,552.96,398.81,262.04498,1292.9294369764918,334.3293440923185,415.3098373602441,279.2968605896036,582.1344074372906,108.36975311357742,1167.420260362171,337.94031014033726,412.57634673345655,322.70358383678763,577.7499313408988,110.19598543167115,1167.420260362171,337.94031014033726,412.57634673345655,322.70358383678763,577.7499313408988,110.19598543167115
2026-01-26 07:00:00+00:00,2406.16,453.844,502.2,436.92,471.73,275.5525,1308.2714762123403,334.3293440923185,416.3311824073574,287.15905398786333,582.1344074372906,108.36975311357742,1167.420260362171,337.94031014033726,412.57634673345655,322.70358383678763,577.7499313408988,110.19598543167115,1167.420260362171,337.94031014033726,412.57634673345655,322.70358383678763,577.7499313408988,110.19598543167115
2026-01-26 08:00:00+00:00,2559.36,457.2553,501.33,679.56,459.23,289.06,1309.7067288260844,334.3293440923185,417.0273287232518,295.02124738612304,582.1344074372906,108.36975311357742,1167.420260362171,337.94031014033726,412.57634673345655,322.70358383678763,577.7499313408988,110.19598543167115,1167.420260362171,337.94031014033726,412.57634673345655,322.70358383678763,577.7499313408988,110.19598543167115
2026-01-26 09:00:00+00:00,2571.95,460.66666,482.78,799.65,536.31,268.63,1304.5639470078802,334.3293440923185,417.6029334815286,302.8834407843828,582.1344074372906,108.36975311357742,1167.420260362171,337.94031014033726,412.57634673345655,322.70358383678763,577.7499313408988,110.19598543167115,1167.420260362171,337.94031014033726,412.57634673345655,322.70358383678763,577.7499313408988,110.19598543167115
2026-01-26 10:00:00+00:00,2565.16,464.078,462.12,464.51,540.25,271.5,1293.9866103797165,334.3293440923185,418.13198438409813,310.7456341826425,582.1344074372906,108.36975311357742,1167.420260362171,337.94031014033726,412.57634673345655,322.70358383678763,577.7499313408988,110.19598543167115,1167.420260362171,337.94031014033726,412.57634673345655,322.70358383678763,577.7499313408988,110.19598543167115
2026-01-26 11:00:00+00:00,2557.55,467.48932,449.66,544.14,539.33,264.02,1283.8877735567503,334.3293440923185,418.37765072758384,318.6078275809022,582.1344074372906,108.36975311357742,1167.420260362171,337.94031014033726,412.57634673345655,322.70358383678763,577.7499313408988,110.19598543167115,1167.420260362171,337.94031014033726,412.57634673345655,322.70358383678763,577.7499313408988,110.19598543167115
2026-01-26 12:00:00+00:00,2543.63,470.90067,442.07,580.59,539.78,265.63,1272.7914940817911,334.3293440923185,418.5325468669669,326.4700209791619,582.1344074372906,108.36975311357742,1167.420260362171,337.94031014033726,412.57634673345655,322.70358383678763,577.7499313408988,110.19598543167115,1167.420260362171,337.94031014033726,412.57634673345655,322.70358383678763,577.7499313408988,110.19598543167115
2026-01-26 13:00:00+00:00,2496.8,474.31198,451.06,502.13,542.22,265.52,1261.9223761543792,334.3293440923185,418.7016824953357,334.3322143774216,582.1344074372906,108.36975311357742,1167.420260362171,337.94031014033726,412.57634673345655,322.70358383678763,577.7499313408988,110.19598543167115,1167.420260362171,337.94031014033726,412.57634673345655,322.70358383678763,577.7499313408988,110.19598543167115
2026-01-26 14:00:00+00:00,2469.56,477.72333,462.07,533.94,539.7,267.64,1266.3790603511968,334.3293440923185,419.624370859612,342.1944077756814,582.1344074372906,108.36975311357742,1167.420260362171,337.94031014033726,412.57634673345655,322.70358383678763,577.7499313408988,110.19598543167115,1167.420260362171,337.94031014033726,412.57634673345655,322.70358383678763,577.7499313408988,110.19598543167115
2026-01-26 15:00:00+00:00,2443.94,481.13467,494.39,483.33,560.15,149.79,1273.063706194825,334.3293440923185,420.8452563612948,350.0566011739411,582.1344074372906,108.36975311357742,1167.420260362171,337.94031014033726,412.57634673345655,322.70358383678763,577.7499313408988,110.19598543167115,1167.420260362171,337.94031014033726,412.57634673345655,322.70358383678763,577.7499313408988,110.19598543167115
2026-01-26 16:00:00+00:00,2244.53,484.546,512.61,980.67,553.44,143.88,1284.815445534939,334.3293440923185,422.51278354552585,357.9187945722008,582.1344074372906,108.36975311357742,1167.420260362171,337.94031014033726,412.57634673345655,322.70358383678763,577.7499313408988,110.19598543167115,1167.420260362171,337.94031014033726,412.57634673345655,322.70358383678763,577.7499313408988,110.19598543167115
2026-01-26 17:00:00+00:00,2209.74,487.95734,514.3,1042.47,544.77,144.17,1291.880462790084,334.3293440923185,423.81681856330727,365.7809879704605,582.1344074372906,108.36975311357742,1167.420260362171,337.94031014033726,412.57634673345655,322.70358383678763,577.7499313408988,110.19598543167115,1167.420260362171,337.94031014033726,412.57634673345655,322.70358383678763,577.7499313408988,110.19598543167115
2026-01-26 18:00:00+00:00,2314.94,491.36865,498.2,818.24,486.84,142.99,1285.6468455945362,334.3293440923185,424.7460706561205,373.6431813687202,582.1344074372906,108.36975311357742,1167.420260362171,337.94031014033726,412.57634673345655,322.70358383678763,577.7499313408988,110.19598543167115,1167.420260362171,337.94031014033726,412.57634673345655,322.70358383678763,577.7499313408988,110.19598543167115
2026-01-26 19:00:00+00:00,2348.97,494.78,481.38,402.67,488.65,146.23,1274.6275570634477,334.3293440923185,425.68414010309965,381.50537476697997,582.1344074372906,108.36975311357742,1167.420260362171,337.94031014033726,412.57634673345655,322.70358383678763,577.7499313408988,110.19598543167115,1167.420260362171,337.94031014033726,412.57634673345655,322.70358383678763,577.7499313408988,110.19598543167115
2026-01-26 20:00:00+00:00,2371.06,435.2,466.88,309.96,459.7,146.96,1259.4182127299264,334.3293440923185,426.57794529654893,389.3675681652397,582.1344074372906,108.36975311357742,1167.420260362171,337.94031014033726,412.57634673345655,322.70358383678763,577.7499313408988,110.19598543167115,1167.420260362171,337.94031014033726,412.57634673345655,322.70358383678763,577.7499313408988,110.19598543167115
2026-01-26 21:00:00+00:00,2398.43,433.66,453.32,131.54001,401.02,149.44,1246.6312021955766,334.3293440923185,426.9822396783518,397.2297615634994,582.1344074372906,108.36975311357742,1167.420260362171,337.94031014033726,412.57634673345655,322.70358383678763,577.7499313408988,110.19598543167115,1167.420260362171,337.94031014033726,412.57634673345655,322.70358383678763,577.7499313408988,110.19598543167115
2026-01-26 22:00:00+00:00,2389.5,410.45,436.96,25.54999,417.18,149.46,1232.5025481328603,334.3293440923185,427.56366798858517,405.0919549617591,582.1344074372906,108.36975311357742,1167.420260362171,337.94031014033726,412.57634673345655,322.70358383678763,577.7499313408988,110.19598543167115,1167.420260362171,337.94031014033726,412.57634673345655,322.70358383678763,577.7499313408988,110.19598543167115
2026-01-26 23:00:00+00:00,2245.9,404.49,427.7,33.03,408.27,146.81,1222.0491125302506,334.3293440923185,428.47524439884796,412.9541483600188,582.1344074372906,108.36975311357742,1167.420260362171,337.94031014033726,412.57634673345655,322.70358383678763,577.7499313408988,110.19598543167115,1167.420260362171,337.94031014033726,412.57634673345655,322.70358383678763,577.7499313408988,110.19598543167115
2026-01-27 00:00:00+00:00,2276.53,404.59,418.81,47.320007,450.94,146.78,1214.4816732330128,334.3293440923185,406.9387194076144,232.12370020004533,582.1344074372906,108.36975311357742,1167.420260362171,337.94031014033726,412.57634673345655,322.70358383678763,577.7499313408988,110.19598543167115,1167.420260362171,337.94031014033726,412.57634673345655,322.70358383678763,577.7499313408988,110.19598543167115
2026-01-27 01:00:00+00:00,2363.26,404.61,418.22,77.5,422.54,145.21,1208.2797988367242,334.3293440923185,407.8843619902017,239.98589359830504,582.1344074372906,108.36975311357742,1167.420260362171,337.94031014033726,412.57634673345655,322.70358383678763,577.7499313408988,110.19598543167115,1167.420260362171,337.94031014033726,412.57634673345655,322.70358383678763,577.7499313408988,110.19598543167115
2026-01-27 02:00:00+00:00,2456.98,404.53,417.16,39.070007,398.06,164.11,1211.054696836161,334.3293440923185,408.85751083104486,247.84808699656475,582.1344074372906,108.36975311357742,1167.420260362171,337.94031014033726,412.57634673345655,322.70358383678763,577.7499313408988,110.19598543167115,1167.420260362171,337.94031014033726,412.57634673345655,322.70358383678763,577.7499313408988,110.19598543167115
2026-01-27 03:00:00+00:00,2518.05,403.75,419.82,99.09,411.31,277.17,1220.890279949918,334.3293440923185,410.2316604774588,255.71028039482448,582.1344074372906,108.36975311357742,1167.420260362171,337.94031014033726,412.57634673345655,322.70358383678763,577.7499313408988,110.19598543167115,1167.420260362171,337.94031014033726,412.57634673345655,322.70358383678763,577.7499313408988,110.19598543167115
2026-01-27 04:00:00+00:00,2492.17,435.63,434.0,192.0,424.62,273.462,1238.6126578602389,334.3293440923185,412.02758310306456,263.5724737930842,582.1344074372906,108.36975311357742,1167.420260362171,337.94031014033726,412.57634673345655,322.70358383678763,577.7499313408988,110.19598543167115,1167.420260362171,337.94031014033726,412.57634673345655,322.70358383678763,577.7499313408988,110.19598543167115
2026-01-27 05:00:00+00:00,2454.59,463.25,453.35,1085.73,534.04,269.754,1279.1753927640118,334.3293440923185,414.1435509269649,271.4346671913439,582.1344074372906,108.36975311357742,1167.420260362171,337.94031014033726,412.57634673345655,322.70358383678763,577.7499313408988,110.19598543167115,1167.420260362171,337.94031014033726,412.57634673345655,322.70358383678763,577.7499313408988,110.19598543167115
2026-01-27 06:00:00+00:00,2435.55,463.285,476.65,1259.68,594.87,266.04602,1308.4488187705117,334.3293440923185,415.7837184358548,279.2968605896036,582.1344074372906,108.36975311357742,1167.420260362171,337.94031014033726,412.57634673345655,322.70358383678763,577.7499313408988,110.19598543167115,1167.420260362171,337.94031014033726,412.57634673345655,322.70358383678763,577.7499313408988,110.19598543167115
2026-01-27 07:00:00+00:00,2451.73,463.32,493.83,1299.7,604.21,262.338,1307.7022517992953,334.3293440923185,417.03469828047,287.15905398786333,582.1344074372906,108.36975311357742,1167.420260362171,337.94031014033726,412.57634673345655,322.70358383678763,577.7499313408988,110.19598543167115,1167.420260362171,337.94031014033726,412.57634673345655,322.70358383678763,577.7499313408988,110.19598543167115
2026-01-27 08:00:00+00:00,2487.46,463.355,493.09,955.2,549.32,258.63,1281.33052580654,334.3293440923185,416.95391847496296,295.02124738612304,582.1344074372906,108.36975311357742,1167.420260362171,337.94031014033726,412.57634673345655,322.70358383678763,577.7499313408988,110.19598543167115,1167.420260362171,337.94031014033726,412.57634673345655,322.70358383678763,577.7499313408988,110.19598543167115
2026-01-27 09:00:00+00:00,2683.9,463.39,469.44,254.99,527.38,148.63,1251.0344871421369,334.3293440923185,415.90824342586194,302.8834407843828,582.1344074372906,108.36975311357742,1167.420260362171,337.94031014033726,412.57634673345655,322.70358383678763,577.7499313408988,110.19598543167115,1167.420260362171,337.94031014033726,412.57634673345655,322.70358383678763,577.7499313408988,110.19598543167115
2026-01-27 10:00:00+00:00,2822.28,354.94,457.13,209.07002,470.07,150.03,1225.4306613439023,334.3293440923185,415.34652818540343,310.7456341826425,582.1344074372906,108.36975311357742,1167.420260362171,337.94031014033726,412.57634673345655,322.70358383678763,577.7499313408988,110.19598543167115,1167.420260362171,337.94031014033726,412.57634673345655,322.70358383678763,577.7499313408988,110.19598543167115
2026-01-27 11:00:00+00:00,2789.48,333.88,448.81,96.0,440.73,147.59,1221.1707634539398,334.3293440923185,415.63963005683604,318.6078275809022,582.1344074372906,108.36975311357742,1167.420260362171,337.94031014033726,412.57634673345655,322.70358383678763,577.7499313408988,110.19598543167115,1167.420260362171,337.94031014033726,412.57634673345655,322.70358383678763,577.7499313408988,110.19598543167115
2026-01-27 12:00:00+00:00,2770.9,333.96,443.97,15.899995,419.4,147.97,1216.9285885131976,334.3293440923185,416.1725061762617,326.4700209791619,582.1344074372906,108.36975311357742,1167.420260362171,337.94031014033726,412.57634673345655,322.70358383678763,577.7499313408988,110.19598543167115,1167.420260362171,337.94031014033726,412.57634673345655,322.70358383678763,577.7499313408988,110.19598543167115
2026-01-27 13:00:00+00:00,2853.06,333.91,458.05,39.600006,398.09998,142.77,1231.2196176193238,334.3293440923185,417.80931286812904,334.3322143774216,582.1344074372906,108.36975311357742,1167.420260362171,337.94031014033726,412.57634673345655,322.70358383678763,577.7499313408988,110.19598543167115,1167.420260362171,337.94031014033726,412.57634673345655,322.70358383678763,577.7499313408988,110.19598543167115
2026-01-27 14:00:00+00:00,2967.3398,333.65,480.5,62.45999,377.62,144.52,1244.3326388095184,334.3293440923185,419.3648151503083,342.1944077756814,582.1344074372906,108.36975311357742,1167.420260362171,337.94031014033726,412.57634673345655,322.70358383678763,577.7499313408988,110.19598543167115,1167.420260362171,337.94031014033726,412.57634673345655,322.70358383678763,577.7499313408988,110.19598543167115
2026-01-27 15:00:00+00:00,2969.78,343.8,502.56,139.37,378.87997,144.88,1251.9817485626168,334.3293440923185,421.04317010690727,350.0566011739411,582.1344074372906,108.36975311357742,1167.420260362171,337.94031014033726,412.57634673345655,322.70358383678763,577.7499313408988,110.19598543167115,1167.420260362171,337.94031014033726,412.57634673345655,322.70358383678763,577.7499313408988,110.19598543167115
2026-01-27 16:00:00+00:00,2955.96,373.83,518.65,139.92,390.85,142.94,1270.7446454497558,334.3293440923185,422.79855506792927,357.9187945722008,582.1344074372906,108.36975311357742,1167.420260362171,337.94031014033726,412.57634673345655,322.70358383678763,577.7499313408988,110.19598543167115,1167.420260362171,337.94031014033726,412.57634673345655,322.70358383678763,577.7499313408988,110.19598543167115
2026-01-27 17:00:00+00:00,2950.09,392.54,513.64,259.28,409.34,143.29,1278.27565037864,334.3293440923185,424.0204429054538,365.7809879704605,582.1344074372906,108.36975311357742,1167.420260362171,337.94031014033726,412.57634673345655,322.70358383678763,577.7499313408988,110.19598543167115,1167.420260362171,337.94031014033726,412.57634673345655,322.70358383678763,577.7499313408988,110.19598543167115
2026-01-27 18:00:00+00:00,2958.1296,403.17,510.89,253.03,404.36,143.77,1275.1364409031535,334.3293440923185,424.9665446545319,373.6431813687202,582.1344074372906,108.36975311357742,1167.420260362171,337.94031014033726,412.57634673345655,322.70358383678763,577.7499313408988,110.19598543167115,1167.420260362171,337.94031014033726,412.57634673345655,322.70358383678763,577.7499313408988,110.19598543167115
2026-01-27 19:00:00+00:00,2960.69,404.36,494.19,254.05,382.27,145.17,1264.3488642945774,334.3293440923185,425.4771181527321,381.50537476697997,582.1344074372906,108.36975311357742,1167.420260362171,337.94031014033726,412.57634673345655,322.70358383678763,577.7499313408988,110.19598543167115,1167.420260362171,337.94031014033726,412.57634673345655,322.70358383678763,577.7499313408988,110.19598543167115
2026-01-27 20:00:00+00:00,2958.55,404.3,481.77,559.03,364.86996,145.86,1258.4137111779025,334.3293440923185,426.13368391461086,389.3675681652397,582.1344074372906,108.36975311357742,1167.420260362171,337.94031014033726,412.57634673345655,322.70358383678763,577.7499313408988,110.19598543167115,1167.420260362171,337.94031014033726,412.57634673345655,322.70358383678763,577.7499313408988,110.19598543167115
2026-01-27 21:00:00+00:00,2705.4,404.5,465.17,614.49,340.78,147.3,1241.1181215748109,334.3293440923185,426.52743208822534,397.2297615634994,582.1344074372906,108.36975311357742,1167.420260362171,337.94031014033726,412.57634673345655,322.70358383678763,577.7499313408988,110.19598543167115,1167.420260362171,337.94031014033726,412.57634673345655,322.70358383678763,577.7499313408988,110.19598543167115
2026-01-27 22:00:00+00:00,2469.0,404.67,450.9,164.46,338.96,147.41,1227.167660497633,334.3293440923185,427.26443371576715,405.0919549617591,582.1344074372906,108.36975311357742,1167.420260362171,337.94031014033726,412.57634673345655,322.70358383678763,577.7499313408988,110.19598543167115,1167.420260362171,337.94031014033726,412.57634673345655,322.70358383678763,577.7499313408988,110.19598543167115
2026-01-27 23:00:00+00:00,2469.08,378.38,434.31,148.2,331.35,141.6,1214.775312267089,334.3293440923185,427.9269955863534,412.9541483600188,582.1344074372906,108.36975311357742,1167.420260362171,337.94031014033726,412.57634673345655,322.70358383678763,577.7499313408988,110.19598543167115,1167.420260362171,337.94031014033726,412.57634673345655,322.70358383678763,577.7499313408988,110.19598543167115
2026-01-28 00:00:00+00:00,2412.21,373.78,432.03,168.76,329.04,143.05,1207.7183434368494,334.3293440923185,406.634106789123,232.12370020004533,582.1344074372906,108.36975311357742,1167.420260362171,337.94031014033726,412.57634673345655,322.70358383678763,577.7499313408988,110.19598543167115,1167.420260362171,337.94031014033726,412.57634673345655,322.70358383678763,577.7499313408988,110.19598543167115
2026-01-28 01:00:00+00:00,2418.88,373.87,425.59,186.78,327.53,145.73,1201.6591941915456,334.3293440923185,407.3877535839391,239.98589359830504,582.1344074372906,108.36975311357742,1167.420260362171,337.94031014033726,412.57634673345655,322.70358383678763,577.7499313408988,110.19598543167115,1167.420260362171,337.94031014033726,412.57634673345655,322.70358383678763,577.7499313408988,110.19598543167115
2026-01-28 02:00:00+00:00,2664.36,373.79,426.97,83.59,330.24,146.61,1202.9872008107743,334.3293440923185,408.32769982813636,247.84808699656475,582.1344074372906,108.36975311357742,1167.420260362171,337.94031014033726,412.57634673345655,322.70358383678763,577.7499313408988,110.19598543167115,1167.420260362171,337.94031014033726,412.57634673345655,322.70358383678763,577.7499313408988,110.19598543167115
2026-01-28 03:00:00+00:00,3003.01,373.47,432.85,73.61,330.39996,143.49,1212.4759352615174,334.3293440923185,409.54168445842726,255.71028039482448,582.1344074372906,108.36975311357742,1167.420260362171,337.94031014033726,412.57634673345655,322.70358383678763,577.7499313408988,110.19598543167115,1167.420260362171,337.94031014033726,412.57634673345655,322.70358383678763,577.7499313408988,110.19598543167115
2026-01-28 04:00:00+00:00,3314.04,373.51,441.16,106.44,331.25,140.45,1229.2235614910192,334.3293440923185,410.987280990085,263.5724737930842,582.1344074372906,108.36975311357742,1167.420260362171,337.94031014033726,412.57634673345655,322.70358383678763,577.7499313408988,110.19598543167115,1167.420260362171,337.94031014033726,412.57634673345655,322.70358383678763,577.7499313408988,110.19598543167115
2026-01-28 05:00:00+00:00,3640.77,407.73,456.17,282.55,333.84,141.5,1273.7999099193935,334.3293440923185,413.0550260084316,271.4346671913439,582.1344074372906,108.36975311357742,1167.420260362171,337.94031014033726,412.57634673345655,322.70358383678763,577.7499313408988,110.19598543167115,1167.420260362171,337.94031014033726,412.57634673345655,322.70358383678763,577.7499313408988,110.19598543167115
2026-01-28 06:00:00+00:00,3827.16,451.9,482.71,602.91,411.36,141.32,1303.7799954233428,334.3293440923185,414.53347887676387,279.2968605896036,582.1344074372906,108.36975311357742,1167.420260362171,337.94031014033726,412.57634673345655,322.70358383678763,577.7499313408988,110.19598543167115,1167.420260362171,337.94031014033726,412.57634673345655,322.70358383678763,577.7499313408988,110.19598543167115
2026-01-28 07:00:00+00:00,3817.39,452.9,498.47,1122.11,445.61,141.24,1312.6120978059287,334.3293440923185,415.7319825756194,287.15905398786333,582.1344074372906,108.36975311357742,1167.420260362171,337.94031014033726,412.57634673345655,322.70358383678763,577.7499313408988,110.19598543167115,1167.420260362171,337.94031014033726,412.57634673345655,322.70358383678763,577.7499313408988,110.19598543167115
2026-01-28 08:00:00+00:00,3751.29,438.2,497.35,1134.1699,484.01,136.97,1305.8860713612182,334.3293440923185,416.37900646953267,295.02124738612304,582.1344074372906,108.36975311357742,1167.420260362171,337.94031014033726,412.57634673345655,322.70358383678763,577.7499313408988,110.19598543167115,1167.420260362171,337.94031014033726,412.57634673345655,322.70358383678763,577.7499313408988,110.19598543167115
2026-01-28 09:00:00+00:00,3778.06,388.11,484.31,867.91,472.15,142.63,1292.4768601009075,334.3293440923185,416.73998525600825,302.8834407843828,582.1344074372906,108.36975311357742,1167.420260362171,337.94031014033726,412.57634673345655,322.70358383678763,577.7499313408988,110.19598543167115,1167.420260362171,337.94031014033726,412.57634673345655,322.70358383678763,577.7499313408988,110.19598543167115
2026-01-28 10:00:00+00:00,3811.32,373.04,467.85,383.55,505.69,145.35,1284.5765016362,334.3293440923185,417.29683627000804,310.7456341826425,582.1344074372906,108.36975311357742,1167.420260362171,337.94031014033726,412.57634673345655,322.70358383678763,577.7499313408988,110.19598543167115,1167.420260362171,337.94031014033726,412.57634673345655,322.70358383678763,577.7499313408988,110.19598543167115
2026-01-28 11:00:00+00:00,3771.73,372.87,457.6,799.18,560.91,141.62,1293.5305606259878,334.3293440923185,418.27943644838416,318.6078275809022,582.1344074372906,108.36975311357742,1167.420260362171,337.94031014033726,412.57634673345655,322.70358383678763,577.7499313408988,110.19598543167115,1167.420260362171,337.94031014033726,412.57634673345655,322.70358383678763,577.7499313408988,110.19598543167115
2026-01-28 12:00:00+00:00,3763.51,372.85,453.79,762.0,562.73,142.64,1296.8268388886206,334.3293440923185,419.30630743587017,326.4700209791619,582.1344074372906,108.36975311357742,1167.420260362171,337.94031014033726,412.57634673345655,322.70358383678763,577.7499313408988,110.19598543167115,1167.420260362171,337.94031014033726,412.57634673345655,322.70358383678763,577.7499313408988,110.19598543167115
2026-01-28 13:00:00+00:00,3781.01,373.05,461.4,736.78,552.37,140.87,1302.0778180002085,334.3293440923185,420.30274185995717,334.3322143774216,582.1344074372906,108.36975311357742,1167.420260362171,337.94031014033726,412.57634673345655,322.70358383678763,577.7499313408988,110.19598543167115,1167.420260362171,337.94031014033726,412.57634673345655,322.70358383678763,577.7499313408988,110.19598543167115
2026-01-28 14:00:00+00:00,3798.51,440.46,483.91,548.9,444.87,293.5,1304.436132163293,334.3293440923185,421.40857581921034,342.1944077756814,582.1344074372906,108.36975311357742,1167.420260362171,337.94031014033726,412.57634673345655,322.70358383678763,577.7499313408988,110.19598543167115,1167.420260362171,337.94031014033726,412.57634673345655,322.70358383678763,577.7499313408988,110.19598543167115
2026-01-28 15:00:00+00:00,3816.01,416.99,508.96,379.24,416.34,274.22665,1311.3685110939405,334.3293440923185,422.5409927304386,350.0566011739411,582.1344074372906,108.36975311357742,1167.420260362171,337.94031014033726,412.57634673345655,322.70358383678763,577.7499313408988,110.19598543167115,1167.420260362171,337.94031014033726,412.57634673345655,322.70358383678763,577.7499313408988,110.19598543167115
2026-01-28 16:00:00+00:00,3735.4849,480.64,520.54,650.72,443.89,254.95332,1320.7329356259067,334.3293440923185,424.0814069731695,357.9187945722008,582.1344074372906,108.36975311357742,1167.420260362171,337.94031014033726,412.57634673345655,322.70358383678763,577.7499313408988,110.19598543167115,1167.420260362171,337.94031014033726,412.57634673345655,322.70358383678763,577.7499313408988,110.19598543167115
2026-01-28 17:00:00+00:00,3654.96,464.625,517.77,1044.23,442.21,235.68,1313.4527344104345,334.3293440923185,425.2434478717166,365.7809879704605,582.1344074372906,108.36975311357742,1167.420260362171,337.94031014033726,412.57634673345655,322.70358383678763,577.7499313408988,110.19598543167115,1167.420260362171,337.94031014033726,412.57634673345655,322.70358383678763,577.7499313408988,110.19598543167115
2026-01-28 18:00:00+00:00,3549.86,448.61,504.77,466.66,446.53,140.94,1306.8165532691698,334.3293440923185,425.83155705339516,373.6431813687202,582.1344074372906,108.36975311357742,1167.420260362171,337.94031014033726,412.57634673345655,322.70358383678763,577.7499313408988,110.19598543167115,1167.420260362171,337.94031014033726,412.57634673345655,322.70358383678763,577.7499313408988,110.19598543167115
2026-01-28 19:00:00+00:00,3545.55,373.35,480.73,349.68,436.58,142.5,1294.2261648523838,334.3293440923185,426.4195024137507,381.50537476697997,582.1344074372906,108.36975311357742,1167.420260362171,337.94031014033726,412.57634673345655,322.70358383678763,577.7499313408988,110.19598543167115,1167.420260362171,337.94031014033726,412.57634673345655,322.70358383678763,577.7499313408988,110.19598543167115
2026-01-28 20:00:00+00:00,3354.79,373.39,462.82,39.48001,365.53,142.5,1274.575574772774,334.3293440923185,427.06682580255097,389.3675681652397,582.1344074372906,108.36975311357742,1167.420260362171,337.94031014033726,412.57634673345655,322.70358383678763,577.7499313408988,110.19598543167115,1167.420260362171,337.94031014033726,412.57634673345655,322.70358383678763,577.7499313408988,110.19598543167115
2026-01-28 21:00:00+00:00,3018.0398,373.72,448.68,54.48001,368.06,143.43,1250.4063593586934,334.3293440923185,427.5739184386418,397.2297615634994,582.1344074372906,108.36975311357742,1167.420260362171,337.94031014033726,412.57634673345655,322.70358383678763,577.7499313408988,110.19598543167115,1167.420260362171,337.94031014033726,412.57634673345655,322.70358383678763,577.7499313408988,110.19598543167115
2026-01-28 22:00:00+00:00,2901.88,373.79,434.14,66.67999,382.33,145.5,1227.9690374009444,334.3293440923185,428.222229965648,405.0919549617591,582.1344074372906,108.36975311357742,1167.420260362171,337.94031014033726,412.57634673345655,322.70358383678763,577.7499313408988,110.19598543167115,1167.420260362171,337.94031014033726,412.57634673345655,322.70358383678763,577.7499313408988,110.19598543167115
2026-01-28 23:00:00+00:00,2682.84,374.0,424.96,73.28999,384.92,146.02,1214.1082303069147,334.3293440923185,428.9295608473379,412.9541483600188,582.1344074372906,108.36975311357742,1167.420260362171,337.94031014033726,412.57634673345655,322.70358383678763,577.7499313408988,110.19598543167115,1167.420260362171,337.94031014033726,412.57634673345655,322.70358383678763,577.7499313408988,110.19598543167115
2026-01-29 00:00:00+00:00,2414.2,373.94,421.67,53.089996,384.85,146.1,1204.2431452292865,334.3293440923185,407.323982950375,232.12370020004533,582.1344074372906,108.36975311357742,1167.420260362171,337.94031014033726,412.57634673345655,322.70358383678763,577.7499313408988,110.19598543167115,1167.420260362171,337.94031014033726,412.57634673345655,322.70358383678763,577.7499313408988,110.19598543167115
2026-01-29 01:00:00+00:00,2353.32,373.81,420.0,24.160006,400.43,144.96,1204.153523041803,334.3293440923185,408.19566383019605,239.98589359830504,582.1344074372906,108.36975311357742,1167.420260362171,337.94031014033726,412.57634673345655,322.70358383678763,577.7499313408988,110.19598543167115,1167.420260362171,337.94031014033726,412.57634673345655,322.70358383678763,577.7499313408988,110.19598543167115
2026-01-29 02:00:00+00:00,2334.13,373.85,420.35,19.04999,414.36,145.08,1206.8412089937972,334.3293440923185,409.19604326157196,247.84808699656475,582.1344074372906,108.36975311357742,1167.420260362171,337.94031014033726,412.57634673345655,322.70358383678763,577.7499313408988,110.19598543167115,1167.420260362171,337.94031014033726,412.57634673345655,322.70358383678763,577.7499313408988,110.19598543167115
2026-01-29 03:00:00+00:00,2407.54,373.76,423.68,29.179995,436.85,139.8,1212.3987658386204,334.3293440923185,410.3269362494648,255.71028039482448,582.1344074372906,108.36975311357742,1167.420260362171,337.94031014033726,412.57634673345655,322.70358383678763,577.7499313408988,110.19598543167115,1167.420260362171,337.94031014033726,412.57634673345655,322.70358383678763,577.7499313408988,110.19598543167115
2026-01-29 04:00:00+00:00,2729.34,370.18,434.57,78.15001,391.59998,139.15,1236.979916190332,334.3293440923185,411.8090881710576,263.5724737930842,582.1344074372906,108.36975311357742,1167.420260362171,337.94031014033726,412.57634673345655,322.70358383678763,577.7499313408988,110.19598543167115,1167.420260362171,337.94031014033726,412.57634673345655,322.70358383678763,577.7499313408988,110.19598543167115
2026-01-29 05:00:00+00:00,3256.99,379.95,454.29,233.04,440.52,135.08,1284.6520462185529,334.3293440923185,413.9544638382015,271.4346671913439,582.1344074372906,108.36975311357742,1167.420260362171,337.94031014033726,412.57634673345655,322.70358383678763,577.7499313408988,110.19598543167115,1167.420260362171,337.94031014033726,412.57634673345655,322.70358383678763,577.7499313408988,110.19598543167115
2026-01-29 06:00:00+00:00,3349.88,486.97,490.62,817.09,480.1,154.11,1321.6138337866996,334.3293440923185,415.75128603563775,279.2968605896036,582.1344074372906,108.36975311357742,1167.420260362171,337.94031014033726,412.57634673345655,322.70358383678763,577.7499313408988,110.19598543167115,1167.420260362171,337.94031014033726,412.57634673345655,322.70358383678763,577.7499313408988,110.19598543167115
2026-01-29 07:00:00+00:00,3329.43,486.64847,505.16,1495.4,507.46,159.822,1339.9272684512307,334.3293440923185,417.1516596956581,287.15905398786333,582.1344074372906,108.36975311357742,1167.420260362171,337.94031014033726,412.57634673345655,322.70358383678763,577.7499313408988,110.19598543167115,1167.420260362171,337.94031014033726,412.57634673345655,322.70358383678763,577.7499313408988,110.19598543167115
2026-01-29 08:00:00+00:00,3084.44,486.32693,494.85,1497.025,529.31,165.534,1343.1106031215472,334.3293440923185,418.053366717878,295.02124738612304,582.1344074372906,108.36975311357742,1167.420260362171,337.94031014033726,412.57634673345655,322.70358383678763,577.7499313408988,110.19598543167115,1167.420260362171,337.94031014033726,412.57634673345655,322.70358383678763,577.7499313408988,110.19598543167115
2026-01-29 09:00:00+00:00,3033.08,486.0054,466.03,1498.65,457.84,171.246,1341.587421436941,334.3293440923185,418.76502425290784,302.8834407843828,582.1344074372906,108.36975311357742,1167.420260362171,337.94031014033726,412.57634673345655,322.70358383678763,577.7499313408988,110.19598543167115,1167.420260362171,337.94031014033726,412.57634673345655,322.70358383678763,577.7499313408988,110.19598543167115
2026-01-29 10:00:00+00:00,3030.1997,485.68384,449.81,1489.89,453.35,176.958,1339.584962235617,334.3293440923185,419.35137281614726,310.7456341826425,582.1344074372906,108.36975311357742,1167.420260362171,337.94031014033726,412.57634673345655,322.70358383678763,577.7499313408988,110.19598543167115,1167.420260362171,337.94031014033726,412.57634673345655,322.70358383678763,577.7499313408988,110.19598543167115
2026-01-29 11:00:00+00:00,3027.69,485.3623,433.23,1042.49,404.07,182.67,1337.0067769712018,334.3293440923185,419.9726095889211,318.6078275809022,582.1344074372906,108.36975311357742,1167.420260362171,337.94031014033726,412.57634673345655,322.70358383678763,577.7499313408988,110.19598543167115,1167.420260362171,337.94031014033726,412.57634673345655,322.70358383678763,577.7499313408988,110.19598543167115
2026-01-29 12:00:00+00:00,3032.09,485.04077,429.55,1362.55,456.07,134.4,1334.2702242533162,334.3293440923185,420.7142607389194,326.4700209791619,582.1344074372906,108.36975311357742,1167.420260362171,337.94031014033726,412.57634673345655,322.70358383678763,577.7499313408988,110.19598543167115,1167.420260362171,337.94031014033726,412.57634673345655,322.70358383678763,577.7499313408988,110.19598543167115
2026-01-29 13:00:00+00:00,3015.69,484.71924,443.86,1147.9651,466.42,139.36,1328.6035851320096,334.3293440923185,421.4573417727815,334.3322143774216,582.1344074372906,108.36975311357742,1167.420260362171,337.94031014033726,412.57634673345655,322.70358383678763,577.7499313408988,110.19598543167115,1167.420260362171,337.94031014033726,412.57634673345655,322.70358383678763,577.7499313408988,110.19598543167115
2026-01-29 14:00:00+00:00,3009.8896,484.3977,465.54,933.38,395.29,139.3,1327.6781258962005,334.3293440923185,422.39294587140756,342.1944077756814,582.1344074372906,108.36975311357742,1167.420260362171,337.94031014033726,412.57634673345655,322.70358383678763,577.7499313408988,110.19598543167115,1167.420260362171,337.94031014033726,412.57634673345655,322.70358383678763,577.7499313408988,110.19598543167115
2026-01-29 15:00:00+00:00,3024.71,484.07617,495.09,967.51,404.85,141.8,1328.4331563789374,334.3293440923185,423.491766780539,350.0566011739411,582.1344074372906,108.36975311357742,1167.420260362171,337.94031014033726,412.57634673345655,322.70358383678763,577.7499313408988,110.19598543167115,1167.420260362171,337.94031014033726,412.57634673345655,322.70358383678763,577.7499313408988,110.19598543167115
2026-01-29 16:00:00+00:00,2991.15,483.7546,517.65,1145.88,407.26,258.92,1337.7694279457767,334.3293440923185,424.9037830860869,357.9187945722008,582.1344074372906,108.36975311357742,1167.420260362171,337.94031014033726,412.57634673345655,322.70358383678763,577.7499313408988,110.19598543167115,1167.420260362171,337.94031014033726,412.57634673345655,322.70358383678763,577.7499313408988,110.19598543167115
2026-01-29 17:00:00+00:00,3040.01,483.43307,515.43,1149.52,440.4,254.16,1339.4062585164934,334.3293440923185,425.93969863492106,365.7809879704605,582.1344074372906,108.36975311357742,1167.420260362171,337.94031014033726,412.57634673345655,322.70358383678763,577.7499313408988,110.19598543167115,1167.420260362171,337.94031014033726,412.57634673345655,322.70358383678763,577.7499313408988,110.19598543167115
2026-01-29 18:00:00+00:00,2997.65,483.11154,503.82,721.83,517.59,249.4,1333.8295784206643,334.3293440923185,426.58479046709294,373.6431813687202,582.1344074372906,108.36975311357742,1167.420260362171,337.94031014033726,412.57634673345655,322.70358383678763,577.7499313408988,110.19598543167115,1167.420260362171,337.94031014033726,412.57634673345655,322.70358383678763,577.7499313408988,110.19598543167115
2026-01-29 19:00:00+00:00,2982.2698,482.79,481.17,482.85,468.62,138.46,1312.5044255890655,334.3293440923185,427.0411632148262,381.50537476697997,582.1344074372906,108.36975311357742,1167.420260362171,337.94031014033726,412.57634673345655,322.70358383678763,577.7499313408988,110.19598543167115,1167.420260362171,337.94031014033726,412.57634673345655,322.70358383678763,577.7499313408988,110.19598543167115
2026-01-29 20:00:00+00:00,3179.43,373.82,464.98,556.37,435.91,136.79,1291.4897021111258,334.3293440923185,427.60927203666006,389.3675681652397,582.1344074372906,108.36975311357742,1167.420260362171,337.94031014033726,412.57634673345655,322.70358383678763,577.7499313408988,110.19598543167115,1167.420260362171,337.94031014033726,412.57634673345655,322.70358383678763,577.7499313408988,110.19598543167115
2026-01-29 21:00:00+00:00,2813.15,373.71,446.76,715.82,445.01,138.25,1268.000766303441,334.3293440923185,428.29035107699013,397.2297615634994,582.1344074372906,108.36975311357742,1167.420260362171,337.94031014033726,412.57634673345655,322.70358383678763,577.7499313408988,110.19598543167115,1167.420260362171,337.94031014033726,412.57634673345655,322.70358383678763,577.7499313408988,110.19598543167115
2026-01-29 22:00:00+00:00,2647.05,373.79,431.77,377.0,425.69,143.03,1248.3762769520863,334.3293440923185,429.1727009131307,405.0919549617591,582.1344074372906,108.36975311357742,1167.420260362171,337.94031014033726,412.57634673345655,322.70358383678763,577.7499313408988,110.19598543167115,1167.420260362171,337.94031014033726,412.57634673345655,322.70358383678763,577.7499313408988,110.19598543167115
2026-01-29 23:00:00+00:00,2955.2698,373.95,421.09,72.359985,383.15,141.65,1233.0946035886366,334.3293440923185,429.77947994302536,412.9541483600188,582.1344074372906,108.36975311357742,1167.420260362171,337.94031014033726,412.57634673345655,322.70358383678763,577.7499313408988,110.19598543167115,1167.420260362171,337.94031014033726,412.57634673345655,322.70358383678763,577.7499313408988,110.19598543167115
2026-01-30 00:00:00+00:00,2727.15,373.89,413.52,103.3,371.65,139.95,1217.7649993733621,334.3293440923185,407.6243506962962,232.12370020004533,582.1344074372906,108.36975311357742,1167.420260362171,337.94031014033726,412.57634673345655,322.70358383678763,577.7499313408988,110.19598543167115,1167.420260362171,337.94031014033726,412.57634673345655,322.70358383678763,577.7499313408988,110.19598543167115
2026-01-30 01:00:00+00:00,2547.75,373.79,406.9,104.81998,369.02997,139.18,1211.2708798138424,334.3293440923185,408.3482785623458,239.98589359830504,582.1344074372906,108.36975311357742,1167.420260362171,337.94031014033726,412.57634673345655,322.70358383678763,577.7499313408988,110.19598543167115,1167.420260362171,337.94031014033726,412.57634673345655,322.70358383678763,577.7499313408988,110.19598543167115
2026-01-30 02:00:00+00:00,2338.8,373.62,407.43,90.43999,363.31,139.11,1211.795837760866,334.3293440923185,409.4649945990291,247.84808699656475,582.1344074372906,108.36975311357742,1167.420260362171,337.94031014033726,412.57634673345655,322.70358383678763,577.7499313408988,110.19598543167115,1167.420260362171,337.94031014033726,412.57634673345655,322.70358383678763,577.7499313408988,110.19598543167115
2026-01-30 03:00:00+00:00,2356.46,374.21,413.71,88.72,358.17,137.6,1218.1483859055986,334.3293440923185,410.8239247819894,255.71028039482448,582.1344074372906,108.36975311357742,1167.420260362171,337.94031014033726,412.57634673345655,322.70358383678763,577.7499313408988,110.19598543167115,1167.420260362171,337.94031014033726,412.57634673345655,322.70358383678763,577.7499313408988,110.19598543167115
2026-01-30 04:00:00+00:00,2538.65,374.16,425.51,134.34,356.36,138.73,1236.7800458772188,334.3293440923185,412.4566174305944,263.5724737930842,582.1344074372906,108.36975311357742,1167.420260362171,337.94031014033726,412.57634673345655,322.70358383678763,577.7499313408988,110.19598543167115,1167.420260362171,337.94031014033726,412.57634673345655,322.70358383678763,577.7499313408988,110.19598543167115
2026-01-30 05:00:00+00:00,2676.78,373.82,457.5,431.02,395.46,136.86,1274.9688323152045,334.3293440923185,414.42833403236153,271.4346671913439,582.1344074372906,108.36975311357742,1167.420260362171,337.94031014033726,412.57634673345655,322.70358383678763,577.7499313408988,110.19598543167115,1167.420260362171,337.94031014033726,412.57634673345655,322.70358383678763,577.7499313408988,110.19598543167115
2026-01-30 06:00:00+00:00,2673.95,464.41,493.93,697.69,434.72,225.89,1306.5055940096072,334.3293440923185,416.1959725136742,279.2968605896036,582.1344074372906,108.36975311357742,1167.420260362171,337.94031014033726,412.57634673345655,322.70358383678763,577.7499313408988,110.19598543167115,1167.420260362171,337.94031014033726,412.57634673345655,322.70358383678763,577.7499313408988,110.19598543167115
2026-01-30 07:00:00+00:00,2668.38,462.92,508.77,851.32,399.2,205.75,1317.535970261644,334.3293440923185,417.62172586254445,287.15905398786333,582.1344074372906,108.36975311357742,1167.420260362171,337.94031014033726,412.57634673345655,322.70358383678763,577.7499313408988,110.19598543167115,1167.420260362171,337.94031014033726,412.57634673345655,322.70358383678763,577.7499313408988,110.19598543167115
2026-01-30 08:00:00+00:00,2646.29,461.43,502.56,1363.49,393.38,185.61,1300.2369077275214,334.3293440923185,417.7298292852972,295.02124738612304,582.1344074372906,108.36975311357742,1167.420260362171,337.94031014033726,412.57634673345655,322.70358383678763,577.7499313408988,110.19598543167115,1167.420260362171,337.94031014033726,412.57634673345655,322.70358383678763,577.7499313408988,110.19598543167115
2026-01-30 09:00:00+00:00,2600.88,459.94,479.2,1094.25,382.4,165.47,1276.2037942813372,334.3293440923185,417.44862073529896,302.8834407843828,582.1344074372906,108.36975311357742,1167.420260362171,337.94031014033726,412.57634673345655,322.70358383678763,577.7499313408988,110.19598543167115,1167.420260362171,337.94031014033726,412.57634673345655,322.70358383678763,577.7499313408988,110.19598543167115
2026-01-30 10:00:00+00:00,2596.94,426.19,455.84,733.72,361.15,151.56,1260.3833964177304,334.3293440923185,417.5722630947509,310.7456341826425,582.1344074372906,108.36975311357742,1167.420260362171,337.94031014033726,412.57634673345655,322.70358383678763,577.7499313408988,110.19598543167115,1167.420260362171,337.94031014033726,412.57634673345655,322.70358383678763,577.7499313408988,110.19598543167115
2026-01-30 11:00:00+00:00,2707.42,404.25,444.68,465.63,364.89,155.17,1251.183843299669,334.3293440923185,417.7431924515332,318.6078275809022,582.1344074372906,108.36975311357742,1167.420260362171,337.94031014033726,412.57634673345655,322.70358383678763,577.7499313408988,110.19598543167115,1167.420260362171,337.94031014033726,412.57634673345655,322.70358383678763,577.7499313408988,110.19598543167115
2026-01-30 12:00:00+00:00,2814.77,404.48,438.36,161.14,364.96,153.0,1251.1049184753283,334.3293440923185,418.5928281219707,326.4700209791619,582.1344074372906,108.36975311357742,1167.420260362171,337.94031014033726,412.57634673345655,322.70358383678763,577.7499313408988,110.19598543167115,1167.420260362171,337.94031014033726,412.57634673345655,322.70358383678763,577.7499313408988,110.19598543167115
2026-01-30 13:00:00+00:00,2880.9,404.23,442.54,100.989975,365.25998,149.99,1250.2186503406306,334.3293440923185,419.0983676513684,334.3322143774216,582.1344074372906,108.36975311357742,1167.420260362171,337.94031014033726,412.57634673345655,322.70358383678763,577.7499313408988,110.19598543167115,1167.420260362171,337.94031014033726,412.57634673345655,322.70358383678763,577.7499313408988,110.19598543167115
2026-01-30 14:00:00+00:00,2947.64,404.22,461.18,407.27,440.04,147.85,1257.333096366892,334.3293440923185,420.07647440658593,342.1944077756814,582.1344074372906,108.36975311357742,1167.420260362171,337.94031014033726,412.57634673345655,322.70358383678763,577.7499313408988,110.19598543167115,1167.420260362171,337.94031014033726,412.57634673345655,322.70358383678763,577.7499313408988,110.19598543167115
2026-01-30 15:00:00+00:00,2979.6396,404.05,489.51,547.05,421.13,141.31,1268.7221417391331,334.3293440923185,421.45325791896875,350.0566011739411,582.1344074372906,108.36975311357742,1167.420260362171,337.94031014033726,412.57634673345655,322.70358383678763,577.7499313408988,110.19598543167115,1167.420260362171,337.94031014033726,412.57634673345655,322.70358383678763,577.7499313408988,110.19598543167115
2026-01-30 16:00:00+00:00,3142.53,404.15,510.02,690.72,378.74,143.8,1276.0937683192528,334.3293440923185,423.4944549686781,357.9187945722008,582.1344074372906,108.36975311357742,1167.420260362171,337.94031014033726,412.57634673345655,322.70358383678763,577.7499313408988,110.19598543167115,1167.420260362171,337.94031014033726,412.57634673345655,322.70358383678763,577.7499313408988,110.19598543167115
2026-01-30 17:00:00+00:00,3104.98,404.14,517.54,689.7,367.06,144.90445,1282.5467684732016,334.3293440923185,424.7570904257762,365.7809879704605,582.1344074372906,108.36975311357742,1167.420260362171,337.94031014033726,412.57634673345655,322.70358383678763,577.7499313408988,110.19598543167115,1167.420260362171,337.94031014033726,412.57634673345655,322.70358383678763,577.7499313408988,110.19598543167115
2026-01-30 18:00:00+00:00,3124.42,404.19,513.55,296.55,410.24,146.0089,1272.8109007408505,334.3293440923185,425.40893969289317,373.6431813687202,582.1344074372906,108.36975311357742,1167.420260362171,337.94031014033726,412.57634673345655,322.70358383678763,577.7499313408988,110.19598543167115,1167.420260362171,337.94031014033726,412.57634673345655,322.70358383678763,577.7499313408988,110.19598543167115
2026-01-30 19:00:00+00:00,3012.8699,404.33,496.3,99.03,383.97,147.11334,1254.9794729162754,334.3293440923185,425.83229196147545,381.50537476697997,582.1344074372906,108.36975311357742,1167.420260362171,337.94031014033726,412.57634673345655,322.70358383678763,577.7499313408988,110.19598543167115,1167.420260362171,337.94031014033726,412.57634673345655,322.70358383678763,577.7499313408988,110.19598543167115
2026-01-30 20:00:00+00:00,2974.7397,404.35,471.14,24.79999,351.88,148.21779,1233.8691315985568,334.3293440923185,426.3134233334656,389.3675681652397,582.1344074372906,108.36975311357742,1167.420260362171,337.94031014033726,412.57634673345655,322.70358383678763,577.7499313408988,110.19598543167115,1167.420260362171,337.94031014033726,412.57634673345655,322.70358383678763,577.7499313408988,110.19598543167115
2026-01-30 21:00:00+00:00,2957.2,398.26,454.66,88.37999,357.33,149.32222,1213.0295503474429,334.3293440923185,427.17938087530126,397.2297615634994,582.1344074372906,108.36975311357742,1167.420260362171,337.94031014033726,412.57634673345655,322.70358383678763,577.7499313408988,110.19598543167115,1167.420260362171,337.94031014033726,412.57634673345655,322.70358383678763,577.7499313408988,110.19598543167115
2026-01-30 22:00:00+00:00,2918.44,374.04,435.61,57.29001,341.19,150.42667,1196.3795818550354,334.3293440923185,427.97612596168005,405.0919549617591,582.1344074372906,108.36975311357742,1167.420260362171,337.94031014033726,412.57634673345655,322.70358383678763,577.7499313408988,110.19598543167115,1167.420260362171,337.94031014033726,412.57634673345655,322.70358383678763,577.7499313408988,110.19598543167115
2026-01-30 23:00:00+00:00,3099.8198,374.01,423.47,101.90001,353.3,151.53111,1180.4473547661662,334.3293440923185,429.1314701399223,412.9541483600188,582.1344074372906,108.36975311357742,1167.420260362171,337.94031014033726,412.57634673345655,322.70358383678763,577.7499313408988,110.19598543167115,1167.420260362171,337.94031014033726,412.57634673345655,322.70358383678763,577.7499313408988,110.19598543167115
2026-01-31 00:00:00+00:00,3224.75,374.18,417.52,34.839996,349.94,152.63556,1206.6578505009227,335.5040981908524,407.7451656217576,233.44192491766563,579.6853228008322,109.24724368583944,1167.420260362171,337.94031014033726,412.57634673345655,322.70358383678763,577.7499313408988,110.19598543167115,1167.420260362171,337.94031014033726,412.57634673345655,322.70358383678763,577.7499313408988,110.19598543167115
2026-01-31 01:00:00+00:00,3318.88,374.07,413.23,26.839998,353.42,153.74,1202.530399719082,335.5040981908524,408.75079955983136,241.29083880374617,579.6853228008322,109.24724368583944,1167.420260362171,337.94031014033726,412.57634673345655,322.70358383678763,577.7499313408988,110.19598543167115,1167.420260362171,337.94031014033726,412.57634673345655,322.70358383678763,577.7499313408988,110.19598543167115
2026-01-31 02:00:00+00:00,3095.0098,374.04,415.58,69.40999,351.39,139.55,1195.5613595740224,335.5040981908524,409.659008310053,249.13975268982665,579.6853228008322,109.24724368583944,1167.420260362171,337.94031014033726,412.57634673345655,322.70358383678763,577.7499313408988,110.19598543167115,1167.420260362171,337.94031014033726,412.57634673345655,322.70358383678763,577.7499313408988,110.19598543167115
2026-01-31 03:00:00+00:00,2871.95,374.43,420.13,21.369997,352.51,137.82,1195.5542228130623,335.5040981908524,410.58853033872356,256.98866657590713,579.6853228008322,109.24724368583944,1167.420260362171,337.94031014033726,412.57634673345655,322.70358383678763,577.7499313408988,110.19598543167115,1167.420260362171,337.94031014033726,412.57634673345655,322.70358383678763,577.7499313408988,110.19598543167115
2026-01-31 04:00:00+00:00,2646.25,374.5,434.23,19.79001,356.69,136.71,1195.7202843641041,335.5040981908524,411.4877603387169,264.83758046198767,579.6853228008322,109.24724368583944,1167.420260362171,337.94031014033726,412.57634673345655,322.70358383678763,577.7499313408988,110.19598543167115,1167.420260362171,337.94031014033726,412.57634673345655,322.70358383678763,577.7499313408988,110.19598543167115
2026-01-31 05:00:00+00:00,2317.1,374.49,461.83,17.730013,339.1,134.12,1209.7803859033356,335.5040981908524,412.8081499929852,272.6864943480682,579.6853228008322,109.24724368583944,1167.420260362171,337.94031014033726,412.57634673345655,322.70358383678763,577.7499313408988,110.19598543167115,1167.420260362171,337.94031014033726,412.57634673345655,322.70358383678763,577.7499313408988,110.19598543167115
2026-01-31 06:00:00+00:00,2208.48,374.33,499.97,47.51001,340.27,134.85,1230.0666128350954,335.5040981908524,413.97736143601344,280.5354082341487,579.6853228008322,109.24724368583944,1167.420260362171,337.94031014033726,412.57634673345655,322.70358383678763,577.7499313408988,110.19598543167115,1167.420260362171,337.94031014033726,412.57634673345655,322.70358383678763,577.7499313408988,110.19598543167115
2026-01-31 07:00:00+00:00,2534.93,373.7,518.89,38.070007,339.25,131.33,1244.6077534984133,335.5040981908524,415.16140031224217,288.3843221202292,579.6853228008322,109.24724368583944,1167.420260362171,337.94031014033726,412.57634673345655,322.70358383678763,577.7499313408988,110.19598543167115,1167.420260362171,337.94031014033726,412.57634673345655,322.70358383678763,577.7499313408988,110.19598543167115
2026-01-31 08:00:00+00:00,2801.48,373.77,509.01,16.78,332.06,133.12,1254.8924952297673,335.5040981908524,415.72320385629496,296.2332360063097,579.6853228008322,109.24724368583944,1167.420260362171,337.94031014033726,412.57634673345655,322.70358383678763,577.7499313408988,110.19598543167115,1167.420260362171,337.94031014033726,412.57634673345655,322.70358383678763,577.7499313408988,110.19598543167115
2026-01-31 09:00:00+00:00,2668.9,373.81,480.64,16.450014,332.50998,135.08,1247.5069129103465,335.5040981908524,415.54500380427066,304.08214989239025,579.6853228008322,109.24724368583944,1167.420260362171,337.94031014033726,412.57634673345655,322.70358383678763,577.7499313408988,110.19598543167115,1167.420260362171,337.94031014033726,412.57634673345655,322.70358383678763,577.7499313408988,110.19598543167115
2026-01-31 10:00:00+00:00,2518.1,373.88,459.45,44.820007,331.45,135.58,1233.2803378061608,335.5040981908524,415.2919437971969,311.93106377847073,579.6853228008322,109.24724368583944,1167.420260362171,337.94031014033726,412.57634673345655,322.70358383678763,577.7499313408988,110.19598543167115,1167.420260362171,337.94031014033726,412.57634673345655,322.70358383678763,577.7499313408988,110.19598543167115
2026-01-31 11:00:00+00:00,2423.36,374.09,444.83,57.98999,327.49,139.97,1220.2395654119696,335.5040981908524,415.29387706193626,319.77997766455127,579.6853228008322,109.24724368583944,1167.420260362171,337.94031014033726,412.57634673345655,322.70358383678763,577.7499313408988,110.19598543167115,1167.420260362171,337.94031014033726,412.57634673345655,322.70358383678763,577.7499313408988,110.19598543167115
2026-01-31 12:00:00+00:00,2393.85,367.3,432.54,16.970003,333.07,138.44,1219.4859686298046,335.5040981908524,415.6351553517931,327.62889155063175,579.6853228008322,109.24724368583944,1167.420260362171,337.94031014033726,412.57634673345655,322.70358383678763,577.7499313408988,110.19598543167115,1167.420260362171,337.94031014033726,412.57634673345655,322.70358383678763,577.7499313408988,110.19598543167115
2026-01-31 13:00:00+00:00,2225.32,361.61,433.22,17.359987,331.66,141.18,1226.00738188627,335.5040981908524,416.4183570986525,335.4778054367123,579.6853228008322,109.24724368583944,1167.420260362171,337.94031014033726,412.57634673345655,322.70358383678763,577.7499313408988,110.19598543167115,1167.420260362171,337.94031014033726,412.57634673345655,322.70358383678763,577.7499313408988,110.19598543167115
2026-01-31 14:00:00+00:00,2212.27,361.63,454.86,147.0,332.67,140.7,1246.698297089746,335.5040981908524,417.9656624870597,343.32671932279277,579.6853228008322,109.24724368583944,1167.420260362171,337.94031014033726,412.57634673345655,322.70358383678763,577.7499313408988,110.19598543167115,1167.420260362171,337.94031014033726,412.57634673345655,322.70358383678763,577.7499313408988,110.19598543167115
2026-01-31 15:00:00+00:00,2244.5,361.66,487.79,192.67,334.75998,139.31,1271.337869401011,335.5040981908524,419.98641581017984,351.1756332088733,579.6853228008322,109.24724368583944,1167.420260362171,337.94031014033726,412.57634673345655,322.70358383678763,577.7499313408988,110.19598543167115,1167.420260362171,337.94031014033726,412.57634673345655,322.70358383678763,577.7499313408988,110.19598543167115
2026-01-31 16:00:00+00:00,2610.46,372.76,511.59,222.79001,351.04996,138.73,1294.7308958612625,335.5040981908524,422.23377290872213,359.0245470949538,579.6853228008322,109.24724368583944,1167.420260362171,337.94031014033726,412.57634673345655,322.70358383678763,577.7499313408988,110.19598543167115,1167.420260362171,337.94031014033726,412.57634673345655,322.70358383678763,577.7499313408988,110.19598543167115
2026-01-31 17:00:00+00:00,2689.82,373.68,511.01,217.5,348.7,143.23,1302.3471454515757,335.5040981908524,423.83692787304267,366.8734609810343,579.6853228008322,109.24724368583944,1167.420260362171,337.94031014033726,412.57634673345655,322.70358383678763,577.7499313408988,110.19598543167115,1167.420260362171,337.94031014033726,412.57634673345655,322.70358383678763,577.7499313408988,110.19598543167115
2026-01-31 18:00:00+00:00,2701.92,373.75,497.56,51.23999,354.83,145.69,1295.2893512463256,335.5040981908524,424.68114339709257,374.7223748671148,579.6853228008322,109.24724368583944,1167.420260362171,337.94031014033726,412.57634673345655,322.70358383678763,577.7499313408988,110.19598543167115,1167.420260362171,337.94031014033726,412.57634673345655,322.70358383678763,577.7499313408988,110.19598543167115
2026-01-31 19:00:00+00:00,2646.01,373.82,478.3,65.600006,343.84,143.9,1274.1580973954558,335.5040981908524,425.3793568511892,382.57128875319535,579.6853228008322,109.24724368583944,1167.420260362171,337.94031014033726,412.57634673345655,322.70358383678763,577.7499313408988,110.19598543167115,1167.420260362171,337.94031014033726,412.57634673345655,322.70358383678763,577.7499313408988,110.19598543167115
2026-01-31 20:00:00+00:00,2509.87,373.83,463.16,36.53,341.63,142.22,1257.5591279675498,335.5040981908524,426.1589643106718,390.42020263927583,579.6853228008322,109.24724368583944,1167.420260362171,337.94031014033726,412.57634673345655,322.70358383678763,577.7499313408988,110.19598543167115,1167.420260362171,337.94031014033726,412.57634673345655,322.70358383678763,577.7499313408988,110.19598543167115
2026-01-31 21:00:00+00:00,2456.95,374.01,451.69,60.48001,349.7,145.45,1248.0975346531447,335.5040981908524,427.1449731455338,398.26911652535637,579.6853228008322,109.24724368583944,1167.420260362171,337.94031014033726,412.57634673345655,322.70358383678763,577.7499313408988,110.19598543167115,1167.420260362171,337.94031014033726,412.57634673345655,322.70358383678763,577.7499313408988,110.19598543167115
2026-01-31 22:00:00+00:00,2385.15,374.24,436.47,20.260012,342.05,139.89,1231.8391532063538,335.5040981908524,427.8600643247365,406.11803041143685,579.6853228008322,109.24724368583944,1167.420260362171,337.94031014033726,412.57634673345655,322.70358383678763,577.7499313408988,110.19598543167115,1167.420260362171,337.94031014033726,412.57634673345655,322.70358383678763,577.7499313408988,110.19598543167115
2026-01-31 23:00:00+00:00,1907.99,373.55,423.37,9.980012,346.16,139.28,1206.5618627812219,335.5040981908524,428.39358019946076,413.9669442975174,579.6853228008322,109.24724368583944,1167.420260362171,337.94031014033726,412.57634673345655,322.70358383678763,577.7499313408988,110.19598543167115,1167.420260362171,337.94031014033726,412.57634673345655,322.70358383678763,577.7499313408988,110.19598543167115
2026-02-01 00:00:00+00:00,1901.59,372.16,418.0,1.8399974,338.06,141.39,1197.078464889995,335.5040981908524,407.0733267162538,233.44192491766563,579.6853228008322,109.24724368583944,1167.420260362171,337.94031014033726,412.57634673345655,322.70358383678763,577.7499313408988,110.19598543167115,1167.420260362171,337.94031014033726,412.57634673345655,322.70358383678763,577.7499313408988,110.19598543167115
2026-02-01 01:00:00+00:00,1919.93,374.86,413.48,5.389985,340.2,141.65,1192.9067095889664,335.5040981908524,407.6772176500605,241.29083880374617,579.6853228008322,109.24724368583944,1167.420260362171,337.94031014033726,412.57634673345655,322.70358383678763,577.7499313408988,110.19598543167115,1167.420260362171,337.94031014033726,412.57634673345655,322.70358383678763,577.7499313408988,110.19598543167115
2026-02-01 02:00:00+00:00,1856.55,375.07,413.87,4.399995,337.28,142.22,1190.9755464446594,335.5040981908524,408.6083385002061,249.13975268982665,579.6853228008322,109.24724368583944,1167.420260362171,337.94031014033726,412.57634673345655,322.70358383678763,577.7499313408988,110.19598543167115,1167.420260362171,337.94031014033726,412.57634673345655,322.70358383678763,577.7499313408988,110.19598543167115
2026-02-01 03:00:00+00:00,1850.11,374.98,418.14,7.850007,332.7,140.62,1194.5968146272376,335.5040981908524,409.7024778314243,256.98866657590713,579.6853228008322,109.24724368583944,1167.420260362171,337.94031014033726,412.57634673345655,322.70358383678763,577.7499313408988,110.19598543167115,1167.420260362171,337.94031014033726,412.57634673345655,322.70358383678763,577.7499313408988,110.19598543167115
2026-02-01 04:00:00+00:00,1840.24,374.82,430.41,2.399995,316.66,138.69,1192.2854199409583,335.5040981908524,410.6090775403454,264.83758046198767,579.6853228008322,109.24724368583944,1167.420260362171,337.94031014033726,412.57634673345655,322.70358383678763,577.7499313408988,110.19598543167115,1167.420260362171,337.94031014033726,412.57634673345655,322.70358383678763,577.7499313408988,110.19598543167115
2026-02-01 05:00:00+00:00,1842.22,374.82,453.86,18.339998,316.59,134.37,1195.0377973415887,335.5040981908524,411.64326262824625,272.6864943480682,579.6853228008322,109.24724368583944,1167.420260362171,337.94031014033726,412.57634673345655,322.70358383678763,577.7499313408988,110.19598543167115,1167.420260362171,337.94031014033726,412.57634673345655,322.70358383678763,577.7499313408988,110.19598543167115
2026-02-01 06:00:00+00:00,1836.63,374.6,487.94,65.32001,310.96,132.99,1203.2940570423923,335.5040981908524,412.8390248684565,280.5354082341487,579.6853228008322,109.24724368583944,1167.420260362171,337.94031014033726,412.57634673345655,322.70358383678763,577.7499313408988,110.19598543167115,1167.420260362171,337.94031014033726,412.57634673345655,322.70358383678763,577.7499313408988,110.19598543167115
2026-02-01 07:00:00+00:00,1945.41,374.48,504.22,113.83998,316.03,131.88,1214.7585483577773,335.5040981908524,413.7734495775211,288.3843221202292,579.6853228008322,109.24724368583944,1167.420260362171,337.94031014033726,412.57634673345655,322.70358383678763,577.7499313408988,110.19598543167115,1167.420260362171,337.94031014033726,412.57634673345655,322.70358383678763,577.7499313408988,110.19598543167115
2026-02-01 08:00:00+00:00,2067.33,374.78,497.16,32.359985,319.35,141.49,1223.2142718174869,335.5040981908524,414.6694609784054,296.2332360063097,579.6853228008322,109.24724368583944,1167.420260362171,337.94031014033726,412.57634673345655,322.70358383678763,577.7499313408988,110.19598543167115,1167.420260362171,337.94031014033726,412.57634673345655,322.70358383678763,577.7499313408988,110.19598543167115
2026-02-01 09:00:00+00:00,2051.57,374.18,469.55,66.41998,324.27,141.8,1221.2518102543331,335.5040981908524,414.96137951655703,304.08214989239025,579.6853228008322,109.24724368583944,1167.420260362171,337.94031014033726,412.57634673345655,322.70358383678763,577.7499313408988,110.19598543167115,1167.420260362171,337.94031014033726,412.57634673345655,322.70358383678763,577.7499313408988,110.19598543167115
2026-02-01 10:00:00+00:00,1913.98,374.19,447.18,116.23999,336.08997,143.56,1206.257846165688,335.5040981908524,414.7868097798358,311.93106377847073,579.6853228008322,109.24724368583944,1167.420260362171,337.94031014033726,412.57634673345655,322.70358383678763,577.7499313408988,110.19598543167115,1167.420260362171,337.94031014033726,412.57634673345655,322.70358383678763,577.7499313408988,110.19598543167115
2026-02-01 11:00:00+00:00,1872.11,374.19,431.1,15.26999,332.9,142.31,1194.0862199924775,335.5040981908524,414.5557500440084,319.77997766455127,579.6853228008322,109.24724368583944,1167.420260362171,337.94031014033726,412.57634673345655,322.70358383678763,577.7499313408988,110.19598543167115,1167.420260362171,337.94031014033726,412.57634673345655,322.70358383678763,577.7499313408988,110.19598543167115
2026-02-01 12:00:00+00:00,1877.17,374.19,430.01,71.129974,335.89,141.24,1189.6910302738888,335.5040981908524,415.04729398982283,327.62889155063175,579.6853228008322,109.24724368583944,1167.420260362171,337.94031014033726,412.57634673345655,322.70358383678763,577.7499313408988,110.19598543167115,1167.420260362171,337.94031014033726,412.57634673345655,322.70358383678763,577.7499313408988,110.19598543167115
2026-02-01 13:00:00+00:00,1867.14,374.08,440.94,100.87999,337.7,138.54,1190.078307477976,335.5040981908524,415.4611407292532,335.4778054367123,579.6853228008322,109.24724368583944,1167.420260362171,337.94031014033726,412.57634673345655,322.70358383678763,577.7499313408988,110.19598543167115,1167.420260362171,337.94031014033726,412.57634673345655,322.70358383678763,577.7499313408988,110.19598543167115
2026-02-01 14:00:00+00:00,2084.85,374.17,457.77,34.600006,326.38,138.81,1203.8353263945753,335.5040981908524,416.6030392713009,343.32671932279277,579.6853228008322,109.24724368583944,1167.420260362171,337.94031014033726,412.57634673345655,322.70358383678763,577.7499313408988,110.19598543167115,1167.420260362171,337.94031014033726,412.57634673345655,322.70358383678763,577.7499313408988,110.19598543167115
2026-02-01 15:00:00+00:00,2316.52,374.06,494.12,46.350006,318.32,138.32,1227.2023385473644,335.5040981908524,418.4618716274832,351.1756332088733,579.6853228008322,109.24724368583944,1167.420260362171,337.94031014033726,412.57634673345655,322.70358383678763,577.7499313408988,110.19598543167115,1167.420260362171,337.94031014033726,412.57634673345655,322.70358383678763,577.7499313408988,110.19598543167115
2026-02-01 16:00:00+00:00,2512.13,373.96,517.39,133.46999,313.66,138.27,1255.161994095371,335.5040981908524,420.98238262607845,359.0245470949538,579.6853228008322,109.24724368583944,1167.420260362171,337.94031014033726,412.57634673345655,322.70358383678763,577.7499313408988,110.19598543167115,1167.420260362171,337.94031014033726,412.57634673345655,322.70358383678763,577.7499313408988,110.19598543167115
2026-02-01 17:00:00+00:00,2766.51,373.8,516.48,683.79,314.49,139.58,1269.2085513059485,335.5040981908524,423.0168915090775,366.8734609810343,579.6853228008322,109.24724368583944,1167.420260362171,337.94031014033726,412.57634673345655,322.70358383678763,577.7499313408988,110.19598543167115,1167.420260362171,337.94031014033726,412.57634673345655,322.70358383678763,577.7499313408988,110.19598543167115
2026-02-01 18:00:00+00:00,2909.94,373.74,506.47,92.86,316.51,140.26,1270.9620461793963,335.5040981908524,424.1825675684245,374.7223748671148,579.6853228008322,109.24724368583944,1167.420260362171,337.94031014033726,412.57634673345655,322.70358383678763,577.7499313408988,110.19598543167115,1167.420260362171,337.94031014033726,412.57634673345655,322.70358383678763,577.7499313408988,110.19598543167115
2026-02-01 19:00:00+00:00,2931.99,378.46,491.21,150.64,309.64,140.38,1261.6560927105613,335.5040981908524,425.4301037416499,382.57128875319535,579.6853228008322,109.24724368583944,1167.420260362171,337.94031014033726,412.57634673345655,322.70358383678763,577.7499313408988,110.19598543167115,1167.420260362171,337.94031014033726,412.57634673345655,322.70358383678763,577.7499313408988,110.19598543167115
2026-02-01 20:00:00+00:00,2928.14,398.78,472.98,51.51001,308.61,141.81,1245.2284846149323,335.5040981908524,426.68095071031644,390.42020263927583,579.6853228008322,109.24724368583944,1167.420260362171,337.94031014033726,412.57634673345655,322.70358383678763,577.7499313408988,110.19598543167115,1167.420260362171,337.94031014033726,412.57634673345655,322.70358383678763,577.7499313408988,110.19598543167115
2026-02-01 21:00:00+00:00,2854.12,404.38,458.53,36.45999,314.95,145.58,1228.9721159763524,335.5040981908524,427.57683059828037,398.26911652535637,579.6853228008322,109.24724368583944,1167.420260362171,337.94031014033726,412.57634673345655,322.70358383678763,577.7499313408988,110.19598543167115,1167.420260362171,337.94031014033726,412.57634673345655,322.70358383678763,577.7499313408988,110.19598543167115
2026-02-01 22:00:00+00:00,2575.28,404.4,442.95,1.4599925,312.12,142.55,1201.7161154889623,335.5040981908524,428.2150816119618,406.11803041143685,579.6853228008322,109.24724368583944,1167.420260362171,337.94031014033726,412.57634673345655,322.70358383678763,577.7499313408988,110.19598543167115,1167.420260362171,337.94031014033726,412.57634673345655,322.70358383678763,577.7499313408988,110.19598543167115
2026-02-01 23:00:00+00:00,2305.97,404.44,430.66,53.26001,323.73,143.04,1177.8386031464208,335.5040981908524,428.8710977731158,413.9669442975174,579.6853228008322,109.24724368583944,1167.420260362171,337.94031014033726,412.57634673345655,322.70358383678763,577.7499313408988,110.19598543167115,1167.420260362171,337.94031014033726,412.57634673345655,322.70358383678763,577.7499313408988,110.19598543167115
2026-02-02 00:00:00+00:00,2300.21,405.07,420.31,59.639984,327.13,140.3,1165.4088911151102,335.5040981908524,406.3215637069468,233.44192491766563,579.6853228008322,109.24724368583944,1167.420260362171,337.94031014033726,412.57634673345655,322.70358383678763,577.7499313408988,110.19598543167115,1167.420260362171,337.94031014033726,412.57634673345655,322.70358383678763,577.7499313408988,110.19598543167115
2026-02-02 01:00:00+00:00,2316.27,405.33,417.11,38.179993,327.95,142.08,1162.8278300464485,335.5040981908524,407.415360254652,241.29083880374617,579.6853228008322,109.24724368583944,1167.420260362171,337.94031014033726,412.57634673345655,322.70358383678763,577.7499313408988,110.19598543167115,1167.420260362171,337.94031014033726,412.57634673345655,322.70358383678763,577.7499313408988,110.19598543167115
2026-02-02 02:00:00+00:00,2354.05,405.21,415.67,0.64999497,336.24,142.79,1164.3120458208966,335.5040981908524,408.67449978066844,249.13975268982665,579.6853228008322,109.24724368583944,1167.420260362171,337.94031014033726,412.57634673345655,322.70358383678763,577.7499313408988,110.19598543167115,1167.420260362171,337.94031014033726,412.57634673345655,322.70358383678763,577.7499313408988,110.19598543167115
2026-02-02 03:00:00+00:00,2444.96,404.94,417.36,3.5400097,326.95,141.81,1175.46065214039,335.5040981908524,409.8117265579371,256.98866657590713,579.6853228008322,109.24724368583944,1167.420260362171,337.94031014033726,412.57634673345655,322.70358383678763,577.7499313408988,110.19598543167115,1167.420260362171,337.94031014033726,412.57634673345655,322.70358383678763,577.7499313408988,110.19598543167115
2026-02-02 04:00:00+00:00,2765.84,404.82,427.53,49.809998,330.88998,142.1,1201.0143428106207,335.5040981908524,411.3669478151004,264.83758046198767,579.6853228008322,109.24724368583944,1167.420260362171,337.94031014033726,412.57634673345655,322.70358383678763,577.7499313408988,110.19598543167115,1167.420260362171,337.94031014033726,412.57634673345655,322.70358383678763,577.7499313408988,110.19598543167115
2026-02-02 05:00:00+00:00,3067.03,404.67,447.38,237.7,330.37,138.45,1259.7750177846754,335.5040981908524,413.77994963880514,272.6864943480682,579.6853228008322,109.24724368583944,1167.420260362171,337.94031014033726,412.57634673345655,322.70358383678763,577.7499313408988,110.19598543167115,1167.420260362171,337.94031014033726,412.57634673345655,322.70358383678763,577.7499313408988,110.19598543167115
2026-02-02 06:00:00+00:00,3077.74,404.61,478.34,659.31,356.97,137.86,1300.4877717840452,335.5040981908524,415.6187551976852,280.5354082341487,579.6853228008322,109.24724368583944,1167.420260362171,337.94031014033726,412.57634673345655,322.70358383678763,577.7499313408988,110.19598543167115,1167.420260362171,337.94031014033726,412.57634673345655,322.70358383678763,577.7499313408988,110.19598543167115
2026-02-02 07:00:00+00:00,3017.33,404.43,494.67,1215.6898,423.94,138.03,1316.0220276070572,335.5040981908524,416.95231459753967,288.3843221202292,579.6853228008322,109.24724368583944,1167.420260362171,337.94031014033726,412.57634673345655,322.70358383678763,577.7499313408988,110.19598543167115,1167.420260362171,337.94031014033726,412.57634673345655,322.70358383678763,577.7499313408988,110.19598543167115
2026-02-02 08:00:00+00:00,2893.06,404.11,487.25,1270.19,423.41,138.21,1306.5320530590234,335.5040981908524,417.44844056644564,296.2332360063097,579.6853228008322,109.24724368583944,1167.420260362171,337.94031014033726,412.57634673345655,322.70358383678763,577.7499313408988,110.19598543167115,1167.420260362171,337.94031014033726,412.57634673345655,322.70358383678763,577.7499313408988,110.19598543167115
2026-02-02 09:00:00+00:00,2955.11,403.93,475.92,1149.04,408.01,139.81,1298.6016421966083,335.5040981908524,418.388749629507,304.08214989239025,579.6853228008322,109.24724368583944,1167.420260362171,337.94031014033726,412.57634673345655,322.70358383678763,577.7499313408988,110.19598543167115,1167.420260362171,337.94031014033726,412.57634673345655,322.70358383678763,577.7499313408988,110.19598543167115
2026-02-02 10:00:00+00:00,2933.75,403.88,459.84,833.81,381.9,141.84,1273.7845507290556,335.5040981908524,418.475860192867,311.93106377847073,579.6853228008322,109.24724368583944,1167.420260362171,337.94031014033726,412.57634673345655,322.70358383678763,577.7499313408988,110.19598543167115,1167.420260362171,337.94031014033726,412.57634673345655,322.70358383678763,577.7499313408988,110.19598543167115
2026-02-02 11:00:00+00:00,2933.67,403.92,446.76,489.36,349.61996,143.03,1260.7843495361303,335.5040981908524,418.20271360098957,319.77997766455127,579.6853228008322,109.24724368583944,1167.420260362171,337.94031014033726,412.57634673345655,322.70358383678763,577.7499313408988,110.19598543167115,1167.420260362171,337.94031014033726,412.57634673345655,322.70358383678763,577.7499313408988,110.19598543167115
2026-02-02 12:00:00+00:00,2952.04,405.64,441.37,204.22,355.2,142.39,1265.999378333455,335.5040981908524,419.28948819959635,327.62889155063175,579.6853228008322,109.24724368583944,1167.420260362171,337.94031014033726,412.57634673345655,322.70358383678763,577.7499313408988,110.19598543167115,1167.420260362171,337.94031014033726,412.57634673345655,322.70358383678763,577.7499313408988,110.19598543167115
2026-02-02 13:00:00+00:00,3040.12,433.28,445.2,365.34,342.53,144.13,1271.4970406480925,335.5040981908524,419.84910432008087,335.4778054367123,579.6853228008322,109.24724368583944,1167.420260362171,337.94031014033726,412.57634673345655,322.70358383678763,577.7499313408988,110.19598543167115,1167.420260362171,337.94031014033726,412.57634673345655,322.70358383678763,577.7499313408988,110.19598543167115
2026-02-02 14:00:00+00:00,3301.68,433.38,459.39,798.77,338.45,143.74,1283.5314761445477,335.5040981908524,421.13527312030106,343.32671932279277,579.6853228008322,109.24724368583944,1167.420260362171,337.94031014033726,412.57634673345655,322.70358383678763,577.7499313408988,110.19598543167115,1167.420260362171,337.94031014033726,412.57634673345655,322.70358383678763,577.7499313408988,110.19598543167115
2026-02-02 15:00:00+00:00,3381.46,437.35,492.44,585.17,334.12,143.05,1301.2553319598628,335.5040981908524,422.7769092867662,351.1756332088733,579.6853228008322,109.24724368583944,1167.420260362171,337.94031014033726,412.57634673345655,322.70358383678763,577.7499313408988,110.19598543167115,1167.420260362171,337.94031014033726,412.57634673345655,322.70358383678763,577.7499313408988,110.19598543167115
2026-02-02 16:00:00+00:00,3307.13,443.2,514.51,479.0,328.32,153.29,1308.9164807228688,335.5040981908524,424.79813281164104,359.0245470949538,579.6853228008322,109.24724368583944,1167.420260362171,337.94031014033726,412.57634673345655,322.70358383678763,577.7499313408988,110.19598543167115,1167.420260362171,337.94031014033726,412.57634673345655,322.70358383678763,577.7499313408988,110.19598543167115
2026-02-02 17:00:00+00:00,3388.61,443.57,515.74,1084.08,333.04,149.92667,1314.4912101462487,335.5040981908524,426.5427681530125,366.8734609810343,579.6853228008322,109.24724368583944,1167.420260362171,337.94031014033726,412.57634673345655,322.70358383678763,577.7499313408988,110.19598543167115,1167.420260362171,337.94031014033726,412.57634673345655,322.70358383678763,577.7499313408988,110.19598543167115
2026-02-02 18:00:00+00:00,3260.43,443.63,511.9,1225.49,333.78,146.56332,1306.164566124043,335.5040981908524,427.282333846674,374.7223748671148,579.6853228008322,109.24724368583944,1167.420260362171,337.94031014033726,412.57634673345655,322.70358383678763,577.7499313408988,110.19598543167115,1167.420260362171,337.94031014033726,412.57634673345655,322.70358383678763,577.7499313408988,110.19598543167115
2026-02-02 19:00:00+00:00,3266.85,443.61,492.7,327.07,324.0,143.2,1287.8820354478942,335.5040981908524,427.7532311863588,382.57128875319535,579.6853228008322,109.24724368583944,1167.420260362171,337.94031014033726,412.57634673345655,322.70358383678763,577.7499313408988,110.19598543167115,1167.420260362171,337.94031014033726,412.57634673345655,322.70358383678763,577.7499313408988,110.19598543167115
2026-02-02 20:00:00+00:00,3346.03,444.19,476.88,180.88,315.77,143.34,1266.3581218914674,335.5040981908524,428.1893821250482,390.42020263927583,579.6853228008322,109.24724368583944,1167.420260362171,337.94031014033726,412.57634673345655,322.70358383678763,577.7499313408988,110.19598543167115,1167.420260362171,337.94031014033726,412.57634673345655,322.70358383678763,577.7499313408988,110.19598543167115
2026-02-02 21:00:00+00:00,3488.24,444.68,459.08,91.869995,319.35,144.08,1244.099656154886,335.5040981908524,428.54251907475384,398.26911652535637,579.6853228008322,109.24724368583944,1167.420260362171,337.94031014033726,412.57634673345655,322.70358383678763,577.7499313408988,110.19598543167115,1167.420260362171,337.94031014033726,412.57634673345655,322.70358383678763,577.7499313408988,110.19598543167115
2026-02-02 22:00:00+00:00,3207.33,444.81,442.44,17.04001,320.4,144.46,1216.5698292310485,335.5040981908524,429.0907743212158,406.11803041143685,579.6853228008322,109.24724368583944,1167.420260362171,337.94031014033726,412.57634673345655,322.70358383678763,577.7499313408988,110.19598543167115,1167.420260362171,337.94031014033726,412.57634673345655,322.70358383678763,577.7499313408988,110.19598543167115
2026-02-02 23:00:00+00:00,2717.89,443.56,429.46,4.51999,345.98,144.77,1197.5680848999937,335.5040981908524,429.8614621930418,413.9669442975174,579.6853228008322,109.24724368583944,1167.420260362171,337.94031014033726,412.57634673345655,322.70358383678763,577.7499313408988,110.19598543167115,1167.420260362171,337.94031014033726,412.57634673345655,322.70358383678763,577.7499313408988,110.19598543167115
2026-02-03 00:00:00+00:00,2241.33,443.88,420.12,6.2799997,351.93,143.93,1186.3582317419978,335.5040981908524,408.12488347349193,233.44192491766563,579.6853228008322,109.24724368583944,1167.420260362171,337.94031014033726,412.57634673345655,322.70358383678763,577.7499313408988,110.19598543167115,1167.420260362171,337.94031014033726,412.57634673345655,322.70358383678763,577.7499313408988,110.19598543167115
2026-02-03 01:00:00+00:00,2102.47,443.94,415.99,2.2500012,354.84,142.35,1177.0070626757692,335.5040981908524,408.5965825953692,241.29083880374617,579.6853228008322,109.24724368583944,1167.420260362171,337.94031014033726,412.57634673345655,322.70358383678763,577.7499313408988,110.19598543167115,1167.420260362171,337.94031014033726,412.57634673345655,322.70358383678763,577.7499313408988,110.19598543167115
2026-02-03 02:00:00+00:00,2096.79,415.95,414.51,0.2699901,349.90997,141.43,1182.3605847189358,335.5040981908524,409.41759136064354,249.13975268982665,579.6853228008322,109.24724368583944,1167.420260362171,337.94031014033726,412.57634673345655,322.70358383678763,577.7499313408988,110.19598543167115,1167.420260362171,337.94031014033726,412.57634673345655,322.70358383678763,577.7499313408988,110.19598543167115
2026-02-03 03:00:00+00:00,2135.54,411.49,417.66,0.7500011,350.93,142.09,1188.8490456483294,335.5040981908524,410.4612599641391,256.98866657590713,579.6853228008322,109.24724368583944,1167.420260362171,337.94031014033726,412.57634673345655,322.70358383678763,577.7499313408988,110.19598543167115,1167.420260362171,337.94031014033726,412.57634673345655,322.70358383678763,577.7499313408988,110.19598543167115
2026-02-03 04:00:00+00:00,2397.49,435.35,427.88,1.9400035,346.11,141.38,1207.4842923090255,335.5040981908524,411.9445572284004,264.83758046198767,579.6853228008322,109.24724368583944,1167.420260362171,337.94031014033726,412.57634673345655,322.70358383678763,577.7499313408988,110.19598543167115,1167.420260362171,337.94031014033726,412.57634673345655,322.70358383678763,577.7499313408988,110.19598543167115
2026-02-03 05:00:00+00:00,2662.9,441.3,459.16,51.23999,344.3,138.75,1250.6792108618602,335.5040981908524,414.239166221662,272.6864943480682,579.6853228008322,109.24724368583944,1167.420260362171,337.94031014033726,412.57634673345655,322.70358383678763,577.7499313408988,110.19598543167115,1167.420260362171,337.94031014033726,412.57634673345655,322.70358383678763,577.7499313408988,110.19598543167115
2026-02-03 06:00:00+00:00,3045.35,442.91,490.56,17.329988,347.14,137.17,1290.2427814624104,335.5040981908524,416.45855248765423,280.5354082341487,579.6853228008322,109.24724368583944,1167.420260362171,337.94031014033726,412.57634673345655,322.70358383678763,577.7499313408988,110.19598543167115,1167.420260362171,337.94031014033726,412.57634673345655,322.70358383678763,577.7499313408988,110.19598543167115
2026-02-03 07:00:00+00:00,3186.41,441.48,506.88,106.39,373.59,137.64,1311.372374130165,335.5040981908524,417.7680744584678,288.3843221202292,579.6853228008322,109.24724368583944,1167.420260362171,337.94031014033726,412.57634673345655,322.70358383678763,577.7499313408988,110.19598543167115,1167.420260362171,337.94031014033726,412.57634673345655,322.70358383678763,577.7499313408988,110.19598543167115
2026-02-03 08:00:00+00:00,3209.4897,440.0,496.77,541.3,430.69,138.73,1310.8906870067558,335.5040981908524,418.2102518670155,296.2332360063097,579.6853228008322,109.24724368583944,1167.420260362171,337.94031014033726,412.57634673345655,322.70358383678763,577.7499313408988,110.19598543167115,1167.420260362171,337.94031014033726,412.57634673345655,322.70358383678763,577.7499313408988,110.19598543167115
2026-02-03 09:00:00+00:00,3333.98,440.25,459.57,187.24,386.61996,141.66,1306.2834785747643,335.5040981908524,419.02020016291465,304.08214989239025,579.6853228008322,109.24724368583944,1167.420260362171,337.94031014033726,412.57634673345655,322.70358383678763,577.7499313408988,110.19598543167115,1167.420260362171,337.94031014033726,412.57634673345655,322.70358383678763,577.7499313408988,110.19598543167115
2026-02-03 10:00:00+00:00,3299.1,443.25,442.21,486.48,421.5,142.2,1298.101568739081,335.5040981908524,419.4421940149917,311.93106377847073,579.6853228008322,109.24724368583944,1167.420260362171,337.94031014033726,412.57634673345655,322.70358383678763,577.7499313408988,110.19598543167115,1167.420260362171,337.94031014033726,412.57634673345655,322.70358383678763,577.7499313408988,110.19598543167115
2026-02-03 11:00:00+00:00,3031.81,442.91,436.43,77.06,377.32,147.83,1291.3521400089874,335.5040981908524,419.77207880575247,319.77997766455127,579.6853228008322,109.24724368583944,1167.420260362171,337.94031014033726,412.57634673345655,322.70358383678763,577.7499313408988,110.19598543167115,1167.420260362171,337.94031014033726,412.57634673345655,322.70358383678763,577.7499313408988,110.19598543167115
2026-02-03 12:00:00+00:00,2555.8,443.22,432.37,56.23999,369.0,147.56,1286.8124347219657,335.5040981908524,420.5298911946269,327.62889155063175,579.6853228008322,109.24724368583944,1167.420260362171,337.94031014033726,412.57634673345655,322.70358383678763,577.7499313408988,110.19598543167115,1167.420260362171,337.94031014033726,412.57634673345655,322.70358383678763,577.7499313408988,110.19598543167115
2026-02-03 13:00:00+00:00,2533.81,442.36,440.1,301.19,422.06,147.96,1286.522627143286,335.5040981908524,421.46819733458113,335.4778054367123,579.6853228008322,109.24724368583944,1167.420260362171,337.94031014033726,412.57634673345655,322.70358383678763,577.7499313408988,110.19598543167115,1167.420260362171,337.94031014033726,412.57634673345655,322.70358383678763,577.7499313408988,110.19598543167115
2026-02-03 14:00:00+00:00,2779.81,442.07,461.09,332.33,389.32,148.92,1298.7630749992622,335.5040981908524,422.69843649560494,343.32671932279277,579.6853228008322,109.24724368583944,1167.420260362171,337.94031014033726,412.57634673345655,322.70358383678763,577.7499313408988,110.19598543167115,1167.420260362171,337.94031014033726,412.57634673345655,322.70358383678763,577.7499313408988,110.19598543167115
2026-02-03 15:00:00+00:00,3054.15,442.32,495.39,269.87,393.61,146.96,1315.291769429806,335.5040981908524,423.826139625639,351.1756332088733,579.6853228008322,109.24724368583944,1167.420260362171,337.94031014033726,412.57634673345655,322.70358383678763,577.7499313408988,110.19598543167115,1167.420260362171,337.94031014033726,412.57634673345655,322.70358383678763,577.7499313408988,110.19598543167115
2026-02-03 16:00:00+00:00,3052.67,442.74,516.3,634.72,433.68,144.8,1339.4076791312236,335.5040981908524,425.4695478703145,359.0245470949538,579.6853228008322,109.24724368583944,1167.420260362171,337.94031014033726,412.57634673345655,322.70358383678763,577.7499313408988,110.19598543167115,1167.420260362171,337.94031014033726,412.57634673345655,322.70358383678763,577.7499313408988,110.19598543167115
2026-02-03 17:00:00+00:00,3042.3599,443.93,518.33,340.78,360.46,144.2,1345.4954065280147,335.5040981908524,426.59590867437356,366.8734609810343,579.6853228008322,109.24724368583944,1167.420260362171,337.94031014033726,412.57634673345655,322.70358383678763,577.7499313408988,110.19598543167115,1167.420260362171,337.94031014033726,412.57634673345655,322.70358383678763,577.7499313408988,110.19598543167115
2026-02-03 18:00:00+00:00,2962.9397,443.44,509.07,150.26,369.9,145.41,1338.857624548634,335.5040981908524,427.6780691422881,374.7223748671148,579.6853228008322,109.24724368583944,1167.420260362171,337.94031014033726,412.57634673345655,322.70358383678763,577.7499313408988,110.19598543167115,1167.420260362171,337.94031014033726,412.57634673345655,322.70358383678763,577.7499313408988,110.19598543167115
2026-02-03 19:00:00+00:00,2923.06,443.52,488.32,154.14,380.82,146.52,1320.326867104162,335.5040981908524,428.2694155753864,382.57128875319535,579.6853228008322,109.24724368583944,1167.420260362171,337.94031014033726,412.57634673345655,322.70358383678763,577.7499313408988,110.19598543167115,1167.420260362171,337.94031014033726,412.57634673345655,322.70358383678763,577.7499313408988,110.19598543167115
2026-02-03 20:00:00+00:00,2935.69,443.55,476.76,394.61,373.01,147.91,1304.0811879562675,335.5040981908524,428.8824642457529,390.42020263927583,579.6853228008322,109.24724368583944,1167.420260362171,337.94031014033726,412.57634673345655,322.70358383678763,577.7499313408988,110.19598543167115,1167.420260362171,337.94031014033726,412.57634673345655,322.70358383678763,577.7499313408988,110.19598543167115
2026-02-03 21:00:00+00:00,2974.1,421.28,464.1,164.73,356.83,144.64,1292.618915255019,335.5040981908524,429.55951595825684,398.26911652535637,579.6853228008322,109.24724368583944,1167.420260362171,337.94031014033726,412.57634673345655,322.70358383678763,577.7499313408988,110.19598543167115,1167.420260362171,337.94031014033726,412.57634673345655,322.70358383678763,577.7499313408988,110.19598543167115
2026-02-03 22:00:00+00:00,2773.85,414.18,451.3,9.28,340.08,142.67,1273.1767239548017,335.5040981908524,430.18364237044625,406.11803041143685,579.6853228008322,109.24724368583944,1167.420260362171,337.94031014033726,412.57634673345655,322.70358383678763,577.7499313408988,110.19598543167115,1167.420260362171,337.94031014033726,412.57634673345655,322.70358383678763,577.7499313408988,110.19598543167115
2026-02-03 23:00:00+00:00,2538.7,414.18,436.03,1.2999889,342.95,143.49,1255.520636220669,335.5040981908524,430.812732012736,413.9669442975174,579.6853228008322,109.24724368583944,1167.420260362171,337.94031014033726,412.57634673345655,322.70358383678763,577.7499313408988,110.19598543167115,1167.420260362171,337.94031014033726,412.57634673345655,322.70358383678763,577.7499313408988,110.19598543167115
2026-02-04 00:00:00+00:00,2461.56,414.16,425.57,0.26001084,342.63,142.87,1248.1130852568324,335.5040981908524,409.0681794600467,233.44192491766563,579.6853228008322,109.24724368583944,1167.420260362171,337.94031014033726,412.57634673345655,322.70358383678763,577.7499313408988,110.19598543167115,1167.420260362171,337.94031014033726,412.57634673345655,322.70358383678763,577.7499313408988,110.19598543167115
2026-02-04 01:00:00+00:00,2576.77,414.22,425.41,1.5700084,339.57,142.88,1251.496795866934,335.5040981908524,410.13402810888635,241.29083880374617,579.6853228008322,109.24724368583944,1167.420260362171,337.94031014033726,412.57634673345655,322.70358383678763,577.7499313408988,110.19598543167115,1167.420260362171,337.94031014033726,412.57634673345655,322.70358383678763,577.7499313408988,110.19598543167115
2026-02-04 02:00:00+00:00,2584.71,414.15,421.28,0.52999985,341.32,142.97,1247.9367440328365,335.5040981908524,411.15969883858554,249.13975268982665,579.6853228008322,109.24724368583944,1167.420260362171,337.94031014033726,412.57634673345655,322.70358383678763,577.7499313408988,110.19598543167115,1167.420260362171,337.94031014033726,412.57634673345655,322.70358383678763,577.7499313408988,110.19598543167115
2026-02-04 03:00:00+00:00,2577.79,414.17,424.52,0.51001084,339.61,143.06,1256.7708273959795,335.5040981908524,412.42614329754394,256.98866657590713,579.6853228008322,109.24724368583944,1167.420260362171,337.94031014033726,412.57634673345655,322.70358383678763,577.7499313408988,110.19598543167115,1167.420260362171,337.94031014033726,412.57634673345655,322.70358383678763,577.7499313408988,110.19598543167115
2026-02-04 04:00:00+00:00,2700.72,414.6,435.83,2.8899853,332.54,141.0,1275.8288824604394,335.5040981908524,413.83601193086946,264.83758046198767,579.6853228008322,109.24724368583944,1167.420260362171,337.94031014033726,412.57634673345655,322.70358383678763,577.7499313408988,110.19598543167115,1167.420260362171,337.94031014033726,412.57634673345655,322.70358383678763,577.7499313408988,110.19598543167115
2026-02-04 05:00:00+00:00,3330.55,414.47,456.42,136.04,331.75,236.69,1323.7168461904978,335.5040981908524,415.85936991918396,272.6864943480682,579.6853228008322,109.24724368583944,1167.420260362171,337.94031014033726,412.57634673345655,322.70358383678763,577.7499313408988,110.19598543167115,1167.420260362171,337.94031014033726,412.57634673345655,322.70358383678763,577.7499313408988,110.19598543167115
2026-02-04 06:00:00+00:00,3518.0,414.09,479.78,1008.83,340.04,260.8,1347.665265862379,335.5040981908524,417.2751326945988,280.5354082341487,579.6853228008322,109.24724368583944,1167.420260362171,337.94031014033726,412.57634673345655,322.70358383678763,577.7499313408988,110.19598543167115,1167.420260362171,337.94031014033726,412.57634673345655,322.70358383678763,577.7499313408988,110.19598543167115
2026-02-04 07:00:00+00:00,3516.96,422.32,493.68,1201.09,354.11,252.09166,1354.7605930256018,335.5040981908524,418.5784436569083,288.3843221202292,579.6853228008322,109.24724368583944,1167.420260362171,337.94031014033726,412.57634673345655,322.70358383678763,577.7499313408988,110.19598543167115,1167.420260362171,337.94031014033726,412.57634673345655,322.70358383678763,577.7499313408988,110.19598543167115
2026-02-04 08:00:00+00:00,3509.59,444.2,494.1,607.66,366.72,243.38333,1328.7786215450349,335.5040981908524,418.3827125639667,296.2332360063097,579.6853228008322,109.24724368583944,1167.420260362171,337.94031014033726,412.57634673345655,322.70358383678763,577.7499313408988,110.19598543167115,1167.420260362171,337.94031014033726,412.57634673345655,322.70358383678763,577.7499313408988,110.19598543167115
2026-02-04 09:00:00+00:00,2934.7,432.23,471.13,511.0,366.65,234.67499,1291.2316253425715,335.5040981908524,417.5043732959691,304.08214989239025,579.6853228008322,109.24724368583944,1167.420260362171,337.94031014033726,412.57634673345655,322.70358383678763,577.7499313408988,110.19598543167115,1167.420260362171,337.94031014033726,412.57634673345655,322.70358383678763,577.7499313408988,110.19598543167115
2026-02-04 10:00:00+00:00,2706.49,413.92,451.89,466.35,365.09,225.96666,1269.102986337157,335.5040981908524,417.2524966058029,311.93106377847073,579.6853228008322,109.24724368583944,1167.420260362171,337.94031014033726,412.57634673345655,322.70358383678763,577.7499313408988,110.19598543167115,1167.420260362171,337.94031014033726,412.57634673345655,322.70358383678763,577.7499313408988,110.19598543167115
2026-02-04 11:00:00+00:00,2637.28,414.0,438.11,155.11,366.97,217.25833,1257.8036463070941,335.5040981908524,417.08900216081224,319.77997766455127,579.6853228008322,109.24724368583944,1167.420260362171,337.94031014033726,412.57634673345655,322.70358383678763,577.7499313408988,110.19598543167115,1167.420260362171,337.94031014033726,412.57634673345655,322.70358383678763,577.7499313408988,110.19598543167115
2026-02-04 12:00:00+00:00,2934.12,410.33,432.1,202.78,357.57,208.55,1263.5530185023447,335.5040981908524,418.2800745884134,327.62889155063175,579.6853228008322,109.24724368583944,1167.420260362171,337.94031014033726,412.57634673345655,322.70358383678763,577.7499313408988,110.19598543167115,1167.420260362171,337.94031014033726,412.57634673345655,322.70358383678763,577.7499313408988,110.19598543167115
2026-02-04 13:00:00+00:00,2913.1,385.82,437.57,451.78,398.8,142.79,1272.5340731901715,335.5040981908524,419.1407294059453,335.4778054367123,579.6853228008322,109.24724368583944,1167.420260362171,337.94031014033726,412.57634673345655,322.70358383678763,577.7499313408988,110.19598543167115,1167.420260362171,337.94031014033726,412.57634673345655,322.70358383678763,577.7499313408988,110.19598543167115
2026-02-04 14:00:00+00:00,2919.96,410.63,454.76,345.19,423.97,142.28,1291.2302298364518,335.5040981908524,420.2407206799945,343.32671932279277,579.6853228008322,109.24724368583944,1167.420260362171,337.94031014033726,412.57634673345655,322.70358383678763,577.7499313408988,110.19598543167115,1167.420260362171,337.94031014033726,412.57634673345655,322.70358383678763,577.7499313408988,110.19598543167115
2026-02-04 15:00:00+00:00,2956.53,427.26,487.88,123.03999,398.53,143.67,1302.0611700135364,335.5040981908524,421.9578648364585,351.1756332088733,579.6853228008322,109.24724368583944,1167.420260362171,337.94031014033726,412.57634673345655,322.70358383678763,577.7499313408988,110.19598543167115,1167.420260362171,337.94031014033726,412.57634673345655,322.70358383678763,577.7499313408988,110.19598543167115
2026-02-04 16:00:00+00:00,2972.21,442.72,511.91,371.51,395.18,144.79,1317.3222100114147,335.5040981908524,424.03519332392926,359.0245470949538,579.6853228008322,109.24724368583944,1167.420260362171,337.94031014033726,412.57634673345655,322.70358383678763,577.7499313408988,110.19598543167115,1167.420260362171,337.94031014033726,412.57634673345655,322.70358383678763,577.7499313408988,110.19598543167115
2026-02-04 17:00:00+00:00,3106.25,443.45,514.71,442.31,411.74,145.45,1326.1271762190827,335.5040981908524,425.5842661741911,366.8734609810343,579.6853228008322,109.24724368583944,1167.420260362171,337.94031014033726,412.57634673345655,322.70358383678763,577.7499313408988,110.19598543167115,1167.420260362171,337.94031014033726,412.57634673345655,322.70358383678763,577.7499313408988,110.19598543167115
2026-02-04 18:00:00+00:00,3116.16,438.71,505.85,233.35,420.74,146.59,1322.3343595580843,335.5040981908524,426.5786859520605,374.7223748671148,579.6853228008322,109.24724368583944,1167.420260362171,337.94031014033726,412.57634673345655,322.70358383678763,577.7499313408988,110.19598543167115,1167.420260362171,337.94031014033726,412.57634673345655,322.70358383678763,577.7499313408988,110.19598543167115
2026-02-04 19:00:00+00:00,2896.58,397.93,488.83,1.130006,345.51,145.58,1307.7142084906422,335.5040981908524,427.6640557473506,382.57128875319535,579.6853228008322,109.24724368583944,1167.420260362171,337.94031014033726,412.57634673345655,322.70358383678763,577.7499313408988,110.19598543167115,1167.420260362171,337.94031014033726,412.57634673345655,322.70358383678763,577.7499313408988,110.19598543167115
2026-02-04 20:00:00+00:00,2471.08,381.36,470.8,100.75,326.29,143.05,1283.4577647154429,335.5040981908524,428.48817762573236,390.42020263927583,579.6853228008322,109.24724368583944,1167.420260362171,337.94031014033726,412.57634673345655,322.70358383678763,577.7499313408988,110.19598543167115,1167.420260362171,337.94031014033726,412.57634673345655,322.70358383678763,577.7499313408988,110.19598543167115
2026-02-04 21:00:00+00:00,2413.66,381.52,452.73,26.000002,322.92,143.48,1262.602758576048,335.5040981908524,429.23598511629746,398.26911652535637,579.6853228008322,109.24724368583944,1167.420260362171,337.94031014033726,412.57634673345655,322.70358383678763,577.7499313408988,110.19598543167115,1167.420260362171,337.94031014033726,412.57634673345655,322.70358383678763,577.7499313408988,110.19598543167115
2026-02-04 22:00:00+00:00,2420.16,381.55,436.88,22.429995,321.95,143.36,1245.5530455031799,335.5040981908524,429.8946679516527,406.11803041143685,579.6853228008322,109.24724368583944,1167.420260362171,337.94031014033726,412.57634673345655,322.70358383678763,577.7499313408988,110.19598543167115,1167.420260362171,337.94031014033726,412.57634673345655,322.70358383678763,577.7499313408988,110.19598543167115
2026-02-04 23:00:00+00:00,2318.41,381.68,429.98,0.2699901,326.59,143.71,1233.5216104251758,335.5040981908524,430.6636603144687,413.9669442975174,579.6853228008322,109.24724368583944,1167.420260362171,337.94031014033726,412.57634673345655,322.70358383678763,577.7499313408988,110.19598543167115,1167.420260362171,337.94031014033726,412.57634673345655,322.70358383678763,577.7499313408988,110.19598543167115
2026-02-05 00:00:00+00:00,2089.52,381.71,424.27,0.27999985,325.17,142.66,1233.5545899202632,335.5040981908524,408.8174472986199,233.44192491766563,579.6853228008322,109.24724368583944,1167.420260362171,337.94031014033726,412.57634673345655,322.70358383678763,577.7499313408988,110.19598543167115,1167.420260362171,337.94031014033726,412.57634673345655,322.70358383678763,577.7499313408988,110.19598543167115
2026-02-05 01:00:00+00:00,1980.24,381.79,420.83,0.2699901,325.98,133.77,1231.893283819674,335.5040981908524,409.53577181362874,241.29083880374617,579.6853228008322,109.24724368583944,1167.420260362171,337.94031014033726,412.57634673345655,322.70358383678763,577.7499313408988,110.19598543167115,1167.420260362171,337.94031014033726,412.57634673345655,322.70358383678763,577.7499313408988,110.19598543167115
2026-02-05 02:00:00+00:00,1982.43,381.61,420.28,0.11999619,317.99,140.06,1240.8739237142506,335.5040981908524,410.8747957401366,249.13975268982665,579.6853228008322,109.24724368583944,1167.420260362171,337.94031014033726,412.57634673345655,322.70358383678763,577.7499313408988,110.19598543167115,1167.420260362171,337.94031014033726,412.57634673345655,322.70358383678763,577.7499313408988,110.19598543167115
2026-02-05 03:00:00+00:00,2163.18,381.55,422.2,0.4400035,318.59,141.3,1246.6740666578796,335.5040981908524,412.055884731761,256.98866657590713,579.6853228008322,109.24724368583944,1167.420260362171,337.94031014033726,412.57634673345655,322.70358383678763,577.7499313408988,110.19598543167115,1167.420260362171,337.94031014033726,412.57634673345655,322.70358383678763,577.7499313408988,110.19598543167115
2026-02-05 04:00:00+00:00,2392.59,381.39,433.52,51.139984,324.45,140.78,1270.9133992465322,335.5040981908524,413.64558802663316,264.83758046198767,579.6853228008322,109.24724368583944,1167.420260362171,337.94031014033726,412.57634673345655,322.70358383678763,577.7499313408988,110.19598543167115,1167.420260362171,337.94031014033726,412.57634673345655,322.70358383678763,577.7499313408988,110.19598543167115
2026-02-05 05:00:00+00:00,2904.32,383.51,453.05,272.43,327.45,255.87,1326.2321843343175,335.5040981908524,416.0533728370921,272.6864943480682,579.6853228008322,109.24724368583944,1167.420260362171,337.94031014033726,412.57634673345655,322.70358383678763,577.7499313408988,110.19598543167115,1167.420260362171,337.94031014033726,412.57634673345655,322.70358383678763,577.7499313408988,110.19598543167115
2026-02-05 06:00:00+00:00,3330.15,412.73,482.43,751.35,359.45,284.74,1365.7232268544494,335.5040981908524,417.67992808402767,280.5354082341487,579.6853228008322,109.24724368583944,1167.420260362171,337.94031014033726,412.57634673345655,322.70358383678763,577.7499313408988,110.19598543167115,1167.420260362171,337.94031014033726,412.57634673345655,322.70358383678763,577.7499313408988,110.19598543167115
2026-02-05 07:00:00+00:00,3439.23,445.91998,494.75,865.41,346.82,252.97198,1375.3433772915143,335.5040981908524,418.75626201417083,288.3843221202292,579.6853228008322,109.24724368583944,1167.420260362171,337.94031014033726,412.57634673345655,322.70358383678763,577.7499313408988,110.19598543167115,1167.420260362171,337.94031014033726,412.57634673345655,322.70358383678763,577.7499313408988,110.19598543167115
2026-02-05 08:00:00+00:00,3477.01,479.11,489.67,850.64,412.2,221.204,1359.882795356693,335.5040981908524,418.7599650164638,296.2332360063097,579.6853228008322,109.24724368583944,1167.420260362171,337.94031014033726,412.57634673345655,322.70358383678763,577.7499313408988,110.19598543167115,1167.420260362171,337.94031014033726,412.57634673345655,322.70358383678763,577.7499313408988,110.19598543167115
2026-02-05 09:00:00+00:00,3321.57,463.19,464.83,720.33,440.7,189.436,1323.436486208764,335.5040981908524,418.18371618566385,304.08214989239025,579.6853228008322,109.24724368583944,1167.420260362171,337.94031014033726,412.57634673345655,322.70358383678763,577.7499313408988,110.19598543167115,1167.420260362171,337.94031014033726,412.57634673345655,322.70358383678763,577.7499313408988,110.19598543167115
2026-02-05 10:00:00+00:00,3265.99,420.81,453.15,295.78,392.58,157.668,1292.1710683200556,335.5040981908524,417.4611770617642,311.93106377847073,579.6853228008322,109.24724368583944,1167.420260362171,337.94031014033726,412.57634673345655,322.70358383678763,577.7499313408988,110.19598543167115,1167.420260362171,337.94031014033726,412.57634673345655,322.70358383678763,577.7499313408988,110.19598543167115
2026-02-05 11:00:00+00:00,3177.52,413.16,440.67,43.01999,322.87,125.9,1259.3116888002166,335.5040981908524,416.4320321190665,319.77997766455127,579.6853228008322,109.24724368583944,1167.420260362171,337.94031014033726,412.57634673345655,322.70358383678763,577.7499313408988,110.19598543167115,1167.420260362171,337.94031014033726,412.57634673345655,322.70358383678763,577.7499313408988,110.19598543167115
2026-02-05 12:00:00+00:00,3189.25,421.68,434.31,77.369995,316.08,118.34,1239.5537647802696,335.5040981908524,416.5316478092169,327.62889155063175,579.6853228008322,109.24724368583944,1167.420260362171,337.94031014033726,412.57634673345655,322.70358383678763,577.7499313408988,110.19598543167115,1167.420260362171,337.94031014033726,412.57634673345655,322.70358383678763,577.7499313408988,110.19598543167115
2026-02-05 13:00:00+00:00,3359.98,423.89,432.13,36.809998,318.08,118.54,1237.5994599968506,335.5040981908524,416.7723798205777,335.4778054367123,579.6853228008322,109.24724368583944,1167.420260362171,337.94031014033726,412.57634673345655,322.70358383678763,577.7499313408988,110.19598543167115,1167.420260362171,337.94031014033726,412.57634673345655,322.70358383678763,577.7499313408988,110.19598543167115
2026-02-05 14:00:00+00:00,3390.39,426.5,447.6,141.93,314.95,119.33,1262.261830220884,335.5040981908524,418.3013231664833,343.32671932279277,579.6853228008322,109.24724368583944,1167.420260362171,337.94031014033726,412.57634673345655,322.70358383678763,577.7499313408988,110.19598543167115,1167.420260362171,337.94031014033726,412.57634673345655,322.70358383678763,577.7499313408988,110.19598543167115
2026-02-05 15:00:00+00:00,3187.83,429.56,483.56,663.96,385.41,120.38,1302.668120166169,335.5040981908524,420.7475535782613,351.1756332088733,579.6853228008322,109.24724368583944,1167.420260362171,337.94031014033726,412.57634673345655,322.70358383678763,577.7499313408988,110.19598543167115,1167.420260362171,337.94031014033726,412.57634673345655,322.70358383678763,577.7499313408988,110.19598543167115
2026-02-05 16:00:00+00:00,2953.39,429.33,503.89,1387.32,457.41,128.13,1334.4645224004264,335.5040981908524,423.3890866567723,359.0245470949538,579.6853228008322,109.24724368583944,1167.420260362171,337.94031014033726,412.57634673345655,322.70358383678763,577.7499313408988,110.19598543167115,1167.420260362171,337.94031014033726,412.57634673345655,322.70358383678763,577.7499313408988,110.19598543167115
2026-02-05 17:00:00+00:00,3007.4797,429.51,507.46,1431.395,420.77,126.54,1340.8383326108487,335.5040981908524,425.4454995928986,366.8734609810343,579.6853228008322,109.24724368583944,1167.420260362171,337.94031014033726,412.57634673345655,322.70358383678763,577.7499313408988,110.19598543167115,1167.420260362171,337.94031014033726,412.57634673345655,322.70358383678763,577.7499313408988,110.19598543167115
2026-02-05 18:00:00+00:00,2816.24,429.73,503.44,1475.47,385.65,125.07,1336.6523277181177,335.5040981908524,426.66676814143966,374.7223748671148,579.6853228008322,109.24724368583944,1167.420260362171,337.94031014033726,412.57634673345655,322.70358383678763,577.7499313408988,110.19598543167115,1167.420260362171,337.94031014033726,412.57634673345655,322.70358383678763,577.7499313408988,110.19598543167115
2026-02-05 19:00:00+00:00,2819.3,385.05,489.43,1023.32,316.17,123.77,1317.537160059728,335.5040981908524,427.48491398078704,382.57128875319535,579.6853228008322,109.24724368583944,1167.420260362171,337.94031014033726,412.57634673345655,322.70358383678763,577.7499313408988,110.19598543167115,1167.420260362171,337.94031014033726,412.57634673345655,322.70358383678763,577.7499313408988,110.19598543167115
2026-02-05 20:00:00+00:00,3080.91,380.59,470.91,430.77,312.9,126.53,1303.4292463611519,335.5040981908524,428.35862493495534,390.42020263927583,579.6853228008322,109.24724368583944,1167.420260362171,337.94031014033726,412.57634673345655,322.70358383678763,577.7499313408988,110.19598543167115,1167.420260362171,337.94031014033726,412.57634673345655,322.70358383678763,577.7499313408988,110.19598543167115
2026-02-05 21:00:00+00:00,3201.4,384.45,455.54,115.67998,305.58,129.66,1287.2419055452215,335.5040981908524,429.0972568463672,398.26911652535637,579.6853228008322,109.24724368583944,1167.420260362171,337.94031014033726,412.57634673345655,322.70358383678763,577.7499313408988,110.19598543167115,1167.420260362171,337.94031014033726,412.57634673345655,322.70358383678763,577.7499313408988,110.19598543167115
2026-02-05 22:00:00+00:00,3150.7798,398.54,435.62,0.29000962,303.53,130.05,1269.722112829593,335.5040981908524,430.1321846625802,406.11803041143685,579.6853228008322,109.24724368583944,1167.420260362171,337.94031014033726,412.57634673345655,322.70358383678763,577.7499313408988,110.19598543167115,1167.420260362171,337.94031014033726,412.57634673345655,322.70358383678763,577.7499313408988,110.19598543167115
2026-02-05 23:00:00+00:00,2919.2,402.46,424.57,30.79999,307.14,128.65,1258.1011465003603,335.5040981908524,430.9521538199234,413.9669442975174,579.6853228008322,109.24724368583944,1167.420260362171,337.94031014033726,412.57634673345655,322.70358383678763,577.7499313408988,110.19598543167115,1167.420260362171,337.94031014033726,412.57634673345655,322.70358383678763,577.7499313408988,110.19598543167115
2026-02-06 00:00:00+00:00,2901.86,411.37,417.61,0.29000962,306.89,129.79,1251.3400933371347,335.5040981908524,409.1972024776525,233.44192491766563,579.6853228008322,109.24724368583944,1167.420260362171,337.94031014033726,412.57634673345655,322.70358383678763,577.7499313408988,110.19598543167115,1167.420260362171,337.94031014033726,412.57634673345655,322.70358383678763,577.7499313408988,110.19598543167115
2026-02-06 01:00:00+00:00,2790.06,412.37,415.01,0.26001084,306.87,127.14,1248.5824150731012,335.5040981908524,409.9249692094895,241.29083880374617,579.6853228008322,109.24724368583944,1167.420260362171,337.94031014033726,412.57634673345655,322.70358383678763,577.7499313408988,110.19598543167115,1167.420260362171,337.94031014033726,412.57634673345655,322.70358383678763,577.7499313408988,110.19598543167115
2026-02-06 02:00:00+00:00,2710.55,423.24,413.65,0.17999375,313.13,126.55,1250.7082068324564,335.5040981908524,410.83841055761553,249.13975268982665,579.6853228008322,109.24724368583944,1167.420260362171,337.94031014033726,412.57634673345655,322.70358383678763,577.7499313408988,110.19598543167115,1167.420260362171,337.94031014033726,412.57634673345655,322.70358383678763,577.7499313408988,110.19598543167115
2026-02-06 03:00:00+00:00,2691.75,446.05,415.52,0.08999741,313.71,129.36,1262.1047833939754,335.5040981908524,411.9949423175571,256.98866657590713,579.6853228008322,109.24724368583944,1167.420260362171,337.94031014033726,412.57634673345655,322.70358383678763,577.7499313408988,110.19598543167115,1167.420260362171,337.94031014033726,412.57634673345655,322.70358383678763,577.7499313408988,110.19598543167115
2026-02-06 04:00:00+00:00,2675.76,442.17,428.05,0.4400035,311.4,214.73,1285.2420886022596,335.5040981908524,413.4216159352635,264.83758046198767,579.6853228008322,109.24724368583944,1167.420260362171,337.94031014033726,412.57634673345655,322.70358383678763,577.7499313408988,110.19598543167115,1167.420260362171,337.94031014033726,412.57634673345655,322.70358383678763,577.7499313408988,110.19598543167115
2026-02-06 05:00:00+00:00,2650.31,441.51,459.68,624.84,310.42,247.94,1335.3696874934267,335.5040981908524,415.6498238314147,272.6864943480682,579.6853228008322,109.24724368583944,1167.420260362171,337.94031014033726,412.57634673345655,322.70358383678763,577.7499313408988,110.19598543167115,1167.420260362171,337.94031014033726,412.57634673345655,322.70358383678763,577.7499313408988,110.19598543167115
2026-02-06 06:00:00+00:00,2643.53,441.99,497.78,1387.08,323.66998,220.44,1372.439975471992,335.5040981908524,417.47660968251483,280.5354082341487,579.6853228008322,109.24724368583944,1167.420260362171,337.94031014033726,412.57634673345655,322.70358383678763,577.7499313408988,110.19598543167115,1167.420260362171,337.94031014033726,412.57634673345655,322.70358383678763,577.7499313408988,110.19598543167115
2026-02-06 07:00:00+00:00,2622.9,442.99,509.65,1401.9325,336.07,232.64,1378.0455651265631,335.5040981908524,418.3085716123092,288.3843221202292,579.6853228008322,109.24724368583944,1167.420260362171,337.94031014033726,412.57634673345655,322.70358383678763,577.7499313408988,110.19598543167115,1167.420260362171,337.94031014033726,412.57634673345655,322.70358383678763,577.7499313408988,110.19598543167115
2026-02-06 08:00:00+00:00,2647.19,443.68,500.09,1416.7849,335.45,130.37,1357.8565769655715,335.5040981908524,418.2794321964124,296.2332360063097,579.6853228008322,109.24724368583944,1167.420260362171,337.94031014033726,412.57634673345655,322.70358383678763,577.7499313408988,110.19598543167115,1167.420260362171,337.94031014033726,412.57634673345655,322.70358383678763,577.7499313408988,110.19598543167115
2026-02-06 09:00:00+00:00,2642.86,443.71,480.08,1431.6375,346.09,127.82,1335.4467600560426,335.5040981908524,418.1265628266446,304.08214989239025,579.6853228008322,109.24724368583944,1167.420260362171,337.94031014033726,412.57634673345655,322.70358383678763,577.7499313408988,110.19598543167115,1167.420260362171,337.94031014033726,412.57634673345655,322.70358383678763,577.7499313408988,110.19598543167115
2026-02-06 10:00:00+00:00,2652.95,442.82,458.98,1446.49,350.39,127.76,1315.2627400285915,335.5040981908524,417.9541076828187,311.93106377847073,579.6853228008322,109.24724368583944,1167.420260362171,337.94031014033726,412.57634673345655,322.70358383678763,577.7499313408988,110.19598543167115,1167.420260362171,337.94031014033726,412.57634673345655,322.70358383678763,577.7499313408988,110.19598543167115
2026-02-06 11:00:00+00:00,2656.15,442.49,444.86,1030.58,338.88,127.67,1299.962148631609,335.5040981908524,417.59014133411614,319.77997766455127,579.6853228008322,109.24724368583944,1167.420260362171,337.94031014033726,412.57634673345655,322.70358383678763,577.7499313408988,110.19598543167115,1167.420260362171,337.94031014033726,412.57634673345655,322.70358383678763,577.7499313408988,110.19598543167115
2026-02-06 12:00:00+00:00,2657.88,443.45,439.86,100.149994,340.68,128.51,1291.7023924686646,335.5040981908524,418.12870724647837,327.62889155063175,579.6853228008322,109.24724368583944,1167.420260362171,337.94031014033726,412.57634673345655,322.70358383678763,577.7499313408988,110.19598543167115,1167.420260362171,337.94031014033726,412.57634673345655,322.70358383678763,577.7499313408988,110.19598543167115
2026-02-06 13:00:00+00:00,2663.26,443.54,434.87,942.85,334.71,132.82,1294.075246387309,335.5040981908524,419.1144034383844,335.4778054367123,579.6853228008322,109.24724368583944,1167.420260362171,337.94031014033726,412.57634673345655,322.70358383678763,577.7499313408988,110.19598543167115,1167.420260362171,337.94031014033726,412.57634673345655,322.70358383678763,577.7499313408988,110.19598543167115
2026-02-06 14:00:00+00:00,2665.27,443.35,451.19,1143.03,339.4,132.72,1313.4145722109733,335.5040981908524,420.7592896896097,343.32671932279277,579.6853228008322,109.24724368583944,1167.420260362171,337.94031014033726,412.57634673345655,322.70358383678763,577.7499313408988,110.19598543167115,1167.420260362171,337.94031014033726,412.57634673345655,322.70358383678763,577.7499313408988,110.19598543167115
2026-02-06 15:00:00+00:00,2664.41,443.37,488.99,1174.39,376.95,133.07,1324.8404880269293,335.5040981908524,421.96301891709385,351.1756332088733,579.6853228008322,109.24724368583944,1167.420260362171,337.94031014033726,412.57634673345655,322.70358383678763,577.7499313408988,110.19598543167115,1167.420260362171,337.94031014033726,412.57634673345655,322.70358383678763,577.7499313408988,110.19598543167115
2026-02-06 16:00:00+00:00,2661.05,442.55,510.49,1333.95,410.4,128.68,1337.1303753668092,335.5040981908524,423.29276230073793,359.0245470949538,579.6853228008322,109.24724368583944,1167.420260362171,337.94031014033726,412.57634673345655,322.70358383678763,577.7499313408988,110.19598543167115,1167.420260362171,337.94031014033726,412.57634673345655,322.70358383678763,577.7499313408988,110.19598543167115
2026-02-06 17:00:00+00:00,2670.18,443.18,513.69,1493.51,372.72,128.93,1338.0777841332938,335.5040981908524,424.4828401287497,366.8734609810343,579.6853228008322,109.24724368583944,1167.420260362171,337.94031014033726,412.57634673345655,322.70358383678763,577.7499313408988,110.19598543167115,1167.420260362171,337.94031014033726,412.57634673345655,322.70358383678763,577.7499313408988,110.19598543167115
2026-02-06 18:00:00+00:00,2677.22,443.7,500.72,785.7001,364.91,132.58,1323.454604004304,335.5040981908524,425.2661499007835,374.7223748671148,579.6853228008322,109.24724368583944,1167.420260362171,337.94031014033726,412.57634673345655,322.70358383678763,577.7499313408988,110.19598543167115,1167.420260362171,337.94031014033726,412.57634673345655,322.70358383678763,577.7499313408988,110.19598543167115
2026-02-06 19:00:00+00:00,2676.35,443.52,484.84,131.91002,336.65,135.26,1298.281633825894,335.5040981908524,425.5361078917541,382.57128875319535,579.6853228008322,109.24724368583944,1167.420260362171,337.94031014033726,412.57634673345655,322.70358383678763,577.7499313408988,110.19598543167115,1167.420260362171,337.94031014033726,412.57634673345655,322.70358383678763,577.7499313408988,110.19598543167115
2026-02-06 20:00:00+00:00,2692.82,443.64,464.82,338.28,341.31,144.8,1276.6794280364722,335.5040981908524,425.9106856919032,390.42020263927583,579.6853228008322,109.24724368583944,1167.420260362171,337.94031014033726,412.57634673345655,322.70358383678763,577.7499313408988,110.19598543167115,1167.420260362171,337.94031014033726,412.57634673345655,322.70358383678763,577.7499313408988,110.19598543167115
2026-02-06 21:00:00+00:00,2465.06,444.38,451.22,125.979996,333.09,144.41,1258.3724893912881,335.5040981908524,426.614067216333,398.26911652535637,579.6853228008322,109.24724368583944,1167.420260362171,337.94031014033726,412.57634673345655,322.70358383678763,577.7499313408988,110.19598543167115,1167.420260362171,337.94031014033726,412.57634673345655,322.70358383678763,577.7499313408988,110.19598543167115
2026-02-06 22:00:00+00:00,2035.89,419.52,436.25,17.81,328.0,141.29,1231.8310381331396,335.5040981908524,426.84778478044444,406.11803041143685,579.6853228008322,109.24724368583944,1167.420260362171,337.94031014033726,412.57634673345655,322.70358383678763,577.7499313408988,110.19598543167115,1167.420260362171,337.94031014033726,412.57634673345655,322.70358383678763,577.7499313408988,110.19598543167115
2026-02-06 23:00:00+00:00,1788.59,414.33,428.86,60.22,318.43,141.85,1207.468288697103,335.5040981908524,427.1913363961927,413.9669442975174,579.6853228008322,109.24724368583944,1167.420260362171,337.94031014033726,412.57634673345655,322.70358383678763,577.7499313408988,110.19598543167115,1167.420260362171,337.94031014033726,412.57634673345655,322.70358383678763,577.7499313408988,110.19598543167115
2026-02-07 00:00:00+00:00,1750.0,414.25,420.91,69.95998,313.61,141.33,1230.2663427908112,337.07979274171873,405.0108286501519,233.1926670930302,576.823849693511,109.92193042643393,1167.420260362171,337.94031014033726,412.57634673345655,322.70358383678763,577.7499313408988,110.19598543167115,1167.420260362171,337.94031014033726,412.57634673345655,322.70358383678763,577.7499313408988,110.19598543167115
2026-02-07 01:00:00+00:00,1675.0,414.25,419.59,26.54999,309.27,140.82,1227.7384279211974,337.07235230054226,405.94845715509604,241.0329590405509,576.823849693511,109.92193042643393,1167.420260362171,337.94031014033726,412.57634673345655,322.70358383678763,577.7499313408988,110.19598543167115,1167.420260362171,337.94031014033726,412.57634673345655,322.70358383678763,577.7499313408988,110.19598543167115
2026-02-07 02:00:00+00:00,1645.59,415.06,419.45,34.51999,309.59,143.44,1228.6233281913667,337.09880764214313,407.1277071506296,248.87325098807162,576.823849693511,109.92193042643393,1167.420260362171,337.94031014033726,412.57634673345655,322.70358383678763,577.7499313408988,110.19598543167115,1167.420260362171,337.94031014033726,412.57634673345655,322.70358383678763,577.7499313408988,110.19598543167115
2026-02-07 03:00:00+00:00,1660.14,415.14,424.94,16.26999,319.06,141.62,1234.8240319091994,337.10762679119307,408.316822787413,256.71354293559233,576.823849693511,109.92193042643393,1167.420260362171,337.94031014033726,412.57634673345655,322.70358383678763,577.7499313408988,110.19598543167115,1167.420260362171,337.94031014033726,412.57634673345655,322.70358383678763,577.7499313408988,110.19598543167115
2026-02-07 04:00:00+00:00,1645.85,414.97,437.73,87.41,319.25,140.61,1239.4109246536557,337.1145161627266,409.49098888630454,264.55383488311304,576.823849693511,109.92193042643393,1167.420260362171,337.94031014033726,412.57634673345655,322.70358383678763,577.7499313408988,110.19598543167115,1167.420260362171,337.94031014033726,412.57634673345655,322.70358383678763,577.7499313408988,110.19598543167115
2026-02-07 05:00:00+00:00,1655.22,414.77,459.18,96.25,315.55,138.6,1254.5700140722467,337.1547502696694,410.96256094627745,272.39412683063375,576.823849693511,109.92193042643393,1167.420260362171,337.94031014033726,412.57634673345655,322.70358383678763,577.7499313408988,110.19598543167115,1167.420260362171,337.94031014033726,412.57634673345655,322.70358383678763,577.7499313408988,110.19598543167115
2026-02-07 06:00:00+00:00,1702.47,414.45,493.65,28.839998,323.36,132.67,1269.6583791434991,337.10445661499546,412.20723916198824,280.23441877815446,576.823849693511,109.92193042643393,1167.420260362171,337.94031014033726,412.57634673345655,322.70358383678763,577.7499313408988,110.19598543167115,1167.420260362171,337.94031014033726,412.57634673345655,322.70358383678763,577.7499313408988,110.19598543167115
2026-02-07 07:00:00+00:00,1813.73,414.65,503.35,25.480013,325.3,131.55,1282.1864613516639,337.1327034524426,413.385159034146,288.0747107256752,576.823849693511,109.92193042643393,1167.420260362171,337.94031014033726,412.57634673345655,322.70358383678763,577.7499313408988,110.19598543167115,1167.420260362171,337.94031014033726,412.57634673345655,322.70358383678763,577.7499313408988,110.19598543167115
2026-02-07 08:00:00+00:00,1735.24,414.04,498.24,97.95,344.35,132.96,1265.3259229970286,337.07414376886635,413.2586020967394,295.9150026731959,576.823849693511,109.92193042643393,1167.420260362171,337.94031014033726,412.57634673345655,322.70358383678763,577.7499313408988,110.19598543167115,1167.420260362171,337.94031014033726,412.57634673345655,322.70358383678763,577.7499313408988,110.19598543167115
2026-02-07 09:00:00+00:00,1647.59,413.1,472.67,25.109987,407.09,134.1,1232.4260337314977,336.97590103620985,412.3173084290619,303.7552946207166,576.823849693511,109.92193042643393,1167.420260362171,337.94031014033726,412.57634673345655,322.70358383678763,577.7499313408988,110.19598543167115,1167.420260362171,337.94031014033726,412.57634673345655,322.70358383678763,577.7499313408988,110.19598543167115
2026-02-07 10:00:00+00:00,1647.42,411.57,441.0,26.089998,405.12,135.91,1196.3592055156844,336.9076965935828,411.3605515903497,311.5955865682373,576.823849693511,109.92193042643393,1167.420260362171,337.94031014033726,412.57634673345655,322.70358383678763,577.7499313408988,110.19598543167115,1167.420260362171,337.94031014033726,412.57634673345655,322.70358383678763,577.7499313408988,110.19598543167115
2026-02-07 11:00:00+00:00,1641.55,406.59,435.58,35.440002,366.65,135.98,1171.0669297402183,336.8456922432481,410.91722809466313,319.435878515758,576.823849693511,109.92193042643393,1167.420260362171,337.94031014033726,412.57634673345655,322.70358383678763,577.7499313408988,110.19598543167115,1167.420260362171,337.94031014033726,412.57634673345655,322.70358383678763,577.7499313408988,110.19598543167115
2026-02-07 12:00:00+00:00,1648.15,413.62,436.21,48.48001,360.01,137.68,1154.0148431005916,336.75806012534207,410.9050395435297,327.27617046327873,576.823849693511,109.92193042643393,1167.420260362171,337.94031014033726,412.57634673345655,322.70358383678763,577.7499313408988,110.19598543167115,1167.420260362171,337.94031014033726,412.57634673345655,322.70358383678763,577.7499313408988,110.19598543167115
2026-02-07 13:00:00+00:00,1644.65,442.77,443.85,67.28,359.07996,143.55,1164.0000774722798,336.7201685412934,411.84683376613356,335.11646241079944,576.823849693511,109.92193042643393,1167.420260362171,337.94031014033726,412.57634673345655,322.70358383678763,577.7499313408988,110.19598543167115,1167.420260362171,337.94031014033726,412.57634673345655,322.70358383678763,577.7499313408988,110.19598543167115
2026-02-07 14:00:00+00:00,1634.45,443.28,467.8,59.429993,356.24,143.7,1197.7092793218233,336.7034961693318,413.6813152848381,342.95675435832015,576.823849693511,109.92193042643393,1167.420260362171,337.94031014033726,412.57634673345655,322.70358383678763,577.7499313408988,110.19598543167115,1167.420260362171,337.94031014033726,412.57634673345655,322.70358383678763,577.7499313408988,110.19598543167115
2026-02-07 15:00:00+00:00,1686.74,443.85,497.62,195.16,354.43,144.95,1251.6472673127669,336.7259557597799,416.3478354437446,350.79704630584087,576.823849693511,109.92193042643393,1167.420260362171,337.94031014033726,412.57634673345655,322.70358383678763,577.7499313408988,110.19598543167115,1167.420260362171,337.94031014033726,412.57634673345655,322.70358383678763,577.7499313408988,110.19598543167115
2026-02-07 16:00:00+00:00,1812.1,443.13,520.31,591.62,360.59,142.14,1305.0875980108342,336.8328793886502,419.63233876605005,358.6373382533616,576.823849693511,109.92193042643393,1167.420260362171,337.94031014033726,412.57634673345655,322.70358383678763,577.7499313408988,110.19598543167115,1167.420260362171,337.94031014033726,412.57634673345655,322.70358383678763,577.7499313408988,110.19598543167115
2026-02-07 17:00:00+00:00,1826.09,442.91,519.7,735.93005,416.33,140.72,1328.4030898417077,336.9177561688361,421.9766062262526,366.4776302008823,576.823849693511,109.92193042643393,1167.420260362171,337.94031014033726,412.57634673345655,322.70358383678763,577.7499313408988,110.19598543167115,1167.420260362171,337.94031014033726,412.57634673345655,322.70358383678763,577.7499313408988,110.19598543167115
2026-02-07 18:00:00+00:00,1816.66,443.94,512.07,307.07,374.29,139.54,1321.5266225631988,337.01930737510224,423.3104579308312,374.317922148403,576.823849693511,109.92193042643393,1167.420260362171,337.94031014033726,412.57634673345655,322.70358383678763,577.7499313408988,110.19598543167115,1167.420260362171,337.94031014033726,412.57634673345655,322.70358383678763,577.7499313408988,110.19598543167115
2026-02-07 19:00:00+00:00,1812.0,444.28,489.41,74.19002,340.2,142.29,1301.5957256122324,337.10266921362546,424.5278601450717,382.1582140959237,576.823849693511,109.92193042643393,1167.420260362171,337.94031014033726,412.57634673345655,322.70358383678763,577.7499313408988,110.19598543167115,1167.420260362171,337.94031014033726,412.57634673345655,322.70358383678763,577.7499313408988,110.19598543167115
2026-02-07 20:00:00+00:00,1813.98,445.59,467.73,15.8099985,333.52,143.49,1291.44507947132,337.2287439950488,426.21238122917555,389.9985060434444,576.823849693511,109.92193042643393,1167.420260362171,337.94031014033726,412.57634673345655,322.70358383678763,577.7499313408988,110.19598543167115,1167.420260362171,337.94031014033726,412.57634673345655,322.70358383678763,577.7499313408988,110.19598543167115
2026-02-07 21:00:00+00:00,1824.56,445.87,449.24,74.56999,334.6,144.62,1280.8699832360512,337.26635898494237,427.44639272963747,397.83879799096513,576.823849693511,109.92193042643393,1167.420260362171,337.94031014033726,412.57634673345655,322.70358383678763,577.7499313408988,110.19598543167115,1167.420260362171,337.94031014033726,412.57634673345655,322.70358383678763,577.7499313408988,110.19598543167115
2026-02-07 22:00:00+00:00,1744.39,442.79,439.27,27.839998,336.67,145.08,1265.1221241764447,337.2856484034497,428.23551389969543,405.67908993848584,576.823849693511,109.92193042643393,1167.420260362171,337.94031014033726,412.57634673345655,322.70358383678763,577.7499313408988,110.19598543167115,1167.420260362171,337.94031014033726,412.57634673345655,322.70358383678763,577.7499313408988,110.19598543167115
2026-02-07 23:00:00+00:00,1624.63,415.48,428.43,7.0100107,342.34,141.27,1249.7699269020277,337.2755888557186,428.9329527449318,413.51938188600656,576.823849693511,109.92193042643393,1167.420260362171,337.94031014033726,412.57634673345655,322.70358383678763,577.7499313408988,110.19598543167115,1167.420260362171,337.94031014033726,412.57634673345655,322.70358383678763,577.7499313408988,110.19598543167115
2026-02-08 00:00:00+00:00,1666.66,415.4,420.82,6.250001,344.3,143.33,1240.587587334222,337.23342499353424,406.99445288475675,233.1926670930302,576.823849693511,109.92193042643393,1167.420260362171,337.94031014033726,412.57634673345655,322.70358383678763,577.7499313408988,110.19598543167115,1167.420260362171,337.94031014033726,412.57634673345655,322.70358383678763,577.7499313408988,110.19598543167115
2026-02-08 01:00:00+00:00,1679.0,415.4,418.77,47.160004,346.34,140.49,1235.7800045036347,337.2150994326426,407.76645795111847,241.0329590405509,576.823849693511,109.92193042643393,1167.420260362171,337.94031014033726,412.57634673345655,322.70358383678763,577.7499313408988,110.19598543167115,1167.420260362171,337.94031014033726,412.57634673345655,322.70358383678763,577.7499313408988,110.19598543167115
2026-02-08 02:00:00+00:00,1672.28,415.44,419.1,81.619995,345.84,140.03,1234.897021466016,337.2173037007198,408.7368543979896,248.87325098807162,576.823849693511,109.92193042643393,1167.420260362171,337.94031014033726,412.57634673345655,322.70358383678763,577.7499313408988,110.19598543167115,1167.420260362171,337.94031014033726,412.57634673345655,322.70358383678763,577.7499313408988,110.19598543167115
2026-02-08 03:00:00+00:00,1663.53,418.15,425.32,10.190003,343.98,137.17,1240.171661556873,337.2323228647429,409.8408026109071,256.71354293559233,576.823849693511,109.92193042643393,1167.420260362171,337.94031014033726,412.57634673345655,322.70358383678763,577.7499313408988,110.19598543167115,1167.420260362171,337.94031014033726,412.57634673345655,322.70358383678763,577.7499313408988,110.19598543167115
2026-02-08 04:00:00+00:00,1649.71,445.88,438.25,54.98001,349.92,142.59,1238.9204291829935,337.2254335207316,410.7317274133264,264.55383488311304,576.823849693511,109.92193042643393,1167.420260362171,337.94031014033726,412.57634673345655,322.70358383678763,577.7499313408988,110.19598543167115,1167.420260362171,337.94031014033726,412.57634673345655,322.70358383678763,577.7499313408988,110.19598543167115
2026-02-08 05:00:00+00:00,1643.96,445.72,455.41,50.5,347.32,142.06,1239.7904185994153,337.2232292526544,411.6597839723202,272.39412683063375,576.823849693511,109.92193042643393,1167.420260362171,337.94031014033726,412.57634673345655,322.70358383678763,577.7499313408988,110.19598543167115,1167.420260362171,337.94031014033726,412.57634673345655,322.70358383678763,577.7499313408988,110.19598543167115
2026-02-08 06:00:00+00:00,1705.58,429.21,489.37,48.359985,351.61,143.95,1254.3641794672985,337.27669099500446,413.3929490995635,280.23441877815446,576.823849693511,109.92193042643393,1167.420260362171,337.94031014033726,412.57634673345655,322.70358383678763,577.7499313408988,110.19598543167115,1167.420260362171,337.94031014033726,412.57634673345655,322.70358383678763,577.7499313408988,110.19598543167115
2026-02-08 07:00:00+00:00,1777.83,416.16,501.83,53.04001,364.12,143.57,1259.4534128379441,337.26801016039417,414.2282991225986,288.0747107256752,576.823849693511,109.92193042643393,1167.420260362171,337.94031014033726,412.57634673345655,322.70358383678763,577.7499313408988,110.19598543167115,1167.420260362171,337.94031014033726,412.57634673345655,322.70358383678763,577.7499313408988,110.19598543167115
2026-02-08 08:00:00+00:00,1677.54,416.01,483.72,94.61,374.01,146.91,1254.6243434946002,337.22832709557207,414.48748722796427,295.9150026731959,576.823849693511,109.92193042643393,1167.420260362171,337.94031014033726,412.57634673345655,322.70358383678763,577.7499313408988,110.19598543167115,1167.420260362171,337.94031014033726,412.57634673345655,322.70358383678763,577.7499313408988,110.19598543167115
2026-02-08 09:00:00+00:00,1604.12,409.26,454.89,53.98999,362.7,145.41,1239.1204472228378,337.1362843726414,414.29629953803874,303.7552946207166,576.823849693511,109.92193042643393,1167.420260362171,337.94031014033726,412.57634673345655,322.70358383678763,577.7499313408988,110.19598543167115,1167.420260362171,337.94031014033726,412.57634673345655,322.70358383678763,577.7499313408988,110.19598543167115
2026-02-08 10:00:00+00:00,1614.87,412.03,443.49,112.75,359.75998,145.66,1226.8218683000687,337.0340458708141,414.0812262282826,311.5955865682373,576.823849693511,109.92193042643393,1167.420260362171,337.94031014033726,412.57634673345655,322.70358383678763,577.7499313408988,110.19598543167115,1167.420260362171,337.94031014033726,412.57634673345655,322.70358383678763,577.7499313408988,110.19598543167115
2026-02-08 11:00:00+00:00,1612.46,412.09,432.37,94.19,359.19,140.53,1210.9613397658866,336.967771238473,413.9415520335373,319.435878515758,576.823849693511,109.92193042643393,1167.420260362171,337.94031014033726,412.57634673345655,322.70358383678763,577.7499313408988,110.19598543167115,1167.420260362171,337.94031014033726,412.57634673345655,322.70358383678763,577.7499313408988,110.19598543167115
2026-02-08 12:00:00+00:00,1608.58,412.82,434.81,78.129974,355.85,141.04,1194.8257655878747,336.89226465208145,413.69030178910066,327.27617046327873,576.823849693511,109.92193042643393,1167.420260362171,337.94031014033726,412.57634673345655,322.70358383678763,577.7499313408988,110.19598543167115,1167.420260362171,337.94031014033726,412.57634673345655,322.70358383678763,577.7499313408988,110.19598543167115
2026-02-08 13:00:00+00:00,1594.49,407.42,443.89,69.87999,352.34,140.54,1195.1013601181935,336.86415608452415,414.4331012014914,335.11646241079944,576.823849693511,109.92193042643393,1167.420260362171,337.94031014033726,412.57634673345655,322.70358383678763,577.7499313408988,110.19598543167115,1167.420260362171,337.94031014033726,412.57634673345655,322.70358383678763,577.7499313408988,110.19598543167115
2026-02-08 14:00:00+00:00,1594.21,403.69,454.57,100.899994,356.03,140.03,1214.4686795089656,336.8521688045339,415.9550164077196,342.95675435832015,576.823849693511,109.92193042643393,1167.420260362171,337.94031014033726,412.57634673345655,322.70358383678763,577.7499313408988,110.19598543167115,1167.420260362171,337.94031014033726,412.57634673345655,322.70358383678763,577.7499313408988,110.19598543167115
2026-02-08 15:00:00+00:00,1756.05,405.45,490.7,188.01,388.28,139.58,1254.755660062578,336.8740773597418,418.198174181653,350.79704630584087,576.823849693511,109.92193042643393,1167.420260362171,337.94031014033726,412.57634673345655,322.70358383678763,577.7499313408988,110.19598543167115,1167.420260362171,337.94031014033726,412.57634673345655,322.70358383678763,577.7499313408988,110.19598543167115
2026-02-08 16:00:00+00:00,2101.42,405.48,508.55,444.11,369.41,143.0,1295.3788194433428,336.9234051364412,420.6212660874225,358.6373382533616,576.823849693511,109.92193042643393,1167.420260362171,337.94031014033726,412.57634673345655,322.70358383678763,577.7499313408988,110.19598543167115,1167.420260362171,337.94031014033726,412.57634673345655,322.70358383678763,577.7499313408988,110.19598543167115
2026-02-08 17:00:00+00:00,2272.86,405.98,507.17,651.15,399.27,142.12,1316.9117545883696,337.00566484092576,422.6133333565369,366.4776302008823,576.823849693511,109.92193042643393,1167.420260362171,337.94031014033726,412.57634673345655,322.70358383678763,577.7499313408988,110.19598543167115,1167.420260362171,337.94031014033726,412.57634673345655,322.70358383678763,577.7499313408988,110.19598543167115
2026-02-08 18:00:00+00:00,2528.99,406.21,498.92,328.0,351.45,140.61,1314.4011514564431,337.102254375148,424.1345661079863,374.317922148403,576.823849693511,109.92193042643393,1167.420260362171,337.94031014033726,412.57634673345655,322.70358383678763,577.7499313408988,110.19598543167115,1167.420260362171,337.94031014033726,412.57634673345655,322.70358383678763,577.7499313408988,110.19598543167115
2026-02-08 19:00:00+00:00,2610.55,406.19,486.56,76.66002,325.07,142.03,1304.2009035818928,337.1280203824634,425.06377001986533,382.1582140959237,576.823849693511,109.92193042643393,1167.420260362171,337.94031014033726,412.57634673345655,322.70358383678763,577.7499313408988,110.19598543167115,1167.420260362171,337.94031014033726,412.57634673345655,322.70358383678763,577.7499313408988,110.19598543167115
2026-02-08 20:00:00+00:00,2456.92,406.2,476.39,106.36998,323.68,143.96,1297.1946202124896,337.1440033936076,426.0924013843215,389.9985060434444,576.823849693511,109.92193042643393,1167.420260362171,337.94031014033726,412.57634673345655,322.70358383678763,577.7499313408988,110.19598543167115,1167.420260362171,337.94031014033726,412.57634673345655,322.70358383678763,577.7499313408988,110.19598543167115
2026-02-08 21:00:00+00:00,2002.45,405.72,460.81,117.11,324.84,146.17,1287.4040689727608,337.1835481662649,427.17544114888034,397.83879799096513,576.823849693511,109.92193042643393,1167.420260362171,337.94031014033726,412.57634673345655,322.70358383678763,577.7499313408988,110.19598543167115,1167.420260362171,337.94031014033726,412.57634673345655,322.70358383678763,577.7499313408988,110.19598543167115
2026-02-08 22:00:00+00:00,1949.57,406.35,444.72,80.5,328.62,148.17,1269.469304697608,337.1963610182392,428.01293667869834,405.67908993848584,576.823849693511,109.92193042643393,1167.420260362171,337.94031014033726,412.57634673345655,322.70358383678763,577.7499313408988,110.19598543167115,1167.420260362171,337.94031014033726,412.57634673345655,322.70358383678763,577.7499313408988,110.19598543167115
2026-02-08 23:00:00+00:00,1933.68,405.41,428.46,48.919983,345.92,147.48,1251.2342523216353,337.1682524729568,428.6378428064811,413.51938188600656,576.823849693511,109.92193042643393,1167.420260362171,337.94031014033726,412.57634673345655,322.70358383678763,577.7499313408988,110.19598543167115,1167.420260362171,337.94031014033726,412.57634673345655,322.70358383678763,577.7499313408988,110.19598543167115
2026-02-09 00:00:00+00:00,1951.23,405.57,418.91,75.140015,354.06998,146.57,1242.5145076623166,337.1390417438386,406.5979115634578,233.1926670930302,576.823849693511,109.92193042643393,1167.420260362171,337.94031014033726,412.57634673345655,322.70358383678763,577.7499313408988,110.19598543167115,1167.420260362171,337.94031014033726,412.57634673345655,322.70358383678763,577.7499313408988,110.19598543167115
2026-02-09 01:00:00+00:00,1958.5,405.48,416.3,36.200012,344.96,145.28,1240.966282465731,337.1481354109716,407.5871120780286,241.0329590405509,576.823849693511,109.92193042643393,1167.420260362171,337.94031014033726,412.57634673345655,322.70358383678763,577.7499313408988,110.19598543167115,1167.420260362171,337.94031014033726,412.57634673345655,322.70358383678763,577.7499313408988,110.19598543167115
2026-02-09 02:00:00+00:00,1965.81,405.45,414.52,41.20999,348.99,145.94,1244.1456047623483,337.1958099590908,408.94185708504864,248.87325098807162,576.823849693511,109.92193042643393,1167.420260362171,337.94031014033726,412.57634673345655,322.70358383678763,577.7499313408988,110.19598543167115,1167.420260362171,337.94031014033726,412.57634673345655,322.70358383678763,577.7499313408988,110.19598543167115
2026-02-09 03:00:00+00:00,1959.38,405.42,419.57,59.73001,345.52,144.61,1256.2159498510168,337.24858244972205,410.5525715167569,256.71354293559233,576.823849693511,109.92193042643393,1167.420260362171,337.94031014033726,412.57634673345655,322.70358383678763,577.7499313408988,110.19598543167115,1167.420260362171,337.94031014033726,412.57634673345655,322.70358383678763,577.7499313408988,110.19598543167115
2026-02-09 04:00:00+00:00,2102.76,405.22,427.99,56.570007,345.7,147.18,1286.5372387542561,337.2567122146894,412.24176276296697,264.55383488311304,576.823849693511,109.92193042643393,1167.420260362171,337.94031014033726,412.57634673345655,322.70358383678763,577.7499313408988,110.19598543167115,1167.420260362171,337.94031014033726,412.57634673345655,322.70358383678763,577.7499313408988,110.19598543167115
2026-02-09 05:00:00+00:00,2486.21,405.07,451.85,826.2,358.29,143.72,1351.3279068317313,337.2907463119064,414.9144346962172,272.39412683063375,576.823849693511,109.92193042643393,1167.420260362171,337.94031014033726,412.57634673345655,322.70358383678763,577.7499313408988,110.19598543167115,1167.420260362171,337.94031014033726,412.57634673345655,322.70358383678763,577.7499313408988,110.19598543167115
2026-02-09 06:00:00+00:00,2657.99,436.95,484.21,1213.3,389.44998,144.76,1393.5251380803693,337.30452504447885,417.17362220395114,280.23441877815446,576.823849693511,109.92193042643393,1167.420260362171,337.94031014033726,412.57634673345655,322.70358383678763,577.7499313408988,110.19598543167115,1167.420260362171,337.94031014033726,412.57634673345655,322.70358383678763,577.7499313408988,110.19598543167115
2026-02-09 07:00:00+00:00,2661.41,501.19,489.68,1198.895,422.81,142.9,1403.0850084698982,337.26153563783265,418.2449765127604,288.0747107256752,576.823849693511,109.92193042643393,1167.420260362171,337.94031014033726,412.57634673345655,322.70358383678763,577.7499313408988,110.19598543167115,1167.420260362171,337.94031014033726,412.57634673345655,322.70358383678763,577.7499313408988,110.19598543167115
2026-02-09 08:00:00+00:00,2681.46,511.905,470.7,1184.4899,417.11,138.76,1383.0237147719736,337.2225419243237,418.4422729291535,295.9150026731959,576.823849693511,109.92193042643393,1167.420260362171,337.94031014033726,412.57634673345655,322.70358383678763,577.7499313408988,110.19598543167115,1167.420260362171,337.94031014033726,412.57634673345655,322.70358383678763,577.7499313408988,110.19598543167115
2026-02-09 09:00:00+00:00,2687.72,522.62,451.39,636.61,388.63,139.9,1350.7367500940518,337.1525459910976,418.3157055327764,303.7552946207166,576.823849693511,109.92193042643393,1167.420260362171,337.94031014033726,412.57634673345655,322.70358383678763,577.7499313408988,110.19598543167115,1167.420260362171,337.94031014033726,412.57634673345655,322.70358383678763,577.7499313408988,110.19598543167115
2026-02-09 10:00:00+00:00,2656.53,408.72,435.37,164.79,381.01,139.58,1319.737651112164,337.1061118469068,418.3552845406343,311.5955865682373,576.823849693511,109.92193042643393,1167.420260362171,337.94031014033726,412.57634673345655,322.70358383678763,577.7499313408988,110.19598543167115,1167.420260362171,337.94031014033726,412.57634673345655,322.70358383678763,577.7499313408988,110.19598543167115
2026-02-09 11:00:00+00:00,2651.1,404.55,424.38,299.76,411.06,141.9,1307.7902654101545,337.05898837892505,418.5038335447848,319.435878515758,576.823849693511,109.92193042643393,1167.420260362171,337.94031014033726,412.57634673345655,322.70358383678763,577.7499313408988,110.19598543167115,1167.420260362171,337.94031014033726,412.57634673345655,322.70358383678763,577.7499313408988,110.19598543167115
2026-02-09 12:00:00+00:00,2643.46,404.65,425.47,354.64,395.29,139.76,1300.8334224084688,337.03887131169256,418.9006771710228,327.27617046327873,576.823849693511,109.92193042643393,1167.420260362171,337.94031014033726,412.57634673345655,322.70358383678763,577.7499313408988,110.19598543167115,1167.420260362171,337.94031014033726,412.57634673345655,322.70358383678763,577.7499313408988,110.19598543167115
2026-02-09 13:00:00+00:00,2646.13,404.71,434.68,655.58,447.54,139.19,1305.41871110413,337.0049754843654,419.2529204512188,335.11646241079944,576.823849693511,109.92193042643393,1167.420260362171,337.94031014033726,412.57634673345655,322.70358383678763,577.7499313408988,110.19598543167115,1167.420260362171,337.94031014033726,412.57634673345655,322.70358383678763,577.7499313408988,110.19598543167115
2026-02-09 14:00:00+00:00,2652.61,414.82,455.12,845.48,407.09,143.18,1325.3162877908492,336.97107967931316,420.2130558834649,342.95675435832015,576.823849693511,109.92193042643393,1167.420260362171,337.94031014033726,412.57634673345655,322.70358383678763,577.7499313408988,110.19598543167115,1167.420260362171,337.94031014033726,412.57634673345655,322.70358383678763,577.7499313408988,110.19598543167115
2026-02-09 15:00:00+00:00,2654.39,449.28665,487.43,1438.01,421.93,144.85,1342.3331410424732,336.96598180362594,421.6878602146822,350.79704630584087,576.823849693511,109.92193042643393,1167.420260362171,337.94031014033726,412.57634673345655,322.70358383678763,577.7499313408988,110.19598543167115,1167.420260362171,337.94031014033726,412.57634673345655,322.70358383678763,577.7499313408988,110.19598543167115
2026-02-09 16:00:00+00:00,2660.4,483.75333,503.44,1422.24,420.02,146.55,1367.974053914346,336.9935393067876,423.8324936989998,358.6373382533616,576.823849693511,109.92193042643393,1167.420260362171,337.94031014033726,412.57634673345655,322.70358383678763,577.7499313408988,110.19598543167115,1167.420260362171,337.94031014033726,412.57634673345655,322.70358383678763,577.7499313408988,110.19598543167115
2026-02-09 17:00:00+00:00,2666.37,518.22,506.35,1391.11,528.58,146.39,1384.0338387716308,337.0606415826066,425.9703103615177,366.4776302008823,576.823849693511,109.92193042643393,1167.420260362171,337.94031014033726,412.57634673345655,322.70358383678763,577.7499313408988,110.19598543167115,1167.420260362171,337.94031014033726,412.57634673345655,322.70358383678763,577.7499313408988,110.19598543167115
2026-02-09 18:00:00+00:00,2651.4,442.07,498.61,1460.14,506.75,145.27,1382.2922550492,337.18644179614984,427.68786732519686,374.317922148403,576.823849693511,109.92193042643393,1167.420260362171,337.94031014033726,412.57634673345655,322.70358383678763,577.7499313408988,110.19598543167115,1167.420260362171,337.94031014033726,412.57634673345655,322.70358383678763,577.7499313408988,110.19598543167115
2026-02-09 19:00:00+00:00,2654.18,442.49,487.36,1058.65,440.73,144.7,1354.8712312439463,337.20710998282243,428.3660190339308,382.1582140959237,576.823849693511,109.92193042643393,1167.420260362171,337.94031014033726,412.57634673345655,322.70358383678763,577.7499313408988,110.19598543167115,1167.420260362171,337.94031014033726,412.57634673345655,322.70358383678763,577.7499313408988,110.19598543167115
2026-02-09 20:00:00+00:00,2653.47,442.89,470.9,567.0,408.05,142.83,1336.3272697419766,337.2433483481166,429.17740173229714,389.9985060434444,576.823849693511,109.92193042643393,1167.420260362171,337.94031014033726,412.57634673345655,322.70358383678763,577.7499313408988,110.19598543167115,1167.420260362171,337.94031014033726,412.57634673345655,322.70358383678763,577.7499313408988,110.19598543167115
2026-02-09 21:00:00+00:00,2478.54,434.48,454.43,100.73001,383.19,142.99,1312.361478826444,337.276142013883,429.83021334013193,397.83879799096513,576.823849693511,109.92193042643393,1167.420260362171,337.94031014033726,412.57634673345655,322.70358383678763,577.7499313408988,110.19598543167115,1167.420260362171,337.94031014033726,412.57634673345655,322.70358383678763,577.7499313408988,110.19598543167115
2026-02-09 22:00:00+00:00,2314.55,422.81,436.47,110.04001,354.89,145.14,1284.4907605801968,337.29915266120327,430.3918323877675,405.67908993848584,576.823849693511,109.92193042643393,1167.420260362171,337.94031014033726,412.57634673345655,322.70358383678763,577.7499313408988,110.19598543167115,1167.420260362171,337.94031014033726,412.57634673345655,322.70358383678763,577.7499313408988,110.19598543167115
2026-02-09 23:00:00+00:00,2333.22,421.45,424.04,107.47002,350.86,144.93,1263.4826402719925,337.3192697231885,431.0785223831414,413.51938188600656,576.823849693511,109.92193042643393,1167.420260362171,337.94031014033726,412.57634673345655,322.70358383678763,577.7499313408988,110.19598543167115,1167.420260362171,337.94031014033726,412.57634673345655,322.70358383678763,577.7499313408988,110.19598543167115
2026-02-10 00:00:00+00:00,2251.62,413.69,418.57,51.549988,354.39,144.45,1251.5412854150095,337.338697423366,409.117996364357,233.1926670930302,576.823849693511,109.92193042643393,1167.420260362171,337.94031014033726,412.57634673345655,322.70358383678763,577.7499313408988,110.19598543167115,1167.420260362171,337.94031014033726,412.57634673345655,322.70358383678763,577.7499313408988,110.19598543167115
2026-02-10 01:00:00+00:00,2148.36,414.41,413.11,16.920015,347.65,143.45,1241.9221267248274,337.3335995254039,409.83073378624545,241.0329590405509,576.823849693511,109.92193042643393,1167.420260362171,337.94031014033726,412.57634673345655,322.70358383678763,577.7499313408988,110.19598543167115,1167.420260362171,337.94031014033726,412.57634673345655,322.70358383678763,577.7499313408988,110.19598543167115
2026-02-10 02:00:00+00:00,2148.8,414.52,412.92,30.32001,351.14996,144.62,1241.4665209145292,337.2979122297526,410.6027963885881,248.87325098807162,576.823849693511,109.92193042643393,1167.420260362171,337.94031014033726,412.57634673345655,322.70358383678763,577.7499313408988,110.19598543167115,1167.420260362171,337.94031014033726,412.57634673345655,322.70358383678763,577.7499313408988,110.19598543167115
2026-02-10 03:00:00+00:00,2142.55,414.49,417.8,51.820007,352.54,146.06,1242.9345571856466,337.2801377175148,411.5275350341549,256.71354293559233,576.823849693511,109.92193042643393,1167.420260362171,337.94031014033726,412.57634673345655,322.70358383678763,577.7499313408988,110.19598543167115,1167.420260362171,337.94031014033726,412.57634673345655,322.70358383678763,577.7499313408988,110.19598543167115
2026-02-10 04:00:00+00:00,2294.84,414.28,429.81,78.229996,348.86,143.02,1262.6914690124715,337.3174782220949,413.1826841594157,264.55383488311304,576.823849693511,109.92193042643393,1167.420260362171,337.94031014033726,412.57634673345655,322.70358383678763,577.7499313408988,110.19598543167115,1167.420260362171,337.94031014033726,412.57634673345655,322.70358383678763,577.7499313408988,110.19598543167115
2026-02-10 05:00:00+00:00,2614.29,413.93,458.16,583.89,361.45,136.07,1318.1903444036586,337.3628102650166,415.8521072848433,272.39412683063375,576.823849693511,109.92193042643393,1167.420260362171,337.94031014033726,412.57634673345655,322.70358383678763,577.7499313408988,110.19598543167115,1167.420260362171,337.94031014033726,412.57634673345655,322.70358383678763,577.7499313408988,110.19598543167115
2026-02-10 06:00:00+00:00,2637.38,413.77,495.48,1175.8,400.68,134.13,1355.4135020175831,337.3409017019378,417.6804253916121,280.23441877815446,576.823849693511,109.92193042643393,1167.420260362171,337.94031014033726,412.57634673345655,322.70358383678763,577.7499313408988,110.19598543167115,1167.420260362171,337.94031014033726,412.57634673345655,322.70358383678763,577.7499313408988,110.19598543167115
2026-02-10 07:00:00+00:00,2640.55,406.03,506.27,1209.42,420.11,137.99,1357.109611008162,337.3041122670006,418.2156072730264,288.0747107256752,576.823849693511,109.92193042643393,1167.420260362171,337.94031014033726,412.57634673345655,322.70358383678763,577.7499313408988,110.19598543167115,1167.420260362171,337.94031014033726,412.57634673345655,322.70358383678763,577.7499313408988,110.19598543167115
2026-02-10 08:00:00+00:00,2649.59,382.91,499.84,584.92,449.69,131.98,1341.0377263457062,337.2368717265391,417.96422797024564,295.9150026731959,576.823849693511,109.92193042643393,1167.420260362171,337.94031014033726,412.57634673345655,322.70358383678763,577.7499313408988,110.19598543167115,1167.420260362171,337.94031014033726,412.57634673345655,322.70358383678763,577.7499313408988,110.19598543167115
2026-02-10 09:00:00+00:00,2647.69,383.65,474.54,221.26,382.67,133.58,1326.3491180349904,337.1165821386391,417.7466027787474,303.7552946207166,576.823849693511,109.92193042643393,1167.420260362171,337.94031014033726,412.57634673345655,322.70358383678763,577.7499313408988,110.19598543167115,1167.420260362171,337.94031014033726,412.57634673345655,322.70358383678763,577.7499313408988,110.19598543167115
2026-02-10 10:00:00+00:00,2326.28,384.07,448.21,106.36998,379.42,133.44,1321.674882416443,337.0413501031,417.79602549659944,311.5955865682373,576.823849693511,109.92193042643393,1167.420260362171,337.94031014033726,412.57634673345655,322.70358383678763,577.7499313408988,110.19598543167115,1167.420260362171,337.94031014033726,412.57634673345655,322.70358383678763,577.7499313408988,110.19598543167115
2026-02-10 11:00:00+00:00,1965.03,382.17,432.66,86.859985,378.67,129.69,1321.5957396700394,337.0035967935195,417.6706656530458,319.435878515758,576.823849693511,109.92193042643393,1167.420260362171,337.94031014033726,412.57634673345655,322.70358383678763,577.7499313408988,110.19598543167115,1167.420260362171,337.94031014033726,412.57634673345655,322.70358383678763,577.7499313408988,110.19598543167115
2026-02-10 12:00:00+00:00,1966.64,383.68,428.7,54.839996,360.31,130.07,1316.2551838323322,336.94131793034916,417.603193677196,327.27617046327873,576.823849693511,109.92193042643393,1167.420260362171,337.94031014033726,412.57634673345655,322.70358383678763,577.7499313408988,110.19598543167115,1167.420260362171,337.94031014033726,412.57634673345655,322.70358383678763,577.7499313408988,110.19598543167115
2026-02-10 13:00:00+00:00,2020.77,383.67,432.85,33.700012,360.91,130.06,1314.5524947800586,336.8469326720751,417.6982425119498,335.11646241079944,576.823849693511,109.92193042643393,1167.420260362171,337.94031014033726,412.57634673345655,322.70358383678763,577.7499313408988,110.19598543167115,1167.420260362171,337.94031014033726,412.57634673345655,322.70358383678763,577.7499313408988,110.19598543167115
2026-02-10 14:00:00+00:00,2509.79,381.64,458.2,142.4,373.38,130.37,1323.4197559039426,336.83425599686484,418.78691931527123,342.95675435832015,576.823849693511,109.92193042643393,1167.420260362171,337.94031014033726,412.57634673345655,322.70358383678763,577.7499313408988,110.19598543167115,1167.420260362171,337.94031014033726,412.57634673345655,322.70358383678763,577.7499313408988,110.19598543167115
2026-02-10 15:00:00+00:00,2630.18,381.56,488.44,1027.26,404.62,130.09,1334.5273712958353,336.8255751622545,420.2302006848771,350.79704630584087,576.823849693511,109.92193042643393,1167.420260362171,337.94031014033726,412.57634673345655,322.70358383678763,577.7499313408988,110.19598543167115,1167.420260362171,337.94031014033726,412.57634673345655,322.70358383678763,577.7499313408988,110.19598543167115
2026-02-10 16:00:00+00:00,2655.96,381.02,506.17,1313.08,390.44,128.02,1353.9501327892638,336.8658092829584,422.2606537730504,358.6373382533616,576.823849693511,109.92193042643393,1167.420260362171,337.94031014033726,412.57634673345655,322.70358383678763,577.7499313408988,110.19598543167115,1167.420260362171,337.94031014033726,412.57634673345655,322.70358383678763,577.7499313408988,110.19598543167115
2026-02-10 17:00:00+00:00,2667.9,381.1,502.57,1261.5798,354.91,128.52,1359.259066956546,336.96749672039005,424.2206386257437,366.4776302008823,576.823849693511,109.92193042643393,1167.420260362171,337.94031014033726,412.57634673345655,322.70358383678763,577.7499313408988,110.19598543167115,1167.420260362171,337.94031014033726,412.57634673345655,322.70358383678763,577.7499313408988,110.19598543167115
2026-02-10 18:00:00+00:00,2666.33,381.16,490.44,793.76,364.08,127.13,1344.7467714219058,336.9238199749186,424.63888632509196,374.317922148403,576.823849693511,109.92193042643393,1167.420260362171,337.94031014033726,412.57634673345655,322.70358383678763,577.7499313408988,110.19598543167115,1167.420260362171,337.94031014033726,412.57634673345655,322.70358383678763,577.7499313408988,110.19598543167115
2026-02-10 19:00:00+00:00,2676.4,381.14,468.64,931.82,366.89,131.06,1321.0598766709973,336.9644668593396,425.3077238317044,382.1582140959237,576.823849693511,109.92193042643393,1167.420260362171,337.94031014033726,412.57634673345655,322.70358383678763,577.7499313408988,110.19598543167115,1167.420260362171,337.94031014033726,412.57634673345655,322.70358383678763,577.7499313408988,110.19598543167115
2026-02-10 20:00:00+00:00,2674.91,381.37,453.98,529.11,350.37,129.54,1300.6305087443131,337.0166882357781,426.0660245667898,389.9985060434444,576.823849693511,109.92193042643393,1167.420260362171,337.94031014033726,412.57634673345655,322.70358383678763,577.7499313408988,110.19598543167115,1167.420260362171,337.94031014033726,412.57634673345655,322.70358383678763,577.7499313408988,110.19598543167115
2026-02-10 21:00:00+00:00,2487.32,382.29,444.56,128.8,357.79,129.88,1270.4327921184722,337.04245430338517,426.25461180022177,397.83879799096513,576.823849693511,109.92193042643393,1167.420260362171,337.94031014033726,412.57634673345655,322.70358383678763,577.7499313408988,110.19598543167115,1167.420260362171,337.94031014033726,412.57634673345655,322.70358383678763,577.7499313408988,110.19598543167115
2026-02-10 22:00:00+00:00,1876.45,382.85,430.7,77.57999,356.15,126.97,1243.6901056597499,337.07800330687166,426.6035824774168,405.67908993848584,576.823849693511,109.92193042643393,1167.420260362171,337.94031014033726,412.57634673345655,322.70358383678763,577.7499313408988,110.19598543167115,1167.420260362171,337.94031014033726,412.57634673345655,322.70358383678763,577.7499313408988,110.19598543167115
2026-02-10 23:00:00+00:00,1804.32,381.77,418.58,40.049988,359.62,129.97,1225.4146999858124,337.0745586073438,426.7856215269747,413.51938188600656,576.823849693511,109.92193042643393,1167.420260362171,337.94031014033726,412.57634673345655,322.70358383678763,577.7499313408988,110.19598543167115,1167.420260362171,337.94031014033726,412.57634673345655,322.70358383678763,577.7499313408988,110.19598543167115
2026-02-11 00:00:00+00:00,1730.65,381.32,412.78,20.989992,349.43,129.74,1204.6728740514166,337.00869673020594,403.62287320864436,233.1926670930302,576.823849693511,109.92193042643393,1167.420260362171,337.94031014033726,412.57634673345655,322.70358383678763,577.7499313408988,110.19598543167115,1167.420260362171,337.94031014033726,412.57634673345655,322.70358383678763,577.7499313408988,110.19598543167115
2026-02-11 01:00:00+00:00,1689.05,381.22,410.77,24.03,356.46,126.69,1199.650981138842,336.9723201002692,404.21261065860216,241.0329590405509,576.823849693511,109.92193042643393,1167.420260362171,337.94031014033726,412.57634673345655,322.70358383678763,577.7499313408988,110.19598543167115,1167.420260362171,337.94031014033726,412.57634673345655,322.70358383678763,577.7499313408988,110.19598543167115
2026-02-11 02:00:00+00:00,1650.54,380.98,410.28,12.489991,358.32,126.89,1199.2377689012128,336.92781368309016,405.02269072401464,248.87325098807162,576.823849693511,109.92193042643393,1167.420260362171,337.94031014033726,412.57634673345655,322.70358383678763,577.7499313408988,110.19598543167115,1167.420260362171,337.94031014033726,412.57634673345655,322.70358383678763,577.7499313408988,110.19598543167115
2026-02-11 03:00:00+00:00,1612.0,381.07,413.25,55.72,365.15,124.82,1197.9885196559949,336.8911625127956,406.0912886356258,256.71354293559233,576.823849693511,109.92193042643393,1167.420260362171,337.94031014033726,412.57634673345655,322.70358383678763,577.7499313408988,110.19598543167115,1167.420260362171,337.94031014033726,412.57634673345655,322.70358383678763,577.7499313408988,110.19598543167115
2026-02-11 04:00:00+00:00,1640.77,381.19,424.62,92.55998,386.39,123.95,1221.3993321599326,336.8711837298569,407.3378485612674,264.55383488311304,576.823849693511,109.92193042643393,1167.420260362171,337.94031014033726,412.57634673345655,322.70358383678763,577.7499313408988,110.19598543167115,1167.420260362171,337.94031014033726,412.57634673345655,322.70358383678763,577.7499313408988,110.19598543167115
2026-02-11 05:00:00+00:00,1970.42,380.52,441.67,390.0,407.85,123.7,1274.5394432063338,336.8286070816805,409.1300475730284,272.39412683063375,576.823849693511,109.92193042643393,1167.420260362171,337.94031014033726,412.57634673345655,322.70358383678763,577.7499313408988,110.19598543167115,1167.420260362171,337.94031014033726,412.57634673345655,322.70358383678763,577.7499313408988,110.19598543167115
2026-02-11 06:00:00+00:00,2373.87,380.82,471.69,747.58,405.04,132.18,1310.7385766999575,336.78892402210573,410.76552373582956,280.23441877815446,576.823849693511,109.92193042643393,1167.420260362171,337.94031014033726,412.57634673345655,322.70358383678763,577.7499313408988,110.19598543167115,1167.420260362171,337.94031014033726,412.57634673345655,322.70358383678763,577.7499313408988,110.19598543167115
2026-02-11 07:00:00+00:00,2437.11,380.35,475.76,1014.81,434.91,136.54,1317.114194484168,336.7937473744627,411.89552542914794,288.0747107256752,576.823849693511,109.92193042643393,1167.420260362171,337.94031014033726,412.57634673345655,322.70358383678763,577.7499313408988,110.19598543167115,1167.420260362171,337.94031014033726,412.57634673345655,322.70358383678763,577.7499313408988,110.19598543167115
2026-02-11 08:00:00+00:00,2451.06,380.61,471.94,717.84,454.94,138.52,1308.8324299914284,336.8115218788296,412.5204915406494,295.9150026731959,576.823849693511,109.92193042643393,1167.420260362171,337.94031014033726,412.57634673345655,322.70358383678763,577.7499313408988,110.19598543167115,1167.420260362171,337.94031014033726,412.57634673345655,322.70358383678763,577.7499313408988,110.19598543167115
2026-02-11 09:00:00+00:00,2456.41,380.73,450.23,309.44,469.58,132.16,1298.229766624313,336.79608994519924,412.77843156685196,303.7552946207166,576.823849693511,109.92193042643393,1167.420260362171,337.94031014033726,412.57634673345655,322.70358383678763,577.7499313408988,110.19598543167115,1167.420260362171,337.94031014033726,412.57634673345655,322.70358383678763,577.7499313408988,110.19598543167115
2026-02-11 10:00:00+00:00,2460.36,381.54,431.06,469.94,473.46,133.87,1295.9622952435845,336.7850665398524,413.4367123269062,311.5955865682373,576.823849693511,109.92193042643393,1167.420260362171,337.94031014033726,412.57634673345655,322.70358383678763,577.7499313408988,110.19598543167115,1167.420260362171,337.94031014033726,412.57634673345655,322.70358383678763,577.7499313408988,110.19598543167115
2026-02-11 11:00:00+00:00,2475.63,383.04,428.34,306.48,473.77,141.26,1273.165935099467,336.6775918380726,413.44718465896364,319.435878515758,576.823849693511,109.92193042643393,1167.420260362171,337.94031014033726,412.57634673345655,322.70358383678763,577.7499313408988,110.19598543167115,1167.420260362171,337.94031014033726,412.57634673345655,322.70358383678763,577.7499313408988,110.19598543167115
2026-02-11 12:00:00+00:00,2547.49,383.17,426.83,138.63,475.96,142.24,1261.9042006881841,336.7212706818911,415.0076749521254,327.27617046327873,576.823849693511,109.92193042643393,1167.420260362171,337.94031014033726,412.57634673345655,322.70358383678763,577.7499313408988,110.19598543167115,1167.420260362171,337.94031014033726,412.57634673345655,322.70358383678763,577.7499313408988,110.19598543167115
2026-02-11 13:00:00+00:00,2524.21,383.14,429.85,209.6,468.68,143.62,1257.4493638055155,336.63804711357915,415.4204485568647,335.11646241079944,576.823849693511,109.92193042643393,1167.420260362171,337.94031014033726,412.57634673345655,322.70358383678763,577.7499313408988,110.19598543167115,1167.420260362171,337.94031014033726,412.57634673345655,322.70358383678763,577.7499313408988,110.19598543167115
2026-02-11 14:00:00+00:00,2535.13,383.15,442.26,185.38,467.18,143.33,1258.4073742566732,336.6679471504379,416.5216877618662,342.95675435832015,576.823849693511,109.92193042643393,1167.420260362171,337.94031014033726,412.57634673345655,322.70358383678763,577.7499313408988,110.19598543167115,1167.420260362171,337.94031014033726,412.57634673345655,322.70358383678763,577.7499313408988,110.19598543167115
2026-02-11 15:00:00+00:00,2630.29,386.9,468.09,397.54,503.94,144.86,1271.437795134549,336.72209827883836,418.12678916184336,350.79704630584087,576.823849693511,109.92193042643393,1167.420260362171,337.94031014033726,412.57634673345655,322.70358383678763,577.7499313408988,110.19598543167115,1167.420260362171,337.94031014033726,412.57634673345655,322.70358383678763,577.7499313408988,110.19598543167115
2026-02-11 16:00:00+00:00,2656.03,388.78,497.18,791.8,539.41,143.86,1290.5410745539598,336.7083195298812,419.69463227883153,358.6373382533616,576.823849693511,109.92193042643393,1167.420260362171,337.94031014033726,412.57634673345655,322.70358383678763,577.7499313408988,110.19598543167115,1167.420260362171,337.94031014033726,412.57634673345655,322.70358383678763,577.7499313408988,110.19598543167115
2026-02-11 17:00:00+00:00,2695.96,383.52,505.01,701.78,538.67,138.69,1306.4197607307851,336.7547537153553,421.2581307249972,366.4776302008823,576.823849693511,109.92193042643393,1167.420260362171,337.94031014033726,412.57634673345655,322.70358383678763,577.7499313408988,110.19598543167115,1167.420260362171,337.94031014033726,412.57634673345655,322.70358383678763,577.7499313408988,110.19598543167115
2026-02-11 18:00:00+00:00,2691.96,383.48,500.14,529.16,529.87,140.06,1300.0303784859,336.7626069012405,422.166004911063,374.317922148403,576.823849693511,109.92193042643393,1167.420260362171,337.94031014033726,412.57634673345655,322.70358383678763,577.7499313408988,110.19598543167115,1167.420260362171,337.94031014033726,412.57634673345655,322.70358383678763,577.7499313408988,110.19598543167115
2026-02-11 19:00:00+00:00,2644.41,384.23,486.46,109.06999,499.95,140.35,1279.7477048700764,336.78176013773657,422.7935641669787,382.1582140959237,576.823849693511,109.92193042643393,1167.420260362171,337.94031014033726,412.57634673345655,322.70358383678763,577.7499313408988,110.19598543167115,1167.420260362171,337.94031014033726,412.57634673345655,322.70358383678763,577.7499313408988,110.19598543167115
2026-02-11 20:00:00+00:00,2471.49,382.19,470.72,156.62,483.94,140.64,1265.8792603431855,336.8225453287263,423.62768885278933,389.9985060434444,576.823849693511,109.92193042643393,1167.420260362171,337.94031014033726,412.57634673345655,322.70358383678763,577.7499313408988,110.19598543167115,1167.420260362171,337.94031014033726,412.57634673345655,322.70358383678763,577.7499313408988,110.19598543167115
2026-02-11 21:00:00+00:00,1844.98,382.58,454.52,34.450012,491.56,141.57,1251.4426834410667,336.83398151744154,424.3536633830751,397.83879799096513,576.823849693511,109.92193042643393,1167.420260362171,337.94031014033726,412.57634673345655,322.70358383678763,577.7499313408988,110.19598543167115,1167.420260362171,337.94031014033726,412.57634673345655,322.70358383678763,577.7499313408988,110.19598543167115
2026-02-11 22:00:00+00:00,1722.0,382.35,434.28,117.770004,490.1,142.64,1228.6294033409354,336.8736645626123,425.0236588983335,405.67908993848584,576.823849693511,109.92193042643393,1167.420260362171,337.94031014033726,412.57634673345655,322.70358383678763,577.7499313408988,110.19598543167115,1167.420260362171,337.94031014033726,412.57634673345655,322.70358383678763,577.7499313408988,110.19598543167115
2026-02-11 23:00:00+00:00,1668.43,381.45,420.52,102.83,486.48,142.66,1200.267001591571,336.88675396614656,425.58482287337796,413.51938188600656,576.823849693511,109.92193042643393,1167.420260362171,337.94031014033726,412.57634673345655,322.70358383678763,577.7499313408988,110.19598543167115,1167.420260362171,337.94031014033726,412.57634673345655,322.70358383678763,577.7499313408988,110.19598543167115
2026-02-12 00:00:00+00:00,1654.31,381.54,415.31,31.139986,490.52,141.12,1178.35599415349,336.85905820621326,403.27028078857177,233.1926670930302,576.823849693511,109.92193042643393,1167.420260362171,337.94031014033726,412.57634673345655,322.70358383678763,577.7499313408988,110.19598543167115,1167.420260362171,337.94031014033726,412.57634673345655,322.70358383678763,577.7499313408988,110.19598543167115
2026-02-12 01:00:00+00:00,1630.49,381.55,411.9,33.690002,491.01,138.76,1167.5866795597146,336.8947454717187,404.0432660041634,241.0329590405509,576.823849693511,109.92193042643393,1167.420260362171,337.94031014033726,412.57634673345655,322.70358383678763,577.7499313408988,110.19598543167115,1167.420260362171,337.94031014033726,412.57634673345655,322.70358383678763,577.7499313408988,110.19598543167115
2026-02-12 02:00:00+00:00,1634.8,381.61,410.81,34.850006,489.09,138.85,1167.3395127086876,336.88950930911403,404.6601769677371,248.87325098807162,576.823849693511,109.92193042643393,1167.420260362171,337.94031014033726,412.57634673345655,322.70358383678763,577.7499313408988,110.19598543167115,1167.420260362171,337.94031014033726,412.57634673345655,322.70358383678763,577.7499313408988,110.19598543167115
2026-02-12 03:00:00+00:00,1638.84,382.08,413.65,23.589998,491.59,137.91,1172.5898612958129,336.8999816395706,405.64892934160196,256.71354293559233,576.823849693511,109.92193042643393,1167.420260362171,337.94031014033726,412.57634673345655,322.70358383678763,577.7499313408988,110.19598543167115,1167.420260362171,337.94031014033726,412.57634673345655,322.70358383678763,577.7499313408988,110.19598543167115
2026-02-12 04:00:00+00:00,1699.67,381.95,427.19,94.45,497.19,136.73,1205.4920728403063,336.91045399754944,407.3698289667522,264.55383488311304,576.823849693511,109.92193042643393,1167.420260362171,337.94031014033726,412.57634673345655,322.70358383678763,577.7499313408988,110.19598543167115,1167.420260362171,337.94031014033726,412.57634673345655,322.70358383678763,577.7499313408988,110.19598543167115
2026-02-12 05:00:00+00:00,2157.05,380.48,451.38,341.83,516.87,125.76,1265.1501303871958,336.8649837004798,409.3641430078166,272.39412683063375,576.823849693511,109.92193042643393,1167.420260362171,337.94031014033726,412.57634673345655,322.70358383678763,577.7499313408988,110.19598543167115,1167.420260362171,337.94031014033726,412.57634673345655,322.70358383678763,577.7499313408988,110.19598543167115
2026-02-12 06:00:00+00:00,2380.38,380.06,485.53,285.91,514.45,129.61,1309.0359795035913,336.8655347596282,411.53514321328686,280.23441877815446,576.823849693511,109.92193042643393,1167.420260362171,337.94031014033726,412.57634673345655,322.70358383678763,577.7499313408988,110.19598543167115,1167.420260362171,337.94031014033726,412.57634673345655,322.70358383678763,577.7499313408988,110.19598543167115
2026-02-12 07:00:00+00:00,2405.18,380.45,500.61,363.39,554.4,118.96,1322.7699107229564,336.9300199898917,412.6796639396664,288.0747107256752,576.823849693511,109.92193042643393,1167.420260362171,337.94031014033726,412.57634673345655,322.70358383678763,577.7499313408988,110.19598543167115,1167.420260362171,337.94031014033726,412.57634673345655,322.70358383678763,577.7499313408988,110.19598543167115
2026-02-12 08:00:00+00:00,2127.77,381.09,494.33,226.94,560.94,115.68,1308.9836075334058,336.8574049946608,412.58276094072113,295.9150026731959,576.823849693511,109.92193042643393,1167.420260362171,337.94031014033726,412.57634673345655,322.70358383678763,577.7499313408988,110.19598543167115,1167.420260362171,337.94031014033726,412.57634673345655,322.70358383678763,577.7499313408988,110.19598543167115
2026-02-12 09:00:00+00:00,1835.82,383.04,465.79,192.42,545.4,114.17,1288.6354061995846,336.7856176094953,413.07448563029385,303.7552946207166,576.823849693511,109.92193042643393,1167.420260362171,337.94031014033726,412.57634673345655,322.70358383678763,577.7499313408988,110.19598543167115,1167.420260362171,337.94031014033726,412.57634673345655,322.70358383678763,577.7499313408988,110.19598543167115
2026-02-12 10:00:00+00:00,1736.64,383.71,447.61,168.98,550.79,116.65,1279.3237936221676,336.7500685948714,414.00666067238575,311.5955865682373,576.823849693511,109.92193042643393,1167.420260362171,337.94031014033726,412.57634673345655,322.70358383678763,577.7499313408988,110.19598543167115,1167.420260362171,337.94031014033726,412.57634673345655,322.70358383678763,577.7499313408988,110.19598543167115
2026-02-12 11:00:00+00:00,1528.98,381.35,427.8,136.24,551.08,116.24,1266.5853125917924,336.79264524304773,415.5144057586281,319.435878515758,576.823849693511,109.92193042643393,1167.420260362171,337.94031014033726,412.57634673345655,322.70358383678763,577.7499313408988,110.19598543167115,1167.420260362171,337.94031014033726,412.57634673345655,322.70358383678763,577.7499313408988,110.19598543167115
2026-02-12 12:00:00+00:00,1409.09,382.28,421.52,43.45999,563.52,116.51,1257.243761671224,336.7369792096766,415.8498523699355,327.27617046327873,576.823849693511,109.92193042643393,1167.420260362171,337.94031014033726,412.57634673345655,322.70358383678763,577.7499313408988,110.19598543167115,1167.420260362171,337.94031014033726,412.57634673345655,322.70358383678763,577.7499313408988,110.19598543167115
2026-02-12 13:00:00+00:00,1396.82,382.18,428.64,86.84,570.63,115.53,1243.9766797402688,336.7674303191364,416.5252225189131,335.11646241079944,576.823849693511,109.92193042643393,1167.420260362171,337.94031014033726,412.57634673345655,322.70358383678763,577.7499313408988,110.19598543167115,1167.420260362171,337.94031014033726,412.57634673345655,322.70358383678763,577.7499313408988,110.19598543167115
2026-02-12 14:00:00+00:00,1390.0,381.79,448.74,93.979996,561.9,115.47,1248.8005081306815,336.7623324093679,416.69829369255234,342.95675435832015,576.823849693511,109.92193042643393,1167.420260362171,337.94031014033726,412.57634673345655,322.70358383678763,577.7499313408988,110.19598543167115,1167.420260362171,337.94031014033726,412.57634673345655,322.70358383678763,577.7499313408988,110.19598543167115
2026-02-12 15:00:00+00:00,1396.66,383.14,478.79,95.2,564.01,115.73,1261.0403114590008,336.711764229409,417.6204217172303,350.79704630584087,576.823849693511,109.92193042643393,1167.420260362171,337.94031014033726,412.57634673345655,322.70358383678763,577.7499313408988,110.19598543167115,1167.420260362171,337.94031014033726,412.57634673345655,322.70358383678763,577.7499313408988,110.19598543167115
2026-02-12 16:00:00+00:00,1402.94,383.71,506.44,104.83,564.79,115.34,1297.6693560022768,336.79857079235865,420.10963840829925,358.6373382533616,576.823849693511,109.92193042643393,1167.420260362171,337.94031014033726,412.57634673345655,322.70358383678763,577.7499313408988,110.19598543167115,1167.420260362171,337.94031014033726,412.57634673345655,322.70358383678763,577.7499313408988,110.19598543167115
2026-02-12 17:00:00+00:00,1423.81,383.62,513.46,125.70999,564.78,115.3,1318.1406217960712,336.8801411435494,422.14664137036283,366.4776302008823,576.823849693511,109.92193042643393,1167.420260362171,337.94031014033726,412.57634673345655,322.70358383678763,577.7499313408988,110.19598543167115,1167.420260362171,337.94031014033726,412.57634673345655,322.70358383678763,577.7499313408988,110.19598543167115
2026-02-12 18:00:00+00:00,1391.85,383.57,506.6,183.4,577.94,114.7,1302.0941032052049,336.83907942852187,422.6409983795923,374.317922148403,576.823849693511,109.92193042643393,1167.420260362171,337.94031014033726,412.57634673345655,322.70358383678763,577.7499313408988,110.19598543167115,1167.420260362171,337.94031014033726,412.57634673345655,322.70358383678763,577.7499313408988,110.19598543167115
2026-02-12 19:00:00+00:00,1386.38,383.06,488.13,127.95,578.53,119.34,1279.8428694359638,336.8753177610466,423.4126264838925,382.1582140959237,576.823849693511,109.92193042643393,1167.420260362171,337.94031014033726,412.57634673345655,322.70358383678763,577.7499313408988,110.19598543167115,1167.420260362171,337.94031014033726,412.57634673345655,322.70358383678763,577.7499313408988,110.19598543167115
2026-02-12 20:00:00+00:00,1378.23,382.19,473.62,110.75,583.53,126.44,1250.0181483102997,336.9249221194518,424.0868138425693,389.9985060434444,576.823849693511,109.92193042643393,1167.420260362171,337.94031014033726,412.57634673345655,322.70358383678763,577.7499313408988,110.19598543167115,1167.420260362171,337.94031014033726,412.57634673345655,322.70358383678763,577.7499313408988,110.19598543167115
2026-02-12 21:00:00+00:00,1359.2,381.32,455.59,167.46,590.79,134.48,1227.575858187793,336.9380115229861,424.67518874869467,397.83879799096513,576.823849693511,109.92193042643393,1167.420260362171,337.94031014033726,412.57634673345655,322.70358383678763,577.7499313408988,110.19598543167115,1167.420260362171,337.94031014033726,412.57634673345655,322.70358383678763,577.7499313408988,110.19598543167115
2026-02-12 22:00:00+00:00,1390.56,381.42,433.18,43.579987,597.39,140.2,1207.6436290209379,336.9731477214722,425.35489186404374,405.67908993848584,576.823849693511,109.92193042643393,1167.420260362171,337.94031014033726,412.57634673345655,322.70358383678763,577.7499313408988,110.19598543167115,1167.420260362171,337.94031014033726,412.57634673345655,322.70358383678763,577.7499313408988,110.19598543167115
2026-02-12 23:00:00+00:00,1363.68,381.3,419.89,208.41,605.25,141.11,1178.3899889859536,336.92574770193045,425.5566413311771,413.51938188600656,576.823849693511,109.92193042643393,1167.420260362171,337.94031014033726,412.57634673345655,322.70358383678763,577.7499313408988,110.19598543167115,1167.420260362171,337.94031014033726,412.57634673345655,322.70358383678763,577.7499313408988,110.19598543167115
2026-02-13 00:00:00+00:00,1317.4,381.56,412.36,68.45,595.49,140.26,1151.096029289524,336.91431146930825,403.104923839781,233.1926670930302,576.823849693511,109.92193042643393,1167.420260362171,337.94031014033726,412.57634673345655,322.70358383678763,577.7499313408988,110.19598543167115,1167.420260362171,337.94031014033726,412.57634673345655,322.70358383678763,577.7499313408988,110.19598543167115
2026-02-13 01:00:00+00:00,1332.85,381.54,410.87,8.380006,599.21,142.09,1129.2367244365096,336.89254119839416,403.5545604408583,241.0329590405509,576.823849693511,109.92193042643393,1167.420260362171,337.94031014033726,412.57634673345655,322.70358383678763,577.7499313408988,110.19598543167115,1167.420260362171,337.94031014033726,412.57634673345655,322.70358383678763,577.7499313408988,110.19598543167115
2026-02-13 02:00:00+00:00,1341.44,381.69,412.36,8.420014,602.44,143.16,1127.5757144437678,336.90466676530184,404.6437662958178,248.87325098807162,576.823849693511,109.92193042643393,1167.420260362171,337.94031014033726,412.57634673345655,322.70358383678763,577.7499313408988,110.19598543167115,1167.420260362171,337.94031014033726,412.57634673345655,322.70358383678763,577.7499313408988,110.19598543167115
2026-02-13 03:00:00+00:00,1366.17,381.49,416.1,15.010011,597.81,141.04,1141.3301267689103,336.8977773609988,405.8225977379809,256.71354293559233,576.823849693511,109.92193042643393,1167.420260362171,337.94031014033726,412.57634673345655,322.70358383678763,577.7499313408988,110.19598543167115,1167.420260362171,337.94031014033726,412.57634673345655,322.70358383678763,577.7499313408988,110.19598543167115
2026-02-13 04:00:00+00:00,1554.44,381.99,428.53,24.950014,613.94,139.97,1180.3403713593646,336.91968595159983,407.5764275683296,264.55383488311304,576.823849693511,109.92193042643393,1167.420260362171,337.94031014033726,412.57634673345655,322.70358383678763,577.7499313408988,110.19598543167115,1167.420260362171,337.94031014033726,412.57634673345655,322.70358383678763,577.7499313408988,110.19598543167115
2026-02-13 05:00:00+00:00,1717.27,382.84,454.36,124.75,605.55,143.28,1251.437073332317,336.9691519850708,410.22689748231875,272.39412683063375,576.823849693511,109.92193042643393,1167.420260362171,337.94031014033726,412.57634673345655,322.70358383678763,577.7499313408988,110.19598543167115,1167.420260362171,337.94031014033726,412.57634673345655,322.70358383678763,577.7499313408988,110.19598543167115
2026-02-13 06:00:00+00:00,1793.21,383.19,491.45,452.47,604.28,144.47,1307.3346197442488,337.00566484092576,412.6794192096924,280.23441877815446,576.823849693511,109.92193042643393,1167.420260362171,337.94031014033726,412.57634673345655,322.70358383678763,577.7499313408988,110.19598543167115,1167.420260362171,337.94031014033726,412.57634673345655,322.70358383678763,577.7499313408988,110.19598543167115
2026-02-13 07:00:00+00:00,1784.51,383.28,504.99,946.12,619.03,142.88,1328.9820805917602,337.001669071755,413.5902846830009,288.0747107256752,576.823849693511,109.92193042643393,1167.420260362171,337.94031014033726,412.57634673345655,322.70358383678763,577.7499313408988,110.19598543167115,1167.420260362171,337.94031014033726,412.57634673345655,322.70358383678763,577.7499313408988,110.19598543167115
2026-02-13 08:00:00+00:00,1800.76,382.47,490.46,464.9,626.9,145.33,1313.8901720648614,336.9528923948444,413.24394060064725,295.9150026731959,576.823849693511,109.92193042643393,1167.420260362171,337.94031014033726,412.57634673345655,322.70358383678763,577.7499313408988,110.19598543167115,1167.420260362171,337.94031014033726,412.57634673345655,322.70358383678763,577.7499313408988,110.19598543167115
2026-02-13 09:00:00+00:00,1765.76,382.22,467.38,66.03,627.37,143.31,1299.7047478913025,336.8736645626123,412.98918153840896,303.7552946207166,576.823849693511,109.92193042643393,1167.420260362171,337.94031014033726,412.57634673345655,322.70358383678763,577.7499313408988,110.19598543167115,1167.420260362171,337.94031014033726,412.57634673345655,322.70358383678763,577.7499313408988,110.19598543167115
2026-02-13 10:00:00+00:00,1745.21,381.31,445.64,46.079987,629.39,141.74,1291.2824783428357,336.80187720496906,413.4056679666257,311.5955865682373,576.823849693511,109.92193042643393,1167.420260362171,337.94031014033726,412.57634673345655,322.70358383678763,577.7499313408988,110.19598543167115,1167.420260362171,337.94031014033726,412.57634673345655,322.70358383678763,577.7499313408988,110.19598543167115
2026-02-13 11:00:00+00:00,1656.33,380.43,428.48,38.75,626.94,140.21,1285.3302004982215,336.7531005142974,413.7617157934637,319.435878515758,576.823849693511,109.92193042643393,1167.420260362171,337.94031014033726,412.57634673345655,322.70358383678763,577.7499313408988,110.19598543167115,1167.420260362171,337.94031014033726,412.57634673345655,322.70358383678763,577.7499313408988,110.19598543167115
2026-02-13 12:00:00+00:00,1591.97,381.76,422.7,155.98,627.34,141.41,1284.1626817016056,336.8007750630595,414.9766850318163,327.27617046327873,576.823849693511,109.92193042643393,1167.420260362171,337.94031014033726,412.57634673345655,322.70358383678763,577.7499313408988,110.19598543167115,1167.420260362171,337.94031014033726,412.57634673345655,322.70358383678763,577.7499313408988,110.19598543167115
2026-02-13 13:00:00+00:00,1680.01,383.56,424.2,375.37,625.09,138.41,1296.3114134716943,336.7627451881579,416.0474384683557,335.11646241079944,576.823849693511,109.92193042643393,1167.420260362171,337.94031014033726,412.57634673345655,322.70358383678763,577.7499313408988,110.19598543167115,1167.420260362171,337.94031014033726,412.57634673345655,322.70358383678763,577.7499313408988,110.19598543167115
2026-02-13 14:00:00+00:00,1795.28,383.67,441.29,791.89,647.73,135.61,1318.6752588113309,336.7645366892515,417.69558134996987,342.95675435832015,576.823849693511,109.92193042643393,1167.420260362171,337.94031014033726,412.57634673345655,322.70358383678763,577.7499313408988,110.19598543167115,1167.420260362171,337.94031014033726,412.57634673345655,322.70358383678763,577.7499313408988,110.19598543167115
2026-02-13 15:00:00+00:00,1792.09,383.33,476.57,973.45,623.87,133.35,1342.510769451918,336.77431966641427,419.47847497005847,350.79704630584087,576.823849693511,109.92193042643393,1167.420260362171,337.94031014033726,412.57634673345655,322.70358383678763,577.7499313408988,110.19598543167115,1167.420260362171,337.94031014033726,412.57634673345655,322.70358383678763,577.7499313408988,110.19598543167115
2026-02-13 16:00:00+00:00,1800.76,385.11,506.42,1190.62,618.99,134.03,1364.4478921273574,336.8241985402788,421.62765194899595,358.6373382533616,576.823849693511,109.92193042643393,1167.420260362171,337.94031014033726,412.57634673345655,322.70358383678763,577.7499313408988,110.19598543167115,1167.420260362171,337.94031014033726,412.57634673345655,322.70358383678763,577.7499313408988,110.19598543167115
2026-02-13 17:00:00+00:00,1819.83,402.04,511.91,1450.94,609.06,135.95,1373.0597930783588,336.89074973531734,423.3918123701617,366.4776302008823,576.823849693511,109.92193042643393,1167.420260362171,337.94031014033726,412.57634673345655,322.70358383678763,577.7499313408988,110.19598543167115,1167.420260362171,337.94031014033726,412.57634673345655,322.70358383678763,577.7499313408988,110.19598543167115
2026-02-13 18:00:00+00:00,1820.56,412.44,500.29,893.76,613.91,139.85,1367.1830823272626,336.9367710967827,424.35017702276093,374.317922148403,576.823849693511,109.92193042643393,1167.420260362171,337.94031014033726,412.57634673345655,322.70358383678763,577.7499313408988,110.19598543167115,1167.420260362171,337.94031014033726,412.57634673345655,322.70358383678763,577.7499313408988,110.19598543167115
2026-02-13 19:00:00+00:00,1833.03,411.93,480.27,388.59,646.78,139.73,1345.0767066577414,336.93732216642564,424.81507051710787,382.1582140959237,576.823849693511,109.92193042643393,1167.420260362171,337.94031014033726,412.57634673345655,322.70358383678763,577.7499313408988,110.19598543167115,1167.420260362171,337.94031014033726,412.57634673345655,322.70358383678763,577.7499313408988,110.19598543167115
2026-02-13 20:00:00+00:00,1832.25,411.39,459.3,157.89,620.77,142.01,1328.1309240221342,336.98100096240177,425.5900425745595,389.9985060434444,576.823849693511,109.92193042643393,1167.420260362171,337.94031014033726,412.57634673345655,322.70358383678763,577.7499313408988,110.19598543167115,1167.420260362171,337.94031014033726,412.57634673345655,322.70358383678763,577.7499313408988,110.19598543167115
2026-02-13 21:00:00+00:00,1702.1,411.12,445.85,148.92,620.77,145.06,1307.8034303598438,337.12085649284694,426.7489801502279,397.83879799096513,576.823849693511,109.92193042643393,1167.420260362171,337.94031014033726,412.57634673345655,322.70358383678763,577.7499313408988,110.19598543167115,1167.420260362171,337.94031014033726,412.57634673345655,322.70358383678763,577.7499313408988,110.19598543167115
2026-02-13 22:00:00+00:00,1690.54,411.46,429.46,131.9,595.69,147.3,1280.1988548978295,337.13725234176104,427.26591074349744,405.67908993848584,576.823849693511,109.92193042643393,1167.420260362171,337.94031014033726,412.57634673345655,322.70358383678763,577.7499313408988,110.19598543167115,1167.420260362171,337.94031014033726,412.57634673345655,322.70358383678763,577.7499313408988,110.19598543167115
2026-02-13 23:00:00+00:00,1712.83,411.47,420.49,88.47002,597.28,148.82,1249.0365518158208,337.0906799106528,427.55587374645876,413.51938188600656,576.823849693511,109.92193042643393,1167.420260362171,337.94031014033726,412.57634673345655,322.70358383678763,577.7499313408988,110.19598543167115,1167.420260362171,337.94031014033726,412.57634673345655,322.70358383678763,577.7499313408988,110.19598543167115
2026-02-14 00:00:00+00:00,1696.67,411.48,414.56,54.910004,585.8,147.98,1244.3895285686272,338.181751378123,405.62732638818403,232.94302511841752,575.005674865347,110.52281012062676,1167.420260362171,337.94031014033726,412.57634673345655,322.70358383678763,577.7499313408988,110.19598543167115,1167.420260362171,337.94031014033726,412.57634673345655,322.70358383678763,577.7499313408988,110.19598543167115
2026-02-14 01:00:00+00:00,1719.55,411.57,410.52,76.3,592.73,149.4,1234.1266311939287,338.2390097160529,406.46623654476724,240.82827103086953,575.005674865347,110.52281012062676,1167.420260362171,337.94031014033726,412.57634673345655,322.70358383678763,577.7499313408988,110.19598543167115,1167.420260362171,337.94031014033726,412.57634673345655,322.70358383678763,577.7499313408988,110.19598543167115
2026-02-14 02:00:00+00:00,1721.22,411.53,411.18,92.12999,587.26,148.51,1224.7074021470034,338.14648939153,407.03168582878504,248.71351694332157,575.005674865347,110.52281012062676,1167.420260362171,337.94031014033726,412.57634673345655,322.70358383678763,577.7499313408988,110.19598543167115,1167.420260362171,337.94031014033726,412.57634673345655,322.70358383678763,577.7499313408988,110.19598543167115
2026-02-14 03:00:00+00:00,1724.69,411.48,418.05,62.54001,628.86,148.76,1220.5437758675714,338.1132531306277,407.93143032174817,256.5987628557736,575.005674865347,110.52281012062676,1167.420260362171,337.94031014033726,412.57634673345655,322.70358383678763,577.7499313408988,110.19598543167115,1167.420260362171,337.94031014033726,412.57634673345655,322.70358383678763,577.7499313408988,110.19598543167115
2026-02-14 04:00:00+00:00,1708.31,411.37,430.01,43.559998,603.41,146.23,1223.1190580544837,338.1279173297333,408.9621146201994,264.48400876822564,575.005674865347,110.52281012062676,1167.420260362171,337.94031014033726,412.57634673345655,322.70358383678763,577.7499313408988,110.19598543167115,1167.420260362171,337.94031014033726,412.57634673345655,322.70358383678763,577.7499313408988,110.19598543167115
2026-02-14 05:00:00+00:00,1695.8,411.26,459.85,36.070007,627.11,144.0,1232.282785249049,338.1751904824737,410.30412414391935,272.36925468067767,575.005674865347,110.52281012062676,1167.420260362171,337.94031014033726,412.57634673345655,322.70358383678763,577.7499313408988,110.19598543167115,1167.420260362171,337.94031014033726,412.57634673345655,322.70358383678763,577.7499313408988,110.19598543167115
2026-02-14 06:00:00+00:00,1652.83,411.13,497.97,80.28,605.86,143.25,1251.7094954017243,338.2240231833222,411.800075345725,280.25450059312965,575.005674865347,110.52281012062676,1167.420260362171,337.94031014033726,412.57634673345655,322.70358383678763,577.7499313408988,110.19598543167115,1167.420260362171,337.94031014033726,412.57634673345655,322.70358383678763,577.7499313408988,110.19598543167115
2026-02-14 07:00:00+00:00,1757.23,411.36,507.75,114.500015,581.48,142.37,1271.8313129201122,338.22932946443643,413.1392559191676,288.1397465055817,575.005674865347,110.52281012062676,1167.420260362171,337.94031014033726,412.57634673345655,322.70358383678763,577.7499313408988,110.19598543167115,1167.420260362171,337.94031014033726,412.57634673345655,322.70358383678763,577.7499313408988,110.19598543167115
2026-02-14 08:00:00+00:00,1813.27,412.18,496.74,519.38,579.8,142.74,1287.7904140849798,338.21981041227633,414.44406059053716,296.0249924180337,575.005674865347,110.52281012062676,1167.420260362171,337.94031014033726,412.57634673345655,322.70358383678763,577.7499313408988,110.19598543167115,1167.420260362171,337.94031014033726,412.57634673345655,322.70358383678763,577.7499313408988,110.19598543167115
2026-02-14 09:00:00+00:00,1821.64,412.35,465.97,485.27,579.89,144.0,1294.587346110855,338.2318214582157,415.5312954400786,303.91023833048575,575.005674865347,110.52281012062676,1167.420260362171,337.94031014033726,412.57634673345655,322.70358383678763,577.7499313408988,110.19598543167115,1167.420260362171,337.94031014033726,412.57634673345655,322.70358383678763,577.7499313408988,110.19598543167115
2026-02-14 10:00:00+00:00,1811.93,413.04,438.16,248.37,572.74,143.87,1295.9752095063907,338.2595902533984,416.64303358351555,311.7954842429378,575.005674865347,110.52281012062676,1167.420260362171,337.94031014033726,412.57634673345655,322.70358383678763,577.7499313408988,110.19598543167115,1167.420260362171,337.94031014033726,412.57634673345655,322.70358383678763,577.7499313408988,110.19598543167115
2026-02-14 11:00:00+00:00,1788.81,413.06,429.59,116.08998,556.3,145.91,1300.2171425030776,338.29422491787284,417.77133021260755,319.68073015538977,575.005674865347,110.52281012062676,1167.420260362171,337.94031014033726,412.57634673345655,322.70358383678763,577.7499313408988,110.19598543167115,1167.420260362171,337.94031014033726,412.57634673345655,322.70358383678763,577.7499313408988,110.19598543167115
2026-02-14 12:00:00+00:00,1822.99,413.35,429.23,115.09,554.9,143.35,1298.810838890632,338.42668633341077,419.1866076635501,327.5659760678418,575.005674865347,110.52281012062676,1167.420260362171,337.94031014033726,412.57634673345655,322.70358383678763,577.7499313408988,110.19598543167115,1167.420260362171,337.94031014033726,412.57634673345655,322.70358383678763,577.7499313408988,110.19598543167115
2026-02-14 13:00:00+00:00,1791.57,414.12,434.91,861.52,548.36,143.25,1295.4032388294595,338.3984513502782,419.92239270284085,335.45122198029384,575.005674865347,110.52281012062676,1167.420260362171,337.94031014033726,412.57634673345655,322.70358383678763,577.7499313408988,110.19598543167115,1167.420260362171,337.94031014033726,412.57634673345655,322.70358383678763,577.7499313408988,110.19598543167115
2026-02-14 14:00:00+00:00,1820.66,414.07,452.54,1336.14,571.89,141.44,1303.4380998438103,338.3922127481847,421.05243108896696,343.3364678927459,575.005674865347,110.52281012062676,1167.420260362171,337.94031014033726,412.57634673345655,322.70358383678763,577.7499313408988,110.19598543167115,1167.420260362171,337.94031014033726,412.57634673345655,322.70358383678763,577.7499313408988,110.19598543167115
2026-02-14 15:00:00+00:00,1830.53,413.97,487.8,878.37,562.19,140.75,1315.371216363759,338.39486590135095,422.34809661624763,351.2217138051979,575.005674865347,110.52281012062676,1167.420260362171,337.94031014033726,412.57634673345655,322.70358383678763,577.7499313408988,110.19598543167115,1167.420260362171,337.94031014033726,412.57634673345655,322.70358383678763,577.7499313408988,110.19598543167115
2026-02-14 16:00:00+00:00,1835.75,413.99,513.41,1298.3999,589.76,140.09,1341.1894064829269,338.4011045331466,423.94204379179223,359.10695971764994,575.005674865347,110.52281012062676,1167.420260362171,337.94031014033726,412.57634673345655,322.70358383678763,577.7499313408988,110.19598543167115,1167.420260362171,337.94031014033726,412.57634673345655,322.70358383678763,577.7499313408988,110.19598543167115
2026-02-14 17:00:00+00:00,1850.59,413.99,518.79,1487.55,598.77,140.4,1360.0921760654544,338.4188880436662,425.33070156981717,366.9922056301019,575.005674865347,110.52281012062676,1167.420260362171,337.94031014033726,412.57634673345655,322.70358383678763,577.7499313408988,110.19598543167115,1167.420260362171,337.94031014033726,412.57634673345655,322.70358383678763,577.7499313408988,110.19598543167115
2026-02-14 18:00:00+00:00,1853.85,414.02,506.77,1401.13,564.8,141.35,1357.5806861452159,338.4692804470168,426.3536561693714,374.87745154255396,575.005674865347,110.52281012062676,1167.420260362171,337.94031014033726,412.57634673345655,322.70358383678763,577.7499313408988,110.19598543167115,1167.420260362171,337.94031014033726,412.57634673345655,322.70358383678763,577.7499313408988,110.19598543167115
2026-02-14 19:00:00+00:00,1850.18,414.14,489.0,1194.21,588.0,142.55,1339.7865557828754,338.5280984131935,427.34011658301176,382.762697455006,575.005674865347,110.52281012062676,1167.420260362171,337.94031014033726,412.57634673345655,322.70358383678763,577.7499313408988,110.19598543167115,1167.420260362171,337.94031014033726,412.57634673345655,322.70358383678763,577.7499313408988,110.19598543167115
2026-02-14 20:00:00+00:00,1849.15,414.23,466.08,995.89,595.7,143.3,1329.9554583678619,338.57225218474844,428.3835075876027,390.647943367458,575.005674865347,110.52281012062676,1167.420260362171,337.94031014033726,412.57634673345655,322.70358383678763,577.7499313408988,110.19598543167115,1167.420260362171,337.94031014033726,412.57634673345655,322.70358383678763,577.7499313408988,110.19598543167115
2026-02-14 21:00:00+00:00,1850.59,414.29,450.6,339.09,568.87,145.45,1325.2085594585305,338.58582291385494,429.25904502266167,398.53318927991006,575.005674865347,110.52281012062676,1167.420260362171,337.94031014033726,412.57634673345655,322.70358383678763,577.7499313408988,110.19598543167115,1167.420260362171,337.94031014033726,412.57634673345655,322.70358383678763,577.7499313408988,110.19598543167115
2026-02-14 22:00:00+00:00,1839.25,414.42,431.27,325.51,571.87,146.12,1312.5234183291313,338.5805166075224,429.86349460283077,406.41843519236204,575.005674865347,110.52281012062676,1167.420260362171,337.94031014033726,412.57634673345655,322.70358383678763,577.7499313408988,110.19598543167115,1167.420260362171,337.94031014033726,412.57634673345655,322.70358383678763,577.7499313408988,110.19598543167115
2026-02-14 23:00:00+00:00,1815.64,414.42,421.91,288.94,594.51,145.85,1294.2882263494134,338.5936211738974,430.57854667089083,414.3036811048141,575.005674865347,110.52281012062676,1167.420260362171,337.94031014033726,412.57634673345655,322.70358383678763,577.7499313408988,110.19598543167115,1167.420260362171,337.94031014033726,412.57634673345655,322.70358383678763,577.7499313408988,110.19598543167115
2026-02-15 00:00:00+00:00,1831.44,414.54,417.29,125.58002,592.97,144.82,1282.6885240822344,338.5663185963666,408.1978908117717,232.94302511841752,575.005674865347,110.52281012062676,1167.420260362171,337.94031014033726,412.57634673345655,322.70358383678763,577.7499313408988,110.19598543167115,1167.420260362171,337.94031014033726,412.57634673345655,322.70358383678763,577.7499313408988,110.19598543167115
2026-02-15 01:00:00+00:00,1755.14,415.13,412.28,39.609985,591.13,144.85,1278.105592530398,338.57053132734313,409.0218897103271,240.82827103086953,575.005674865347,110.52281012062676,1167.420260362171,337.94031014033726,412.57634673345655,322.70358383678763,577.7499313408988,110.19598543167115,1167.420260362171,337.94031014033726,412.57634673345655,322.70358383678763,577.7499313408988,110.19598543167115
2026-02-15 02:00:00+00:00,1659.09,415.5,411.0,53.660004,595.76,144.27,1277.4700928749749,338.5989274297934,410.0497160811702,248.71351694332157,575.005674865347,110.52281012062676,1167.420260362171,337.94031014033726,412.57634673345655,322.70358383678763,577.7499313408988,110.19598543167115,1167.420260362171,337.94031014033726,412.57634673345655,322.70358383678763,577.7499313408988,110.19598543167115
2026-02-15 03:00:00+00:00,1652.37,415.36,417.37,114.67999,596.64,142.62,1276.0990199293888,338.5993935628228,411.15559849860136,256.5987628557736,575.005674865347,110.52281012062676,1167.420260362171,337.94031014033726,412.57634673345655,322.70358383678763,577.7499313408988,110.19598543167115,1167.420260362171,337.94031014033726,412.57634673345655,322.70358383678763,577.7499313408988,110.19598543167115
2026-02-15 04:00:00+00:00,1633.53,415.37,429.57,35.03,596.37,142.83,1275.5900387341626,338.60407253666955,412.3183974362782,264.48400876822564,575.005674865347,110.52281012062676,1167.420260362171,337.94031014033726,412.57634673345655,322.70358383678763,577.7499313408988,110.19598543167115,1167.420260362171,337.94031014033726,412.57634673345655,322.70358383678763,577.7499313408988,110.19598543167115
2026-02-15 05:00:00+00:00,1604.0,415.31,458.14,16.630007,593.88,140.58,1273.9562715940501,338.6302816991216,413.51705220159295,272.36925468067767,575.005674865347,110.52281012062676,1167.420260362171,337.94031014033726,412.57634673345655,322.70358383678763,577.7499313408988,110.19598543167115,1167.420260362171,337.94031014033726,412.57634673345655,322.70358383678763,577.7499313408988,110.19598543167115
2026-02-15 06:00:00+00:00,1594.97,418.16,488.38,73.28999,596.48,140.81,1277.253836566991,338.66600981874404,414.88563659764026,280.25450059312965,575.005674865347,110.52281012062676,1167.420260362171,337.94031014033726,412.57634673345655,322.70358383678763,577.7499313408988,110.19598543167115,1167.420260362171,337.94031014033726,412.57634673345655,322.70358383678763,577.7499313408988,110.19598543167115
2026-02-15 07:00:00+00:00,1403.23,415.32,493.61,352.25,589.93,141.46,1285.0658714886697,338.7026703439683,416.3330248686468,288.1397465055817,575.005674865347,110.52281012062676,1167.420260362171,337.94031014033726,412.57634673345655,322.70358383678763,577.7499313408988,110.19598543167115,1167.420260362171,337.94031014033726,412.57634673345655,322.70358383678763,577.7499313408988,110.19598543167115
2026-02-15 08:00:00+00:00,1373.6,415.28,486.81,499.09,599.72,141.31,1279.614238283122,338.6475990261752,417.11267480581165,296.0249924180337,575.005674865347,110.52281012062676,1167.420260362171,337.94031014033726,412.57634673345655,322.70358383678763,577.7499313408988,110.19598543167115,1167.420260362171,337.94031014033726,412.57634673345655,322.70358383678763,577.7499313408988,110.19598543167115
2026-02-15 09:00:00+00:00,1209.67,415.04,458.55,79.20999,595.67,141.83,1262.0737846360735,338.5505608471232,417.24846601039616,303.91023833048575,575.005674865347,110.52281012062676,1167.420260362171,337.94031014033726,412.57634673345655,322.70358383678763,577.7499313408988,110.19598543167115,1167.420260362171,337.94031014033726,412.57634673345655,322.70358383678763,577.7499313408988,110.19598543167115
2026-02-15 10:00:00+00:00,1152.09,412.53,434.83,159.06,591.45,142.65,1236.8999113656523,338.4708401049657,417.25560426103925,311.7954842429378,575.005674865347,110.52281012062676,1167.420260362171,337.94031014033726,412.57634673345655,322.70358383678763,577.7499313408988,110.19598543167115,1167.420260362171,337.94031014033726,412.57634673345655,322.70358383678763,577.7499313408988,110.19598543167115
2026-02-15 11:00:00+00:00,920.06,385.69,418.55,46.48001,592.52,141.55,1206.5755564681701,338.3585103394019,417.253980994919,319.68073015538977,575.005674865347,110.52281012062676,1167.420260362171,337.94031014033726,412.57634673345655,322.70358383678763,577.7499313408988,110.19598543167115,1167.420260362171,337.94031014033726,412.57634673345655,322.70358383678763,577.7499313408988,110.19598543167115
2026-02-15 12:00:00+00:00,886.29,381.52,418.15,1.1900035,601.04,140.85,1174.9457798603714,338.3911191728286,417.87144025523656,327.5659760678418,575.005674865347,110.52281012062676,1167.420260362171,337.94031014033726,412.57634673345655,322.70358383678763,577.7499313408988,110.19598543167115,1167.420260362171,337.94031014033726,412.57634673345655,322.70358383678763,577.7499313408988,110.19598543167115
2026-02-15 13:00:00+00:00,954.08,381.38,429.0,0.66000473,603.87,140.37,1173.1449440416527,338.36116349256815,418.18561926662824,335.45122198029384,575.005674865347,110.52281012062676,1167.420260362171,337.94031014033726,412.57634673345655,322.70358383678763,577.7499313408988,110.19598543167115,1167.420260362171,337.94031014033726,412.57634673345655,322.70358383678763,577.7499313408988,110.19598543167115
2026-02-15 14:00:00+00:00,965.99,406.82,452.33,9.070008,608.43,140.13,1206.4201578011903,338.342286427427,419.37201222251804,343.3364678927459,575.005674865347,110.52281012062676,1167.420260362171,337.94031014033726,412.57634673345655,322.70358383678763,577.7499313408988,110.19598543167115,1167.420260362171,337.94031014033726,412.57634673345655,322.70358383678763,577.7499313408988,110.19598543167115
2026-02-15 15:00:00+00:00,1077.35,412.91,490.51,52.22,599.36,139.73,1240.0473582430577,338.36335040286417,421.287770165692,351.2217138051979,575.005674865347,110.52281012062676,1167.420260362171,337.94031014033726,412.57634673345655,322.70358383678763,577.7499313408988,110.19598543167115,1167.420260362171,337.94031014033726,412.57634673345655,322.70358383678763,577.7499313408988,110.19598543167115
2026-02-15 16:00:00+00:00,1189.13,413.59,507.08,59.380005,607.3,141.77,1259.8835176893017,338.38471942171526,423.1863964861133,359.10695971764994,575.005674865347,110.52281012062676,1167.420260362171,337.94031014033726,412.57634673345655,322.70358383678763,577.7499313408988,110.19598543167115,1167.420260362171,337.94031014033726,412.57634673345655,322.70358383678763,577.7499313408988,110.19598543167115
2026-02-15 17:00:00+00:00,1380.35,410.22,507.91,173.79,631.65,141.79,1281.6050324024034,338.49923617771384,425.33847952763904,366.9922056301019,575.005674865347,110.52281012062676,1167.420260362171,337.94031014033726,412.57634673345655,322.70358383678763,577.7499313408988,110.19598543167115,1167.420260362171,337.94031014033726,412.57634673345655,322.70358383678763,577.7499313408988,110.19598543167115
2026-02-15 18:00:00+00:00,1248.07,413.42,497.14,22.619997,613.59,146.44,1274.54327400804,338.48925089753453,425.96788318654495,374.87745154255396,575.005674865347,110.52281012062676,1167.420260362171,337.94031014033726,412.57634673345655,322.70358383678763,577.7499313408988,110.19598543167115,1167.420260362171,337.94031014033726,412.57634673345655,322.70358383678763,577.7499313408988,110.19598543167115
2026-02-15 19:00:00+00:00,1394.99,409.09,481.29,51.98999,588.35,150.18,1274.2635606235176,338.49814268249645,426.71375633286766,382.762697455006,575.005674865347,110.52281012062676,1167.420260362171,337.94031014033726,412.57634673345655,322.70358383678763,577.7499313408988,110.19598543167115,1167.420260362171,337.94031014033726,412.57634673345655,322.70358383678763,577.7499313408988,110.19598543167115
2026-02-15 20:00:00+00:00,1567.58,381.28,464.41,77.20001,579.61,145.91,1276.4630683569455,338.56366544320036,428.0137233077546,390.647943367458,575.005674865347,110.52281012062676,1167.420260362171,337.94031014033726,412.57634673345655,322.70358383678763,577.7499313408988,110.19598543167115,1167.420260362171,337.94031014033726,412.57634673345655,322.70358383678763,577.7499313408988,110.19598543167115
2026-02-15 21:00:00+00:00,1521.42,381.21,449.59,124.739975,581.47,147.46,1278.8353807858548,338.6109385306531,428.8152622774775,398.53318927991006,575.005674865347,110.52281012062676,1167.420260362171,337.94031014033726,412.57634673345655,322.70358383678763,577.7499313408988,110.19598543167115,1167.420260362171,337.94031014033726,412.57634673345655,322.70358383678763,577.7499313408988,110.19598543167115
2026-02-15 22:00:00+00:00,1488.91,381.33,433.7,61.0,583.12,148.65,1258.6954472838893,338.62934932322196,429.3984319465286,406.41843519236204,575.005674865347,110.52281012062676,1167.420260362171,337.94031014033726,412.57634673345655,322.70358383678763,577.7499313408988,110.19598543167115,1167.420260362171,337.94031014033726,412.57634673345655,322.70358383678763,577.7499313408988,110.19598543167115
2026-02-15 23:00:00+00:00,1331.78,381.48,423.31,49.850006,586.81,148.22,1241.214697068921,338.6146851493346,429.73415057084605,414.3036811048141,575.005674865347,110.52281012062676,1167.420260362171,337.94031014033726,412.57634673345655,322.70358383678763,577.7499313408988,110.19598543167115,1167.420260362171,337.94031014033726,412.57634673345655,322.70358383678763,577.7499313408988,110.19598543167115
2026-02-16 00:00:00+00:00,984.71,381.64,418.98,14.859986,588.62,148.1,1230.4534415647229,338.6639840277657,407.2476159013977,232.94302511841752,575.005674865347,110.52281012062676,1167.420260362171,337.94031014033726,412.57634673345655,322.70358383678763,577.7499313408988,110.19598543167115,1167.420260362171,337.94031014033726,412.57634673345655,322.70358383678763,577.7499313408988,110.19598543167115
2026-02-16 01:00:00+00:00,973.79,381.65,415.1,0.079987645,587.8,149.51,1217.9531375018523,338.6145239795803,407.19494725563476,240.82827103086953,575.005674865347,110.52281012062676,1167.420260362171,337.94031014033726,412.57634673345655,322.70358383678763,577.7499313408988,110.19598543167115,1167.420260362171,337.94031014033726,412.57634673345655,322.70358383678763,577.7499313408988,110.19598543167115
2026-02-16 02:00:00+00:00,966.03,381.63,411.35,0.55999863,589.19,146.99,1207.9100150204015,338.5330823206133,407.65020463457233,248.71351694332157,575.005674865347,110.52281012062676,1167.420260362171,337.94031014033726,412.57634673345655,322.70358383678763,577.7499313408988,110.19598543167115,1167.420260362171,337.94031014033726,412.57634673345655,322.70358383678763,577.7499313408988,110.19598543167115
2026-02-16 03:00:00+00:00,986.87,383.18,416.81,0.29998887,592.53,145.09,1206.1250689414578,338.4678646033232,408.9185557581366,256.5987628557736,575.005674865347,110.52281012062676,1167.420260362171,337.94031014033726,412.57634673345655,322.70358383678763,577.7499313408988,110.19598543167115,1167.420260362171,337.94031014033726,412.57634673345655,322.70358383678763,577.7499313408988,110.19598543167115
2026-02-16 04:00:00+00:00,1204.68,409.11,425.77,0.27999985,598.33,145.42,1221.3518964041843,338.4123270426599,410.41675797166135,264.48400876822564,575.005674865347,110.52281012062676,1167.420260362171,337.94031014033726,412.57634673345655,322.70358383678763,577.7499313408988,110.19598543167115,1167.420260362171,337.94031014033726,412.57634673345655,322.70358383678763,577.7499313408988,110.19598543167115
2026-02-16 05:00:00+00:00,1453.52,411.06,448.38,136.64,599.11,141.82,1269.8473466335142,338.4298056493086,412.5596854579583,272.36925468067767,575.005674865347,110.52281012062676,1167.420260362171,337.94031014033726,412.57634673345655,322.70358383678763,577.7499313408988,110.19598543167115,1167.420260362171,337.94031014033726,412.57634673345655,322.70358383678763,577.7499313408988,110.19598543167115
2026-02-16 06:00:00+00:00,1527.86,411.31,470.31,367.92,599.95,215.1,1297.432501682088,338.33307243353175,413.93557474153005,280.25450059312965,575.005674865347,110.52281012062676,1167.420260362171,337.94031014033726,412.57634673345655,322.70358383678763,577.7499313408988,110.19598543167115,1167.420260362171,337.94031014033726,412.57634673345655,322.70358383678763,577.7499313408988,110.19598543167115
2026-02-16 07:00:00+00:00,1506.75,410.67,488.25,254.23,604.61,193.22,1314.4453981142854,338.35788297721393,415.063471935619,288.1397465055817,575.005674865347,110.52281012062676,1167.420260362171,337.94031014033726,412.57634673345655,322.70358383678763,577.7499313408988,110.19598543167115,1167.420260362171,337.94031014033726,412.57634673345655,322.70358383678763,577.7499313408988,110.19598543167115
2026-02-16 08:00:00+00:00,1509.23,412.43,471.72,126.76999,626.47,171.34001,1298.5165015606358,338.2137329295005,414.6065962209809,296.0249924180337,575.005674865347,110.52281012062676,1167.420260362171,337.94031014033726,412.57634673345655,322.70358383678763,577.7499313408988,110.19598543167115,1167.420260362171,337.94031014033726,412.57634673345655,322.70358383678763,577.7499313408988,110.19598543167115
2026-02-16 09:00:00+00:00,1492.92,412.17,442.95,144.19,625.46,149.46,1274.3432491624105,338.03432078535326,414.146716903132,303.91023833048575,575.005674865347,110.52281012062676,1167.420260362171,337.94031014033726,412.57634673345655,322.70358383678763,577.7499313408988,110.19598543167115,1167.420260362171,337.94031014033726,412.57634673345655,322.70358383678763,577.7499313408988,110.19598543167115
2026-02-16 10:00:00+00:00,1418.09,411.4,427.56,315.31,646.21,147.46,1261.836757256852,337.91887181373244,414.0689969094048,311.7954842429378,575.005674865347,110.52281012062676,1167.420260362171,337.94031014033726,412.57634673345655,322.70358383678763,577.7499313408988,110.19598543167115,1167.420260362171,337.94031014033726,412.57634673345655,322.70358383678763,577.7499313408988,110.19598543167115
2026-02-16 11:00:00+00:00,1518.41,411.93,422.3,329.9,672.29,148.03,1252.6937233545038,337.9748755371273,414.72176153936033,319.68073015538977,575.005674865347,110.52281012062676,1167.420260362171,337.94031014033726,412.57634673345655,322.70358383678763,577.7499313408988,110.19598543167115,1167.420260362171,337.94031014033726,412.57634673345655,322.70358383678763,577.7499313408988,110.19598543167115
2026-02-16 12:00:00+00:00,1608.09,410.91,418.11,201.02,682.08,148.27,1258.9947620075163,338.09516460191253,416.5883949064996,327.5659760678418,575.005674865347,110.52281012062676,1167.420260362171,337.94031014033726,412.57634673345655,322.70358383678763,577.7499313408988,110.19598543167115,1167.420260362171,337.94031014033726,412.57634673345655,322.70358383678763,577.7499313408988,110.19598543167115
2026-02-16 13:00:00+00:00,1598.73,412.37,426.85,253.3,653.42,145.42,1269.8370962132994,338.05803792880783,417.937594062311,335.45122198029384,575.005674865347,110.52281012062676,1167.420260362171,337.94031014033726,412.57634673345655,322.70358383678763,577.7499313408988,110.19598543167115,1167.420260362171,337.94031014033726,412.57634673345655,322.70358383678763,577.7499313408988,110.19598543167115
2026-02-16 14:00:00+00:00,1601.98,412.53,450.4,447.75,659.38,144.79,1285.8013783605268,338.04165292721734,420.38312887429805,343.3364678927459,575.005674865347,110.52281012062676,1167.420260362171,337.94031014033726,412.57634673345655,322.70358383678763,577.7499313408988,110.19598543167115,1167.420260362171,337.94031014033726,412.57634673345655,322.70358383678763,577.7499313408988,110.19598543167115
2026-02-16 15:00:00+00:00,1599.01,408.1,480.04,483.9,667.27,142.19,1316.528118859546,338.173325795962,422.5157394663123,351.2217138051979,575.005674865347,110.52281012062676,1167.420260362171,337.94031014033726,412.57634673345655,322.70358383678763,577.7499313408988,110.19598543167115,1167.420260362171,337.94031014033726,412.57634673345655,322.70358383678763,577.7499313408988,110.19598543167115
2026-02-16 16:00:00+00:00,1709.85,342.78,501.71,652.34,676.54,141.19,1335.4733477890925,338.197509072446,423.78887257130384,359.10695971764994,575.005674865347,110.52281012062676,1167.420260362171,337.94031014033726,412.57634673345655,322.70358383678763,577.7499313408988,110.19598543167115,1167.420260362171,337.94031014033726,412.57634673345655,322.70358383678763,577.7499313408988,110.19598543167115
2026-02-16 17:00:00+00:00,1796.59,343.82,507.31,629.84,672.38,145.11,1348.5908486144097,338.22683751072657,424.8101073759316,366.9922056301019,575.005674865347,110.52281012062676,1167.420260362171,337.94031014033726,412.57634673345655,322.70358383678763,577.7499313408988,110.19598543167115,1167.420260362171,337.94031014033726,412.57634673345655,322.70358383678763,577.7499313408988,110.19598543167115
2026-02-16 18:00:00+00:00,1797.61,368.49,498.68,624.72,644.66,147.08,1348.6181113236494,338.36958903465984,426.2931014665904,374.87745154255396,575.005674865347,110.52281012062676,1167.420260362171,337.94031014033726,412.57634673345655,322.70358383678763,577.7499313408988,110.19598543167115,1167.420260362171,337.94031014033726,412.57634673345655,322.70358383678763,577.7499313408988,110.19598543167115
2026-02-16 19:00:00+00:00,1797.65,406.32,483.11,577.55,651.11,146.56,1328.9646936240752,338.43573920798826,427.2279513768346,382.762697455006,575.005674865347,110.52281012062676,1167.420260362171,337.94031014033726,412.57634673345655,322.70358383678763,577.7499313408988,110.19598543167115,1167.420260362171,337.94031014033726,412.57634673345655,322.70358383678763,577.7499313408988,110.19598543167115
2026-02-16 20:00:00+00:00,1794.99,414.28,464.26,648.22,660.86,145.14,1299.198927702642,338.37114869260876,427.5117074934606,390.647943367458,575.005674865347,110.52281012062676,1167.420260362171,337.94031014033726,412.57634673345655,322.70358383678763,577.7499313408988,110.19598543167115,1167.420260362171,337.94031014033726,412.57634673345655,322.70358383678763,577.7499313408988,110.19598543167115
2026-02-16 21:00:00+00:00,1837.53,414.32,447.02,525.4,660.0,142.83,1270.421597289467,338.4383923908566,428.45368359885674,398.53318927991006,575.005674865347,110.52281012062676,1167.420260362171,337.94031014033726,412.57634673345655,322.70358383678763,577.7499313408988,110.19598543167115,1167.420260362171,337.94031014033726,412.57634673345655,322.70358383678763,577.7499313408988,110.19598543167115
2026-02-16 22:00:00+00:00,1680.71,414.37,429.84,241.04,633.78,137.19,1243.5333958294104,338.4845719533899,428.9901569756326,406.41843519236204,575.005674865347,110.52281012062676,1167.420260362171,337.94031014033726,412.57634673345655,322.70358383678763,577.7499313408988,110.19598543167115,1167.420260362171,337.94031014033726,412.57634673345655,322.70358383678763,577.7499313408988,110.19598543167115
2026-02-16 23:00:00+00:00,1591.58,414.32,416.25,98.44,637.08,136.97,1221.6871800697477,338.46788190838555,429.1369596395594,414.3036811048141,575.005674865347,110.52281012062676,1167.420260362171,337.94031014033726,412.57634673345655,322.70358383678763,577.7499313408988,110.19598543167115,1167.420260362171,337.94031014033726,412.57634673345655,322.70358383678763,577.7499313408988,110.19598543167115
2026-02-17 00:00:00+00:00,1589.8,414.39,410.96,35.48999,640.89,137.32,1209.253216599277,338.5051697957977,406.6119629756589,232.94302511841752,575.005674865347,110.52281012062676,1167.420260362171,337.94031014033726,412.57634673345655,322.70358383678763,577.7499313408988,110.19598543167115,1167.420260362171,337.94031014033726,412.57634673345655,322.70358383678763,577.7499313408988,110.19598543167115
2026-02-17 01:00:00+00:00,1611.77,414.33,410.22,1.2999889,641.73,135.86,1202.7459719022131,338.35960386432134,406.8130794628354,240.82827103086953,575.005674865347,110.52281012062676,1167.420260362171,337.94031014033726,412.57634673345655,322.70358383678763,577.7499313408988,110.19598543167115,1167.420260362171,337.94031014033726,412.57634673345655,322.70358383678763,577.7499313408988,110.19598543167115
2026-02-17 02:00:00+00:00,1611.1,414.44,410.28,0.29000962,642.94,136.46,1210.5525438854106,338.44572440802887,408.15894531485566,248.71351694332157,575.005674865347,110.52281012062676,1167.420260362171,337.94031014033726,412.57634673345655,322.70358383678763,577.7499313408988,110.19598543167115,1167.420260362171,337.94031014033726,412.57634673345655,322.70358383678763,577.7499313408988,110.19598543167115
2026-02-17 03:00:00+00:00,1624.94,414.29,414.71,0.2699901,644.95,138.72,1227.9003447652183,338.47458667321064,409.7294828335499,256.5987628557736,575.005674865347,110.52281012062676,1167.420260362171,337.94031014033726,412.57634673345655,322.70358383678763,577.7499313408988,110.19598543167115,1167.420260362171,337.94031014033726,412.57634673345655,322.70358383678763,577.7499313408988,110.19598543167115
2026-02-17 04:00:00+00:00,1601.24,414.37,429.45,43.669983,643.42,135.99,1251.04022457006,338.44416475007995,411.41951250664346,264.48400876822564,575.005674865347,110.52281012062676,1167.420260362171,337.94031014033726,412.57634673345655,322.70358383678763,577.7499313408988,110.19598543167115,1167.420260362171,337.94031014033726,412.57634673345655,322.70358383678763,577.7499313408988,110.19598543167115
2026-02-17 05:00:00+00:00,1684.18,413.97,456.7,304.02,690.43,136.07,1307.9592461458908,338.4666272938505,413.8173824814312,272.36925468067767,575.005674865347,110.52281012062676,1167.420260362171,337.94031014033726,412.57634673345655,322.70358383678763,577.7499313408988,110.19598543167115,1167.420260362171,337.94031014033726,412.57634673345655,322.70358383678763,577.7499313408988,110.19598543167115
2026-02-17 06:00:00+00:00,1762.86,413.8,489.39,412.87,721.94,136.06,1345.8955147180188,338.5280984131935,416.07109862316105,280.25450059312965,575.005674865347,110.52281012062676,1167.420260362171,337.94031014033726,412.57634673345655,322.70358383678763,577.7499313408988,110.19598543167115,1167.420260362171,337.94031014033726,412.57634673345655,322.70358383678763,577.7499313408988,110.19598543167115
2026-02-17 07:00:00+00:00,1766.7,413.6,494.04,881.77,693.48,139.67,1346.4136649333293,338.46944153663236,416.8835021699539,288.1397465055817,575.005674865347,110.52281012062676,1167.420260362171,337.94031014033726,412.57634673345655,322.70358383678763,577.7499313408988,110.19598543167115,1167.420260362171,337.94031014033726,412.57634673345655,322.70358383678763,577.7499313408988,110.19598543167115
2026-02-17 08:00:00+00:00,1764.98,413.83,484.23,900.9,671.92,139.98,1328.033301780464,338.3844144584401,416.8547375780276,296.0249924180337,575.005674865347,110.52281012062676,1167.420260362171,337.94031014033726,412.57634673345655,322.70358383678763,577.7499313408988,110.19598543167115,1167.420260362171,337.94031014033726,412.57634673345655,322.70358383678763,577.7499313408988,110.19598543167115
2026-02-17 09:00:00+00:00,1767.8,412.32,456.43,536.54,692.34,142.2,1308.8214887394352,338.2503934398737,416.7267977588583,303.91023833048575,575.005674865347,110.52281012062676,1167.420260362171,337.94031014033726,412.57634673345655,322.70358383678763,577.7499313408988,110.19598543167115,1167.420260362171,337.94031014033726,412.57634673345655,322.70358383678763,577.7499313408988,110.19598543167115
2026-02-17 10:00:00+00:00,1758.4,383.18,430.03,471.97,696.84,139.11,1281.3666982247782,338.24384983443565,416.3418527324559,311.7954842429378,575.005674865347,110.52281012062676,1167.420260362171,337.94031014033726,412.57634673345655,322.70358383678763,577.7499313408988,110.19598543167115,1167.420260362171,337.94031014033726,412.57634673345655,322.70358383678763,577.7499313408988,110.19598543167115
2026-02-17 11:00:00+00:00,1764.74,381.01,414.04,467.73,648.3,137.58,1243.344339885109,338.1042175714798,415.50369034867623,319.68073015538977,575.005674865347,110.52281012062676,1167.420260362171,337.94031014033726,412.57634673345655,322.70358383678763,577.7499313408988,110.19598543167115,1167.420260362171,337.94031014033726,412.57634673345655,322.70358383678763,577.7499313408988,110.19598543167115
2026-02-17 12:00:00+00:00,1969.69,381.12,405.56,79.59999,645.61,136.15,1224.8772921121708,337.92776358384333,416.13261457166936,327.5659760678418,575.005674865347,110.52281012062676,1167.420260362171,337.94031014033726,412.57634673345655,322.70358383678763,577.7499313408988,110.19598543167115,1167.420260362171,337.94031014033726,412.57634673345655,322.70358383678763,577.7499313408988,110.19598543167115
2026-02-17 13:00:00+00:00,2110.79,400.79,407.56,39.75,645.67,141.04,1226.043980404696,337.8689455478951,417.69373778310336,335.45122198029384,575.005674865347,110.52281012062676,1167.420260362171,337.94031014033726,412.57634673345655,322.70358383678763,577.7499313408988,110.19598543167115,1167.420260362171,337.94031014033726,412.57634673345655,322.70358383678763,577.7499313408988,110.19598543167115
2026-02-17 14:00:00+00:00,2216.08,411.55,430.19,58.829987,633.95,142.07,1234.846821591361,337.9308828997411,418.92477254024914,343.3364678927459,575.005674865347,110.52281012062676,1167.420260362171,337.94031014033726,412.57634673345655,322.70358383678763,577.7499313408988,110.19598543167115,1167.420260362171,337.94031014033726,412.57634673345655,322.70358383678763,577.7499313408988,110.19598543167115
2026-02-17 15:00:00+00:00,2323.67,434.56,466.57,470.91,644.72,142.45,1262.378562270398,338.0481965727247,421.31618825093955,351.2217138051979,575.005674865347,110.52281012062676,1167.420260362171,337.94031014033726,412.57634673345655,322.70358383678763,577.7499313408988,110.19598543167115,1167.420260362171,337.94031014033726,412.57634673345655,322.70358383678763,577.7499313408988,110.19598543167115
2026-02-17 16:00:00+00:00,2511.47,443.34,496.25,1056.93,764.25,140.91,1298.2165506928254,338.331063852626,424.3988491169323,359.10695971764994,575.005674865347,110.52281012062676,1167.420260362171,337.94031014033726,412.57634673345655,322.70358383678763,577.7499313408988,110.19598543167115,1167.420260362171,337.94031014033726,412.57634673345655,322.70358383678763,577.7499313408988,110.19598543167115
2026-02-17 17:00:00+00:00,2635.11,443.35,501.51,814.91,657.85,147.3,1323.711381650733,338.35664565289017,426.1144137023948,366.9922056301019,575.005674865347,110.52281012062676,1167.420260362171,337.94031014033726,412.57634673345655,322.70358383678763,577.7499313408988,110.19598543167115,1167.420260362171,337.94031014033726,412.57634673345655,322.70358383678763,577.7499313408988,110.19598543167115
2026-02-17 18:00:00+00:00,2661.31,430.65,495.67,580.47,647.82,145.61,1326.0421381345134,338.3901869572063,427.08216463408377,374.87745154255396,575.005674865347,110.52281012062676,1167.420260362171,337.94031014033726,412.57634673345655,322.70358383678763,577.7499313408988,110.19598543167115,1167.420260362171,337.94031014033726,412.57634673345655,322.70358383678763,577.7499313408988,110.19598543167115
2026-02-17 19:00:00+00:00,2675.41,413.97,479.46,442.49,675.09,145.67,1308.6389512000135,338.50828908199344,427.9872286932619,382.762697455006,575.005674865347,110.52281012062676,1167.420260362171,337.94031014033726,412.57634673345655,322.70358383678763,577.7499313408988,110.19598543167115,1167.420260362171,337.94031014033726,412.57634673345655,322.70358383678763,577.7499313408988,110.19598543167115
2026-02-17 20:00:00+00:00,2510.79,414.0,461.41,138.74,666.85,142.14,1304.1541476636885,338.5444834444861,428.9510797597864,390.647943367458,575.005674865347,110.52281012062676,1167.420260362171,337.94031014033726,412.57634673345655,322.70358383678763,577.7499313408988,110.19598543167115,1167.420260362171,337.94031014033726,412.57634673345655,322.70358383678763,577.7499313408988,110.19598543167115
2026-02-17 21:00:00+00:00,1994.52,414.11,444.44,267.67,632.87,144.88,1281.9829161597982,338.5880098538531,429.66662040446965,398.53318927991006,575.005674865347,110.52281012062676,1167.420260362171,337.94031014033726,412.57634673345655,322.70358383678763,577.7499313408988,110.19598543167115,1167.420260362171,337.94031014033726,412.57634673345655,322.70358383678763,577.7499313408988,110.19598543167115
2026-02-17 22:00:00+00:00,2006.97,414.3,430.65,58.5,633.8,145.67,1262.8336343957346,338.6068868892922,430.3790229820198,406.41843519236204,575.005674865347,110.52281012062676,1167.420260362171,337.94031014033726,412.57634673345655,322.70358383678763,577.7499313408988,110.19598543167115,1167.420260362171,337.94031014033726,412.57634673345655,322.70358383678763,577.7499313408988,110.19598543167115
2026-02-17 23:00:00+00:00,2061.31,412.65,422.54,26.79999,641.73,145.7,1255.9711379915295,338.68567536539086,431.3277675383203,414.3036811048141,575.005674865347,110.52281012062676,1167.420260362171,337.94031014033726,412.57634673345655,322.70358383678763,577.7499313408988,110.19598543167115,1167.420260362171,337.94031014033726,412.57634673345655,322.70358383678763,577.7499313408988,110.19598543167115
2026-02-18 00:00:00+00:00,1925.69,413.4,415.05,54.049988,660.74,139.84,1252.5245038265311,338.59862241608164,408.5395666653744,232.94302511841752,575.005674865347,110.52281012062676,1167.420260362171,337.94031014033726,412.57634673345655,322.70358383678763,577.7499313408988,110.19598543167115,1167.420260362171,337.94031014033726,412.57634673345655,322.70358383678763,577.7499313408988,110.19598543167115
2026-02-18 01:00:00+00:00,1768.86,413.37,409.01,6.0799875,712.47,138.52,1258.2341113724226,338.59487581813454,409.45690006700045,240.82827103086953,575.005674865347,110.52281012062676,1167.420260362171,337.94031014033726,412.57634673345655,322.70358383678763,577.7499313408988,110.19598543167115,1167.420260362171,337.94031014033726,412.57634673345655,322.70358383678763,577.7499313408988,110.19598543167115
2026-02-18 02:00:00+00:00,1679.41,413.77,405.3,25.920015,730.31,137.53,1272.6676324347477,338.6847429597891,410.9063462351137,248.71351694332157,575.005674865347,110.52281012062676,1167.420260362171,337.94031014033726,412.57634673345655,322.70358383678763,577.7499313408988,110.19598543167115,1167.420260362171,337.94031014033726,412.57634673345655,322.70358383678763,577.7499313408988,110.19598543167115
2026-02-18 03:00:00+00:00,1926.01,414.27,407.52,8.250001,681.75,135.6,1300.0888897256116,338.7608783628602,412.86946724246576,256.5987628557736,575.005674865347,110.52281012062676,1167.420260362171,337.94031014033726,412.57634673345655,322.70358383678763,577.7499313408988,110.19598543167115,1167.420260362171,337.94031014033726,412.57634673345655,322.70358383678763,577.7499313408988,110.19598543167115
2026-02-18 04:00:00+00:00,2328.0,414.95,419.87,8.869996,768.21,137.6,1341.4291221065005,338.83747989896074,414.934503279614,264.48400876822564,575.005674865347,110.52281012062676,1167.420260362171,337.94031014033726,412.57634673345655,322.70358383678763,577.7499313408988,110.19598543167115,1167.420260362171,337.94031014033726,412.57634673345655,322.70358383678763,577.7499313408988,110.19598543167115
2026-02-18 05:00:00+00:00,2657.46,414.79,448.42,388.64,751.14,135.56,1401.330800379894,338.8510506280673,417.3213374411188,272.36925468067767,575.005674865347,110.52281012062676,1167.420260362171,337.94031014033726,412.57634673345655,322.70358383678763,577.7499313408988,110.19598543167115,1167.420260362171,337.94031014033726,412.57634673345655,322.70358383678763,577.7499313408988,110.19598543167115
2026-02-18 06:00:00+00:00,2652.42,414.71,472.92,948.67,663.47,138.28,1445.531235030911,338.80487101509743,418.93475980598896,280.25450059312965,575.005674865347,110.52281012062676,1167.420260362171,337.94031014033726,412.57634673345655,322.70358383678763,577.7499313408988,110.19598543167115,1167.420260362171,337.94031014033726,412.57634673345655,322.70358383678763,577.7499313408988,110.19598543167115
2026-02-18 07:00:00+00:00,2650.67,414.58,479.76,813.16,649.27,137.12,1451.8652983338825,338.8437185307564,419.8130973558633,288.1397465055817,575.005674865347,110.52281012062676,1167.420260362171,337.94031014033726,412.57634673345655,322.70358383678763,577.7499313408988,110.19598543167115,1167.420260362171,337.94031014033726,412.57634673345655,322.70358383678763,577.7499313408988,110.19598543167115
2026-02-18 08:00:00+00:00,2671.57,414.31,464.11,878.66,640.5,139.32,1431.7033849125141,338.6959655791432,419.85105477407353,296.0249924180337,575.005674865347,110.52281012062676,1167.420260362171,337.94031014033726,412.57634673345655,322.70358383678763,577.7499313408988,110.19598543167115,1167.420260362171,337.94031014033726,412.57634673345655,322.70358383678763,577.7499313408988,110.19598543167115
2026-02-18 09:00:00+00:00,2675.71,413.78,434.39,602.94,641.63,140.66,1395.437456392714,338.54166909186347,419.76533509770815,303.91023833048575,575.005674865347,110.52281012062676,1167.420260362171,337.94031014033726,412.57634673345655,322.70358383678763,577.7499313408988,110.19598543167115,1167.420260362171,337.94031014033726,412.57634673345655,322.70358383678763,577.7499313408988,110.19598543167115
2026-02-18 10:00:00+00:00,2415.75,410.4,414.2,231.6,626.89,140.08,1354.7373956297993,338.36849553944245,418.90152470954547,311.7954842429378,575.005674865347,110.52281012062676,1167.420260362171,337.94031014033726,412.57634673345655,322.70358383678763,577.7499313408988,110.19598543167115,1167.420260362171,337.94031014033726,412.57634673345655,322.70358383678763,577.7499313408988,110.19598543167115
2026-02-18 11:00:00+00:00,1824.27,409.35,402.75,100.62999,631.81,141.73,1319.8010670493493,338.25304659304,417.90023390234006,319.68073015538977,575.005674865347,110.52281012062676,1167.420260362171,337.94031014033726,412.57634673345655,322.70358383678763,577.7499313408988,110.19598543167115,1167.420260362171,337.94031014033726,412.57634673345655,322.70358383678763,577.7499313408988,110.19598543167115
2026-02-18 12:00:00+00:00,1787.62,416.33,393.9,21.500002,627.41,145.44,1300.0702410579822,338.1784709429075,419.1306342486888,327.5659760678418,575.005674865347,110.52281012062676,1167.420260362171,337.94031014033726,412.57634673345655,322.70358383678763,577.7499313408988,110.19598543167115,1167.420260362171,337.94031014033726,412.57634673345655,322.70358383678763,577.7499313408988,110.19598543167115
2026-02-18 13:00:00+00:00,1798.81,417.17,392.78,0.6000072,624.71,144.38,1307.6787228286175,338.1218399122451,420.72315389687446,335.45122198029384,575.005674865347,110.52281012062676,1167.420260362171,337.94031014033726,412.57634673345655,322.70358383678763,577.7499313408988,110.19598543167115,1167.420260362171,337.94031014033726,412.57634673345655,322.70358383678763,577.7499313408988,110.19598543167115
2026-02-18 14:00:00+00:00,2077.19,429.71,413.41,3.7099926,626.87,152.05,1323.3523758993902,338.07784728971,422.2311426782437,343.3364678927459,575.005674865347,110.52281012062676,1167.420260362171,337.94031014033726,412.57634673345655,322.70358383678763,577.7499313408988,110.19598543167115,1167.420260362171,337.94031014033726,412.57634673345655,322.70358383678763,577.7499313408988,110.19598543167115
2026-02-18 15:00:00+00:00,2515.67,426.88,454.89,944.41,673.16,149.47,1344.4733461884382,338.11092233630484,423.81235831645915,351.2217138051979,575.005674865347,110.52281012062676,1167.420260362171,337.94031014033726,412.57634673345655,322.70358383678763,577.7499313408988,110.19598543167115,1167.420260362171,337.94031014033726,412.57634673345655,322.70358383678763,577.7499313408988,110.19598543167115
2026-02-18 16:00:00+00:00,2660.01,413.59,493.4,1484.41,673.57,149.4,1357.5974401888993,338.19220280618276,425.4923367015878,359.10695971764994,575.005674865347,110.52281012062676,1167.420260362171,337.94031014033726,412.57634673345655,322.70358383678763,577.7499313408988,110.19598543167115,1167.420260362171,337.94031014033726,412.57634673345655,322.70358383678763,577.7499313408988,110.19598543167115
2026-02-18 17:00:00+00:00,2676.72,413.48,499.67,1398.14,630.07,147.89,1356.1475990383428,338.2556997610573,426.8253636106008,366.9922056301019,575.005674865347,110.52281012062676,1167.420260362171,337.94031014033726,412.57634673345655,322.70358383678763,577.7499313408988,110.19598543167115,1167.420260362171,337.94031014033726,412.57634673345655,322.70358383678763,577.7499313408988,110.19598543167115
2026-02-18 18:00:00+00:00,2546.44,413.66,498.09,832.24,625.19,149.55,1332.897892608803,338.2918940834806,427.5718845194216,374.87745154255396,575.005674865347,110.52281012062676,1167.420260362171,337.94031014033726,412.57634673345655,322.70358383678763,577.7499313408988,110.19598543167115,1167.420260362171,337.94031014033726,412.57634673345655,322.70358383678763,577.7499313408988,110.19598543167115
2026-02-18 19:00:00+00:00,1991.04,413.67,482.26,130.54,616.7,149.16,1298.9345231800169,338.2603787052019,427.5920873836136,382.762697455006,575.005674865347,110.52281012062676,1167.420260362171,337.94031014033726,412.57634673345655,322.70358383678763,577.7499313408988,110.19598543167115,1167.420260362171,337.94031014033726,412.57634673345655,322.70358383678763,577.7499313408988,110.19598543167115
2026-02-18 20:00:00+00:00,1735.69,413.88,461.56,155.41,621.78,142.8,1266.821639385263,338.2599125321031,427.89235313634964,390.647943367458,575.005674865347,110.52281012062676,1167.420260362171,337.94031014033726,412.57634673345655,322.70358383678763,577.7499313408988,110.19598543167115,1167.420260362171,337.94031014033726,412.57634673345655,322.70358383678763,577.7499313408988,110.19598543167115
2026-02-18 21:00:00+00:00,1633.32,414.07,445.68,176.82,615.62,139.04,1252.5324442902863,338.3249691300755,428.5018536889149,398.53318927991006,575.005674865347,110.52281012062676,1167.420260362171,337.94031014033726,412.57634673345655,322.70358383678763,577.7499313408988,110.19598543167115,1167.420260362171,337.94031014033726,412.57634673345655,322.70358383678763,577.7499313408988,110.19598543167115
2026-02-18 22:00:00+00:00,1429.9,414.08,429.86,33.630005,616.01,139.7,1226.052158603448,338.39423845902434,429.16335589907044,406.41843519236204,575.005674865347,110.52281012062676,1167.420260362171,337.94031014033726,412.57634673345655,322.70358383678763,577.7499313408988,110.19598543167115,1167.420260362171,337.94031014033726,412.57634673345655,322.70358383678763,577.7499313408988,110.19598543167115
2026-02-18 23:00:00+00:00,1470.64,414.1,419.25,70.270004,625.76,141.14,1207.133479954292,338.51951170134754,430.1872125297837,414.3036811048141,575.005674865347,110.52281012062676,1167.420260362171,337.94031014033726,412.57634673345655,322.70358383678763,577.7499313408988,110.19598543167115,1167.420260362171,337.94031014033726,412.57634673345655,322.70358383678763,577.7499313408988,110.19598543167115
2026-02-19 00:00:00+00:00,1704.19,414.22,413.38,51.48999,631.2,140.08,1199.636493711142,338.5558671831579,407.82727521522355,232.94302511841752,575.005674865347,110.52281012062676,1167.420260362171,337.94031014033726,412.57634673345655,322.70358383678763,577.7499313408988,110.19598543167115,1167.420260362171,337.94031014033726,412.57634673345655,322.70358383678763,577.7499313408988,110.19598543167115
2026-02-19 01:00:00+00:00,1875.57,414.29,407.28,28.56,629.45,137.31,1202.2976779153448,338.5254452600272,408.4833340930773,240.82827103086953,575.005674865347,110.52281012062676,1167.420260362171,337.94031014033726,412.57634673345655,322.70358383678763,577.7499313408988,110.19598543167115,1167.420260362171,337.94031014033726,412.57634673345655,322.70358383678763,577.7499313408988,110.19598543167115
2026-02-19 02:00:00+00:00,1894.7,413.7,410.07,11.440003,629.59,136.25,1204.889944251338,338.5238856020783,409.4091212600969,248.71351694332157,575.005674865347,110.52281012062676,1167.420260362171,337.94031014033726,412.57634673345655,322.70358383678763,577.7499313408988,110.19598543167115,1167.420260362171,337.94031014033726,412.57634673345655,322.70358383678763,577.7499313408988,110.19598543167115
2026-02-19 03:00:00+00:00,1774.31,411.43,416.47,6.9599924,633.62,137.75,1224.7349286054591,338.5569606783753,410.73258626661067,256.5987628557736,575.005674865347,110.52281012062676,1167.420260362171,337.94031014033726,412.57634673345655,322.70358383678763,577.7499313408988,110.19598543167115,1167.420260362171,337.94031014033726,412.57634673345655,322.70358383678763,577.7499313408988,110.19598543167115
2026-02-19 04:00:00+00:00,1497.67,414.19,427.81,58.359985,633.54,137.92,1256.2166589675471,338.5238856020783,412.3266037921614,264.48400876822564,575.005674865347,110.52281012062676,1167.420260362171,337.94031014033726,412.57634673345655,322.70358383678763,577.7499313408988,110.19598543167115,1167.420260362171,337.94031014033726,412.57634673345655,322.70358383678763,577.7499313408988,110.19598543167115
2026-02-19 05:00:00+00:00,1421.14,412.51,457.17,179.48,632.54,135.17,1305.4297120796396,338.52185981109994,414.69788736975534,272.36925468067767,575.005674865347,110.52281012062676,1167.420260362171,337.94031014033726,412.57634673345655,322.70358383678763,577.7499313408988,110.19598543167115,1167.420260362171,337.94031014033726,412.57634673345655,322.70358383678763,577.7499313408988,110.19598543167115
2026-02-19 06:00:00+00:00,1538.65,409.31,485.64,81.34,619.04,144.1,1364.2880591472544,338.56382656251805,416.92459774885174,280.25450059312965,575.005674865347,110.52281012062676,1167.420260362171,337.94031014033726,412.57634673345655,322.70358383678763,577.7499313408988,110.19598543167115,1167.420260362171,337.94031014033726,412.57634673345655,322.70358383678763,577.7499313408988,110.19598543167115
2026-02-19 07:00:00+00:00,1586.93,412.76,492.19,269.97,624.07,144.82,1379.5053664045302,338.52232594412936,418.24959931757957,288.1397465055817,575.005674865347,110.52281012062676,1167.420260362171,337.94031014033726,412.57634673345655,322.70358383678763,577.7499313408988,110.19598543167115,1167.420260362171,337.94031014033726,412.57634673345655,322.70358383678763,577.7499313408988,110.19598543167115
2026-02-19 08:00:00+00:00,1722.35,413.41,484.14,372.27,624.21,146.74,1371.0640715480283,338.4599224993233,418.82307755486687,296.0249924180337,575.005674865347,110.52281012062676,1167.420260362171,337.94031014033726,412.57634673345655,322.70358383678763,577.7499313408988,110.19598543167115,1167.420260362171,337.94031014033726,412.57634673345655,322.70358383678763,577.7499313408988,110.19598543167115
2026-02-19 09:00:00+00:00,1807.06,418.78,456.81,474.55,631.4,146.28,1358.3920809796582,338.37754852386075,419.1145278173568,303.91023833048575,575.005674865347,110.52281012062676,1167.420260362171,337.94031014033726,412.57634673345655,322.70358383678763,577.7499313408988,110.19598543167115,1167.420260362171,337.94031014033726,412.57634673345655,322.70358383678763,577.7499313408988,110.19598543167115
2026-02-19 10:00:00+00:00,1871.0,444.45,432.08,135.65,625.74,148.61,1355.5915146161299,338.26568498631616,419.5157270161988,311.7954842429378,575.005674865347,110.52281012062676,1167.420260362171,337.94031014033726,412.57634673345655,322.70358383678763,577.7499313408988,110.19598543167115,1167.420260362171,337.94031014033726,412.57634673345655,322.70358383678763,577.7499313408988,110.19598543167115
2026-02-19 11:00:00+00:00,1982.61,413.59,422.04,207.68,623.88,148.73,1348.3773693040644,338.19329630140015,419.7989803413176,319.68073015538977,575.005674865347,110.52281012062676,1167.420260362171,337.94031014033726,412.57634673345655,322.70358383678763,577.7499313408988,110.19598543167115,1167.420260362171,337.94031014033726,412.57634673345655,322.70358383678763,577.7499313408988,110.19598543167115
2026-02-19 12:00:00+00:00,1912.0,410.8,416.97,53.410004,625.6,150.73,1352.7902430596864,338.3970528917857,421.56601400761565,327.5659760678418,575.005674865347,110.52281012062676,1167.420260362171,337.94031014033726,412.57634673345655,322.70358383678763,577.7499313408988,110.19598543167115,1167.420260362171,337.94031014033726,412.57634673345655,322.70358383678763,577.7499313408988,110.19598543167115
2026-02-19 13:00:00+00:00,1682.18,415.86,420.88,180.65,625.37,151.34,1336.6161330226641,338.3901869572063,422.2265218413914,335.45122198029384,575.005674865347,110.52281012062676,1167.420260362171,337.94031014033726,412.57634673345655,322.70358383678763,577.7499313408988,110.19598543167115,1167.420260362171,337.94031014033726,412.57634673345655,322.70358383678763,577.7499313408988,110.19598543167115
2026-02-19 14:00:00+00:00,1473.89,430.22,435.61,425.64,628.01,151.5,1337.785488457819,338.3036001260754,422.8499796583302,343.3364678927459,575.005674865347,110.52281012062676,1167.420260362171,337.94031014033726,412.57634673345655,322.70358383678763,577.7499313408988,110.19598543167115,1167.420260362171,337.94031014033726,412.57634673345655,322.70358383678763,577.7499313408988,110.19598543167115
2026-02-19 15:00:00+00:00,1322.23,438.56,475.04,532.69,631.08,143.02,1352.9806159623781,338.3215448004659,424.2554767195753,351.2217138051979,575.005674865347,110.52281012062676,1167.420260362171,337.94031014033726,412.57634673345655,322.70358383678763,577.7499313408988,110.19598543167115,1167.420260362171,337.94031014033726,412.57634673345655,322.70358383678763,577.7499313408988,110.19598543167115
2026-02-19 16:00:00+00:00,1631.78,413.46,509.89,940.42,627.77,142.71,1380.6030165366033,338.3777097084661,426.2387504937769,359.10695971764994,575.005674865347,110.52281012062676,1167.420260362171,337.94031014033726,412.57634673345655,322.70358383678763,577.7499313408988,110.19598543167115,1167.420260362171,337.94031014033726,412.57634673345655,322.70358383678763,577.7499313408988,110.19598543167115
2026-02-19 17:00:00+00:00,1780.46,413.52,515.94,773.93005,625.0,144.34,1395.8073703192526,338.45165810625144,427.8662406287196,366.9922056301019,575.005674865347,110.52281012062676,1167.420260362171,337.94031014033726,412.57634673345655,322.70358383678763,577.7499313408988,110.19598543167115,1167.420260362171,337.94031014033726,412.57634673345655,322.70358383678763,577.7499313408988,110.19598543167115
2026-02-19 18:00:00+00:00,1782.75,420.16,508.7,299.99,659.83,142.35,1396.580210974989,338.4741205401812,428.9777806008692,374.87745154255396,575.005674865347,110.52281012062676,1167.420260362171,337.94031014033726,412.57634673345655,322.70358383678763,577.7499313408988,110.19598543167115,1167.420260362171,337.94031014033726,412.57634673345655,322.70358383678763,577.7499313408988,110.19598543167115
2026-02-19 19:00:00+00:00,1764.74,435.75,488.07,141.76,692.98,140.08,1375.232817423423,338.4787994843258,429.53029860937517,382.762697455006,575.005674865347,110.52281012062676,1167.420260362171,337.94031014033726,412.57634673345655,322.70358383678763,577.7499313408988,110.19598543167115,1167.420260362171,337.94031014033726,412.57634673345655,322.70358383678763,577.7499313408988,110.19598543167115
2026-02-19 20:00:00+00:00,1636.72,441.9,463.78,72.16002,666.77,139.5,1345.1807180910464,338.44151167705235,429.874070447123,390.647943367458,575.005674865347,110.52281012062676,1167.420260362171,337.94031014033726,412.57634673345655,322.70358383678763,577.7499313408988,110.19598543167115,1167.420260362171,337.94031014033726,412.57634673345655,322.70358383678763,577.7499313408988,110.19598543167115
2026-02-19 21:00:00+00:00,1595.06,442.01,448.97,118.729996,682.77,141.32,1322.1214665345517,338.43573920798826,430.28930998389563,398.53318927991006,575.005674865347,110.52281012062676,1167.420260362171,337.94031014033726,412.57634673345655,322.70358383678763,577.7499313408988,110.19598543167115,1167.420260362171,337.94031014033726,412.57634673345655,322.70358383678763,577.7499313408988,110.19598543167115
2026-02-19 22:00:00+00:00,1257.42,443.22,433.13,137.53,684.71,137.74,1299.6264162528646,338.453056564744,430.52032550308377,406.41843519236204,575.005674865347,110.52281012062676,1167.420260362171,337.94031014033726,412.57634673345655,322.70358383678763,577.7499313408988,110.19598543167115,1167.420260362171,337.94031014033726,412.57634673345655,322.70358383678763,577.7499313408988,110.19598543167115
2026-02-19 23:00:00+00:00,940.12,444.66,420.42,62.169983,653.75,134.19,1285.3632311601345,338.48347845817256,430.96992205374124,414.3036811048141,575.005674865347,110.52281012062676,1167.420260362171,337.94031014033726,412.57634673345655,322.70358383678763,577.7499313408988,110.19598543167115,1167.420260362171,337.94031014033726,412.57634673345655,322.70358383678763,577.7499313408988,110.19598543167115
2026-02-20 00:00:00+00:00,930.27,443.63,412.68,142.52,652.53,140.09,1287.6540747533065,338.57739729162455,409.01211525183857,232.94302511841752,575.005674865347,110.52281012062676,1167.420260362171,337.94031014033726,412.57634673345655,322.70358383678763,577.7499313408988,110.19598543167115,1167.420260362171,337.94031014033726,412.57634673345655,322.70358383678763,577.7499313408988,110.19598543167115
2026-02-20 01:00:00+00:00,931.77,444.77,405.99,57.049988,642.86,143.19,1290.6283409085338,338.68223373071896,410.2523673846883,240.82827103086953,575.005674865347,110.52281012062676,1167.420260362171,337.94031014033726,412.57634673345655,322.70358383678763,577.7499313408988,110.19598543167115,1167.420260362171,337.94031014033726,412.57634673345655,322.70358383678763,577.7499313408988,110.19598543167115
2026-02-20 02:00:00+00:00,933.89,421.19,409.6,21.480013,634.2,142.07,1300.786765832852,338.77349944070687,411.8290963650833,248.71351694332157,575.005674865347,110.52281012062676,1167.420260362171,337.94031014033726,412.57634673345655,322.70358383678763,577.7499313408988,110.19598543167115,1167.420260362171,337.94031014033726,412.57634673345655,322.70358383678763,577.7499313408988,110.19598543167115
2026-02-20 03:00:00+00:00,956.36,412.26,411.8,44.23001,640.21,138.16,1316.4741960945405,338.85806043630623,413.5554872052805,256.5987628557736,575.005674865347,110.52281012062676,1167.420260362171,337.94031014033726,412.57634673345655,322.70358383678763,577.7499313408988,110.19598543167115,1167.420260362171,337.94031014033726,412.57634673345655,322.70358383678763,577.7499313408988,110.19598543167115
2026-02-20 04:00:00+00:00,1133.24,409.92,428.66,39.419983,657.0,136.82,1342.199389634302,338.89956105469486,415.3029792641198,264.48400876822564,575.005674865347,110.52281012062676,1167.420260362171,337.94031014033726,412.57634673345655,322.70358383678763,577.7499313408988,110.19598543167115,1167.420260362171,337.94031014033726,412.57634673345655,322.70358383678763,577.7499313408988,110.19598543167115
2026-02-20 05:00:00+00:00,1647.04,412.26,459.91,89.20001,727.11,135.22,1399.1976639997504,338.90798667692525,417.60973650398677,272.36925468067767,575.005674865347,110.52281012062676,1167.420260362171,337.94031014033726,412.57634673345655,322.70358383678763,577.7499313408988,110.19598543167115,1167.420260362171,337.94031014033726,412.57634673345655,322.70358383678763,577.7499313408988,110.19598543167115
2026-02-20 06:00:00+00:00,1640.89,428.83,496.56,343.7,688.94,137.62,1437.7794309388291,338.88599029588624,419.4587194799369,280.25450059312965,575.005674865347,110.52281012062676,1167.420260362171,337.94031014033726,412.57634673345655,322.70358383678763,577.7499313408988,110.19598543167115,1167.420260362171,337.94031014033726,412.57634673345655,322.70358383678763,577.7499313408988,110.19598543167115
2026-02-20 07:00:00+00:00,1590.02,446.02,497.52,831.6,694.09,140.38,1442.6062730605597,338.8644601577174,420.5808767640514,288.1397465055817,575.005674865347,110.52281012062676,1167.420260362171,337.94031014033726,412.57634673345655,322.70358383678763,577.7499313408988,110.19598543167115,1167.420260362171,337.94031014033726,412.57634673345655,322.70358383678763,577.7499313408988,110.19598543167115
2026-02-20 08:00:00+00:00,1544.78,446.0,487.83,431.89,661.69,141.21,1419.1108164926995,338.6697564968298,420.203802085855,296.0249924180337,575.005674865347,110.52281012062676,1167.420260362171,337.94031014033726,412.57634673345655,322.70358383678763,577.7499313408988,110.19598543167115,1167.420260362171,337.94031014033726,412.57634673345655,322.70358383678763,577.7499313408988,110.19598543167115
2026-02-20 09:00:00+00:00,1612.26,445.26,456.9,439.51,688.54,145.4,1401.414536816595,338.4812915181744,419.7221551715781,303.91023833048575,575.005674865347,110.52281012062676,1167.420260362171,337.94031014033726,412.57634673345655,322.70358383678763,577.7499313408988,110.19598543167115,1167.420260362171,337.94031014033726,412.57634673345655,322.70358383678763,577.7499313408988,110.19598543167115
2026-02-20 10:00:00+00:00,1801.02,444.96,427.61,238.11,722.09,145.9,1387.8529039393861,338.30546481258716,419.3725487425429,311.7954842429378,575.005674865347,110.52281012062676,1167.420260362171,337.94031014033726,412.57634673345655,322.70358383678763,577.7499313408988,110.19598543167115,1167.420260362171,337.94031014033726,412.57634673345655,322.70358383678763,577.7499313408988,110.19598543167115
2026-02-20 11:00:00+00:00,1800.79,441.48,416.13,403.37,854.52,143.12,1374.3803154912596,338.1280785291897,419.24955378478444,319.68073015538977,575.005674865347,110.52281012062676,1167.420260362171,337.94031014033726,412.57634673345655,322.70358383678763,577.7499313408988,110.19598543167115,1167.420260362171,337.94031014033726,412.57634673345655,322.70358383678763,577.7499313408988,110.19598543167115
2026-02-20 12:00:00+00:00,1786.47,425.38,415.2,239.38,727.81,139.06,1373.8781991108538,338.18268371395334,420.2675892012776,327.5659760678418,575.005674865347,110.52281012062676,1167.420260362171,337.94031014033726,412.57634673345655,322.70358383678763,577.7499313408988,110.19598543167115,1167.420260362171,337.94031014033726,412.57634673345655,322.70358383678763,577.7499313408988,110.19598543167115
2026-02-20 13:00:00+00:00,1804.63,425.38,412.82,288.82,737.8,141.97,1368.1122602415833,338.1391572793681,420.832677501419,335.45122198029384,575.005674865347,110.52281012062676,1167.420260362171,337.94031014033726,412.57634673345655,322.70358383678763,577.7499313408988,110.19598543167115,1167.420260362171,337.94031014033726,412.57634673345655,322.70358383678763,577.7499313408988,110.19598543167115
2026-02-20 14:00:00+00:00,1809.33,428.56,426.81,405.3,845.03,140.53,1369.1949776762806,338.07940693280784,421.82009930863666,343.3364678927459,575.005674865347,110.52281012062676,1167.420260362171,337.94031014033726,412.57634673345655,322.70358383678763,577.7499313408988,110.19598543167115,1167.420260362171,337.94031014033726,412.57634673345655,322.70358383678763,577.7499313408988,110.19598543167115
2026-02-20 15:00:00+00:00,1812.61,442.16,464.99,640.49,900.68,143.31,1378.977353902579,338.0840858918035,423.22855813683503,351.2217138051979,575.005674865347,110.52281012062676,1167.420260362171,337.94031014033726,412.57634673345655,322.70358383678763,577.7499313408988,110.19598543167115,1167.420260362171,337.94031014033726,412.57634673345655,322.70358383678763,577.7499313408988,110.19598543167115
2026-02-20 16:00:00+00:00,1812.96,442.19,497.9,515.22,878.83,141.3,1392.6536742879975,338.16911302491616,425.10463674338746,359.10695971764994,575.005674865347,110.52281012062676,1167.420260362171,337.94031014033726,412.57634673345655,322.70358383678763,577.7499313408988,110.19598543167115,1167.420260362171,337.94031014033726,412.57634673345655,322.70358383678763,577.7499313408988,110.19598543167115
2026-02-20 17:00:00+00:00,1827.45,439.96,500.84,410.78,814.47,135.94,1385.434358433377,338.20218804629275,426.347253351892,366.9922056301019,575.005674865347,110.52281012062676,1167.420260362171,337.94031014033726,412.57634673345655,322.70358383678763,577.7499313408988,110.19598543167115,1167.420260362171,337.94031014033726,412.57634673345655,322.70358383678763,577.7499313408988,110.19598543167115
2026-02-20 18:00:00+00:00,1662.91,437.51,493.22,87.91,700.18,134.92,1352.2654430757245,338.2294906238235,426.7972132148305,374.87745154255396,575.005674865347,110.52281012062676,1167.420260362171,337.94031014033726,412.57634673345655,322.70358383678763,577.7499313408988,110.19598543167115,1167.420260362171,337.94031014033726,412.57634673345655,322.70358383678763,577.7499313408988,110.19598543167115
2026-02-20 19:00:00+00:00,1475.27,439.33,474.14,56.200012,669.69,134.08,1303.8161065080387,338.1879899950676,426.7734601738455,382.762697455006,575.005674865347,110.52281012062676,1167.420260362171,337.94031014033726,412.57634673345655,322.70358383678763,577.7499313408988,110.19598543167115,1167.420260362171,337.94031014033726,412.57634673345655,322.70358383678763,577.7499313408988,110.19598543167115
2026-02-20 20:00:00+00:00,1324.53,408.27,450.05,41.880005,659.33,131.92,1255.1776638199467,338.1895496530165,426.7602885309433,390.647943367458,575.005674865347,110.52281012062676,1167.420260362171,337.94031014033726,412.57634673345655,322.70358383678763,577.7499313408988,110.19598543167115,1167.420260362171,337.94031014033726,412.57634673345655,322.70358383678763,577.7499313408988,110.19598543167115
2026-02-20 21:00:00+00:00,1117.58,355.41,434.33,18.230013,694.78,129.15,1221.9981299520207,338.20218804629275,426.99248002659596,398.53318927991006,575.005674865347,110.52281012062676,1167.420260362171,337.94031014033726,412.57634673345655,322.70358383678763,577.7499313408988,110.19598543167115,1167.420260362171,337.94031014033726,412.57634673345655,322.70358383678763,577.7499313408988,110.19598543167115
2026-02-20 22:00:00+00:00,1107.32,340.26,422.66,4.700013,722.08,131.31,1190.4400212519645,338.20218804629275,427.17281832170306,406.41843519236204,575.005674865347,110.52281012062676,1167.420260362171,337.94031014033726,412.57634673345655,322.70358383678763,577.7499313408988,110.19598543167115,1167.420260362171,337.94031014033726,412.57634673345655,322.70358383678763,577.7499313408988,110.19598543167115
2026-02-20 23:00:00+00:00,1146.86,324.6,405.03,1.5100108,725.98,132.41,1164.776281786831,338.17909825017506,427.4043251677399,414.3036811048141,575.005674865347,110.52281012062676,1167.420260362171,337.94031014033726,412.57634673345655,322.70358383678763,577.7499313408988,110.19598543167115,1167.420260362171,337.94031014033726,412.57634673345655,322.70358383678763,577.7499313408988,110.19598543167115
2026-02-21 00:00:00+00:00,982.51,324.68,397.25,0.19000351,723.38,130.75,1170.0257421111394,339.1320700659427,405.28394413332074,232.31038536566658,573.8913985824942,111.12584334736522,1167.420260362171,337.94031014033726,412.57634673345655,322.70358383678763,577.7499313408988,110.19598543167115,1167.420260362171,337.94031014033726,412.57634673345655,322.70358383678763,577.7499313408988,110.19598543167115
2026-02-21 01:00:00+00:00,771.28,324.82,397.46,3.8699963,668.51,128.68,1155.571486481937,339.0082012182114,405.5128953510579,240.19212065676174,573.8913985824942,111.12584334736522,1167.420260362171,337.94031014033726,412.57634673345655,322.70358383678763,577.7499313408988,110.19598543167115,1167.420260362171,337.94031014033726,412.57634673345655,322.70358383678763,577.7499313408988,110.19598543167115
2026-02-21 02:00:00+00:00,722.7701,324.89,398.01,9.739991,675.92,129.9,1152.0385977934254,338.9718868474983,406.35260918054655,248.07385594785688,573.8913985824942,111.12584334736522,1167.420260362171,337.94031014033726,412.57634673345655,322.70358383678763,577.7499313408988,110.19598543167115,1167.420260362171,337.94031014033726,412.57634673345655,322.70358383678763,577.7499313408988,110.19598543167115
2026-02-21 03:00:00+00:00,652.73,324.68,407.64,0.08999741,644.84,130.63,1155.0525123945288,338.9352648204154,407.0977152714092,255.95559123895208,573.8913985824942,111.12584334736522,1167.420260362171,337.94031014033726,412.57634673345655,322.70358383678763,577.7499313408988,110.19598543167115,1167.420260362171,337.94031014033726,412.57634673345655,322.70358383678763,577.7499313408988,110.19598543167115
2026-02-21 04:00:00+00:00,646.58,324.53,425.48,0.14999497,747.06,129.33,1165.4348139097835,338.8447867102766,407.76892300051423,263.8373265300472,573.8913985824942,111.12584334736522,1167.420260362171,337.94031014033726,412.57634673345655,322.70358383678763,577.7499313408988,110.19598543167115,1167.420260362171,337.94031014033726,412.57634673345655,322.70358383678763,577.7499313408988,110.19598543167115
2026-02-21 05:00:00+00:00,634.8,324.4,455.13,0.19000351,751.67,126.39,1178.6184415349342,338.7935465454296,408.993501601922,271.7190618211424,573.8913985824942,111.12584334736522,1167.420260362171,337.94031014033726,412.57634673345655,322.70358383678763,577.7499313408988,110.19598543167115,1167.420260362171,337.94031014033726,412.57634673345655,322.70358383678763,577.7499313408988,110.19598543167115
2026-02-21 06:00:00+00:00,545.87,324.69,489.15,9.8099985,694.72,122.48,1203.8912587440047,338.9841967512621,410.66253254510025,279.60079711223756,573.8913985824942,111.12584334736522,1167.420260362171,337.94031014033726,412.57634673345655,322.70358383678763,577.7499313408988,110.19598543167115,1167.420260362171,337.94031014033726,412.57634673345655,322.70358383678763,577.7499313408988,110.19598543167115
2026-02-21 07:00:00+00:00,510.27,324.75,493.23,87.91,638.2,122.5,1218.0729886935335,338.8489411416378,411.1442319566018,287.4825324033327,573.8913985824942,111.12584334736522,1167.420260362171,337.94031014033726,412.57634673345655,322.70358383678763,577.7499313408988,110.19598543167115,1167.420260362171,337.94031014033726,412.57634673345655,322.70358383678763,577.7499313408988,110.19598543167115
2026-02-21 08:00:00+00:00,165.80997,299.37,483.92,91.23001,619.43,117.83,1221.5184477292678,338.86479013618447,412.26944913468486,295.3642676944279,573.8913985824942,111.12584334736522,1167.420260362171,337.94031014033726,412.57634673345655,322.70358383678763,577.7499313408988,110.19598543167115,1167.420260362171,337.94031014033726,412.57634673345655,322.70358383678763,577.7499313408988,110.19598543167115
2026-02-21 09:00:00+00:00,191.54996,293.3,448.48,162.6,618.44,116.05,1223.271840565342,338.7649256690217,413.13404269416145,303.24600298552303,573.8913985824942,111.12584334736522,1167.420260362171,337.94031014033726,412.57634673345655,322.70358383678763,577.7499313408988,110.19598543167115,1167.420260362171,337.94031014033726,412.57634673345655,322.70358383678763,577.7499313408988,110.19598543167115
2026-02-21 10:00:00+00:00,197.9299,298.4,424.49,462.09,650.06,116.56,1234.5219502242865,338.77308116926315,414.42535023401655,311.12773827661823,573.8913985824942,111.12584334736522,1167.420260362171,337.94031014033726,412.57634673345655,322.70358383678763,577.7499313408988,110.19598543167115,1167.420260362171,337.94031014033726,412.57634673345655,322.70358383678763,577.7499313408988,110.19598543167115
2026-02-21 11:00:00+00:00,205.15,298.63,404.32,205.07,645.6,117.69,1232.23603070929,338.7938542017994,415.6852425868724,319.00947356771337,573.8913985824942,111.12584334736522,1167.420260362171,337.94031014033726,412.57634673345655,322.70358383678763,577.7499313408988,110.19598543167115,1167.420260362171,337.94031014033726,412.57634673345655,322.70358383678763,577.7499313408988,110.19598543167115
2026-02-21 12:00:00+00:00,200.85007,298.4,397.42,291.76,650.2,117.68,1234.643665796616,338.8230904773276,416.68195405931954,326.8912088588085,573.8913985824942,111.12584334736522,1167.420260362171,337.94031014033726,412.57634673345655,322.70358383678763,577.7499313408988,110.19598543167115,1167.420260362171,337.94031014033726,412.57634673345655,322.70358383678763,577.7499313408988,110.19598543167115
2026-02-21 13:00:00+00:00,200.76993,306.63,410.45,211.95,657.24,118.43,1231.1920333203282,338.7296886755263,417.2990430206342,334.7729441499037,573.8913985824942,111.12584334736522,1167.420260362171,337.94031014033726,412.57634673345655,322.70358383678763,577.7499313408988,110.19598543167115,1167.420260362171,337.94031014033726,412.57634673345655,322.70358383678763,577.7499313408988,110.19598543167115
2026-02-21 14:00:00+00:00,252.03995,334.66,436.8,573.13,642.3,128.67,1234.872327275553,338.6839880620088,418.1709529089315,342.65467944099885,573.8913985824942,111.12584334736522,1167.420260362171,337.94031014033726,412.57634673345655,322.70358383678763,577.7499313408988,110.19598543167115,1167.420260362171,337.94031014033726,412.57634673345655,322.70358383678763,577.7499313408988,110.19598543167115
2026-02-21 15:00:00+00:00,258.02994,352.94,473.89,844.53,645.22,127.84,1250.6358881530557,338.64798143691047,419.2397532355041,350.53641473209404,573.8913985824942,111.12584334736522,1167.420260362171,337.94031014033726,412.57634673345655,322.70358383678763,577.7499313408988,110.19598543167115,1167.420260362171,337.94031014033726,412.57634673345655,322.70358383678763,577.7499313408988,110.19598543167115
2026-02-21 16:00:00+00:00,270.95993,353.17,498.25,1287.83,655.73,128.33,1262.1759852119249,338.6116670801168,420.2812411089368,358.4181500231892,573.8913985824942,111.12584334736522,1167.420260362171,337.94031014033726,412.57634673345655,322.70358383678763,577.7499313408988,110.19598543167115,1167.420260362171,337.94031014033726,412.57634673345655,322.70358383678763,577.7499313408988,110.19598543167115
2026-02-21 17:00:00+00:00,270.89005,353.25,498.66,1326.75,649.5,127.11,1260.6827403373466,338.55457973540933,421.0610856082941,366.2998853142844,573.8913985824942,111.12584334736522,1167.420260362171,337.94031014033726,412.57634673345655,322.70358383678763,577.7499313408988,110.19598543167115,1167.420260362171,337.94031014033726,412.57634673345655,322.70358383678763,577.7499313408988,110.19598543167115
2026-02-21 18:00:00+00:00,265.01004,353.24,487.67,1320.06,659.27,127.63,1244.3812584381155,338.49010649565673,421.3482260945739,374.1816206053795,573.8913985824942,111.12584334736522,1167.420260362171,337.94031014033726,412.57634673345655,322.70358383678763,577.7499313408988,110.19598543167115,1167.420260362171,337.94031014033726,412.57634673345655,322.70358383678763,577.7499313408988,110.19598543167115
2026-02-21 19:00:00+00:00,245.28995,353.34,462.01,773.2101,690.13,128.21,1213.9367012647567,338.4836437439145,421.42574993833335,382.06335589647466,573.8913985824942,111.12584334736522,1167.420260362171,337.94031014033726,412.57634673345655,322.70358383678763,577.7499313408988,110.19598543167115,1167.420260362171,337.94031014033726,412.57634673345655,322.70358383678763,577.7499313408988,110.19598543167115
2026-02-21 20:00:00+00:00,241.11996,353.25,449.04,408.88,649.46,128.37,1198.3643567385539,338.5718137357047,422.3020329729944,389.94509118756986,573.8913985824942,111.12584334736522,1167.420260362171,337.94031014033726,412.57634673345655,322.70358383678763,577.7499313408988,110.19598543167115,1167.420260362171,337.94031014033726,412.57634673345655,322.70358383678763,577.7499313408988,110.19598543167115
2026-02-21 21:00:00+00:00,229.27994,353.38,438.84,479.64,649.8,128.75,1182.5623263594268,338.5999725893927,423.03067581446305,397.826826478665,573.8913985824942,111.12584334736522,1167.420260362171,337.94031014033726,412.57634673345655,322.70358383678763,577.7499313408988,110.19598543167115,1167.420260362171,337.94031014033726,412.57634673345655,322.70358383678763,577.7499313408988,110.19598543167115
2026-02-21 22:00:00+00:00,209.85007,353.66,422.52,199.71,647.78,130.28,1147.445554758464,338.48749044644455,423.0699459715306,405.7085617697602,573.8913985824942,111.12584334736522,1167.420260362171,337.94031014033726,412.57634673345655,322.70358383678763,577.7499313408988,110.19598543167115,1167.420260362171,337.94031014033726,412.57634673345655,322.70358383678763,577.7499313408988,110.19598543167115
2026-02-21 23:00:00+00:00,194.98001,353.71,409.24,29.670015,679.64,129.19,1118.1719789210315,338.3853178873399,423.33173046706315,413.59029706085533,573.8913985824942,111.12584334736522,1167.420260362171,337.94031014033726,412.57634673345655,322.70358383678763,577.7499313408988,110.19598543167115,1167.420260362171,337.94031014033726,412.57634673345655,322.70358383678763,577.7499313408988,110.19598543167115
2026-02-22 00:00:00+00:00,184.8099,344.04,404.88,22.339998,642.72,129.04,1100.3264375507554,338.37916290618705,400.6917056950464,232.31038536566658,573.8913985824942,111.12584334736522,1167.420260362171,337.94031014033726,412.57634673345655,322.70358383678763,577.7499313408988,110.19598543167115,1167.420260362171,337.94031014033726,412.57634673345655,322.70358383678763,577.7499313408988,110.19598543167115
2026-02-22 01:00:00+00:00,173.97006,343.87,406.08,18.230013,643.53,128.25,1086.2516059893715,338.3999360111846,401.4726726332909,240.19212065676174,573.8913985824942,111.12584334736522,1167.420260362171,337.94031014033726,412.57634673345655,322.70358383678763,577.7499313408988,110.19598543167115,1167.420260362171,337.94031014033726,412.57634673345655,322.70358383678763,577.7499313408988,110.19598543167115
2026-02-22 02:00:00+00:00,169.29001,343.82,407.76,0.29000962,645.0,127.43,1088.6372752787752,338.46056247737795,402.6500854420174,248.07385594785688,573.8913985824942,111.12584334736522,1167.420260362171,337.94031014033726,412.57634673345655,322.70358383678763,577.7499313408988,110.19598543167115,1167.420260362171,337.94031014033726,412.57634673345655,322.70358383678763,577.7499313408988,110.19598543167115
2026-02-22 03:00:00+00:00,172.41,343.87,413.16,11.730012,647.72,127.13,1093.7844023530645,338.47256472477204,403.85182620258945,255.95559123895208,573.8913985824942,111.12584334736522,1167.420260362171,337.94031014033726,412.57634673345655,322.70358383678763,577.7499313408988,110.19598543167115,1167.420260362171,337.94031014033726,412.57634673345655,322.70358383678763,577.7499313408988,110.19598543167115
2026-02-22 04:00:00+00:00,169.61996,343.67,425.12,0.14999497,651.22,127.01,1099.7915060337903,338.4482525150722,404.8942117400399,263.8373265300472,573.8913985824942,111.12584334736522,1167.420260362171,337.94031014033726,412.57634673345655,322.70358383678763,577.7499313408988,110.19598543167115,1167.420260362171,337.94031014033726,412.57634673345655,322.70358383678763,577.7499313408988,110.19598543167115
2026-02-22 05:00:00+00:00,170.22,346.22,447.18,12.609986,709.5,126.71,1084.8332179093331,338.4090145697804,405.7023051972655,271.7190618211424,573.8913985824942,111.12584334736522,1167.420260362171,337.94031014033726,412.57634673345655,322.70358383678763,577.7499313408988,110.19598543167115,1167.420260362171,337.94031014033726,412.57634673345655,322.70358383678763,577.7499313408988,110.19598543167115
2026-02-22 06:00:00+00:00,177.55002,355.31,476.12,15.440003,755.92,128.09,1096.2630088356573,338.4210168310939,407.0673969923044,279.60079711223756,573.8913985824942,111.12584334736522,1167.420260362171,337.94031014033726,412.57634673345655,322.70358383678763,577.7499313408988,110.19598543167115,1167.420260362171,337.94031014033726,412.57634673345655,322.70358383678763,577.7499313408988,110.19598543167115
2026-02-22 07:00:00+00:00,189.75998,355.63,479.62,3.2000134,696.39,130.67,1107.6033689986398,338.36716074660586,407.98738543937947,287.4825324033327,573.8913985824942,111.12584334736522,1167.420260362171,337.94031014033726,412.57634673345655,322.70358383678763,577.7499313408988,110.19598543167115,1167.420260362171,337.94031014033726,412.57634673345655,322.70358383678763,577.7499313408988,110.19598543167115
2026-02-22 08:00:00+00:00,200.32999,355.58,472.51,1.8299876,695.37,129.99,1111.224958398139,338.30099472212333,408.6264868838917,295.3642676944279,573.8913985824942,111.12584334736522,1167.420260362171,337.94031014033726,412.57634673345655,322.70358383678763,577.7499313408988,110.19598543167115,1167.420260362171,337.94031014033726,412.57634673345655,322.70358383678763,577.7499313408988,110.19598543167115
2026-02-22 09:00:00+00:00,206.47995,355.18,435.21,1.1199962,669.23,128.72,1102.5690190994876,338.2348286906811,409.08316011200645,303.24600298552303,573.8913985824942,111.12584334736522,1167.420260362171,337.94031014033726,412.57634673345655,322.70358383678763,577.7499313408988,110.19598543167115,1167.420260362171,337.94031014033726,412.57634673345655,322.70358383678763,577.7499313408988,110.19598543167115
2026-02-22 10:00:00+00:00,217.32993,354.55,422.77,4.369996,716.24,129.2,1099.9804776217497,338.19820659952876,409.51589926585467,311.12773827661823,573.8913985824942,111.12584334736522,1167.420260362171,337.94031014033726,412.57634673345655,322.70358383678763,577.7499313408988,110.19598543167115,1167.420260362171,337.94031014033726,412.57634673345655,322.70358383678763,577.7499313408988,110.19598543167115
2026-02-22 11:00:00+00:00,217.34995,355.03,413.01,1.7699901,712.03,129.22,1091.1927164763276,338.1346564890592,410.1934434611215,319.00947356771337,573.8913985824942,111.12584334736522,1167.420260362171,337.94031014033726,412.57634673345655,322.70358383678763,577.7499313408988,110.19598543167115,1167.420260362171,337.94031014033726,412.57634673345655,322.70358383678763,577.7499313408988,110.19598543167115
2026-02-22 12:00:00+00:00,213.93997,350.75,413.59,2.4299939,682.57,128.73,1095.02728192329,338.2880694053198,411.532226256688,326.8912088588085,573.8913985824942,111.12584334736522,1167.420260362171,337.94031014033726,412.57634673345655,322.70358383678763,577.7499313408988,110.19598543167115,1167.420260362171,337.94031014033726,412.57634673345655,322.70358383678763,577.7499313408988,110.19598543167115
2026-02-22 13:00:00+00:00,222.67001,350.5,418.67,2.3599865,721.75,127.48,1089.0503635562077,338.11357573229606,412.23659310051477,334.7729441499037,573.8913985824942,111.12584334736522,1167.420260362171,337.94031014033726,412.57634673345655,322.70358383678763,577.7499313408988,110.19598543167115,1167.420260362171,337.94031014033726,412.57634673345655,322.70358383678763,577.7499313408988,110.19598543167115
2026-02-22 14:00:00+00:00,226.66,351.93,436.32,35.450012,711.56,128.44,1112.0490077762638,338.03063760128254,413.46422513949045,342.65467944099885,573.8913985824942,111.12584334736522,1167.420260362171,337.94031014033726,412.57634673345655,322.70358383678763,577.7499313408988,110.19598543167115,1167.420260362171,337.94031014033726,412.57634673345655,322.70358383678763,577.7499313408988,110.19598543167115
2026-02-22 15:00:00+00:00,232.93991,346.0,461.82,70.76999,694.4,127.99,1138.7118093301758,337.997862355209,414.9380545331684,350.53641473209404,573.8913985824942,111.12584334736522,1167.420260362171,337.94031014033726,412.57634673345655,322.70358383678763,577.7499313408988,110.19598543167115,1167.420260362171,337.94031014033726,412.57634673345655,322.70358383678763,577.7499313408988,110.19598543167115
2026-02-22 16:00:00+00:00,248.13998,345.84,488.17,666.19,729.41,127.27,1170.3745966783933,338.00694097307104,416.95824368626245,358.4181500231892,573.8913985824942,111.12584334736522,1167.420260362171,337.94031014033726,412.57634673345655,322.70358383678763,577.7499313408988,110.19598543167115,1167.420260362171,337.94031014033726,412.57634673345655,322.70358383678763,577.7499313408988,110.19598543167115
2026-02-22 17:00:00+00:00,246.06998,345.75,496.3,844.91,671.66,125.73,1180.5383436839059,338.127578430821,418.5525733141123,366.2998853142844,573.8913985824942,111.12584334736522,1167.420260362171,337.94031014033726,412.57634673345655,322.70358383678763,577.7499313408988,110.19598543167115,1167.420260362171,337.94031014033726,412.57634673345655,322.70358383678763,577.7499313408988,110.19598543167115
2026-02-22 18:00:00+00:00,240.92001,345.86,488.45,664.73,636.16,126.77,1181.407842771912,338.1178844585699,419.2050810429363,374.1816206053795,573.8913985824942,111.12584334736522,1167.420260362171,337.94031014033726,412.57634673345655,322.70358383678763,577.7499313408988,110.19598543167115,1167.420260362171,337.94031014033726,412.57634673345655,322.70358383678763,577.7499313408988,110.19598543167115
2026-02-22 19:00:00+00:00,227.34995,345.86,468.91,323.66,619.77,127.27,1172.4520517331564,338.12142344966816,419.85280091914217,382.06335589647466,573.8913985824942,111.12584334736522,1167.420260362171,337.94031014033726,412.57634673345655,322.70358383678763,577.7499313408988,110.19598543167115,1167.420260362171,337.94031014033726,412.57634673345655,322.70358383678763,577.7499313408988,110.19598543167115
2026-02-22 20:00:00+00:00,230.65994,345.77,450.36,140.08,607.92,127.86,1178.4312966659727,338.19466755050416,420.8899888157132,389.94509118756986,573.8913985824942,111.12584334736522,1167.420260362171,337.94031014033726,412.57634673345655,322.70358383678763,577.7499313408988,110.19598543167115,1167.420260362171,337.94031014033726,412.57634673345655,322.70358383678763,577.7499313408988,110.19598543167115
2026-02-22 21:00:00+00:00,215.71005,346.09,435.27,312.6,617.09,127.78,1164.4716294220593,338.2663731138289,422.03495683682206,397.826826478665,573.8913985824942,111.12584334736522,1167.420260362171,337.94031014033726,412.57634673345655,322.70358383678763,577.7499313408988,110.19598543167115,1167.420260362171,337.94031014033726,412.57634673345655,322.70358383678763,577.7499313408988,110.19598543167115
2026-02-22 22:00:00+00:00,195.25998,338.89,418.9,47.179993,612.81,130.36,1136.4643810671596,338.27545173506206,422.7114465881351,405.7085617697602,573.8913985824942,111.12584334736522,1167.420260362171,337.94031014033726,412.57634673345655,322.70358383678763,577.7499313408988,110.19598543167115,1167.420260362171,337.94031014033726,412.57634673345655,322.70358383678763,577.7499313408988,110.19598543167115
2026-02-22 23:00:00+00:00,176.15994,333.28,405.28,0.29000962,629.04,129.02,1119.028863245364,338.3056111692448,423.5422040295133,413.59029706085533,573.8913985824942,111.12584334736522,1167.420260362171,337.94031014033726,412.57634673345655,322.70358383678763,577.7499313408988,110.19598543167115,1167.420260362171,337.94031014033726,412.57634673345655,322.70358383678763,577.7499313408988,110.19598543167115
2026-02-23 00:00:00+00:00,172.95993,325.29,397.39,20.679995,629.39,127.0,1105.8555593547585,338.36331392699196,400.903689235024,232.31038536566658,573.8913985824942,111.12584334736522,1167.420260362171,337.94031014033726,412.57634673345655,322.70358383678763,577.7499313408988,110.19598543167115,1167.420260362171,337.94031014033726,412.57634673345655,322.70358383678763,577.7499313408988,110.19598543167115
2026-02-23 01:00:00+00:00,277.99997,325.22,397.42,66.57001,628.57,127.15,1109.8516483044434,338.2851457652395,401.66962893664794,240.19212065676174,573.8913985824942,111.12584334736522,1167.420260362171,337.94031014033726,412.57634673345655,322.70358383678763,577.7499313408988,110.19598543167115,1167.420260362171,337.94031014033726,412.57634673345655,322.70358383678763,577.7499313408988,110.19598543167115
2026-02-23 02:00:00+00:00,422.98996,325.15,397.49,63.190002,625.85,126.34,1125.5089488928515,338.31884419400035,402.9709902245776,248.07385594785688,573.8913985824942,111.12584334736522,1167.420260362171,337.94031014033726,412.57634673345655,322.70358383678763,577.7499313408988,110.19598543167115,1167.420260362171,337.94031014033726,412.57634673345655,322.70358383678763,577.7499313408988,110.19598543167115
2026-02-23 03:00:00+00:00,519.52,341.18,402.11,122.09,628.65,126.86,1142.7270035684294,338.4125536884021,404.4449728588836,255.95559123895208,573.8913985824942,111.12584334736522,1167.420260362171,337.94031014033726,412.57634673345655,322.70358383678763,577.7499313408988,110.19598543167115,1167.420260362171,337.94031014033726,412.57634673345655,322.70358383678763,577.7499313408988,110.19598543167115
2026-02-23 04:00:00+00:00,499.77,348.55,414.32,5.6600046,627.93,126.62,1177.00290378025,338.3914728684928,406.2582809949137,263.8373265300472,573.8913985824942,111.12584334736522,1167.420260362171,337.94031014033726,412.57634673345655,322.70358383678763,577.7499313408988,110.19598543167115,1167.420260362171,337.94031014033726,412.57634673345655,322.70358383678763,577.7499313408988,110.19598543167115
2026-02-23 05:00:00+00:00,513.25,353.93,441.09,106.87001,620.24,128.66,1232.7705436681279,338.3940887449435,409.22005473241563,271.7190618211424,573.8913985824942,111.12584334736522,1167.420260362171,337.94031014033726,412.57634673345655,322.70358383678763,577.7499313408988,110.19598543167115,1167.420260362171,337.94031014033726,412.57634673345655,322.70358383678763,577.7499313408988,110.19598543167115
2026-02-23 06:00:00+00:00,548.32,353.71,474.44,485.1,629.5,130.7,1273.2845456692403,338.4330190924074,411.26511590685243,279.60079711223756,573.8913985824942,111.12584334736522,1167.420260362171,337.94031014033726,412.57634673345655,322.70358383678763,577.7499313408988,110.19598543167115,1167.420260362171,337.94031014033726,412.57634673345655,322.70358383678763,577.7499313408988,110.19598543167115
2026-02-23 07:00:00+00:00,561.19,318.43,481.02,690.73,631.56,121.17,1270.6588752813495,338.397012378064,411.96056464743225,287.4825324033327,573.8913985824942,111.12584334736522,1167.420260362171,337.94031014033726,412.57634673345655,322.70358383678763,577.7499313408988,110.19598543167115,1167.420260362171,337.94031014033726,412.57634673345655,322.70358383678763,577.7499313408988,110.19598543167115
2026-02-23 08:00:00+00:00,565.32,293.02,460.7,397.59,623.97,116.34,1240.652134872085,338.3159205539201,411.9562441144302,295.3642676944279,573.8913985824942,111.12584334736522,1167.420260362171,337.94031014033726,412.57634673345655,322.70358383678763,577.7499313408988,110.19598543167115,1167.420260362171,337.94031014033726,412.57634673345655,322.70358383678763,577.7499313408988,110.19598543167115
2026-02-23 09:00:00+00:00,548.72,298.71,430.13,53.5,632.73,117.26,1206.2196571385361,338.23713685917977,411.677684593744,303.24600298552303,573.8913985824942,111.12584334736522,1167.420260362171,337.94031014033726,412.57634673345655,322.70358383678763,577.7499313408988,110.19598543167115,1167.420260362171,337.94031014033726,412.57634673345655,322.70358383678763,577.7499313408988,110.19598543167115
2026-02-23 10:00:00+00:00,544.58,357.06,412.9,96.69,628.82,117.67,1171.4818253541644,337.95246943047243,411.0774401968874,311.12773827661823,573.8913985824942,111.12584334736522,1167.420260362171,337.94031014033726,412.57634673345655,322.70358383678763,577.7499313408988,110.19598543167115,1167.420260362171,337.94031014033726,412.57634673345655,322.70358383678763,577.7499313408988,110.19598543167115
2026-02-23 11:00:00+00:00,534.9,368.35,391.65,136.54,631.94,118.81,1154.48969217152,337.8101356755132,411.05491218883554,319.00947356771337,573.8913985824942,111.12584334736522,1167.420260362171,337.94031014033726,412.57634673345655,322.70358383678763,577.7499313408988,110.19598543167115,1167.420260362171,337.94031014033726,412.57634673345655,322.70358383678763,577.7499313408988,110.19598543167115
2026-02-23 12:00:00+00:00,529.36,371.5,385.8,13.889985,640.97,119.32,1142.7624934613582,337.770282250964,411.74325320108164,326.8912088588085,573.8913985824942,111.12584334736522,1167.420260362171,337.94031014033726,412.57634673345655,322.70358383678763,577.7499313408988,110.19598543167115,1167.420260362171,337.94031014033726,412.57634673345655,322.70358383678763,577.7499313408988,110.19598543167115
2026-02-23 13:00:00+00:00,363.08,399.52,386.47,0.11999619,630.84,130.23,1131.5381440189483,337.6888827408212,412.2789457467559,334.7729441499037,573.8913985824942,111.12584334736522,1167.420260362171,337.94031014033726,412.57634673345655,322.70358383678763,577.7499313408988,110.19598543167115,1167.420260362171,337.94031014033726,412.57634673345655,322.70358383678763,577.7499313408988,110.19598543167115
2026-02-23 14:00:00+00:00,312.33,399.15,396.66,60.76999,633.21,132.95,1161.8374123010562,337.80921260592464,413.82217190771667,342.65467944099885,573.8913985824942,111.12584334736522,1167.420260362171,337.94031014033726,412.57634673345655,322.70358383678763,577.7499313408988,110.19598543167115,1167.420260362171,337.94031014033726,412.57634673345655,322.70358383678763,577.7499313408988,110.19598543167115
2026-02-23 15:00:00+00:00,322.85995,432.54,435.71,181.2,639.48,132.16,1213.7556820309264,337.83060107255875,416.3039871925592,350.53641473209404,573.8913985824942,111.12584334736522,1167.420260362171,337.94031014033726,412.57634673345655,322.70358383678763,577.7499313408988,110.19598543167115,1167.420260362171,337.94031014033726,412.57634673345655,322.70358383678763,577.7499313408988,110.19598543167115
2026-02-23 16:00:00+00:00,337.68997,425.38,485.48,345.04,631.94,129.56,1268.6049713885493,337.90938466759485,418.8612844658734,358.4181500231892,573.8913985824942,111.12584334736522,1167.420260362171,337.94031014033726,412.57634673345655,322.70358383678763,577.7499313408988,110.19598543167115,1167.420260362171,337.94031014033726,412.57634673345655,322.70358383678763,577.7499313408988,110.19598543167115
2026-02-23 17:00:00+00:00,498.87997,411.43,499.79,326.95,632.85,128.59,1285.2825647398176,338.0364848188058,420.7560635245894,366.2998853142844,573.8913985824942,111.12584334736522,1167.420260362171,337.94031014033726,412.57634673345655,322.70358383678763,577.7499313408988,110.19598543167115,1167.420260362171,337.94031014033726,412.57634673345655,322.70358383678763,577.7499313408988,110.19598543167115
2026-02-23 18:00:00+00:00,473.33,422.16,494.4,392.97,644.79,129.3,1273.9449721297487,338.0663365540942,421.61713079955763,374.1816206053795,573.8913985824942,111.12584334736522,1167.420260362171,337.94031014033726,412.57634673345655,322.70358383678763,577.7499313408988,110.19598543167115,1167.420260362171,337.94031014033726,412.57634673345655,322.70358383678763,577.7499313408988,110.19598543167115
2026-02-23 19:00:00+00:00,452.09,424.37,478.16,190.38,618.28,129.03,1256.068585060281,338.1762027094939,422.3560227268465,382.06335589647466,573.8913985824942,111.12584334736522,1167.420260362171,337.94031014033726,412.57634673345655,322.70358383678763,577.7499313408988,110.19598543167115,1167.420260362171,337.94031014033726,412.57634673345655,322.70358383678763,577.7499313408988,110.19598543167115
2026-02-23 20:00:00+00:00,445.79996,424.88,457.32,182.57,622.13,130.24,1233.2086394134851,338.2335978422904,422.84123751174053,389.94509118756986,573.8913985824942,111.12584334736522,1167.420260362171,337.94031014033726,412.57634673345655,322.70358383678763,577.7499313408988,110.19598543167115,1167.420260362171,337.94031014033726,412.57634673345655,322.70358383678763,577.7499313408988,110.19598543167115
2026-02-23 21:00:00+00:00,411.38998,425.07,441.74,145.54,613.02,130.09,1212.5832311819922,338.26960446186115,423.1386573803267,397.826826478665,573.8913985824942,111.12584334736522,1167.420260362171,337.94031014033726,412.57634673345655,322.70358383678763,577.7499313408988,110.19598543167115,1167.420260362171,337.94031014033726,412.57634673345655,322.70358383678763,577.7499313408988,110.19598543167115
2026-02-23 22:00:00+00:00,377.42996,414.81,423.91,32.549988,611.25,131.14,1195.9366038444475,338.260525840628,423.31244388946754,405.7085617697602,573.8913985824942,111.12584334736522,1167.420260362171,337.94031014033726,412.57634673345655,322.70358383678763,577.7499313408988,110.19598543167115,1167.420260362171,337.94031014033726,412.57634673345655,322.70358383678763,577.7499313408988,110.19598543167115
2026-02-23 23:00:00+00:00,363.12997,412.4,413.28,364.07,618.8,132.58,1196.123675911121,338.260525840628,423.94230394969014,413.59029706085533,573.8913985824942,111.12584334736522,1167.420260362171,337.94031014033726,412.57634673345655,322.70358383678763,577.7499313408988,110.19598543167115,1167.420260362171,337.94031014033726,412.57634673345655,322.70358383678763,577.7499313408988,110.19598543167115
2026-02-24 00:00:00+00:00,526.37,397.08,404.74,598.37,664.59,130.33,1201.8691409451092,338.40024372609633,401.9526790520018,232.31038536566658,573.8913985824942,111.12584334736522,1167.420260362171,337.94031014033726,412.57634673345655,322.70358383678763,577.7499313408988,110.19598543167115,1167.420260362171,337.94031014033726,412.57634673345655,322.70358383678763,577.7499313408988,110.19598543167115
2026-02-24 01:00:00+00:00,859.47,394.96,397.02,293.32,652.97,129.28,1214.5823660698993,338.48749044644455,403.5642025396565,240.19212065676174,573.8913985824942,111.12584334736522,1167.420260362171,337.94031014033726,412.57634673345655,322.70358383678763,577.7499313408988,110.19598543167115,1167.420260362171,337.94031014033726,412.57634673345655,322.70358383678763,577.7499313408988,110.19598543167115
2026-02-24 02:00:00+00:00,1308.2,394.56,397.72,340.78,670.9,128.76,1232.1743822950955,338.514418532595,405.1760775226115,248.07385594785688,573.8913985824942,111.12584334736522,1167.420260362171,337.94031014033726,412.57634673345655,322.70358383678763,577.7499313408988,110.19598543167115,1167.420260362171,337.94031014033726,412.57634673345655,322.70358383678763,577.7499313408988,110.19598543167115
2026-02-24 03:00:00+00:00,1603.33,394.45,403.67,231.94,645.47,128.73,1248.9829948196834,338.5387306391304,406.7588017333142,255.95559123895208,573.8913985824942,111.12584334736522,1167.420260362171,337.94031014033726,412.57634673345655,322.70358383678763,577.7499313408988,110.19598543167115,1167.420260362171,337.94031014033726,412.57634673345655,322.70358383678763,577.7499313408988,110.19598543167115
2026-02-24 04:00:00+00:00,2264.66,396.83,418.94,394.73,655.05,127.48,1273.753820665341,338.535499408182,408.40660048547545,263.8373265300472,573.8913985824942,111.12584334736522,1167.420260362171,337.94031014033726,412.57634673345655,322.70358383678763,577.7499313408988,110.19598543167115,1167.420260362171,337.94031014033726,412.57634673345655,322.70358383678763,577.7499313408988,110.19598543167115
2026-02-24 05:00:00+00:00,2609.21,403.93,443.56,925.75,658.25,127.27,1344.9144556263834,338.4991849928463,410.54880431179373,271.7190618211424,573.8913985824942,111.12584334736522,1167.420260362171,337.94031014033726,412.57634673345655,322.70358383678763,577.7499313408988,110.19598543167115,1167.420260362171,337.94031014033726,412.57634673345655,322.70358383678763,577.7499313408988,110.19598543167115
2026-02-24 06:00:00+00:00,2735.72,420.24,475.75,1378.59,727.83,127.49,1396.5149061409354,338.54457790537157,412.6855878760344,279.60079711223756,573.8913985824942,111.12584334736522,1167.420260362171,337.94031014033726,412.57634673345655,322.70358383678763,577.7499313408988,110.19598543167115,1167.420260362171,337.94031014033726,412.57634673345655,322.70358383678763,577.7499313408988,110.19598543167115
2026-02-24 07:00:00+00:00,2680.61,448.73,476.7,1170.38,665.38,194.6,1408.46818823198,338.5442702657855,414.0814129550965,287.4825324033327,573.8913985824942,111.12584334736522,1167.420260362171,337.94031014033726,412.57634673345655,322.70358383678763,577.7499313408988,110.19598543167115,1167.420260362171,337.94031014033726,412.57634673345655,322.70358383678763,577.7499313408988,110.19598543167115
2026-02-24 08:00:00+00:00,2640.47,473.79,457.18,1043.41,652.48,140.5,1395.121664236919,338.5231894458762,414.7509470723347,295.3642676944279,573.8913985824942,111.12584334736522,1167.420260362171,337.94031014033726,412.57634673345655,322.70358383678763,577.7499313408988,110.19598543167115,1167.420260362171,337.94031014033726,412.57634673345655,322.70358383678763,577.7499313408988,110.19598543167115
2026-02-24 09:00:00+00:00,2738.06,423.29,429.93,446.33,648.6,119.74,1383.3330137368544,338.39255017468133,415.1916392894908,303.24600298552303,573.8913985824942,111.12584334736522,1167.420260362171,337.94031014033726,412.57634673345655,322.70358383678763,577.7499313408988,110.19598543167115,1167.420260362171,337.94031014033726,412.57634673345655,322.70358383678763,577.7499313408988,110.19598543167115
2026-02-24 10:00:00+00:00,2495.07,429.73,408.16,304.73,644.14,117.59,1355.0034320351674,338.33638595792536,415.4019336421505,311.12773827661823,573.8913985824942,111.12584334736522,1167.420260362171,337.94031014033726,412.57634673345655,322.70358383678763,577.7499313408988,110.19598543167115,1167.420260362171,337.94031014033726,412.57634673345655,322.70358383678763,577.7499313408988,110.19598543167115
2026-02-24 11:00:00+00:00,2126.44,432.48,398.87,73.42999,634.48,118.99,1347.344486915617,338.23590600382937,415.7738213585633,319.00947356771337,573.8913985824942,111.12584334736522,1167.420260362171,337.94031014033726,412.57634673345655,322.70358383678763,577.7499313408988,110.19598543167115,1167.420260362171,337.94031014033726,412.57634673345655,322.70358383678763,577.7499313408988,110.19598543167115
2026-02-24 12:00:00+00:00,2100.04,432.38,391.65,123.30002,630.31,117.68,1349.5417866479243,338.1512751383366,416.67669123761027,326.8912088588085,573.8913985824942,111.12584334736522,1167.420260362171,337.94031014033726,412.57634673345655,322.70358383678763,577.7499313408988,110.19598543167115,1167.420260362171,337.94031014033726,412.57634673345655,322.70358383678763,577.7499313408988,110.19598543167115
2026-02-24 13:00:00+00:00,2679.74,434.93,401.52,92.42999,630.99,135.73,1352.22131014569,338.02417497358385,417.4483150888126,334.7729441499037,573.8913985824942,111.12584334736522,1167.420260362171,337.94031014033726,412.57634673345655,322.70358383678763,577.7499313408988,110.19598543167115,1167.420260362171,337.94031014033726,412.57634673345655,322.70358383678763,577.7499313408988,110.19598543167115
2026-02-24 14:00:00+00:00,2837.77,441.35,420.55,377.22,631.55,138.99,1362.3568881258036,337.93369689056783,418.47894660201615,342.65467944099885,573.8913985824942,111.12584334736522,1167.420260362171,337.94031014033726,412.57634673345655,322.70358383678763,577.7499313408988,110.19598543167115,1167.420260362171,337.94031014033726,412.57634673345655,322.70358383678763,577.7499313408988,110.19598543167115
2026-02-24 15:00:00+00:00,2844.04,426.16,445.38,769.25,634.31,145.47,1374.523570831699,337.84875825787606,419.4631763839713,350.53641473209404,573.8913985824942,111.12584334736522,1167.420260362171,337.94031014033726,412.57634673345655,322.70358383678763,577.7499313408988,110.19598543167115,1167.420260362171,337.94031014033726,412.57634673345655,322.70358383678763,577.7499313408988,110.19598543167115
2026-02-24 16:00:00+00:00,2872.62,424.62,484.44,1061.44,726.0,144.68,1401.522916963538,337.9155396514919,421.3236413736163,358.4181500231892,573.8913985824942,111.12584334736522,1167.420260362171,337.94031014033726,412.57634673345655,322.70358383678763,577.7499313408988,110.19598543167115,1167.420260362171,337.94031014033726,412.57634673345655,322.70358383678763,577.7499313408988,110.19598543167115
2026-02-24 17:00:00+00:00,2862.53,407.06,499.58,1057.29,740.5,123.42,1417.0802392262124,338.18558903171936,423.35558866282526,366.2998853142844,573.8913985824942,111.12584334736522,1167.420260362171,337.94031014033726,412.57634673345655,322.70358383678763,577.7499313408988,110.19598543167115,1167.420260362171,337.94031014033726,412.57634673345655,322.70358383678763,577.7499313408988,110.19598543167115
2026-02-24 18:00:00+00:00,2829.8,405.4,493.86,962.19,766.44,126.45,1411.7392974278862,338.3223831816187,424.43864740919787,374.1816206053795,573.8913985824942,111.12584334736522,1167.420260362171,337.94031014033726,412.57634673345655,322.70358383678763,577.7499313408988,110.19598543167115,1167.420260362171,337.94031014033726,412.57634673345655,322.70358383678763,577.7499313408988,110.19598543167115
2026-02-24 19:00:00+00:00,2777.96,438.12,476.04,882.15,686.3,131.03,1386.8680088471924,338.2740666290132,424.6849785650826,382.06335589647466,573.8913985824942,111.12584334736522,1167.420260362171,337.94031014033726,412.57634673345655,322.70358383678763,577.7499313408988,110.19598543167115,1167.420260362171,337.94031014033726,412.57634673345655,322.70358383678763,577.7499313408988,110.19598543167115
2026-02-24 20:00:00+00:00,2284.62,438.52,451.59,676.27,656.53,129.11,1360.5538008001263,338.3703919998656,425.30842004591847,389.94509118756986,573.8913985824942,111.12584334736522,1167.420260362171,337.94031014033726,412.57634673345655,322.70358383678763,577.7499313408988,110.19598543167115,1167.420260362171,337.94031014033726,412.57634673345655,322.70358383678763,577.7499313408988,110.19598543167115
2026-02-24 21:00:00+00:00,1768.05,441.65,440.3,931.29,709.32,131.24,1333.569988283805,338.56488906154266,426.30624769247623,397.826826478665,573.8913985824942,111.12584334736522,1167.420260362171,337.94031014033726,412.57634673345655,322.70358383678763,577.7499313408988,110.19598543167115,1167.420260362171,337.94031014033726,412.57634673345655,322.70358383678763,577.7499313408988,110.19598543167115
2026-02-24 22:00:00+00:00,1699.86,445.19,422.55,364.53,637.07,131.03,1312.5613495087919,338.6492122629899,427.12270725793775,405.7085617697602,573.8913985824942,111.12584334736522,1167.420260362171,337.94031014033726,412.57634673345655,322.70358383678763,577.7499313408988,110.19598543167115,1167.420260362171,337.94031014033726,412.57634673345655,322.70358383678763,577.7499313408988,110.19598543167115
2026-02-24 23:00:00+00:00,1571.56,445.32,405.09,435.58,646.04,130.82,1291.4195195354953,338.7326123086469,427.97512189000514,413.59029706085533,573.8913985824942,111.12584334736522,1167.420260362171,337.94031014033726,412.57634673345655,322.70358383678763,577.7499313408988,110.19598543167115,1167.420260362171,337.94031014033726,412.57634673345655,322.70358383678763,577.7499313408988,110.19598543167115
2026-02-25 00:00:00+00:00,1569.03,444.69,402.56,160.13,633.93,133.36,1263.9752783468793,338.33346231784503,404.2825561046072,232.31038536566658,573.8913985824942,111.12584334736522,1167.420260362171,337.94031014033726,412.57634673345655,322.70358383678763,577.7499313408988,110.19598543167115,1167.420260362171,337.94031014033726,412.57634673345655,322.70358383678763,577.7499313408988,110.19598543167115
2026-02-25 01:00:00+00:00,1526.23,425.09,397.65,150.43,637.39,131.92,1262.1871130589886,338.44302076217093,405.496003728657,240.19212065676174,573.8913985824942,111.12584334736522,1167.420260362171,337.94031014033726,412.57634673345655,322.70358383678763,577.7499313408988,110.19598543167115,1167.420260362171,337.94031014033726,412.57634673345655,322.70358383678763,577.7499313408988,110.19598543167115
2026-02-25 02:00:00+00:00,1525.02,413.57,402.14,365.25,633.6,129.41,1268.0423660833355,338.58889345603063,406.8868405004751,248.07385594785688,573.8913985824942,111.12584334736522,1167.420260362171,337.94031014033726,412.57634673345655,322.70358383678763,577.7499313408988,110.19598543167115,1167.420260362171,337.94031014033726,412.57634673345655,322.70358383678763,577.7499313408988,110.19598543167115
2026-02-25 03:00:00+00:00,1628.23,413.54,412.56,608.09,711.78,128.05,1281.2406122418292,338.62813145986433,408.34752894271236,255.95559123895208,573.8913985824942,111.12584334736522,1167.420260362171,337.94031014033726,412.57634673345655,322.70358383678763,577.7499313408988,110.19598543167115,1167.420260362171,337.94031014033726,412.57634673345655,322.70358383678763,577.7499313408988,110.19598543167115
2026-02-25 04:00:00+00:00,1724.49,421.02,427.32,736.58,688.16,129.17,1304.948759217711,338.66444575811613,409.91927973731305,263.8373265300472,573.8913985824942,111.12584334736522,1167.420260362171,337.94031014033726,412.57634673345655,322.70358383678763,577.7499313408988,110.19598543167115,1167.420260362171,337.94031014033726,412.57634673345655,322.70358383678763,577.7499313408988,110.19598543167115
2026-02-25 05:00:00+00:00,1720.19,444.47,449.3,1101.45,693.5,128.8,1361.255517657687,338.6916815423946,412.2735619773113,271.7190618211424,573.8913985824942,111.12584334736522,1167.420260362171,337.94031014033726,412.57634673345655,322.70358383678763,577.7499313408988,110.19598543167115,1167.420260362171,337.94031014033726,412.57634673345655,322.70358383678763,577.7499313408988,110.19598543167115
2026-02-25 06:00:00+00:00,1735.99,482.25,475.69,1081.12,656.87,134.17,1392.8271446923802,338.59150944670085,413.82703918184444,279.60079711223756,573.8913985824942,111.12584334736522,1167.420260362171,337.94031014033726,412.57634673345655,322.70358383678763,577.7499313408988,110.19598543167115,1167.420260362171,337.94031014033726,412.57634673345655,322.70358383678763,577.7499313408988,110.19598543167115
2026-02-25 07:00:00+00:00,1654.01,520.03,479.02,405.85,626.46,142.09,1378.0691061532677,338.5856621804597,414.31384715013763,287.4825324033327,573.8913985824942,111.12584334736522,1167.420260362171,337.94031014033726,412.57634673345655,322.70358383678763,577.7499313408988,110.19598543167115,1167.420260362171,337.94031014033726,412.57634673345655,322.70358383678763,577.7499313408988,110.19598543167115
2026-02-25 08:00:00+00:00,1035.19,442.6,469.75,558.4,628.71,143.78,1340.0204764259047,338.546424176626,413.718837349054,295.3642676944279,573.8913985824942,111.12584334736522,1167.420260362171,337.94031014033726,412.57634673345655,322.70358383678763,577.7499313408988,110.19598543167115,1167.420260362171,337.94031014033726,412.57634673345655,322.70358383678763,577.7499313408988,110.19598543167115
2026-02-25 09:00:00+00:00,615.89,444.26,435.98,275.6,633.12,142.37,1290.4785407853367,338.4336343773081,412.9863854079166,303.24600298552303,573.8913985824942,111.12584334736522,1167.420260362171,337.94031014033726,412.57634673345655,322.70358383678763,577.7499313408988,110.19598543167115,1167.420260362171,337.94031014033726,412.57634673345655,322.70358383678763,577.7499313408988,110.19598543167115
2026-02-25 10:00:00+00:00,419.72,443.84,416.33,222.0,630.69,140.71,1231.1013519709877,338.2215956436143,411.6345167251416,311.12773827661823,573.8913985824942,111.12584334736522,1167.420260362171,337.94031014033726,412.57634673345655,322.70358383678763,577.7499313408988,110.19598543167115,1167.420260362171,337.94031014033726,412.57634673345655,322.70358383678763,577.7499313408988,110.19598543167115
2026-02-25 11:00:00+00:00,403.52,401.9,403.08,91.36,630.85,138.23,1172.5057169553015,337.9703189036544,410.04210653527036,319.00947356771337,573.8913985824942,111.12584334736522,1167.420260362171,337.94031014033726,412.57634673345655,322.70358383678763,577.7499313408988,110.19598543167115,1167.420260362171,337.94031014033726,412.57634673345655,322.70358383678763,577.7499313408988,110.19598543167115
2026-02-25 12:00:00+00:00,394.22,395.09,395.82,48.79001,632.22,134.5,1138.043810309738,337.8270619607178,409.511788170773,326.8912088588085,573.8913985824942,111.12584334736522,1167.420260362171,337.94031014033726,412.57634673345655,322.70358383678763,577.7499313408988,110.19598543167115,1167.420260362171,337.94031014033726,412.57634673345655,322.70358383678763,577.7499313408988,110.19598543167115
2026-02-25 13:00:00+00:00,388.04996,416.52,406.96,97.31999,625.12,131.98,1134.9507493409114,337.6305645455749,409.79512673106575,334.7729441499037,573.8913985824942,111.12584334736522,1167.420260362171,337.94031014033726,412.57634673345655,322.70358383678763,577.7499313408988,110.19598543167115,1167.420260362171,337.94031014033726,412.57634673345655,322.70358383678763,577.7499313408988,110.19598543167115
2026-02-25 14:00:00+00:00,444.99997,407.78,430.65,234.43,628.79,126.12,1175.8363466376093,337.46422627494843,411.48716694439025,342.65467944099885,573.8913985824942,111.12584334736522,1167.420260362171,337.94031014033726,412.57634673345655,322.70358383678763,577.7499313408988,110.19598543167115,1167.420260362171,337.94031014033726,412.57634673345655,322.70358383678763,577.7499313408988,110.19598543167115
2026-02-25 15:00:00+00:00,721.67004,401.61,472.03,665.97,619.58,127.6,1252.2570332576279,337.40713885777967,414.42174583450054,350.53641473209404,573.8913985824942,111.12584334736522,1167.420260362171,337.94031014033726,412.57634673345655,322.70358383678763,577.7499313408988,110.19598543167115,1167.420260362171,337.94031014033726,412.57634673345655,322.70358383678763,577.7499313408988,110.19598543167115
2026-02-25 16:00:00+00:00,773.26,403.18,509.23,1044.83,669.56,138.51,1328.933821770683,337.55270395309543,418.28264539953483,358.4181500231892,573.8913985824942,111.12584334736522,1167.420260362171,337.94031014033726,412.57634673345655,322.70358383678763,577.7499313408988,110.19598543167115,1167.420260362171,337.94031014033726,412.57634673345655,322.70358383678763,577.7499313408988,110.19598543167115
2026-02-25 17:00:00+00:00,767.9,403.16,516.1,871.16,694.45,237.86,1351.786080338817,337.93369689056783,421.3051249369399,366.2998853142844,573.8913985824942,111.12584334736522,1167.420260362171,337.94031014033726,412.57634673345655,322.70358383678763,577.7499313408988,110.19598543167115,1167.420260362171,337.94031014033726,412.57634673345655,322.70358383678763,577.7499313408988,110.19598543167115
2026-02-25 18:00:00+00:00,764.88,401.42,514.19,468.57,653.78,141.73,1349.811319505157,338.06802936425714,422.7183341987116,374.1816206053795,573.8913985824942,111.12584334736522,1167.420260362171,337.94031014033726,412.57634673345655,322.70358383678763,577.7499313408988,110.19598543167115,1167.420260362171,337.94031014033726,412.57634673345655,322.70358383678763,577.7499313408988,110.19598543167115
2026-02-25 19:00:00+00:00,616.28,400.35,493.76,126.600006,626.58,124.46,1333.7774855264875,338.23021304468034,423.7878469356576,382.06335589647466,573.8913985824942,111.12584334736522,1167.420260362171,337.94031014033726,412.57634673345655,322.70358383678763,577.7499313408988,110.19598543167115,1167.420260362171,337.94031014033726,412.57634673345655,322.70358383678763,577.7499313408988,110.19598543167115
2026-02-25 20:00:00+00:00,544.43,404.71,471.91,71.98999,605.72,125.25,1314.6083468927948,338.30991990841426,424.74351597262495,389.94509118756986,573.8913985824942,111.12584334736522,1167.420260362171,337.94031014033726,412.57634673345655,322.70358383678763,577.7499313408988,110.19598543167115,1167.420260362171,337.94031014033726,412.57634673345655,322.70358383678763,577.7499313408988,110.19598543167115
2026-02-25 21:00:00+00:00,391.54,411.22,451.99,27.459993,653.64,126.7,1286.7518297222434,338.39962825451465,425.61681320704395,397.826826478665,573.8913985824942,111.12584334736522,1167.420260362171,337.94031014033726,412.57634673345655,322.70358383678763,577.7499313408988,110.19598543167115,1167.420260362171,337.94031014033726,412.57634673345655,322.70358383678763,577.7499313408988,110.19598543167115
2026-02-25 22:00:00+00:00,246.67996,430.02,430.89,19.660006,619.98,128.12,1268.302906253761,338.55658014027836,426.5519162826988,405.7085617697602,573.8913985824942,111.12584334736522,1167.420260362171,337.94031014033726,412.57634673345655,322.70358383678763,577.7499313408988,110.19598543167115,1167.420260362171,337.94031014033726,412.57634673345655,322.70358383678763,577.7499313408988,110.19598543167115
2026-02-25 23:00:00+00:00,233.68002,432.08,419.97,10.720002,646.58,127.71,1250.6474920764933,338.6558291944014,427.33113377844506,413.59029706085533,573.8913985824942,111.12584334736522,1167.420260362171,337.94031014033726,412.57634673345655,322.70358383678763,577.7499313408988,110.19598543167115,1167.420260362171,337.94031014033726,412.57634673345655,322.70358383678763,577.7499313408988,110.19598543167115
2026-02-26 00:00:00+00:00,212.29007,424.76,411.45,7.1900034,653.31,124.69,1236.772286137238,338.8370932159714,405.3391662755373,232.31038536566658,573.8913985824942,111.12584334736522,1167.420260362171,337.94031014033726,412.57634673345655,322.70358383678763,577.7499313408988,110.19598543167115,1167.420260362171,337.94031014033726,412.57634673345655,322.70358383678763,577.7499313408988,110.19598543167115
2026-02-26 01:00:00+00:00,213.08005,418.74,406.86,62.630005,637.76,125.31,1228.7936986073396,338.9012587144056,406.45604978541155,240.19212065676174,573.8913985824942,111.12584334736522,1167.420260362171,337.94031014033726,412.57634673345655,322.70358383678763,577.7499313408988,110.19598543167115,1167.420260362171,337.94031014033726,412.57634673345655,322.70358383678763,577.7499313408988,110.19598543167115
2026-02-26 02:00:00+00:00,214.03,421.33,406.41,35.839996,632.06,125.35,1230.4949606321102,338.93818842569715,407.6451411234244,248.07385594785688,573.8913985824942,111.12584334736522,1167.420260362171,337.94031014033726,412.57634673345655,322.70358383678763,577.7499313408988,110.19598543167115,1167.420260362171,337.94031014033726,412.57634673345655,322.70358383678763,577.7499313408988,110.19598543167115
2026-02-26 03:00:00+00:00,218.77005,420.57,411.46,21.209993,654.89,124.5,1246.1348885217908,338.99650671356784,409.0157123170646,255.95559123895208,573.8913985824942,111.12584334736522,1167.420260362171,337.94031014033726,412.57634673345655,322.70358383678763,577.7499313408988,110.19598543167115,1167.420260362171,337.94031014033726,412.57634673345655,322.70358383678763,577.7499313408988,110.19598543167115
2026-02-26 04:00:00+00:00,258.27,430.56,424.16,108.56999,674.65,125.87,1272.5786806481162,339.030205135369,410.7567770338817,263.8373265300472,573.8913985824942,111.12584334736522,1167.420260362171,337.94031014033726,412.57634673345655,322.70358383678763,577.7499313408988,110.19598543167115,1167.420260362171,337.94031014033726,412.57634673345655,322.70358383678763,577.7499313408988,110.19598543167115
2026-02-26 05:00:00+00:00,373.55997,433.01,451.26,339.49,667.22,238.38,1321.414488246924,339.07267448723496,413.24394775033807,271.7190618211424,573.8913985824942,111.12584334736522,1167.420260362171,337.94031014033726,412.57634673345655,322.70358383678763,577.7499313408988,110.19598543167115,1167.420260362171,337.94031014033726,412.57634673345655,322.70358383678763,577.7499313408988,110.19598543167115
2026-02-26 06:00:00+00:00,354.30997,433.07,482.84,533.23,668.75,244.69,1355.569810411496,339.0014308379382,414.99404437627805,279.60079711223756,573.8913985824942,111.12584334736522,1167.420260362171,337.94031014033726,412.57634673345655,322.70358383678763,577.7499313408988,110.19598543167115,1167.420260362171,337.94031014033726,412.57634673345655,322.70358383678763,577.7499313408988,110.19598543167115
2026-02-26 07:00:00+00:00,314.73996,431.92,492.41,257.07,649.83,245.04,1347.508436435302,338.922647173901,414.96576568948,287.4825324033327,573.8913985824942,111.12584334736522,1167.420260362171,337.94031014033726,412.57634673345655,322.70358383678763,577.7499313408988,110.19598543167115,1167.420260362171,337.94031014033726,412.57634673345655,322.70358383678763,577.7499313408988,110.19598543167115
2026-02-26 08:00:00+00:00,328.25998,429.59,480.16,269.91,669.22,131.71,1304.1496273528862,338.8133965224758,413.45254535342747,295.3642676944279,573.8913985824942,111.12584334736522,1167.420260362171,337.94031014033726,412.57634673345655,322.70358383678763,577.7499313408988,110.19598543167115,1167.420260362171,337.94031014033726,412.57634673345655,322.70358383678763,577.7499313408988,110.19598543167115
2026-02-26 09:00:00+00:00,319.11996,429.89,448.48,0.8200084,639.85,122.57,1242.0766280070052,338.59489501616065,411.34941470353874,303.24600298552303,573.8913985824942,111.12584334736522,1167.420260362171,337.94031014033726,412.57634673345655,322.70358383678763,577.7499313408988,110.19598543167115,1167.420260362171,337.94031014033726,412.57634673345655,322.70358383678763,577.7499313408988,110.19598543167115
2026-02-26 10:00:00+00:00,322.23,403.91,431.45,2.3500073,670.68,127.31,1178.589374600565,338.2139021137945,409.01987983296647,311.12773827661823,573.8913985824942,111.12584334736522,1167.420260362171,337.94031014033726,412.57634673345655,322.70358383678763,577.7499313408988,110.19598543167115,1167.420260362171,337.94031014033726,412.57634673345655,322.70358383678763,577.7499313408988,110.19598543167115
2026-02-26 11:00:00+00:00,302.43997,390.67,419.48,10.510011,679.68,126.43,1127.4264745013054,337.80305762111294,407.15150815986806,319.00947356771337,573.8913985824942,111.12584334736522,1167.420260362171,337.94031014033726,412.57634673345655,322.70358383678763,577.7499313408988,110.19598543167115,1167.420260362171,337.94031014033726,412.57634673345655,322.70358383678763,577.7499313408988,110.19598543167115
2026-02-26 12:00:00+00:00,268.50998,384.23,418.96,30.500002,671.56,128.4,1107.1557174789489,337.69380681985297,407.3881707480287,326.8912088588085,573.8913985824942,111.12584334736522,1167.420260362171,337.94031014033726,412.57634673345655,322.70358383678763,577.7499313408988,110.19598543167115,1167.420260362171,337.94031014033726,412.57634673345655,322.70358383678763,577.7499313408988,110.19598543167115
2026-02-26 13:00:00+00:00,265.0599,385.54,419.72,0.38000596,666.6,128.29,1113.239323929424,337.43991422409067,408.1193176529925,334.7729441499037,573.8913985824942,111.12584334736522,1167.420260362171,337.94031014033726,412.57634673345655,322.70358383678763,577.7499313408988,110.19598543167115,1167.420260362171,337.94031014033726,412.57634673345655,322.70358383678763,577.7499313408988,110.19598543167115
2026-02-26 14:00:00+00:00,266.17,405.09,433.27,50.01999,698.03,128.1,1143.7537705305087,337.28265456773767,409.86755257412864,342.65467944099885,573.8913985824942,111.12584334736522,1167.420260362171,337.94031014033726,412.57634673345655,322.70358383678763,577.7499313408988,110.19598543167115,1167.420260362171,337.94031014033726,412.57634673345655,322.70358383678763,577.7499313408988,110.19598543167115
2026-02-26 15:00:00+00:00,345.69998,409.45,468.98,536.69,740.67,128.63,1217.8000769627272,337.2103336861458,413.0376070499731,350.53641473209404,573.8913985824942,111.12584334736522,1167.420260362171,337.94031014033726,412.57634673345655,322.70358383678763,577.7499313408988,110.19598543167115,1167.420260362171,337.94031014033726,412.57634673345655,322.70358383678763,577.7499313408988,110.19598543167115
2026-02-26 16:00:00+00:00,420.66,411.77,502.65,1153.9398,669.09,128.95,1297.8184350469248,337.37697954068074,417.119102407472,358.4181500231892,573.8913985824942,111.12584334736522,1167.420260362171,337.94031014033726,412.57634673345655,322.70358383678763,577.7499313408988,110.19598543167115,1167.420260362171,337.94031014033726,412.57634673345655,322.70358383678763,577.7499313408988,110.19598543167115
2026-02-26 17:00:00+00:00,550.06,411.78,512.73,1127.6599,646.51,127.25,1317.3644714664306,337.71904211359777,420.1794375142739,366.2998853142844,573.8913985824942,111.12584334736522,1167.420260362171,337.94031014033726,412.57634673345655,322.70358383678763,577.7499313408988,110.19598543167115,1167.420260362171,337.94031014033726,412.57634673345655,322.70358383678763,577.7499313408988,110.19598543167115
2026-02-26 18:00:00+00:00,814.63,412.66,505.07,505.33,629.74,123.65,1297.6661159403736,337.8707622008941,421.61307203958137,374.1816206053795,573.8913985824942,111.12584334736522,1167.420260362171,337.94031014033726,412.57634673345655,322.70358383678763,577.7499313408988,110.19598543167115,1167.420260362171,337.94031014033726,412.57634673345655,322.70358383678763,577.7499313408988,110.19598543167115
2026-02-26 19:00:00+00:00,845.86,413.45,486.78,166.95,624.28,122.71,1271.5523471065192,337.99832426933386,422.75321240430543,382.06335589647466,573.8913985824942,111.12584334736522,1167.420260362171,337.94031014033726,412.57634673345655,322.70358383678763,577.7499313408988,110.19598543167115,1167.420260362171,337.94031014033726,412.57634673345655,322.70358383678763,577.7499313408988,110.19598543167115
2026-02-26 20:00:00+00:00,838.71,412.43,464.03,60.880005,612.07,120.01,1246.0331164018564,338.05079535700213,423.2961450353434,389.94509118756986,573.8913985824942,111.12584334736522,1167.420260362171,337.94031014033726,412.57634673345655,322.70358383678763,577.7499313408988,110.19598543167115,1167.420260362171,337.94031014033726,412.57634673345655,322.70358383678763,577.7499313408988,110.19598543167115
2026-02-26 21:00:00+00:00,726.63,413.09,447.05,19.589998,613.11,123.17,1235.8457204535641,338.2142098217465,424.1243937644316,397.826826478665,573.8913985824942,111.12584334736522,1167.420260362171,337.94031014033726,412.57634673345655,322.70358383678763,577.7499313408988,110.19598543167115,1167.420260362171,337.94031014033726,412.57634673345655,322.70358383678763,577.7499313408988,110.19598543167115
2026-02-26 22:00:00+00:00,818.83,431.87,431.41,2.049989,604.74,129.4,1219.619017091496,338.33807864788264,424.8700274223431,405.7085617697602,573.8913985824942,111.12584334736522,1167.420260362171,337.94031014033726,412.57634673345655,322.70358383678763,577.7499313408988,110.19598543167115,1167.420260362171,337.94031014033726,412.57634673345655,322.70358383678763,577.7499313408988,110.19598543167115
2026-02-26 23:00:00+00:00,820.71,403.73,419.4,125.75,604.23,137.79,1212.3424576088148,338.42270960886407,425.7510508385759,413.59029706085533,573.8913985824942,111.12584334736522,1167.420260362171,337.94031014033726,412.57634673345655,322.70358383678763,577.7499313408988,110.19598543167115,1167.420260362171,337.94031014033726,412.57634673345655,322.70358383678763,577.7499313408988,110.19598543167115
2026-02-27 00:00:00+00:00,666.19,344.5,412.76,84.84999,612.52,128.09,1193.7402834040781,338.51764993630496,403.58052764656395,232.31038536566658,573.8913985824942,111.12584334736522,1167.420260362171,337.94031014033726,412.57634673345655,322.70358383678763,577.7499313408988,110.19598543167115,1167.420260362171,337.94031014033726,412.57634673345655,322.70358383678763,577.7499313408988,110.19598543167115
2026-02-27 01:00:00+00:00,655.27,344.81,410.73,15.109986,592.92,128.82,1186.2476771552112,338.6172066482299,404.9866161442782,240.19212065676174,573.8913985824942,111.12584334736522,1167.420260362171,337.94031014033726,412.57634673345655,322.70358383678763,577.7499313408988,110.19598543167115,1167.420260362171,337.94031014033726,412.57634673345655,322.70358383678763,577.7499313408988,110.19598543167115
2026-02-27 02:00:00+00:00,651.8,344.46,413.63,4.6700144,596.46,129.08,1193.111169906427,338.658752827522,406.38810973726726,248.07385594785688,573.8913985824942,111.12584334736522,1167.420260362171,337.94031014033726,412.57634673345655,322.70358383678763,577.7499313408988,110.19598543167115,1167.420260362171,337.94031014033726,412.57634673345655,322.70358383678763,577.7499313408988,110.19598543167115
2026-02-27 03:00:00+00:00,703.7,344.48,423.37,25.100008,591.31,126.37,1213.2333266754579,338.73492054264716,407.9185700324274,255.95559123895208,573.8913985824942,111.12584334736522,1167.420260362171,337.94031014033726,412.57634673345655,322.70358383678763,577.7499313408988,110.19598543167115,1167.420260362171,337.94031014033726,412.57634673345655,322.70358383678763,577.7499313408988,110.19598543167115
2026-02-27 04:00:00+00:00,1033.04,344.78,435.75,62.450012,606.58,125.3,1243.785196498263,338.8233981922393,409.92270112023306,263.8373265300472,573.8913985824942,111.12584334736522,1167.420260362171,337.94031014033726,412.57634673345655,322.70358383678763,577.7499313408988,110.19598543167115,1167.420260362171,337.94031014033726,412.57634673345655,322.70358383678763,577.7499313408988,110.19598543167115
2026-02-27 05:00:00+00:00,1224.61,363.2,468.43,202.29,596.59,123.88,1299.9294240096522,338.9578841366933,412.7528597015056,271.7190618211424,573.8913985824942,111.12584334736522,1167.420260362171,337.94031014033726,412.57634673345655,322.70358383678763,577.7499313408988,110.19598543167115,1167.420260362171,337.94031014033726,412.57634673345655,322.70358383678763,577.7499313408988,110.19598543167115
2026-02-27 06:00:00+00:00,1057.58,374.1,505.49,457.08,583.35,127.54,1329.9125242821522,338.99742976905793,414.3058226041245,279.60079711223756,573.8913985824942,111.12584334736522,1167.420260362171,337.94031014033726,412.57634673345655,322.70358383678763,577.7499313408988,110.19598543167115,1167.420260362171,337.94031014033726,412.57634673345655,322.70358383678763,577.7499313408988,110.19598543167115
2026-02-27 07:00:00+00:00,728.16,374.62,509.21,177.15,605.34,132.41,1305.5477545899523,339.0340519103604,413.7931410087453,287.4825324033327,573.8913985824942,111.12584334736522,1167.420260362171,337.94031014033726,412.57634673345655,322.70358383678763,577.7499313408988,110.19598543167115,1167.420260362171,337.94031014033726,412.57634673345655,322.70358383678763,577.7499313408988,110.19598543167115
2026-02-27 08:00:00+00:00,618.42,368.39,492.07,4.119996,615.13,138.11,1230.0158051562348,338.6064352269153,411.20278752334514,295.3642676944279,573.8913985824942,111.12584334736522,1167.420260362171,337.94031014033726,412.57634673345655,322.70358383678763,577.7499313408988,110.19598543167115,1167.420260362171,337.94031014033726,412.57634673345655,322.70358383678763,577.7499313408988,110.19598543167115
2026-02-27 09:00:00+00:00,260.48996,364.82,458.17,11.000001,627.61,138.58,1161.9635228402076,338.10203550864577,408.3493860147051,303.24600298552303,573.8913985824942,111.12584334736522,1167.420260362171,337.94031014033726,412.57634673345655,322.70358383678763,577.7499313408988,110.19598543167115,1167.420260362171,337.94031014033726,412.57634673345655,322.70358383678763,577.7499313408988,110.19598543167115
2026-02-27 10:00:00+00:00,251.29001,363.99,437.17,0.14999497,629.08,141.15,1104.4986041483908,337.66503253153013,406.23862995812976,311.12773827661823,573.8913985824942,111.12584334736522,1167.420260362171,337.94031014033726,412.57634673345655,322.70358383678763,577.7499313408988,110.19598543167115,1167.420260362171,337.94031014033726,412.57634673345655,322.70358383678763,577.7499313408988,110.19598543167115
2026-02-27 11:00:00+00:00,244.80997,355.35,426.34,29.56,626.84,141.28,1066.8679098114758,337.3417425625369,405.01591888008005,319.00947356771337,573.8913985824942,111.12584334736522,1167.420260362171,337.94031014033726,412.57634673345655,322.70358383678763,577.7499313408988,110.19598543167115,1167.420260362171,337.94031014033726,412.57634673345655,322.70358383678763,577.7499313408988,110.19598543167115
2026-02-27 12:00:00+00:00,246.98001,345.74,425.81,18.660006,629.1,142.3,1049.8820923105097,337.0213761409997,404.59784216043124,326.8912088588085,573.8913985824942,111.12584334736522,1167.420260362171,337.94031014033726,412.57634673345655,322.70358383678763,577.7499313408988,110.19598543167115,1167.420260362171,337.94031014033726,412.57634673345655,322.70358383678763,577.7499313408988,110.19598543167115
2026-02-27 13:00:00+00:00,246.66995,350.48,433.81,9.600007,636.49,143.63,1047.022287570773,336.8281100419328,405.13006406518264,334.7729441499037,573.8913985824942,111.12584334736522,1167.420260362171,337.94031014033726,412.57634673345655,322.70358383678763,577.7499313408988,110.19598543167115,1167.420260362171,337.94031014033726,412.57634673345655,322.70358383678763,577.7499313408988,110.19598543167115
2026-02-27 14:00:00+00:00,268.15005,372.39,448.89,3.5700085,635.53,137.82,1078.0954851915444,336.71978239032,407.11725997848674,342.65467944099885,573.8913985824942,111.12584334736522,1167.420260362171,337.94031014033726,412.57634673345655,322.70358383678763,577.7499313408988,110.19598543167115,1167.420260362171,337.94031014033726,412.57634673345655,322.70358383678763,577.7499313408988,110.19598543167115
2026-02-27 15:00:00+00:00,324.44998,387.94,485.38,659.38,698.77,133.64,1166.4186477870182,336.75932813403995,410.6640438252812,350.53641473209404,573.8913985824942,111.12584334736522,1167.420260362171,337.94031014033726,412.57634673345655,322.70358383678763,577.7499313408988,110.19598543167115,1167.420260362171,337.94031014033726,412.57634673345655,322.70358383678763,577.7499313408988,110.19598543167115
2026-02-27 16:00:00+00:00,454.85,401.63,511.76,1037.14,616.73,133.83,1266.3581362292327,337.0413795669075,415.16451411283396,358.4181500231892,573.8913985824942,111.12584334736522,1167.420260362171,337.94031014033726,412.57634673345655,322.70358383678763,577.7499313408988,110.19598543167115,1167.420260362171,337.94031014033726,412.57634673345655,322.70358383678763,577.7499313408988,110.19598543167115
2026-02-27 17:00:00+00:00,464.59,429.07,517.22,720.94,597.7,137.01,1299.2113463938274,337.5231599904943,418.3606754580287,366.2998853142844,573.8913985824942,111.12584334736522,1167.420260362171,337.94031014033726,412.57634673345655,322.70358383678763,577.7499313408988,110.19598543167115,1167.420260362171,337.94031014033726,412.57634673345655,322.70358383678763,577.7499313408988,110.19598543167115
2026-02-27 18:00:00+00:00,386.78,430.89,515.86,765.74,601.49,135.68,1286.1592043135254,337.57347705809303,419.3100665711272,374.1816206053795,573.8913985824942,111.12584334736522,1167.420260362171,337.94031014033726,412.57634673345655,322.70358383678763,577.7499313408988,110.19598543167115,1167.420260362171,337.94031014033726,412.57634673345655,322.70358383678763,577.7499313408988,110.19598543167115
2026-02-27 19:00:00+00:00,378.92996,431.73,499.09,703.48,591.23,137.12,1277.2434816126695,337.64579797519946,420.188176269699,382.06335589647466,573.8913985824942,111.12584334736522,1167.420260362171,337.94031014033726,412.57634673345655,322.70358383678763,577.7499313408988,110.19598543167115,1167.420260362171,337.94031014033726,412.57634673345655,322.70358383678763,577.7499313408988,110.19598543167115
2026-02-27 20:00:00+00:00,297.50998,432.93,476.55,456.16,579.69,136.47,1258.0676743579027,337.85783676037494,421.3333849714934,389.94509118756986,573.8913985824942,111.12584334736522,1167.420260362171,337.94031014033726,412.57634673345655,322.70358383678763,577.7499313408988,110.19598543167115,1167.420260362171,337.94031014033726,412.57634673345655,322.70358383678763,577.7499313408988,110.19598543167115
2026-02-27 21:00:00+00:00,251.51999,413.49,458.1,516.53,583.67,131.38,1234.0150807397902,337.93215834853265,422.2210995173252,397.826826478665,573.8913985824942,111.12584334736522,1167.420260362171,337.94031014033726,412.57634673345655,322.70358383678763,577.7499313408988,110.19598543167115,1167.420260362171,337.94031014033726,412.57634673345655,322.70358383678763,577.7499313408988,110.19598543167115
2026-02-27 22:00:00+00:00,225.65005,404.31,438.43,372.19,581.09,131.24,1223.3508636620181,338.1383498625752,423.47916192174245,405.7085617697602,573.8913985824942,111.12584334736522,1167.420260362171,337.94031014033726,412.57634673345655,322.70358383678763,577.7499313408988,110.19598543167115,1167.420260362171,337.94031014033726,412.57634673345655,322.70358383678763,577.7499313408988,110.19598543167115
2026-02-27 23:00:00+00:00,215.00998,405.85,427.6,350.72,580.19,133.2,1196.8467280608245,338.2923781375295,424.6730835930439,413.59029706085533,573.8913985824942,111.12584334736522,1167.420260362171,337.94031014033726,412.57634673345655,322.70358383678763,577.7499313408988,110.19598543167115,1167.420260362171,337.94031014033726,412.57634673345655,322.70358383678763,577.7499313408988,110.19598543167115
