date,hard_coal_tran_actual,gas_tran_actual,biomass_tran_actual,pumped_storage_tran_actual,hydro_tran_actual,other_conv_tran_actual,hard_coal_tran_fitted,gas_tran_fitted,biomass_tran_fitted,pumped_storage_tran_fitted,hydro_tran_fitted,other_conv_tran_fitted,hard_coal_tran_lower,gas_tran_lower,biomass_tran_lower,pumped_storage_tran_lower,hydro_tran_lower,other_conv_tran_lower,hard_coal_tran_upper,gas_tran_upper,biomass_tran_upper,pumped_storage_tran_upper,hydro_tran_upper,other_conv_tran_upper
2026-01-24 00:00:00+00:00,1754.17,415.55,421.47,12.750001,315.11,148.89,1930.2002864440317,404.97660442513745,435.10531357222254,102.53573099727834,326.19798459862557,146.7120405873249,1167.420260362171,337.94031014033726,412.57634673345655,322.70358383678763,577.7499313408988,110.19598543167115,1167.420260362171,337.94031014033726,412.57634673345655,322.70358383678763,577.7499313408988,110.19598543167115
2026-01-24 01:00:00+00:00,1643.12,416.29,417.48,11.920014,313.68,146.65,2026.0271194095212,396.2398992711145,431.9130508085555,82.3702353433172,354.1733448852083,142.5768854984739,1167.420260362171,337.94031014033726,412.57634673345655,322.70358383678763,577.7499313408988,110.19598543167115,1167.420260362171,337.94031014033726,412.57634673345655,322.70358383678763,577.7499313408988,110.19598543167115
2026-01-24 02:00:00+00:00,1567.23,416.31,417.43,19.339998,315.72,142.34,2042.981943486253,396.9981385407814,439.1879274238036,58.45751699971936,324.0872309771724,140.77735136073693,1167.420260362171,337.94031014033726,412.57634673345655,322.70358383678763,577.7499313408988,110.19598543167115,1167.420260362171,337.94031014033726,412.57634673345655,322.70358383678763,577.7499313408988,110.19598543167115
2026-01-24 03:00:00+00:00,1567.34,416.19,420.49,12.209992,307.16,140.73,2158.6670994409915,409.4242221092513,439.420058134297,76.48218309065874,339.0030079185545,139.5101775317848,1167.420260362171,337.94031014033726,412.57634673345655,322.70358383678763,577.7499313408988,110.19598543167115,1167.420260362171,337.94031014033726,412.57634673345655,322.70358383678763,577.7499313408988,110.19598543167115
2026-01-24 04:00:00+00:00,1569.64,416.06,432.5,11.910005,305.39,138.85,2254.0142673866567,392.0359146918394,440.7168865831037,101.62609710810105,342.61996481853976,144.35676492481306,1167.420260362171,337.94031014033726,412.57634673345655,322.70358383678763,577.7499313408988,110.19598543167115,1167.420260362171,337.94031014033726,412.57634673345655,322.70358383678763,577.7499313408988,110.19598543167115
2026-01-24 05:00:00+00:00,1611.41,416.02,457.72,23.010012,307.87,137.3,2251.9583530583004,402.0290380861017,459.6974081186885,153.69388113158124,369.2529355384899,140.33355308448472,1167.420260362171,337.94031014033726,412.57634673345655,322.70358383678763,577.7499313408988,110.19598543167115,1167.420260362171,337.94031014033726,412.57634673345655,322.70358383678763,577.7499313408988,110.19598543167115
2026-01-24 06:00:00+00:00,1611.14,415.27,487.24,18.600008,304.88,136.05,2043.0495245390748,418.2149582033952,487.6061012687026,275.30471226149604,388.2719765291358,133.1275606420396,1167.420260362171,337.94031014033726,412.57634673345655,322.70358383678763,577.7499313408988,110.19598543167115,1167.420260362171,337.94031014033726,412.57634673345655,322.70358383678763,577.7499313408988,110.19598543167115
2026-01-24 07:00:00+00:00,1717.45,415.88,511.77,160.91,318.38,135.86,2083.8997901984803,371.69257193570775,499.5878475755129,446.8787515860879,466.6457018881375,107.53805103191124,1167.420260362171,337.94031014033726,412.57634673345655,322.70358383678763,577.7499313408988,110.19598543167115,1167.420260362171,337.94031014033726,412.57634673345655,322.70358383678763,577.7499313408988,110.19598543167115
2026-01-24 08:00:00+00:00,1788.56,415.29,506.46,331.24,351.14,138.14,2225.5237946773605,357.54159162877306,493.3350795767444,671.5033631541572,489.7452949761309,118.22212906379777,1167.420260362171,337.94031014033726,412.57634673345655,322.70358383678763,577.7499313408988,110.19598543167115,1167.420260362171,337.94031014033726,412.57634673345655,322.70358383678763,577.7499313408988,110.19598543167115
2026-01-24 09:00:00+00:00,1649.81,414.95,487.05,216.75,334.71,140.52,2129.924441293423,355.53800689215865,470.3883160433636,142.52823168519276,499.3791438971224,104.69504472292574,1167.420260362171,337.94031014033726,412.57634673345655,322.70358383678763,577.7499313408988,110.19598543167115,1167.420260362171,337.94031014033726,412.57634673345655,322.70358383678763,577.7499313408988,110.19598543167115
2026-01-24 10:00:00+00:00,1636.37,415.1,463.49,129.05,321.39,140.39,2301.104333452199,355.40951391157995,451.58068975336124,125.67038015182229,512.8960259403226,119.46866907479313,1167.420260362171,337.94031014033726,412.57634673345655,322.70358383678763,577.7499313408988,110.19598543167115,1167.420260362171,337.94031014033726,412.57634673345655,322.70358383678763,577.7499313408988,110.19598543167115
2026-01-24 11:00:00+00:00,1500.42,415.18,450.28,80.81001,312.24,142.3,2243.25100854976,346.39697624864056,446.7220237712329,107.63224055566309,458.10921425795044,104.93067575569854,1167.420260362171,337.94031014033726,412.57634673345655,322.70358383678763,577.7499313408988,110.19598543167115,1167.420260362171,337.94031014033726,412.57634673345655,322.70358383678763,577.7499313408988,110.19598543167115
2026-01-24 12:00:00+00:00,1614.99,414.37,448.86,56.73001,299.77,146.15,2261.7393743135135,349.4008125621708,447.4058174741682,77.30866985672418,468.19766407849295,113.67310416166308,1167.420260362171,337.94031014033726,412.57634673345655,322.70358383678763,577.7499313408988,110.19598543167115,1167.420260362171,337.94031014033726,412.57634673345655,322.70358383678763,577.7499313408988,110.19598543167115
2026-01-24 13:00:00+00:00,1689.0,414.23,449.5,23.220003,302.34,144.64,2247.0512609149605,354.59215651669706,460.9817419911737,89.69967804441868,471.18334029346164,121.58612755965285,1167.420260362171,337.94031014033726,412.57634673345655,322.70358383678763,577.7499313408988,110.19598543167115,1167.420260362171,337.94031014033726,412.57634673345655,322.70358383678763,577.7499313408988,110.19598543167115
2026-01-24 14:00:00+00:00,1647.44,414.14,458.22,144.24,302.44,143.27,2043.8382219961218,355.43213665093714,463.8148964757777,260.3312283833278,501.08213835443996,108.39525908860065,1167.420260362171,337.94031014033726,412.57634673345655,322.70358383678763,577.7499313408988,110.19598543167115,1167.420260362171,337.94031014033726,412.57634673345655,322.70358383678763,577.7499313408988,110.19598543167115
2026-01-24 15:00:00+00:00,1563.68,414.85,474.85,301.12,315.79,140.99,2198.6176356452524,384.8204072753823,498.010952451248,615.5619072668909,476.3926097613016,118.20809772755916,1167.420260362171,337.94031014033726,412.57634673345655,322.70358383678763,577.7499313408988,110.19598543167115,1167.420260362171,337.94031014033726,412.57634673345655,322.70358383678763,577.7499313408988,110.19598543167115
2026-01-24 16:00:00+00:00,1656.78,414.62,494.79,809.96,378.63,141.68,2213.2860279032775,416.8319294652303,507.83987742336086,642.0190912774963,389.4406798123259,132.52281603058722,1167.420260362171,337.94031014033726,412.57634673345655,322.70358383678763,577.7499313408988,110.19598543167115,1167.420260362171,337.94031014033726,412.57634673345655,322.70358383678763,577.7499313408988,110.19598543167115
2026-01-24 17:00:00+00:00,1677.85,414.69,503.11,750.6,396.0,147.22,2476.4747218592165,427.91363715302714,509.9873204312677,688.9356933885017,359.26675105225706,136.12312748893675,1167.420260362171,337.94031014033726,412.57634673345655,322.70358383678763,577.7499313408988,110.19598543167115,1167.420260362171,337.94031014033726,412.57634673345655,322.70358383678763,577.7499313408988,110.19598543167115
2026-01-24 18:00:00+00:00,1678.22,414.79,494.9,398.07,347.79,146.87,2468.399057173049,424.01037464247963,501.0625256075811,437.5494472669452,367.4758366072748,143.92628697564237,1167.420260362171,337.94031014033726,412.57634673345655,322.70358383678763,577.7499313408988,110.19598543167115,1167.420260362171,337.94031014033726,412.57634673345655,322.70358383678763,577.7499313408988,110.19598543167115
2026-01-24 19:00:00+00:00,1673.41,414.85,477.29,77.67,300.93,146.52,2295.337388065938,436.38056734238876,487.17784578236905,322.0161361082053,370.5419027054005,142.25091152283704,1167.420260362171,337.94031014033726,412.57634673345655,322.70358383678763,577.7499313408988,110.19598543167115,1167.420260362171,337.94031014033726,412.57634673345655,322.70358383678763,577.7499313408988,110.19598543167115
2026-01-24 20:00:00+00:00,1671.21,415.06,463.74,79.81,298.7,146.17,2325.839105362893,439.9657415170491,475.28514578735127,238.649202754758,379.6546383944436,143.05378505269258,1167.420260362171,337.94031014033726,412.57634673345655,322.70358383678763,577.7499313408988,110.19598543167115,1167.420260362171,337.94031014033726,412.57634673345655,322.70358383678763,577.7499313408988,110.19598543167115
2026-01-24 21:00:00+00:00,1656.96,414.99,454.2,61.26999,305.57,140.53,2363.373728285041,427.3621099144511,457.7736854796387,109.95515626678846,378.06565798950794,135.28620974316087,1167.420260362171,337.94031014033726,412.57634673345655,322.70358383678763,577.7499313408988,110.19598543167115,1167.420260362171,337.94031014033726,412.57634673345655,322.70358383678763,577.7499313408988,110.19598543167115
2026-01-24 22:00:00+00:00,1507.28,416.06,441.58,23.26999,303.06,139.94,2280.4132995381465,404.14398883566855,450.74226904560385,82.33403550153346,366.27299098074167,138.03954637485344,1167.420260362171,337.94031014033726,412.57634673345655,322.70358383678763,577.7499313408988,110.19598543167115,1167.420260362171,337.94031014033726,412.57634673345655,322.70358383678763,577.7499313408988,110.19598543167115
2026-01-24 23:00:00+00:00,1475.78,416.35,431.07,10.78,307.06,137.55,2034.4058824039885,401.465420327916,436.88927151896274,36.9005997030182,359.55409260243925,137.21838736038137,1167.420260362171,337.94031014033726,412.57634673345655,322.70358383678763,577.7499313408988,110.19598543167115,1167.420260362171,337.94031014033726,412.57634673345655,322.70358383678763,577.7499313408988,110.19598543167115
2026-01-25 00:00:00+00:00,1452.85,417.39,426.29,0.27999985,311.51,136.49,1948.2574550843096,404.98265555191585,428.748148524674,32.19319486082918,336.91304064905114,135.6346191758398,1167.420260362171,337.94031014033726,412.57634673345655,322.70358383678763,577.7499313408988,110.19598543167115,1167.420260362171,337.94031014033726,412.57634673345655,322.70358383678763,577.7499313408988,110.19598543167115
2026-01-25 01:00:00+00:00,1440.21,445.66,428.17,0.25000107,309.06,127.9,1927.7865818121882,419.838283645934,432.06094520828844,51.52786671434069,352.04667250589034,130.77844778551093,1167.420260362171,337.94031014033726,412.57634673345655,322.70358383678763,577.7499313408988,110.19598543167115,1167.420260362171,337.94031014033726,412.57634673345655,322.70358383678763,577.7499313408988,110.19598543167115
2026-01-25 02:00:00+00:00,1433.07,445.9,429.66,0.35998642,311.64,132.49,1910.0743800704656,410.39172137600525,424.33735794275697,37.214662041748454,357.8365770722613,129.67134885420407,1167.420260362171,337.94031014033726,412.57634673345655,322.70358383678763,577.7499313408988,110.19598543167115,1167.420260362171,337.94031014033726,412.57634673345655,322.70358383678763,577.7499313408988,110.19598543167115
2026-01-25 03:00:00+00:00,1435.3,445.82,427.28,0.25000107,308.42,137.16,1788.0672950387864,405.1335853887248,430.04682659846407,15.899221720677986,350.9780985879597,137.2950912169167,1167.420260362171,337.94031014033726,412.57634673345655,322.70358383678763,577.7499313408988,110.19598543167115,1167.420260362171,337.94031014033726,412.57634673345655,322.70358383678763,577.7499313408988,110.19598543167115
2026-01-25 04:00:00+00:00,1442.47,445.82,434.01,0.27999985,312.7,142.66,1700.3280520173685,417.49431410281534,435.4721626081938,47.37072062140214,363.62361393562423,136.27858425122437,1167.420260362171,337.94031014033726,412.57634673345655,322.70358383678763,577.7499313408988,110.19598543167115,1167.420260362171,337.94031014033726,412.57634673345655,322.70358383678763,577.7499313408988,110.19598543167115
2026-01-25 05:00:00+00:00,1440.33,445.73,451.72,14.980012,309.68,142.27,1736.8246270468744,408.48641062658004,457.1128819426137,50.82250942599626,363.540552305748,136.4376934992132,1167.420260362171,337.94031014033726,412.57634673345655,322.70358383678763,577.7499313408988,110.19598543167115,1167.420260362171,337.94031014033726,412.57634673345655,322.70358383678763,577.7499313408988,110.19598543167115
2026-01-25 06:00:00+00:00,1471.43,435.83,476.16,33.04001,309.29,140.77,1690.3976183410318,397.7382760805347,477.96928471825015,71.25778815441464,365.7797807007496,128.04669230938038,1167.420260362171,337.94031014033726,412.57634673345655,322.70358383678763,577.7499313408988,110.19598543167115,1167.420260362171,337.94031014033726,412.57634673345655,322.70358383678763,577.7499313408988,110.19598543167115
2026-01-25 07:00:00+00:00,1462.19,436.62,497.6,18.410006,307.94,139.54,1549.5773904533364,362.37167158382596,490.8943127854248,241.56822358650282,478.29853480795623,109.15071079795221,1167.420260362171,337.94031014033726,412.57634673345655,322.70358383678763,577.7499313408988,110.19598543167115,1167.420260362171,337.94031014033726,412.57634673345655,322.70358383678763,577.7499313408988,110.19598543167115
2026-01-25 08:00:00+00:00,1469.06,432.11,496.13,27.79001,307.05,140.71,1796.4932982676073,367.31353321085123,491.9849900655539,390.3802993297443,478.92557433203615,117.13383950132244,1167.420260362171,337.94031014033726,412.57634673345655,322.70358383678763,577.7499313408988,110.19598543167115,1167.420260362171,337.94031014033726,412.57634673345655,322.70358383678763,577.7499313408988,110.19598543167115
2026-01-25 09:00:00+00:00,1473.53,429.33,479.32,11.220002,305.43,139.71,1843.6808737160604,356.9320245883813,476.926890272335,325.403077746256,455.8024447233909,116.98401075337884,1167.420260362171,337.94031014033726,412.57634673345655,322.70358383678763,577.7499313408988,110.19598543167115,1167.420260362171,337.94031014033726,412.57634673345655,322.70358383678763,577.7499313408988,110.19598543167115
2026-01-25 10:00:00+00:00,1477.94,427.95,458.43,58.28,302.69,141.57,2071.414748143337,375.41242635078663,461.5536283373471,250.92978213535173,446.15064235341197,110.72362189298944,1167.420260362171,337.94031014033726,412.57634673345655,322.70358383678763,577.7499313408988,110.19598543167115,1167.420260362171,337.94031014033726,412.57634673345655,322.70358383678763,577.7499313408988,110.19598543167115
2026-01-25 11:00:00+00:00,1477.71,427.46,454.88,195.96002,295.84,142.73,1939.5913064110105,376.6832200316891,452.40695615602016,183.4669957419799,444.37744365001015,112.47561134706095,1167.420260362171,337.94031014033726,412.57634673345655,322.70358383678763,577.7499313408988,110.19598543167115,1167.420260362171,337.94031014033726,412.57634673345655,322.70358383678763,577.7499313408988,110.19598543167115
2026-01-25 12:00:00+00:00,1464.84,428.14,451.84,91.19998,297.23,141.59,1541.4661356309182,370.8280477866181,450.9438558963885,211.00458853372942,450.0150810511231,117.78052621655148,1167.420260362171,337.94031014033726,412.57634673345655,322.70358383678763,577.7499313408988,110.19598543167115,1167.420260362171,337.94031014033726,412.57634673345655,322.70358383678763,577.7499313408988,110.19598543167115
2026-01-25 13:00:00+00:00,1466.29,428.1,463.06,129.53,297.63,139.77,1550.3704284772984,367.3172079843311,452.9238682558132,210.8941219946885,454.9782579725686,124.01398935694225,1167.420260362171,337.94031014033726,412.57634673345655,322.70358383678763,577.7499313408988,110.19598543167115,1167.420260362171,337.94031014033726,412.57634673345655,322.70358383678763,577.7499313408988,110.19598543167115
2026-01-25 14:00:00+00:00,1481.41,428.08,483.4,166.15,303.96,139.63,1576.6308646620428,379.75146777171,464.35797203880855,271.7883432127048,473.71733113314417,123.1472613121889,1167.420260362171,337.94031014033726,412.57634673345655,322.70358383678763,577.7499313408988,110.19598543167115,1167.420260362171,337.94031014033726,412.57634673345655,322.70358383678763,577.7499313408988,110.19598543167115
2026-01-25 15:00:00+00:00,1568.42,427.98,500.91,386.8,300.03,136.08,1764.6505192552395,391.2788054487808,495.45943625041366,430.40824876930355,460.10839470244446,121.55438455914303,1167.420260362171,337.94031014033726,412.57634673345655,322.70358383678763,577.7499313408988,110.19598543167115,1167.420260362171,337.94031014033726,412.57634673345655,322.70358383678763,577.7499313408988,110.19598543167115
2026-01-25 16:00:00+00:00,1642.26,440.48,519.61,1017.83,300.94,138.79,2102.3724802894003,435.0326178612012,509.91807495278806,415.86423930281245,351.23318479599334,132.0359616407958,1167.420260362171,337.94031014033726,412.57634673345655,322.70358383678763,577.7499313408988,110.19598543167115,1167.420260362171,337.94031014033726,412.57634673345655,322.70358383678763,577.7499313408988,110.19598543167115
2026-01-25 17:00:00+00:00,1654.03,444.49,519.4,1009.97,304.65,140.41,2552.2783106895968,417.8216668454309,506.6300371850542,575.1449800227497,347.91886509338633,138.64573534431037,1167.420260362171,337.94031014033726,412.57634673345655,322.70358383678763,577.7499313408988,110.19598543167115,1167.420260362171,337.94031014033726,412.57634673345655,322.70358383678763,577.7499313408988,110.19598543167115
2026-01-25 18:00:00+00:00,1658.25,444.41,506.61,916.17,305.48,141.18,2339.7177139538026,437.7923262616883,500.04682339939205,388.88789349089933,327.7766848432824,140.15460096880497,1167.420260362171,337.94031014033726,412.57634673345655,322.70358383678763,577.7499313408988,110.19598543167115,1167.420260362171,337.94031014033726,412.57634673345655,322.70358383678763,577.7499313408988,110.19598543167115
2026-01-25 19:00:00+00:00,1615.18,444.56,501.67,409.71,303.5,141.63,2180.9251591301454,438.36420735681634,490.82359039189697,312.681093822344,329.8570998484867,131.28845179147842,1167.420260362171,337.94031014033726,412.57634673345655,322.70358383678763,577.7499313408988,110.19598543167115,1167.420260362171,337.94031014033726,412.57634673345655,322.70358383678763,577.7499313408988,110.19598543167115
2026-01-25 20:00:00+00:00,1626.85,436.45,489.34,164.84,306.21,142.67,2059.706497560932,430.36297757906163,476.3402031159507,233.29129789570175,329.69544614135935,131.27279650180256,1167.420260362171,337.94031014033726,412.57634673345655,322.70358383678763,577.7499313408988,110.19598543167115,1167.420260362171,337.94031014033726,412.57634673345655,322.70358383678763,577.7499313408988,110.19598543167115
2026-01-25 21:00:00+00:00,1647.92,437.83,473.09,716.7801,341.03,144.25,2020.7978992586782,445.92348881674326,459.27049195218353,146.45065923028358,328.2011155149371,137.07449525785538,1167.420260362171,337.94031014033726,412.57634673345655,322.70358383678763,577.7499313408988,110.19598543167115,1167.420260362171,337.94031014033726,412.57634673345655,322.70358383678763,577.7499313408988,110.19598543167115
2026-01-25 22:00:00+00:00,1650.16,444.46,459.26,387.0,343.24,145.42,2074.429175668229,419.10552990484155,450.464617812702,42.55620647385638,316.3655537999988,140.88504901046178,1167.420260362171,337.94031014033726,412.57634673345655,322.70358383678763,577.7499313408988,110.19598543167115,1167.420260362171,337.94031014033726,412.57634673345655,322.70358383678763,577.7499313408988,110.19598543167115
2026-01-25 23:00:00+00:00,1634.08,439.32,443.68,187.12,315.48,146.61,1960.226747015025,412.4227652154923,439.79944144290897,27.800512290293113,330.2281136485042,141.37923017544637,1167.420260362171,337.94031014033726,412.57634673345655,322.70358383678763,577.7499313408988,110.19598543167115,1167.420260362171,337.94031014033726,412.57634673345655,322.70358383678763,577.7499313408988,110.19598543167115
2026-01-26 00:00:00+00:00,1624.97,431.16,435.04,188.82,308.54,147.92,1912.8125140550792,415.31424896244755,422.08047840211736,40.50057319031089,332.49729518594586,140.16045139005126,1167.420260362171,337.94031014033726,412.57634673345655,322.70358383678763,577.7499313408988,110.19598543167115,1167.420260362171,337.94031014033726,412.57634673345655,322.70358383678763,577.7499313408988,110.19598543167115
2026-01-26 01:00:00+00:00,1660.48,431.8,432.09,15.929994,306.39,147.18,1933.3003298669723,418.8069187919382,421.5364039186701,37.94677271117138,327.36719999736863,138.37180650754792,1167.420260362171,337.94031014033726,412.57634673345655,322.70358383678763,577.7499313408988,110.19598543167115,1167.420260362171,337.94031014033726,412.57634673345655,322.70358383678763,577.7499313408988,110.19598543167115
2026-01-26 02:00:00+00:00,1807.02,432.71,430.21,12.000001,333.59,147.8,2125.762553998693,424.07479653640877,423.3480833325453,33.40034020889408,357.4187991429825,136.45517765252612,1167.420260362171,337.94031014033726,412.57634673345655,322.70358383678763,577.7499313408988,110.19598543167115,1167.420260362171,337.94031014033726,412.57634673345655,322.70358383678763,577.7499313408988,110.19598543167115
2026-01-26 03:00:00+00:00,1732.82,433.82,430.1,0.25000107,313.55,145.29,2038.5562406116073,421.61617968113893,426.8068016486485,42.64912710773706,363.78537079535647,133.1885289387297,1167.420260362171,337.94031014033726,412.57634673345655,322.70358383678763,577.7499313408988,110.19598543167115,1167.420260362171,337.94031014033726,412.57634673345655,322.70358383678763,577.7499313408988,110.19598543167115
2026-01-26 04:00:00+00:00,1963.52,443.61,440.32,7.9100046,323.97,235.03,2497.359281533717,450.07876768700606,433.8405750742271,113.43604128022855,374.36536314357295,133.592534581908,1167.420260362171,337.94031014033726,412.57634673345655,322.70358383678763,577.7499313408988,110.19598543167115,1167.420260362171,337.94031014033726,412.57634673345655,322.70358383678763,577.7499313408988,110.19598543167115
2026-01-26 05:00:00+00:00,2230.18,447.02133,462.97,193.31,330.73,248.5375,2755.644636074281,453.1844369746693,456.4116095851113,307.89817623902263,420.3966688079827,140.53332560918994,1167.420260362171,337.94031014033726,412.57634673345655,322.70358383678763,577.7499313408988,110.19598543167115,1167.420260362171,337.94031014033726,412.57634673345655,322.70358383678763,577.7499313408988,110.19598543167115
2026-01-26 06:00:00+00:00,2267.72,450.43265,487.21,552.96,398.81,262.04498,2798.162538497514,457.98057046014344,486.00613222940785,749.2924805512154,447.00323130559167,146.3424885873181,1167.420260362171,337.94031014033726,412.57634673345655,322.70358383678763,577.7499313408988,110.19598543167115,1167.420260362171,337.94031014033726,412.57634673345655,322.70358383678763,577.7499313408988,110.19598543167115
2026-01-26 07:00:00+00:00,2406.16,453.844,502.2,436.92,471.73,275.5525,2857.4324385491163,460.90273650768927,489.9946207558989,1036.8364298962676,546.8421239623013,161.08152739687648,1167.420260362171,337.94031014033726,412.57634673345655,322.70358383678763,577.7499313408988,110.19598543167115,1167.420260362171,337.94031014033726,412.57634673345655,322.70358383678763,577.7499313408988,110.19598543167115
2026-01-26 08:00:00+00:00,2559.36,457.2553,501.33,679.56,459.23,289.06,2975.0540917997523,460.69838702990353,484.0045206600224,990.0440175287382,466.3824465341712,178.84626644805235,1167.420260362171,337.94031014033726,412.57634673345655,322.70358383678763,577.7499313408988,110.19598543167115,1167.420260362171,337.94031014033726,412.57634673345655,322.70358383678763,577.7499313408988,110.19598543167115
2026-01-26 09:00:00+00:00,2571.95,460.66666,482.78,799.65,536.31,268.63,2777.6348412016177,456.9137514138756,470.51636618496804,1023.1253787011598,454.56836972138694,143.822140491083,1167.420260362171,337.94031014033726,412.57634673345655,322.70358383678763,577.7499313408988,110.19598543167115,1167.420260362171,337.94031014033726,412.57634673345655,322.70358383678763,577.7499313408988,110.19598543167115
2026-01-26 10:00:00+00:00,2565.16,464.078,462.12,464.51,540.25,271.5,2693.189352170924,456.38202490151724,454.3180792318034,868.7379654211732,428.75002869153946,137.38417547407352,1167.420260362171,337.94031014033726,412.57634673345655,322.70358383678763,577.7499313408988,110.19598543167115,1167.420260362171,337.94031014033726,412.57634673345655,322.70358383678763,577.7499313408988,110.19598543167115
2026-01-26 11:00:00+00:00,2557.55,467.48932,449.66,544.14,539.33,264.02,2731.7989798693125,454.9322220356543,444.25434677746784,762.6065290316847,419.30056020709344,144.61330266108666,1167.420260362171,337.94031014033726,412.57634673345655,322.70358383678763,577.7499313408988,110.19598543167115,1167.420260362171,337.94031014033726,412.57634673345655,322.70358383678763,577.7499313408988,110.19598543167115
2026-01-26 12:00:00+00:00,2543.63,470.90067,442.07,580.59,539.78,265.63,2592.825455449516,460.2850336016599,442.4440642016665,648.8051181377248,498.06192718292175,139.3627726824907,1167.420260362171,337.94031014033726,412.57634673345655,322.70358383678763,577.7499313408988,110.19598543167115,1167.420260362171,337.94031014033726,412.57634673345655,322.70358383678763,577.7499313408988,110.19598543167115
2026-01-26 13:00:00+00:00,2496.8,474.31198,451.06,502.13,542.22,265.52,2611.4050134104623,434.5818569201623,445.4683185104077,624.6332460076324,556.6497049945224,127.7018536586092,1167.420260362171,337.94031014033726,412.57634673345655,322.70358383678763,577.7499313408988,110.19598543167115,1167.420260362171,337.94031014033726,412.57634673345655,322.70358383678763,577.7499313408988,110.19598543167115
2026-01-26 14:00:00+00:00,2469.56,477.72333,462.07,533.94,539.7,267.64,2704.952511799581,433.30549040428207,461.702269685585,701.9585558464153,578.9664661875329,121.09030333488425,1167.420260362171,337.94031014033726,412.57634673345655,322.70358383678763,577.7499313408988,110.19598543167115,1167.420260362171,337.94031014033726,412.57634673345655,322.70358383678763,577.7499313408988,110.19598543167115
2026-01-26 15:00:00+00:00,2443.94,481.13467,494.39,483.33,560.15,149.79,2720.0796749674623,435.8078337315702,484.4193216935665,829.7241868463383,581.4813366267803,127.03146508857385,1167.420260362171,337.94031014033726,412.57634673345655,322.70358383678763,577.7499313408988,110.19598543167115,1167.420260362171,337.94031014033726,412.57634673345655,322.70358383678763,577.7499313408988,110.19598543167115
2026-01-26 16:00:00+00:00,2244.53,484.546,512.61,980.67,553.44,143.88,2783.2633675918833,464.453956633184,493.3122015583313,1097.2637529553783,527.8025880398478,133.54242584844445,1167.420260362171,337.94031014033726,412.57634673345655,322.70358383678763,577.7499313408988,110.19598543167115,1167.420260362171,337.94031014033726,412.57634673345655,322.70358383678763,577.7499313408988,110.19598543167115
2026-01-26 17:00:00+00:00,2209.74,487.95734,514.3,1042.47,544.77,144.17,2957.253498186694,471.54426050809553,495.43821571945693,1073.9938463338003,438.65257934327843,139.4626810337294,1167.420260362171,337.94031014033726,412.57634673345655,322.70358383678763,577.7499313408988,110.19598543167115,1167.420260362171,337.94031014033726,412.57634673345655,322.70358383678763,577.7499313408988,110.19598543167115
2026-01-26 18:00:00+00:00,2314.94,491.36865,498.2,818.24,486.84,142.99,2665.914250669433,468.16265192421474,498.40528892157977,1071.6553285779207,412.11992844330143,144.88366792560436,1167.420260362171,337.94031014033726,412.57634673345655,322.70358383678763,577.7499313408988,110.19598543167115,1167.420260362171,337.94031014033726,412.57634673345655,322.70358383678763,577.7499313408988,110.19598543167115
2026-01-26 19:00:00+00:00,2348.97,494.78,481.38,402.67,488.65,146.23,2681.1479867150765,452.7562961380381,486.65004167222446,830.4657989330785,402.9255710669042,146.03547300130356,1167.420260362171,337.94031014033726,412.57634673345655,322.70358383678763,577.7499313408988,110.19598543167115,1167.420260362171,337.94031014033726,412.57634673345655,322.70358383678763,577.7499313408988,110.19598543167115
2026-01-26 20:00:00+00:00,2371.06,435.2,466.88,309.96,459.7,146.96,2539.8581271481926,445.94391776035036,473.4317059455198,501.53544127300853,366.7658787058747,144.55756828079996,1167.420260362171,337.94031014033726,412.57634673345655,322.70358383678763,577.7499313408988,110.19598543167115,1167.420260362171,337.94031014033726,412.57634673345655,322.70358383678763,577.7499313408988,110.19598543167115
2026-01-26 21:00:00+00:00,2398.43,433.66,453.32,131.54001,401.02,149.44,2572.9016809169207,446.61086010692213,462.9228330465736,325.1217627676321,371.1621442226135,138.64565335977503,1167.420260362171,337.94031014033726,412.57634673345655,322.70358383678763,577.7499313408988,110.19598543167115,1167.420260362171,337.94031014033726,412.57634673345655,322.70358383678763,577.7499313408988,110.19598543167115
2026-01-26 22:00:00+00:00,2389.5,410.45,436.96,25.54999,417.18,149.46,2378.8666053148727,437.5023182568439,451.1641759875187,197.37845189510034,374.2248128808078,132.1689522601502,1167.420260362171,337.94031014033726,412.57634673345655,322.70358383678763,577.7499313408988,110.19598543167115,1167.420260362171,337.94031014033726,412.57634673345655,322.70358383678763,577.7499313408988,110.19598543167115
2026-01-26 23:00:00+00:00,2245.9,404.49,427.7,33.03,408.27,146.81,2348.966553582555,437.9476367734177,435.4571173873995,219.99015426804021,389.3230173456649,143.27518407918257,1167.420260362171,337.94031014033726,412.57634673345655,322.70358383678763,577.7499313408988,110.19598543167115,1167.420260362171,337.94031014033726,412.57634673345655,322.70358383678763,577.7499313408988,110.19598543167115
2026-01-27 00:00:00+00:00,2276.53,404.59,418.81,47.320007,450.94,146.78,2361.7731248251584,416.977813881538,427.3617710279414,151.95275746335267,433.57273025617553,140.51362707999667,1167.420260362171,337.94031014033726,412.57634673345655,322.70358383678763,577.7499313408988,110.19598543167115,1167.420260362171,337.94031014033726,412.57634673345655,322.70358383678763,577.7499313408988,110.19598543167115
2026-01-27 01:00:00+00:00,2363.26,404.61,418.22,77.5,422.54,145.21,2201.6123054865857,404.4389670579285,420.6150563996525,149.57375033390602,403.64054017725357,141.74405447107273,1167.420260362171,337.94031014033726,412.57634673345655,322.70358383678763,577.7499313408988,110.19598543167115,1167.420260362171,337.94031014033726,412.57634673345655,322.70358383678763,577.7499313408988,110.19598543167115
2026-01-27 02:00:00+00:00,2456.98,404.53,417.16,39.070007,398.06,164.11,2187.1623259298067,417.6446865773243,422.7262114865731,145.99276735638918,417.24383257585873,140.15132326794551,1167.420260362171,337.94031014033726,412.57634673345655,322.70358383678763,577.7499313408988,110.19598543167115,1167.420260362171,337.94031014033726,412.57634673345655,322.70358383678763,577.7499313408988,110.19598543167115
2026-01-27 03:00:00+00:00,2518.05,403.75,419.82,99.09,411.31,277.17,2278.873068560525,428.7201246866512,432.68295541262023,157.2511152992803,426.6834045635152,145.20306604454473,1167.420260362171,337.94031014033726,412.57634673345655,322.70358383678763,577.7499313408988,110.19598543167115,1167.420260362171,337.94031014033726,412.57634673345655,322.70358383678763,577.7499313408988,110.19598543167115
2026-01-27 04:00:00+00:00,2492.17,435.63,434.0,192.0,424.62,273.462,2331.732752130528,440.85271173272304,433.411335008797,206.60606461491864,424.89857454134983,136.63596218692328,1167.420260362171,337.94031014033726,412.57634673345655,322.70358383678763,577.7499313408988,110.19598543167115,1167.420260362171,337.94031014033726,412.57634673345655,322.70358383678763,577.7499313408988,110.19598543167115
2026-01-27 05:00:00+00:00,2454.59,463.25,453.35,1085.73,534.04,269.754,2227.624111364419,447.1546043316495,460.62436589518074,417.61815842554836,406.62356400336876,144.88410215944504,1167.420260362171,337.94031014033726,412.57634673345655,322.70358383678763,577.7499313408988,110.19598543167115,1167.420260362171,337.94031014033726,412.57634673345655,322.70358383678763,577.7499313408988,110.19598543167115
2026-01-27 06:00:00+00:00,2435.55,463.285,476.65,1259.68,594.87,266.04602,2547.3084837728043,463.46790723206675,480.75057207038157,777.62057762733,655.5140281732027,217.58501361482553,1167.420260362171,337.94031014033726,412.57634673345655,322.70358383678763,577.7499313408988,110.19598543167115,1167.420260362171,337.94031014033726,412.57634673345655,322.70358383678763,577.7499313408988,110.19598543167115
2026-01-27 07:00:00+00:00,2451.73,463.32,493.83,1299.7,604.21,262.338,2736.078332119354,451.19312333370823,485.9233291710814,1199.35230386565,541.9810863453343,221.40848164734098,1167.420260362171,337.94031014033726,412.57634673345655,322.70358383678763,577.7499313408988,110.19598543167115,1167.420260362171,337.94031014033726,412.57634673345655,322.70358383678763,577.7499313408988,110.19598543167115
2026-01-27 08:00:00+00:00,2487.46,463.355,493.09,955.2,549.32,258.63,2560.857556832656,437.6157346661232,480.2185072955891,975.9183832244446,486.9356513122211,150.8605593562792,1167.420260362171,337.94031014033726,412.57634673345655,322.70358383678763,577.7499313408988,110.19598543167115,1167.420260362171,337.94031014033726,412.57634673345655,322.70358383678763,577.7499313408988,110.19598543167115
2026-01-27 09:00:00+00:00,2683.9,463.39,469.44,254.99,527.38,148.63,2669.057954423867,439.8033605069114,473.26218319574656,457.6899441368188,480.7238137650667,152.96407511498148,1167.420260362171,337.94031014033726,412.57634673345655,322.70358383678763,577.7499313408988,110.19598543167115,1167.420260362171,337.94031014033726,412.57634673345655,322.70358383678763,577.7499313408988,110.19598543167115
2026-01-27 10:00:00+00:00,2822.28,354.94,457.13,209.07002,470.07,150.03,2482.83048928805,387.66830265640846,455.5406846104266,274.25787827574237,538.0170400301488,168.53692610319277,1167.420260362171,337.94031014033726,412.57634673345655,322.70358383678763,577.7499313408988,110.19598543167115,1167.420260362171,337.94031014033726,412.57634673345655,322.70358383678763,577.7499313408988,110.19598543167115
2026-01-27 11:00:00+00:00,2789.48,333.88,448.81,96.0,440.73,147.59,2526.5018091894,376.21954470648205,446.6151531984189,191.39254332619907,576.2884887478073,161.02040848582305,1167.420260362171,337.94031014033726,412.57634673345655,322.70358383678763,577.7499313408988,110.19598543167115,1167.420260362171,337.94031014033726,412.57634673345655,322.70358383678763,577.7499313408988,110.19598543167115
2026-01-27 12:00:00+00:00,2770.9,333.96,443.97,15.899995,419.4,147.97,2364.2782558321965,367.7787628451365,441.3159403134035,232.7301502233546,604.2776572191054,141.4793845811027,1167.420260362171,337.94031014033726,412.57634673345655,322.70358383678763,577.7499313408988,110.19598543167115,1167.420260362171,337.94031014033726,412.57634673345655,322.70358383678763,577.7499313408988,110.19598543167115
2026-01-27 13:00:00+00:00,2853.06,333.91,458.05,39.600006,398.09998,142.77,2371.0362707628665,360.7074055433123,447.5476847879445,326.40734452952285,580.1843787023349,140.9949093300483,1167.420260362171,337.94031014033726,412.57634673345655,322.70358383678763,577.7499313408988,110.19598543167115,1167.420260362171,337.94031014033726,412.57634673345655,322.70358383678763,577.7499313408988,110.19598543167115
2026-01-27 14:00:00+00:00,2967.3398,333.65,480.5,62.45999,377.62,144.52,2501.1374228197287,385.7980042328093,466.0952846515155,624.1117064456935,597.6758533999425,154.6656359086407,1167.420260362171,337.94031014033726,412.57634673345655,322.70358383678763,577.7499313408988,110.19598543167115,1167.420260362171,337.94031014033726,412.57634673345655,322.70358383678763,577.7499313408988,110.19598543167115
2026-01-27 15:00:00+00:00,2969.78,343.8,502.56,139.37,378.87997,144.88,2625.264283284401,384.32501272323327,489.0357625842208,674.3276675454307,635.4292730448576,148.12869204132335,1167.420260362171,337.94031014033726,412.57634673345655,322.70358383678763,577.7499313408988,110.19598543167115,1167.420260362171,337.94031014033726,412.57634673345655,322.70358383678763,577.7499313408988,110.19598543167115
2026-01-27 16:00:00+00:00,2955.96,373.83,518.65,139.92,390.85,142.94,2797.0134597145725,413.33974479871745,504.1743174349258,527.3723700524981,518.1422946910909,180.21888566982858,1167.420260362171,337.94031014033726,412.57634673345655,322.70358383678763,577.7499313408988,110.19598543167115,1167.420260362171,337.94031014033726,412.57634673345655,322.70358383678763,577.7499313408988,110.19598543167115
2026-01-27 17:00:00+00:00,2950.09,392.54,513.64,259.28,409.34,143.29,2789.099538562801,440.45690425577385,502.7176706937295,439.72280491026635,486.62249854866366,179.94996631256504,1167.420260362171,337.94031014033726,412.57634673345655,322.70358383678763,577.7499313408988,110.19598543167115,1167.420260362171,337.94031014033726,412.57634673345655,322.70358383678763,577.7499313408988,110.19598543167115
2026-01-27 18:00:00+00:00,2958.1296,403.17,510.89,253.03,404.36,143.77,2679.968619627435,445.01628888315395,492.1525528421876,437.1183251563575,492.44874446044867,179.18519726451893,1167.420260362171,337.94031014033726,412.57634673345655,322.70358383678763,577.7499313408988,110.19598543167115,1167.420260362171,337.94031014033726,412.57634673345655,322.70358383678763,577.7499313408988,110.19598543167115
2026-01-27 19:00:00+00:00,2960.69,404.36,494.19,254.05,382.27,145.17,2586.854826484763,441.04100340725404,483.67326199860406,359.3514276265654,477.3418461596841,166.5487278223688,1167.420260362171,337.94031014033726,412.57634673345655,322.70358383678763,577.7499313408988,110.19598543167115,1167.420260362171,337.94031014033726,412.57634673345655,322.70358383678763,577.7499313408988,110.19598543167115
2026-01-27 20:00:00+00:00,2958.55,404.3,481.77,559.03,364.86996,145.86,2617.867096700319,446.18522230877505,465.54684775662804,278.2109224821544,434.7156362640817,149.760853875483,1167.420260362171,337.94031014033726,412.57634673345655,322.70358383678763,577.7499313408988,110.19598543167115,1167.420260362171,337.94031014033726,412.57634673345655,322.70358383678763,577.7499313408988,110.19598543167115
2026-01-27 21:00:00+00:00,2705.4,404.5,465.17,614.49,340.78,147.3,2559.544567236781,442.6955873450529,453.19337739920604,221.38836525164692,399.1980756085575,146.90854110204762,1167.420260362171,337.94031014033726,412.57634673345655,322.70358383678763,577.7499313408988,110.19598543167115,1167.420260362171,337.94031014033726,412.57634673345655,322.70358383678763,577.7499313408988,110.19598543167115
2026-01-27 22:00:00+00:00,2469.0,404.67,450.9,164.46,338.96,147.41,2450.0544578955837,440.17857844575144,436.3254291112593,206.14662278576853,377.50232805199835,143.75153296405185,1167.420260362171,337.94031014033726,412.57634673345655,322.70358383678763,577.7499313408988,110.19598543167115,1167.420260362171,337.94031014033726,412.57634673345655,322.70358383678763,577.7499313408988,110.19598543167115
2026-01-27 23:00:00+00:00,2469.08,378.38,434.31,148.2,331.35,141.6,2434.2320753979893,441.29239334040625,427.3434490251791,128.82774051409336,387.0009656417475,147.06475359712786,1167.420260362171,337.94031014033726,412.57634673345655,322.70358383678763,577.7499313408988,110.19598543167115,1167.420260362171,337.94031014033726,412.57634673345655,322.70358383678763,577.7499313408988,110.19598543167115
2026-01-28 00:00:00+00:00,2412.21,373.78,432.03,168.76,329.04,143.05,2448.0655502523086,428.2380958418161,421.1391065340026,69.67386716503106,403.1407635292132,148.526664167667,1167.420260362171,337.94031014033726,412.57634673345655,322.70358383678763,577.7499313408988,110.19598543167115,1167.420260362171,337.94031014033726,412.57634673345655,322.70358383678763,577.7499313408988,110.19598543167115
2026-01-28 01:00:00+00:00,2418.88,373.87,425.59,186.78,327.53,145.73,2381.5002880662005,420.297235251593,422.2971239767811,56.03711156622995,384.29461525187776,142.65735156891643,1167.420260362171,337.94031014033726,412.57634673345655,322.70358383678763,577.7499313408988,110.19598543167115,1167.420260362171,337.94031014033726,412.57634673345655,322.70358383678763,577.7499313408988,110.19598543167115
2026-01-28 02:00:00+00:00,2664.36,373.79,426.97,83.59,330.24,146.61,2398.884870965998,430.37417970452157,425.42710459969004,107.32458668432514,372.36506852548155,146.65702829950453,1167.420260362171,337.94031014033726,412.57634673345655,322.70358383678763,577.7499313408988,110.19598543167115,1167.420260362171,337.94031014033726,412.57634673345655,322.70358383678763,577.7499313408988,110.19598543167115
2026-01-28 03:00:00+00:00,3003.01,373.47,432.85,73.61,330.39996,143.49,2311.357726427099,441.75099531550995,431.3351667629819,87.44458102556007,389.55627891090097,140.05126606484035,1167.420260362171,337.94031014033726,412.57634673345655,322.70358383678763,577.7499313408988,110.19598543167115,1167.420260362171,337.94031014033726,412.57634673345655,322.70358383678763,577.7499313408988,110.19598543167115
2026-01-28 04:00:00+00:00,3314.04,373.51,441.16,106.44,331.25,140.45,2570.248743394118,449.1084461249513,434.25501776865207,200.46667878585532,385.4161370546277,135.14448625765183,1167.420260362171,337.94031014033726,412.57634673345655,322.70358383678763,577.7499313408988,110.19598543167115,1167.420260362171,337.94031014033726,412.57634673345655,322.70358383678763,577.7499313408988,110.19598543167115
2026-01-28 05:00:00+00:00,3640.77,407.73,456.17,282.55,333.84,141.5,2776.648188341873,423.4436144130428,456.0252221524444,309.7042460715595,412.7381880599214,153.41489316704875,1167.420260362171,337.94031014033726,412.57634673345655,322.70358383678763,577.7499313408988,110.19598543167115,1167.420260362171,337.94031014033726,412.57634673345655,322.70358383678763,577.7499313408988,110.19598543167115
2026-01-28 06:00:00+00:00,3827.16,451.9,482.71,602.91,411.36,141.32,2838.822087262727,438.6459661443662,483.54678407385467,686.3313769050906,501.0215827448725,188.0288841209514,1167.420260362171,337.94031014033726,412.57634673345655,322.70358383678763,577.7499313408988,110.19598543167115,1167.420260362171,337.94031014033726,412.57634673345655,322.70358383678763,577.7499313408988,110.19598543167115
2026-01-28 07:00:00+00:00,3817.39,452.9,498.47,1122.11,445.61,141.24,2922.8479580158682,445.5541478865171,489.8521009147252,925.1321063221054,477.12437929306174,172.9048626440121,1167.420260362171,337.94031014033726,412.57634673345655,322.70358383678763,577.7499313408988,110.19598543167115,1167.420260362171,337.94031014033726,412.57634673345655,322.70358383678763,577.7499313408988,110.19598543167115
2026-01-28 08:00:00+00:00,3751.29,438.2,497.35,1134.1699,484.01,136.97,2983.764230741728,442.56364063760583,490.28466156005106,910.9607978794684,458.78620035734,190.348669862463,1167.420260362171,337.94031014033726,412.57634673345655,322.70358383678763,577.7499313408988,110.19598543167115,1167.420260362171,337.94031014033726,412.57634673345655,322.70358383678763,577.7499313408988,110.19598543167115
2026-01-28 09:00:00+00:00,3778.06,388.11,484.31,867.91,472.15,142.63,2948.4825990646086,433.51373881806745,479.2763141778844,643.1878577166685,447.4547731815875,164.84916256307048,1167.420260362171,337.94031014033726,412.57634673345655,322.70358383678763,577.7499313408988,110.19598543167115,1167.420260362171,337.94031014033726,412.57634673345655,322.70358383678763,577.7499313408988,110.19598543167115
2026-01-28 10:00:00+00:00,3811.32,373.04,467.85,383.55,505.69,145.35,2904.862031328794,439.1055229069759,461.7838766389381,483.7802298980379,413.6337083549181,166.53233049672687,1167.420260362171,337.94031014033726,412.57634673345655,322.70358383678763,577.7499313408988,110.19598543167115,1167.420260362171,337.94031014033726,412.57634673345655,322.70358383678763,577.7499313408988,110.19598543167115
2026-01-28 11:00:00+00:00,3771.73,372.87,457.6,799.18,560.91,141.62,2892.1741866814023,444.08057847850466,447.97808538630585,597.0970864800304,465.70641950882424,164.13262539539966,1167.420260362171,337.94031014033726,412.57634673345655,322.70358383678763,577.7499313408988,110.19598543167115,1167.420260362171,337.94031014033726,412.57634673345655,322.70358383678763,577.7499313408988,110.19598543167115
2026-01-28 12:00:00+00:00,3763.51,372.85,453.79,762.0,562.73,142.64,2900.433035777857,417.87518521778765,450.6695046325819,591.072634855387,416.32389038509984,168.8338319342156,1167.420260362171,337.94031014033726,412.57634673345655,322.70358383678763,577.7499313408988,110.19598543167115,1167.420260362171,337.94031014033726,412.57634673345655,322.70358383678763,577.7499313408988,110.19598543167115
2026-01-28 13:00:00+00:00,3781.01,373.05,461.4,736.78,552.37,140.87,2845.614454248147,418.43620680754816,451.6740328710669,704.0864063454724,481.53088076559004,193.86566591740902,1167.420260362171,337.94031014033726,412.57634673345655,322.70358383678763,577.7499313408988,110.19598543167115,1167.420260362171,337.94031014033726,412.57634673345655,322.70358383678763,577.7499313408988,110.19598543167115
2026-01-28 14:00:00+00:00,3798.51,440.46,483.91,548.9,444.87,293.5,2922.121350888975,422.72471274895946,469.8502236624619,825.8921251080081,479.6934962869296,193.0958154321002,1167.420260362171,337.94031014033726,412.57634673345655,322.70358383678763,577.7499313408988,110.19598543167115,1167.420260362171,337.94031014033726,412.57634673345655,322.70358383678763,577.7499313408988,110.19598543167115
2026-01-28 15:00:00+00:00,3816.01,416.99,508.96,379.24,416.34,274.22665,2883.5239020073404,435.1029964337015,490.0587557817336,834.6805305632306,475.9916191087114,162.25339172073626,1167.420260362171,337.94031014033726,412.57634673345655,322.70358383678763,577.7499313408988,110.19598543167115,1167.420260362171,337.94031014033726,412.57634673345655,322.70358383678763,577.7499313408988,110.19598543167115
2026-01-28 16:00:00+00:00,3735.4849,480.64,520.54,650.72,443.89,254.95332,2824.0886485171322,453.97109550968383,499.09934339297064,759.5171805035991,394.7739991668079,198.1312571103653,1167.420260362171,337.94031014033726,412.57634673345655,322.70358383678763,577.7499313408988,110.19598543167115,1167.420260362171,337.94031014033726,412.57634673345655,322.70358383678763,577.7499313408988,110.19598543167115
2026-01-28 17:00:00+00:00,3654.96,464.625,517.77,1044.23,442.21,235.68,2775.594861411791,452.3435307646085,499.9566599769212,466.2212051131952,388.8477407830833,186.37182636415724,1167.420260362171,337.94031014033726,412.57634673345655,322.70358383678763,577.7499313408988,110.19598543167115,1167.420260362171,337.94031014033726,412.57634673345655,322.70358383678763,577.7499313408988,110.19598543167115
2026-01-28 18:00:00+00:00,3549.86,448.61,504.77,466.66,446.53,140.94,2690.1890164021097,441.89051074985116,495.0441758720425,417.4852990936895,426.27759610409396,183.08427178186744,1167.420260362171,337.94031014033726,412.57634673345655,322.70358383678763,577.7499313408988,110.19598543167115,1167.420260362171,337.94031014033726,412.57634673345655,322.70358383678763,577.7499313408988,110.19598543167115
2026-01-28 19:00:00+00:00,3545.55,373.35,480.73,349.68,436.58,142.5,2715.6327416752606,436.36770555036827,479.8462916864264,268.03313616059603,421.70506517427617,176.00187290703298,1167.420260362171,337.94031014033726,412.57634673345655,322.70358383678763,577.7499313408988,110.19598543167115,1167.420260362171,337.94031014033726,412.57634673345655,322.70358383678763,577.7499313408988,110.19598543167115
2026-01-28 20:00:00+00:00,3354.79,373.39,462.82,39.48001,365.53,142.5,2619.73129513613,427.55353737608357,465.0479081859024,180.95238799296652,415.7248332050791,150.84352688760458,1167.420260362171,337.94031014033726,412.57634673345655,322.70358383678763,577.7499313408988,110.19598543167115,1167.420260362171,337.94031014033726,412.57634673345655,322.70358383678763,577.7499313408988,110.19598543167115
2026-01-28 21:00:00+00:00,3018.0398,373.72,448.68,54.48001,368.06,143.43,2346.067893137675,441.1378898271494,451.4504891308923,150.79888743622442,397.25600851314897,141.66853535499746,1167.420260362171,337.94031014033726,412.57634673345655,322.70358383678763,577.7499313408988,110.19598543167115,1167.420260362171,337.94031014033726,412.57634673345655,322.70358383678763,577.7499313408988,110.19598543167115
2026-01-28 22:00:00+00:00,2901.88,373.79,434.14,66.67999,382.33,145.5,2151.0240979256937,455.45432302093076,440.30880526484975,81.42279329112853,368.74575677798975,137.79736762877542,1167.420260362171,337.94031014033726,412.57634673345655,322.70358383678763,577.7499313408988,110.19598543167115,1167.420260362171,337.94031014033726,412.57634673345655,322.70358383678763,577.7499313408988,110.19598543167115
2026-01-28 23:00:00+00:00,2682.84,374.0,424.96,73.28999,384.92,146.02,1927.9423194734745,450.88447579823,431.62086216191824,51.484563936465236,362.6997981954853,137.775186696901,1167.420260362171,337.94031014033726,412.57634673345655,322.70358383678763,577.7499313408988,110.19598543167115,1167.420260362171,337.94031014033726,412.57634673345655,322.70358383678763,577.7499313408988,110.19598543167115
2026-01-29 00:00:00+00:00,2414.2,373.94,421.67,53.089996,384.85,146.1,1919.7699497318742,409.2377550589816,423.28248499100806,32.78552467353194,360.3662729699543,138.35380891453124,1167.420260362171,337.94031014033726,412.57634673345655,322.70358383678763,577.7499313408988,110.19598543167115,1167.420260362171,337.94031014033726,412.57634673345655,322.70358383678763,577.7499313408988,110.19598543167115
2026-01-29 01:00:00+00:00,2353.32,373.81,420.0,24.160006,400.43,144.96,1911.9415599136337,409.2377550589816,418.30921753405096,9.278660395555221,355.58254459953514,139.96053501819688,1167.420260362171,337.94031014033726,412.57634673345655,322.70358383678763,577.7499313408988,110.19598543167115,1167.420260362171,337.94031014033726,412.57634673345655,322.70358383678763,577.7499313408988,110.19598543167115
2026-01-29 02:00:00+00:00,2334.13,373.85,420.35,19.04999,414.36,145.08,1959.420238538041,427.5529044056307,420.2949069347015,8.943272916382568,355.15134403123295,147.22482299032828,1167.420260362171,337.94031014033726,412.57634673345655,322.70358383678763,577.7499313408988,110.19598543167115,1167.420260362171,337.94031014033726,412.57634673345655,322.70358383678763,577.7499313408988,110.19598543167115
2026-01-29 03:00:00+00:00,2407.54,373.76,423.68,29.179995,436.85,139.8,2052.5367630444766,429.0352787586153,429.18103055551035,31.88716013041096,362.55727919610376,139.07089188107022,1167.420260362171,337.94031014033726,412.57634673345655,322.70358383678763,577.7499313408988,110.19598543167115,1167.420260362171,337.94031014033726,412.57634673345655,322.70358383678763,577.7499313408988,110.19598543167115
2026-01-29 04:00:00+00:00,2729.34,370.18,434.57,78.15001,391.59998,139.15,2165.2531229746814,442.35156752264226,433.5178151657505,73.41631825839394,348.67901734295924,146.35495809393825,1167.420260362171,337.94031014033726,412.57634673345655,322.70358383678763,577.7499313408988,110.19598543167115,1167.420260362171,337.94031014033726,412.57634673345655,322.70358383678763,577.7499313408988,110.19598543167115
2026-01-29 05:00:00+00:00,3256.99,379.95,454.29,233.04,440.52,135.08,2305.422392437359,423.500148238158,455.83895837011954,126.84426079519884,369.6550871749754,149.42864196844704,1167.420260362171,337.94031014033726,412.57634673345655,322.70358383678763,577.7499313408988,110.19598543167115,1167.420260362171,337.94031014033726,412.57634673345655,322.70358383678763,577.7499313408988,110.19598543167115
2026-01-29 06:00:00+00:00,3349.88,486.97,490.62,817.09,480.1,154.11,2653.8800146361364,439.6562467621477,485.0376255946956,679.0557187748773,426.30351299658116,183.33193096441005,1167.420260362171,337.94031014033726,412.57634673345655,322.70358383678763,577.7499313408988,110.19598543167115,1167.420260362171,337.94031014033726,412.57634673345655,322.70358383678763,577.7499313408988,110.19598543167115
2026-01-29 07:00:00+00:00,3329.43,486.64847,505.16,1495.4,507.46,159.822,2769.660163629014,459.6272679533705,495.2985577031585,825.7030546777623,459.9728197524069,184.98432513027745,1167.420260362171,337.94031014033726,412.57634673345655,322.70358383678763,577.7499313408988,110.19598543167115,1167.420260362171,337.94031014033726,412.57634673345655,322.70358383678763,577.7499313408988,110.19598543167115
2026-01-29 08:00:00+00:00,3084.44,486.32693,494.85,1497.025,529.31,165.534,2831.161560573946,460.6219213186511,496.0770980682083,877.0343805014681,428.35666705789606,199.80755201858102,1167.420260362171,337.94031014033726,412.57634673345655,322.70358383678763,577.7499313408988,110.19598543167115,1167.420260362171,337.94031014033726,412.57634673345655,322.70358383678763,577.7499313408988,110.19598543167115
2026-01-29 09:00:00+00:00,3033.08,486.0054,466.03,1498.65,457.84,171.246,2732.887623629661,459.7938607976899,486.4459152899381,895.1031584484102,402.9114960294521,206.32799469931808,1167.420260362171,337.94031014033726,412.57634673345655,322.70358383678763,577.7499313408988,110.19598543167115,1167.420260362171,337.94031014033726,412.57634673345655,322.70358383678763,577.7499313408988,110.19598543167115
2026-01-29 10:00:00+00:00,3030.1997,485.68384,449.81,1489.89,453.35,176.958,2658.820219796794,453.7420367711329,473.1928103534352,778.8308584350572,396.32425032967365,186.96604522999132,1167.420260362171,337.94031014033726,412.57634673345655,322.70358383678763,577.7499313408988,110.19598543167115,1167.420260362171,337.94031014033726,412.57634673345655,322.70358383678763,577.7499313408988,110.19598543167115
2026-01-29 11:00:00+00:00,3027.69,485.3623,433.23,1042.49,404.07,182.67,2688.616368284803,459.8032941740864,461.07411960408047,751.914828144071,386.436417975236,192.43606980874557,1167.420260362171,337.94031014033726,412.57634673345655,322.70358383678763,577.7499313408988,110.19598543167115,1167.420260362171,337.94031014033726,412.57634673345655,322.70358383678763,577.7499313408988,110.19598543167115
2026-01-29 12:00:00+00:00,3032.09,485.04077,429.55,1362.55,456.07,134.4,2622.334425804946,460.6395543093226,454.4123258122406,782.9156497891673,471.8902090336338,174.16908056345724,1167.420260362171,337.94031014033726,412.57634673345655,322.70358383678763,577.7499313408988,110.19598543167115,1167.420260362171,337.94031014033726,412.57634673345655,322.70358383678763,577.7499313408988,110.19598543167115
2026-01-29 13:00:00+00:00,3015.69,484.71924,443.86,1147.9651,466.42,139.36,2621.243813393137,457.06330563552604,458.7609693860533,737.1480365989876,462.10314024669714,171.49784962805643,1167.420260362171,337.94031014033726,412.57634673345655,322.70358383678763,577.7499313408988,110.19598543167115,1167.420260362171,337.94031014033726,412.57634673345655,322.70358383678763,577.7499313408988,110.19598543167115
2026-01-29 14:00:00+00:00,3009.8896,484.3977,465.54,933.38,395.29,139.3,2634.106387448003,445.86218757912013,474.42825179591193,739.0082783244862,516.0575374173925,193.358928908953,1167.420260362171,337.94031014033726,412.57634673345655,322.70358383678763,577.7499313408988,110.19598543167115,1167.420260362171,337.94031014033726,412.57634673345655,322.70358383678763,577.7499313408988,110.19598543167115
2026-01-29 15:00:00+00:00,3024.71,484.07617,495.09,967.51,404.85,141.8,2573.6685149332034,446.3041174458881,497.53869739530484,778.7769578536511,505.5915893584676,169.53384659401655,1167.420260362171,337.94031014033726,412.57634673345655,322.70358383678763,577.7499313408988,110.19598543167115,1167.420260362171,337.94031014033726,412.57634673345655,322.70358383678763,577.7499313408988,110.19598543167115
2026-01-29 16:00:00+00:00,2991.15,483.7546,517.65,1145.88,407.26,258.92,2395.720821309353,452.98339151688435,507.5881556539582,778.2737902782522,447.296044954217,192.011974031524,1167.420260362171,337.94031014033726,412.57634673345655,322.70358383678763,577.7499313408988,110.19598543167115,1167.420260362171,337.94031014033726,412.57634673345655,322.70358383678763,577.7499313408988,110.19598543167115
2026-01-29 17:00:00+00:00,3040.01,483.43307,515.43,1149.52,440.4,254.16,2491.1035796285178,450.1658477709202,502.8243130762453,878.5727196588856,381.1811006019883,200.05015605885035,1167.420260362171,337.94031014033726,412.57634673345655,322.70358383678763,577.7499313408988,110.19598543167115,1167.420260362171,337.94031014033726,412.57634673345655,322.70358383678763,577.7499313408988,110.19598543167115
2026-01-29 18:00:00+00:00,2997.65,483.11154,503.82,721.83,517.59,249.4,2451.3570656605943,460.47126608345354,501.2622469336956,618.0985679818443,449.2736449648023,198.95736499379,1167.420260362171,337.94031014033726,412.57634673345655,322.70358383678763,577.7499313408988,110.19598543167115,1167.420260362171,337.94031014033726,412.57634673345655,322.70358383678763,577.7499313408988,110.19598543167115
2026-01-29 19:00:00+00:00,2982.2698,482.79,481.17,482.85,468.62,138.46,2550.5271687093928,432.2550742756957,489.32489749047255,467.6214582547419,397.4749492812217,184.24182141936166,1167.420260362171,337.94031014033726,412.57634673345655,322.70358383678763,577.7499313408988,110.19598543167115,1167.420260362171,337.94031014033726,412.57634673345655,322.70358383678763,577.7499313408988,110.19598543167115
2026-01-29 20:00:00+00:00,3179.43,373.82,464.98,556.37,435.91,136.79,2449.940204712958,438.6865338634264,469.4481750711193,383.25790906627884,357.6329435224877,158.41415854955233,1167.420260362171,337.94031014033726,412.57634673345655,322.70358383678763,577.7499313408988,110.19598543167115,1167.420260362171,337.94031014033726,412.57634673345655,322.70358383678763,577.7499313408988,110.19598543167115
2026-01-29 21:00:00+00:00,2813.15,373.71,446.76,715.82,445.01,138.25,2521.984933760767,404.33649170946325,452.16406774615086,220.55038246870402,351.9158852141897,139.28516497382884,1167.420260362171,337.94031014033726,412.57634673345655,322.70358383678763,577.7499313408988,110.19598543167115,1167.420260362171,337.94031014033726,412.57634673345655,322.70358383678763,577.7499313408988,110.19598543167115
2026-01-29 22:00:00+00:00,2647.05,373.79,431.77,377.0,425.69,143.03,2363.110204597558,415.76106890248457,448.35143883949854,54.72640948046353,334.4733639881881,143.3057598118374,1167.420260362171,337.94031014033726,412.57634673345655,322.70358383678763,577.7499313408988,110.19598543167115,1167.420260362171,337.94031014033726,412.57634673345655,322.70358383678763,577.7499313408988,110.19598543167115
2026-01-29 23:00:00+00:00,2955.2698,373.95,421.09,72.359985,383.15,141.65,2220.8578579180416,431.0390197099172,430.3227827012403,62.70659299316708,328.887934913551,140.68359994163066,1167.420260362171,337.94031014033726,412.57634673345655,322.70358383678763,577.7499313408988,110.19598543167115,1167.420260362171,337.94031014033726,412.57634673345655,322.70358383678763,577.7499313408988,110.19598543167115
2026-01-30 00:00:00+00:00,2727.15,373.89,413.52,103.3,371.65,139.95,2285.957513981073,433.9080625029141,425.9286536446633,64.85501351389621,358.8633577333012,141.80079607086782,1167.420260362171,337.94031014033726,412.57634673345655,322.70358383678763,577.7499313408988,110.19598543167115,1167.420260362171,337.94031014033726,412.57634673345655,322.70358383678763,577.7499313408988,110.19598543167115
2026-01-30 01:00:00+00:00,2547.75,373.79,406.9,104.81998,369.02997,139.18,2202.425155955983,415.3868755701147,419.1969819538404,48.66648130883175,341.9402093890081,142.39526356266134,1167.420260362171,337.94031014033726,412.57634673345655,322.70358383678763,577.7499313408988,110.19598543167115,1167.420260362171,337.94031014033726,412.57634673345655,322.70358383678763,577.7499313408988,110.19598543167115
2026-01-30 02:00:00+00:00,2338.8,373.62,407.43,90.43999,363.31,139.11,2109.258075772597,416.7620959195913,420.7779720047878,32.055396025905964,308.7446838266173,140.29695776808427,1167.420260362171,337.94031014033726,412.57634673345655,322.70358383678763,577.7499313408988,110.19598543167115,1167.420260362171,337.94031014033726,412.57634673345655,322.70358383678763,577.7499313408988,110.19598543167115
2026-01-30 03:00:00+00:00,2356.46,374.21,413.71,88.72,358.17,137.6,2030.1255415629216,422.8378249900346,430.16102042896136,31.948298408166295,330.5295653700493,136.33235142652285,1167.420260362171,337.94031014033726,412.57634673345655,322.70358383678763,577.7499313408988,110.19598543167115,1167.420260362171,337.94031014033726,412.57634673345655,322.70358383678763,577.7499313408988,110.19598543167115
2026-01-30 04:00:00+00:00,2538.65,374.16,425.51,134.34,356.36,138.73,2378.76266959224,413.79319051037027,435.887538234686,123.44520042972573,334.0387142348567,141.41319955923342,1167.420260362171,337.94031014033726,412.57634673345655,322.70358383678763,577.7499313408988,110.19598543167115,1167.420260362171,337.94031014033726,412.57634673345655,322.70358383678763,577.7499313408988,110.19598543167115
2026-01-30 05:00:00+00:00,2676.78,373.82,457.5,431.02,395.46,136.86,2420.3795600648245,413.8327487621858,463.29897673716624,361.64536970384245,332.6135915746522,156.93991840513593,1167.420260362171,337.94031014033726,412.57634673345655,322.70358383678763,577.7499313408988,110.19598543167115,1167.420260362171,337.94031014033726,412.57634673345655,322.70358383678763,577.7499313408988,110.19598543167115
2026-01-30 06:00:00+00:00,2673.95,464.41,493.93,697.69,434.72,225.89,2623.232216008779,429.69960879043225,490.9794573407574,727.2791856962494,412.8198265379114,174.87924553030058,1167.420260362171,337.94031014033726,412.57634673345655,322.70358383678763,577.7499313408988,110.19598543167115,1167.420260362171,337.94031014033726,412.57634673345655,322.70358383678763,577.7499313408988,110.19598543167115
2026-01-30 07:00:00+00:00,2668.38,462.92,508.77,851.32,399.2,205.75,2569.433234482106,461.82657219767384,499.65176517441654,1112.1406471499872,480.4170057015162,180.26919362814476,1167.420260362171,337.94031014033726,412.57634673345655,322.70358383678763,577.7499313408988,110.19598543167115,1167.420260362171,337.94031014033726,412.57634673345655,322.70358383678763,577.7499313408988,110.19598543167115
2026-01-30 08:00:00+00:00,2646.29,461.43,502.56,1363.49,393.38,185.61,2640.9478689703583,438.33469890120216,495.12879968812587,842.4510842643875,410.1755766763743,191.79692144862938,1167.420260362171,337.94031014033726,412.57634673345655,322.70358383678763,577.7499313408988,110.19598543167115,1167.420260362171,337.94031014033726,412.57634673345655,322.70358383678763,577.7499313408988,110.19598543167115
2026-01-30 09:00:00+00:00,2600.88,459.94,479.2,1094.25,382.4,165.47,2636.835428583243,445.84584432437373,474.19911971613874,670.8068242736445,384.414581494623,156.29077007323744,1167.420260362171,337.94031014033726,412.57634673345655,322.70358383678763,577.7499313408988,110.19598543167115,1167.420260362171,337.94031014033726,412.57634673345655,322.70358383678763,577.7499313408988,110.19598543167115
2026-01-30 10:00:00+00:00,2596.94,426.19,455.84,733.72,361.15,151.56,2672.5562261294463,450.14683702783566,462.6498920460166,243.22121587758812,373.67036505211144,181.21679082424916,1167.420260362171,337.94031014033726,412.57634673345655,322.70358383678763,577.7499313408988,110.19598543167115,1167.420260362171,337.94031014033726,412.57634673345655,322.70358383678763,577.7499313408988,110.19598543167115
2026-01-30 11:00:00+00:00,2707.42,404.25,444.68,465.63,364.89,155.17,2595.573961144448,442.7114975327644,450.9106877118108,262.39612340550514,415.52019881922087,169.79350248898115,1167.420260362171,337.94031014033726,412.57634673345655,322.70358383678763,577.7499313408988,110.19598543167115,1167.420260362171,337.94031014033726,412.57634673345655,322.70358383678763,577.7499313408988,110.19598543167115
2026-01-30 12:00:00+00:00,2814.77,404.48,438.36,161.14,364.96,153.0,2553.5527172232146,437.62185060239824,447.04705397969485,254.26241690864472,451.1002790163542,160.82027250641463,1167.420260362171,337.94031014033726,412.57634673345655,322.70358383678763,577.7499313408988,110.19598543167115,1167.420260362171,337.94031014033726,412.57634673345655,322.70358383678763,577.7499313408988,110.19598543167115
2026-01-30 13:00:00+00:00,2880.9,404.23,442.54,100.989975,365.25998,149.99,2602.909417740253,425.1951891229879,453.8465362658052,346.11190014803486,533.7452943684525,149.12147960307908,1167.420260362171,337.94031014033726,412.57634673345655,322.70358383678763,577.7499313408988,110.19598543167115,1167.420260362171,337.94031014033726,412.57634673345655,322.70358383678763,577.7499313408988,110.19598543167115
2026-01-30 14:00:00+00:00,2947.64,404.22,461.18,407.27,440.04,147.85,2501.2402908668378,414.5355653057925,468.55971246354994,509.2252125252928,525.56198615818,135.16828535944708,1167.420260362171,337.94031014033726,412.57634673345655,322.70358383678763,577.7499313408988,110.19598543167115,1167.420260362171,337.94031014033726,412.57634673345655,322.70358383678763,577.7499313408988,110.19598543167115
2026-01-30 15:00:00+00:00,2979.6396,404.05,489.51,547.05,421.13,141.31,2567.5590943400985,431.9793168312889,495.4870996233785,664.4488008234433,537.6544692133524,157.29568173095072,1167.420260362171,337.94031014033726,412.57634673345655,322.70358383678763,577.7499313408988,110.19598543167115,1167.420260362171,337.94031014033726,412.57634673345655,322.70358383678763,577.7499313408988,110.19598543167115
2026-01-30 16:00:00+00:00,3142.53,404.15,510.02,690.72,378.74,143.8,2654.7308412105767,415.6336804623618,504.78449561983774,570.8972769608208,574.2042802588882,159.03521634535326,1167.420260362171,337.94031014033726,412.57634673345655,322.70358383678763,577.7499313408988,110.19598543167115,1167.420260362171,337.94031014033726,412.57634673345655,322.70358383678763,577.7499313408988,110.19598543167115
2026-01-30 17:00:00+00:00,3104.98,404.14,517.54,689.7,367.06,144.90445,2762.959099920548,448.1528875610087,496.0531131988034,714.1653062728567,388.7368129161073,173.1066983479941,1167.420260362171,337.94031014033726,412.57634673345655,322.70358383678763,577.7499313408988,110.19598543167115,1167.420260362171,337.94031014033726,412.57634673345655,322.70358383678763,577.7499313408988,110.19598543167115
2026-01-30 18:00:00+00:00,3124.42,404.19,513.55,296.55,410.24,146.0089,2693.5491739617823,423.96991114374543,492.6504021186271,327.8553104198378,394.83833202341634,158.04577731552286,1167.420260362171,337.94031014033726,412.57634673345655,322.70358383678763,577.7499313408988,110.19598543167115,1167.420260362171,337.94031014033726,412.57634673345655,322.70358383678763,577.7499313408988,110.19598543167115
2026-01-30 19:00:00+00:00,3012.8699,404.33,496.3,99.03,383.97,147.11334,2563.5727192913573,441.2201645023647,479.43207479117973,214.60002303308852,396.03763337695716,146.57050773186162,1167.420260362171,337.94031014033726,412.57634673345655,322.70358383678763,577.7499313408988,110.19598543167115,1167.420260362171,337.94031014033726,412.57634673345655,322.70358383678763,577.7499313408988,110.19598543167115
2026-01-30 20:00:00+00:00,2974.7397,404.35,471.14,24.79999,351.88,148.21779,2306.1504522875302,435.14878373956986,460.2999767268181,129.2225416011944,361.11294085166475,142.12270469363654,1167.420260362171,337.94031014033726,412.57634673345655,322.70358383678763,577.7499313408988,110.19598543167115,1167.420260362171,337.94031014033726,412.57634673345655,322.70358383678763,577.7499313408988,110.19598543167115
2026-01-30 21:00:00+00:00,2957.2,398.26,454.66,88.37999,357.33,149.32222,2271.1888849319666,437.64479302154234,445.29043396623166,72.31665475139658,355.8405609681787,156.34824542716376,1167.420260362171,337.94031014033726,412.57634673345655,322.70358383678763,577.7499313408988,110.19598543167115,1167.420260362171,337.94031014033726,412.57634673345655,322.70358383678763,577.7499313408988,110.19598543167115
2026-01-30 22:00:00+00:00,2918.44,374.04,435.61,57.29001,341.19,150.42667,2059.7324417234804,443.94039553812934,437.244170030296,89.40505648866892,338.86517111669167,147.1327934235148,1167.420260362171,337.94031014033726,412.57634673345655,322.70358383678763,577.7499313408988,110.19598543167115,1167.420260362171,337.94031014033726,412.57634673345655,322.70358383678763,577.7499313408988,110.19598543167115
2026-01-30 23:00:00+00:00,3099.8198,374.01,423.47,101.90001,353.3,151.53111,1910.2800509570216,406.33212039397336,424.93378012119047,27.58814647209283,328.71987830444016,144.10709670077978,1167.420260362171,337.94031014033726,412.57634673345655,322.70358383678763,577.7499313408988,110.19598543167115,1167.420260362171,337.94031014033726,412.57634673345655,322.70358383678763,577.7499313408988,110.19598543167115
2026-01-31 00:00:00+00:00,3224.75,374.18,417.52,34.839996,349.94,152.63556,1905.6394700527765,392.2567831189863,421.5234508075321,56.602316338424544,399.8170479280029,138.68610373050788,1167.420260362171,337.94031014033726,412.57634673345655,322.70358383678763,577.7499313408988,110.19598543167115,1167.420260362171,337.94031014033726,412.57634673345655,322.70358383678763,577.7499313408988,110.19598543167115
2026-01-31 01:00:00+00:00,3318.88,374.07,413.23,26.839998,353.42,153.74,1816.9375731395621,394.27880875538955,417.1126180672488,52.24821804615016,391.9219709730002,146.39515603616067,1167.420260362171,337.94031014033726,412.57634673345655,322.70358383678763,577.7499313408988,110.19598543167115,1167.420260362171,337.94031014033726,412.57634673345655,322.70358383678763,577.7499313408988,110.19598543167115
2026-01-31 02:00:00+00:00,3095.0098,374.04,415.58,69.40999,351.39,139.55,1881.2903622236422,392.4679274097515,417.3463747246692,51.14883842254443,364.03970847623793,151.20421323006937,1167.420260362171,337.94031014033726,412.57634673345655,322.70358383678763,577.7499313408988,110.19598543167115,1167.420260362171,337.94031014033726,412.57634673345655,322.70358383678763,577.7499313408988,110.19598543167115
2026-01-31 03:00:00+00:00,2871.95,374.43,420.13,21.369997,352.51,137.82,1788.2668814035833,391.2972105122207,422.5314076385979,30.322626814266528,347.92580450486867,137.56685076142787,1167.420260362171,337.94031014033726,412.57634673345655,322.70358383678763,577.7499313408988,110.19598543167115,1167.420260362171,337.94031014033726,412.57634673345655,322.70358383678763,577.7499313408988,110.19598543167115
2026-01-31 04:00:00+00:00,2646.25,374.5,434.23,19.79001,356.69,136.71,2078.181396608921,386.0400584608968,438.04270799477155,22.547374230489424,357.6009898485855,151.8628570412692,1167.420260362171,337.94031014033726,412.57634673345655,322.70358383678763,577.7499313408988,110.19598543167115,1167.420260362171,337.94031014033726,412.57634673345655,322.70358383678763,577.7499313408988,110.19598543167115
2026-01-31 05:00:00+00:00,2317.1,374.49,461.83,17.730013,339.1,134.12,1989.8102449702437,386.7043689458908,455.64863177584374,55.54030663692362,344.44847609711,157.26743749496143,1167.420260362171,337.94031014033726,412.57634673345655,322.70358383678763,577.7499313408988,110.19598543167115,1167.420260362171,337.94031014033726,412.57634673345655,322.70358383678763,577.7499313408988,110.19598543167115
2026-01-31 06:00:00+00:00,2208.48,374.33,499.97,47.51001,340.27,134.85,1787.5943589743965,363.8919193644929,477.3838742999401,115.60996263750806,491.2987388779088,120.47641170404654,1167.420260362171,337.94031014033726,412.57634673345655,322.70358383678763,577.7499313408988,110.19598543167115,1167.420260362171,337.94031014033726,412.57634673345655,322.70358383678763,577.7499313408988,110.19598543167115
2026-01-31 07:00:00+00:00,2534.93,373.7,518.89,38.070007,339.25,131.33,1138.209009194308,363.6588287253443,489.6074254551376,306.81239811905,404.1087562647301,129.43028381276454,1167.420260362171,337.94031014033726,412.57634673345655,322.70358383678763,577.7499313408988,110.19598543167115,1167.420260362171,337.94031014033726,412.57634673345655,322.70358383678763,577.7499313408988,110.19598543167115
2026-01-31 08:00:00+00:00,2801.48,373.77,509.01,16.78,332.06,133.12,1398.3062113969713,372.9475994106983,495.8684895710273,304.4886780954688,466.69734112269407,120.6222108765937,1167.420260362171,337.94031014033726,412.57634673345655,322.70358383678763,577.7499313408988,110.19598543167115,1167.420260362171,337.94031014033726,412.57634673345655,322.70358383678763,577.7499313408988,110.19598543167115
2026-01-31 09:00:00+00:00,2668.9,373.81,480.64,16.450014,332.50998,135.08,1537.7617012934438,387.3087454307234,476.8366708074867,164.5102901119381,470.13124163770476,123.2881085009608,1167.420260362171,337.94031014033726,412.57634673345655,322.70358383678763,577.7499313408988,110.19598543167115,1167.420260362171,337.94031014033726,412.57634673345655,322.70358383678763,577.7499313408988,110.19598543167115
2026-01-31 10:00:00+00:00,2518.1,373.88,459.45,44.820007,331.45,135.58,1625.1190069601005,388.48403683371606,452.9961635260848,119.51320169230777,478.0594643591939,124.23672088556141,1167.420260362171,337.94031014033726,412.57634673345655,322.70358383678763,577.7499313408988,110.19598543167115,1167.420260362171,337.94031014033726,412.57634673345655,322.70358383678763,577.7499313408988,110.19598543167115
2026-01-31 11:00:00+00:00,2423.36,374.09,444.83,57.98999,327.49,139.97,1737.4037409256084,380.2085797230011,449.1193855854542,128.73456311928805,503.7487665034427,119.4441079386454,1167.420260362171,337.94031014033726,412.57634673345655,322.70358383678763,577.7499313408988,110.19598543167115,1167.420260362171,337.94031014033726,412.57634673345655,322.70358383678763,577.7499313408988,110.19598543167115
2026-01-31 12:00:00+00:00,2393.85,367.3,432.54,16.970003,333.07,138.44,1838.2111535775427,377.44428886962623,450.55861143663566,80.82859723144207,462.96519293982436,121.35585644663051,1167.420260362171,337.94031014033726,412.57634673345655,322.70358383678763,577.7499313408988,110.19598543167115,1167.420260362171,337.94031014033726,412.57634673345655,322.70358383678763,577.7499313408988,110.19598543167115
2026-01-31 13:00:00+00:00,2225.32,361.61,433.22,17.359987,331.66,141.18,1809.8529145809114,381.0227513768755,455.1855680661931,110.49651838117347,439.76538883789516,117.76599765247823,1167.420260362171,337.94031014033726,412.57634673345655,322.70358383678763,577.7499313408988,110.19598543167115,1167.420260362171,337.94031014033726,412.57634673345655,322.70358383678763,577.7499313408988,110.19598543167115
2026-01-31 14:00:00+00:00,2212.27,361.63,454.86,147.0,332.67,140.7,1494.4315043984016,382.0701423148989,461.9973486752783,139.24427434700698,424.13277761867835,125.64767463333149,1167.420260362171,337.94031014033726,412.57634673345655,322.70358383678763,577.7499313408988,110.19598543167115,1167.420260362171,337.94031014033726,412.57634673345655,322.70358383678763,577.7499313408988,110.19598543167115
2026-01-31 15:00:00+00:00,2244.5,361.66,487.79,192.67,334.75998,139.31,1798.3796197908823,368.05133857083115,489.1656432336367,375.9652181790573,417.0568887879493,123.39607150071605,1167.420260362171,337.94031014033726,412.57634673345655,322.70358383678763,577.7499313408988,110.19598543167115,1167.420260362171,337.94031014033726,412.57634673345655,322.70358383678763,577.7499313408988,110.19598543167115
2026-01-31 16:00:00+00:00,2610.46,372.76,511.59,222.79001,351.04996,138.73,2160.749582961288,381.6275987063027,501.03304810526276,402.9670323804157,501.3531171700844,118.20643171286422,1167.420260362171,337.94031014033726,412.57634673345655,322.70358383678763,577.7499313408988,110.19598543167115,1167.420260362171,337.94031014033726,412.57634673345655,322.70358383678763,577.7499313408988,110.19598543167115
2026-01-31 17:00:00+00:00,2689.82,373.68,511.01,217.5,348.7,143.23,2228.354936382517,401.5458662594105,501.8913877737604,442.8039034935164,396.48040205586244,136.18504321177335,1167.420260362171,337.94031014033726,412.57634673345655,322.70358383678763,577.7499313408988,110.19598543167115,1167.420260362171,337.94031014033726,412.57634673345655,322.70358383678763,577.7499313408988,110.19598543167115
2026-01-31 18:00:00+00:00,2701.92,373.75,497.56,51.23999,354.83,145.69,2109.511906226649,413.98671596279223,497.5852988403219,183.83199985815287,376.5638351765966,135.97972247870422,1167.420260362171,337.94031014033726,412.57634673345655,322.70358383678763,577.7499313408988,110.19598543167115,1167.420260362171,337.94031014033726,412.57634673345655,322.70358383678763,577.7499313408988,110.19598543167115
2026-01-31 19:00:00+00:00,2646.01,373.82,478.3,65.600006,343.84,143.9,1830.7693691803445,396.49420250146034,484.1750550475366,204.3072828507435,378.26039676346943,138.14409933152433,1167.420260362171,337.94031014033726,412.57634673345655,322.70358383678763,577.7499313408988,110.19598543167115,1167.420260362171,337.94031014033726,412.57634673345655,322.70358383678763,577.7499313408988,110.19598543167115
2026-01-31 20:00:00+00:00,2509.87,373.83,463.16,36.53,341.63,142.22,1739.610325928322,406.0509015276841,468.139196882056,161.55904371580218,361.95035937675345,139.87443766010514,1167.420260362171,337.94031014033726,412.57634673345655,322.70358383678763,577.7499313408988,110.19598543167115,1167.420260362171,337.94031014033726,412.57634673345655,322.70358383678763,577.7499313408988,110.19598543167115
2026-01-31 21:00:00+00:00,2456.95,374.01,451.69,60.48001,349.7,145.45,2020.823201651659,405.20891610725306,453.3516957872226,95.06178749325176,357.0363784527292,141.06734950366544,1167.420260362171,337.94031014033726,412.57634673345655,322.70358383678763,577.7499313408988,110.19598543167115,1167.420260362171,337.94031014033726,412.57634673345655,322.70358383678763,577.7499313408988,110.19598543167115
2026-01-31 22:00:00+00:00,2385.15,374.24,436.47,20.260012,342.05,139.89,1838.7239798909027,387.4053219873325,441.60701136278226,54.402679690736306,355.28023731384826,141.72081128084136,1167.420260362171,337.94031014033726,412.57634673345655,322.70358383678763,577.7499313408988,110.19598543167115,1167.420260362171,337.94031014033726,412.57634673345655,322.70358383678763,577.7499313408988,110.19598543167115
2026-01-31 23:00:00+00:00,1907.99,373.55,423.37,9.980012,346.16,139.28,1709.9605532795558,383.86289314054386,426.0344394742621,20.879848823836085,350.8991559156135,140.12364413868713,1167.420260362171,337.94031014033726,412.57634673345655,322.70358383678763,577.7499313408988,110.19598543167115,1167.420260362171,337.94031014033726,412.57634673345655,322.70358383678763,577.7499313408988,110.19598543167115
2026-02-01 00:00:00+00:00,1901.59,372.16,418.0,1.8399974,338.06,141.39,1780.073336158913,382.83785699619466,414.5825205231063,31.197985890224174,344.61448313389013,135.05448433427716,1167.420260362171,337.94031014033726,412.57634673345655,322.70358383678763,577.7499313408988,110.19598543167115,1167.420260362171,337.94031014033726,412.57634673345655,322.70358383678763,577.7499313408988,110.19598543167115
2026-02-01 01:00:00+00:00,1919.93,374.86,413.48,5.389985,340.2,141.65,1985.3750546195581,377.0542766988804,414.8517186600375,41.783063492363794,351.53488481045633,138.2345203770646,1167.420260362171,337.94031014033726,412.57634673345655,322.70358383678763,577.7499313408988,110.19598543167115,1167.420260362171,337.94031014033726,412.57634673345655,322.70358383678763,577.7499313408988,110.19598543167115
2026-02-01 02:00:00+00:00,1856.55,375.07,413.87,4.399995,337.28,142.22,1717.2519201807804,378.2275625339438,413.7263478434824,35.68891572585096,329.88641880789896,136.13682262931707,1167.420260362171,337.94031014033726,412.57634673345655,322.70358383678763,577.7499313408988,110.19598543167115,1167.420260362171,337.94031014033726,412.57634673345655,322.70358383678763,577.7499313408988,110.19598543167115
2026-02-01 03:00:00+00:00,1850.11,374.98,418.14,7.850007,332.7,140.62,1602.9197185367345,377.40028689062297,415.6606536617332,27.038624617284768,337.67943543371666,136.69159907477805,1167.420260362171,337.94031014033726,412.57634673345655,322.70358383678763,577.7499313408988,110.19598543167115,1167.420260362171,337.94031014033726,412.57634673345655,322.70358383678763,577.7499313408988,110.19598543167115
2026-02-01 04:00:00+00:00,1840.24,374.82,430.41,2.399995,316.66,138.69,1886.3279528885953,377.2381964819778,432.3466547333802,34.83699717635153,341.7967832791506,136.1766513061145,1167.420260362171,337.94031014033726,412.57634673345655,322.70358383678763,577.7499313408988,110.19598543167115,1167.420260362171,337.94031014033726,412.57634673345655,322.70358383678763,577.7499313408988,110.19598543167115
2026-02-01 05:00:00+00:00,1842.22,374.82,453.86,18.339998,316.59,134.37,1776.5027601175416,382.3541406916398,454.2582303730238,55.74304519146091,345.639463218355,138.36888188985995,1167.420260362171,337.94031014033726,412.57634673345655,322.70358383678763,577.7499313408988,110.19598543167115,1167.420260362171,337.94031014033726,412.57634673345655,322.70358383678763,577.7499313408988,110.19598543167115
2026-02-01 06:00:00+00:00,1836.63,374.6,487.94,65.32001,310.96,132.99,1677.6080240811903,354.17811042970953,477.1641865468499,128.74883892971877,516.4121462887329,109.84744139906542,1167.420260362171,337.94031014033726,412.57634673345655,322.70358383678763,577.7499313408988,110.19598543167115,1167.420260362171,337.94031014033726,412.57634673345655,322.70358383678763,577.7499313408988,110.19598543167115
2026-02-01 07:00:00+00:00,1945.41,374.48,504.22,113.83998,316.03,131.88,1070.3166351931227,358.8392640715355,486.95823743149384,117.73871603332981,438.92312107418604,121.8267108764544,1167.420260362171,337.94031014033726,412.57634673345655,322.70358383678763,577.7499313408988,110.19598543167115,1167.420260362171,337.94031014033726,412.57634673345655,322.70358383678763,577.7499313408988,110.19598543167115
2026-02-01 08:00:00+00:00,2067.33,374.78,497.16,32.359985,319.35,141.49,1187.0145660195344,358.64408536914704,482.9161367821001,133.83140742996906,441.40090405754114,123.15038907633785,1167.420260362171,337.94031014033726,412.57634673345655,322.70358383678763,577.7499313408988,110.19598543167115,1167.420260362171,337.94031014033726,412.57634673345655,322.70358383678763,577.7499313408988,110.19598543167115
2026-02-01 09:00:00+00:00,2051.57,374.18,469.55,66.41998,324.27,141.8,1321.4268824479504,376.56891936489905,474.8750929072732,129.84802777743104,433.823466664236,126.39091214111201,1167.420260362171,337.94031014033726,412.57634673345655,322.70358383678763,577.7499313408988,110.19598543167115,1167.420260362171,337.94031014033726,412.57634673345655,322.70358383678763,577.7499313408988,110.19598543167115
2026-02-01 10:00:00+00:00,1913.98,374.19,447.18,116.23999,336.08997,143.56,1493.7447583050541,386.16542475975166,451.5934500846407,51.41288657494829,448.434752942443,123.22833851024204,1167.420260362171,337.94031014033726,412.57634673345655,322.70358383678763,577.7499313408988,110.19598543167115,1167.420260362171,337.94031014033726,412.57634673345655,322.70358383678763,577.7499313408988,110.19598543167115
2026-02-01 11:00:00+00:00,1872.11,374.19,431.1,15.26999,332.9,142.31,1820.5408328650446,377.47458715522134,442.17750319429956,57.55183988889388,432.87463688031744,124.71985839536848,1167.420260362171,337.94031014033726,412.57634673345655,322.70358383678763,577.7499313408988,110.19598543167115,1167.420260362171,337.94031014033726,412.57634673345655,322.70358383678763,577.7499313408988,110.19598543167115
2026-02-01 12:00:00+00:00,1877.17,374.19,430.01,71.129974,335.89,141.24,1499.2739931958904,340.29847101165456,439.83107663358595,58.34015973365746,414.95281391878615,121.14637705031892,1167.420260362171,337.94031014033726,412.57634673345655,322.70358383678763,577.7499313408988,110.19598543167115,1167.420260362171,337.94031014033726,412.57634673345655,322.70358383678763,577.7499313408988,110.19598543167115
2026-02-01 13:00:00+00:00,1867.14,374.08,440.94,100.87999,337.7,138.54,1428.0322739685344,339.1955069176993,448.9892312986165,56.0524001190326,431.7547846348818,121.8354105660418,1167.420260362171,337.94031014033726,412.57634673345655,322.70358383678763,577.7499313408988,110.19598543167115,1167.420260362171,337.94031014033726,412.57634673345655,322.70358383678763,577.7499313408988,110.19598543167115
2026-02-01 14:00:00+00:00,2084.85,374.17,457.77,34.600006,326.38,138.81,1345.2310070110202,341.1758269241855,463.6294596012377,196.42826758809937,446.44257720442897,122.08253653522058,1167.420260362171,337.94031014033726,412.57634673345655,322.70358383678763,577.7499313408988,110.19598543167115,1167.420260362171,337.94031014033726,412.57634673345655,322.70358383678763,577.7499313408988,110.19598543167115
2026-02-01 15:00:00+00:00,2316.52,374.06,494.12,46.350006,318.32,138.32,1337.8782041356908,354.87856645805516,491.9470413838975,415.76453140596203,467.1926772855997,129.11943337762165,1167.420260362171,337.94031014033726,412.57634673345655,322.70358383678763,577.7499313408988,110.19598543167115,1167.420260362171,337.94031014033726,412.57634673345655,322.70358383678763,577.7499313408988,110.19598543167115
2026-02-01 16:00:00+00:00,2512.13,373.96,517.39,133.46999,313.66,138.27,1625.5282478402717,378.74089641908193,502.79308787079606,579.0212286852159,476.2803282997207,115.1223009209991,1167.420260362171,337.94031014033726,412.57634673345655,322.70358383678763,577.7499313408988,110.19598543167115,1167.420260362171,337.94031014033726,412.57634673345655,322.70358383678763,577.7499313408988,110.19598543167115
2026-02-01 17:00:00+00:00,2766.51,373.8,516.48,683.79,314.49,139.58,2216.239294250874,406.40298375668306,501.67415891242376,518.2507644749626,380.1793662145262,138.8349484214686,1167.420260362171,337.94031014033726,412.57634673345655,322.70358383678763,577.7499313408988,110.19598543167115,1167.420260362171,337.94031014033726,412.57634673345655,322.70358383678763,577.7499313408988,110.19598543167115
2026-02-01 18:00:00+00:00,2909.94,373.74,506.47,92.86,316.51,140.26,2203.3285312146018,405.7669767990112,500.6383520545876,272.8918760670803,349.62408382192734,139.7619100650563,1167.420260362171,337.94031014033726,412.57634673345655,322.70358383678763,577.7499313408988,110.19598543167115,1167.420260362171,337.94031014033726,412.57634673345655,322.70358383678763,577.7499313408988,110.19598543167115
2026-02-01 19:00:00+00:00,2931.99,378.46,491.21,150.64,309.64,140.38,2120.046148990688,398.99008223644694,485.56149818123356,178.71385620950676,354.5577475110241,139.72042786309558,1167.420260362171,337.94031014033726,412.57634673345655,322.70358383678763,577.7499313408988,110.19598543167115,1167.420260362171,337.94031014033726,412.57634673345655,322.70358383678763,577.7499313408988,110.19598543167115
2026-02-01 20:00:00+00:00,2928.14,398.78,472.98,51.51001,308.61,141.81,2196.6522364547363,393.9042517558736,469.8384853936171,174.36844977937494,344.4928503826717,141.31019928860715,1167.420260362171,337.94031014033726,412.57634673345655,322.70358383678763,577.7499313408988,110.19598543167115,1167.420260362171,337.94031014033726,412.57634673345655,322.70358383678763,577.7499313408988,110.19598543167115
2026-02-01 21:00:00+00:00,2854.12,404.38,458.53,36.45999,314.95,145.58,2145.5206618298553,391.60276639714624,455.0765603660254,137.68340484919224,362.830110179038,139.17812883124583,1167.420260362171,337.94031014033726,412.57634673345655,322.70358383678763,577.7499313408988,110.19598543167115,1167.420260362171,337.94031014033726,412.57634673345655,322.70358383678763,577.7499313408988,110.19598543167115
2026-02-01 22:00:00+00:00,2575.28,404.4,442.95,1.4599925,312.12,142.55,1964.9105545795312,392.38426354452497,447.37139471987,82.96783142479427,343.30077877790205,152.62139869159233,1167.420260362171,337.94031014033726,412.57634673345655,322.70358383678763,577.7499313408988,110.19598543167115,1167.420260362171,337.94031014033726,412.57634673345655,322.70358383678763,577.7499313408988,110.19598543167115
2026-02-01 23:00:00+00:00,2305.97,404.44,430.66,53.26001,323.73,143.04,1809.1562667764858,390.6669037089868,429.02926834855356,38.892076752492926,345.7806769381875,140.21818387623836,1167.420260362171,337.94031014033726,412.57634673345655,322.70358383678763,577.7499313408988,110.19598543167115,1167.420260362171,337.94031014033726,412.57634673345655,322.70358383678763,577.7499313408988,110.19598543167115
2026-02-02 00:00:00+00:00,2300.21,405.07,420.31,59.639984,327.13,140.3,1607.2087219625025,408.4674547062647,413.60652573373613,37.533095846699496,362.7362474194805,138.36346401884188,1167.420260362171,337.94031014033726,412.57634673345655,322.70358383678763,577.7499313408988,110.19598543167115,1167.420260362171,337.94031014033726,412.57634673345655,322.70358383678763,577.7499313408988,110.19598543167115
2026-02-02 01:00:00+00:00,2316.27,405.33,417.11,38.179993,327.95,142.08,1492.7928795278763,404.82491252968197,416.3801659196372,62.80531630381489,349.6546791099288,139.2625996614862,1167.420260362171,337.94031014033726,412.57634673345655,322.70358383678763,577.7499313408988,110.19598543167115,1167.420260362171,337.94031014033726,412.57634673345655,322.70358383678763,577.7499313408988,110.19598543167115
2026-02-02 02:00:00+00:00,2354.05,405.21,415.67,0.64999497,336.24,142.79,1877.1432811131167,402.22194974648687,416.98980470260506,54.62023400828019,336.287200481926,149.65053956213882,1167.420260362171,337.94031014033726,412.57634673345655,322.70358383678763,577.7499313408988,110.19598543167115,1167.420260362171,337.94031014033726,412.57634673345655,322.70358383678763,577.7499313408988,110.19598543167115
2026-02-02 03:00:00+00:00,2444.96,404.94,417.36,3.5400097,326.95,141.81,2113.6913528372634,403.21240827976726,420.33833015992985,53.87232808674628,346.4483124235219,150.55268392676118,1167.420260362171,337.94031014033726,412.57634673345655,322.70358383678763,577.7499313408988,110.19598543167115,1167.420260362171,337.94031014033726,412.57634673345655,322.70358383678763,577.7499313408988,110.19598543167115
2026-02-02 04:00:00+00:00,2765.84,404.82,427.53,49.809998,330.88998,142.1,2196.889672171129,400.98822436898615,429.61398961229776,61.41545449766892,374.640010676764,139.20245434081642,1167.420260362171,337.94031014033726,412.57634673345655,322.70358383678763,577.7499313408988,110.19598543167115,1167.420260362171,337.94031014033726,412.57634673345655,322.70358383678763,577.7499313408988,110.19598543167115
2026-02-02 05:00:00+00:00,3067.03,404.67,447.38,237.7,330.37,138.45,2451.945086808205,421.3484069096102,456.0937968304014,201.7361350688025,358.1392533719646,142.84901085990975,1167.420260362171,337.94031014033726,412.57634673345655,322.70358383678763,577.7499313408988,110.19598543167115,1167.420260362171,337.94031014033726,412.57634673345655,322.70358383678763,577.7499313408988,110.19598543167115
2026-02-02 06:00:00+00:00,3077.74,404.61,478.34,659.31,356.97,137.86,2602.8376009598496,380.0170105029615,478.0082783853359,490.1438699954108,525.5170672472906,123.57820053552112,1167.420260362171,337.94031014033726,412.57634673345655,322.70358383678763,577.7499313408988,110.19598543167115,1167.420260362171,337.94031014033726,412.57634673345655,322.70358383678763,577.7499313408988,110.19598543167115
2026-02-02 07:00:00+00:00,3017.33,404.43,494.67,1215.6898,423.94,138.03,2589.186874859477,391.020296147876,488.83051710912815,692.7584333977914,479.14454946071817,171.95317897284028,1167.420260362171,337.94031014033726,412.57634673345655,322.70358383678763,577.7499313408988,110.19598543167115,1167.420260362171,337.94031014033726,412.57634673345655,322.70358383678763,577.7499313408988,110.19598543167115
2026-02-02 08:00:00+00:00,2893.06,404.11,487.25,1270.19,423.41,138.21,2880.234661305827,380.7877283943961,480.2429380835423,576.5988817604492,460.35767963481277,164.82391262818192,1167.420260362171,337.94031014033726,412.57634673345655,322.70358383678763,577.7499313408988,110.19598543167115,1167.420260362171,337.94031014033726,412.57634673345655,322.70358383678763,577.7499313408988,110.19598543167115
2026-02-02 09:00:00+00:00,2955.11,403.93,475.92,1149.04,408.01,139.81,2771.4566385714006,392.8794779969191,465.98699291852785,362.8342277862395,472.96914289158843,150.97146228974532,1167.420260362171,337.94031014033726,412.57634673345655,322.70358383678763,577.7499313408988,110.19598543167115,1167.420260362171,337.94031014033726,412.57634673345655,322.70358383678763,577.7499313408988,110.19598543167115
2026-02-02 10:00:00+00:00,2933.75,403.88,459.84,833.81,381.9,141.84,2562.6110583927557,378.13100076955453,438.7005491756192,339.6615415798792,461.56244517993355,151.1116934048058,1167.420260362171,337.94031014033726,412.57634673345655,322.70358383678763,577.7499313408988,110.19598543167115,1167.420260362171,337.94031014033726,412.57634673345655,322.70358383678763,577.7499313408988,110.19598543167115
2026-02-02 11:00:00+00:00,2933.67,403.92,446.76,489.36,349.61996,143.03,2522.896930951915,390.38896811610795,437.1011482677679,262.41040310452377,446.6300538665562,137.74913946886784,1167.420260362171,337.94031014033726,412.57634673345655,322.70358383678763,577.7499313408988,110.19598543167115,1167.420260362171,337.94031014033726,412.57634673345655,322.70358383678763,577.7499313408988,110.19598543167115
2026-02-02 12:00:00+00:00,2952.04,405.64,441.37,204.22,355.2,142.39,2511.616260727617,391.78488729859845,443.6142450862252,173.9539214772261,469.7652006827416,141.8265074139793,1167.420260362171,337.94031014033726,412.57634673345655,322.70358383678763,577.7499313408988,110.19598543167115,1167.420260362171,337.94031014033726,412.57634673345655,322.70358383678763,577.7499313408988,110.19598543167115
2026-02-02 13:00:00+00:00,3040.12,433.28,445.2,365.34,342.53,144.13,2512.7668268152374,396.9423156878744,448.3536531168435,195.84458778016852,471.6230484537057,140.28945915680532,1167.420260362171,337.94031014033726,412.57634673345655,322.70358383678763,577.7499313408988,110.19598543167115,1167.420260362171,337.94031014033726,412.57634673345655,322.70358383678763,577.7499313408988,110.19598543167115
2026-02-02 14:00:00+00:00,3301.68,433.38,459.39,798.77,338.45,143.74,2321.9702189310165,394.57397874896674,462.0708628290246,203.69582964007117,473.1671569719486,135.25915800632632,1167.420260362171,337.94031014033726,412.57634673345655,322.70358383678763,577.7499313408988,110.19598543167115,1167.420260362171,337.94031014033726,412.57634673345655,322.70358383678763,577.7499313408988,110.19598543167115
2026-02-02 15:00:00+00:00,3381.46,437.35,492.44,585.17,334.12,143.05,2282.5144471403096,400.33332046011776,490.05183304452885,369.7940608000248,571.7204712243094,146.2227759272854,1167.420260362171,337.94031014033726,412.57634673345655,322.70358383678763,577.7499313408988,110.19598543167115,1167.420260362171,337.94031014033726,412.57634673345655,322.70358383678763,577.7499313408988,110.19598543167115
2026-02-02 16:00:00+00:00,3307.13,443.2,514.51,479.0,328.32,153.29,2337.573045346555,397.71485453972906,501.20392445575914,425.0972265783467,565.189786233364,144.69469358455075,1167.420260362171,337.94031014033726,412.57634673345655,322.70358383678763,577.7499313408988,110.19598543167115,1167.420260362171,337.94031014033726,412.57634673345655,322.70358383678763,577.7499313408988,110.19598543167115
2026-02-02 17:00:00+00:00,3388.61,443.57,515.74,1084.08,333.04,149.92667,2788.046743120635,432.9997384591188,504.1785923081858,458.54652191017533,415.39451673684823,156.61990087409032,1167.420260362171,337.94031014033726,412.57634673345655,322.70358383678763,577.7499313408988,110.19598543167115,1167.420260362171,337.94031014033726,412.57634673345655,322.70358383678763,577.7499313408988,110.19598543167115
2026-02-02 18:00:00+00:00,3260.43,443.63,511.9,1225.49,333.78,146.56332,2595.0473331838757,430.1104149396052,501.29012862005555,103.97135376780494,385.1115550435119,155.48271350157725,1167.420260362171,337.94031014033726,412.57634673345655,322.70358383678763,577.7499313408988,110.19598543167115,1167.420260362171,337.94031014033726,412.57634673345655,322.70358383678763,577.7499313408988,110.19598543167115
2026-02-02 19:00:00+00:00,3266.85,443.61,492.7,327.07,324.0,143.2,2319.982109042311,431.39891163447624,478.74659525742214,124.40807095730034,369.16698083594906,137.02247489107026,1167.420260362171,337.94031014033726,412.57634673345655,322.70358383678763,577.7499313408988,110.19598543167115,1167.420260362171,337.94031014033726,412.57634673345655,322.70358383678763,577.7499313408988,110.19598543167115
2026-02-02 20:00:00+00:00,3346.03,444.19,476.88,180.88,315.77,143.34,2300.0078447524043,438.86850231634145,467.96522591411735,163.31961955381485,377.11984571460835,137.95070657419353,1167.420260362171,337.94031014033726,412.57634673345655,322.70358383678763,577.7499313408988,110.19598543167115,1167.420260362171,337.94031014033726,412.57634673345655,322.70358383678763,577.7499313408988,110.19598543167115
2026-02-02 21:00:00+00:00,3488.24,444.68,459.08,91.869995,319.35,144.08,2393.9719931592845,439.4811498063919,451.717537610998,150.62342009914832,361.97793306678,142.83372348640935,1167.420260362171,337.94031014033726,412.57634673345655,322.70358383678763,577.7499313408988,110.19598543167115,1167.420260362171,337.94031014033726,412.57634673345655,322.70358383678763,577.7499313408988,110.19598543167115
2026-02-02 22:00:00+00:00,3207.33,444.81,442.44,17.04001,320.4,144.46,2118.734846916438,427.7120720068327,441.9531826024639,107.09085733118576,347.0934393665658,137.50696228551138,1167.420260362171,337.94031014033726,412.57634673345655,322.70358383678763,577.7499313408988,110.19598543167115,1167.420260362171,337.94031014033726,412.57634673345655,322.70358383678763,577.7499313408988,110.19598543167115
2026-02-02 23:00:00+00:00,2717.89,443.56,429.46,4.51999,345.98,144.77,1962.9411356405294,408.1775458706584,433.8004661350158,4.366891456666622,349.1054538715413,149.99006931494915,1167.420260362171,337.94031014033726,412.57634673345655,322.70358383678763,577.7499313408988,110.19598543167115,1167.420260362171,337.94031014033726,412.57634673345655,322.70358383678763,577.7499313408988,110.19598543167115
2026-02-03 00:00:00+00:00,2241.33,443.88,420.12,6.2799997,351.93,143.93,2155.393907341062,411.2804834204349,424.7867155875624,9.922549700366574,351.22592406980647,154.599060560642,1167.420260362171,337.94031014033726,412.57634673345655,322.70358383678763,577.7499313408988,110.19598543167115,1167.420260362171,337.94031014033726,412.57634673345655,322.70358383678763,577.7499313408988,110.19598543167115
2026-02-03 01:00:00+00:00,2102.47,443.94,415.99,2.2500012,354.84,142.35,2289.9096451311243,428.3954053086595,425.4493336332871,44.59021052265348,359.66795670049464,149.62838487839355,1167.420260362171,337.94031014033726,412.57634673345655,322.70358383678763,577.7499313408988,110.19598543167115,1167.420260362171,337.94031014033726,412.57634673345655,322.70358383678763,577.7499313408988,110.19598543167115
2026-02-03 02:00:00+00:00,2096.79,415.95,414.51,0.2699901,349.90997,141.43,2317.294967372224,414.1395611810839,423.4223974705214,16.698888175781235,350.45614508615427,152.59192497611292,1167.420260362171,337.94031014033726,412.57634673345655,322.70358383678763,577.7499313408988,110.19598543167115,1167.420260362171,337.94031014033726,412.57634673345655,322.70358383678763,577.7499313408988,110.19598543167115
2026-02-03 03:00:00+00:00,2135.54,411.49,417.66,0.7500011,350.93,142.09,2250.7636389633435,417.18806367055294,431.1934079935919,8.971001710852363,353.7939528902026,152.79811350926883,1167.420260362171,337.94031014033726,412.57634673345655,322.70358383678763,577.7499313408988,110.19598543167115,1167.420260362171,337.94031014033726,412.57634673345655,322.70358383678763,577.7499313408988,110.19598543167115
2026-02-03 04:00:00+00:00,2397.49,435.35,427.88,1.9400035,346.11,141.38,2293.9887008573205,412.89017432215184,436.69001512406146,45.638148453185465,338.30895166904236,150.61610876842693,1167.420260362171,337.94031014033726,412.57634673345655,322.70358383678763,577.7499313408988,110.19598543167115,1167.420260362171,337.94031014033726,412.57634673345655,322.70358383678763,577.7499313408988,110.19598543167115
2026-02-03 05:00:00+00:00,2662.9,441.3,459.16,51.23999,344.3,138.75,2661.2728299669243,426.6397965967583,468.1975461920913,228.64901071778513,352.56227220605786,171.4523680061336,1167.420260362171,337.94031014033726,412.57634673345655,322.70358383678763,577.7499313408988,110.19598543167115,1167.420260362171,337.94031014033726,412.57634673345655,322.70358383678763,577.7499313408988,110.19598543167115
2026-02-03 06:00:00+00:00,3045.35,442.91,490.56,17.329988,347.14,137.17,2652.9386504310514,402.99095523962444,491.8699484874443,275.3450517623206,458.83059950538825,148.95476821615884,1167.420260362171,337.94031014033726,412.57634673345655,322.70358383678763,577.7499313408988,110.19598543167115,1167.420260362171,337.94031014033726,412.57634673345655,322.70358383678763,577.7499313408988,110.19598543167115
2026-02-03 07:00:00+00:00,3186.41,441.48,506.88,106.39,373.59,137.64,2512.4427290574567,408.8717220224139,496.6596416702725,522.6158005565765,417.19082623075434,165.8144409404728,1167.420260362171,337.94031014033726,412.57634673345655,322.70358383678763,577.7499313408988,110.19598543167115,1167.420260362171,337.94031014033726,412.57634673345655,322.70358383678763,577.7499313408988,110.19598543167115
2026-02-03 08:00:00+00:00,3209.4897,440.0,496.77,541.3,430.69,138.73,2756.0325286587777,389.313665256513,486.0706109778375,331.9306916929671,402.46412775898784,170.23070033778288,1167.420260362171,337.94031014033726,412.57634673345655,322.70358383678763,577.7499313408988,110.19598543167115,1167.420260362171,337.94031014033726,412.57634673345655,322.70358383678763,577.7499313408988,110.19598543167115
2026-02-03 09:00:00+00:00,3333.98,440.25,459.57,187.24,386.61996,141.66,2512.094482513442,413.67874168540897,485.62304878765127,235.7357592498729,423.4404083016772,151.62469517782898,1167.420260362171,337.94031014033726,412.57634673345655,322.70358383678763,577.7499313408988,110.19598543167115,1167.420260362171,337.94031014033726,412.57634673345655,322.70358383678763,577.7499313408988,110.19598543167115
2026-02-03 10:00:00+00:00,3299.1,443.25,442.21,486.48,421.5,142.2,2486.1977946692887,408.9876189666749,448.7268076339182,203.79469632133777,454.7045647074324,138.68668885540637,1167.420260362171,337.94031014033726,412.57634673345655,322.70358383678763,577.7499313408988,110.19598543167115,1167.420260362171,337.94031014033726,412.57634673345655,322.70358383678763,577.7499313408988,110.19598543167115
2026-02-03 11:00:00+00:00,3031.81,442.91,436.43,77.06,377.32,147.83,2570.8959066217494,405.45150757348136,444.75441132851387,233.78086186860565,457.76063559353804,135.76841298643788,1167.420260362171,337.94031014033726,412.57634673345655,322.70358383678763,577.7499313408988,110.19598543167115,1167.420260362171,337.94031014033726,412.57634673345655,322.70358383678763,577.7499313408988,110.19598543167115
2026-02-03 12:00:00+00:00,2555.8,443.22,432.37,56.23999,369.0,147.56,2431.083571057723,404.4537674250124,444.1645386877406,138.25831382635607,440.33096824442237,145.1948889722833,1167.420260362171,337.94031014033726,412.57634673345655,322.70358383678763,577.7499313408988,110.19598543167115,1167.420260362171,337.94031014033726,412.57634673345655,322.70358383678763,577.7499313408988,110.19598543167115
2026-02-03 13:00:00+00:00,2533.81,442.36,440.1,301.19,422.06,147.96,2415.3593898599393,408.3638260445191,448.9404126443851,144.73244960038338,438.16502267656585,144.60920676502303,1167.420260362171,337.94031014033726,412.57634673345655,322.70358383678763,577.7499313408988,110.19598543167115,1167.420260362171,337.94031014033726,412.57634673345655,322.70358383678763,577.7499313408988,110.19598543167115
2026-02-03 14:00:00+00:00,2779.81,442.07,461.09,332.33,389.32,148.92,2329.158554755947,411.579121318269,459.83974257333756,219.12693349139755,506.9558977769438,131.93291976603803,1167.420260362171,337.94031014033726,412.57634673345655,322.70358383678763,577.7499313408988,110.19598543167115,1167.420260362171,337.94031014033726,412.57634673345655,322.70358383678763,577.7499313408988,110.19598543167115
2026-02-03 15:00:00+00:00,3054.15,442.32,495.39,269.87,393.61,146.96,2519.300927498403,404.94266020324164,489.9690641705932,264.0507813326091,545.782927323765,135.8646474705128,1167.420260362171,337.94031014033726,412.57634673345655,322.70358383678763,577.7499313408988,110.19598543167115,1167.420260362171,337.94031014033726,412.57634673345655,322.70358383678763,577.7499313408988,110.19598543167115
2026-02-03 16:00:00+00:00,3052.67,442.74,516.3,634.72,433.68,144.8,2602.7388031803484,461.17826141633105,502.8448610932518,348.60733654804324,518.1686716182818,170.17405858455874,1167.420260362171,337.94031014033726,412.57634673345655,322.70358383678763,577.7499313408988,110.19598543167115,1167.420260362171,337.94031014033726,412.57634673345655,322.70358383678763,577.7499313408988,110.19598543167115
2026-02-03 17:00:00+00:00,3042.3599,443.93,518.33,340.78,360.46,144.2,2887.135115885111,475.31566969876025,502.1670342363924,456.6592388792851,388.2826660504719,206.0250989606156,1167.420260362171,337.94031014033726,412.57634673345655,322.70358383678763,577.7499313408988,110.19598543167115,1167.420260362171,337.94031014033726,412.57634673345655,322.70358383678763,577.7499313408988,110.19598543167115
2026-02-03 18:00:00+00:00,2962.9397,443.44,509.07,150.26,369.9,145.41,2737.0864253301934,457.8189270489296,499.68313790958484,204.41048396612433,391.56572835216457,195.05759647433274,1167.420260362171,337.94031014033726,412.57634673345655,322.70358383678763,577.7499313408988,110.19598543167115,1167.420260362171,337.94031014033726,412.57634673345655,322.70358383678763,577.7499313408988,110.19598543167115
2026-02-03 19:00:00+00:00,2923.06,443.52,488.32,154.14,380.82,146.52,2541.7044449530763,425.9384187720504,487.4439335754833,209.2492145798052,371.112047877532,151.03745050902072,1167.420260362171,337.94031014033726,412.57634673345655,322.70358383678763,577.7499313408988,110.19598543167115,1167.420260362171,337.94031014033726,412.57634673345655,322.70358383678763,577.7499313408988,110.19598543167115
2026-02-03 20:00:00+00:00,2935.69,443.55,476.76,394.61,373.01,147.91,2408.2009470195385,433.89104392048233,469.70949647214115,218.50656905362857,341.48933092668995,147.55406629600154,1167.420260362171,337.94031014033726,412.57634673345655,322.70358383678763,577.7499313408988,110.19598543167115,1167.420260362171,337.94031014033726,412.57634673345655,322.70358383678763,577.7499313408988,110.19598543167115
2026-02-03 21:00:00+00:00,2974.1,421.28,464.1,164.73,356.83,144.64,2268.9938695751202,414.9835917395509,449.18100566442,127.289760381799,353.48739203683886,148.8357347357811,1167.420260362171,337.94031014033726,412.57634673345655,322.70358383678763,577.7499313408988,110.19598543167115,1167.420260362171,337.94031014033726,412.57634673345655,322.70358383678763,577.7499313408988,110.19598543167115
2026-02-03 22:00:00+00:00,2773.85,414.18,451.3,9.28,340.08,142.67,2162.3291335322374,413.4052626428843,441.5812413880943,111.86058884720921,340.34135693050223,147.25614788792325,1167.420260362171,337.94031014033726,412.57634673345655,322.70358383678763,577.7499313408988,110.19598543167115,1167.420260362171,337.94031014033726,412.57634673345655,322.70358383678763,577.7499313408988,110.19598543167115
2026-02-03 23:00:00+00:00,2538.7,414.18,436.03,1.2999889,342.95,143.49,2079.791558029492,421.78044612159704,430.92052028730734,93.68542296606356,340.88654481059456,141.96653844455318,1167.420260362171,337.94031014033726,412.57634673345655,322.70358383678763,577.7499313408988,110.19598543167115,1167.420260362171,337.94031014033726,412.57634673345655,322.70358383678763,577.7499313408988,110.19598543167115
2026-02-04 00:00:00+00:00,2461.56,414.16,425.57,0.26001084,342.63,142.87,2097.1365504027963,401.9337599361043,423.127435434987,70.09205577606193,384.15242268863983,143.26376283191223,1167.420260362171,337.94031014033726,412.57634673345655,322.70358383678763,577.7499313408988,110.19598543167115,1167.420260362171,337.94031014033726,412.57634673345655,322.70358383678763,577.7499313408988,110.19598543167115
2026-02-04 01:00:00+00:00,2576.77,414.22,425.41,1.5700084,339.57,142.88,2176.3087643533813,404.7845021604934,423.9312131686938,108.33824749500553,370.3228671958034,143.52994247900546,1167.420260362171,337.94031014033726,412.57634673345655,322.70358383678763,577.7499313408988,110.19598543167115,1167.420260362171,337.94031014033726,412.57634673345655,322.70358383678763,577.7499313408988,110.19598543167115
2026-02-04 02:00:00+00:00,2584.71,414.15,421.28,0.52999985,341.32,142.97,2214.8577493337943,402.92439694123294,424.97968009129175,94.18230317967004,370.0421254875857,144.94829152781216,1167.420260362171,337.94031014033726,412.57634673345655,322.70358383678763,577.7499313408988,110.19598543167115,1167.420260362171,337.94031014033726,412.57634673345655,322.70358383678763,577.7499313408988,110.19598543167115
2026-02-04 03:00:00+00:00,2577.79,414.17,424.52,0.51001084,339.61,143.06,2200.9482083115895,411.67013237861136,426.6946738783539,93.46907676442422,364.01758560312135,145.5021671443295,1167.420260362171,337.94031014033726,412.57634673345655,322.70358383678763,577.7499313408988,110.19598543167115,1167.420260362171,337.94031014033726,412.57634673345655,322.70358383678763,577.7499313408988,110.19598543167115
2026-02-04 04:00:00+00:00,2700.72,414.6,435.83,2.8899853,332.54,141.0,2177.4497359302045,400.1507946493503,436.07452577851365,105.14680710393242,361.3396686719627,142.7485771975422,1167.420260362171,337.94031014033726,412.57634673345655,322.70358383678763,577.7499313408988,110.19598543167115,1167.420260362171,337.94031014033726,412.57634673345655,322.70358383678763,577.7499313408988,110.19598543167115
2026-02-04 05:00:00+00:00,3330.55,414.47,456.42,136.04,331.75,236.69,2852.4340388508863,419.0746211870436,468.37998225144355,330.22087350817344,371.25309999115086,164.26157269214278,1167.420260362171,337.94031014033726,412.57634673345655,322.70358383678763,577.7499313408988,110.19598543167115,1167.420260362171,337.94031014033726,412.57634673345655,322.70358383678763,577.7499313408988,110.19598543167115
2026-02-04 06:00:00+00:00,3518.0,414.09,479.78,1008.83,340.04,260.8,3303.1784049740054,437.1998821047719,488.7559249887374,747.5205539480778,514.3060509746294,214.30240690850422,1167.420260362171,337.94031014033726,412.57634673345655,322.70358383678763,577.7499313408988,110.19598543167115,1167.420260362171,337.94031014033726,412.57634673345655,322.70358383678763,577.7499313408988,110.19598543167115
2026-02-04 07:00:00+00:00,3516.96,422.32,493.68,1201.09,354.11,252.09166,3074.7974512652436,456.3674685843257,491.5226905970932,1030.3068715287432,431.1594722343049,203.29294608161035,1167.420260362171,337.94031014033726,412.57634673345655,322.70358383678763,577.7499313408988,110.19598543167115,1167.420260362171,337.94031014033726,412.57634673345655,322.70358383678763,577.7499313408988,110.19598543167115
2026-02-04 08:00:00+00:00,3509.59,444.2,494.1,607.66,366.72,243.38333,3091.5940515159123,439.3334546965603,485.73002186613985,602.8175963440747,432.13089616225625,179.01382854889152,1167.420260362171,337.94031014033726,412.57634673345655,322.70358383678763,577.7499313408988,110.19598543167115,1167.420260362171,337.94031014033726,412.57634673345655,322.70358383678763,577.7499313408988,110.19598543167115
2026-02-04 09:00:00+00:00,2934.7,432.23,471.13,511.0,366.65,234.67499,3158.7547077007466,408.3821248986514,471.39045199980325,312.76403283642134,441.24012490073085,157.57119638048334,1167.420260362171,337.94031014033726,412.57634673345655,322.70358383678763,577.7499313408988,110.19598543167115,1167.420260362171,337.94031014033726,412.57634673345655,322.70358383678763,577.7499313408988,110.19598543167115
2026-02-04 10:00:00+00:00,2706.49,413.92,451.89,466.35,365.09,225.96666,2880.7575548427176,396.83647819637537,456.1328469157449,285.95798964578637,482.6467674065878,133.20408880232367,1167.420260362171,337.94031014033726,412.57634673345655,322.70358383678763,577.7499313408988,110.19598543167115,1167.420260362171,337.94031014033726,412.57634673345655,322.70358383678763,577.7499313408988,110.19598543167115
2026-02-04 11:00:00+00:00,2637.28,414.0,438.11,155.11,366.97,217.25833,2881.678549636458,393.40931097222403,444.6383434023985,249.7373344685504,472.3429591292349,138.31802711568434,1167.420260362171,337.94031014033726,412.57634673345655,322.70358383678763,577.7499313408988,110.19598543167115,1167.420260362171,337.94031014033726,412.57634673345655,322.70358383678763,577.7499313408988,110.19598543167115
2026-02-04 12:00:00+00:00,2934.12,410.33,432.1,202.78,357.57,208.55,3027.313480342824,388.77723302954064,443.100124173956,238.91260187650622,462.88702994034236,139.0846317788679,1167.420260362171,337.94031014033726,412.57634673345655,322.70358383678763,577.7499313408988,110.19598543167115,1167.420260362171,337.94031014033726,412.57634673345655,322.70358383678763,577.7499313408988,110.19598543167115
2026-02-04 13:00:00+00:00,2913.1,385.82,437.57,451.78,398.8,142.79,3053.801217762093,396.79322187103753,438.65144520239625,287.5791505583797,472.45580083672263,140.46438312349045,1167.420260362171,337.94031014033726,412.57634673345655,322.70358383678763,577.7499313408988,110.19598543167115,1167.420260362171,337.94031014033726,412.57634673345655,322.70358383678763,577.7499313408988,110.19598543167115
2026-02-04 14:00:00+00:00,2919.96,410.63,454.76,345.19,423.97,142.28,2930.5700418976567,408.58654584634087,460.8700355920477,336.3819901742406,513.0129161778951,151.98314425703754,1167.420260362171,337.94031014033726,412.57634673345655,322.70358383678763,577.7499313408988,110.19598543167115,1167.420260362171,337.94031014033726,412.57634673345655,322.70358383678763,577.7499313408988,110.19598543167115
2026-02-04 15:00:00+00:00,2956.53,427.26,487.88,123.03999,398.53,143.67,2967.2260126110596,419.0343272691866,491.34859033965756,504.487955338132,549.5710966729332,141.24177287743714,1167.420260362171,337.94031014033726,412.57634673345655,322.70358383678763,577.7499313408988,110.19598543167115,1167.420260362171,337.94031014033726,412.57634673345655,322.70358383678763,577.7499313408988,110.19598543167115
2026-02-04 16:00:00+00:00,2972.21,442.72,511.91,371.51,395.18,144.79,3136.501745032254,405.60546763497587,504.4717156291227,438.32467081873676,544.0980794482755,152.80844497084536,1167.420260362171,337.94031014033726,412.57634673345655,322.70358383678763,577.7499313408988,110.19598543167115,1167.420260362171,337.94031014033726,412.57634673345655,322.70358383678763,577.7499313408988,110.19598543167115
2026-02-04 17:00:00+00:00,3106.25,443.45,514.71,442.31,411.74,145.45,3475.464031349851,437.2033726081887,505.31287143896986,501.7451301549138,412.80049253589385,175.9087464415929,1167.420260362171,337.94031014033726,412.57634673345655,322.70358383678763,577.7499313408988,110.19598543167115,1167.420260362171,337.94031014033726,412.57634673345655,322.70358383678763,577.7499313408988,110.19598543167115
2026-02-04 18:00:00+00:00,3116.16,438.71,505.85,233.35,420.74,146.59,3270.725360509682,440.4608780970609,501.715627850834,177.47053258131254,390.5074312789908,166.62226429038608,1167.420260362171,337.94031014033726,412.57634673345655,322.70358383678763,577.7499313408988,110.19598543167115,1167.420260362171,337.94031014033726,412.57634673345655,322.70358383678763,577.7499313408988,110.19598543167115
2026-02-04 19:00:00+00:00,2896.58,397.93,488.83,1.130006,345.51,145.58,3003.656647471178,407.8950637374759,481.8305174696235,157.88255114770246,385.05786382527856,146.60851000330774,1167.420260362171,337.94031014033726,412.57634673345655,322.70358383678763,577.7499313408988,110.19598543167115,1167.420260362171,337.94031014033726,412.57634673345655,322.70358383678763,577.7499313408988,110.19598543167115
2026-02-04 20:00:00+00:00,2471.08,381.36,470.8,100.75,326.29,143.05,2870.573911582257,408.5935006057207,469.09227862476973,150.03365343896886,387.67588011112105,142.0636500315388,1167.420260362171,337.94031014033726,412.57634673345655,322.70358383678763,577.7499313408988,110.19598543167115,1167.420260362171,337.94031014033726,412.57634673345655,322.70358383678763,577.7499313408988,110.19598543167115
2026-02-04 21:00:00+00:00,2413.66,381.52,452.73,26.000002,322.92,143.48,2361.7015485835245,407.83682924788667,449.35269112148717,78.68390499737288,371.49324797372253,140.04330881124298,1167.420260362171,337.94031014033726,412.57634673345655,322.70358383678763,577.7499313408988,110.19598543167115,1167.420260362171,337.94031014033726,412.57634673345655,322.70358383678763,577.7499313408988,110.19598543167115
2026-02-04 22:00:00+00:00,2420.16,381.55,436.88,22.429995,321.95,143.36,2323.664484481157,401.36855239301434,439.4303770303678,87.59969964893361,356.6061516427709,138.79249184682462,1167.420260362171,337.94031014033726,412.57634673345655,322.70358383678763,577.7499313408988,110.19598543167115,1167.420260362171,337.94031014033726,412.57634673345655,322.70358383678763,577.7499313408988,110.19598543167115
2026-02-04 23:00:00+00:00,2318.41,381.68,429.98,0.2699901,326.59,143.71,2018.7725586605409,394.0065354734264,430.2439850278147,64.14853999616469,370.4964593249417,142.38363639544824,1167.420260362171,337.94031014033726,412.57634673345655,322.70358383678763,577.7499313408988,110.19598543167115,1167.420260362171,337.94031014033726,412.57634673345655,322.70358383678763,577.7499313408988,110.19598543167115
2026-02-05 00:00:00+00:00,2089.52,381.71,424.27,0.27999985,325.17,142.66,2078.100738986944,404.3640694231257,424.64279161965027,83.29211350140159,364.0057398093545,142.69376029923802,1167.420260362171,337.94031014033726,412.57634673345655,322.70358383678763,577.7499313408988,110.19598543167115,1167.420260362171,337.94031014033726,412.57634673345655,322.70358383678763,577.7499313408988,110.19598543167115
2026-02-05 01:00:00+00:00,1980.24,381.79,420.83,0.2699901,325.98,133.77,1940.3969569328815,396.81816096660657,425.44021099998514,57.44209209427834,343.8827862015456,141.75066707189637,1167.420260362171,337.94031014033726,412.57634673345655,322.70358383678763,577.7499313408988,110.19598543167115,1167.420260362171,337.94031014033726,412.57634673345655,322.70358383678763,577.7499313408988,110.19598543167115
2026-02-05 02:00:00+00:00,1982.43,381.61,420.28,0.11999619,317.99,140.06,2013.8574179679345,391.79741410792593,422.32531694455525,51.598658622598066,349.85617716297634,144.49405570877917,1167.420260362171,337.94031014033726,412.57634673345655,322.70358383678763,577.7499313408988,110.19598543167115,1167.420260362171,337.94031014033726,412.57634673345655,322.70358383678763,577.7499313408988,110.19598543167115
2026-02-05 03:00:00+00:00,2163.18,381.55,422.2,0.4400035,318.59,141.3,2115.9189756979363,396.7255041809731,429.2365389897235,61.81350744930796,354.0354593848152,141.3042798940633,1167.420260362171,337.94031014033726,412.57634673345655,322.70358383678763,577.7499313408988,110.19598543167115,1167.420260362171,337.94031014033726,412.57634673345655,322.70358383678763,577.7499313408988,110.19598543167115
2026-02-05 04:00:00+00:00,2392.59,381.39,433.52,51.139984,324.45,140.78,2484.8022631817803,397.8277688040616,428.6367912766834,116.05066100304825,355.03625097746556,142.90194099871778,1167.420260362171,337.94031014033726,412.57634673345655,322.70358383678763,577.7499313408988,110.19598543167115,1167.420260362171,337.94031014033726,412.57634673345655,322.70358383678763,577.7499313408988,110.19598543167115
2026-02-05 05:00:00+00:00,2904.32,383.51,453.05,272.43,327.45,255.87,2669.3222065346017,400.2810792727254,463.10156496483694,374.55268601384194,374.2849792786685,175.78661786772426,1167.420260362171,337.94031014033726,412.57634673345655,322.70358383678763,577.7499313408988,110.19598543167115,1167.420260362171,337.94031014033726,412.57634673345655,322.70358383678763,577.7499313408988,110.19598543167115
2026-02-05 06:00:00+00:00,3330.15,412.73,482.43,751.35,359.45,284.74,2661.432395534279,471.25430617934546,492.2125647714437,711.7168075706516,491.4722550343389,195.97688118581829,1167.420260362171,337.94031014033726,412.57634673345655,322.70358383678763,577.7499313408988,110.19598543167115,1167.420260362171,337.94031014033726,412.57634673345655,322.70358383678763,577.7499313408988,110.19598543167115
2026-02-05 07:00:00+00:00,3439.23,445.91998,494.75,865.41,346.82,252.97198,2630.1007635434567,460.9171976561297,493.62805659497997,1014.390050476911,483.7605148923284,219.55690388824507,1167.420260362171,337.94031014033726,412.57634673345655,322.70358383678763,577.7499313408988,110.19598543167115,1167.420260362171,337.94031014033726,412.57634673345655,322.70358383678763,577.7499313408988,110.19598543167115
2026-02-05 08:00:00+00:00,3477.01,479.11,489.67,850.64,412.2,221.204,2904.563591784039,454.6673096395924,485.32652152347214,1005.7269187011767,485.00238837174834,214.96552403295038,1167.420260362171,337.94031014033726,412.57634673345655,322.70358383678763,577.7499313408988,110.19598543167115,1167.420260362171,337.94031014033726,412.57634673345655,322.70358383678763,577.7499313408988,110.19598543167115
2026-02-05 09:00:00+00:00,3321.57,463.19,464.83,720.33,440.7,189.436,2973.346968793812,436.722150499518,474.79134188868056,534.7210162383479,496.9897952251613,170.09667186384453,1167.420260362171,337.94031014033726,412.57634673345655,322.70358383678763,577.7499313408988,110.19598543167115,1167.420260362171,337.94031014033726,412.57634673345655,322.70358383678763,577.7499313408988,110.19598543167115
2026-02-05 10:00:00+00:00,3265.99,420.81,453.15,295.78,392.58,157.668,2859.3346400541327,412.198181077972,449.08799391000593,328.01129738559985,489.5505754328851,157.97595125982647,1167.420260362171,337.94031014033726,412.57634673345655,322.70358383678763,577.7499313408988,110.19598543167115,1167.420260362171,337.94031014033726,412.57634673345655,322.70358383678763,577.7499313408988,110.19598543167115
2026-02-05 11:00:00+00:00,3177.52,413.16,440.67,43.01999,322.87,125.9,2693.861911449659,406.6736244693368,444.22228315461007,263.6352516362972,481.09492930494673,173.74463263221085,1167.420260362171,337.94031014033726,412.57634673345655,322.70358383678763,577.7499313408988,110.19598543167115,1167.420260362171,337.94031014033726,412.57634673345655,322.70358383678763,577.7499313408988,110.19598543167115
2026-02-05 12:00:00+00:00,3189.25,421.68,434.31,77.369995,316.08,118.34,2195.818555232668,424.82897291179205,444.81926073721274,135.81569437807275,512.288804245167,162.52107579147932,1167.420260362171,337.94031014033726,412.57634673345655,322.70358383678763,577.7499313408988,110.19598543167115,1167.420260362171,337.94031014033726,412.57634673345655,322.70358383678763,577.7499313408988,110.19598543167115
2026-02-05 13:00:00+00:00,3359.98,423.89,432.13,36.809998,318.08,118.54,2186.9298729773695,414.2141730907814,455.9278496314959,139.98936641216997,515.4399201543619,158.77681520054,1167.420260362171,337.94031014033726,412.57634673345655,322.70358383678763,577.7499313408988,110.19598543167115,1167.420260362171,337.94031014033726,412.57634673345655,322.70358383678763,577.7499313408988,110.19598543167115
2026-02-05 14:00:00+00:00,3390.39,426.5,447.6,141.93,314.95,119.33,2638.6874593687858,382.4022506612948,460.91367778119354,236.05937341012458,529.6925746985016,140.05782475306845,1167.420260362171,337.94031014033726,412.57634673345655,322.70358383678763,577.7499313408988,110.19598543167115,1167.420260362171,337.94031014033726,412.57634673345655,322.70358383678763,577.7499313408988,110.19598543167115
2026-02-05 15:00:00+00:00,3187.83,429.56,483.56,663.96,385.41,120.38,2587.9039668191326,390.0400975127842,489.1260981746837,581.396294946611,547.7432263605008,141.164435919101,1167.420260362171,337.94031014033726,412.57634673345655,322.70358383678763,577.7499313408988,110.19598543167115,1167.420260362171,337.94031014033726,412.57634673345655,322.70358383678763,577.7499313408988,110.19598543167115
2026-02-05 16:00:00+00:00,2953.39,429.33,503.89,1387.32,457.41,128.13,2542.339737532243,398.55361819679564,507.09131786734036,774.5265197014844,567.5929612250306,168.67871833991944,1167.420260362171,337.94031014033726,412.57634673345655,322.70358383678763,577.7499313408988,110.19598543167115,1167.420260362171,337.94031014033726,412.57634673345655,322.70358383678763,577.7499313408988,110.19598543167115
2026-02-05 17:00:00+00:00,3007.4797,429.51,507.46,1431.395,420.77,126.54,2604.1042872093803,445.5388946449945,507.2384575113313,760.5326040542275,466.7157292867985,173.5222170637645,1167.420260362171,337.94031014033726,412.57634673345655,322.70358383678763,577.7499313408988,110.19598543167115,1167.420260362171,337.94031014033726,412.57634673345655,322.70358383678763,577.7499313408988,110.19598543167115
2026-02-05 18:00:00+00:00,2816.24,429.73,503.44,1475.47,385.65,125.07,2671.318228893366,432.19561947138953,504.77011816002073,529.3804769064645,461.77046952716347,159.03482125820616,1167.420260362171,337.94031014033726,412.57634673345655,322.70358383678763,577.7499313408988,110.19598543167115,1167.420260362171,337.94031014033726,412.57634673345655,322.70358383678763,577.7499313408988,110.19598543167115
2026-02-05 19:00:00+00:00,2819.3,385.05,489.43,1023.32,316.17,123.77,2545.566841457498,409.31446003317643,485.08540973377023,409.65727018219565,409.8555396323882,156.06017422487332,1167.420260362171,337.94031014033726,412.57634673345655,322.70358383678763,577.7499313408988,110.19598543167115,1167.420260362171,337.94031014033726,412.57634673345655,322.70358383678763,577.7499313408988,110.19598543167115
2026-02-05 20:00:00+00:00,3080.91,380.59,470.91,430.77,312.9,126.53,2604.2386159475163,404.4316076930925,471.26090619635875,366.96654810857785,394.9505677712747,139.96976927350502,1167.420260362171,337.94031014033726,412.57634673345655,322.70358383678763,577.7499313408988,110.19598543167115,1167.420260362171,337.94031014033726,412.57634673345655,322.70358383678763,577.7499313408988,110.19598543167115
2026-02-05 21:00:00+00:00,3201.4,384.45,455.54,115.67998,305.58,129.66,2492.635532710734,410.3849436245885,458.21157731140363,219.94598278726988,381.68177145890496,152.4326585556812,1167.420260362171,337.94031014033726,412.57634673345655,322.70358383678763,577.7499313408988,110.19598543167115,1167.420260362171,337.94031014033726,412.57634673345655,322.70358383678763,577.7499313408988,110.19598543167115
2026-02-05 22:00:00+00:00,3150.7798,398.54,435.62,0.29000962,303.53,130.05,2440.2850834198916,404.0895092698015,441.0765443933488,134.7462586697946,386.3809455958596,148.12105044269404,1167.420260362171,337.94031014033726,412.57634673345655,322.70358383678763,577.7499313408988,110.19598543167115,1167.420260362171,337.94031014033726,412.57634673345655,322.70358383678763,577.7499313408988,110.19598543167115
2026-02-05 23:00:00+00:00,2919.2,402.46,424.57,30.79999,307.14,128.65,2278.3654072179233,409.42490850127,432.6368073888043,145.96913728167385,365.41592889097194,150.0034170129245,1167.420260362171,337.94031014033726,412.57634673345655,322.70358383678763,577.7499313408988,110.19598543167115,1167.420260362171,337.94031014033726,412.57634673345655,322.70358383678763,577.7499313408988,110.19598543167115
2026-02-06 00:00:00+00:00,2901.86,411.37,417.61,0.29000962,306.89,129.79,2378.8847719874157,409.3802186731648,429.53532802297104,138.4743828837103,373.22266833010735,146.13232737638077,1167.420260362171,337.94031014033726,412.57634673345655,322.70358383678763,577.7499313408988,110.19598543167115,1167.420260362171,337.94031014033726,412.57634673345655,322.70358383678763,577.7499313408988,110.19598543167115
2026-02-06 01:00:00+00:00,2790.06,412.37,415.01,0.26001084,306.87,127.14,2341.842541799146,402.12228736022894,423.21545160728357,176.76310692914618,354.0038390500605,147.03976644090415,1167.420260362171,337.94031014033726,412.57634673345655,322.70358383678763,577.7499313408988,110.19598543167115,1167.420260362171,337.94031014033726,412.57634673345655,322.70358383678763,577.7499313408988,110.19598543167115
2026-02-06 02:00:00+00:00,2710.55,423.24,413.65,0.17999375,313.13,126.55,2265.2024608935335,413.6331522397694,426.30602846147156,211.46532912081884,348.9710052191141,146.6861581319999,1167.420260362171,337.94031014033726,412.57634673345655,322.70358383678763,577.7499313408988,110.19598543167115,1167.420260362171,337.94031014033726,412.57634673345655,322.70358383678763,577.7499313408988,110.19598543167115
2026-02-06 03:00:00+00:00,2691.75,446.05,415.52,0.08999741,313.71,129.36,2271.7682475510833,413.01870401895576,428.09701685040767,133.80786199608985,361.03888956591595,152.70988856010055,1167.420260362171,337.94031014033726,412.57634673345655,322.70358383678763,577.7499313408988,110.19598543167115,1167.420260362171,337.94031014033726,412.57634673345655,322.70358383678763,577.7499313408988,110.19598543167115
2026-02-06 04:00:00+00:00,2675.76,442.17,428.05,0.4400035,311.4,214.73,2390.8377980338028,406.89825143615906,439.5169718694687,268.3144006681887,341.8739383506312,169.80068965938,1167.420260362171,337.94031014033726,412.57634673345655,322.70358383678763,577.7499313408988,110.19598543167115,1167.420260362171,337.94031014033726,412.57634673345655,322.70358383678763,577.7499313408988,110.19598543167115
2026-02-06 05:00:00+00:00,2650.31,441.51,459.68,624.84,310.42,247.94,2479.4747825290656,413.1135702080728,455.8505983932656,436.47978521243493,356.2584037090586,154.7670083369233,1167.420260362171,337.94031014033726,412.57634673345655,322.70358383678763,577.7499313408988,110.19598543167115,1167.420260362171,337.94031014033726,412.57634673345655,322.70358383678763,577.7499313408988,110.19598543167115
2026-02-06 06:00:00+00:00,2643.53,441.99,497.78,1387.08,323.66998,220.44,2614.510368485785,436.8377424728083,493.1028821984259,980.0239056209111,573.6453521769174,179.10539630985812,1167.420260362171,337.94031014033726,412.57634673345655,322.70358383678763,577.7499313408988,110.19598543167115,1167.420260362171,337.94031014033726,412.57634673345655,322.70358383678763,577.7499313408988,110.19598543167115
2026-02-06 07:00:00+00:00,2622.9,442.99,509.65,1401.9325,336.07,232.64,2648.3563789112177,453.22539925111386,502.7198520579494,1360.482692084777,519.2717485342755,208.68827863891818,1167.420260362171,337.94031014033726,412.57634673345655,322.70358383678763,577.7499313408988,110.19598543167115,1167.420260362171,337.94031014033726,412.57634673345655,322.70358383678763,577.7499313408988,110.19598543167115
2026-02-06 08:00:00+00:00,2647.19,443.68,500.09,1416.7849,335.45,130.37,2712.162059354333,443.9443953830755,492.4096039239653,1127.4976383278688,577.459590609126,180.67070042976906,1167.420260362171,337.94031014033726,412.57634673345655,322.70358383678763,577.7499313408988,110.19598543167115,1167.420260362171,337.94031014033726,412.57634673345655,322.70358383678763,577.7499313408988,110.19598543167115
2026-02-06 09:00:00+00:00,2642.86,443.71,480.08,1431.6375,346.09,127.82,2805.360589339997,453.9982249873075,474.19268303902817,817.8146672907917,559.5897140530856,173.32339668846367,1167.420260362171,337.94031014033726,412.57634673345655,322.70358383678763,577.7499313408988,110.19598543167115,1167.420260362171,337.94031014033726,412.57634673345655,322.70358383678763,577.7499313408988,110.19598543167115
2026-02-06 10:00:00+00:00,2652.95,442.82,458.98,1446.49,350.39,127.76,2765.5017061851145,434.39571289083455,454.6203115299399,672.3504362660774,515.308313060337,159.0116373488766,1167.420260362171,337.94031014033726,412.57634673345655,322.70358383678763,577.7499313408988,110.19598543167115,1167.420260362171,337.94031014033726,412.57634673345655,322.70358383678763,577.7499313408988,110.19598543167115
2026-02-06 11:00:00+00:00,2656.15,442.49,444.86,1030.58,338.88,127.67,2784.811025419818,431.72613013114136,449.5075237930248,521.053272448903,543.8095972050688,157.64562686692074,1167.420260362171,337.94031014033726,412.57634673345655,322.70358383678763,577.7499313408988,110.19598543167115,1167.420260362171,337.94031014033726,412.57634673345655,322.70358383678763,577.7499313408988,110.19598543167115
2026-02-06 12:00:00+00:00,2657.88,443.45,439.86,100.149994,340.68,128.51,2798.230523800641,406.1755709347508,447.89633453225144,377.4323656402353,568.167520357237,148.7388625860139,1167.420260362171,337.94031014033726,412.57634673345655,322.70358383678763,577.7499313408988,110.19598543167115,1167.420260362171,337.94031014033726,412.57634673345655,322.70358383678763,577.7499313408988,110.19598543167115
2026-02-06 13:00:00+00:00,2663.26,443.54,434.87,942.85,334.71,132.82,2689.7557582879363,379.47152083645125,447.4763708246074,409.5569268640011,536.9606690902633,115.56666236778084,1167.420260362171,337.94031014033726,412.57634673345655,322.70358383678763,577.7499313408988,110.19598543167115,1167.420260362171,337.94031014033726,412.57634673345655,322.70358383678763,577.7499313408988,110.19598543167115
2026-02-06 14:00:00+00:00,2665.27,443.35,451.19,1143.03,339.4,132.72,2659.385693387659,391.1209208099367,463.8183221122804,702.5621069318053,539.4711191127813,124.56985400888857,1167.420260362171,337.94031014033726,412.57634673345655,322.70358383678763,577.7499313408988,110.19598543167115,1167.420260362171,337.94031014033726,412.57634673345655,322.70358383678763,577.7499313408988,110.19598543167115
2026-02-06 15:00:00+00:00,2664.41,443.37,488.99,1174.39,376.95,133.07,2608.815492825315,386.07290926305643,490.34821244454236,838.7775104894009,538.2392128273921,111.81443304485666,1167.420260362171,337.94031014033726,412.57634673345655,322.70358383678763,577.7499313408988,110.19598543167115,1167.420260362171,337.94031014033726,412.57634673345655,322.70358383678763,577.7499313408988,110.19598543167115
2026-02-06 16:00:00+00:00,2661.05,442.55,510.49,1333.95,410.4,128.68,2438.761547334021,395.3674436449547,505.0015348594802,889.4934464454099,630.6279805450212,148.19238135828962,1167.420260362171,337.94031014033726,412.57634673345655,322.70358383678763,577.7499313408988,110.19598543167115,1167.420260362171,337.94031014033726,412.57634673345655,322.70358383678763,577.7499313408988,110.19598543167115
2026-02-06 17:00:00+00:00,2670.18,443.18,513.69,1493.51,372.72,128.93,2431.734349862016,419.13827605719507,500.78726819196913,1122.3636614231127,466.27411467604406,163.451732973931,1167.420260362171,337.94031014033726,412.57634673345655,322.70358383678763,577.7499313408988,110.19598543167115,1167.420260362171,337.94031014033726,412.57634673345655,322.70358383678763,577.7499313408988,110.19598543167115
2026-02-06 18:00:00+00:00,2677.22,443.7,500.72,785.7001,364.91,132.58,2390.529887926162,424.65286103903907,502.65667112179,833.1275579800509,365.7316768919799,158.99280350676395,1167.420260362171,337.94031014033726,412.57634673345655,322.70358383678763,577.7499313408988,110.19598543167115,1167.420260362171,337.94031014033726,412.57634673345655,322.70358383678763,577.7499313408988,110.19598543167115
2026-02-06 19:00:00+00:00,2676.35,443.52,484.84,131.91002,336.65,135.26,2307.218916084219,418.61428524705207,483.64679664008025,360.68663875101146,392.2551216189928,157.1442371681728,1167.420260362171,337.94031014033726,412.57634673345655,322.70358383678763,577.7499313408988,110.19598543167115,1167.420260362171,337.94031014033726,412.57634673345655,322.70358383678763,577.7499313408988,110.19598543167115
2026-02-06 20:00:00+00:00,2692.82,443.64,464.82,338.28,341.31,144.8,2305.537775526278,431.972000630793,469.5460309885893,261.66445744301757,417.47656644640995,147.68055080207336,1167.420260362171,337.94031014033726,412.57634673345655,322.70358383678763,577.7499313408988,110.19598543167115,1167.420260362171,337.94031014033726,412.57634673345655,322.70358383678763,577.7499313408988,110.19598543167115
2026-02-06 21:00:00+00:00,2465.06,444.38,451.22,125.979996,333.09,144.41,2298.535972375089,425.7892543053132,452.2936240643304,104.78742373439104,419.62851391506,156.30887025579221,1167.420260362171,337.94031014033726,412.57634673345655,322.70358383678763,577.7499313408988,110.19598543167115,1167.420260362171,337.94031014033726,412.57634673345655,322.70358383678763,577.7499313408988,110.19598543167115
2026-02-06 22:00:00+00:00,2035.89,419.52,436.25,17.81,328.0,141.29,2074.3211013436508,437.89177147377615,435.1825117854542,125.43124068340245,391.95707571765695,141.8113616745914,1167.420260362171,337.94031014033726,412.57634673345655,322.70358383678763,577.7499313408988,110.19598543167115,1167.420260362171,337.94031014033726,412.57634673345655,322.70358383678763,577.7499313408988,110.19598543167115
2026-02-06 23:00:00+00:00,1788.59,414.33,428.86,60.22,318.43,141.85,1997.93871454599,427.08929511017294,423.0635180237113,100.46249116489025,391.0707476264779,140.93606720196198,1167.420260362171,337.94031014033726,412.57634673345655,322.70358383678763,577.7499313408988,110.19598543167115,1167.420260362171,337.94031014033726,412.57634673345655,322.70358383678763,577.7499313408988,110.19598543167115
2026-02-07 00:00:00+00:00,1750.0,414.25,420.91,69.95998,313.61,141.33,1883.6540142401495,391.92295715156234,425.0536118578392,93.71011720776573,404.87221876788914,139.92678957051896,1167.420260362171,337.94031014033726,412.57634673345655,322.70358383678763,577.7499313408988,110.19598543167115,1167.420260362171,337.94031014033726,412.57634673345655,322.70358383678763,577.7499313408988,110.19598543167115
2026-02-07 01:00:00+00:00,1675.0,414.25,419.59,26.54999,309.27,140.82,1833.9271089880604,400.53397559200994,416.3830300165202,107.43042513995294,385.62610701226185,139.59526697395944,1167.420260362171,337.94031014033726,412.57634673345655,322.70358383678763,577.7499313408988,110.19598543167115,1167.420260362171,337.94031014033726,412.57634673345655,322.70358383678763,577.7499313408988,110.19598543167115
2026-02-07 02:00:00+00:00,1645.59,415.06,419.45,34.51999,309.59,143.44,1834.4500134889327,399.4523063802248,416.6430067704069,107.43042513995294,396.8946332324599,140.785015282492,1167.420260362171,337.94031014033726,412.57634673345655,322.70358383678763,577.7499313408988,110.19598543167115,1167.420260362171,337.94031014033726,412.57634673345655,322.70358383678763,577.7499313408988,110.19598543167115
2026-02-07 03:00:00+00:00,1660.14,415.14,424.94,16.26999,319.06,141.62,1770.3751205146218,403.9746877855507,419.42978336572395,117.32380205238195,392.6385782781301,150.03800768124606,1167.420260362171,337.94031014033726,412.57634673345655,322.70358383678763,577.7499313408988,110.19598543167115,1167.420260362171,337.94031014033726,412.57634673345655,322.70358383678763,577.7499313408988,110.19598543167115
2026-02-07 04:00:00+00:00,1645.85,414.97,437.73,87.41,319.25,140.61,1626.5322566742345,407.9592694570317,436.7879177721278,96.66683737433826,390.3868393073818,149.91022189627014,1167.420260362171,337.94031014033726,412.57634673345655,322.70358383678763,577.7499313408988,110.19598543167115,1167.420260362171,337.94031014033726,412.57634673345655,322.70358383678763,577.7499313408988,110.19598543167115
2026-02-07 05:00:00+00:00,1655.22,414.77,459.18,96.25,315.55,138.6,1938.9926084370445,413.8375132619879,459.9420978528697,179.3968456400553,371.09359406552676,151.60786726761714,1167.420260362171,337.94031014033726,412.57634673345655,322.70358383678763,577.7499313408988,110.19598543167115,1167.420260362171,337.94031014033726,412.57634673345655,322.70358383678763,577.7499313408988,110.19598543167115
2026-02-07 06:00:00+00:00,1702.47,414.45,493.65,28.839998,323.36,132.67,1742.1827836286095,353.46935407038285,484.70913044159,441.51658097205876,507.86196015314107,106.15135374566404,1167.420260362171,337.94031014033726,412.57634673345655,322.70358383678763,577.7499313408988,110.19598543167115,1167.420260362171,337.94031014033726,412.57634673345655,322.70358383678763,577.7499313408988,110.19598543167115
2026-02-07 07:00:00+00:00,1813.73,414.65,503.35,25.480013,325.3,131.55,1858.157578050732,357.38058977989976,493.61376192131934,620.9944113097054,465.9724374097479,104.75523983450037,1167.420260362171,337.94031014033726,412.57634673345655,322.70358383678763,577.7499313408988,110.19598543167115,1167.420260362171,337.94031014033726,412.57634673345655,322.70358383678763,577.7499313408988,110.19598543167115
2026-02-07 08:00:00+00:00,1735.24,414.04,498.24,97.95,344.35,132.96,1858.4975986377444,349.2021607378688,476.25199828426696,407.0155758857611,507.2876287557676,106.9145521832961,1167.420260362171,337.94031014033726,412.57634673345655,322.70358383678763,577.7499313408988,110.19598543167115,1167.420260362171,337.94031014033726,412.57634673345655,322.70358383678763,577.7499313408988,110.19598543167115
2026-02-07 09:00:00+00:00,1647.59,413.1,472.67,25.109987,407.09,134.1,1768.7513800998468,356.42376420359864,457.96027949614216,192.58796289281716,509.4443243760482,113.17669899493508,1167.420260362171,337.94031014033726,412.57634673345655,322.70358383678763,577.7499313408988,110.19598543167115,1167.420260362171,337.94031014033726,412.57634673345655,322.70358383678763,577.7499313408988,110.19598543167115
2026-02-07 10:00:00+00:00,1647.42,411.57,441.0,26.089998,405.12,135.91,1835.467333419545,354.50127194169465,444.13613702612776,111.97698173452068,471.65439679117407,110.79154949052496,1167.420260362171,337.94031014033726,412.57634673345655,322.70358383678763,577.7499313408988,110.19598543167115,1167.420260362171,337.94031014033726,412.57634673345655,322.70358383678763,577.7499313408988,110.19598543167115
2026-02-07 11:00:00+00:00,1641.55,406.59,435.58,35.440002,366.65,135.98,1654.1265302166705,342.17241295579305,437.3016547990973,107.59659307026891,512.4883242415812,123.76651598875918,1167.420260362171,337.94031014033726,412.57634673345655,322.70358383678763,577.7499313408988,110.19598543167115,1167.420260362171,337.94031014033726,412.57634673345655,322.70358383678763,577.7499313408988,110.19598543167115
2026-02-07 12:00:00+00:00,1648.15,413.62,436.21,48.48001,360.01,137.68,1293.9887902339062,339.3818008939165,424.3050642492445,134.64848462440247,529.612003912182,111.37826357918438,1167.420260362171,337.94031014033726,412.57634673345655,322.70358383678763,577.7499313408988,110.19598543167115,1167.420260362171,337.94031014033726,412.57634673345655,322.70358383678763,577.7499313408988,110.19598543167115
2026-02-07 13:00:00+00:00,1644.65,442.77,443.85,67.28,359.07996,143.55,1549.9891110941176,334.43642809061015,426.09492245262555,175.6362117202202,496.64535244444295,113.93118485975262,1167.420260362171,337.94031014033726,412.57634673345655,322.70358383678763,577.7499313408988,110.19598543167115,1167.420260362171,337.94031014033726,412.57634673345655,322.70358383678763,577.7499313408988,110.19598543167115
2026-02-07 14:00:00+00:00,1634.45,443.28,467.8,59.429993,356.24,143.7,1862.2739403105738,330.059329967758,431.961744437613,292.7532880593997,509.13522240352313,117.96160615691493,1167.420260362171,337.94031014033726,412.57634673345655,322.70358383678763,577.7499313408988,110.19598543167115,1167.420260362171,337.94031014033726,412.57634673345655,322.70358383678763,577.7499313408988,110.19598543167115
2026-02-07 15:00:00+00:00,1686.74,443.85,497.62,195.16,354.43,144.95,1913.971027614964,336.44910478612013,470.8692575872515,500.04983142648723,560.0129403600046,132.69214878005718,1167.420260362171,337.94031014033726,412.57634673345655,322.70358383678763,577.7499313408988,110.19598543167115,1167.420260362171,337.94031014033726,412.57634673345655,322.70358383678763,577.7499313408988,110.19598543167115
2026-02-07 16:00:00+00:00,1812.1,443.13,520.31,591.62,360.59,142.14,2110.3862626286295,356.0372727743805,499.38381500591356,839.6919100388671,523.3909175389949,136.00502813406996,1167.420260362171,337.94031014033726,412.57634673345655,322.70358383678763,577.7499313408988,110.19598543167115,1167.420260362171,337.94031014033726,412.57634673345655,322.70358383678763,577.7499313408988,110.19598543167115
2026-02-07 17:00:00+00:00,1826.09,442.91,519.7,735.93005,416.33,140.72,2086.001751250152,368.3974034025317,498.0262983317097,712.2579268140429,424.5780997398729,138.3935877674696,1167.420260362171,337.94031014033726,412.57634673345655,322.70358383678763,577.7499313408988,110.19598543167115,1167.420260362171,337.94031014033726,412.57634673345655,322.70358383678763,577.7499313408988,110.19598543167115
2026-02-07 18:00:00+00:00,1816.66,443.94,512.07,307.07,374.29,139.54,2255.8072413363807,362.1904997217648,495.8899695219318,420.63066174914206,365.7207700880864,141.20159045272965,1167.420260362171,337.94031014033726,412.57634673345655,322.70358383678763,577.7499313408988,110.19598543167115,1167.420260362171,337.94031014033726,412.57634673345655,322.70358383678763,577.7499313408988,110.19598543167115
2026-02-07 19:00:00+00:00,1812.0,444.28,489.41,74.19002,340.2,142.29,2107.7083552150375,372.3700651960527,479.0624282758865,347.37654038563727,350.43014011763665,138.39728831725816,1167.420260362171,337.94031014033726,412.57634673345655,322.70358383678763,577.7499313408988,110.19598543167115,1167.420260362171,337.94031014033726,412.57634673345655,322.70358383678763,577.7499313408988,110.19598543167115
2026-02-07 20:00:00+00:00,1813.98,445.59,467.73,15.8099985,333.52,143.49,2076.4646375878397,399.86755315875365,464.8238516936099,286.9033266431673,359.75217039492566,137.54900810721864,1167.420260362171,337.94031014033726,412.57634673345655,322.70358383678763,577.7499313408988,110.19598543167115,1167.420260362171,337.94031014033726,412.57634673345655,322.70358383678763,577.7499313408988,110.19598543167115
2026-02-07 21:00:00+00:00,1824.56,445.87,449.24,74.56999,334.6,144.62,2222.538968302543,390.2662825424641,449.4678972762438,180.8058311608105,372.5962859772651,138.48893513452788,1167.420260362171,337.94031014033726,412.57634673345655,322.70358383678763,577.7499313408988,110.19598543167115,1167.420260362171,337.94031014033726,412.57634673345655,322.70358383678763,577.7499313408988,110.19598543167115
2026-02-07 22:00:00+00:00,1744.39,442.79,439.27,27.839998,336.67,145.08,2054.7407181439785,394.06404943618304,436.818260134457,137.6583833495011,378.23016924370665,139.9450851487947,1167.420260362171,337.94031014033726,412.57634673345655,322.70358383678763,577.7499313408988,110.19598543167115,1167.420260362171,337.94031014033726,412.57634673345655,322.70358383678763,577.7499313408988,110.19598543167115
2026-02-07 23:00:00+00:00,1624.63,415.48,428.43,7.0100107,342.34,141.27,1909.4450144476482,399.2832311065644,424.17763999276,108.2466503622567,384.32239352583264,135.56836692294402,1167.420260362171,337.94031014033726,412.57634673345655,322.70358383678763,577.7499313408988,110.19598543167115,1167.420260362171,337.94031014033726,412.57634673345655,322.70358383678763,577.7499313408988,110.19598543167115
2026-02-08 00:00:00+00:00,1666.66,415.4,420.82,6.250001,344.3,143.33,1709.110456278423,392.16729548396313,411.7211137484484,74.50941640349626,347.3886138099339,134.16454135749274,1167.420260362171,337.94031014033726,412.57634673345655,322.70358383678763,577.7499313408988,110.19598543167115,1167.420260362171,337.94031014033726,412.57634673345655,322.70358383678763,577.7499313408988,110.19598543167115
2026-02-08 01:00:00+00:00,1679.0,415.4,418.77,47.160004,346.34,140.49,1748.5594153126083,392.5504078881289,412.11310411175253,73.48718716093325,363.6195138018053,133.8676961557274,1167.420260362171,337.94031014033726,412.57634673345655,322.70358383678763,577.7499313408988,110.19598543167115,1167.420260362171,337.94031014033726,412.57634673345655,322.70358383678763,577.7499313408988,110.19598543167115
2026-02-08 02:00:00+00:00,1672.28,415.44,419.1,81.619995,345.84,140.03,1917.1330453945563,402.9621845090551,410.82871936326103,77.81323999263753,358.3503712963617,134.1445948268469,1167.420260362171,337.94031014033726,412.57634673345655,322.70358383678763,577.7499313408988,110.19598543167115,1167.420260362171,337.94031014033726,412.57634673345655,322.70358383678763,577.7499313408988,110.19598543167115
2026-02-08 03:00:00+00:00,1663.53,418.15,425.32,10.190003,343.98,137.17,1830.1400123419257,402.9508474548473,414.03784850147116,73.25517685718094,364.3763732735217,131.32171724200256,1167.420260362171,337.94031014033726,412.57634673345655,322.70358383678763,577.7499313408988,110.19598543167115,1167.420260362171,337.94031014033726,412.57634673345655,322.70358383678763,577.7499313408988,110.19598543167115
2026-02-08 04:00:00+00:00,1649.71,445.88,438.25,54.98001,349.92,142.59,1859.0837651938182,399.9796261789197,425.6938895979101,75.21005181816335,369.17565191053546,142.06444181768435,1167.420260362171,337.94031014033726,412.57634673345655,322.70358383678763,577.7499313408988,110.19598543167115,1167.420260362171,337.94031014033726,412.57634673345655,322.70358383678763,577.7499313408988,110.19598543167115
2026-02-08 05:00:00+00:00,1643.96,445.72,455.41,50.5,347.32,142.06,1922.8295106514488,407.5036442891954,447.08693121765293,70.4509298684853,347.0092725878943,133.44167126916972,1167.420260362171,337.94031014033726,412.57634673345655,322.70358383678763,577.7499313408988,110.19598543167115,1167.420260362171,337.94031014033726,412.57634673345655,322.70358383678763,577.7499313408988,110.19598543167115
2026-02-08 06:00:00+00:00,1705.58,429.21,489.37,48.359985,351.61,143.95,1793.4187336625644,405.51682038869427,478.2361734793417,125.02838805090687,415.2030621379936,107.75291194683349,1167.420260362171,337.94031014033726,412.57634673345655,322.70358383678763,577.7499313408988,110.19598543167115,1167.420260362171,337.94031014033726,412.57634673345655,322.70358383678763,577.7499313408988,110.19598543167115
2026-02-08 07:00:00+00:00,1777.83,416.16,501.83,53.04001,364.12,143.57,1757.0603535201294,406.66190671561833,489.80678076935203,398.56493417102143,422.053443844854,113.8589494936424,1167.420260362171,337.94031014033726,412.57634673345655,322.70358383678763,577.7499313408988,110.19598543167115,1167.420260362171,337.94031014033726,412.57634673345655,322.70358383678763,577.7499313408988,110.19598543167115
2026-02-08 08:00:00+00:00,1677.54,416.01,483.72,94.61,374.01,146.91,1686.2393669355827,393.07745121351775,486.05968664910864,339.1164615489978,431.547366831658,114.45145070451001,1167.420260362171,337.94031014033726,412.57634673345655,322.70358383678763,577.7499313408988,110.19598543167115,1167.420260362171,337.94031014033726,412.57634673345655,322.70358383678763,577.7499313408988,110.19598543167115
2026-02-08 09:00:00+00:00,1604.12,409.26,454.89,53.98999,362.7,145.41,1753.4295711698114,388.89218000992037,468.4995627269884,183.30108549016532,411.43792614848604,115.7089692153962,1167.420260362171,337.94031014033726,412.57634673345655,322.70358383678763,577.7499313408988,110.19598543167115,1167.420260362171,337.94031014033726,412.57634673345655,322.70358383678763,577.7499313408988,110.19598543167115
2026-02-08 10:00:00+00:00,1614.87,412.03,443.49,112.75,359.75998,145.66,1810.9866392493482,364.1575227318199,450.0493671207114,115.77614729660468,403.1767330079707,116.57463450719355,1167.420260362171,337.94031014033726,412.57634673345655,322.70358383678763,577.7499313408988,110.19598543167115,1167.420260362171,337.94031014033726,412.57634673345655,322.70358383678763,577.7499313408988,110.19598543167115
2026-02-08 11:00:00+00:00,1612.46,412.09,432.37,94.19,359.19,140.53,1638.0588811014995,352.65443500798165,444.5883935335142,118.18557996335994,404.8581305186533,124.51780256955597,1167.420260362171,337.94031014033726,412.57634673345655,322.70358383678763,577.7499313408988,110.19598543167115,1167.420260362171,337.94031014033726,412.57634673345655,322.70358383678763,577.7499313408988,110.19598543167115
2026-02-08 12:00:00+00:00,1608.58,412.82,434.81,78.129974,355.85,141.04,1455.77932750817,341.59611415498523,444.085468660103,136.74369009660577,417.0857812073403,126.73579787424045,1167.420260362171,337.94031014033726,412.57634673345655,322.70358383678763,577.7499313408988,110.19598543167115,1167.420260362171,337.94031014033726,412.57634673345655,322.70358383678763,577.7499313408988,110.19598543167115
2026-02-08 13:00:00+00:00,1594.49,407.42,443.89,69.87999,352.34,140.54,1478.9166353532883,350.6662067646778,450.6267055626931,123.17018707299474,413.63356386959896,127.7383271670772,1167.420260362171,337.94031014033726,412.57634673345655,322.70358383678763,577.7499313408988,110.19598543167115,1167.420260362171,337.94031014033726,412.57634673345655,322.70358383678763,577.7499313408988,110.19598543167115
2026-02-08 14:00:00+00:00,1594.21,403.69,454.57,100.899994,356.03,140.03,1397.06847576393,361.3321132186378,461.5506891536256,253.54079932990857,449.909114726001,129.0873326415463,1167.420260362171,337.94031014033726,412.57634673345655,322.70358383678763,577.7499313408988,110.19598543167115,1167.420260362171,337.94031014033726,412.57634673345655,322.70358383678763,577.7499313408988,110.19598543167115
2026-02-08 15:00:00+00:00,1756.05,405.45,490.7,188.01,388.28,139.58,1668.9620703869853,368.11858340850677,481.89255409679987,427.3859282425343,469.740685372215,122.09974801947214,1167.420260362171,337.94031014033726,412.57634673345655,322.70358383678763,577.7499313408988,110.19598543167115,1167.420260362171,337.94031014033726,412.57634673345655,322.70358383678763,577.7499313408988,110.19598543167115
2026-02-08 16:00:00+00:00,2101.42,405.48,508.55,444.11,369.41,143.0,1886.9734993739062,358.880723454934,505.3160496768961,666.3364935514245,467.32892612286776,134.4546907074334,1167.420260362171,337.94031014033726,412.57634673345655,322.70358383678763,577.7499313408988,110.19598543167115,1167.420260362171,337.94031014033726,412.57634673345655,322.70358383678763,577.7499313408988,110.19598543167115
2026-02-08 17:00:00+00:00,2272.86,405.98,507.17,651.15,399.27,142.12,2220.3903978551634,365.8389423971043,506.3989897230917,628.6728637650913,366.7513097237116,147.97928337239847,1167.420260362171,337.94031014033726,412.57634673345655,322.70358383678763,577.7499313408988,110.19598543167115,1167.420260362171,337.94031014033726,412.57634673345655,322.70358383678763,577.7499313408988,110.19598543167115
2026-02-08 18:00:00+00:00,2528.99,406.21,498.92,328.0,351.45,140.61,2457.712766402801,390.1704298539905,506.0661929530555,378.4572881292906,364.2676822176416,151.68921204692992,1167.420260362171,337.94031014033726,412.57634673345655,322.70358383678763,577.7499313408988,110.19598543167115,1167.420260362171,337.94031014033726,412.57634673345655,322.70358383678763,577.7499313408988,110.19598543167115
2026-02-08 19:00:00+00:00,2610.55,406.19,486.56,76.66002,325.07,142.03,2332.2737228255164,388.3540168100563,490.04442219435293,240.33860737475723,368.07661775123256,144.64484386465395,1167.420260362171,337.94031014033726,412.57634673345655,322.70358383678763,577.7499313408988,110.19598543167115,1167.420260362171,337.94031014033726,412.57634673345655,322.70358383678763,577.7499313408988,110.19598543167115
2026-02-08 20:00:00+00:00,2456.92,406.2,476.39,106.36998,323.68,143.96,2334.5445468066614,395.31715271608914,475.65278199957027,221.69815036150658,356.00875764077796,140.30887586268244,1167.420260362171,337.94031014033726,412.57634673345655,322.70358383678763,577.7499313408988,110.19598543167115,1167.420260362171,337.94031014033726,412.57634673345655,322.70358383678763,577.7499313408988,110.19598543167115
2026-02-08 21:00:00+00:00,2002.45,405.72,460.81,117.11,324.84,146.17,2356.2284288919973,390.5439189582896,459.0160860747579,123.53292458112503,340.5088398073841,140.7973171308849,1167.420260362171,337.94031014033726,412.57634673345655,322.70358383678763,577.7499313408988,110.19598543167115,1167.420260362171,337.94031014033726,412.57634673345655,322.70358383678763,577.7499313408988,110.19598543167115
2026-02-08 22:00:00+00:00,1949.57,406.35,444.72,80.5,328.62,148.17,2249.0936161367317,395.64707204425304,444.1168003904303,101.43044290430379,359.848001071362,141.92453729307405,1167.420260362171,337.94031014033726,412.57634673345655,322.70358383678763,577.7499313408988,110.19598543167115,1167.420260362171,337.94031014033726,412.57634673345655,322.70358383678763,577.7499313408988,110.19598543167115
2026-02-08 23:00:00+00:00,1933.68,405.41,428.46,48.919983,345.92,147.48,1995.6961088725745,393.9068024379842,434.0575481792548,83.04979000827436,335.8770514748726,142.36864649306023,1167.420260362171,337.94031014033726,412.57634673345655,322.70358383678763,577.7499313408988,110.19598543167115,1167.420260362171,337.94031014033726,412.57634673345655,322.70358383678763,577.7499313408988,110.19598543167115
2026-02-09 00:00:00+00:00,1951.23,405.57,418.91,75.140015,354.06998,146.57,2194.049824641686,407.6567323492719,417.2791207738499,70.55873707345211,330.24101548150645,139.8579590998213,1167.420260362171,337.94031014033726,412.57634673345655,322.70358383678763,577.7499313408988,110.19598543167115,1167.420260362171,337.94031014033726,412.57634673345655,322.70358383678763,577.7499313408988,110.19598543167115
2026-02-09 01:00:00+00:00,1958.5,405.48,416.3,36.200012,344.96,145.28,2293.071140044198,399.49839846335107,416.7145643647942,85.39796043953103,335.28235668911486,143.52145204803,1167.420260362171,337.94031014033726,412.57634673345655,322.70358383678763,577.7499313408988,110.19598543167115,1167.420260362171,337.94031014033726,412.57634673345655,322.70358383678763,577.7499313408988,110.19598543167115
2026-02-09 02:00:00+00:00,1965.81,405.45,414.52,41.20999,348.99,145.94,2218.5156556502425,402.3716084347042,416.42139205514025,79.53977711439583,332.69311765984173,137.40422219621917,1167.420260362171,337.94031014033726,412.57634673345655,322.70358383678763,577.7499313408988,110.19598543167115,1167.420260362171,337.94031014033726,412.57634673345655,322.70358383678763,577.7499313408988,110.19598543167115
2026-02-09 03:00:00+00:00,1959.38,405.42,419.57,59.73001,345.52,144.61,2241.6042788756968,390.8777038004229,418.1763999184486,63.03162532196313,331.16549907788914,146.49682106031264,1167.420260362171,337.94031014033726,412.57634673345655,322.70358383678763,577.7499313408988,110.19598543167115,1167.420260362171,337.94031014033726,412.57634673345655,322.70358383678763,577.7499313408988,110.19598543167115
2026-02-09 04:00:00+00:00,2102.76,405.22,427.99,56.570007,345.7,147.18,2377.3814247449563,399.5019413391223,426.7676675257438,113.39803775766481,346.1492402057762,144.48417431302423,1167.420260362171,337.94031014033726,412.57634673345655,322.70358383678763,577.7499313408988,110.19598543167115,1167.420260362171,337.94031014033726,412.57634673345655,322.70358383678763,577.7499313408988,110.19598543167115
2026-02-09 05:00:00+00:00,2486.21,405.07,451.85,826.2,358.29,143.72,2463.4366697608375,417.65403590290947,449.2459965280957,328.95831585170805,396.7681523611709,149.16084377551954,1167.420260362171,337.94031014033726,412.57634673345655,322.70358383678763,577.7499313408988,110.19598543167115,1167.420260362171,337.94031014033726,412.57634673345655,322.70358383678763,577.7499313408988,110.19598543167115
2026-02-09 06:00:00+00:00,2657.99,436.95,484.21,1213.3,389.44998,144.76,2699.169554471937,382.32257401111644,477.04548100347085,896.6246894599775,551.6972686457879,140.88282701687928,1167.420260362171,337.94031014033726,412.57634673345655,322.70358383678763,577.7499313408988,110.19598543167115,1167.420260362171,337.94031014033726,412.57634673345655,322.70358383678763,577.7499313408988,110.19598543167115
2026-02-09 07:00:00+00:00,2661.41,501.19,489.68,1198.895,422.81,142.9,2717.5545553308693,415.25506958625107,487.7079374627534,940.4866505092465,586.0728831905924,177.54455744067815,1167.420260362171,337.94031014033726,412.57634673345655,322.70358383678763,577.7499313408988,110.19598543167115,1167.420260362171,337.94031014033726,412.57634673345655,322.70358383678763,577.7499313408988,110.19598543167115
2026-02-09 08:00:00+00:00,2681.46,511.905,470.7,1184.4899,417.11,138.76,2669.7342871639507,419.1742365614792,478.9775128671676,659.6363915325518,578.44094832104,160.91552584419475,1167.420260362171,337.94031014033726,412.57634673345655,322.70358383678763,577.7499313408988,110.19598543167115,1167.420260362171,337.94031014033726,412.57634673345655,322.70358383678763,577.7499313408988,110.19598543167115
2026-02-09 09:00:00+00:00,2687.72,522.62,451.39,636.61,388.63,139.9,2729.364369221469,377.67948828057075,455.02232245039556,626.5033935220722,528.9061847556815,146.60760649750887,1167.420260362171,337.94031014033726,412.57634673345655,322.70358383678763,577.7499313408988,110.19598543167115,1167.420260362171,337.94031014033726,412.57634673345655,322.70358383678763,577.7499313408988,110.19598543167115
2026-02-09 10:00:00+00:00,2656.53,408.72,435.37,164.79,381.01,139.58,2637.346607074942,382.4936554807016,444.9651114363348,629.2835329986137,487.83409080229114,138.38311862715588,1167.420260362171,337.94031014033726,412.57634673345655,322.70358383678763,577.7499313408988,110.19598543167115,1167.420260362171,337.94031014033726,412.57634673345655,322.70358383678763,577.7499313408988,110.19598543167115
2026-02-09 11:00:00+00:00,2651.1,404.55,424.38,299.76,411.06,141.9,2610.589252540004,388.79327595953663,440.43290942392497,458.1530099804339,497.4745385707698,139.2477286994622,1167.420260362171,337.94031014033726,412.57634673345655,322.70358383678763,577.7499313408988,110.19598543167115,1167.420260362171,337.94031014033726,412.57634673345655,322.70358383678763,577.7499313408988,110.19598543167115
2026-02-09 12:00:00+00:00,2643.46,404.65,425.47,354.64,395.29,139.76,2521.7737538418423,371.5790480701029,440.20226990336977,437.3282400951239,544.2619289977639,116.92359989522444,1167.420260362171,337.94031014033726,412.57634673345655,322.70358383678763,577.7499313408988,110.19598543167115,1167.420260362171,337.94031014033726,412.57634673345655,322.70358383678763,577.7499313408988,110.19598543167115
2026-02-09 13:00:00+00:00,2646.13,404.71,434.68,655.58,447.54,139.19,2591.3366676843902,380.2765618276754,444.0476745811645,424.89459558919805,541.0968179100456,114.66437547226873,1167.420260362171,337.94031014033726,412.57634673345655,322.70358383678763,577.7499313408988,110.19598543167115,1167.420260362171,337.94031014033726,412.57634673345655,322.70358383678763,577.7499313408988,110.19598543167115
2026-02-09 14:00:00+00:00,2652.61,414.82,455.12,845.48,407.09,143.18,2683.7936718127785,396.2181765030654,458.2925987252532,525.2476000307503,546.7362309439546,122.0156164908139,1167.420260362171,337.94031014033726,412.57634673345655,322.70358383678763,577.7499313408988,110.19598543167115,1167.420260362171,337.94031014033726,412.57634673345655,322.70358383678763,577.7499313408988,110.19598543167115
2026-02-09 15:00:00+00:00,2654.39,449.28665,487.43,1438.01,421.93,144.85,2631.243578762938,373.6423697308859,480.0313898342528,728.9697152007086,547.3177851723342,107.36584770490683,1167.420260362171,337.94031014033726,412.57634673345655,322.70358383678763,577.7499313408988,110.19598543167115,1167.420260362171,337.94031014033726,412.57634673345655,322.70358383678763,577.7499313408988,110.19598543167115
2026-02-09 16:00:00+00:00,2660.4,483.75333,503.44,1422.24,420.02,146.55,2645.278203835124,397.62218368341723,499.7723585578801,1027.5114302717875,597.4543483396359,134.69963663434694,1167.420260362171,337.94031014033726,412.57634673345655,322.70358383678763,577.7499313408988,110.19598543167115,1167.420260362171,337.94031014033726,412.57634673345655,322.70358383678763,577.7499313408988,110.19598543167115
2026-02-09 17:00:00+00:00,2666.37,518.22,506.35,1391.11,528.58,146.39,2589.8764940761257,433.08584123260226,504.811175003,1031.7875039403707,438.4459433194926,141.1581465025991,1167.420260362171,337.94031014033726,412.57634673345655,322.70358383678763,577.7499313408988,110.19598543167115,1167.420260362171,337.94031014033726,412.57634673345655,322.70358383678763,577.7499313408988,110.19598543167115
2026-02-09 18:00:00+00:00,2651.4,442.07,498.61,1460.14,506.75,145.27,2634.0726776664656,432.92389999345767,497.0443938642844,867.9554397701511,412.6703848742736,140.70495108343988,1167.420260362171,337.94031014033726,412.57634673345655,322.70358383678763,577.7499313408988,110.19598543167115,1167.420260362171,337.94031014033726,412.57634673345655,322.70358383678763,577.7499313408988,110.19598543167115
2026-02-09 19:00:00+00:00,2654.18,442.49,487.36,1058.65,440.73,144.7,2492.5094895733464,420.49875872870643,485.2567580674101,576.5046247338387,379.0041684575373,137.96064694706152,1167.420260362171,337.94031014033726,412.57634673345655,322.70358383678763,577.7499313408988,110.19598543167115,1167.420260362171,337.94031014033726,412.57634673345655,322.70358383678763,577.7499313408988,110.19598543167115
2026-02-09 20:00:00+00:00,2653.47,442.89,470.9,567.0,408.05,142.83,2533.2598528373064,420.61508959280945,468.51382010656584,403.77383266434555,395.037609931092,143.70904606851252,1167.420260362171,337.94031014033726,412.57634673345655,322.70358383678763,577.7499313408988,110.19598543167115,1167.420260362171,337.94031014033726,412.57634673345655,322.70358383678763,577.7499313408988,110.19598543167115
2026-02-09 21:00:00+00:00,2478.54,434.48,454.43,100.73001,383.19,142.99,2400.1998604580276,422.53094173718375,453.04570662087093,145.90473615933374,381.27093003137577,160.66883807176896,1167.420260362171,337.94031014033726,412.57634673345655,322.70358383678763,577.7499313408988,110.19598543167115,1167.420260362171,337.94031014033726,412.57634673345655,322.70358383678763,577.7499313408988,110.19598543167115
2026-02-09 22:00:00+00:00,2314.55,422.81,436.47,110.04001,354.89,145.14,2488.911367994325,424.419889990589,437.42704095354145,134.6339048359302,378.86778841265493,166.73352469865893,1167.420260362171,337.94031014033726,412.57634673345655,322.70358383678763,577.7499313408988,110.19598543167115,1167.420260362171,337.94031014033726,412.57634673345655,322.70358383678763,577.7499313408988,110.19598543167115
2026-02-09 23:00:00+00:00,2333.22,421.45,424.04,107.47002,350.86,144.93,2244.50728359437,403.4524158814939,427.6521645894148,116.27701084942291,386.3463066632625,152.33892813663115,1167.420260362171,337.94031014033726,412.57634673345655,322.70358383678763,577.7499313408988,110.19598543167115,1167.420260362171,337.94031014033726,412.57634673345655,322.70358383678763,577.7499313408988,110.19598543167115
2026-02-10 00:00:00+00:00,2251.62,413.69,418.57,51.549988,354.39,144.45,2175.217265418685,401.2522540210496,418.684182496114,104.21648622063589,368.57635024532635,149.04717920259083,1167.420260362171,337.94031014033726,412.57634673345655,322.70358383678763,577.7499313408988,110.19598543167115,1167.420260362171,337.94031014033726,412.57634673345655,322.70358383678763,577.7499313408988,110.19598543167115
2026-02-10 01:00:00+00:00,2148.36,414.41,413.11,16.920015,347.65,143.45,2127.8778628292907,415.52967803617236,417.073271280478,105.76095876544116,359.1548218269194,151.37560964636614,1167.420260362171,337.94031014033726,412.57634673345655,322.70358383678763,577.7499313408988,110.19598543167115,1167.420260362171,337.94031014033726,412.57634673345655,322.70358383678763,577.7499313408988,110.19598543167115
2026-02-10 02:00:00+00:00,2148.8,414.52,412.92,30.32001,351.14996,144.62,2395.5177023179685,404.6545711470872,417.2388697610042,55.524038375421696,387.28480788155764,151.55441674104324,1167.420260362171,337.94031014033726,412.57634673345655,322.70358383678763,577.7499313408988,110.19598543167115,1167.420260362171,337.94031014033726,412.57634673345655,322.70358383678763,577.7499313408988,110.19598543167115
2026-02-10 03:00:00+00:00,2142.55,414.49,417.8,51.820007,352.54,146.06,2380.5684882365235,410.1586935151434,420.2982152575299,80.4340744702601,382.3278915244789,171.63059343303743,1167.420260362171,337.94031014033726,412.57634673345655,322.70358383678763,577.7499313408988,110.19598543167115,1167.420260362171,337.94031014033726,412.57634673345655,322.70358383678763,577.7499313408988,110.19598543167115
2026-02-10 04:00:00+00:00,2294.84,414.28,429.81,78.229996,348.86,143.02,2419.977994964742,417.4222840530709,425.60514785958014,138.62256875789294,374.4306075665635,170.27198377846236,1167.420260362171,337.94031014033726,412.57634673345655,322.70358383678763,577.7499313408988,110.19598543167115,1167.420260362171,337.94031014033726,412.57634673345655,322.70358383678763,577.7499313408988,110.19598543167115
2026-02-10 05:00:00+00:00,2614.29,413.93,458.16,583.89,361.45,136.07,2539.973580180165,430.35860984792157,451.60979491034004,387.65966975686194,393.6035181927716,180.3245428674084,1167.420260362171,337.94031014033726,412.57634673345655,322.70358383678763,577.7499313408988,110.19598543167115,1167.420260362171,337.94031014033726,412.57634673345655,322.70358383678763,577.7499313408988,110.19598543167115
2026-02-10 06:00:00+00:00,2637.38,413.77,495.48,1175.8,400.68,134.13,2503.837479527996,372.5379212568234,484.5743809347398,1030.0839429333473,564.9780545230745,118.75938834179469,1167.420260362171,337.94031014033726,412.57634673345655,322.70358383678763,577.7499313408988,110.19598543167115,1167.420260362171,337.94031014033726,412.57634673345655,322.70358383678763,577.7499313408988,110.19598543167115
2026-02-10 07:00:00+00:00,2640.55,406.03,506.27,1209.42,420.11,137.99,2741.953791258811,414.39535532968137,486.560518821384,1002.7198437486265,516.8546554867082,150.22151652319704,1167.420260362171,337.94031014033726,412.57634673345655,322.70358383678763,577.7499313408988,110.19598543167115,1167.420260362171,337.94031014033726,412.57634673345655,322.70358383678763,577.7499313408988,110.19598543167115
2026-02-10 08:00:00+00:00,2649.59,382.91,499.84,584.92,449.69,131.98,2726.7568399025704,406.7120562579618,480.2598490173389,879.126702454156,509.29660971085616,139.66715847116768,1167.420260362171,337.94031014033726,412.57634673345655,322.70358383678763,577.7499313408988,110.19598543167115,1167.420260362171,337.94031014033726,412.57634673345655,322.70358383678763,577.7499313408988,110.19598543167115
2026-02-10 09:00:00+00:00,2647.69,383.65,474.54,221.26,382.67,133.58,2749.992148276585,400.8275569491242,459.4822221404125,616.1275094663083,455.940402366526,135.39632427533294,1167.420260362171,337.94031014033726,412.57634673345655,322.70358383678763,577.7499313408988,110.19598543167115,1167.420260362171,337.94031014033726,412.57634673345655,322.70358383678763,577.7499313408988,110.19598543167115
2026-02-10 10:00:00+00:00,2326.28,384.07,448.21,106.36998,379.42,133.44,2668.333283870655,400.8303974691569,450.1058696896107,291.88935222146955,450.9374192529525,140.09943410929583,1167.420260362171,337.94031014033726,412.57634673345655,322.70358383678763,577.7499313408988,110.19598543167115,1167.420260362171,337.94031014033726,412.57634673345655,322.70358383678763,577.7499313408988,110.19598543167115
2026-02-10 11:00:00+00:00,1965.03,382.17,432.66,86.859985,378.67,129.69,2651.438828462645,422.64800145701497,435.79780261731753,246.5832164352548,486.2474137734149,136.481487550525,1167.420260362171,337.94031014033726,412.57634673345655,322.70358383678763,577.7499313408988,110.19598543167115,1167.420260362171,337.94031014033726,412.57634673345655,322.70358383678763,577.7499313408988,110.19598543167115
2026-02-10 12:00:00+00:00,1966.64,383.68,428.7,54.839996,360.31,130.07,2541.029441654603,426.3591291188601,431.41136583284214,202.46561933829963,485.3126640227525,139.48824498919998,1167.420260362171,337.94031014033726,412.57634673345655,322.70358383678763,577.7499313408988,110.19598543167115,1167.420260362171,337.94031014033726,412.57634673345655,322.70358383678763,577.7499313408988,110.19598543167115
2026-02-10 13:00:00+00:00,2020.77,383.67,432.85,33.700012,360.91,130.06,2543.981757951816,436.3786544381256,432.4265367138692,225.61179872671678,507.2578555539661,122.75558015913491,1167.420260362171,337.94031014033726,412.57634673345655,322.70358383678763,577.7499313408988,110.19598543167115,1167.420260362171,337.94031014033726,412.57634673345655,322.70358383678763,577.7499313408988,110.19598543167115
2026-02-10 14:00:00+00:00,2509.79,381.64,458.2,142.4,373.38,130.37,2620.594101131019,395.3335068532748,446.7600215152186,499.50925509050137,504.56745184262724,115.44398038747586,1167.420260362171,337.94031014033726,412.57634673345655,322.70358383678763,577.7499313408988,110.19598543167115,1167.420260362171,337.94031014033726,412.57634673345655,322.70358383678763,577.7499313408988,110.19598543167115
2026-02-10 15:00:00+00:00,2630.18,381.56,488.44,1027.26,404.62,130.09,2545.613214594596,387.8102600973599,481.28831688832975,640.5468009333454,529.9456453591638,110.26202473303532,1167.420260362171,337.94031014033726,412.57634673345655,322.70358383678763,577.7499313408988,110.19598543167115,1167.420260362171,337.94031014033726,412.57634673345655,322.70358383678763,577.7499313408988,110.19598543167115
2026-02-10 16:00:00+00:00,2655.96,381.02,506.17,1313.08,390.44,128.02,2633.0307297616423,387.7007863382993,495.44634422363396,832.4034704998635,558.3902277186293,111.17446783597312,1167.420260362171,337.94031014033726,412.57634673345655,322.70358383678763,577.7499313408988,110.19598543167115,1167.420260362171,337.94031014033726,412.57634673345655,322.70358383678763,577.7499313408988,110.19598543167115
2026-02-10 17:00:00+00:00,2667.9,381.1,502.57,1261.5798,354.91,128.52,2705.988491156688,420.13221859152463,498.7984469252805,799.2825914136774,419.3953632600224,126.89152972465513,1167.420260362171,337.94031014033726,412.57634673345655,322.70358383678763,577.7499313408988,110.19598543167115,1167.420260362171,337.94031014033726,412.57634673345655,322.70358383678763,577.7499313408988,110.19598543167115
2026-02-10 18:00:00+00:00,2666.33,381.16,490.44,793.76,364.08,127.13,2540.807830822285,417.83122816320326,495.39785404188945,500.93483738849875,403.7581991796976,125.57234398055445,1167.420260362171,337.94031014033726,412.57634673345655,322.70358383678763,577.7499313408988,110.19598543167115,1167.420260362171,337.94031014033726,412.57634673345655,322.70358383678763,577.7499313408988,110.19598543167115
2026-02-10 19:00:00+00:00,2676.4,381.14,468.64,931.82,366.89,131.06,2531.549671558756,397.0219518550603,484.10756195684445,263.2503445120133,392.4213808412033,135.52306317798372,1167.420260362171,337.94031014033726,412.57634673345655,322.70358383678763,577.7499313408988,110.19598543167115,1167.420260362171,337.94031014033726,412.57634673345655,322.70358383678763,577.7499313408988,110.19598543167115
2026-02-10 20:00:00+00:00,2674.91,381.37,453.98,529.11,350.37,129.54,2460.4844839308016,394.97678478651403,461.72683433426903,275.018096387128,376.8324248373611,136.51304777051828,1167.420260362171,337.94031014033726,412.57634673345655,322.70358383678763,577.7499313408988,110.19598543167115,1167.420260362171,337.94031014033726,412.57634673345655,322.70358383678763,577.7499313408988,110.19598543167115
2026-02-10 21:00:00+00:00,2487.32,382.29,444.56,128.8,357.79,129.88,2385.4259550372717,382.30326450287816,449.84389031105286,180.9025561122289,385.92393854092325,137.65785736083384,1167.420260362171,337.94031014033726,412.57634673345655,322.70358383678763,577.7499313408988,110.19598543167115,1167.420260362171,337.94031014033726,412.57634673345655,322.70358383678763,577.7499313408988,110.19598543167115
2026-02-10 22:00:00+00:00,1876.45,382.85,430.7,77.57999,356.15,126.97,2355.56497326912,407.9967648731918,439.56947335245627,96.5387391129407,407.75457261348765,134.9813121225916,1167.420260362171,337.94031014033726,412.57634673345655,322.70358383678763,577.7499313408988,110.19598543167115,1167.420260362171,337.94031014033726,412.57634673345655,322.70358383678763,577.7499313408988,110.19598543167115
2026-02-10 23:00:00+00:00,1804.32,381.77,418.58,40.049988,359.62,129.97,2087.9010065242182,410.1490719734436,426.3041341471408,46.23580228743742,371.6117801744815,142.27814656294342,1167.420260362171,337.94031014033726,412.57634673345655,322.70358383678763,577.7499313408988,110.19598543167115,1167.420260362171,337.94031014033726,412.57634673345655,322.70358383678763,577.7499313408988,110.19598543167115
2026-02-11 00:00:00+00:00,1730.65,381.32,412.78,20.989992,349.43,129.74,1902.2171533130002,371.79900586869604,417.8234713364596,45.26837355416211,395.7366175486783,145.3485470191236,1167.420260362171,337.94031014033726,412.57634673345655,322.70358383678763,577.7499313408988,110.19598543167115,1167.420260362171,337.94031014033726,412.57634673345655,322.70358383678763,577.7499313408988,110.19598543167115
2026-02-11 01:00:00+00:00,1689.05,381.22,410.77,24.03,356.46,126.69,1418.2416732307906,359.977909691006,420.5143015302972,36.745754227360464,376.0434119544915,146.73938197932512,1167.420260362171,337.94031014033726,412.57634673345655,322.70358383678763,577.7499313408988,110.19598543167115,1167.420260362171,337.94031014033726,412.57634673345655,322.70358383678763,577.7499313408988,110.19598543167115
2026-02-11 02:00:00+00:00,1650.54,380.98,410.28,12.489991,358.32,126.89,1667.924421578221,363.2938427119367,424.27370623384587,42.461938506480294,411.57342259870813,144.44450146377477,1167.420260362171,337.94031014033726,412.57634673345655,322.70358383678763,577.7499313408988,110.19598543167115,1167.420260362171,337.94031014033726,412.57634673345655,322.70358383678763,577.7499313408988,110.19598543167115
2026-02-11 03:00:00+00:00,1612.0,381.07,413.25,55.72,365.15,124.82,1598.3039160480484,373.6818491225538,422.8628567659132,80.01754169358497,461.42793400509856,143.80351824914277,1167.420260362171,337.94031014033726,412.57634673345655,322.70358383678763,577.7499313408988,110.19598543167115,1167.420260362171,337.94031014033726,412.57634673345655,322.70358383678763,577.7499313408988,110.19598543167115
2026-02-11 04:00:00+00:00,1640.77,381.19,424.62,92.55998,386.39,123.95,1629.0006311227455,375.2943113842617,431.3566759306652,167.48291544806136,412.4201477364793,142.29673462451115,1167.420260362171,337.94031014033726,412.57634673345655,322.70358383678763,577.7499313408988,110.19598543167115,1167.420260362171,337.94031014033726,412.57634673345655,322.70358383678763,577.7499313408988,110.19598543167115
2026-02-11 05:00:00+00:00,1970.42,380.52,441.67,390.0,407.85,123.7,2527.9482725523703,366.1635545801515,451.0162373891294,329.8834330169953,391.47258699780036,154.70514511408288,1167.420260362171,337.94031014033726,412.57634673345655,322.70358383678763,577.7499313408988,110.19598543167115,1167.420260362171,337.94031014033726,412.57634673345655,322.70358383678763,577.7499313408988,110.19598543167115
2026-02-11 06:00:00+00:00,2373.87,380.82,471.69,747.58,405.04,132.18,2771.297821712009,370.3038261748267,459.41485182766297,766.2089836944049,454.7651200706052,138.1822003134466,1167.420260362171,337.94031014033726,412.57634673345655,322.70358383678763,577.7499313408988,110.19598543167115,1167.420260362171,337.94031014033726,412.57634673345655,322.70358383678763,577.7499313408988,110.19598543167115
2026-02-11 07:00:00+00:00,2437.11,380.35,475.76,1014.81,434.91,136.54,2582.191844103788,378.52273322745566,465.1904032494054,1001.0726508133685,444.94284036911415,134.9609095049642,1167.420260362171,337.94031014033726,412.57634673345655,322.70358383678763,577.7499313408988,110.19598543167115,1167.420260362171,337.94031014033726,412.57634673345655,322.70358383678763,577.7499313408988,110.19598543167115
2026-02-11 08:00:00+00:00,2451.06,380.61,471.94,717.84,454.94,138.52,2634.505885170551,397.20793776998835,467.39358586082307,515.3191432612745,531.3497918830305,143.53968021918104,1167.420260362171,337.94031014033726,412.57634673345655,322.70358383678763,577.7499313408988,110.19598543167115,1167.420260362171,337.94031014033726,412.57634673345655,322.70358383678763,577.7499313408988,110.19598543167115
2026-02-11 09:00:00+00:00,2456.41,380.73,450.23,309.44,469.58,132.16,2523.8497475390595,395.39132240715895,445.4172061536338,303.3476613169651,575.3073851053416,125.60945371153844,1167.420260362171,337.94031014033726,412.57634673345655,322.70358383678763,577.7499313408988,110.19598543167115,1167.420260362171,337.94031014033726,412.57634673345655,322.70358383678763,577.7499313408988,110.19598543167115
2026-02-11 10:00:00+00:00,2460.36,381.54,431.06,469.94,473.46,133.87,2603.854756092047,403.99404674577613,446.79347667529436,324.6154883268031,564.0695127054694,137.69575247617155,1167.420260362171,337.94031014033726,412.57634673345655,322.70358383678763,577.7499313408988,110.19598543167115,1167.420260362171,337.94031014033726,412.57634673345655,322.70358383678763,577.7499313408988,110.19598543167115
2026-02-11 11:00:00+00:00,2475.63,383.04,428.34,306.48,473.77,141.26,2512.6456885187986,378.91734362546475,447.3992834147555,284.7259057797155,540.8205663001096,138.70805480867372,1167.420260362171,337.94031014033726,412.57634673345655,322.70358383678763,577.7499313408988,110.19598543167115,1167.420260362171,337.94031014033726,412.57634673345655,322.70358383678763,577.7499313408988,110.19598543167115
2026-02-11 12:00:00+00:00,2547.49,383.17,426.83,138.63,475.96,142.24,2193.7685801003704,364.0132352657695,435.42878635919357,326.37967301331923,569.4892280501552,127.1303130122147,1167.420260362171,337.94031014033726,412.57634673345655,322.70358383678763,577.7499313408988,110.19598543167115,1167.420260362171,337.94031014033726,412.57634673345655,322.70358383678763,577.7499313408988,110.19598543167115
2026-02-11 13:00:00+00:00,2524.21,383.14,429.85,209.6,468.68,143.62,2129.622324552607,347.1465222892666,431.2566650572111,427.4272092965499,615.6226954753076,118.75585001456656,1167.420260362171,337.94031014033726,412.57634673345655,322.70358383678763,577.7499313408988,110.19598543167115,1167.420260362171,337.94031014033726,412.57634673345655,322.70358383678763,577.7499313408988,110.19598543167115
2026-02-11 14:00:00+00:00,2535.13,383.15,442.26,185.38,467.18,143.33,2186.9143504144618,352.42040485721213,453.3815702003926,603.3810398705746,523.1665550571041,120.83853587738004,1167.420260362171,337.94031014033726,412.57634673345655,322.70358383678763,577.7499313408988,110.19598543167115,1167.420260362171,337.94031014033726,412.57634673345655,322.70358383678763,577.7499313408988,110.19598543167115
2026-02-11 15:00:00+00:00,2630.29,386.9,468.09,397.54,503.94,144.86,2316.113673950057,349.58693426313266,490.9437149295233,557.4759404433051,615.5964260485625,114.69891925360099,1167.420260362171,337.94031014033726,412.57634673345655,322.70358383678763,577.7499313408988,110.19598543167115,1167.420260362171,337.94031014033726,412.57634673345655,322.70358383678763,577.7499313408988,110.19598543167115
2026-02-11 16:00:00+00:00,2656.03,388.78,497.18,791.8,539.41,143.86,2487.7265066766113,360.5318865611697,496.5288172207346,898.2473999032217,543.154240197072,102.7482826355364,1167.420260362171,337.94031014033726,412.57634673345655,322.70358383678763,577.7499313408988,110.19598543167115,1167.420260362171,337.94031014033726,412.57634673345655,322.70358383678763,577.7499313408988,110.19598543167115
2026-02-11 17:00:00+00:00,2695.96,383.52,505.01,701.78,538.67,138.69,2521.287076227686,407.96865203043086,502.92538215586467,943.2586548745925,432.18543147277205,127.34057503811795,1167.420260362171,337.94031014033726,412.57634673345655,322.70358383678763,577.7499313408988,110.19598543167115,1167.420260362171,337.94031014033726,412.57634673345655,322.70358383678763,577.7499313408988,110.19598543167115
2026-02-11 18:00:00+00:00,2691.96,383.48,500.14,529.16,529.87,140.06,2489.8636490859053,405.34477066263,497.21635545351364,491.24655738711,386.80169672552745,129.85124295969567,1167.420260362171,337.94031014033726,412.57634673345655,322.70358383678763,577.7499313408988,110.19598543167115,1167.420260362171,337.94031014033726,412.57634673345655,322.70358383678763,577.7499313408988,110.19598543167115
2026-02-11 19:00:00+00:00,2644.41,384.23,486.46,109.06999,499.95,140.35,2438.3494183642724,378.30175991953286,485.7994403849749,366.1476007026442,389.26514288227634,140.69483407213602,1167.420260362171,337.94031014033726,412.57634673345655,322.70358383678763,577.7499313408988,110.19598543167115,1167.420260362171,337.94031014033726,412.57634673345655,322.70358383678763,577.7499313408988,110.19598543167115
2026-02-11 20:00:00+00:00,2471.49,382.19,470.72,156.62,483.94,140.64,2147.730264815129,373.2709395454477,465.5021113562161,211.07520079768307,410.94817788995596,134.88222839141275,1167.420260362171,337.94031014033726,412.57634673345655,322.70358383678763,577.7499313408988,110.19598543167115,1167.420260362171,337.94031014033726,412.57634673345655,322.70358383678763,577.7499313408988,110.19598543167115
2026-02-11 21:00:00+00:00,1844.98,382.58,454.52,34.450012,491.56,141.57,2062.6269049526927,369.68876808764924,449.0190985773752,132.88161106043663,418.46992591177616,138.7595196417151,1167.420260362171,337.94031014033726,412.57634673345655,322.70358383678763,577.7499313408988,110.19598543167115,1167.420260362171,337.94031014033726,412.57634673345655,322.70358383678763,577.7499313408988,110.19598543167115
2026-02-11 22:00:00+00:00,1722.0,382.35,434.28,117.770004,490.1,142.64,1901.2731367322203,376.3242017441524,433.0705340896084,76.64825103926862,405.19177053530876,139.08063335812543,1167.420260362171,337.94031014033726,412.57634673345655,322.70358383678763,577.7499313408988,110.19598543167115,1167.420260362171,337.94031014033726,412.57634673345655,322.70358383678763,577.7499313408988,110.19598543167115
2026-02-11 23:00:00+00:00,1668.43,381.45,420.52,102.83,486.48,142.66,1739.5941289171708,369.09153189428565,421.1967399564175,57.592641988161745,382.2129749162725,139.29207863518403,1167.420260362171,337.94031014033726,412.57634673345655,322.70358383678763,577.7499313408988,110.19598543167115,1167.420260362171,337.94031014033726,412.57634673345655,322.70358383678763,577.7499313408988,110.19598543167115
2026-02-12 00:00:00+00:00,1654.31,381.54,415.31,31.139986,490.52,141.12,1612.601644056498,345.80939513541665,413.69706953159323,38.00335265341579,372.2807201961349,142.7750850803887,1167.420260362171,337.94031014033726,412.57634673345655,322.70358383678763,577.7499313408988,110.19598543167115,1167.420260362171,337.94031014033726,412.57634673345655,322.70358383678763,577.7499313408988,110.19598543167115
2026-02-12 01:00:00+00:00,1630.49,381.55,411.9,33.690002,491.01,138.76,1484.9434141814988,358.4219963626966,416.3835784418187,52.55826757153159,373.7771568966349,141.31938259540487,1167.420260362171,337.94031014033726,412.57634673345655,322.70358383678763,577.7499313408988,110.19598543167115,1167.420260362171,337.94031014033726,412.57634673345655,322.70358383678763,577.7499313408988,110.19598543167115
2026-02-12 02:00:00+00:00,1634.8,381.61,410.81,34.850006,489.09,138.85,1185.7391571502953,349.35084549025134,417.1960931863564,51.654526008337086,388.2168032429031,143.69304317585943,1167.420260362171,337.94031014033726,412.57634673345655,322.70358383678763,577.7499313408988,110.19598543167115,1167.420260362171,337.94031014033726,412.57634673345655,322.70358383678763,577.7499313408988,110.19598543167115
2026-02-12 03:00:00+00:00,1638.84,382.08,413.65,23.589998,491.59,137.91,1294.5576364063252,345.50734176419013,418.0598977593152,74.3470998420959,390.70795907650233,138.0382609852304,1167.420260362171,337.94031014033726,412.57634673345655,322.70358383678763,577.7499313408988,110.19598543167115,1167.420260362171,337.94031014033726,412.57634673345655,322.70358383678763,577.7499313408988,110.19598543167115
2026-02-12 04:00:00+00:00,1699.67,381.95,427.19,94.45,497.19,136.73,1750.8488029781274,367.9704750073931,426.88221300136644,161.6241237048208,385.9510336245812,137.33358241676507,1167.420260362171,337.94031014033726,412.57634673345655,322.70358383678763,577.7499313408988,110.19598543167115,1167.420260362171,337.94031014033726,412.57634673345655,322.70358383678763,577.7499313408988,110.19598543167115
2026-02-12 05:00:00+00:00,2157.05,380.48,451.38,341.83,516.87,125.76,2099.0381886680843,365.69741845737053,447.8781903988029,256.50068325909933,392.2166391883691,139.39334930138435,1167.420260362171,337.94031014033726,412.57634673345655,322.70358383678763,577.7499313408988,110.19598543167115,1167.420260362171,337.94031014033726,412.57634673345655,322.70358383678763,577.7499313408988,110.19598543167115
2026-02-12 06:00:00+00:00,2380.38,380.06,485.53,285.91,514.45,129.61,2341.751600507697,368.4148351639111,473.7139485533907,746.4080697928448,539.6038176220682,145.80032683062723,1167.420260362171,337.94031014033726,412.57634673345655,322.70358383678763,577.7499313408988,110.19598543167115,1167.420260362171,337.94031014033726,412.57634673345655,322.70358383678763,577.7499313408988,110.19598543167115
2026-02-12 07:00:00+00:00,2405.18,380.45,500.61,363.39,554.4,118.96,2495.756320911348,402.5800817245975,481.6004468015067,640.8235832751625,542.4107375272895,168.30271025036416,1167.420260362171,337.94031014033726,412.57634673345655,322.70358383678763,577.7499313408988,110.19598543167115,1167.420260362171,337.94031014033726,412.57634673345655,322.70358383678763,577.7499313408988,110.19598543167115
2026-02-12 08:00:00+00:00,2127.77,381.09,494.33,226.94,560.94,115.68,2234.4636780903074,396.0692366349242,460.7439133978702,292.7089849662377,526.2051701831012,175.1686755879832,1167.420260362171,337.94031014033726,412.57634673345655,322.70358383678763,577.7499313408988,110.19598543167115,1167.420260362171,337.94031014033726,412.57634673345655,322.70358383678763,577.7499313408988,110.19598543167115
2026-02-12 09:00:00+00:00,1835.82,383.04,465.79,192.42,545.4,114.17,2258.1206013431065,376.1773231389329,429.502385969714,239.10165811584363,534.812269559856,164.27401365145874,1167.420260362171,337.94031014033726,412.57634673345655,322.70358383678763,577.7499313408988,110.19598543167115,1167.420260362171,337.94031014033726,412.57634673345655,322.70358383678763,577.7499313408988,110.19598543167115
2026-02-12 10:00:00+00:00,1736.64,383.71,447.61,168.98,550.79,116.65,2084.0761681843414,373.3473907329907,427.1571714592223,177.5474622521879,595.8293447723947,149.23374075868054,1167.420260362171,337.94031014033726,412.57634673345655,322.70358383678763,577.7499313408988,110.19598543167115,1167.420260362171,337.94031014033726,412.57634673345655,322.70358383678763,577.7499313408988,110.19598543167115
2026-02-12 11:00:00+00:00,1528.98,381.35,427.8,136.24,551.08,116.24,1944.69773716402,356.5026973785588,427.38902018973084,241.43304232102696,548.6452945975458,139.0151782561108,1167.420260362171,337.94031014033726,412.57634673345655,322.70358383678763,577.7499313408988,110.19598543167115,1167.420260362171,337.94031014033726,412.57634673345655,322.70358383678763,577.7499313408988,110.19598543167115
2026-02-12 12:00:00+00:00,1409.09,382.28,421.52,43.45999,563.52,116.51,1911.4988861223087,357.0943505580843,427.85552883637604,154.4473842080629,548.3675421215081,125.19832171354858,1167.420260362171,337.94031014033726,412.57634673345655,322.70358383678763,577.7499313408988,110.19598543167115,1167.420260362171,337.94031014033726,412.57634673345655,322.70358383678763,577.7499313408988,110.19598543167115
2026-02-12 13:00:00+00:00,1396.82,382.18,428.64,86.84,570.63,115.53,1666.8090634042217,353.7064647418464,429.15282913247177,173.81422734029013,520.3921593105622,126.13907102909053,1167.420260362171,337.94031014033726,412.57634673345655,322.70358383678763,577.7499313408988,110.19598543167115,1167.420260362171,337.94031014033726,412.57634673345655,322.70358383678763,577.7499313408988,110.19598543167115
2026-02-12 14:00:00+00:00,1390.0,381.79,448.74,93.979996,561.9,115.47,1555.0590376528821,341.4990639615053,445.95905971032414,272.02050695481415,508.9919355519754,131.27386733872328,1167.420260362171,337.94031014033726,412.57634673345655,322.70358383678763,577.7499313408988,110.19598543167115,1167.420260362171,337.94031014033726,412.57634673345655,322.70358383678763,577.7499313408988,110.19598543167115
2026-02-12 15:00:00+00:00,1396.66,383.14,478.79,95.2,564.01,115.73,1887.382581082887,364.5247794575306,482.10301007736246,276.7463870463968,472.5300378182974,129.28927683795672,1167.420260362171,337.94031014033726,412.57634673345655,322.70358383678763,577.7499313408988,110.19598543167115,1167.420260362171,337.94031014033726,412.57634673345655,322.70358383678763,577.7499313408988,110.19598543167115
2026-02-12 16:00:00+00:00,1402.94,383.71,506.44,104.83,564.79,115.34,2170.4033766364464,368.16144228679184,496.1237414568799,525.3520865960568,451.4610964518194,153.0132081713017,1167.420260362171,337.94031014033726,412.57634673345655,322.70358383678763,577.7499313408988,110.19598543167115,1167.420260362171,337.94031014033726,412.57634673345655,322.70358383678763,577.7499313408988,110.19598543167115
2026-02-12 17:00:00+00:00,1423.81,383.62,513.46,125.70999,564.78,115.3,2489.998158729287,400.87857041900804,504.16784389113957,590.0728877964532,380.9836820904876,150.26896864492596,1167.420260362171,337.94031014033726,412.57634673345655,322.70358383678763,577.7499313408988,110.19598543167115,1167.420260362171,337.94031014033726,412.57634673345655,322.70358383678763,577.7499313408988,110.19598543167115
2026-02-12 18:00:00+00:00,1391.85,383.57,506.6,183.4,577.94,114.7,2417.1805027683113,393.6868534775327,496.7703306335749,297.92671019938206,389.33853324123663,141.35527521100173,1167.420260362171,337.94031014033726,412.57634673345655,322.70358383678763,577.7499313408988,110.19598543167115,1167.420260362171,337.94031014033726,412.57634673345655,322.70358383678763,577.7499313408988,110.19598543167115
2026-02-12 19:00:00+00:00,1386.38,383.06,488.13,127.95,578.53,119.34,2256.969184673646,388.68649794247403,478.7145461988383,208.4591431740762,378.50679640440956,148.82739834340475,1167.420260362171,337.94031014033726,412.57634673345655,322.70358383678763,577.7499313408988,110.19598543167115,1167.420260362171,337.94031014033726,412.57634673345655,322.70358383678763,577.7499313408988,110.19598543167115
2026-02-12 20:00:00+00:00,1378.23,382.19,473.62,110.75,583.53,126.44,2174.823033093243,384.8730857919006,464.0201486643817,138.9591648792055,378.9439338201381,139.6885550887848,1167.420260362171,337.94031014033726,412.57634673345655,322.70358383678763,577.7499313408988,110.19598543167115,1167.420260362171,337.94031014033726,412.57634673345655,322.70358383678763,577.7499313408988,110.19598543167115
2026-02-12 21:00:00+00:00,1359.2,381.32,455.59,167.46,590.79,134.48,2073.6015800655478,386.68900053052135,440.7387280705116,137.71580859862917,379.68587399470425,136.95152883840115,1167.420260362171,337.94031014033726,412.57634673345655,322.70358383678763,577.7499313408988,110.19598543167115,1167.420260362171,337.94031014033726,412.57634673345655,322.70358383678763,577.7499313408988,110.19598543167115
2026-02-12 22:00:00+00:00,1390.56,381.42,433.18,43.579987,597.39,140.2,1901.9435633918083,382.8698737538026,434.7934429903823,59.97862080225724,375.45215772444874,138.44216138455405,1167.420260362171,337.94031014033726,412.57634673345655,322.70358383678763,577.7499313408988,110.19598543167115,1167.420260362171,337.94031014033726,412.57634673345655,322.70358383678763,577.7499313408988,110.19598543167115
2026-02-12 23:00:00+00:00,1363.68,381.3,419.89,208.41,605.25,141.11,1522.6696812618575,359.00725095382154,424.547142060399,83.64579443123205,397.7332057109366,140.34591427898414,1167.420260362171,337.94031014033726,412.57634673345655,322.70358383678763,577.7499313408988,110.19598543167115,1167.420260362171,337.94031014033726,412.57634673345655,322.70358383678763,577.7499313408988,110.19598543167115
2026-02-13 00:00:00+00:00,1317.4,381.56,412.36,68.45,595.49,140.26,1287.8891133324523,350.7920746401413,414.9580348282004,28.91807999320656,394.2180543180395,141.90397539036533,1167.420260362171,337.94031014033726,412.57634673345655,322.70358383678763,577.7499313408988,110.19598543167115,1167.420260362171,337.94031014033726,412.57634673345655,322.70358383678763,577.7499313408988,110.19598543167115
2026-02-13 01:00:00+00:00,1332.85,381.54,410.87,8.380006,599.21,142.09,1164.5797470228317,342.2415524450258,414.4402137218246,46.16252739239769,364.2648549718192,141.83359460901275,1167.420260362171,337.94031014033726,412.57634673345655,322.70358383678763,577.7499313408988,110.19598543167115,1167.420260362171,337.94031014033726,412.57634673345655,322.70358383678763,577.7499313408988,110.19598543167115
2026-02-13 02:00:00+00:00,1341.44,381.69,412.36,8.420014,602.44,143.16,1062.0448415297594,344.1199099510685,416.590523381109,40.85851479035324,356.5747348482165,140.07747372383926,1167.420260362171,337.94031014033726,412.57634673345655,322.70358383678763,577.7499313408988,110.19598543167115,1167.420260362171,337.94031014033726,412.57634673345655,322.70358383678763,577.7499313408988,110.19598543167115
2026-02-13 03:00:00+00:00,1366.17,381.49,416.1,15.010011,597.81,141.04,1217.879704278762,343.93872492020694,418.6319277442821,47.30225699663089,353.0184674620118,140.53994359461095,1167.420260362171,337.94031014033726,412.57634673345655,322.70358383678763,577.7499313408988,110.19598543167115,1167.420260362171,337.94031014033726,412.57634673345655,322.70358383678763,577.7499313408988,110.19598543167115
2026-02-13 04:00:00+00:00,1554.44,381.99,428.53,24.950014,613.94,139.97,1546.3963702782842,362.0069859868683,428.53609481602746,138.9386203473006,374.423620783356,136.61831709608865,1167.420260362171,337.94031014033726,412.57634673345655,322.70358383678763,577.7499313408988,110.19598543167115,1167.420260362171,337.94031014033726,412.57634673345655,322.70358383678763,577.7499313408988,110.19598543167115
2026-02-13 05:00:00+00:00,1717.27,382.84,454.36,124.75,605.55,143.28,2300.1616577717577,378.912284123635,451.16681314269215,317.01718673492314,390.1032724660506,143.22567530444002,1167.420260362171,337.94031014033726,412.57634673345655,322.70358383678763,577.7499313408988,110.19598543167115,1167.420260362171,337.94031014033726,412.57634673345655,322.70358383678763,577.7499313408988,110.19598543167115
2026-02-13 06:00:00+00:00,1793.21,383.19,491.45,452.47,604.28,144.47,2366.70388090992,362.5036217960921,480.2054284946755,737.2792195708339,555.5900805495231,133.04361453845726,1167.420260362171,337.94031014033726,412.57634673345655,322.70358383678763,577.7499313408988,110.19598543167115,1167.420260362171,337.94031014033726,412.57634673345655,322.70358383678763,577.7499313408988,110.19598543167115
2026-02-13 07:00:00+00:00,1784.51,383.28,504.99,946.12,619.03,142.88,2603.2522612377666,410.1653850860006,491.04855463318154,572.8712979406987,536.4992596436546,157.72446213731118,1167.420260362171,337.94031014033726,412.57634673345655,322.70358383678763,577.7499313408988,110.19598543167115,1167.420260362171,337.94031014033726,412.57634673345655,322.70358383678763,577.7499313408988,110.19598543167115
2026-02-13 08:00:00+00:00,1800.76,382.47,490.46,464.9,626.9,145.33,2611.4127286393223,395.77479299752224,476.5856559493335,443.39298520793216,561.4847310895046,154.07352092212875,1167.420260362171,337.94031014033726,412.57634673345655,322.70358383678763,577.7499313408988,110.19598543167115,1167.420260362171,337.94031014033726,412.57634673345655,322.70358383678763,577.7499313408988,110.19598543167115
2026-02-13 09:00:00+00:00,1765.76,382.22,467.38,66.03,627.37,143.31,2461.1129456303424,379.19655014669587,463.81221107418827,259.52072400366404,531.1981712675101,144.0293553987866,1167.420260362171,337.94031014033726,412.57634673345655,322.70358383678763,577.7499313408988,110.19598543167115,1167.420260362171,337.94031014033726,412.57634673345655,322.70358383678763,577.7499313408988,110.19598543167115
2026-02-13 10:00:00+00:00,1745.21,381.31,445.64,46.079987,629.39,141.74,2377.1898856977605,382.86294945384907,430.74211639979694,257.0876721894823,593.6932516361818,129.0330153607662,1167.420260362171,337.94031014033726,412.57634673345655,322.70358383678763,577.7499313408988,110.19598543167115,1167.420260362171,337.94031014033726,412.57634673345655,322.70358383678763,577.7499313408988,110.19598543167115
2026-02-13 11:00:00+00:00,1656.33,380.43,428.48,38.75,626.94,140.21,2294.2419190243163,374.34157545582815,429.6301766286504,169.7944474797457,575.3260235970541,120.29239281972983,1167.420260362171,337.94031014033726,412.57634673345655,322.70358383678763,577.7499313408988,110.19598543167115,1167.420260362171,337.94031014033726,412.57634673345655,322.70358383678763,577.7499313408988,110.19598543167115
2026-02-13 12:00:00+00:00,1591.97,381.76,422.7,155.98,627.34,141.41,2409.6751825238753,361.43824972468485,421.83160264273477,160.94458243831303,536.6219162033927,118.50132193912182,1167.420260362171,337.94031014033726,412.57634673345655,322.70358383678763,577.7499313408988,110.19598543167115,1167.420260362171,337.94031014033726,412.57634673345655,322.70358383678763,577.7499313408988,110.19598543167115
2026-02-13 13:00:00+00:00,1680.01,383.56,424.2,375.37,625.09,138.41,2479.422086551392,337.85878751743303,424.90334748655675,219.08933650896677,531.2553951931436,123.6348975873607,1167.420260362171,337.94031014033726,412.57634673345655,322.70358383678763,577.7499313408988,110.19598543167115,1167.420260362171,337.94031014033726,412.57634673345655,322.70358383678763,577.7499313408988,110.19598543167115
2026-02-13 14:00:00+00:00,1795.28,383.67,441.29,791.89,647.73,135.61,2362.057675916706,348.517172106091,440.4957457024473,502.9307278668124,553.7743666599142,127.94042564074725,1167.420260362171,337.94031014033726,412.57634673345655,322.70358383678763,577.7499313408988,110.19598543167115,1167.420260362171,337.94031014033726,412.57634673345655,322.70358383678763,577.7499313408988,110.19598543167115
2026-02-13 15:00:00+00:00,1792.09,383.33,476.57,973.45,623.87,133.35,2358.2120820304053,345.1574753743403,487.4093369377274,823.9367150529638,516.8471427650293,121.9579174530824,1167.420260362171,337.94031014033726,412.57634673345655,322.70358383678763,577.7499313408988,110.19598543167115,1167.420260362171,337.94031014033726,412.57634673345655,322.70358383678763,577.7499313408988,110.19598543167115
2026-02-13 16:00:00+00:00,1800.76,385.11,506.42,1190.62,618.99,134.03,2466.709918936055,367.43252852611397,501.42582517573214,1040.2421243640258,526.5310144971247,134.63816563606963,1167.420260362171,337.94031014033726,412.57634673345655,322.70358383678763,577.7499313408988,110.19598543167115,1167.420260362171,337.94031014033726,412.57634673345655,322.70358383678763,577.7499313408988,110.19598543167115
2026-02-13 17:00:00+00:00,1819.83,402.04,511.91,1450.94,609.06,135.95,2599.995310839655,378.03501031312624,506.4382700065473,1232.0128882374065,367.37973310961354,164.52207758841064,1167.420260362171,337.94031014033726,412.57634673345655,322.70358383678763,577.7499313408988,110.19598543167115,1167.420260362171,337.94031014033726,412.57634673345655,322.70358383678763,577.7499313408988,110.19598543167115
2026-02-13 18:00:00+00:00,1820.56,412.44,500.29,893.76,613.91,139.85,2561.4742470574442,368.8882114110842,498.8547598559716,944.39214411232,371.36386238682326,162.64622087452798,1167.420260362171,337.94031014033726,412.57634673345655,322.70358383678763,577.7499313408988,110.19598543167115,1167.420260362171,337.94031014033726,412.57634673345655,322.70358383678763,577.7499313408988,110.19598543167115
2026-02-13 19:00:00+00:00,1833.03,411.93,480.27,388.59,646.78,139.73,2457.4981739380646,364.5236203397106,483.7621414353177,462.8590920182435,369.1488250074842,161.90523073521842,1167.420260362171,337.94031014033726,412.57634673345655,322.70358383678763,577.7499313408988,110.19598543167115,1167.420260362171,337.94031014033726,412.57634673345655,322.70358383678763,577.7499313408988,110.19598543167115
2026-02-13 20:00:00+00:00,1832.25,411.39,459.3,157.89,620.77,142.01,2489.4199137886353,364.82469646807147,470.1243547277899,306.8185665952951,343.06086144599766,158.92780950263452,1167.420260362171,337.94031014033726,412.57634673345655,322.70358383678763,577.7499313408988,110.19598543167115,1167.420260362171,337.94031014033726,412.57634673345655,322.70358383678763,577.7499313408988,110.19598543167115
2026-02-13 21:00:00+00:00,1702.1,411.12,445.85,148.92,620.77,145.06,2359.468298372108,385.5232144605723,453.1787098065107,136.09955362943552,314.2204962513849,139.0682557479279,1167.420260362171,337.94031014033726,412.57634673345655,322.70358383678763,577.7499313408988,110.19598543167115,1167.420260362171,337.94031014033726,412.57634673345655,322.70358383678763,577.7499313408988,110.19598543167115
2026-02-13 22:00:00+00:00,1690.54,411.46,429.46,131.9,595.69,147.3,2333.434320757762,388.9598928377233,436.92503996480775,98.23367053864118,359.5010870319578,138.90983447399051,1167.420260362171,337.94031014033726,412.57634673345655,322.70358383678763,577.7499313408988,110.19598543167115,1167.420260362171,337.94031014033726,412.57634673345655,322.70358383678763,577.7499313408988,110.19598543167115
2026-02-13 23:00:00+00:00,1712.83,411.47,420.49,88.47002,597.28,148.82,2189.0425421855803,392.5595550331582,421.13001678108026,90.43515259812256,361.9656185660184,138.98928461639412,1167.420260362171,337.94031014033726,412.57634673345655,322.70358383678763,577.7499313408988,110.19598543167115,1167.420260362171,337.94031014033726,412.57634673345655,322.70358383678763,577.7499313408988,110.19598543167115
2026-02-14 00:00:00+00:00,1696.67,411.48,414.56,54.910004,585.8,147.98,1831.4846591647054,398.6462877099144,420.9104416209234,44.90487049846257,383.3932496693074,140.98907898309713,1167.420260362171,337.94031014033726,412.57634673345655,322.70358383678763,577.7499313408988,110.19598543167115,1167.420260362171,337.94031014033726,412.57634673345655,322.70358383678763,577.7499313408988,110.19598543167115
2026-02-14 01:00:00+00:00,1719.55,411.57,410.52,76.3,592.73,149.4,1742.512280429403,397.4915964488272,420.66089059029605,44.90487049846257,371.88542590167583,141.76348450549148,1167.420260362171,337.94031014033726,412.57634673345655,322.70358383678763,577.7499313408988,110.19598543167115,1167.420260362171,337.94031014033726,412.57634673345655,322.70358383678763,577.7499313408988,110.19598543167115
2026-02-14 02:00:00+00:00,1721.22,411.53,411.18,92.12999,587.26,148.51,1732.93555902695,386.2234224111671,417.59881917602644,88.32025688671484,388.68721457808454,139.99752159813272,1167.420260362171,337.94031014033726,412.57634673345655,322.70358383678763,577.7499313408988,110.19598543167115,1167.420260362171,337.94031014033726,412.57634673345655,322.70358383678763,577.7499313408988,110.19598543167115
2026-02-14 03:00:00+00:00,1724.69,411.48,418.05,62.54001,628.86,148.76,1590.2712880828537,376.94739979273555,420.86396790533854,117.45654075577485,402.6328120569525,140.24161995350119,1167.420260362171,337.94031014033726,412.57634673345655,322.70358383678763,577.7499313408988,110.19598543167115,1167.420260362171,337.94031014033726,412.57634673345655,322.70358383678763,577.7499313408988,110.19598543167115
2026-02-14 04:00:00+00:00,1708.31,411.37,430.01,43.559998,603.41,146.23,1677.7341209018546,375.00242097419977,433.68976152637106,134.5384244947626,408.52110091937254,140.08394268463732,1167.420260362171,337.94031014033726,412.57634673345655,322.70358383678763,577.7499313408988,110.19598543167115,1167.420260362171,337.94031014033726,412.57634673345655,322.70358383678763,577.7499313408988,110.19598543167115
2026-02-14 05:00:00+00:00,1695.8,411.26,459.85,36.070007,627.11,144.0,1651.8722122509419,392.3075296818766,459.17796248926606,108.70365011798665,408.70100896615793,140.231861751487,1167.420260362171,337.94031014033726,412.57634673345655,322.70358383678763,577.7499313408988,110.19598543167115,1167.420260362171,337.94031014033726,412.57634673345655,322.70358383678763,577.7499313408988,110.19598543167115
2026-02-14 06:00:00+00:00,1652.83,411.13,497.97,80.28,605.86,143.25,1581.3939204418941,342.1178423536077,484.0832765098874,215.20284628255627,527.7050157877036,101.62527542137053,1167.420260362171,337.94031014033726,412.57634673345655,322.70358383678763,577.7499313408988,110.19598543167115,1167.420260362171,337.94031014033726,412.57634673345655,322.70358383678763,577.7499313408988,110.19598543167115
2026-02-14 07:00:00+00:00,1757.23,411.36,507.75,114.500015,581.48,142.37,1824.4361437525645,341.7396066881775,489.45876483472443,409.40257548721047,529.9796251357349,105.33435871945792,1167.420260362171,337.94031014033726,412.57634673345655,322.70358383678763,577.7499313408988,110.19598543167115,1167.420260362171,337.94031014033726,412.57634673345655,322.70358383678763,577.7499313408988,110.19598543167115
2026-02-14 08:00:00+00:00,1813.27,412.18,496.74,519.38,579.8,142.74,1787.9988579872802,343.728329619952,490.3508689571853,372.5834788677257,510.56909652163375,104.75781123146649,1167.420260362171,337.94031014033726,412.57634673345655,322.70358383678763,577.7499313408988,110.19598543167115,1167.420260362171,337.94031014033726,412.57634673345655,322.70358383678763,577.7499313408988,110.19598543167115
2026-02-14 09:00:00+00:00,1821.64,412.35,465.97,485.27,579.89,144.0,2000.696960800823,345.54781024606353,468.23655556227095,328.45855188210595,498.12878226924647,110.8962624733469,1167.420260362171,337.94031014033726,412.57634673345655,322.70358383678763,577.7499313408988,110.19598543167115,1167.420260362171,337.94031014033726,412.57634673345655,322.70358383678763,577.7499313408988,110.19598543167115
2026-02-14 10:00:00+00:00,1811.93,413.04,438.16,248.37,572.74,143.87,2006.8843029978957,348.16221017487896,452.05869632037417,273.53207176905903,502.5148088446924,125.02818846393872,1167.420260362171,337.94031014033726,412.57634673345655,322.70358383678763,577.7499313408988,110.19598543167115,1167.420260362171,337.94031014033726,412.57634673345655,322.70358383678763,577.7499313408988,110.19598543167115
2026-02-14 11:00:00+00:00,1788.81,413.06,429.59,116.08998,556.3,145.91,2137.13915630534,358.9004125151759,445.1585537020969,376.5712613675178,511.92407244029835,101.5358124344881,1167.420260362171,337.94031014033726,412.57634673345655,322.70358383678763,577.7499313408988,110.19598543167115,1167.420260362171,337.94031014033726,412.57634673345655,322.70358383678763,577.7499313408988,110.19598543167115
2026-02-14 12:00:00+00:00,1822.99,413.35,429.23,115.09,554.9,143.35,2048.7993741444575,351.4696785823594,446.0641667601922,391.25676053046413,525.713107844071,102.06061871411626,1167.420260362171,337.94031014033726,412.57634673345655,322.70358383678763,577.7499313408988,110.19598543167115,1167.420260362171,337.94031014033726,412.57634673345655,322.70358383678763,577.7499313408988,110.19598543167115
2026-02-14 13:00:00+00:00,1791.57,414.12,434.91,861.52,548.36,143.25,1909.7721754271688,353.48284115318626,443.5768669894035,415.00197060435255,536.3358453845185,98.8294308377139,1167.420260362171,337.94031014033726,412.57634673345655,322.70358383678763,577.7499313408988,110.19598543167115,1167.420260362171,337.94031014033726,412.57634673345655,322.70358383678763,577.7499313408988,110.19598543167115
2026-02-14 14:00:00+00:00,1820.66,414.07,452.54,1336.14,571.89,141.44,2055.6646784513687,354.5015386926698,464.1698265888971,596.6773818463375,531.2613951474659,106.62554933943102,1167.420260362171,337.94031014033726,412.57634673345655,322.70358383678763,577.7499313408988,110.19598543167115,1167.420260362171,337.94031014033726,412.57634673345655,322.70358383678763,577.7499313408988,110.19598543167115
2026-02-14 15:00:00+00:00,1830.53,413.97,487.8,878.37,562.19,140.75,2140.763080745586,360.3914916521476,490.97896244811307,713.6043667649042,543.1855565227253,100.83395352995565,1167.420260362171,337.94031014033726,412.57634673345655,322.70358383678763,577.7499313408988,110.19598543167115,1167.420260362171,337.94031014033726,412.57634673345655,322.70358383678763,577.7499313408988,110.19598543167115
2026-02-14 16:00:00+00:00,1835.75,413.99,513.41,1298.3999,589.76,140.09,2210.2036025865063,355.01491082946427,502.3509044843979,922.5469433471822,539.0717765292811,110.56811608647304,1167.420260362171,337.94031014033726,412.57634673345655,322.70358383678763,577.7499313408988,110.19598543167115,1167.420260362171,337.94031014033726,412.57634673345655,322.70358383678763,577.7499313408988,110.19598543167115
2026-02-14 17:00:00+00:00,1850.59,413.99,518.79,1487.55,598.77,140.4,2434.5110065100916,430.96284091509744,504.63814742859654,1018.5723837890025,403.13034427400913,138.51655716779655,1167.420260362171,337.94031014033726,412.57634673345655,322.70358383678763,577.7499313408988,110.19598543167115,1167.420260362171,337.94031014033726,412.57634673345655,322.70358383678763,577.7499313408988,110.19598543167115
2026-02-14 18:00:00+00:00,1853.85,414.02,506.77,1401.13,564.8,141.35,2415.149325767501,433.24737201021674,499.4276552410412,720.2531960495221,393.6327917379618,140.40820648480886,1167.420260362171,337.94031014033726,412.57634673345655,322.70358383678763,577.7499313408988,110.19598543167115,1167.420260362171,337.94031014033726,412.57634673345655,322.70358383678763,577.7499313408988,110.19598543167115
2026-02-14 19:00:00+00:00,1850.18,414.14,489.0,1194.21,588.0,142.55,2148.919808339654,432.1196948699103,485.3768238379571,618.597525549849,390.00387403277796,148.8836555126001,1167.420260362171,337.94031014033726,412.57634673345655,322.70358383678763,577.7499313408988,110.19598543167115,1167.420260362171,337.94031014033726,412.57634673345655,322.70358383678763,577.7499313408988,110.19598543167115
2026-02-14 20:00:00+00:00,1849.15,414.23,466.08,995.89,595.7,143.3,2136.2706805486155,435.10377209354874,470.53055749665936,448.65997332126415,419.9181813937381,140.84148962928086,1167.420260362171,337.94031014033726,412.57634673345655,322.70358383678763,577.7499313408988,110.19598543167115,1167.420260362171,337.94031014033726,412.57634673345655,322.70358383678763,577.7499313408988,110.19598543167115
2026-02-14 21:00:00+00:00,1850.59,414.29,450.6,339.09,568.87,145.45,2328.181536861627,430.307759857095,457.8060748524255,264.80086286734667,412.0544135264229,141.1074494365529,1167.420260362171,337.94031014033726,412.57634673345655,322.70358383678763,577.7499313408988,110.19598543167115,1167.420260362171,337.94031014033726,412.57634673345655,322.70358383678763,577.7499313408988,110.19598543167115
2026-02-14 22:00:00+00:00,1839.25,414.42,431.27,325.51,571.87,146.12,2228.8430857284893,420.6117962681428,443.2442665301955,117.89038376621124,383.1204801313882,142.47608987083032,1167.420260362171,337.94031014033726,412.57634673345655,322.70358383678763,577.7499313408988,110.19598543167115,1167.420260362171,337.94031014033726,412.57634673345655,322.70358383678763,577.7499313408988,110.19598543167115
2026-02-14 23:00:00+00:00,1815.64,414.42,421.91,288.94,594.51,145.85,2202.1414445083437,406.7390941669894,430.58192126006924,85.7284633813507,405.80966972101805,139.2959086398238,1167.420260362171,337.94031014033726,412.57634673345655,322.70358383678763,577.7499313408988,110.19598543167115,1167.420260362171,337.94031014033726,412.57634673345655,322.70358383678763,577.7499313408988,110.19598543167115
2026-02-15 00:00:00+00:00,1831.44,414.54,417.29,125.58002,592.97,144.82,2218.210797223896,406.77223011729205,422.89103474876185,56.1399218637747,399.54078140015326,136.1381001791263,1167.420260362171,337.94031014033726,412.57634673345655,322.70358383678763,577.7499313408988,110.19598543167115,1167.420260362171,337.94031014033726,412.57634673345655,322.70358383678763,577.7499313408988,110.19598543167115
2026-02-15 01:00:00+00:00,1755.14,415.13,412.28,39.609985,591.13,144.85,2273.495646266413,405.15358452861364,417.28897401115256,46.39677920202149,389.9113623830147,139.70769480219718,1167.420260362171,337.94031014033726,412.57634673345655,322.70358383678763,577.7499313408988,110.19598543167115,1167.420260362171,337.94031014033726,412.57634673345655,322.70358383678763,577.7499313408988,110.19598543167115
2026-02-15 02:00:00+00:00,1659.09,415.5,411.0,53.660004,595.76,144.27,2248.4565640173187,397.57197033975,415.30329675752154,82.82942758665345,403.44786033190894,144.67316223232928,1167.420260362171,337.94031014033726,412.57634673345655,322.70358383678763,577.7499313408988,110.19598543167115,1167.420260362171,337.94031014033726,412.57634673345655,322.70358383678763,577.7499313408988,110.19598543167115
2026-02-15 03:00:00+00:00,1652.37,415.36,417.37,114.67999,596.64,142.62,2017.104610924584,388.63218686836774,417.0892243282177,101.63253555438646,411.45406725534986,136.0040407018294,1167.420260362171,337.94031014033726,412.57634673345655,322.70358383678763,577.7499313408988,110.19598543167115,1167.420260362171,337.94031014033726,412.57634673345655,322.70358383678763,577.7499313408988,110.19598543167115
2026-02-15 04:00:00+00:00,1633.53,415.37,429.57,35.03,596.37,142.83,1759.070581714282,389.9022361103181,430.2978780807174,99.84775856094964,409.21804181779476,137.74198865013778,1167.420260362171,337.94031014033726,412.57634673345655,322.70358383678763,577.7499313408988,110.19598543167115,1167.420260362171,337.94031014033726,412.57634673345655,322.70358383678763,577.7499313408988,110.19598543167115
2026-02-15 05:00:00+00:00,1604.0,415.31,458.14,16.630007,593.88,140.58,1748.9617682836688,389.43099208813504,453.7252838739754,110.81336737313856,407.08815272528886,135.75810302068018,1167.420260362171,337.94031014033726,412.57634673345655,322.70358383678763,577.7499313408988,110.19598543167115,1167.420260362171,337.94031014033726,412.57634673345655,322.70358383678763,577.7499313408988,110.19598543167115
2026-02-15 06:00:00+00:00,1594.97,418.16,488.38,73.28999,596.48,140.81,1721.2215846429199,348.85764207340367,475.76979919290045,255.46522652335926,448.8981473714855,105.20138308940014,1167.420260362171,337.94031014033726,412.57634673345655,322.70358383678763,577.7499313408988,110.19598543167115,1167.420260362171,337.94031014033726,412.57634673345655,322.70358383678763,577.7499313408988,110.19598543167115
2026-02-15 07:00:00+00:00,1403.23,415.32,493.61,352.25,589.93,141.46,1762.2706454272973,352.42624282820367,481.3758207660222,191.446175672955,509.12576911678457,102.64579345991942,1167.420260362171,337.94031014033726,412.57634673345655,322.70358383678763,577.7499313408988,110.19598543167115,1167.420260362171,337.94031014033726,412.57634673345655,322.70358383678763,577.7499313408988,110.19598543167115
2026-02-15 08:00:00+00:00,1373.6,415.28,486.81,499.09,599.72,141.31,1642.2738630749582,353.63910616636514,483.25237504250407,75.09234608947816,484.86459098989707,110.26704929260758,1167.420260362171,337.94031014033726,412.57634673345655,322.70358383678763,577.7499313408988,110.19598543167115,1167.420260362171,337.94031014033726,412.57634673345655,322.70358383678763,577.7499313408988,110.19598543167115
2026-02-15 09:00:00+00:00,1209.67,415.04,458.55,79.20999,595.67,141.83,1525.390103474283,366.9547524913697,470.6368916241684,49.654516654765814,487.2474355358688,116.46960769705088,1167.420260362171,337.94031014033726,412.57634673345655,322.70358383678763,577.7499313408988,110.19598543167115,1167.420260362171,337.94031014033726,412.57634673345655,322.70358383678763,577.7499313408988,110.19598543167115
2026-02-15 10:00:00+00:00,1152.09,412.53,434.83,159.06,591.45,142.65,1343.7812052827717,359.1850464172243,444.8696090212944,50.993221334965256,517.2634804403466,117.52523325877411,1167.420260362171,337.94031014033726,412.57634673345655,322.70358383678763,577.7499313408988,110.19598543167115,1167.420260362171,337.94031014033726,412.57634673345655,322.70358383678763,577.7499313408988,110.19598543167115
2026-02-15 11:00:00+00:00,920.06,385.69,418.55,46.48001,592.52,141.55,1097.617504282666,350.7990774053141,434.43003074500336,42.26821034633457,487.4376315498053,114.29701176050266,1167.420260362171,337.94031014033726,412.57634673345655,322.70358383678763,577.7499313408988,110.19598543167115,1167.420260362171,337.94031014033726,412.57634673345655,322.70358383678763,577.7499313408988,110.19598543167115
2026-02-15 12:00:00+00:00,886.29,381.52,418.15,1.1900035,601.04,140.85,989.5449632044377,341.92669434138764,434.52712896908764,55.8560368053586,467.4676870876039,120.37587669726288,1167.420260362171,337.94031014033726,412.57634673345655,322.70358383678763,577.7499313408988,110.19598543167115,1167.420260362171,337.94031014033726,412.57634673345655,322.70358383678763,577.7499313408988,110.19598543167115
2026-02-15 13:00:00+00:00,954.08,381.38,429.0,0.66000473,603.87,140.37,834.2787383022307,342.159997757454,435.149414110202,54.31268122807177,440.83344514422765,113.00011871727396,1167.420260362171,337.94031014033726,412.57634673345655,322.70358383678763,577.7499313408988,110.19598543167115,1167.420260362171,337.94031014033726,412.57634673345655,322.70358383678763,577.7499313408988,110.19598543167115
2026-02-15 14:00:00+00:00,965.99,406.82,452.33,9.070008,608.43,140.13,1056.5623526186425,343.1913874852284,458.81074943340514,114.10808028463757,456.18904446814184,115.47819808847294,1167.420260362171,337.94031014033726,412.57634673345655,322.70358383678763,577.7499313408988,110.19598543167115,1167.420260362171,337.94031014033726,412.57634673345655,322.70358383678763,577.7499313408988,110.19598543167115
2026-02-15 15:00:00+00:00,1077.35,412.91,490.51,52.22,599.36,139.73,1247.1001165746036,340.63048052995606,479.13691006831806,220.08650767775327,454.27040549112024,113.56131085788132,1167.420260362171,337.94031014033726,412.57634673345655,322.70358383678763,577.7499313408988,110.19598543167115,1167.420260362171,337.94031014033726,412.57634673345655,322.70358383678763,577.7499313408988,110.19598543167115
2026-02-15 16:00:00+00:00,1189.13,413.59,507.08,59.380005,607.3,141.77,1238.9280408806778,351.1191796633758,500.263196527695,402.51664215812764,451.461472935045,116.75190086312634,1167.420260362171,337.94031014033726,412.57634673345655,322.70358383678763,577.7499313408988,110.19598543167115,1167.420260362171,337.94031014033726,412.57634673345655,322.70358383678763,577.7499313408988,110.19598543167115
2026-02-15 17:00:00+00:00,1380.35,410.22,507.91,173.79,631.65,141.79,2530.422496561046,393.4331043924101,500.5025686678227,428.4084809220666,371.5204164951536,141.70931066449938,1167.420260362171,337.94031014033726,412.57634673345655,322.70358383678763,577.7499313408988,110.19598543167115,1167.420260362171,337.94031014033726,412.57634673345655,322.70358383678763,577.7499313408988,110.19598543167115
2026-02-15 18:00:00+00:00,1248.07,413.42,497.14,22.619997,613.59,146.44,2329.7591753327856,404.49052383285965,498.48195464438504,341.6543789916384,360.67750358882967,140.72053095395327,1167.420260362171,337.94031014033726,412.57634673345655,322.70358383678763,577.7499313408988,110.19598543167115,1167.420260362171,337.94031014033726,412.57634673345655,322.70358383678763,577.7499313408988,110.19598543167115
2026-02-15 19:00:00+00:00,1394.99,409.09,481.29,51.98999,588.35,150.18,2109.7909211405195,413.9369586906837,482.72133226859006,173.56390611825066,365.89486093510334,138.89227960082295,1167.420260362171,337.94031014033726,412.57634673345655,322.70358383678763,577.7499313408988,110.19598543167115,1167.420260362171,337.94031014033726,412.57634673345655,322.70358383678763,577.7499313408988,110.19598543167115
2026-02-15 20:00:00+00:00,1567.58,381.28,464.41,77.20001,579.61,145.91,1987.9752319008926,414.3565989147994,469.3319488865544,176.69602543547873,357.17300733412776,144.7505870683556,1167.420260362171,337.94031014033726,412.57634673345655,322.70358383678763,577.7499313408988,110.19598543167115,1167.420260362171,337.94031014033726,412.57634673345655,322.70358383678763,577.7499313408988,110.19598543167115
2026-02-15 21:00:00+00:00,1521.42,381.21,449.59,124.739975,581.47,147.46,2094.746249599212,424.3912233876798,456.43771974587537,154.39172345518787,350.8692630302767,147.3723795169584,1167.420260362171,337.94031014033726,412.57634673345655,322.70358383678763,577.7499313408988,110.19598543167115,1167.420260362171,337.94031014033726,412.57634673345655,322.70358383678763,577.7499313408988,110.19598543167115
2026-02-15 22:00:00+00:00,1488.91,381.33,433.7,61.0,583.12,148.65,2033.8368916224254,406.8002206967818,442.95523617387687,83.61797203735364,348.7997874070544,153.47916868799965,1167.420260362171,337.94031014033726,412.57634673345655,322.70358383678763,577.7499313408988,110.19598543167115,1167.420260362171,337.94031014033726,412.57634673345655,322.70358383678763,577.7499313408988,110.19598543167115
2026-02-15 23:00:00+00:00,1331.78,381.48,423.31,49.850006,586.81,148.22,1895.4927315348625,399.2757227642329,430.1088467342087,48.496503679143416,352.67185789041923,142.6358150003623,1167.420260362171,337.94031014033726,412.57634673345655,322.70358383678763,577.7499313408988,110.19598543167115,1167.420260362171,337.94031014033726,412.57634673345655,322.70358383678763,577.7499313408988,110.19598543167115
2026-02-16 00:00:00+00:00,984.71,381.64,418.98,14.859986,588.62,148.1,1918.2034962144307,419.31127372391336,415.06135564740487,32.722582743718476,367.3137342199575,141.69143233454767,1167.420260362171,337.94031014033726,412.57634673345655,322.70358383678763,577.7499313408988,110.19598543167115,1167.420260362171,337.94031014033726,412.57634673345655,322.70358383678763,577.7499313408988,110.19598543167115
2026-02-16 01:00:00+00:00,973.79,381.65,415.1,0.079987645,587.8,149.51,1613.3847638673265,404.80207577782636,412.8685805174257,30.9936924993483,375.68875534932897,141.8098779331161,1167.420260362171,337.94031014033726,412.57634673345655,322.70358383678763,577.7499313408988,110.19598543167115,1167.420260362171,337.94031014033726,412.57634673345655,322.70358383678763,577.7499313408988,110.19598543167115
2026-02-16 02:00:00+00:00,966.03,381.63,411.35,0.55999863,589.19,146.99,1508.5728214099515,417.68497895573944,414.49369324845225,34.28579970649207,389.8759544935408,141.41472618125763,1167.420260362171,337.94031014033726,412.57634673345655,322.70358383678763,577.7499313408988,110.19598543167115,1167.420260362171,337.94031014033726,412.57634673345655,322.70358383678763,577.7499313408988,110.19598543167115
2026-02-16 03:00:00+00:00,986.87,383.18,416.81,0.29998887,592.53,145.09,1582.6998744321781,410.1359105590253,415.7260649614872,54.86970724078162,382.92436244175883,145.6972261781435,1167.420260362171,337.94031014033726,412.57634673345655,322.70358383678763,577.7499313408988,110.19598543167115,1167.420260362171,337.94031014033726,412.57634673345655,322.70358383678763,577.7499313408988,110.19598543167115
2026-02-16 04:00:00+00:00,1204.68,409.11,425.77,0.27999985,598.33,145.42,1890.115610151241,411.9574421070754,427.4600174299037,92.37180924779767,401.28391666363865,138.92838676227495,1167.420260362171,337.94031014033726,412.57634673345655,322.70358383678763,577.7499313408988,110.19598543167115,1167.420260362171,337.94031014033726,412.57634673345655,322.70358383678763,577.7499313408988,110.19598543167115
2026-02-16 05:00:00+00:00,1453.52,411.06,448.38,136.64,599.11,141.82,2119.541568657238,434.3589397971416,452.4363884819089,172.75859960983024,393.5109561542646,138.4634032459484,1167.420260362171,337.94031014033726,412.57634673345655,322.70358383678763,577.7499313408988,110.19598543167115,1167.420260362171,337.94031014033726,412.57634673345655,322.70358383678763,577.7499313408988,110.19598543167115
2026-02-16 06:00:00+00:00,1527.86,411.31,470.31,367.92,599.95,215.1,1963.702064923418,368.402199937866,477.0942077405726,599.8336435548538,512.0994522649042,126.56295663763368,1167.420260362171,337.94031014033726,412.57634673345655,322.70358383678763,577.7499313408988,110.19598543167115,1167.420260362171,337.94031014033726,412.57634673345655,322.70358383678763,577.7499313408988,110.19598543167115
2026-02-16 07:00:00+00:00,1506.75,410.67,488.25,254.23,604.61,193.22,2221.8068370990177,385.3140086778956,484.342714673652,555.460498909776,551.2928667635296,122.10546795145277,1167.420260362171,337.94031014033726,412.57634673345655,322.70358383678763,577.7499313408988,110.19598543167115,1167.420260362171,337.94031014033726,412.57634673345655,322.70358383678763,577.7499313408988,110.19598543167115
2026-02-16 08:00:00+00:00,1509.23,412.43,471.72,126.76999,626.47,171.34001,2103.445164696931,397.4615291673194,476.99886230851433,443.7588175588115,560.50610488701,124.69603240695739,1167.420260362171,337.94031014033726,412.57634673345655,322.70358383678763,577.7499313408988,110.19598543167115,1167.420260362171,337.94031014033726,412.57634673345655,322.70358383678763,577.7499313408988,110.19598543167115
2026-02-16 09:00:00+00:00,1492.92,412.17,442.95,144.19,625.46,149.46,2009.8549812752472,381.90163962630743,465.32896880434794,250.35718484718603,554.043242271938,132.58622250198715,1167.420260362171,337.94031014033726,412.57634673345655,322.70358383678763,577.7499313408988,110.19598543167115,1167.420260362171,337.94031014033726,412.57634673345655,322.70358383678763,577.7499313408988,110.19598543167115
2026-02-16 10:00:00+00:00,1418.09,411.4,427.56,315.31,646.21,147.46,1944.4501424907592,368.23545975206736,447.4679200701318,163.0352276717125,579.0148015174813,138.3766720142474,1167.420260362171,337.94031014033726,412.57634673345655,322.70358383678763,577.7499313408988,110.19598543167115,1167.420260362171,337.94031014033726,412.57634673345655,322.70358383678763,577.7499313408988,110.19598543167115
2026-02-16 11:00:00+00:00,1518.41,411.93,422.3,329.9,672.29,148.03,1949.482629559622,371.25474382135025,427.23456502753845,167.19567846402236,501.88314921332244,132.64748019119324,1167.420260362171,337.94031014033726,412.57634673345655,322.70358383678763,577.7499313408988,110.19598543167115,1167.420260362171,337.94031014033726,412.57634673345655,322.70358383678763,577.7499313408988,110.19598543167115
2026-02-16 12:00:00+00:00,1608.09,410.91,418.11,201.02,682.08,148.27,1947.773955488049,387.50763353261726,432.9452521195331,140.523269932617,537.0831907066583,127.34062778919109,1167.420260362171,337.94031014033726,412.57634673345655,322.70358383678763,577.7499313408988,110.19598543167115,1167.420260362171,337.94031014033726,412.57634673345655,322.70358383678763,577.7499313408988,110.19598543167115
2026-02-16 13:00:00+00:00,1598.73,412.37,426.85,253.3,653.42,145.42,2258.2967724248983,390.3816123876865,434.8283499427349,185.34942631167297,517.7328923320172,142.2804057717522,1167.420260362171,337.94031014033726,412.57634673345655,322.70358383678763,577.7499313408988,110.19598543167115,1167.420260362171,337.94031014033726,412.57634673345655,322.70358383678763,577.7499313408988,110.19598543167115
2026-02-16 14:00:00+00:00,1601.98,412.53,450.4,447.75,659.38,144.79,2336.682264245979,382.39902187776534,444.90395759371916,312.4340191328812,504.80473271645485,125.30815422085396,1167.420260362171,337.94031014033726,412.57634673345655,322.70358383678763,577.7499313408988,110.19598543167115,1167.420260362171,337.94031014033726,412.57634673345655,322.70358383678763,577.7499313408988,110.19598543167115
2026-02-16 15:00:00+00:00,1599.01,408.1,480.04,483.9,667.27,142.19,2500.3985836639677,373.96034355040547,480.81054219767526,795.9792409600379,488.439121703169,132.6779262195859,1167.420260362171,337.94031014033726,412.57634673345655,322.70358383678763,577.7499313408988,110.19598543167115,1167.420260362171,337.94031014033726,412.57634673345655,322.70358383678763,577.7499313408988,110.19598543167115
2026-02-16 16:00:00+00:00,1709.85,342.78,501.71,652.34,676.54,141.19,2691.922059352384,394.0514588315118,498.0377223407407,840.7197535584378,531.5721910252167,128.30672943290213,1167.420260362171,337.94031014033726,412.57634673345655,322.70358383678763,577.7499313408988,110.19598543167115,1167.420260362171,337.94031014033726,412.57634673345655,322.70358383678763,577.7499313408988,110.19598543167115
2026-02-16 17:00:00+00:00,1796.59,343.82,507.31,629.84,672.38,145.11,2743.139728433439,444.89268602944924,500.5707770015057,1115.4238694891512,462.54459303695,135.33773001766275,1167.420260362171,337.94031014033726,412.57634673345655,322.70358383678763,577.7499313408988,110.19598543167115,1167.420260362171,337.94031014033726,412.57634673345655,322.70358383678763,577.7499313408988,110.19598543167115
2026-02-16 18:00:00+00:00,1797.61,368.49,498.68,624.72,644.66,147.08,2648.388131747568,452.2141073271406,498.78986163779325,820.4002929176659,401.1102220889222,152.71820212863398,1167.420260362171,337.94031014033726,412.57634673345655,322.70358383678763,577.7499313408988,110.19598543167115,1167.420260362171,337.94031014033726,412.57634673345655,322.70358383678763,577.7499313408988,110.19598543167115
2026-02-16 19:00:00+00:00,1797.65,406.32,483.11,577.55,651.11,146.56,2646.637085935887,462.8270681638145,484.5438652996237,398.58601600211574,386.88586087849103,161.16481613893933,1167.420260362171,337.94031014033726,412.57634673345655,322.70358383678763,577.7499313408988,110.19598543167115,1167.420260362171,337.94031014033726,412.57634673345655,322.70358383678763,577.7499313408988,110.19598543167115
2026-02-16 20:00:00+00:00,1794.99,414.28,464.26,648.22,660.86,145.14,2568.7458419853892,439.3326589133854,464.2963700302792,304.60584721687803,392.7637297860996,142.81978193595606,1167.420260362171,337.94031014033726,412.57634673345655,322.70358383678763,577.7499313408988,110.19598543167115,1167.420260362171,337.94031014033726,412.57634673345655,322.70358383678763,577.7499313408988,110.19598543167115
2026-02-16 21:00:00+00:00,1837.53,414.32,447.02,525.4,660.0,142.83,2497.847930059766,432.1669173529903,450.61368475819785,201.93349570491137,394.84359877335214,140.21307077128108,1167.420260362171,337.94031014033726,412.57634673345655,322.70358383678763,577.7499313408988,110.19598543167115,1167.420260362171,337.94031014033726,412.57634673345655,322.70358383678763,577.7499313408988,110.19598543167115
2026-02-16 22:00:00+00:00,1680.71,414.37,429.84,241.04,633.78,137.19,2258.480832404103,426.97005474293195,437.8787441532557,89.66925088072784,384.1645483457105,136.5931210326077,1167.420260362171,337.94031014033726,412.57634673345655,322.70358383678763,577.7499313408988,110.19598543167115,1167.420260362171,337.94031014033726,412.57634673345655,322.70358383678763,577.7499313408988,110.19598543167115
2026-02-16 23:00:00+00:00,1591.58,414.32,416.25,98.44,637.08,136.97,2316.5320229103245,419.1249467219272,428.06353848430314,73.9372194530805,366.29201775124125,141.8541511261578,1167.420260362171,337.94031014033726,412.57634673345655,322.70358383678763,577.7499313408988,110.19598543167115,1167.420260362171,337.94031014033726,412.57634673345655,322.70358383678763,577.7499313408988,110.19598543167115
2026-02-17 00:00:00+00:00,1589.8,414.39,410.96,35.48999,640.89,137.32,2168.368479440256,420.27838802675785,421.04755615296136,47.023390467419915,404.17117032098605,137.6969868266467,1167.420260362171,337.94031014033726,412.57634673345655,322.70358383678763,577.7499313408988,110.19598543167115,1167.420260362171,337.94031014033726,412.57634673345655,322.70358383678763,577.7499313408988,110.19598543167115
2026-02-17 01:00:00+00:00,1611.77,414.33,410.22,1.2999889,641.73,135.86,1907.1795270342855,408.80300574911075,420.0067051932609,54.06838148279206,342.13804375334456,139.14040251062943,1167.420260362171,337.94031014033726,412.57634673345655,322.70358383678763,577.7499313408988,110.19598543167115,1167.420260362171,337.94031014033726,412.57634673345655,322.70358383678763,577.7499313408988,110.19598543167115
2026-02-17 02:00:00+00:00,1611.1,414.44,410.28,0.29000962,642.94,136.46,1955.4009156767506,414.29031430834516,416.65790146615296,58.640670502044486,366.79099601227256,143.77790346475302,1167.420260362171,337.94031014033726,412.57634673345655,322.70358383678763,577.7499313408988,110.19598543167115,1167.420260362171,337.94031014033726,412.57634673345655,322.70358383678763,577.7499313408988,110.19598543167115
2026-02-17 03:00:00+00:00,1624.94,414.29,414.71,0.2699901,644.95,138.72,1980.0274320408776,421.64494599253703,423.34007955725355,58.65931866953082,372.9874510783397,144.8210184858251,1167.420260362171,337.94031014033726,412.57634673345655,322.70358383678763,577.7499313408988,110.19598543167115,1167.420260362171,337.94031014033726,412.57634673345655,322.70358383678763,577.7499313408988,110.19598543167115
2026-02-17 04:00:00+00:00,1601.24,414.37,429.45,43.669983,643.42,135.99,2047.7885725383246,417.3239041429148,429.2034802585344,88.98677932638716,374.5350685003576,138.25076911161358,1167.420260362171,337.94031014033726,412.57634673345655,322.70358383678763,577.7499313408988,110.19598543167115,1167.420260362171,337.94031014033726,412.57634673345655,322.70358383678763,577.7499313408988,110.19598543167115
2026-02-17 05:00:00+00:00,1684.18,413.97,456.7,304.02,690.43,136.07,2407.5093499700115,430.85164950452906,452.47591560092116,392.1324596661622,382.81017639749473,136.45351970210348,1167.420260362171,337.94031014033726,412.57634673345655,322.70358383678763,577.7499313408988,110.19598543167115,1167.420260362171,337.94031014033726,412.57634673345655,322.70358383678763,577.7499313408988,110.19598543167115
2026-02-17 06:00:00+00:00,1762.86,413.8,489.39,412.87,721.94,136.06,2412.967204354966,357.53457842349906,480.77516267842066,948.8930913385802,511.5445128861365,108.56105150953566,1167.420260362171,337.94031014033726,412.57634673345655,322.70358383678763,577.7499313408988,110.19598543167115,1167.420260362171,337.94031014033726,412.57634673345655,322.70358383678763,577.7499313408988,110.19598543167115
2026-02-17 07:00:00+00:00,1766.7,413.6,494.04,881.77,693.48,139.67,2406.7026647209,356.8963968579755,485.5423246981021,829.8230961327304,569.8609564860524,117.38203803712233,1167.420260362171,337.94031014033726,412.57634673345655,322.70358383678763,577.7499313408988,110.19598543167115,1167.420260362171,337.94031014033726,412.57634673345655,322.70358383678763,577.7499313408988,110.19598543167115
2026-02-17 08:00:00+00:00,1764.98,413.83,484.23,900.9,671.92,139.98,2361.7455113902624,348.817914575021,476.9566452552964,758.2939088255298,562.4289611703032,117.95090538785713,1167.420260362171,337.94031014033726,412.57634673345655,322.70358383678763,577.7499313408988,110.19598543167115,1167.420260362171,337.94031014033726,412.57634673345655,322.70358383678763,577.7499313408988,110.19598543167115
2026-02-17 09:00:00+00:00,1767.8,412.32,456.43,536.54,692.34,142.2,2390.9740685231563,380.05423234549056,466.5745155301973,555.4664416740311,469.49576276335085,121.99891563012282,1167.420260362171,337.94031014033726,412.57634673345655,322.70358383678763,577.7499313408988,110.19598543167115,1167.420260362171,337.94031014033726,412.57634673345655,322.70358383678763,577.7499313408988,110.19598543167115
2026-02-17 10:00:00+00:00,1758.4,383.18,430.03,471.97,696.84,139.11,2383.2872063456152,393.70162687989006,435.54587494251484,313.84439817811557,480.1976611010917,119.91627466100768,1167.420260362171,337.94031014033726,412.57634673345655,322.70358383678763,577.7499313408988,110.19598543167115,1167.420260362171,337.94031014033726,412.57634673345655,322.70358383678763,577.7499313408988,110.19598543167115
2026-02-17 11:00:00+00:00,1764.74,381.01,414.04,467.73,648.3,137.58,2165.638978972315,363.5879304936713,426.5546590146193,191.68296916281767,582.9800156876124,110.69555000400322,1167.420260362171,337.94031014033726,412.57634673345655,322.70358383678763,577.7499313408988,110.19598543167115,1167.420260362171,337.94031014033726,412.57634673345655,322.70358383678763,577.7499313408988,110.19598543167115
2026-02-17 12:00:00+00:00,1969.69,381.12,405.56,79.59999,645.61,136.15,2044.7749162139069,366.04085687351346,433.3950644728101,154.26576705437986,564.0639552137266,108.77848077838115,1167.420260362171,337.94031014033726,412.57634673345655,322.70358383678763,577.7499313408988,110.19598543167115,1167.420260362171,337.94031014033726,412.57634673345655,322.70358383678763,577.7499313408988,110.19598543167115
2026-02-17 13:00:00+00:00,2110.79,400.79,407.56,39.75,645.67,141.04,2029.1557405440853,361.4513645069225,440.29815206275464,152.93039561583913,547.755986590996,102.53299222547457,1167.420260362171,337.94031014033726,412.57634673345655,322.70358383678763,577.7499313408988,110.19598543167115,1167.420260362171,337.94031014033726,412.57634673345655,322.70358383678763,577.7499313408988,110.19598543167115
2026-02-17 14:00:00+00:00,2216.08,411.55,430.19,58.829987,633.95,142.07,1806.143452330472,361.61382780730014,449.56354159140807,288.7324262032203,592.3089351771954,107.04534588016219,1167.420260362171,337.94031014033726,412.57634673345655,322.70358383678763,577.7499313408988,110.19598543167115,1167.420260362171,337.94031014033726,412.57634673345655,322.70358383678763,577.7499313408988,110.19598543167115
2026-02-17 15:00:00+00:00,2323.67,434.56,466.57,470.91,644.72,142.45,2159.6053313932352,370.8238426886062,485.7722812583156,592.6147820380103,557.2897255223593,108.52167125238581,1167.420260362171,337.94031014033726,412.57634673345655,322.70358383678763,577.7499313408988,110.19598543167115,1167.420260362171,337.94031014033726,412.57634673345655,322.70358383678763,577.7499313408988,110.19598543167115
2026-02-17 16:00:00+00:00,2511.47,443.34,496.25,1056.93,764.25,140.91,2338.7350507500114,383.26940599696053,493.8314534079334,987.3338605534811,602.6386779517786,118.77730452504714,1167.420260362171,337.94031014033726,412.57634673345655,322.70358383678763,577.7499313408988,110.19598543167115,1167.420260362171,337.94031014033726,412.57634673345655,322.70358383678763,577.7499313408988,110.19598543167115
2026-02-17 17:00:00+00:00,2635.11,443.35,501.51,814.91,657.85,147.3,2680.972208861782,426.18032223294034,502.4854245819612,928.9391085912811,475.45473482470726,130.0099033504854,1167.420260362171,337.94031014033726,412.57634673345655,322.70358383678763,577.7499313408988,110.19598543167115,1167.420260362171,337.94031014033726,412.57634673345655,322.70358383678763,577.7499313408988,110.19598543167115
2026-02-17 18:00:00+00:00,2661.31,430.65,495.67,580.47,647.82,145.61,2580.549662677824,433.618977991123,502.06098176616945,763.1776266805064,409.9665969599483,129.17481979676737,1167.420260362171,337.94031014033726,412.57634673345655,322.70358383678763,577.7499313408988,110.19598543167115,1167.420260362171,337.94031014033726,412.57634673345655,322.70358383678763,577.7499313408988,110.19598543167115
2026-02-17 19:00:00+00:00,2675.41,413.97,479.46,442.49,675.09,145.67,2628.1737387309777,426.3581884000614,486.1085607929346,428.8011815751786,429.14495726845524,137.5831099433458,1167.420260362171,337.94031014033726,412.57634673345655,322.70358383678763,577.7499313408988,110.19598543167115,1167.420260362171,337.94031014033726,412.57634673345655,322.70358383678763,577.7499313408988,110.19598543167115
2026-02-17 20:00:00+00:00,2510.79,414.0,461.41,138.74,666.85,142.14,2620.4166206234913,427.31631560964115,470.5092196786053,211.58269091564227,388.99005790847445,135.99848505790118,1167.420260362171,337.94031014033726,412.57634673345655,322.70358383678763,577.7499313408988,110.19598543167115,1167.420260362171,337.94031014033726,412.57634673345655,322.70358383678763,577.7499313408988,110.19598543167115
2026-02-17 21:00:00+00:00,1994.52,414.11,444.44,267.67,632.87,144.88,2586.501723947542,434.9351519329307,454.52006810873934,185.0199730572524,359.91856751896825,139.27010497685487,1167.420260362171,337.94031014033726,412.57634673345655,322.70358383678763,577.7499313408988,110.19598543167115,1167.420260362171,337.94031014033726,412.57634673345655,322.70358383678763,577.7499313408988,110.19598543167115
2026-02-17 22:00:00+00:00,2006.97,414.3,430.65,58.5,633.8,145.67,2434.8549647643413,434.80500706032234,440.2212751220232,94.16771617040206,354.6735820860973,135.87255942522333,1167.420260362171,337.94031014033726,412.57634673345655,322.70358383678763,577.7499313408988,110.19598543167115,1167.420260362171,337.94031014033726,412.57634673345655,322.70358383678763,577.7499313408988,110.19598543167115
2026-02-17 23:00:00+00:00,2061.31,412.65,422.54,26.79999,641.73,145.7,2209.310802736376,416.3919004607193,425.4928486248511,87.58100131412081,351.8357965773031,136.3670079352367,1167.420260362171,337.94031014033726,412.57634673345655,322.70358383678763,577.7499313408988,110.19598543167115,1167.420260362171,337.94031014033726,412.57634673345655,322.70358383678763,577.7499313408988,110.19598543167115
2026-02-18 00:00:00+00:00,1925.69,413.4,415.05,54.049988,660.74,139.84,2154.0257140352883,405.34150370971696,420.1080149749802,40.15281091729406,368.18819060845385,141.22747519662153,1167.420260362171,337.94031014033726,412.57634673345655,322.70358383678763,577.7499313408988,110.19598543167115,1167.420260362171,337.94031014033726,412.57634673345655,322.70358383678763,577.7499313408988,110.19598543167115
2026-02-18 01:00:00+00:00,1768.86,413.37,409.01,6.0799875,712.47,138.52,2178.580106176636,400.5957216472744,420.57201034418273,33.048823497688375,362.83990467151943,141.69973704745146,1167.420260362171,337.94031014033726,412.57634673345655,322.70358383678763,577.7499313408988,110.19598543167115,1167.420260362171,337.94031014033726,412.57634673345655,322.70358383678763,577.7499313408988,110.19598543167115
2026-02-18 02:00:00+00:00,1679.41,413.77,405.3,25.920015,730.31,137.53,2137.545461052898,407.1075026782456,416.8342367649905,43.095536459838115,337.8223930152491,140.42694176373647,1167.420260362171,337.94031014033726,412.57634673345655,322.70358383678763,577.7499313408988,110.19598543167115,1167.420260362171,337.94031014033726,412.57634673345655,322.70358383678763,577.7499313408988,110.19598543167115
2026-02-18 03:00:00+00:00,1926.01,414.27,407.52,8.250001,681.75,135.6,2155.412064319145,418.3674398517699,423.16236505347723,85.48980289278421,369.526862822663,140.49368570257772,1167.420260362171,337.94031014033726,412.57634673345655,322.70358383678763,577.7499313408988,110.19598543167115,1167.420260362171,337.94031014033726,412.57634673345655,322.70358383678763,577.7499313408988,110.19598543167115
2026-02-18 04:00:00+00:00,2328.0,414.95,419.87,8.869996,768.21,137.6,2479.131290626685,436.7261487457466,432.54590482705987,167.39477346927598,375.32791508536275,146.45067796545533,1167.420260362171,337.94031014033726,412.57634673345655,322.70358383678763,577.7499313408988,110.19598543167115,1167.420260362171,337.94031014033726,412.57634673345655,322.70358383678763,577.7499313408988,110.19598543167115
2026-02-18 05:00:00+00:00,2657.46,414.79,448.42,388.64,751.14,135.56,2587.1896750902233,416.5689341586466,447.35758200617533,631.4454603235877,413.7531602921781,141.79078843512644,1167.420260362171,337.94031014033726,412.57634673345655,322.70358383678763,577.7499313408988,110.19598543167115,1167.420260362171,337.94031014033726,412.57634673345655,322.70358383678763,577.7499313408988,110.19598543167115
2026-02-18 06:00:00+00:00,2652.42,414.71,472.92,948.67,663.47,138.28,2672.9952201998494,439.95086384315016,480.8456250523917,1081.9762127151657,658.1448252950847,126.98785911431168,1167.420260362171,337.94031014033726,412.57634673345655,322.70358383678763,577.7499313408988,110.19598543167115,1167.420260362171,337.94031014033726,412.57634673345655,322.70358383678763,577.7499313408988,110.19598543167115
2026-02-18 07:00:00+00:00,2650.67,414.58,479.76,813.16,649.27,137.12,2775.7890633477336,466.2330830645806,490.40471202271857,1172.1925631780427,694.2479440628924,155.83955700139117,1167.420260362171,337.94031014033726,412.57634673345655,322.70358383678763,577.7499313408988,110.19598543167115,1167.420260362171,337.94031014033726,412.57634673345655,322.70358383678763,577.7499313408988,110.19598543167115
2026-02-18 08:00:00+00:00,2671.57,414.31,464.11,878.66,640.5,139.32,2830.298282488803,450.2789617104806,482.8159111213143,1224.3440456810818,678.003926652292,154.13543601944014,1167.420260362171,337.94031014033726,412.57634673345655,322.70358383678763,577.7499313408988,110.19598543167115,1167.420260362171,337.94031014033726,412.57634673345655,322.70358383678763,577.7499313408988,110.19598543167115
2026-02-18 09:00:00+00:00,2675.71,413.78,434.39,602.94,641.63,140.66,2765.250694349884,451.12389189234307,475.484495511295,821.2747637535722,656.4448830873732,163.59302848320397,1167.420260362171,337.94031014033726,412.57634673345655,322.70358383678763,577.7499313408988,110.19598543167115,1167.420260362171,337.94031014033726,412.57634673345655,322.70358383678763,577.7499313408988,110.19598543167115
2026-02-18 10:00:00+00:00,2415.75,410.4,414.2,231.6,626.89,140.08,2797.7733618990005,417.50436382524845,453.8975793041397,727.6640539281454,559.937784287882,141.0770194545581,1167.420260362171,337.94031014033726,412.57634673345655,322.70358383678763,577.7499313408988,110.19598543167115,1167.420260362171,337.94031014033726,412.57634673345655,322.70358383678763,577.7499313408988,110.19598543167115
2026-02-18 11:00:00+00:00,1824.27,409.35,402.75,100.62999,631.81,141.73,2732.7707167085277,403.0187155444651,443.0212840877891,454.3699756950864,540.457637362816,141.31228087308622,1167.420260362171,337.94031014033726,412.57634673345655,322.70358383678763,577.7499313408988,110.19598543167115,1167.420260362171,337.94031014033726,412.57634673345655,322.70358383678763,577.7499313408988,110.19598543167115
2026-02-18 12:00:00+00:00,1787.62,416.33,393.9,21.500002,627.41,145.44,2473.536058544228,365.8100699407965,436.97230223517016,354.6376943182556,539.0153264668969,121.57494090392854,1167.420260362171,337.94031014033726,412.57634673345655,322.70358383678763,577.7499313408988,110.19598543167115,1167.420260362171,337.94031014033726,412.57634673345655,322.70358383678763,577.7499313408988,110.19598543167115
2026-02-18 13:00:00+00:00,1798.81,417.17,392.78,0.6000072,624.71,144.38,2443.8840244160556,384.8021281218714,440.91383232427086,425.2194117478846,548.9613650861177,126.55502907521614,1167.420260362171,337.94031014033726,412.57634673345655,322.70358383678763,577.7499313408988,110.19598543167115,1167.420260362171,337.94031014033726,412.57634673345655,322.70358383678763,577.7499313408988,110.19598543167115
2026-02-18 14:00:00+00:00,2077.19,429.71,413.41,3.7099926,626.87,152.05,2565.861125960117,385.20643834796914,452.04239309603304,521.0186032920853,554.1581155459924,125.59311225586652,1167.420260362171,337.94031014033726,412.57634673345655,322.70358383678763,577.7499313408988,110.19598543167115,1167.420260362171,337.94031014033726,412.57634673345655,322.70358383678763,577.7499313408988,110.19598543167115
2026-02-18 15:00:00+00:00,2515.67,426.88,454.89,944.41,673.16,149.47,2534.868061094906,372.9274475886903,475.4461794803731,808.283542525402,601.500346348986,132.958116015826,1167.420260362171,337.94031014033726,412.57634673345655,322.70358383678763,577.7499313408988,110.19598543167115,1167.420260362171,337.94031014033726,412.57634673345655,322.70358383678763,577.7499313408988,110.19598543167115
2026-02-18 16:00:00+00:00,2660.01,413.59,493.4,1484.41,673.57,149.4,2572.1828355709395,373.8470693437335,494.8395281574831,1010.8424346068684,652.0077210083925,146.0483525560822,1167.420260362171,337.94031014033726,412.57634673345655,322.70358383678763,577.7499313408988,110.19598543167115,1167.420260362171,337.94031014033726,412.57634673345655,322.70358383678763,577.7499313408988,110.19598543167115
2026-02-18 17:00:00+00:00,2676.72,413.48,499.67,1398.14,630.07,147.89,2840.294934770854,419.3337076810436,503.41168359958397,1059.5656485357706,462.4672842608076,145.28894076000427,1167.420260362171,337.94031014033726,412.57634673345655,322.70358383678763,577.7499313408988,110.19598543167115,1167.420260362171,337.94031014033726,412.57634673345655,322.70358383678763,577.7499313408988,110.19598543167115
2026-02-18 18:00:00+00:00,2546.44,413.66,498.09,832.24,625.19,149.55,2758.173935242292,416.20797036301985,498.355979909688,739.6824467415632,409.38474111581127,148.12759477230856,1167.420260362171,337.94031014033726,412.57634673345655,322.70358383678763,577.7499313408988,110.19598543167115,1167.420260362171,337.94031014033726,412.57634673345655,322.70358383678763,577.7499313408988,110.19598543167115
2026-02-18 19:00:00+00:00,1991.04,413.67,482.26,130.54,616.7,149.16,2654.674593164366,406.4273978264813,481.7044610941543,433.57630442432554,378.9676498540743,146.7821251650646,1167.420260362171,337.94031014033726,412.57634673345655,322.70358383678763,577.7499313408988,110.19598543167115,1167.420260362171,337.94031014033726,412.57634673345655,322.70358383678763,577.7499313408988,110.19598543167115
2026-02-18 20:00:00+00:00,1735.69,413.88,461.56,155.41,621.78,142.8,2529.897134834526,403.08724773776885,471.1876508284696,475.7703787874707,363.5200068345439,143.49121111790197,1167.420260362171,337.94031014033726,412.57634673345655,322.70358383678763,577.7499313408988,110.19598543167115,1167.420260362171,337.94031014033726,412.57634673345655,322.70358383678763,577.7499313408988,110.19598543167115
2026-02-18 21:00:00+00:00,1633.32,414.07,445.68,176.82,615.62,139.04,2641.7576810883616,403.93359067888355,457.5984943192386,280.34795009169574,379.55708544097433,147.53740769754216,1167.420260362171,337.94031014033726,412.57634673345655,322.70358383678763,577.7499313408988,110.19598543167115,1167.420260362171,337.94031014033726,412.57634673345655,322.70358383678763,577.7499313408988,110.19598543167115
2026-02-18 22:00:00+00:00,1429.9,414.08,429.86,33.630005,616.01,139.7,2629.3244237269246,416.31102619488524,442.5529666793182,152.3773865317794,366.2338008990912,147.32417129696842,1167.420260362171,337.94031014033726,412.57634673345655,322.70358383678763,577.7499313408988,110.19598543167115,1167.420260362171,337.94031014033726,412.57634673345655,322.70358383678763,577.7499313408988,110.19598543167115
2026-02-18 23:00:00+00:00,1470.64,414.1,419.25,70.270004,625.76,141.14,2437.255935316224,404.8291251675693,429.6688784397933,167.6429079433493,358.6109933963164,148.67490139161407,1167.420260362171,337.94031014033726,412.57634673345655,322.70358383678763,577.7499313408988,110.19598543167115,1167.420260362171,337.94031014033726,412.57634673345655,322.70358383678763,577.7499313408988,110.19598543167115
2026-02-19 00:00:00+00:00,1704.19,414.22,413.38,51.48999,631.2,140.08,2212.9003066856185,400.2551516145637,422.61431437405594,95.83548194011249,358.03623089370956,152.2486429547372,1167.420260362171,337.94031014033726,412.57634673345655,322.70358383678763,577.7499313408988,110.19598543167115,1167.420260362171,337.94031014033726,412.57634673345655,322.70358383678763,577.7499313408988,110.19598543167115
2026-02-19 01:00:00+00:00,1875.57,414.29,407.28,28.56,629.45,137.31,2124.312459497382,402.4799918146747,419.16681041019075,93.82649220634877,365.26920892904366,143.02737312944117,1167.420260362171,337.94031014033726,412.57634673345655,322.70358383678763,577.7499313408988,110.19598543167115,1167.420260362171,337.94031014033726,412.57634673345655,322.70358383678763,577.7499313408988,110.19598543167115
2026-02-19 02:00:00+00:00,1894.7,413.7,410.07,11.440003,629.59,136.25,2270.7409276416233,404.455608104628,418.69637802743426,8.670430788270778,366.184204678809,148.13002494603916,1167.420260362171,337.94031014033726,412.57634673345655,322.70358383678763,577.7499313408988,110.19598543167115,1167.420260362171,337.94031014033726,412.57634673345655,322.70358383678763,577.7499313408988,110.19598543167115
2026-02-19 03:00:00+00:00,1774.31,411.43,416.47,6.9599924,633.62,137.75,2337.850274452635,414.11424815028204,428.53924403343694,-3.3485977170304864,367.95497759533174,144.69811585809848,1167.420260362171,337.94031014033726,412.57634673345655,322.70358383678763,577.7499313408988,110.19598543167115,1167.420260362171,337.94031014033726,412.57634673345655,322.70358383678763,577.7499313408988,110.19598543167115
2026-02-19 04:00:00+00:00,1497.67,414.19,427.81,58.359985,633.54,137.92,2383.287986233395,408.62583536832005,430.98727144718964,34.974282600750826,348.1297104815638,143.00377449373116,1167.420260362171,337.94031014033726,412.57634673345655,322.70358383678763,577.7499313408988,110.19598543167115,1167.420260362171,337.94031014033726,412.57634673345655,322.70358383678763,577.7499313408988,110.19598543167115
2026-02-19 05:00:00+00:00,1421.14,412.51,457.17,179.48,632.54,135.17,2531.190727643939,410.0785381875246,453.0405493704078,345.92693273968626,374.63338290028986,146.46395029266972,1167.420260362171,337.94031014033726,412.57634673345655,322.70358383678763,577.7499313408988,110.19598543167115,1167.420260362171,337.94031014033726,412.57634673345655,322.70358383678763,577.7499313408988,110.19598543167115
2026-02-19 06:00:00+00:00,1538.65,409.31,485.64,81.34,619.04,144.1,2601.218054394417,341.96968098561473,483.5332297585948,847.1759470975067,447.0782091092027,124.32454946456437,1167.420260362171,337.94031014033726,412.57634673345655,322.70358383678763,577.7499313408988,110.19598543167115,1167.420260362171,337.94031014033726,412.57634673345655,322.70358383678763,577.7499313408988,110.19598543167115
2026-02-19 07:00:00+00:00,1586.93,412.76,492.19,269.97,624.07,144.82,2707.292075280116,346.1595832515499,486.62974997944696,811.6537737102485,480.6246562483317,125.8106213795096,1167.420260362171,337.94031014033726,412.57634673345655,322.70358383678763,577.7499313408988,110.19598543167115,1167.420260362171,337.94031014033726,412.57634673345655,322.70358383678763,577.7499313408988,110.19598543167115
2026-02-19 08:00:00+00:00,1722.35,413.41,484.14,372.27,624.21,146.74,2613.2604012673632,366.0096307684389,485.65435110854077,729.8857117578129,447.8550878191355,122.66683530408403,1167.420260362171,337.94031014033726,412.57634673345655,322.70358383678763,577.7499313408988,110.19598543167115,1167.420260362171,337.94031014033726,412.57634673345655,322.70358383678763,577.7499313408988,110.19598543167115
2026-02-19 09:00:00+00:00,1807.06,418.78,456.81,474.55,631.4,146.28,2709.662633104628,367.684257703321,471.13821170211355,491.4890081817458,431.78857920936935,125.40697317664457,1167.420260362171,337.94031014033726,412.57634673345655,322.70358383678763,577.7499313408988,110.19598543167115,1167.420260362171,337.94031014033726,412.57634673345655,322.70358383678763,577.7499313408988,110.19598543167115
2026-02-19 10:00:00+00:00,1871.0,444.45,432.08,135.65,625.74,148.61,2593.8245719986808,381.41842891945726,452.0795789804363,370.5196977702026,443.65559935114595,127.30774871276267,1167.420260362171,337.94031014033726,412.57634673345655,322.70358383678763,577.7499313408988,110.19598543167115,1167.420260362171,337.94031014033726,412.57634673345655,322.70358383678763,577.7499313408988,110.19598543167115
2026-02-19 11:00:00+00:00,1982.61,413.59,422.04,207.68,623.88,148.73,2490.7306450336378,369.0169067703146,438.3978435333489,342.94411715072675,443.1999805105852,127.29379346019573,1167.420260362171,337.94031014033726,412.57634673345655,322.70358383678763,577.7499313408988,110.19598543167115,1167.420260362171,337.94031014033726,412.57634673345655,322.70358383678763,577.7499313408988,110.19598543167115
2026-02-19 12:00:00+00:00,1912.0,410.8,416.97,53.410004,625.6,150.73,2654.252712827758,380.7983179970928,436.1850144426066,289.36708179881447,453.8944853454044,128.6085138524562,1167.420260362171,337.94031014033726,412.57634673345655,322.70358383678763,577.7499313408988,110.19598543167115,1167.420260362171,337.94031014033726,412.57634673345655,322.70358383678763,577.7499313408988,110.19598543167115
2026-02-19 13:00:00+00:00,1682.18,415.86,420.88,180.65,625.37,151.34,2402.0535568889472,351.6200716048338,440.2146785165026,210.45952053403948,488.06937498676837,123.16115889065784,1167.420260362171,337.94031014033726,412.57634673345655,322.70358383678763,577.7499313408988,110.19598543167115,1167.420260362171,337.94031014033726,412.57634673345655,322.70358383678763,577.7499313408988,110.19598543167115
2026-02-19 14:00:00+00:00,1473.89,430.22,435.61,425.64,628.01,151.5,2387.6586163393918,367.5524656630221,453.7343001985347,255.42300858704232,482.33222613267833,116.97662627382368,1167.420260362171,337.94031014033726,412.57634673345655,322.70358383678763,577.7499313408988,110.19598543167115,1167.420260362171,337.94031014033726,412.57634673345655,322.70358383678763,577.7499313408988,110.19598543167115
2026-02-19 15:00:00+00:00,1322.23,438.56,475.04,532.69,631.08,143.02,2548.9993013158373,367.69234763276256,486.4776952341997,475.9555494605238,485.18479850399984,113.06427818326388,1167.420260362171,337.94031014033726,412.57634673345655,322.70358383678763,577.7499313408988,110.19598543167115,1167.420260362171,337.94031014033726,412.57634673345655,322.70358383678763,577.7499313408988,110.19598543167115
2026-02-19 16:00:00+00:00,1631.78,413.46,509.89,940.42,627.77,142.71,2776.186350829537,381.2469117360771,502.93082391611296,649.3468735359329,507.17019000338615,134.53082315833606,1167.420260362171,337.94031014033726,412.57634673345655,322.70358383678763,577.7499313408988,110.19598543167115,1167.420260362171,337.94031014033726,412.57634673345655,322.70358383678763,577.7499313408988,110.19598543167115
2026-02-19 17:00:00+00:00,1780.46,413.52,515.94,773.93005,625.0,144.34,3028.5475725227707,405.1263263803488,503.07570492033574,652.2542704394177,405.7600422021533,143.05087042984508,1167.420260362171,337.94031014033726,412.57634673345655,322.70358383678763,577.7499313408988,110.19598543167115,1167.420260362171,337.94031014033726,412.57634673345655,322.70358383678763,577.7499313408988,110.19598543167115
2026-02-19 18:00:00+00:00,1782.75,420.16,508.7,299.99,659.83,142.35,2915.521328006829,403.3765104443453,503.4031087096272,381.06870103256244,406.2373102819131,139.56649818220876,1167.420260362171,337.94031014033726,412.57634673345655,322.70358383678763,577.7499313408988,110.19598543167115,1167.420260362171,337.94031014033726,412.57634673345655,322.70358383678763,577.7499313408988,110.19598543167115
2026-02-19 19:00:00+00:00,1764.74,435.75,488.07,141.76,692.98,140.08,2843.3927110612494,400.8768362098964,485.44274276723365,320.5606407531079,380.25155514017945,141.03390923455405,1167.420260362171,337.94031014033726,412.57634673345655,322.70358383678763,577.7499313408988,110.19598543167115,1167.420260362171,337.94031014033726,412.57634673345655,322.70358383678763,577.7499313408988,110.19598543167115
2026-02-19 20:00:00+00:00,1636.72,441.9,463.78,72.16002,666.77,139.5,2667.678362694689,414.400917339285,466.58666389482295,168.25855537725892,389.6886982770526,137.41628186419334,1167.420260362171,337.94031014033726,412.57634673345655,322.70358383678763,577.7499313408988,110.19598543167115,1167.420260362171,337.94031014033726,412.57634673345655,322.70358383678763,577.7499313408988,110.19598543167115
2026-02-19 21:00:00+00:00,1595.06,442.01,448.97,118.729996,682.77,141.32,2787.121675088076,414.45928725305373,451.43103296282806,110.85501249316829,387.97768894245394,138.92998657994437,1167.420260362171,337.94031014033726,412.57634673345655,322.70358383678763,577.7499313408988,110.19598543167115,1167.420260362171,337.94031014033726,412.57634673345655,322.70358383678763,577.7499313408988,110.19598543167115
2026-02-19 22:00:00+00:00,1257.42,443.22,433.13,137.53,684.71,137.74,2761.4285805232553,401.1576976472518,442.01834510635996,107.92501105126644,378.5161101681724,142.91249550524236,1167.420260362171,337.94031014033726,412.57634673345655,322.70358383678763,577.7499313408988,110.19598543167115,1167.420260362171,337.94031014033726,412.57634673345655,322.70358383678763,577.7499313408988,110.19598543167115
2026-02-19 23:00:00+00:00,940.12,444.66,420.42,62.169983,653.75,134.19,2632.72696848496,404.2050651283558,426.01775643000826,53.690821079120155,403.8950003582228,142.577257337057,1167.420260362171,337.94031014033726,412.57634673345655,322.70358383678763,577.7499313408988,110.19598543167115,1167.420260362171,337.94031014033726,412.57634673345655,322.70358383678763,577.7499313408988,110.19598543167115
2026-02-20 00:00:00+00:00,930.27,443.63,412.68,142.52,652.53,140.09,2327.8708525804386,397.5310450857597,424.3618869315426,59.483722257525756,392.8549577137024,142.76821657763108,1167.420260362171,337.94031014033726,412.57634673345655,322.70358383678763,577.7499313408988,110.19598543167115,1167.420260362171,337.94031014033726,412.57634673345655,322.70358383678763,577.7499313408988,110.19598543167115
2026-02-20 01:00:00+00:00,931.77,444.77,405.99,57.049988,642.86,143.19,2258.601219903216,402.29863740143446,420.85206494112094,50.07096313380555,368.58005323070006,144.2910896575612,1167.420260362171,337.94031014033726,412.57634673345655,322.70358383678763,577.7499313408988,110.19598543167115,1167.420260362171,337.94031014033726,412.57634673345655,322.70358383678763,577.7499313408988,110.19598543167115
2026-02-20 02:00:00+00:00,933.89,421.19,409.6,21.480013,634.2,142.07,2145.1826828407047,406.86170438318544,415.74012214028045,68.46187395931096,355.7417097602071,142.3237042363273,1167.420260362171,337.94031014033726,412.57634673345655,322.70358383678763,577.7499313408988,110.19598543167115,1167.420260362171,337.94031014033726,412.57634673345655,322.70358383678763,577.7499313408988,110.19598543167115
2026-02-20 03:00:00+00:00,956.36,412.26,411.8,44.23001,640.21,138.16,2289.540668932774,412.07783118777684,423.3086107925087,80.88858112864884,372.50042576355486,142.58290221266677,1167.420260362171,337.94031014033726,412.57634673345655,322.70358383678763,577.7499313408988,110.19598543167115,1167.420260362171,337.94031014033726,412.57634673345655,322.70358383678763,577.7499313408988,110.19598543167115
2026-02-20 04:00:00+00:00,1133.24,409.92,428.66,39.419983,657.0,136.82,2407.928050262002,411.35223915550097,434.1160065888918,104.06075312273848,345.8900242862484,143.42258522436046,1167.420260362171,337.94031014033726,412.57634673345655,322.70358383678763,577.7499313408988,110.19598543167115,1167.420260362171,337.94031014033726,412.57634673345655,322.70358383678763,577.7499313408988,110.19598543167115
2026-02-20 05:00:00+00:00,1647.04,412.26,459.91,89.20001,727.11,135.22,2479.1244015750626,415.4105802808199,456.91780329529183,381.0591607491142,370.2711393700662,148.48673834198513,1167.420260362171,337.94031014033726,412.57634673345655,322.70358383678763,577.7499313408988,110.19598543167115,1167.420260362171,337.94031014033726,412.57634673345655,322.70358383678763,577.7499313408988,110.19598543167115
2026-02-20 06:00:00+00:00,1640.89,428.83,496.56,343.7,688.94,137.62,2548.5597332258367,432.58858492714916,488.9935126991428,923.8523684744553,443.2264536240131,141.23121593154985,1167.420260362171,337.94031014033726,412.57634673345655,322.70358383678763,577.7499313408988,110.19598543167115,1167.420260362171,337.94031014033726,412.57634673345655,322.70358383678763,577.7499313408988,110.19598543167115
2026-02-20 07:00:00+00:00,1590.02,446.02,497.52,831.6,694.09,140.38,2576.2782148757688,427.43884835308546,496.4334851296233,835.5616962857661,420.5867219977457,172.6697680624656,1167.420260362171,337.94031014033726,412.57634673345655,322.70358383678763,577.7499313408988,110.19598543167115,1167.420260362171,337.94031014033726,412.57634673345655,322.70358383678763,577.7499313408988,110.19598543167115
2026-02-20 08:00:00+00:00,1544.78,446.0,487.83,431.89,661.69,141.21,2458.1481188003836,420.16907269037387,487.5796057760759,427.53502273561156,369.2113490219974,159.69418624429795,1167.420260362171,337.94031014033726,412.57634673345655,322.70358383678763,577.7499313408988,110.19598543167115,1167.420260362171,337.94031014033726,412.57634673345655,322.70358383678763,577.7499313408988,110.19598543167115
2026-02-20 09:00:00+00:00,1612.26,445.26,456.9,439.51,688.54,145.4,2365.966375784151,436.51225627474054,474.3338132153459,334.370428517741,355.80283755913604,147.67547083699026,1167.420260362171,337.94031014033726,412.57634673345655,322.70358383678763,577.7499313408988,110.19598543167115,1167.420260362171,337.94031014033726,412.57634673345655,322.70358383678763,577.7499313408988,110.19598543167115
2026-02-20 10:00:00+00:00,1801.02,444.96,427.61,238.11,722.09,145.9,2617.22553657028,458.52684014176447,450.87502279264214,251.51332277231518,375.3075995843286,135.89368761930905,1167.420260362171,337.94031014033726,412.57634673345655,322.70358383678763,577.7499313408988,110.19598543167115,1167.420260362171,337.94031014033726,412.57634673345655,322.70358383678763,577.7499313408988,110.19598543167115
2026-02-20 11:00:00+00:00,1800.79,441.48,416.13,403.37,854.52,143.12,2613.4785174702697,434.66654260258565,443.99672097789994,183.8179262103928,438.92759329989593,158.530504147525,1167.420260362171,337.94031014033726,412.57634673345655,322.70358383678763,577.7499313408988,110.19598543167115,1167.420260362171,337.94031014033726,412.57634673345655,322.70358383678763,577.7499313408988,110.19598543167115
2026-02-20 12:00:00+00:00,1786.47,425.38,415.2,239.38,727.81,139.06,2608.287856003307,410.92224995724894,433.0528542147882,171.7279290245448,488.65864916934356,142.1590245553935,1167.420260362171,337.94031014033726,412.57634673345655,322.70358383678763,577.7499313408988,110.19598543167115,1167.420260362171,337.94031014033726,412.57634673345655,322.70358383678763,577.7499313408988,110.19598543167115
2026-02-20 13:00:00+00:00,1804.63,425.38,412.82,288.82,737.8,141.97,2529.6666544197233,405.8653689904576,439.3398813883149,200.61859415224825,488.68278512887196,144.16165823205029,1167.420260362171,337.94031014033726,412.57634673345655,322.70358383678763,577.7499313408988,110.19598543167115,1167.420260362171,337.94031014033726,412.57634673345655,322.70358383678763,577.7499313408988,110.19598543167115
2026-02-20 14:00:00+00:00,1809.33,428.56,426.81,405.3,845.03,140.53,2404.962853854586,382.65372112485574,459.7858418614008,297.23358149241125,493.56723116412104,129.72413271399498,1167.420260362171,337.94031014033726,412.57634673345655,322.70358383678763,577.7499313408988,110.19598543167115,1167.420260362171,337.94031014033726,412.57634673345655,322.70358383678763,577.7499313408988,110.19598543167115
2026-02-20 15:00:00+00:00,1812.61,442.16,464.99,640.49,900.68,143.31,2467.6173535176977,370.778919958305,482.10612479159875,402.2542133843059,471.0914392400781,130.34195263678407,1167.420260362171,337.94031014033726,412.57634673345655,322.70358383678763,577.7499313408988,110.19598543167115,1167.420260362171,337.94031014033726,412.57634673345655,322.70358383678763,577.7499313408988,110.19598543167115
2026-02-20 16:00:00+00:00,1812.96,442.19,497.9,515.22,878.83,141.3,2567.4752947464294,386.82979996654024,497.33010666017356,573.2097848498089,455.8661256292565,128.20178562294547,1167.420260362171,337.94031014033726,412.57634673345655,322.70358383678763,577.7499313408988,110.19598543167115,1167.420260362171,337.94031014033726,412.57634673345655,322.70358383678763,577.7499313408988,110.19598543167115
2026-02-20 17:00:00+00:00,1827.45,439.96,500.84,410.78,814.47,135.94,2665.8532005637053,409.2594410237835,503.0646119759963,535.5461295755326,399.0930196601639,137.8441461524157,1167.420260362171,337.94031014033726,412.57634673345655,322.70358383678763,577.7499313408988,110.19598543167115,1167.420260362171,337.94031014033726,412.57634673345655,322.70358383678763,577.7499313408988,110.19598543167115
2026-02-20 18:00:00+00:00,1662.91,437.51,493.22,87.91,700.18,134.92,2711.9074387042297,412.6619231319801,500.1415108608988,188.48741981962505,386.57105731592833,143.8507602780886,1167.420260362171,337.94031014033726,412.57634673345655,322.70358383678763,577.7499313408988,110.19598543167115,1167.420260362171,337.94031014033726,412.57634673345655,322.70358383678763,577.7499313408988,110.19598543167115
2026-02-20 19:00:00+00:00,1475.27,439.33,474.14,56.200012,669.69,134.08,2592.123951262227,409.23307083610905,479.65436346847093,125.51848493849837,397.78128131884387,140.20332252797152,1167.420260362171,337.94031014033726,412.57634673345655,322.70358383678763,577.7499313408988,110.19598543167115,1167.420260362171,337.94031014033726,412.57634673345655,322.70358383678763,577.7499313408988,110.19598543167115
2026-02-20 20:00:00+00:00,1324.53,408.27,450.05,41.880005,659.33,131.92,2600.2071031316473,406.8780060866897,470.32062894618844,151.32451635324935,384.76276234687816,152.48718784107726,1167.420260362171,337.94031014033726,412.57634673345655,322.70358383678763,577.7499313408988,110.19598543167115,1167.420260362171,337.94031014033726,412.57634673345655,322.70358383678763,577.7499313408988,110.19598543167115
2026-02-20 21:00:00+00:00,1117.58,355.41,434.33,18.230013,694.78,129.15,2245.8723124211474,409.8220488147133,451.7513096668271,98.23839479035422,380.51582755330935,142.57042733207132,1167.420260362171,337.94031014033726,412.57634673345655,322.70358383678763,577.7499313408988,110.19598543167115,1167.420260362171,337.94031014033726,412.57634673345655,322.70358383678763,577.7499313408988,110.19598543167115
2026-02-20 22:00:00+00:00,1107.32,340.26,422.66,4.700013,722.08,131.31,2142.311714573498,406.92062320241826,439.7391243910735,34.79357937948657,363.93701286869356,143.48027223232845,1167.420260362171,337.94031014033726,412.57634673345655,322.70358383678763,577.7499313408988,110.19598543167115,1167.420260362171,337.94031014033726,412.57634673345655,322.70358383678763,577.7499313408988,110.19598543167115
2026-02-20 23:00:00+00:00,1146.86,324.6,405.03,1.5100108,725.98,132.41,2024.5544603928274,390.08981759403616,419.78923826653306,50.68482262356622,379.78512708604535,141.60003184258767,1167.420260362171,337.94031014033726,412.57634673345655,322.70358383678763,577.7499313408988,110.19598543167115,1167.420260362171,337.94031014033726,412.57634673345655,322.70358383678763,577.7499313408988,110.19598543167115
2026-02-21 00:00:00+00:00,982.51,324.68,397.25,0.19000351,723.38,130.75,1371.8343218262644,363.19720463095194,417.2118897642212,10.233849136319009,439.08740371213594,140.79499352003174,1167.420260362171,337.94031014033726,412.57634673345655,322.70358383678763,577.7499313408988,110.19598543167115,1167.420260362171,337.94031014033726,412.57634673345655,322.70358383678763,577.7499313408988,110.19598543167115
2026-02-21 01:00:00+00:00,771.28,324.82,397.46,3.8699963,668.51,128.68,1202.4392723063118,362.28813584246416,414.94955455155673,14.664341022028509,438.5050366139251,139.0225769098051,1167.420260362171,337.94031014033726,412.57634673345655,322.70358383678763,577.7499313408988,110.19598543167115,1167.420260362171,337.94031014033726,412.57634673345655,322.70358383678763,577.7499313408988,110.19598543167115
2026-02-21 02:00:00+00:00,722.7701,324.89,398.01,9.739991,675.92,129.9,890.8728791586547,350.2537862544834,413.64850478959283,33.45194517432816,477.10618953116057,132.82589907594647,1167.420260362171,337.94031014033726,412.57634673345655,322.70358383678763,577.7499313408988,110.19598543167115,1167.420260362171,337.94031014033726,412.57634673345655,322.70358383678763,577.7499313408988,110.19598543167115
2026-02-21 03:00:00+00:00,652.73,324.68,407.64,0.08999741,644.84,130.63,944.7984771063686,346.69278964255284,412.08276628782556,42.69421342821312,517.1112746961438,133.83638643228787,1167.420260362171,337.94031014033726,412.57634673345655,322.70358383678763,577.7499313408988,110.19598543167115,1167.420260362171,337.94031014033726,412.57634673345655,322.70358383678763,577.7499313408988,110.19598543167115
2026-02-21 04:00:00+00:00,646.58,324.53,425.48,0.14999497,747.06,129.33,1083.3416187853247,362.6462376715562,426.19188188933293,39.91017173929271,509.5634191346349,141.2781052222529,1167.420260362171,337.94031014033726,412.57634673345655,322.70358383678763,577.7499313408988,110.19598543167115,1167.420260362171,337.94031014033726,412.57634673345655,322.70358383678763,577.7499313408988,110.19598543167115
2026-02-21 05:00:00+00:00,634.8,324.4,455.13,0.19000351,751.67,126.39,1165.153450156795,365.2256652438915,446.46643751261513,58.834711928239074,514.615734337584,140.63210507209286,1167.420260362171,337.94031014033726,412.57634673345655,322.70358383678763,577.7499313408988,110.19598543167115,1167.420260362171,337.94031014033726,412.57634673345655,322.70358383678763,577.7499313408988,110.19598543167115
2026-02-21 06:00:00+00:00,545.87,324.69,489.15,9.8099985,694.72,122.48,1069.755354223913,333.89622164844496,473.9024264064069,88.15371764413675,539.7206498069078,124.1521577939115,1167.420260362171,337.94031014033726,412.57634673345655,322.70358383678763,577.7499313408988,110.19598543167115,1167.420260362171,337.94031014033726,412.57634673345655,322.70358383678763,577.7499313408988,110.19598543167115
2026-02-21 07:00:00+00:00,510.27,324.75,493.23,87.91,638.2,122.5,625.8510858302732,342.5197362242661,476.987541382407,186.55518226102348,542.463904510634,126.71872781959054,1167.420260362171,337.94031014033726,412.57634673345655,322.70358383678763,577.7499313408988,110.19598543167115,1167.420260362171,337.94031014033726,412.57634673345655,322.70358383678763,577.7499313408988,110.19598543167115
2026-02-21 08:00:00+00:00,165.80997,299.37,483.92,91.23001,619.43,117.83,803.7255670560813,338.64363702317496,465.5630453193421,172.61096279385586,556.1483005473281,126.82097939436215,1167.420260362171,337.94031014033726,412.57634673345655,322.70358383678763,577.7499313408988,110.19598543167115,1167.420260362171,337.94031014033726,412.57634673345655,322.70358383678763,577.7499313408988,110.19598543167115
2026-02-21 09:00:00+00:00,191.54996,293.3,448.48,162.6,618.44,116.05,591.8599778561834,339.5306276375738,448.60452459161843,92.6756994907858,554.8007488872205,125.57445220942883,1167.420260362171,337.94031014033726,412.57634673345655,322.70358383678763,577.7499313408988,110.19598543167115,1167.420260362171,337.94031014033726,412.57634673345655,322.70358383678763,577.7499313408988,110.19598543167115
2026-02-21 10:00:00+00:00,197.9299,298.4,424.49,462.09,650.06,116.56,761.7831105870462,363.36856252842296,428.7757938632839,70.67784838893843,541.2586578665173,128.18703425809025,1167.420260362171,337.94031014033726,412.57634673345655,322.70358383678763,577.7499313408988,110.19598543167115,1167.420260362171,337.94031014033726,412.57634673345655,322.70358383678763,577.7499313408988,110.19598543167115
2026-02-21 11:00:00+00:00,205.15,298.63,404.32,205.07,645.6,117.69,1036.6739636578236,365.01670882609017,419.49327041119534,48.04543557764515,551.2746063107355,129.62867633892665,1167.420260362171,337.94031014033726,412.57634673345655,322.70358383678763,577.7499313408988,110.19598543167115,1167.420260362171,337.94031014033726,412.57634673345655,322.70358383678763,577.7499313408988,110.19598543167115
2026-02-21 12:00:00+00:00,200.85007,298.4,397.42,291.76,650.2,117.68,1125.434170068768,347.99124533822004,427.19120870533123,51.46175461679758,560.0349132480886,125.2747781306125,1167.420260362171,337.94031014033726,412.57634673345655,322.70358383678763,577.7499313408988,110.19598543167115,1167.420260362171,337.94031014033726,412.57634673345655,322.70358383678763,577.7499313408988,110.19598543167115
2026-02-21 13:00:00+00:00,200.76993,306.63,410.45,211.95,657.24,118.43,1132.6684535169677,337.1315387796394,431.99392100770365,48.334182911001676,535.4159410735675,120.89733462767107,1167.420260362171,337.94031014033726,412.57634673345655,322.70358383678763,577.7499313408988,110.19598543167115,1167.420260362171,337.94031014033726,412.57634673345655,322.70358383678763,577.7499313408988,110.19598543167115
2026-02-21 14:00:00+00:00,252.03995,334.66,436.8,573.13,642.3,128.67,1074.6646986393737,344.73238791541024,452.52208939642065,108.21256772256982,519.7630730086655,122.68420349588015,1167.420260362171,337.94031014033726,412.57634673345655,322.70358383678763,577.7499313408988,110.19598543167115,1167.420260362171,337.94031014033726,412.57634673345655,322.70358383678763,577.7499313408988,110.19598543167115
2026-02-21 15:00:00+00:00,258.02994,352.94,473.89,844.53,645.22,127.84,1200.8147084708241,349.51355237744133,487.91882955146025,246.54871096055427,505.229081104764,120.84297993936622,1167.420260362171,337.94031014033726,412.57634673345655,322.70358383678763,577.7499313408988,110.19598543167115,1167.420260362171,337.94031014033726,412.57634673345655,322.70358383678763,577.7499313408988,110.19598543167115
2026-02-21 16:00:00+00:00,270.95993,353.17,498.25,1287.83,655.73,128.33,1282.9431545662974,348.6949472856814,500.724976673584,500.7850319840226,525.8063292889841,122.18329929153924,1167.420260362171,337.94031014033726,412.57634673345655,322.70358383678763,577.7499313408988,110.19598543167115,1167.420260362171,337.94031014033726,412.57634673345655,322.70358383678763,577.7499313408988,110.19598543167115
2026-02-21 17:00:00+00:00,270.89005,353.25,498.66,1326.75,649.5,127.11,1670.9343775493571,361.60205528025165,498.3496991239294,526.7848432113827,476.03666443955956,120.00455765200057,1167.420260362171,337.94031014033726,412.57634673345655,322.70358383678763,577.7499313408988,110.19598543167115,1167.420260362171,337.94031014033726,412.57634673345655,322.70358383678763,577.7499313408988,110.19598543167115
2026-02-21 18:00:00+00:00,265.01004,353.24,487.67,1320.06,659.27,127.63,1510.8885117129716,349.5532329786454,492.3715539331343,218.61056804929422,476.87008157441346,138.40051652525915,1167.420260362171,337.94031014033726,412.57634673345655,322.70358383678763,577.7499313408988,110.19598543167115,1167.420260362171,337.94031014033726,412.57634673345655,322.70358383678763,577.7499313408988,110.19598543167115
2026-02-21 19:00:00+00:00,245.28995,353.34,462.01,773.2101,690.13,128.21,1126.9208594201136,349.3059190402026,467.3635477315829,222.25197365236696,409.89913437505334,139.03155037344578,1167.420260362171,337.94031014033726,412.57634673345655,322.70358383678763,577.7499313408988,110.19598543167115,1167.420260362171,337.94031014033726,412.57634673345655,322.70358383678763,577.7499313408988,110.19598543167115
2026-02-21 20:00:00+00:00,241.11996,353.25,449.04,408.88,649.46,128.37,1087.5236316008825,353.19389135558134,456.7329962618857,168.69337476641283,415.6700715893651,140.61024880835288,1167.420260362171,337.94031014033726,412.57634673345655,322.70358383678763,577.7499313408988,110.19598543167115,1167.420260362171,337.94031014033726,412.57634673345655,322.70358383678763,577.7499313408988,110.19598543167115
2026-02-21 21:00:00+00:00,229.27994,353.38,438.84,479.64,649.8,128.75,946.5904301240627,358.6345423739343,435.94432184172024,117.03028840587174,431.9030923852555,139.61454732947317,1167.420260362171,337.94031014033726,412.57634673345655,322.70358383678763,577.7499313408988,110.19598543167115,1167.420260362171,337.94031014033726,412.57634673345655,322.70358383678763,577.7499313408988,110.19598543167115
2026-02-21 22:00:00+00:00,209.85007,353.66,422.52,199.71,647.78,130.28,523.5290372871893,346.9015212144861,416.1301787615472,65.17108387844326,460.8805023484967,139.8142593615565,1167.420260362171,337.94031014033726,412.57634673345655,322.70358383678763,577.7499313408988,110.19598543167115,1167.420260362171,337.94031014033726,412.57634673345655,322.70358383678763,577.7499313408988,110.19598543167115
2026-02-21 23:00:00+00:00,194.98001,353.71,409.24,29.670015,679.64,129.19,558.2532369900699,333.33767625835344,399.3160296849206,53.22920930780299,434.23150702279565,138.75817694343817,1167.420260362171,337.94031014033726,412.57634673345655,322.70358383678763,577.7499313408988,110.19598543167115,1167.420260362171,337.94031014033726,412.57634673345655,322.70358383678763,577.7499313408988,110.19598543167115
2026-02-22 00:00:00+00:00,184.8099,344.04,404.88,22.339998,642.72,129.04,528.3799468576759,328.631002094897,394.2463252510107,16.11451288741847,457.46027596735644,136.01647843861733,1167.420260362171,337.94031014033726,412.57634673345655,322.70358383678763,577.7499313408988,110.19598543167115,1167.420260362171,337.94031014033726,412.57634673345655,322.70358383678763,577.7499313408988,110.19598543167115
2026-02-22 01:00:00+00:00,173.97006,343.87,406.08,18.230013,643.53,128.25,604.9140688550827,331.1602552261993,396.045909342203,48.47725581425499,443.88958623719,136.559537205537,1167.420260362171,337.94031014033726,412.57634673345655,322.70358383678763,577.7499313408988,110.19598543167115,1167.420260362171,337.94031014033726,412.57634673345655,322.70358383678763,577.7499313408988,110.19598543167115
2026-02-22 02:00:00+00:00,169.29001,343.82,407.76,0.29000962,645.0,127.43,564.448489403169,330.8341036590042,398.3753376838638,40.957947467149665,436.0911693774874,138.26156591227323,1167.420260362171,337.94031014033726,412.57634673345655,322.70358383678763,577.7499313408988,110.19598543167115,1167.420260362171,337.94031014033726,412.57634673345655,322.70358383678763,577.7499313408988,110.19598543167115
2026-02-22 03:00:00+00:00,172.41,343.87,413.16,11.730012,647.72,127.13,669.6755317112513,327.96092968441496,403.40555894564335,40.948635213262946,532.3698379024398,138.58666727149847,1167.420260362171,337.94031014033726,412.57634673345655,322.70358383678763,577.7499313408988,110.19598543167115,1167.420260362171,337.94031014033726,412.57634673345655,322.70358383678763,577.7499313408988,110.19598543167115
2026-02-22 04:00:00+00:00,169.61996,343.67,425.12,0.14999497,651.22,127.01,509.7201701323877,325.3172679164118,429.4687797569578,57.881867568389055,554.7951116620852,138.85852858940513,1167.420260362171,337.94031014033726,412.57634673345655,322.70358383678763,577.7499313408988,110.19598543167115,1167.420260362171,337.94031014033726,412.57634673345655,322.70358383678763,577.7499313408988,110.19598543167115
2026-02-22 05:00:00+00:00,170.22,346.22,447.18,12.609986,709.5,126.71,440.54469169660865,328.0256590002311,447.67034214313173,57.57852324839649,573.7465522225352,109.51485648041921,1167.420260362171,337.94031014033726,412.57634673345655,322.70358383678763,577.7499313408988,110.19598543167115,1167.420260362171,337.94031014033726,412.57634673345655,322.70358383678763,577.7499313408988,110.19598543167115
2026-02-22 06:00:00+00:00,177.55002,355.31,476.12,15.440003,755.92,128.09,403.6866754486325,314.85148917801683,458.8478877653508,42.946454603738914,590.1356182009688,107.45959423694336,1167.420260362171,337.94031014033726,412.57634673345655,322.70358383678763,577.7499313408988,110.19598543167115,1167.420260362171,337.94031014033726,412.57634673345655,322.70358383678763,577.7499313408988,110.19598543167115
2026-02-22 07:00:00+00:00,189.75998,355.63,479.62,3.2000134,696.39,130.67,558.7451828035272,314.07359735309547,456.82530704780834,82.11840082919127,602.0270436982349,106.45555010681308,1167.420260362171,337.94031014033726,412.57634673345655,322.70358383678763,577.7499313408988,110.19598543167115,1167.420260362171,337.94031014033726,412.57634673345655,322.70358383678763,577.7499313408988,110.19598543167115
2026-02-22 08:00:00+00:00,200.32999,355.58,472.51,1.8299876,695.37,129.99,418.7148636936812,311.1072558314269,459.0517636474769,89.3934771684514,617.2913716150863,111.18368682796148,1167.420260362171,337.94031014033726,412.57634673345655,322.70358383678763,577.7499313408988,110.19598543167115,1167.420260362171,337.94031014033726,412.57634673345655,322.70358383678763,577.7499313408988,110.19598543167115
2026-02-22 09:00:00+00:00,206.47995,355.18,435.21,1.1199962,669.23,128.72,213.78854581557846,311.5478843364631,434.4345787333327,51.797946259858236,584.030515904823,111.72593190042036,1167.420260362171,337.94031014033726,412.57634673345655,322.70358383678763,577.7499313408988,110.19598543167115,1167.420260362171,337.94031014033726,412.57634673345655,322.70358383678763,577.7499313408988,110.19598543167115
2026-02-22 10:00:00+00:00,217.32993,354.55,422.77,4.369996,716.24,129.2,263.8155066778618,311.4974566224445,439.5932967196695,62.887207778049856,537.1053429474819,110.3258188475862,1167.420260362171,337.94031014033726,412.57634673345655,322.70358383678763,577.7499313408988,110.19598543167115,1167.420260362171,337.94031014033726,412.57634673345655,322.70358383678763,577.7499313408988,110.19598543167115
2026-02-22 11:00:00+00:00,217.34995,355.03,413.01,1.7699901,712.03,129.22,353.76314655459043,308.3153747491683,418.41855202254266,49.42790002863586,543.1328153333355,113.71264420689383,1167.420260362171,337.94031014033726,412.57634673345655,322.70358383678763,577.7499313408988,110.19598543167115,1167.420260362171,337.94031014033726,412.57634673345655,322.70358383678763,577.7499313408988,110.19598543167115
2026-02-22 12:00:00+00:00,213.93997,350.75,413.59,2.4299939,682.57,128.73,224.3733529406303,327.2243357131872,427.46272539392663,27.515823500488978,588.215854661879,114.85920632589357,1167.420260362171,337.94031014033726,412.57634673345655,322.70358383678763,577.7499313408988,110.19598543167115,1167.420260362171,337.94031014033726,412.57634673345655,322.70358383678763,577.7499313408988,110.19598543167115
2026-02-22 13:00:00+00:00,222.67001,350.5,418.67,2.3599865,721.75,127.48,118.28768063102484,327.82321993146707,419.04268673418386,25.6364379186424,557.4307934865849,111.84490385154453,1167.420260362171,337.94031014033726,412.57634673345655,322.70358383678763,577.7499313408988,110.19598543167115,1167.420260362171,337.94031014033726,412.57634673345655,322.70358383678763,577.7499313408988,110.19598543167115
2026-02-22 14:00:00+00:00,226.66,351.93,436.32,35.450012,711.56,128.44,314.44505856645276,314.38753363607935,428.6819227563184,81.89502248450725,557.0193402885147,117.60926620960976,1167.420260362171,337.94031014033726,412.57634673345655,322.70358383678763,577.7499313408988,110.19598543167115,1167.420260362171,337.94031014033726,412.57634673345655,322.70358383678763,577.7499313408988,110.19598543167115
2026-02-22 15:00:00+00:00,232.93991,346.0,461.82,70.76999,694.4,127.99,388.7846977616763,313.571711610732,466.46521584730067,148.66480463466024,560.4971633808931,117.3138603178574,1167.420260362171,337.94031014033726,412.57634673345655,322.70358383678763,577.7499313408988,110.19598543167115,1167.420260362171,337.94031014033726,412.57634673345655,322.70358383678763,577.7499313408988,110.19598543167115
2026-02-22 16:00:00+00:00,248.13998,345.84,488.17,666.19,729.41,127.27,721.2599055484723,313.6238369549218,478.53908881860315,458.2766789352515,578.1711223883738,122.71338846672676,1167.420260362171,337.94031014033726,412.57634673345655,322.70358383678763,577.7499313408988,110.19598543167115,1167.420260362171,337.94031014033726,412.57634673345655,322.70358383678763,577.7499313408988,110.19598543167115
2026-02-22 17:00:00+00:00,246.06998,345.75,496.3,844.91,671.66,125.73,1062.4050709674607,317.26753053327275,485.18276964333165,514.041878705409,502.08613247009566,113.92062115151985,1167.420260362171,337.94031014033726,412.57634673345655,322.70358383678763,577.7499313408988,110.19598543167115,1167.420260362171,337.94031014033726,412.57634673345655,322.70358383678763,577.7499313408988,110.19598543167115
2026-02-22 18:00:00+00:00,240.92001,345.86,488.45,664.73,636.16,126.77,1013.8549346951672,325.94747193876697,485.7535649466395,324.0259572443104,557.9119259939474,138.78944649292268,1167.420260362171,337.94031014033726,412.57634673345655,322.70358383678763,577.7499313408988,110.19598543167115,1167.420260362171,337.94031014033726,412.57634673345655,322.70358383678763,577.7499313408988,110.19598543167115
2026-02-22 19:00:00+00:00,227.34995,345.86,468.91,323.66,619.77,127.27,945.6675851990562,327.1004384067454,466.9416072493997,204.04156791553396,489.9159604646645,137.15143036880227,1167.420260362171,337.94031014033726,412.57634673345655,322.70358383678763,577.7499313408988,110.19598543167115,1167.420260362171,337.94031014033726,412.57634673345655,322.70358383678763,577.7499313408988,110.19598543167115
2026-02-22 20:00:00+00:00,230.65994,345.77,450.36,140.08,607.92,127.86,865.8340193340656,343.6630228423925,444.8835072426076,180.04707868132053,463.7605652329195,136.79413761179012,1167.420260362171,337.94031014033726,412.57634673345655,322.70358383678763,577.7499313408988,110.19598543167115,1167.420260362171,337.94031014033726,412.57634673345655,322.70358383678763,577.7499313408988,110.19598543167115
2026-02-22 21:00:00+00:00,215.71005,346.09,435.27,312.6,617.09,127.78,991.0016894770915,340.6852940412038,431.98585008447185,74.96134818473482,460.28780941934724,140.4853124017298,1167.420260362171,337.94031014033726,412.57634673345655,322.70358383678763,577.7499313408988,110.19598543167115,1167.420260362171,337.94031014033726,412.57634673345655,322.70358383678763,577.7499313408988,110.19598543167115
2026-02-22 22:00:00+00:00,195.25998,338.89,418.9,47.179993,612.81,130.36,808.4958809782235,344.61498361421434,418.74162710340175,63.993630306792,519.3663620215447,138.8987065624458,1167.420260362171,337.94031014033726,412.57634673345655,322.70358383678763,577.7499313408988,110.19598543167115,1167.420260362171,337.94031014033726,412.57634673345655,322.70358383678763,577.7499313408988,110.19598543167115
2026-02-22 23:00:00+00:00,176.15994,333.28,405.28,0.29000962,629.04,129.02,697.8484574998977,338.72131853920274,403.2813774772364,37.663596001819656,523.185031661066,137.7989576098449,1167.420260362171,337.94031014033726,412.57634673345655,322.70358383678763,577.7499313408988,110.19598543167115,1167.420260362171,337.94031014033726,412.57634673345655,322.70358383678763,577.7499313408988,110.19598543167115
2026-02-23 00:00:00+00:00,172.95993,325.29,397.39,20.679995,629.39,127.0,966.1001922957792,331.3527029245434,397.5182154212674,11.312017042247305,493.3525079683576,134.17832523304648,1167.420260362171,337.94031014033726,412.57634673345655,322.70358383678763,577.7499313408988,110.19598543167115,1167.420260362171,337.94031014033726,412.57634673345655,322.70358383678763,577.7499313408988,110.19598543167115
2026-02-23 01:00:00+00:00,277.99997,325.22,397.42,66.57001,628.57,127.15,914.2262678846207,331.0750823713886,394.32703172689935,7.025813043284643,543.6937664661834,136.9532052256535,1167.420260362171,337.94031014033726,412.57634673345655,322.70358383678763,577.7499313408988,110.19598543167115,1167.420260362171,337.94031014033726,412.57634673345655,322.70358383678763,577.7499313408988,110.19598543167115
2026-02-23 02:00:00+00:00,422.98996,325.15,397.49,63.190002,625.85,126.34,987.4399478228165,331.72472669353147,403.41537509509067,18.29730454023013,522.9675532276801,139.19550768306627,1167.420260362171,337.94031014033726,412.57634673345655,322.70358383678763,577.7499313408988,110.19598543167115,1167.420260362171,337.94031014033726,412.57634673345655,322.70358383678763,577.7499313408988,110.19598543167115
2026-02-23 03:00:00+00:00,519.52,341.18,402.11,122.09,628.65,126.86,1069.8398248371232,338.34349903553755,411.0177582024512,3.507348930572391,503.2195400218621,140.1156695909786,1167.420260362171,337.94031014033726,412.57634673345655,322.70358383678763,577.7499313408988,110.19598543167115,1167.420260362171,337.94031014033726,412.57634673345655,322.70358383678763,577.7499313408988,110.19598543167115
2026-02-23 04:00:00+00:00,499.77,348.55,414.32,5.6600046,627.93,126.62,1194.2805415179816,342.9638240727246,429.4804332930874,64.07424490355123,509.067510881987,143.08333896784458,1167.420260362171,337.94031014033726,412.57634673345655,322.70358383678763,577.7499313408988,110.19598543167115,1167.420260362171,337.94031014033726,412.57634673345655,322.70358383678763,577.7499313408988,110.19598543167115
2026-02-23 05:00:00+00:00,513.25,353.93,441.09,106.87001,620.24,128.66,1245.7126533967546,349.54215817741937,449.0043257557211,236.609469120616,559.0714746336215,117.61557195787911,1167.420260362171,337.94031014033726,412.57634673345655,322.70358383678763,577.7499313408988,110.19598543167115,1167.420260362171,337.94031014033726,412.57634673345655,322.70358383678763,577.7499313408988,110.19598543167115
2026-02-23 06:00:00+00:00,548.32,353.71,474.44,485.1,629.5,130.7,1375.2290007349445,340.7041716931568,447.1011945649156,527.9440582961203,574.4160428113147,125.82268296153073,1167.420260362171,337.94031014033726,412.57634673345655,322.70358383678763,577.7499313408988,110.19598543167115,1167.420260362171,337.94031014033726,412.57634673345655,322.70358383678763,577.7499313408988,110.19598543167115
2026-02-23 07:00:00+00:00,561.19,318.43,481.02,690.73,631.56,121.17,1351.7243912179463,351.7410504151103,447.91747780609114,409.13673851454405,576.0928702165924,139.86593690090356,1167.420260362171,337.94031014033726,412.57634673345655,322.70358383678763,577.7499313408988,110.19598543167115,1167.420260362171,337.94031014033726,412.57634673345655,322.70358383678763,577.7499313408988,110.19598543167115
2026-02-23 08:00:00+00:00,565.32,293.02,460.7,397.59,623.97,116.34,1123.3946530630792,363.5707361669153,447.2815543345799,262.42862731032255,589.3876479783354,129.87384449498623,1167.420260362171,337.94031014033726,412.57634673345655,322.70358383678763,577.7499313408988,110.19598543167115,1167.420260362171,337.94031014033726,412.57634673345655,322.70358383678763,577.7499313408988,110.19598543167115
2026-02-23 09:00:00+00:00,548.72,298.71,430.13,53.5,632.73,117.26,1009.6517750187495,354.4498499274288,427.9729607152895,87.8969588745253,616.7904323253314,129.6639487158009,1167.420260362171,337.94031014033726,412.57634673345655,322.70358383678763,577.7499313408988,110.19598543167115,1167.420260362171,337.94031014033726,412.57634673345655,322.70358383678763,577.7499313408988,110.19598543167115
2026-02-23 10:00:00+00:00,544.58,357.06,412.9,96.69,628.82,117.67,943.8336619037166,349.85735993495535,392.3410572385688,19.206517710226876,629.2871634923547,133.80756544887913,1167.420260362171,337.94031014033726,412.57634673345655,322.70358383678763,577.7499313408988,110.19598543167115,1167.420260362171,337.94031014033726,412.57634673345655,322.70358383678763,577.7499313408988,110.19598543167115
2026-02-23 11:00:00+00:00,534.9,368.35,391.65,136.54,631.94,118.81,830.1592129646164,350.55125663020124,392.68082092249784,11.343793256792935,630.6732550257805,130.215687935904,1167.420260362171,337.94031014033726,412.57634673345655,322.70358383678763,577.7499313408988,110.19598543167115,1167.420260362171,337.94031014033726,412.57634673345655,322.70358383678763,577.7499313408988,110.19598543167115
2026-02-23 12:00:00+00:00,529.36,371.5,385.8,13.889985,640.97,119.32,824.4427635666245,358.90188963883827,378.76798231781765,20.093609361815766,605.7783531230192,132.09540138500046,1167.420260362171,337.94031014033726,412.57634673345655,322.70358383678763,577.7499313408988,110.19598543167115,1167.420260362171,337.94031014033726,412.57634673345655,322.70358383678763,577.7499313408988,110.19598543167115
2026-02-23 13:00:00+00:00,363.08,399.52,386.47,0.11999619,630.84,130.23,797.9540314413639,334.01717052759744,358.00614409494403,51.01402512608581,602.1702702397781,130.4652422393974,1167.420260362171,337.94031014033726,412.57634673345655,322.70358383678763,577.7499313408988,110.19598543167115,1167.420260362171,337.94031014033726,412.57634673345655,322.70358383678763,577.7499313408988,110.19598543167115
2026-02-23 14:00:00+00:00,312.33,399.15,396.66,60.76999,633.21,132.95,982.1403618109841,327.8391747236376,406.1660716183622,89.89247161381695,600.064678906318,106.8904996668359,1167.420260362171,337.94031014033726,412.57634673345655,322.70358383678763,577.7499313408988,110.19598543167115,1167.420260362171,337.94031014033726,412.57634673345655,322.70358383678763,577.7499313408988,110.19598543167115
2026-02-23 15:00:00+00:00,322.85995,432.54,435.71,181.2,639.48,132.16,1043.7750607808478,338.7153444114507,451.04705380358786,261.62586863289954,589.6203036233263,118.1523223484473,1167.420260362171,337.94031014033726,412.57634673345655,322.70358383678763,577.7499313408988,110.19598543167115,1167.420260362171,337.94031014033726,412.57634673345655,322.70358383678763,577.7499313408988,110.19598543167115
2026-02-23 16:00:00+00:00,337.68997,425.38,485.48,345.04,631.94,129.56,1150.5570115432686,359.49027441115635,486.779330665227,498.5505825657681,570.7618491041295,129.95099628527157,1167.420260362171,337.94031014033726,412.57634673345655,322.70358383678763,577.7499313408988,110.19598543167115,1167.420260362171,337.94031014033726,412.57634673345655,322.70358383678763,577.7499313408988,110.19598543167115
2026-02-23 17:00:00+00:00,498.87997,411.43,499.79,326.95,632.85,128.59,1748.1335947924451,387.58317346317534,485.61994826401127,439.5104694686015,518.2168205117136,122.65480167488533,1167.420260362171,337.94031014033726,412.57634673345655,322.70358383678763,577.7499313408988,110.19598543167115,1167.420260362171,337.94031014033726,412.57634673345655,322.70358383678763,577.7499313408988,110.19598543167115
2026-02-23 18:00:00+00:00,473.33,422.16,494.4,392.97,644.79,129.3,1569.7916488932178,379.47706151064,483.7884909345943,231.6724875078246,522.0053234610896,137.1261020276813,1167.420260362171,337.94031014033726,412.57634673345655,322.70358383678763,577.7499313408988,110.19598543167115,1167.420260362171,337.94031014033726,412.57634673345655,322.70358383678763,577.7499313408988,110.19598543167115
2026-02-23 19:00:00+00:00,452.09,424.37,478.16,190.38,618.28,129.03,1464.5650535762143,358.7298059167734,470.3863151311496,202.41589306531952,539.398752958402,141.20054585246402,1167.420260362171,337.94031014033726,412.57634673345655,322.70358383678763,577.7499313408988,110.19598543167115,1167.420260362171,337.94031014033726,412.57634673345655,322.70358383678763,577.7499313408988,110.19598543167115
2026-02-23 20:00:00+00:00,445.79996,424.88,457.32,182.57,622.13,130.24,1317.368206711609,352.5580951562767,456.44712086934607,172.79056866511448,532.1002181181078,141.42324356894426,1167.420260362171,337.94031014033726,412.57634673345655,322.70358383678763,577.7499313408988,110.19598543167115,1167.420260362171,337.94031014033726,412.57634673345655,322.70358383678763,577.7499313408988,110.19598543167115
2026-02-23 21:00:00+00:00,411.38998,425.07,441.74,145.54,613.02,130.09,1366.3977599742198,358.1483999622258,445.62520861375083,84.21973557746625,491.21155203209514,141.39497520748807,1167.420260362171,337.94031014033726,412.57634673345655,322.70358383678763,577.7499313408988,110.19598543167115,1167.420260362171,337.94031014033726,412.57634673345655,322.70358383678763,577.7499313408988,110.19598543167115
2026-02-23 22:00:00+00:00,377.42996,414.81,423.91,32.549988,611.25,131.14,1231.1583172753587,354.08795414571637,432.10345042033924,22.562149525909774,468.90189381880316,141.69006711010374,1167.420260362171,337.94031014033726,412.57634673345655,322.70358383678763,577.7499313408988,110.19598543167115,1167.420260362171,337.94031014033726,412.57634673345655,322.70358383678763,577.7499313408988,110.19598543167115
2026-02-23 23:00:00+00:00,363.12997,412.4,413.28,364.07,618.8,132.58,1172.093927264066,361.58255353143636,412.2498351002501,58.18766304695032,495.5569106580089,139.7234008415849,1167.420260362171,337.94031014033726,412.57634673345655,322.70358383678763,577.7499313408988,110.19598543167115,1167.420260362171,337.94031014033726,412.57634673345655,322.70358383678763,577.7499313408988,110.19598543167115
2026-02-24 00:00:00+00:00,526.37,397.08,404.74,598.37,664.59,130.33,1168.2334700456784,362.99029831345746,397.45194628044675,53.1088745114115,453.5950969861883,139.8415574982992,1167.420260362171,337.94031014033726,412.57634673345655,322.70358383678763,577.7499313408988,110.19598543167115,1167.420260362171,337.94031014033726,412.57634673345655,322.70358383678763,577.7499313408988,110.19598543167115
2026-02-24 01:00:00+00:00,859.47,394.96,397.02,293.32,652.97,129.28,1226.3603204880703,358.7916356838245,398.28791738250794,46.76191442869106,440.3359749756198,137.49933529191017,1167.420260362171,337.94031014033726,412.57634673345655,322.70358383678763,577.7499313408988,110.19598543167115,1167.420260362171,337.94031014033726,412.57634673345655,322.70358383678763,577.7499313408988,110.19598543167115
2026-02-24 02:00:00+00:00,1308.2,394.56,397.72,340.78,670.9,128.76,1528.2791645644056,360.45465327579944,399.6851918353275,40.081797625338595,411.15829828682837,137.62794486140032,1167.420260362171,337.94031014033726,412.57634673345655,322.70358383678763,577.7499313408988,110.19598543167115,1167.420260362171,337.94031014033726,412.57634673345655,322.70358383678763,577.7499313408988,110.19598543167115
2026-02-24 03:00:00+00:00,1603.33,394.45,403.67,231.94,645.47,128.73,1514.608771460614,355.63602285576843,411.78415092554235,34.45453300190195,398.7419059521044,135.78526884114166,1167.420260362171,337.94031014033726,412.57634673345655,322.70358383678763,577.7499313408988,110.19598543167115,1167.420260362171,337.94031014033726,412.57634673345655,322.70358383678763,577.7499313408988,110.19598543167115
2026-02-24 04:00:00+00:00,2264.66,396.83,418.94,394.73,655.05,127.48,1664.9395920212482,361.2835940268959,422.1469343232063,111.86447262828352,389.57654772769763,139.85228042893087,1167.420260362171,337.94031014033726,412.57634673345655,322.70358383678763,577.7499313408988,110.19598543167115,1167.420260362171,337.94031014033726,412.57634673345655,322.70358383678763,577.7499313408988,110.19598543167115
2026-02-24 05:00:00+00:00,2609.21,403.93,443.56,925.75,658.25,127.27,2215.7706271450606,357.64565759866247,438.7292120626612,487.26147276703176,468.35157681905264,115.0927446097891,1167.420260362171,337.94031014033726,412.57634673345655,322.70358383678763,577.7499313408988,110.19598543167115,1167.420260362171,337.94031014033726,412.57634673345655,322.70358383678763,577.7499313408988,110.19598543167115
2026-02-24 06:00:00+00:00,2735.72,420.24,475.75,1378.59,727.83,127.49,2611.4341954668694,383.88555756673384,466.26905122292084,1039.4932190907966,551.273800775473,117.16516779671143,1167.420260362171,337.94031014033726,412.57634673345655,322.70358383678763,577.7499313408988,110.19598543167115,1167.420260362171,337.94031014033726,412.57634673345655,322.70358383678763,577.7499313408988,110.19598543167115
2026-02-24 07:00:00+00:00,2680.61,448.73,476.7,1170.38,665.38,194.6,2493.7714526734803,414.8079117238888,470.8625573688889,1172.0793748566307,624.4123800068511,130.99520581634465,1167.420260362171,337.94031014033726,412.57634673345655,322.70358383678763,577.7499313408988,110.19598543167115,1167.420260362171,337.94031014033726,412.57634673345655,322.70358383678763,577.7499313408988,110.19598543167115
2026-02-24 08:00:00+00:00,2640.47,473.79,457.18,1043.41,652.48,140.5,2590.582929567554,413.18976838276524,463.8590411950969,927.2639214154053,597.0567148424914,134.82803563041608,1167.420260362171,337.94031014033726,412.57634673345655,322.70358383678763,577.7499313408988,110.19598543167115,1167.420260362171,337.94031014033726,412.57634673345655,322.70358383678763,577.7499313408988,110.19598543167115
2026-02-24 09:00:00+00:00,2738.06,423.29,429.93,446.33,648.6,119.74,2508.1394820517057,414.2192784457795,435.61251400657636,647.2198517461186,549.9405672341954,116.69370054213206,1167.420260362171,337.94031014033726,412.57634673345655,322.70358383678763,577.7499313408988,110.19598543167115,1167.420260362171,337.94031014033726,412.57634673345655,322.70358383678763,577.7499313408988,110.19598543167115
2026-02-24 10:00:00+00:00,2495.07,429.73,408.16,304.73,644.14,117.59,2601.6606950262503,394.06791691719025,427.1914033128225,419.04515738739565,546.2751854795827,129.50150506799602,1167.420260362171,337.94031014033726,412.57634673345655,322.70358383678763,577.7499313408988,110.19598543167115,1167.420260362171,337.94031014033726,412.57634673345655,322.70358383678763,577.7499313408988,110.19598543167115
2026-02-24 11:00:00+00:00,2126.44,432.48,398.87,73.42999,634.48,118.99,2476.679285549552,403.81155050405795,419.32515560630065,348.73973533731623,528.6292640515995,134.93713828232788,1167.420260362171,337.94031014033726,412.57634673345655,322.70358383678763,577.7499313408988,110.19598543167115,1167.420260362171,337.94031014033726,412.57634673345655,322.70358383678763,577.7499313408988,110.19598543167115
2026-02-24 12:00:00+00:00,2100.04,432.38,391.65,123.30002,630.31,117.68,2492.4702060069562,401.30038019277305,406.0939266509724,378.1091044544677,530.5609820065278,133.98688018275283,1167.420260362171,337.94031014033726,412.57634673345655,322.70358383678763,577.7499313408988,110.19598543167115,1167.420260362171,337.94031014033726,412.57634673345655,322.70358383678763,577.7499313408988,110.19598543167115
2026-02-24 13:00:00+00:00,2679.74,434.93,401.52,92.42999,630.99,135.73,2404.1765964978413,380.3758299582855,408.259225564956,393.3410379220247,493.5298240850576,130.76975256066783,1167.420260362171,337.94031014033726,412.57634673345655,322.70358383678763,577.7499313408988,110.19598543167115,1167.420260362171,337.94031014033726,412.57634673345655,322.70358383678763,577.7499313408988,110.19598543167115
2026-02-24 14:00:00+00:00,2837.77,441.35,420.55,377.22,631.55,138.99,2401.9517399579254,384.62524862542546,427.92610937632185,597.2493358495141,512.9746980787121,124.0946917760714,1167.420260362171,337.94031014033726,412.57634673345655,322.70358383678763,577.7499313408988,110.19598543167115,1167.420260362171,337.94031014033726,412.57634673345655,322.70358383678763,577.7499313408988,110.19598543167115
2026-02-24 15:00:00+00:00,2844.04,426.16,445.38,769.25,634.31,145.47,2434.0156547552942,378.6152827264648,449.8455067066319,1033.7547435363604,581.6880626159732,119.76848460152436,1167.420260362171,337.94031014033726,412.57634673345655,322.70358383678763,577.7499313408988,110.19598543167115,1167.420260362171,337.94031014033726,412.57634673345655,322.70358383678763,577.7499313408988,110.19598543167115
2026-02-24 16:00:00+00:00,2872.62,424.62,484.44,1061.44,726.0,144.68,2426.038249949236,416.32369142460095,480.9275012229102,1035.7013528113175,593.24921850824,168.74203277399732,1167.420260362171,337.94031014033726,412.57634673345655,322.70358383678763,577.7499313408988,110.19598543167115,1167.420260362171,337.94031014033726,412.57634673345655,322.70358383678763,577.7499313408988,110.19598543167115
2026-02-24 17:00:00+00:00,2862.53,407.06,499.58,1057.29,740.5,123.42,2340.6011124618494,432.053901173582,488.6262422267792,1124.8793589687232,519.710658784608,172.65516453034778,1167.420260362171,337.94031014033726,412.57634673345655,322.70358383678763,577.7499313408988,110.19598543167115,1167.420260362171,337.94031014033726,412.57634673345655,322.70358383678763,577.7499313408988,110.19598543167115
2026-02-24 18:00:00+00:00,2829.8,405.4,493.86,962.19,766.44,126.45,2313.7700935725134,415.5360717140064,489.1343265993166,1042.6181005050917,508.0471922074774,167.59247034254713,1167.420260362171,337.94031014033726,412.57634673345655,322.70358383678763,577.7499313408988,110.19598543167115,1167.420260362171,337.94031014033726,412.57634673345655,322.70358383678763,577.7499313408988,110.19598543167115
2026-02-24 19:00:00+00:00,2777.96,438.12,476.04,882.15,686.3,131.03,2201.401619378308,365.81291368391226,469.9767217729233,720.5193843543182,498.8213758424485,162.45327695997872,1167.420260362171,337.94031014033726,412.57634673345655,322.70358383678763,577.7499313408988,110.19598543167115,1167.420260362171,337.94031014033726,412.57634673345655,322.70358383678763,577.7499313408988,110.19598543167115
2026-02-24 20:00:00+00:00,2284.62,438.52,451.59,676.27,656.53,129.11,1980.8609084777145,342.50979688394466,457.6450129198301,367.7890623985997,489.11624068086144,146.24104451903153,1167.420260362171,337.94031014033726,412.57634673345655,322.70358383678763,577.7499313408988,110.19598543167115,1167.420260362171,337.94031014033726,412.57634673345655,322.70358383678763,577.7499313408988,110.19598543167115
2026-02-24 21:00:00+00:00,1768.05,441.65,440.3,931.29,709.32,131.24,1917.9323900510335,357.0218209326235,446.1281204766643,141.78866290346897,470.50093088730955,149.57209724176698,1167.420260362171,337.94031014033726,412.57634673345655,322.70358383678763,577.7499313408988,110.19598543167115,1167.420260362171,337.94031014033726,412.57634673345655,322.70358383678763,577.7499313408988,110.19598543167115
2026-02-24 22:00:00+00:00,1699.86,445.19,422.55,364.53,637.07,131.03,1930.3747538812595,364.3349093361495,428.1213485327583,148.6142044508311,462.5849166789137,140.06198810415293,1167.420260362171,337.94031014033726,412.57634673345655,322.70358383678763,577.7499313408988,110.19598543167115,1167.420260362171,337.94031014033726,412.57634673345655,322.70358383678763,577.7499313408988,110.19598543167115
2026-02-24 23:00:00+00:00,1571.56,445.32,405.09,435.58,646.04,130.82,1872.311359963769,380.2624081649085,411.53303075507387,135.53682216833656,439.8432307880332,135.04447772890572,1167.420260362171,337.94031014033726,412.57634673345655,322.70358383678763,577.7499313408988,110.19598543167115,1167.420260362171,337.94031014033726,412.57634673345655,322.70358383678763,577.7499313408988,110.19598543167115
2026-02-25 00:00:00+00:00,1569.03,444.69,402.56,160.13,633.93,133.36,1357.1442223404215,354.05483289717233,399.2148424526804,49.570787213823905,484.2024085433022,141.4343011597673,1167.420260362171,337.94031014033726,412.57634673345655,322.70358383678763,577.7499313408988,110.19598543167115,1167.420260362171,337.94031014033726,412.57634673345655,322.70358383678763,577.7499313408988,110.19598543167115
2026-02-25 01:00:00+00:00,1526.23,425.09,397.65,150.43,637.39,131.92,1462.3234416720152,356.9219798989649,398.99065191295807,54.242462738849156,474.32996272668044,141.2959406949448,1167.420260362171,337.94031014033726,412.57634673345655,322.70358383678763,577.7499313408988,110.19598543167115,1167.420260362171,337.94031014033726,412.57634673345655,322.70358383678763,577.7499313408988,110.19598543167115
2026-02-25 02:00:00+00:00,1525.02,413.57,402.14,365.25,633.6,129.41,1674.1923587163233,370.9006743935656,403.034459278903,62.66897646214841,466.9988631827812,142.7273662295616,1167.420260362171,337.94031014033726,412.57634673345655,322.70358383678763,577.7499313408988,110.19598543167115,1167.420260362171,337.94031014033726,412.57634673345655,322.70358383678763,577.7499313408988,110.19598543167115
2026-02-25 03:00:00+00:00,1628.23,413.54,412.56,608.09,711.78,128.05,1732.217569326568,368.21046045645363,406.4186523707809,83.87218799738847,486.6290702998956,145.68879950496904,1167.420260362171,337.94031014033726,412.57634673345655,322.70358383678763,577.7499313408988,110.19598543167115,1167.420260362171,337.94031014033726,412.57634673345655,322.70358383678763,577.7499313408988,110.19598543167115
2026-02-25 04:00:00+00:00,1724.49,421.02,427.32,736.58,688.16,129.17,1927.3965327724886,366.9661994489018,418.11984662236756,137.77205088599825,486.87163939055426,151.96796505296783,1167.420260362171,337.94031014033726,412.57634673345655,322.70358383678763,577.7499313408988,110.19598543167115,1167.420260362171,337.94031014033726,412.57634673345655,322.70358383678763,577.7499313408988,110.19598543167115
2026-02-25 05:00:00+00:00,1720.19,444.47,449.3,1101.45,693.5,128.8,2329.0016667581867,370.3185581805016,446.91494604370143,529.1334977066803,476.29138554545295,134.96830360477406,1167.420260362171,337.94031014033726,412.57634673345655,322.70358383678763,577.7499313408988,110.19598543167115,1167.420260362171,337.94031014033726,412.57634673345655,322.70358383678763,577.7499313408988,110.19598543167115
2026-02-25 06:00:00+00:00,1735.99,482.25,475.69,1081.12,656.87,134.17,2474.3952295311688,369.51172660850114,463.7494558770643,1000.6151030269629,563.0402111315392,123.38462129964806,1167.420260362171,337.94031014033726,412.57634673345655,322.70358383678763,577.7499313408988,110.19598543167115,1167.420260362171,337.94031014033726,412.57634673345655,322.70358383678763,577.7499313408988,110.19598543167115
2026-02-25 07:00:00+00:00,1654.01,520.03,479.02,405.85,626.46,142.09,2499.872504141058,408.54664979112846,466.27072045908307,724.7710624081494,558.2721378546443,132.1515230610897,1167.420260362171,337.94031014033726,412.57634673345655,322.70358383678763,577.7499313408988,110.19598543167115,1167.420260362171,337.94031014033726,412.57634673345655,322.70358383678763,577.7499313408988,110.19598543167115
2026-02-25 08:00:00+00:00,1035.19,442.6,469.75,558.4,628.71,143.78,2246.7958291325112,393.89974261162604,454.23588090008116,306.0099269705209,534.8305993544387,127.50025216256019,1167.420260362171,337.94031014033726,412.57634673345655,322.70358383678763,577.7499313408988,110.19598543167115,1167.420260362171,337.94031014033726,412.57634673345655,322.70358383678763,577.7499313408988,110.19598543167115
2026-02-25 09:00:00+00:00,615.89,444.26,435.98,275.6,633.12,142.37,1813.603514759022,370.5842256038419,431.0101285330806,145.48141645412971,540.5928572986762,122.00422992846953,1167.420260362171,337.94031014033726,412.57634673345655,322.70358383678763,577.7499313408988,110.19598543167115,1167.420260362171,337.94031014033726,412.57634673345655,322.70358383678763,577.7499313408988,110.19598543167115
2026-02-25 10:00:00+00:00,419.72,443.84,416.33,222.0,630.69,140.71,1141.8900668798465,357.68517054444555,407.59263979132,64.82163252114032,512.2311751631975,132.89159785895902,1167.420260362171,337.94031014033726,412.57634673345655,322.70358383678763,577.7499313408988,110.19598543167115,1167.420260362171,337.94031014033726,412.57634673345655,322.70358383678763,577.7499313408988,110.19598543167115
2026-02-25 11:00:00+00:00,403.52,401.9,403.08,91.36,630.85,138.23,967.4865820453784,333.10293123005675,393.98369842369607,58.99323336614282,481.67359765087247,120.62080467244215,1167.420260362171,337.94031014033726,412.57634673345655,322.70358383678763,577.7499313408988,110.19598543167115,1167.420260362171,337.94031014033726,412.57634673345655,322.70358383678763,577.7499313408988,110.19598543167115
2026-02-25 12:00:00+00:00,394.22,395.09,395.82,48.79001,632.22,134.5,965.3426106877857,318.8990730420442,398.5403300337884,57.97168904640483,504.6033784376392,120.03536485559547,1167.420260362171,337.94031014033726,412.57634673345655,322.70358383678763,577.7499313408988,110.19598543167115,1167.420260362171,337.94031014033726,412.57634673345655,322.70358383678763,577.7499313408988,110.19598543167115
2026-02-25 13:00:00+00:00,388.04996,416.52,406.96,97.31999,625.12,131.98,834.9934062639736,323.7203456687777,403.0139925498433,62.277812708170586,516.8692562366589,117.68458072077499,1167.420260362171,337.94031014033726,412.57634673345655,322.70358383678763,577.7499313408988,110.19598543167115,1167.420260362171,337.94031014033726,412.57634673345655,322.70358383678763,577.7499313408988,110.19598543167115
2026-02-25 14:00:00+00:00,444.99997,407.78,430.65,234.43,628.79,126.12,1139.611932642093,325.72488093524316,439.87896436400547,129.53408270851352,557.6490518713504,108.20965007855385,1167.420260362171,337.94031014033726,412.57634673345655,322.70358383678763,577.7499313408988,110.19598543167115,1167.420260362171,337.94031014033726,412.57634673345655,322.70358383678763,577.7499313408988,110.19598543167115
2026-02-25 15:00:00+00:00,721.67004,401.61,472.03,665.97,619.58,127.6,1720.491807937361,342.21267127575834,452.5148917261041,306.54040639302144,563.8444000923174,103.4496207738022,1167.420260362171,337.94031014033726,412.57634673345655,322.70358383678763,577.7499313408988,110.19598543167115,1167.420260362171,337.94031014033726,412.57634673345655,322.70358383678763,577.7499313408988,110.19598543167115
2026-02-25 16:00:00+00:00,773.26,403.18,509.23,1044.83,669.56,138.51,2173.410806533374,352.28465004435725,484.49023239200505,862.8407920389102,533.2089480408205,115.97095503728316,1167.420260362171,337.94031014033726,412.57634673345655,322.70358383678763,577.7499313408988,110.19598543167115,1167.420260362171,337.94031014033726,412.57634673345655,322.70358383678763,577.7499313408988,110.19598543167115
2026-02-25 17:00:00+00:00,767.9,403.16,516.1,871.16,694.45,237.86,2042.4509576175808,345.1645518866957,482.2509355320558,765.4381107489933,547.043216896747,121.28819669222767,1167.420260362171,337.94031014033726,412.57634673345655,322.70358383678763,577.7499313408988,110.19598543167115,1167.420260362171,337.94031014033726,412.57634673345655,322.70358383678763,577.7499313408988,110.19598543167115
2026-02-25 18:00:00+00:00,764.88,401.42,514.19,468.57,653.78,141.73,2167.47688615171,344.3144710252231,483.13591436718787,351.2714981049352,497.5179368494222,137.66967237435557,1167.420260362171,337.94031014033726,412.57634673345655,322.70358383678763,577.7499313408988,110.19598543167115,1167.420260362171,337.94031014033726,412.57634673345655,322.70358383678763,577.7499313408988,110.19598543167115
2026-02-25 19:00:00+00:00,616.28,400.35,493.76,126.600006,626.58,124.46,1940.0797675956628,346.917779846304,467.5357642705623,197.99423148975765,473.2213627371073,140.8136437414307,1167.420260362171,337.94031014033726,412.57634673345655,322.70358383678763,577.7499313408988,110.19598543167115,1167.420260362171,337.94031014033726,412.57634673345655,322.70358383678763,577.7499313408988,110.19598543167115
2026-02-25 20:00:00+00:00,544.43,404.71,471.91,71.98999,605.72,125.25,1895.7455843091518,348.46175735463885,453.706579349829,204.23189331476416,434.2597082271466,138.8152801840454,1167.420260362171,337.94031014033726,412.57634673345655,322.70358383678763,577.7499313408988,110.19598543167115,1167.420260362171,337.94031014033726,412.57634673345655,322.70358383678763,577.7499313408988,110.19598543167115
2026-02-25 21:00:00+00:00,391.54,411.22,451.99,27.459993,653.64,126.7,1973.1952240517962,358.9640484822944,440.78229183167025,131.7219043466771,417.7831216950862,144.17796199055857,1167.420260362171,337.94031014033726,412.57634673345655,322.70358383678763,577.7499313408988,110.19598543167115,1167.420260362171,337.94031014033726,412.57634673345655,322.70358383678763,577.7499313408988,110.19598543167115
2026-02-25 22:00:00+00:00,246.67996,430.02,430.89,19.660006,619.98,128.12,1847.3138616385581,362.6442646307878,432.9397117869693,102.76200053181046,414.0613217964825,142.13048996619256,1167.420260362171,337.94031014033726,412.57634673345655,322.70358383678763,577.7499313408988,110.19598543167115,1167.420260362171,337.94031014033726,412.57634673345655,322.70358383678763,577.7499313408988,110.19598543167115
2026-02-25 23:00:00+00:00,233.68002,432.08,419.97,10.720002,646.58,127.71,1855.741828239804,364.8081316867117,417.17944000435716,47.21660004711816,435.5136210403726,144.12543239187235,1167.420260362171,337.94031014033726,412.57634673345655,322.70358383678763,577.7499313408988,110.19598543167115,1167.420260362171,337.94031014033726,412.57634673345655,322.70358383678763,577.7499313408988,110.19598543167115
2026-02-26 00:00:00+00:00,212.29007,424.76,411.45,7.1900034,653.31,124.69,1836.4950107609789,376.2006239208485,403.74919155534747,17.24058624419945,444.11466470015625,147.2975148896731,1167.420260362171,337.94031014033726,412.57634673345655,322.70358383678763,577.7499313408988,110.19598543167115,1167.420260362171,337.94031014033726,412.57634673345655,322.70358383678763,577.7499313408988,110.19598543167115
2026-02-26 01:00:00+00:00,213.08005,418.74,406.86,62.630005,637.76,125.31,1771.5988418237675,382.3081257552411,402.0773718798802,21.11105050461748,439.73050898267206,145.9097539116666,1167.420260362171,337.94031014033726,412.57634673345655,322.70358383678763,577.7499313408988,110.19598543167115,1167.420260362171,337.94031014033726,412.57634673345655,322.70358383678763,577.7499313408988,110.19598543167115
2026-02-26 02:00:00+00:00,214.03,421.33,406.41,35.839996,632.06,125.35,1932.8347254165312,383.2219796496499,404.0030364610076,21.727964756101358,419.6433045835223,145.6164448749085,1167.420260362171,337.94031014033726,412.57634673345655,322.70358383678763,577.7499313408988,110.19598543167115,1167.420260362171,337.94031014033726,412.57634673345655,322.70358383678763,577.7499313408988,110.19598543167115
2026-02-26 03:00:00+00:00,218.77005,420.57,411.46,21.209993,654.89,124.5,2088.4923312100373,383.4902769481755,409.4803655733484,19.82096533457434,417.6314358794408,148.27067953411924,1167.420260362171,337.94031014033726,412.57634673345655,322.70358383678763,577.7499313408988,110.19598543167115,1167.420260362171,337.94031014033726,412.57634673345655,322.70358383678763,577.7499313408988,110.19598543167115
2026-02-26 04:00:00+00:00,258.27,430.56,424.16,108.56999,674.65,125.87,2186.297685254071,381.080493499543,423.6827598745743,85.664891144921,409.8803948753691,146.3633304149931,1167.420260362171,337.94031014033726,412.57634673345655,322.70358383678763,577.7499313408988,110.19598543167115,1167.420260362171,337.94031014033726,412.57634673345655,322.70358383678763,577.7499313408988,110.19598543167115
2026-02-26 05:00:00+00:00,373.55997,433.01,451.26,339.49,667.22,238.38,2327.019046459088,380.88684370962795,449.4712434310966,221.63697228676457,440.6667442041586,125.5600465553245,1167.420260362171,337.94031014033726,412.57634673345655,322.70358383678763,577.7499313408988,110.19598543167115,1167.420260362171,337.94031014033726,412.57634673345655,322.70358383678763,577.7499313408988,110.19598543167115
2026-02-26 06:00:00+00:00,354.30997,433.07,482.84,533.23,668.75,244.69,1920.0967424706955,364.6369944060983,463.6927490413018,655.3713867166175,584.8377299868586,134.9475341042512,1167.420260362171,337.94031014033726,412.57634673345655,322.70358383678763,577.7499313408988,110.19598543167115,1167.420260362171,337.94031014033726,412.57634673345655,322.70358383678763,577.7499313408988,110.19598543167115
2026-02-26 07:00:00+00:00,314.73996,431.92,492.41,257.07,649.83,245.04,1943.1273707229602,393.66615342349286,470.20641395219104,428.31229631993256,563.1891639507757,136.31377020749207,1167.420260362171,337.94031014033726,412.57634673345655,322.70358383678763,577.7499313408988,110.19598543167115,1167.420260362171,337.94031014033726,412.57634673345655,322.70358383678763,577.7499313408988,110.19598543167115
2026-02-26 08:00:00+00:00,328.25998,429.59,480.16,269.91,669.22,131.71,2061.500966204028,386.8649955411996,458.43354329009355,191.11622453079596,521.4031509986974,138.01329543100206,1167.420260362171,337.94031014033726,412.57634673345655,322.70358383678763,577.7499313408988,110.19598543167115,1167.420260362171,337.94031014033726,412.57634673345655,322.70358383678763,577.7499313408988,110.19598543167115
2026-02-26 09:00:00+00:00,319.11996,429.89,448.48,0.8200084,639.85,122.57,1445.7992474170014,366.95707190565963,446.27501935309954,74.70269911097844,538.9568756901692,130.47299162638723,1167.420260362171,337.94031014033726,412.57634673345655,322.70358383678763,577.7499313408988,110.19598543167115,1167.420260362171,337.94031014033726,412.57634673345655,322.70358383678763,577.7499313408988,110.19598543167115
2026-02-26 10:00:00+00:00,322.23,403.91,431.45,2.3500073,670.68,127.31,1184.8784707842447,339.02617906239,422.05497596066766,63.25635894235813,509.1348834941017,120.70351332226453,1167.420260362171,337.94031014033726,412.57634673345655,322.70358383678763,577.7499313408988,110.19598543167115,1167.420260362171,337.94031014033726,412.57634673345655,322.70358383678763,577.7499313408988,110.19598543167115
2026-02-26 11:00:00+00:00,302.43997,390.67,419.48,10.510011,679.68,126.43,936.3335738765129,323.4062379857471,413.1834107149112,26.124453764231475,466.73981046096134,112.59050430362183,1167.420260362171,337.94031014033726,412.57634673345655,322.70358383678763,577.7499313408988,110.19598543167115,1167.420260362171,337.94031014033726,412.57634673345655,322.70358383678763,577.7499313408988,110.19598543167115
2026-02-26 12:00:00+00:00,268.50998,384.23,418.96,30.500002,671.56,128.4,694.918891860236,316.9485707384475,381.2075156651162,39.4742845555113,504.31321600824293,100.10721210616296,1167.420260362171,337.94031014033726,412.57634673345655,322.70358383678763,577.7499313408988,110.19598543167115,1167.420260362171,337.94031014033726,412.57634673345655,322.70358383678763,577.7499313408988,110.19598543167115
2026-02-26 13:00:00+00:00,265.0599,385.54,419.72,0.38000596,666.6,128.29,655.8925915277783,317.1950040943905,365.8459373272745,47.43644532376203,589.0223516774947,110.83250241037359,1167.420260362171,337.94031014033726,412.57634673345655,322.70358383678763,577.7499313408988,110.19598543167115,1167.420260362171,337.94031014033726,412.57634673345655,322.70358383678763,577.7499313408988,110.19598543167115
2026-02-26 14:00:00+00:00,266.17,405.09,433.27,50.01999,698.03,128.1,737.0238877773991,321.13729488261646,379.36301764998507,97.32729485753134,627.4709098426088,112.54224109694404,1167.420260362171,337.94031014033726,412.57634673345655,322.70358383678763,577.7499313408988,110.19598543167115,1167.420260362171,337.94031014033726,412.57634673345655,322.70358383678763,577.7499313408988,110.19598543167115
2026-02-26 15:00:00+00:00,345.69998,409.45,468.98,536.69,740.67,128.63,1156.8224785453112,326.16324107238336,426.64862876190966,447.43073750494847,553.1855987576993,112.31152278741936,1167.420260362171,337.94031014033726,412.57634673345655,322.70358383678763,577.7499313408988,110.19598543167115,1167.420260362171,337.94031014033726,412.57634673345655,322.70358383678763,577.7499313408988,110.19598543167115
2026-02-26 16:00:00+00:00,420.66,411.77,502.65,1153.9398,669.09,128.95,1720.0093350908196,344.58517121974216,474.68187045049797,778.1780304058864,507.6513977002995,113.5506064682629,1167.420260362171,337.94031014033726,412.57634673345655,322.70358383678763,577.7499313408988,110.19598543167115,1167.420260362171,337.94031014033726,412.57634673345655,322.70358383678763,577.7499313408988,110.19598543167115
2026-02-26 17:00:00+00:00,550.06,411.78,512.73,1127.6599,646.51,127.25,1946.216493428604,350.80209487280536,482.84096541275164,722.3424731461948,527.0498022548908,117.88596363181856,1167.420260362171,337.94031014033726,412.57634673345655,322.70358383678763,577.7499313408988,110.19598543167115,1167.420260362171,337.94031014033726,412.57634673345655,322.70358383678763,577.7499313408988,110.19598543167115
2026-02-26 18:00:00+00:00,814.63,412.66,505.07,505.33,629.74,123.65,1631.7040109820791,344.12015321652626,470.4109347077293,282.9930200320272,485.879155155788,151.57085909896261,1167.420260362171,337.94031014033726,412.57634673345655,322.70358383678763,577.7499313408988,110.19598543167115,1167.420260362171,337.94031014033726,412.57634673345655,322.70358383678763,577.7499313408988,110.19598543167115
2026-02-26 19:00:00+00:00,845.86,413.45,486.78,166.95,624.28,122.71,1408.6462786538814,335.74039205174387,465.4773371532102,235.17929217111907,432.8365225167617,146.9814652518182,1167.420260362171,337.94031014033726,412.57634673345655,322.70358383678763,577.7499313408988,110.19598543167115,1167.420260362171,337.94031014033726,412.57634673345655,322.70358383678763,577.7499313408988,110.19598543167115
2026-02-26 20:00:00+00:00,838.71,412.43,464.03,60.880005,612.07,120.01,1243.3945820521471,330.97973985524754,442.32091609166076,232.22454070026927,455.49942222255714,139.7480287992563,1167.420260362171,337.94031014033726,412.57634673345655,322.70358383678763,577.7499313408988,110.19598543167115,1167.420260362171,337.94031014033726,412.57634673345655,322.70358383678763,577.7499313408988,110.19598543167115
2026-02-26 21:00:00+00:00,726.63,413.09,447.05,19.589998,613.11,123.17,1479.7894467267877,351.94485582778344,435.66041610644254,184.15950424851994,493.49283161386296,140.12690946748566,1167.420260362171,337.94031014033726,412.57634673345655,322.70358383678763,577.7499313408988,110.19598543167115,1167.420260362171,337.94031014033726,412.57634673345655,322.70358383678763,577.7499313408988,110.19598543167115
2026-02-26 22:00:00+00:00,818.83,431.87,431.41,2.049989,604.74,129.4,1410.678831003557,348.7003029215129,419.5664074112541,139.71449094364118,489.1746296893183,141.74045536126243,1167.420260362171,337.94031014033726,412.57634673345655,322.70358383678763,577.7499313408988,110.19598543167115,1167.420260362171,337.94031014033726,412.57634673345655,322.70358383678763,577.7499313408988,110.19598543167115
2026-02-26 23:00:00+00:00,820.71,403.73,419.4,125.75,604.23,137.79,1400.2633149228163,351.59383916236516,398.0401084307429,112.19361190554957,443.0994063502893,142.350375762601,1167.420260362171,337.94031014033726,412.57634673345655,322.70358383678763,577.7499313408988,110.19598543167115,1167.420260362171,337.94031014033726,412.57634673345655,322.70358383678763,577.7499313408988,110.19598543167115
2026-02-27 00:00:00+00:00,666.19,344.5,412.76,84.84999,612.52,128.09,1201.2179692896989,356.3756077950432,383.9978358090285,106.17642688098749,439.1543949126567,143.66094324968742,1167.420260362171,337.94031014033726,412.57634673345655,322.70358383678763,577.7499313408988,110.19598543167115,1167.420260362171,337.94031014033726,412.57634673345655,322.70358383678763,577.7499313408988,110.19598543167115
2026-02-27 01:00:00+00:00,655.27,344.81,410.73,15.109986,592.92,128.82,1190.6575747796533,345.37065360406,387.82718697797424,79.11069343845128,453.1989406846343,144.53252602010747,1167.420260362171,337.94031014033726,412.57634673345655,322.70358383678763,577.7499313408988,110.19598543167115,1167.420260362171,337.94031014033726,412.57634673345655,322.70358383678763,577.7499313408988,110.19598543167115
2026-02-27 02:00:00+00:00,651.8,344.46,413.63,4.6700144,596.46,129.08,1368.990514732765,363.27743847964274,390.4813647443574,48.65506963360258,453.2850416687444,146.7298460695223,1167.420260362171,337.94031014033726,412.57634673345655,322.70358383678763,577.7499313408988,110.19598543167115,1167.420260362171,337.94031014033726,412.57634673345655,322.70358383678763,577.7499313408988,110.19598543167115
2026-02-27 03:00:00+00:00,703.7,344.48,423.37,25.100008,591.31,126.37,1549.3851332945628,366.7525998821041,405.2694223489603,57.3247904686354,449.59526188862156,146.63728518530445,1167.420260362171,337.94031014033726,412.57634673345655,322.70358383678763,577.7499313408988,110.19598543167115,1167.420260362171,337.94031014033726,412.57634673345655,322.70358383678763,577.7499313408988,110.19598543167115
2026-02-27 04:00:00+00:00,1033.04,344.78,435.75,62.450012,606.58,125.3,1945.5001029062455,371.83300232936125,418.2853958010808,93.1537153729063,425.8175447180486,148.3184545337404,1167.420260362171,337.94031014033726,412.57634673345655,322.70358383678763,577.7499313408988,110.19598543167115,1167.420260362171,337.94031014033726,412.57634673345655,322.70358383678763,577.7499313408988,110.19598543167115
2026-02-27 05:00:00+00:00,1224.61,363.2,468.43,202.29,596.59,123.88,2212.4466084699307,403.59824132661566,453.3690519965081,173.6852776447957,403.91764291635764,131.20952984143662,1167.420260362171,337.94031014033726,412.57634673345655,322.70358383678763,577.7499313408988,110.19598543167115,1167.420260362171,337.94031014033726,412.57634673345655,322.70358383678763,577.7499313408988,110.19598543167115
2026-02-27 06:00:00+00:00,1057.58,374.1,505.49,457.08,583.35,127.54,1581.9745324073283,398.14257329118044,473.4515091457609,688.9704384334195,501.40360591177523,137.05441756885423,1167.420260362171,337.94031014033726,412.57634673345655,322.70358383678763,577.7499313408988,110.19598543167115,1167.420260362171,337.94031014033726,412.57634673345655,322.70358383678763,577.7499313408988,110.19598543167115
2026-02-27 07:00:00+00:00,728.16,374.62,509.21,177.15,605.34,132.41,1643.78236509427,414.23750576780446,477.29600283876897,447.54114307979074,504.2149704646555,140.21191846375405,1167.420260362171,337.94031014033726,412.57634673345655,322.70358383678763,577.7499313408988,110.19598543167115,1167.420260362171,337.94031014033726,412.57634673345655,322.70358383678763,577.7499313408988,110.19598543167115
2026-02-27 08:00:00+00:00,618.42,368.39,492.07,4.119996,615.13,138.11,1006.5104187932955,381.8913000659964,444.64289615349924,154.23621530790896,513.5920602123751,134.0107588317365,1167.420260362171,337.94031014033726,412.57634673345655,322.70358383678763,577.7499313408988,110.19598543167115,1167.420260362171,337.94031014033726,412.57634673345655,322.70358383678763,577.7499313408988,110.19598543167115
2026-02-27 09:00:00+00:00,260.48996,364.82,458.17,11.000001,627.61,138.58,808.1391584129369,347.32473176938817,420.0245952269932,40.07578217042834,492.16222762539667,132.02664905878214,1167.420260362171,337.94031014033726,412.57634673345655,322.70358383678763,577.7499313408988,110.19598543167115,1167.420260362171,337.94031014033726,412.57634673345655,322.70358383678763,577.7499313408988,110.19598543167115
2026-02-27 10:00:00+00:00,251.29001,363.99,437.17,0.14999497,629.08,141.15,673.842039072906,324.9381241495668,391.8339818037735,28.029799540328327,435.00053653199257,117.98176492666205,1167.420260362171,337.94031014033726,412.57634673345655,322.70358383678763,577.7499313408988,110.19598543167115,1167.420260362171,337.94031014033726,412.57634673345655,322.70358383678763,577.7499313408988,110.19598543167115
2026-02-27 11:00:00+00:00,244.80997,355.35,426.34,29.56,626.84,141.28,633.0511334393154,323.25997756296283,377.1349865891333,43.282567976613905,490.9750342293207,118.7640456114393,1167.420260362171,337.94031014033726,412.57634673345655,322.70358383678763,577.7499313408988,110.19598543167115,1167.420260362171,337.94031014033726,412.57634673345655,322.70358383678763,577.7499313408988,110.19598543167115
2026-02-27 12:00:00+00:00,246.98001,345.74,425.81,18.660006,629.1,142.3,481.9885807564549,316.9945027680237,359.41535115770154,42.892347868632896,507.83944009165066,122.73302235891826,1167.420260362171,337.94031014033726,412.57634673345655,322.70358383678763,577.7499313408988,110.19598543167115,1167.420260362171,337.94031014033726,412.57634673345655,322.70358383678763,577.7499313408988,110.19598543167115
2026-02-27 13:00:00+00:00,246.66995,350.48,433.81,9.600007,636.49,143.63,450.85865200140665,316.28698033600983,367.2661146534658,59.65746060577334,557.9993561736553,132.02441826578834,1167.420260362171,337.94031014033726,412.57634673345655,322.70358383678763,577.7499313408988,110.19598543167115,1167.420260362171,337.94031014033726,412.57634673345655,322.70358383678763,577.7499313408988,110.19598543167115
2026-02-27 14:00:00+00:00,268.15005,372.39,448.89,3.5700085,635.53,137.82,448.1395412324904,318.0046021467264,373.06640932271523,72.96416287999375,554.5642312393685,125.51631375847458,1167.420260362171,337.94031014033726,412.57634673345655,322.70358383678763,577.7499313408988,110.19598543167115,1167.420260362171,337.94031014033726,412.57634673345655,322.70358383678763,577.7499313408988,110.19598543167115
2026-02-27 15:00:00+00:00,324.44998,387.94,485.38,659.38,698.77,133.64,761.4135329506589,320.81916253478585,407.0320593417898,388.2878406489393,547.5669667315744,124.18411998569847,1167.420260362171,337.94031014033726,412.57634673345655,322.70358383678763,577.7499313408988,110.19598543167115,1167.420260362171,337.94031014033726,412.57634673345655,322.70358383678763,577.7499313408988,110.19598543167115
2026-02-27 16:00:00+00:00,454.85,401.63,511.76,1037.14,616.73,133.83,1300.3456802060614,355.39036227904097,477.39664989363223,815.9688581981904,513.4102038718411,123.4486763259664,1167.420260362171,337.94031014033726,412.57634673345655,322.70358383678763,577.7499313408988,110.19598543167115,1167.420260362171,337.94031014033726,412.57634673345655,322.70358383678763,577.7499313408988,110.19598543167115
2026-02-27 17:00:00+00:00,464.59,429.07,517.22,720.94,597.7,137.01,1758.8871544650078,341.6614884483073,471.1400016674782,768.7659340333973,547.1386708871744,118.49164880423567,1167.420260362171,337.94031014033726,412.57634673345655,322.70358383678763,577.7499313408988,110.19598543167115,1167.420260362171,337.94031014033726,412.57634673345655,322.70358383678763,577.7499313408988,110.19598543167115
2026-02-27 18:00:00+00:00,386.78,430.89,515.86,765.74,601.49,135.68,1748.2893202924822,354.31893303045416,464.2928268263013,438.9394385393012,553.0378617745382,147.56306275505995,1167.420260362171,337.94031014033726,412.57634673345655,322.70358383678763,577.7499313408988,110.19598543167115,1167.420260362171,337.94031014033726,412.57634673345655,322.70358383678763,577.7499313408988,110.19598543167115
2026-02-27 19:00:00+00:00,378.92996,431.73,499.09,703.48,591.23,137.12,1336.8959203096342,344.3352994187404,456.2669357707698,367.3797984919292,540.6789159282534,146.35988941661958,1167.420260362171,337.94031014033726,412.57634673345655,322.70358383678763,577.7499313408988,110.19598543167115,1167.420260362171,337.94031014033726,412.57634673345655,322.70358383678763,577.7499313408988,110.19598543167115
2026-02-27 20:00:00+00:00,297.50998,432.93,476.55,456.16,579.69,136.47,883.0348265130685,335.2151216055605,429.04904301793346,335.1062166358455,538.3452894711914,140.48916764308447,1167.420260362171,337.94031014033726,412.57634673345655,322.70358383678763,577.7499313408988,110.19598543167115,1167.420260362171,337.94031014033726,412.57634673345655,322.70358383678763,577.7499313408988,110.19598543167115
2026-02-27 21:00:00+00:00,251.51999,413.49,458.1,516.53,583.67,131.38,735.0738253045547,331.24998099503864,415.0805043502769,276.81175942630017,551.3119476744686,140.08539480643563,1167.420260362171,337.94031014033726,412.57634673345655,322.70358383678763,577.7499313408988,110.19598543167115,1167.420260362171,337.94031014033726,412.57634673345655,322.70358383678763,577.7499313408988,110.19598543167115
2026-02-27 22:00:00+00:00,225.65005,404.31,438.43,372.19,581.09,131.24,714.7684070083808,334.5581152412681,399.5874980835445,176.03837524875377,456.7823818058872,139.4005335359679,1167.420260362171,337.94031014033726,412.57634673345655,322.70358383678763,577.7499313408988,110.19598543167115,1167.420260362171,337.94031014033726,412.57634673345655,322.70358383678763,577.7499313408988,110.19598543167115
2026-02-27 23:00:00+00:00,215.00998,405.85,427.6,350.72,580.19,133.2,574.628810762709,340.9205658849111,385.0310439075752,142.0298018097963,501.88628069934487,136.78536047035436,1167.420260362171,337.94031014033726,412.57634673345655,322.70358383678763,577.7499313408988,110.19598543167115,1167.420260362171,337.94031014033726,412.57634673345655,322.70358383678763,577.7499313408988,110.19598543167115
