date,hard_coal_50hz_actual,lignite_50hz_actual,gas_50hz_actual,biomass_50hz_actual,pumped_storage_50hz_actual,hydro_50hz_actual,other_conv_50hz_actual,hard_coal_50hz_fitted,lignite_50hz_fitted,gas_50hz_fitted,biomass_50hz_fitted,pumped_storage_50hz_fitted,hydro_50hz_fitted,other_conv_50hz_fitted,hard_coal_50hz_lower,lignite_50hz_lower,gas_50hz_lower,biomass_50hz_lower,pumped_storage_50hz_lower,hydro_50hz_lower,other_conv_50hz_lower,hard_coal_50hz_upper,lignite_50hz_upper,gas_50hz_upper,biomass_50hz_upper,pumped_storage_50hz_upper,hydro_50hz_upper,other_conv_50hz_upper
2026-01-24 00:00:00+00:00,1133.54,4713.77,3863.35,1029.76,-5.431801e-06,120.56,1027.88,1028.7700983924958,5918.978835781706,3780.2780526819697,974.5566817457964,41.415224472023624,117.87123455387895,743.5397025853964,485.40961665471394,4427.640215661185,1769.5389932032995,988.6486797514416,408.8096869510114,116.93271488280523,711.2412697147188,485.40961665471394,4427.640215661185,1769.5389932032995,988.6486797514416,408.8096869510114,116.93271488280523,711.2412697147188
2026-01-24 01:00:00+00:00,1132.55,4451.55,3808.48,1040.11,-5.431801e-06,121.77,1021.79,1031.487786955935,5916.733483805105,3806.4103612626996,977.2737642818197,46.502623229972016,121.47211724956675,737.8366704240043,485.40961665471394,4427.640215661185,1769.5389932032995,988.6486797514416,408.8096869510114,116.93271488280523,711.2412697147188,485.40961665471394,4427.640215661185,1769.5389932032995,988.6486797514416,408.8096869510114,116.93271488280523,711.2412697147188
2026-01-24 02:00:00+00:00,1132.96,4431.28,3802.45,1038.58,-5.431801e-06,121.58,1029.4,1015.7987015280667,5907.109039654586,3735.757529111683,978.6757435199033,23.045805093491538,121.88968678672023,763.5319276420834,485.40961665471394,4427.640215661185,1769.5389932032995,988.6486797514416,408.8096869510114,116.93271488280523,711.2412697147188,485.40961665471394,4427.640215661185,1769.5389932032995,988.6486797514416,408.8096869510114,116.93271488280523,711.2412697147188
2026-01-24 03:00:00+00:00,1129.07,4477.25,3836.81,1038.9,-5.431801e-06,121.62,1022.11,995.6542344225084,5824.62393275964,3712.2529979712594,987.6833270294011,32.833348702983926,122.39138790323523,769.8586799074458,485.40961665471394,4427.640215661185,1769.5389932032995,988.6486797514416,408.8096869510114,116.93271488280523,711.2412697147188,485.40961665471394,4427.640215661185,1769.5389932032995,988.6486797514416,408.8096869510114,116.93271488280523,711.2412697147188
2026-01-24 04:00:00+00:00,1126.55,4630.12,3823.58,1048.05,-5.431801e-06,122.7,1029.53,952.3909040369718,5696.870292829455,3805.957283669441,975.7760239359139,80.43007082054385,116.74293987752522,836.7418831642458,485.40961665471394,4427.640215661185,1769.5389932032995,988.6486797514416,408.8096869510114,116.93271488280523,711.2412697147188,485.40961665471394,4427.640215661185,1769.5389932032995,988.6486797514416,408.8096869510114,116.93271488280523,711.2412697147188
2026-01-24 05:00:00+00:00,1127.69,4618.09,3786.08,1050.33,-5.431801e-06,122.96,1031.11,911.1793943462785,5652.694996155733,3781.1001495040273,948.6679785043098,143.63179641267072,115.84399113899306,840.3130763246015,485.40961665471394,4427.640215661185,1769.5389932032995,988.6486797514416,408.8096869510114,116.93271488280523,711.2412697147188,485.40961665471394,4427.640215661185,1769.5389932032995,988.6486797514416,408.8096869510114,116.93271488280523,711.2412697147188
2026-01-24 06:00:00+00:00,1131.94,4830.18,3877.44,1056.9,76.46999,123.73,1030.61,945.5297480164554,5934.207701656058,3949.725882150851,948.8727260792464,182.9759927882153,113.07391201325987,844.3841644408253,485.40961665471394,4427.640215661185,1769.5389932032995,988.6486797514416,408.8096869510114,116.93271488280523,711.2412697147188,485.40961665471394,4427.640215661185,1769.5389932032995,988.6486797514416,408.8096869510114,116.93271488280523,711.2412697147188
2026-01-24 07:00:00+00:00,1131.42,5176.02,3998.75,1061.24,182.54,124.25,1034.9,868.3592652500885,5875.0913530025255,3715.4420119590695,908.5373043072071,621.102692434878,108.86507268935368,895.0990495433886,485.40961665471394,4427.640215661185,1769.5389932032995,988.6486797514416,408.8096869510114,116.93271488280523,711.2412697147188,485.40961665471394,4427.640215661185,1769.5389932032995,988.6486797514416,408.8096869510114,116.93271488280523,711.2412697147188
2026-01-24 08:00:00+00:00,1130.5,5241.71,4005.07,1051.13,284.55,123.07,1030.99,880.405122979708,5665.519019692224,3842.507109357034,938.3506188825116,545.8002808444193,109.6123995579569,914.2552681528275,485.40961665471394,4427.640215661185,1769.5389932032995,988.6486797514416,408.8096869510114,116.93271488280523,711.2412697147188,485.40961665471394,4427.640215661185,1769.5389932032995,988.6486797514416,408.8096869510114,116.93271488280523,711.2412697147188
2026-01-24 09:00:00+00:00,1133.01,5164.36,3986.75,1052.31,227.41,123.2,1017.55,912.0473773680601,6097.992343061782,3770.5980735541207,934.9008516469518,238.92330719740733,110.04902870708823,870.6384903245329,485.40961665471394,4427.640215661185,1769.5389932032995,988.6486797514416,408.8096869510114,116.93271488280523,711.2412697147188,485.40961665471394,4427.640215661185,1769.5389932032995,988.6486797514416,408.8096869510114,116.93271488280523,711.2412697147188
2026-01-24 10:00:00+00:00,1136.08,4892.6,3882.76,1047.1,157.74,122.59,1017.21,951.9126426177127,6170.055866054945,3761.438428217833,966.9184707371626,140.31700901555058,114.29885681567043,852.8667199148296,485.40961665471394,4427.640215661185,1769.5389932032995,988.6486797514416,408.8096869510114,116.93271488280523,711.2412697147188,485.40961665471394,4427.640215661185,1769.5389932032995,988.6486797514416,408.8096869510114,116.93271488280523,711.2412697147188
2026-01-24 11:00:00+00:00,1053.08,4898.5,3772.28,1045.51,93.89999,122.4,1029.83,988.3170354150534,6466.09504562771,3560.9985331340267,921.7040987414839,17.52564003279906,110.31460100480811,857.0448102361079,485.40961665471394,4427.640215661185,1769.5389932032995,988.6486797514416,408.8096869510114,116.93271488280523,711.2412697147188,485.40961665471394,4427.640215661185,1769.5389932032995,988.6486797514416,408.8096869510114,116.93271488280523,711.2412697147188
2026-01-24 12:00:00+00:00,1117.58,4903.13,3822.02,1038.78,76.420006,121.61,1024.92,960.3918270190288,6700.678940094368,3556.530406486568,934.0709209159016,21.705054619170994,113.46750607213953,840.4024589548915,485.40961665471394,4427.640215661185,1769.5389932032995,988.6486797514416,408.8096869510114,116.93271488280523,711.2412697147188,485.40961665471394,4427.640215661185,1769.5389932032995,988.6486797514416,408.8096869510114,116.93271488280523,711.2412697147188
2026-01-24 13:00:00+00:00,1132.61,4955.26,3773.31,1040.76,128.42001,121.85,1026.46,1042.0996757900039,6633.351896288674,3560.7422674264667,945.277851426168,39.79529549377685,112.40047688690315,852.502919149155,485.40961665471394,4427.640215661185,1769.5389932032995,988.6486797514416,408.8096869510114,116.93271488280523,711.2412697147188,485.40961665471394,4427.640215661185,1769.5389932032995,988.6486797514416,408.8096869510114,116.93271488280523,711.2412697147188
2026-01-24 14:00:00+00:00,1132.72,5233.09,3978.47,1037.75,443.2,121.5,1027.13,1068.9859044626535,6581.077594749133,3688.4458306805436,957.641547927245,238.7941700294496,107.30669819970211,866.2828087718292,485.40961665471394,4427.640215661185,1769.5389932032995,988.6486797514416,408.8096869510114,116.93271488280523,711.2412697147188,485.40961665471394,4427.640215661185,1769.5389932032995,988.6486797514416,408.8096869510114,116.93271488280523,711.2412697147188
2026-01-24 15:00:00+00:00,1128.89,5330.25,4104.29,1072.12,991.16,137.34,1032.92,1060.4864993512654,6610.614462214366,3860.4152892345373,1028.3123637893843,886.3739837289851,123.78736405887042,861.615147687578,485.40961665471394,4427.640215661185,1769.5389932032995,988.6486797514416,408.8096869510114,116.93271488280523,711.2412697147188,485.40961665471394,4427.640215661185,1769.5389932032995,988.6486797514416,408.8096869510114,116.93271488280523,711.2412697147188
2026-01-24 16:00:00+00:00,1131.29,5319.2,4198.09,1068.65,1359.05,149.27,1042.19,1003.5943964950061,6354.118613610142,4107.116959854386,1037.206993812817,1204.9999441726247,125.74459179852639,854.0038301864079,485.40961665471394,4427.640215661185,1769.5389932032995,988.6486797514416,408.8096869510114,116.93271488280523,711.2412697147188,485.40961665471394,4427.640215661185,1769.5389932032995,988.6486797514416,408.8096869510114,116.93271488280523,711.2412697147188
2026-01-24 17:00:00+00:00,1134.75,5295.43,4197.12,1069.36,1265.13,137.67,1041.18,1080.8951596654158,6275.321023033363,4265.4926707777995,1047.5487257111558,1076.4522505170912,125.49128562104222,792.5353740303996,485.40961665471394,4427.640215661185,1769.5389932032995,988.6486797514416,408.8096869510114,116.93271488280523,711.2412697147188,485.40961665471394,4427.640215661185,1769.5389932032995,988.6486797514416,408.8096869510114,116.93271488280523,711.2412697147188
2026-01-24 18:00:00+00:00,1134.49,5306.42,4177.77,1078.57,864.91,126.29,1041.06,1078.5397116544373,5966.0714716890925,4144.300310340872,1055.022854292793,921.6388452844147,126.3056347919387,792.3470595351841,485.40961665471394,4427.640215661185,1769.5389932032995,988.6486797514416,408.8096869510114,116.93271488280523,711.2412697147188,485.40961665471394,4427.640215661185,1769.5389932032995,988.6486797514416,408.8096869510114,116.93271488280523,711.2412697147188
2026-01-24 19:00:00+00:00,1136.04,5324.25,4136.61,1087.33,239.09,127.3,1026.39,1081.447316139611,5936.999400435178,4023.0966379309143,1038.941757000161,378.30360666452214,119.28727612878785,753.6037644483824,485.40961665471394,4427.640215661185,1769.5389932032995,988.6486797514416,408.8096869510114,116.93271488280523,711.2412697147188,485.40961665471394,4427.640215661185,1769.5389932032995,988.6486797514416,408.8096869510114,116.93271488280523,711.2412697147188
2026-01-24 20:00:00+00:00,1134.35,5403.11,4074.15,1048.23,106.64999,122.73,1038.41,1024.5247556178908,5809.248439652898,3836.476517355694,1016.8491029878788,259.6772909310316,112.58010797284604,803.0251379054926,485.40961665471394,4427.640215661185,1769.5389932032995,988.6486797514416,408.8096869510114,116.93271488280523,711.2412697147188,485.40961665471394,4427.640215661185,1769.5389932032995,988.6486797514416,408.8096869510114,116.93271488280523,711.2412697147188
2026-01-24 21:00:00+00:00,1118.93,5522.56,3934.82,1043.75,115.98998,122.2,1029.81,1013.699192577352,5899.424847679095,3699.0101354644216,990.4538047388454,69.026800752631,119.2879240440646,803.0620229516617,485.40961665471394,4427.640215661185,1769.5389932032995,988.6486797514416,408.8096869510114,116.93271488280523,711.2412697147188,485.40961665471394,4427.640215661185,1769.5389932032995,988.6486797514416,408.8096869510114,116.93271488280523,711.2412697147188
2026-01-24 22:00:00+00:00,1123.29,5535.05,3832.48,1031.39,50.249996,120.75,1020.84,977.8854179643604,5871.028717320274,3542.940493874864,976.9606736543312,74.49102032107618,116.88409048547875,809.1101329356734,485.40961665471394,4427.640215661185,1769.5389932032995,988.6486797514416,408.8096869510114,116.93271488280523,711.2412697147188,485.40961665471394,4427.640215661185,1769.5389932032995,988.6486797514416,408.8096869510114,116.93271488280523,711.2412697147188
2026-01-24 23:00:00+00:00,1113.55,5461.42,3860.2,1029.68,0.8900092,120.56,702.55,962.8507413802872,5723.729308918805,3525.9678470869167,965.3431478967341,45.88509705095515,116.66428824338458,807.349964966426,485.40961665471394,4427.640215661185,1769.5389932032995,988.6486797514416,408.8096869510114,116.93271488280523,711.2412697147188,485.40961665471394,4427.640215661185,1769.5389932032995,988.6486797514416,408.8096869510114,116.93271488280523,711.2412697147188
2026-01-25 00:00:00+00:00,1084.83,5131.97,3883.45,1030.55,-5.431801e-06,120.66,710.26,907.5127263518141,6015.725545763125,3515.6289659711283,951.9414024789417,67.12700548250928,112.98673156479848,846.2240198550611,485.40961665471394,4427.640215661185,1769.5389932032995,988.6486797514416,408.8096869510114,116.93271488280523,711.2412697147188,485.40961665471394,4427.640215661185,1769.5389932032995,988.6486797514416,408.8096869510114,116.93271488280523,711.2412697147188
2026-01-25 01:00:00+00:00,1132.38,5005.17,3856.31,1030.69,-5.431801e-06,120.67,701.54,804.4972295327308,5561.7550505311865,3435.1272495566454,937.475891346393,32.196345017537,112.89005136890671,848.9314370298366,485.40961665471394,4427.640215661185,1769.5389932032995,988.6486797514416,408.8096869510114,116.93271488280523,711.2412697147188,485.40961665471394,4427.640215661185,1769.5389932032995,988.6486797514416,408.8096869510114,116.93271488280523,711.2412697147188
2026-01-25 02:00:00+00:00,1129.49,5091.53,3827.45,1030.72,-5.431801e-06,120.67,708.27,830.4527634296816,5698.847501857017,3494.8530925689,932.2521778177016,20.84398274986546,113.75107786284836,836.4215034191914,485.40961665471394,4427.640215661185,1769.5389932032995,988.6486797514416,408.8096869510114,116.93271488280523,711.2412697147188,485.40961665471394,4427.640215661185,1769.5389932032995,988.6486797514416,408.8096869510114,116.93271488280523,711.2412697147188
2026-01-25 03:00:00+00:00,1130.79,5320.83,3832.12,1027.65,-5.431801e-06,120.31,701.34,993.6983412726165,5726.432444214247,3466.593956320819,953.6432855290955,58.11679824181181,115.08005023051038,817.3761231875213,485.40961665471394,4427.640215661185,1769.5389932032995,988.6486797514416,408.8096869510114,116.93271488280523,711.2412697147188,485.40961665471394,4427.640215661185,1769.5389932032995,988.6486797514416,408.8096869510114,116.93271488280523,711.2412697147188
2026-01-25 04:00:00+00:00,1127.85,5391.06,3842.93,1031.42,-5.431801e-06,120.76,699.22,939.6438428625324,5731.171799693202,3490.3549236017643,948.0982299229596,21.24958390175169,111.5523963670514,796.6053991216487,485.40961665471394,4427.640215661185,1769.5389932032995,988.6486797514416,408.8096869510114,116.93271488280523,711.2412697147188,485.40961665471394,4427.640215661185,1769.5389932032995,988.6486797514416,408.8096869510114,116.93271488280523,711.2412697147188
2026-01-25 05:00:00+00:00,1124.72,5414.7,3880.86,1035.98,-5.431801e-06,121.28,705.77,1007.8818226284573,5781.505093895594,3484.9711755919093,965.2899674667714,34.90057487792831,113.21560048682683,767.0606199193218,485.40961665471394,4427.640215661185,1769.5389932032995,988.6486797514416,408.8096869510114,116.93271488280523,711.2412697147188,485.40961665471394,4427.640215661185,1769.5389932032995,988.6486797514416,408.8096869510114,116.93271488280523,711.2412697147188
2026-01-25 06:00:00+00:00,1126.1,5638.53,3944.62,1030.96,-5.431801e-06,120.7,706.92,1020.2579969440653,5788.094417181991,3534.7559788929348,959.7571275599302,84.06572441854348,114.64906474518324,806.7407089910889,485.40961665471394,4427.640215661185,1769.5389932032995,988.6486797514416,408.8096869510114,116.93271488280523,711.2412697147188,485.40961665471394,4427.640215661185,1769.5389932032995,988.6486797514416,408.8096869510114,116.93271488280523,711.2412697147188
2026-01-25 07:00:00+00:00,1127.54,6077.01,3989.32,1031.04,0.08999091,120.72,709.51,899.7703348613877,5895.319913480429,3376.7465037942366,964.222476456301,541.7962820801738,113.80870514747984,886.426925927047,485.40961665471394,4427.640215661185,1769.5389932032995,988.6486797514416,408.8096869510114,116.93271488280523,711.2412697147188,485.40961665471394,4427.640215661185,1769.5389932032995,988.6486797514416,408.8096869510114,116.93271488280523,711.2412697147188
2026-01-25 08:00:00+00:00,1130.92,6220.25,3997.52,1034.9,-5.431801e-06,121.18,715.92,920.888428429864,6015.225871603268,3506.13127098552,976.8432353999552,468.98789982397216,118.01266489066163,855.2164717677675,485.40961665471394,4427.640215661185,1769.5389932032995,988.6486797514416,408.8096869510114,116.93271488280523,711.2412697147188,485.40961665471394,4427.640215661185,1769.5389932032995,988.6486797514416,408.8096869510114,116.93271488280523,711.2412697147188
2026-01-25 09:00:00+00:00,1132.77,6358.44,4010.32,1042.31,-5.431801e-06,122.04,703.25,977.0288214509335,6303.424810484414,3628.418842159387,1017.0373756488344,329.7538878487778,119.8399365356733,866.7536258354623,485.40961665471394,4427.640215661185,1769.5389932032995,988.6486797514416,408.8096869510114,116.93271488280523,711.2412697147188,485.40961665471394,4427.640215661185,1769.5389932032995,988.6486797514416,408.8096869510114,116.93271488280523,711.2412697147188
2026-01-25 10:00:00+00:00,1132.39,6395.21,3992.78,1042.63,0.04003363,122.07,709.91,946.8977698065969,6241.693842004769,3588.480542680535,1010.0783583330831,189.08052381584093,119.83801126647003,863.2177930614017,485.40961665471394,4427.640215661185,1769.5389932032995,988.6486797514416,408.8096869510114,116.93271488280523,711.2412697147188,485.40961665471394,4427.640215661185,1769.5389932032995,988.6486797514416,408.8096869510114,116.93271488280523,711.2412697147188
2026-01-25 11:00:00+00:00,1155.27,6181.27,3989.07,1037.53,-5.431801e-06,121.48,711.93,989.9110680890594,6343.817118749429,3554.872533446731,988.8550293975482,98.41195471927256,118.17904555800735,864.1711828156538,485.40961665471394,4427.640215661185,1769.5389932032995,988.6486797514416,408.8096869510114,116.93271488280523,711.2412697147188,485.40961665471394,4427.640215661185,1769.5389932032995,988.6486797514416,408.8096869510114,116.93271488280523,711.2412697147188
2026-01-25 12:00:00+00:00,1175.63,6188.65,3988.57,1044.47,-5.431801e-06,122.28,710.12,970.7116660695333,6335.63798487595,3611.2170635626435,947.6940636109005,151.0734827680049,112.20717767082324,863.7328691653664,485.40961665471394,4427.640215661185,1769.5389932032995,988.6486797514416,408.8096869510114,116.93271488280523,711.2412697147188,485.40961665471394,4427.640215661185,1769.5389932032995,988.6486797514416,408.8096869510114,116.93271488280523,711.2412697147188
2026-01-25 13:00:00+00:00,1181.31,6271.59,4019.16,1047.64,-5.431801e-06,122.66,714.56,977.5489541876763,6527.458577235655,3573.51503454056,934.3036420746879,190.5962080979786,112.59098124629105,870.0424525439605,485.40961665471394,4427.640215661185,1769.5389932032995,988.6486797514416,408.8096869510114,116.93271488280523,711.2412697147188,485.40961665471394,4427.640215661185,1769.5389932032995,988.6486797514416,408.8096869510114,116.93271488280523,711.2412697147188
2026-01-25 14:00:00+00:00,1177.52,6689.62,4039.6,1043.59,0.020044617,122.18,705.24,962.4616120559459,6601.355345696568,3664.432214331108,958.8848870056012,454.6593596222283,116.12361660566529,851.1994433614852,485.40961665471394,4427.640215661185,1769.5389932032995,988.6486797514416,408.8096869510114,116.93271488280523,711.2412697147188,485.40961665471394,4427.640215661185,1769.5389932032995,988.6486797514416,408.8096869510114,116.93271488280523,711.2412697147188
2026-01-25 15:00:00+00:00,1185.09,6840.08,4136.34,1080.71,204.24,126.53,711.34,1007.793230373559,6672.933300321265,3655.172062487563,1018.1593949284328,742.1038909448835,127.00764738456223,843.8715605176096,485.40961665471394,4427.640215661185,1769.5389932032995,988.6486797514416,408.8096869510114,116.93271488280523,711.2412697147188,485.40961665471394,4427.640215661185,1769.5389932032995,988.6486797514416,408.8096869510114,116.93271488280523,711.2412697147188
2026-01-25 16:00:00+00:00,1189.76,6836.75,4215.28,1082.32,834.63,126.72,714.29,1033.8869917692637,6408.2200619088035,3847.6410469209563,1030.5179325919537,953.8054064881358,128.22117946687473,844.9320014145662,485.40961665471394,4427.640215661185,1769.5389932032995,988.6486797514416,408.8096869510114,116.93271488280523,711.2412697147188,485.40961665471394,4427.640215661185,1769.5389932032995,988.6486797514416,408.8096869510114,116.93271488280523,711.2412697147188
2026-01-25 17:00:00+00:00,1194.61,6834.08,4221.24,1086.71,1198.0898,127.22,720.89,1074.3397860346304,6294.473124545886,4018.031887507527,1036.2672137422574,804.3024312183709,129.0255966921007,819.8598614692482,485.40961665471394,4427.640215661185,1769.5389932032995,988.6486797514416,408.8096869510114,116.93271488280523,711.2412697147188,485.40961665471394,4427.640215661185,1769.5389932032995,988.6486797514416,408.8096869510114,116.93271488280523,711.2412697147188
2026-01-25 18:00:00+00:00,1193.41,6818.39,4208.61,1083.34,840.0,126.83,719.53,1059.5170666675442,6395.74557835673,4079.3752498932554,1044.333833224015,593.0086350605205,126.60216101266352,805.4769815646563,485.40961665471394,4427.640215661185,1769.5389932032995,988.6486797514416,408.8096869510114,116.93271488280523,711.2412697147188,485.40961665471394,4427.640215661185,1769.5389932032995,988.6486797514416,408.8096869510114,116.93271488280523,711.2412697147188
2026-01-25 19:00:00+00:00,1199.63,6823.03,4160.77,1085.93,174.69,127.14,715.23,1055.7014328028038,6545.721282840113,4044.8430223644,1029.6320454995293,209.67414686626543,126.5345595682103,781.8338571878282,485.40961665471394,4427.640215661185,1769.5389932032995,988.6486797514416,408.8096869510114,116.93271488280523,711.2412697147188,485.40961665471394,4427.640215661185,1769.5389932032995,988.6486797514416,408.8096869510114,116.93271488280523,711.2412697147188
2026-01-25 20:00:00+00:00,1219.82,6838.62,4028.82,1051.42,-5.431801e-06,123.1,707.07,1056.4092599122937,6313.364523311982,3952.785406322989,1008.551344662466,80.2328597248844,124.37551055715993,767.581705371941,485.40961665471394,4427.640215661185,1769.5389932032995,988.6486797514416,408.8096869510114,116.93271488280523,711.2412697147188,485.40961665471394,4427.640215661185,1769.5389932032995,988.6486797514416,408.8096869510114,116.93271488280523,711.2412697147188
2026-01-25 21:00:00+00:00,1221.82,6822.36,3988.29,1037.86,-5.431801e-06,121.51,715.53,1087.6714720791992,6474.990892472247,3856.0521860422846,990.9075731636538,-53.429178763093944,123.7932219848307,780.7146117838605,485.40961665471394,4427.640215661185,1769.5389932032995,988.6486797514416,408.8096869510114,116.93271488280523,711.2412697147188,485.40961665471394,4427.640215661185,1769.5389932032995,988.6486797514416,408.8096869510114,116.93271488280523,711.2412697147188
2026-01-25 22:00:00+00:00,1229.49,6799.96,3891.43,1032.45,-5.431801e-06,120.88,712.14,1092.790289858676,6414.831198474958,3904.470780489253,986.5452298173575,23.110726489435763,119.93801280563407,807.2835591308078,485.40961665471394,4427.640215661185,1769.5389932032995,988.6486797514416,408.8096869510114,116.93271488280523,711.2412697147188,485.40961665471394,4427.640215661185,1769.5389932032995,988.6486797514416,408.8096869510114,116.93271488280523,711.2412697147188
2026-01-25 23:00:00+00:00,1225.0,7078.26,3764.84,1019.89,0.1200202,119.4,689.62,1013.8265610486826,6498.571603324492,3705.7624477171184,988.5081817719,27.24311847528452,120.79082891180735,789.9693335434885,485.40961665471394,4427.640215661185,1769.5389932032995,988.6486797514416,408.8096869510114,116.93271488280523,711.2412697147188,485.40961665471394,4427.640215661185,1769.5389932032995,988.6486797514416,408.8096869510114,116.93271488280523,711.2412697147188
2026-01-26 00:00:00+00:00,1220.61,7243.63,3700.15,1002.45,-5.431801e-06,117.36,691.98,962.8812920803747,6303.49949845926,3694.0451744274496,1002.419377184643,31.149731098417533,119.72604871588993,786.850378791562,485.40961665471394,4427.640215661185,1769.5389932032995,988.6486797514416,408.8096869510114,116.93271488280523,711.2412697147188,485.40961665471394,4427.640215661185,1769.5389932032995,988.6486797514416,408.8096869510114,116.93271488280523,711.2412697147188
2026-01-26 01:00:00+00:00,1222.76,7243.74,3708.8,1001.82,49.61999,117.28,677.56,981.3494083527651,6259.407620729335,3652.406598385339,1023.223270488757,42.058570088132456,122.4244397218558,790.737558839088,485.40961665471394,4427.640215661185,1769.5389932032995,988.6486797514416,408.8096869510114,116.93271488280523,711.2412697147188,485.40961665471394,4427.640215661185,1769.5389932032995,988.6486797514416,408.8096869510114,116.93271488280523,711.2412697147188
2026-01-26 02:00:00+00:00,1218.36,7395.01,3761.56,1006.05,-5.431801e-06,117.79,677.02,956.8109997488059,6327.425585793772,3520.0777542407886,1027.4152064916923,48.89941904170399,121.74031174497739,729.1571673048866,485.40961665471394,4427.640215661185,1769.5389932032995,988.6486797514416,408.8096869510114,116.93271488280523,711.2412697147188,485.40961665471394,4427.640215661185,1769.5389932032995,988.6486797514416,408.8096869510114,116.93271488280523,711.2412697147188
2026-01-26 03:00:00+00:00,1208.53,7610.94,3819.8,1005.55,-5.431801e-06,117.73,701.01,953.2516131204497,6281.3403894594485,3582.2515700986705,1047.7993388507514,71.6256861206262,121.27625807166577,727.9034496918823,485.40961665471394,4427.640215661185,1769.5389932032995,988.6486797514416,408.8096869510114,116.93271488280523,711.2412697147188,485.40961665471394,4427.640215661185,1769.5389932032995,988.6486797514416,408.8096869510114,116.93271488280523,711.2412697147188
2026-01-26 04:00:00+00:00,1195.79,7586.69,4021.44,978.92,29.570002,114.61,712.65,1037.15318265923,6063.089809209657,3632.1610505550343,1063.1335520406733,73.19975098601293,123.98678182606474,746.0393696988117,485.40961665471394,4427.640215661185,1769.5389932032995,988.6486797514416,408.8096869510114,116.93271488280523,711.2412697147188,485.40961665471394,4427.640215661185,1769.5389932032995,988.6486797514416,408.8096869510114,116.93271488280523,711.2412697147188
2026-01-26 05:00:00+00:00,1199.67,7416.25,4418.86,989.09,66.48,131.11,759.08,1048.7203485695195,6240.246126927186,4151.375514839019,1037.5553440821964,154.91537848361955,120.23693487694334,810.5724787453755,485.40961665471394,4427.640215661185,1769.5389932032995,988.6486797514416,408.8096869510114,116.93271488280523,711.2412697147188,485.40961665471394,4427.640215661185,1769.5389932032995,988.6486797514416,408.8096869510114,116.93271488280523,711.2412697147188
2026-01-26 06:00:00+00:00,1207.23,7099.56,4539.67,990.24,440.62,123.22,882.14,1038.3191861119635,6553.649128510946,4195.832474777167,1024.3230958449728,392.4738640556584,121.58738426522554,886.6653728975939,485.40961665471394,4427.640215661185,1769.5389932032995,988.6486797514416,408.8096869510114,116.93271488280523,711.2412697147188,485.40961665471394,4427.640215661185,1769.5389932032995,988.6486797514416,408.8096869510114,116.93271488280523,711.2412697147188
2026-01-26 07:00:00+00:00,1210.55,7183.59,4473.78,1022.8,1044.3799,122.75,883.47,1043.9035348235327,6525.932472747838,4258.697175072522,1014.85764056411,1140.8794669015492,117.91691665758378,938.5785125917092,485.40961665471394,4427.640215661185,1769.5389932032995,988.6486797514416,408.8096869510114,116.93271488280523,711.2412697147188,485.40961665471394,4427.640215661185,1769.5389932032995,988.6486797514416,408.8096869510114,116.93271488280523,711.2412697147188
2026-01-26 08:00:00+00:00,1209.15,7515.07,4529.85,1028.09,1074.38,123.37,905.4,999.5808931415374,6513.07898074846,4327.916185712303,1008.2701320518909,1237.2191950021122,120.26622499268815,988.7595760200738,485.40961665471394,4427.640215661185,1769.5389932032995,988.6486797514416,408.8096869510114,116.93271488280523,711.2412697147188,485.40961665471394,4427.640215661185,1769.5389932032995,988.6486797514416,408.8096869510114,116.93271488280523,711.2412697147188
2026-01-26 09:00:00+00:00,1208.78,7565.9,4526.2,1041.15,739.11,122.72,918.45,1007.1913547805782,6597.840959073135,4249.154074791545,1051.0078691308556,879.2180441888968,123.14408797477628,957.9761019179251,485.40961665471394,4427.640215661185,1769.5389932032995,988.6486797514416,408.8096869510114,116.93271488280523,711.2412697147188,485.40961665471394,4427.640215661185,1769.5389932032995,988.6486797514416,408.8096869510114,116.93271488280523,711.2412697147188
2026-01-26 10:00:00+00:00,1206.71,7608.61,4520.54,1057.45,544.63,123.8,926.78,1020.6168321934056,6584.978155576984,4221.303913257223,1023.0879746328325,603.4995008723048,121.14818901243383,939.6873896433269,485.40961665471394,4427.640215661185,1769.5389932032995,988.6486797514416,408.8096869510114,116.93271488280523,711.2412697147188,485.40961665471394,4427.640215661185,1769.5389932032995,988.6486797514416,408.8096869510114,116.93271488280523,711.2412697147188
2026-01-26 11:00:00+00:00,1210.47,7579.12,4593.03,1037.18,307.29,121.42,934.1,1028.2307320528062,6563.781791263458,4188.912691414617,1002.4714623097175,480.3609982831651,120.82239717992982,965.9114773928156,485.40961665471394,4427.640215661185,1769.5389932032995,988.6486797514416,408.8096869510114,116.93271488280523,711.2412697147188,485.40961665471394,4427.640215661185,1769.5389932032995,988.6486797514416,408.8096869510114,116.93271488280523,711.2412697147188
2026-01-26 12:00:00+00:00,1209.07,7561.8,4575.0,1054.64,344.01,123.48,919.46,1045.3090471426292,6479.712593577737,4146.345892506066,988.5384311651745,701.3169972098951,118.33937356261565,974.7317552070906,485.40961665471394,4427.640215661185,1769.5389932032995,988.6486797514416,408.8096869510114,116.93271488280523,711.2412697147188,485.40961665471394,4427.640215661185,1769.5389932032995,988.6486797514416,408.8096869510114,116.93271488280523,711.2412697147188
2026-01-26 13:00:00+00:00,1203.67,7534.32,4572.76,981.49,394.51,114.91,919.99,1018.3893634251385,6595.115151820153,4123.08338077704,999.2048355961416,646.4454077085647,120.27686662698109,1004.0730710129912,485.40961665471394,4427.640215661185,1769.5389932032995,988.6486797514416,408.8096869510114,116.93271488280523,711.2412697147188,485.40961665471394,4427.640215661185,1769.5389932032995,988.6486797514416,408.8096869510114,116.93271488280523,711.2412697147188
2026-01-26 14:00:00+00:00,1197.27,7487.72,4515.43,909.76,849.65,106.52,924.08,972.46354720532,6744.909641789531,4186.522917422848,1012.6054128412002,878.9513607030028,118.58710417773327,1003.5887857590554,485.40961665471394,4427.640215661185,1769.5389932032995,988.6486797514416,408.8096869510114,116.93271488280523,711.2412697147188,485.40961665471394,4427.640215661185,1769.5389932032995,988.6486797514416,408.8096869510114,116.93271488280523,711.2412697147188
2026-01-26 15:00:00+00:00,1205.4,7495.63,4531.89,931.72,1059.44,109.08,804.06,998.8456813704297,6892.688984422564,4294.031640745574,1028.5402202940832,1092.572714488938,123.27929726791189,1026.3639677941933,485.40961665471394,4427.640215661185,1769.5389932032995,988.6486797514416,408.8096869510114,116.93271488280523,711.2412697147188,485.40961665471394,4427.640215661185,1769.5389932032995,988.6486797514416,408.8096869510114,116.93271488280523,711.2412697147188
2026-01-26 16:00:00+00:00,1205.08,7474.46,4613.15,938.08,1198.08,109.83,865.99,1167.1468123457462,6672.257732049868,4488.6455794726735,1017.2938722571189,1252.9969529403734,125.69239528964889,959.9132039678551,485.40961665471394,4427.640215661185,1769.5389932032995,988.6486797514416,408.8096869510114,116.93271488280523,711.2412697147188,485.40961665471394,4427.640215661185,1769.5389932032995,988.6486797514416,408.8096869510114,116.93271488280523,711.2412697147188
2026-01-26 17:00:00+00:00,1200.61,7504.19,4592.49,946.72,1299.61,110.85,855.23,1162.7686542879544,6592.716772039063,4461.571878013347,1006.1229405303505,1175.0498639972864,123.06071560014263,929.6550246053527,485.40961665471394,4427.640215661185,1769.5389932032995,988.6486797514416,408.8096869510114,116.93271488280523,711.2412697147188,485.40961665471394,4427.640215661185,1769.5389932032995,988.6486797514416,408.8096869510114,116.93271488280523,711.2412697147188
2026-01-26 18:00:00+00:00,1204.52,7494.15,4551.67,951.56,1245.04,111.42,833.63,1140.4983164589603,6731.022818410791,4496.809894391751,1020.1191713164468,1044.9718659131672,120.16257663211482,933.1497348298908,485.40961665471394,4427.640215661185,1769.5389932032995,988.6486797514416,408.8096869510114,116.93271488280523,711.2412697147188,485.40961665471394,4427.640215661185,1769.5389932032995,988.6486797514416,408.8096869510114,116.93271488280523,711.2412697147188
2026-01-26 19:00:00+00:00,1200.47,7433.07,4480.21,933.0,872.0,109.24,692.67,1136.4668745718534,6788.893058776615,4453.207126258789,1004.7909080469026,522.1014532776854,119.42832989319753,867.1406458316451,485.40961665471394,4427.640215661185,1769.5389932032995,988.6486797514416,408.8096869510114,116.93271488280523,711.2412697147188,485.40961665471394,4427.640215661185,1769.5389932032995,988.6486797514416,408.8096869510114,116.93271488280523,711.2412697147188
2026-01-26 20:00:00+00:00,1189.5,7410.48,4311.89,909.48,140.01001,106.48,614.39,1156.9365812024573,6591.637260529769,4324.577225835843,1005.8851753736776,243.21434510074803,118.25448113384121,839.6696261615609,485.40961665471394,4427.640215661185,1769.5389932032995,988.6486797514416,408.8096869510114,116.93271488280523,711.2412697147188,485.40961665471394,4427.640215661185,1769.5389932032995,988.6486797514416,408.8096869510114,116.93271488280523,711.2412697147188
2026-01-26 21:00:00+00:00,1176.95,7395.63,4194.99,910.24,167.5,106.57,715.08,1154.9154886413453,6646.104704267325,4253.5088451311985,992.4065103839845,-10.91996783527145,117.01523942728308,848.0802308158562,485.40961665471394,4427.640215661185,1769.5389932032995,988.6486797514416,408.8096869510114,116.93271488280523,711.2412697147188,485.40961665471394,4427.640215661185,1769.5389932032995,988.6486797514416,408.8096869510114,116.93271488280523,711.2412697147188
2026-01-26 22:00:00+00:00,1170.5,7374.65,4019.44,901.02,0.43999702,105.49,723.61,1108.833289967248,6824.701707144947,3910.065659692247,985.6697179321236,21.68067082170012,119.34523751493306,821.8179649982611,485.40961665471394,4427.640215661185,1769.5389932032995,988.6486797514416,408.8096869510114,116.93271488280523,711.2412697147188,485.40961665471394,4427.640215661185,1769.5389932032995,988.6486797514416,408.8096869510114,116.93271488280523,711.2412697147188
2026-01-26 23:00:00+00:00,1175.0,7268.36,4010.89,893.18,-5.431801e-06,104.57,728.61,1115.9747574229725,6854.1387594519565,3768.710939504158,1005.5262619643636,21.288074350113163,117.69783468823346,775.6281262638195,485.40961665471394,4427.640215661185,1769.5389932032995,988.6486797514416,408.8096869510114,116.93271488280523,711.2412697147188,485.40961665471394,4427.640215661185,1769.5389932032995,988.6486797514416,408.8096869510114,116.93271488280523,711.2412697147188
2026-01-27 00:00:00+00:00,1181.54,7136.75,3924.25,884.74,-5.431801e-06,103.59,725.42,1045.5979006363941,6903.683837921061,3781.9555155844905,1001.1507621348942,45.98030340807293,118.39762698591312,837.9914931699561,485.40961665471394,4427.640215661185,1769.5389932032995,988.6486797514416,408.8096869510114,116.93271488280523,711.2412697147188,485.40961665471394,4427.640215661185,1769.5389932032995,988.6486797514416,408.8096869510114,116.93271488280523,711.2412697147188
2026-01-27 01:00:00+00:00,1174.09,6556.59,3877.97,892.76,-5.431801e-06,104.52,722.29,997.4247344719813,6799.927529233855,3778.221280794097,1005.9895128670757,20.64136520750037,118.62182479574409,827.3618219383552,485.40961665471394,4427.640215661185,1769.5389932032995,988.6486797514416,408.8096869510114,116.93271488280523,711.2412697147188,485.40961665471394,4427.640215661185,1769.5389932032995,988.6486797514416,408.8096869510114,116.93271488280523,711.2412697147188
2026-01-27 02:00:00+00:00,1175.19,6524.43,3897.11,954.32,-5.431801e-06,111.73,725.79,1032.7167885881183,6808.220544831291,3797.790528262592,986.6956730080376,15.358626878299845,117.76705788044883,811.6441375839905,485.40961665471394,4427.640215661185,1769.5389932032995,988.6486797514416,408.8096869510114,116.93271488280523,711.2412697147188,485.40961665471394,4427.640215661185,1769.5389932032995,988.6486797514416,408.8096869510114,116.93271488280523,711.2412697147188
2026-01-27 03:00:00+00:00,1185.7,6541.4,3951.54,915.99,3.4999945,107.23,730.32,1033.6167495772252,6895.2705158580975,3770.1928095871685,979.9712659452055,4.124623294125456,116.55878302027438,811.6441375839905,485.40961665471394,4427.640215661185,1769.5389932032995,988.6486797514416,408.8096869510114,116.93271488280523,711.2412697147188,485.40961665471394,4427.640215661185,1769.5389932032995,988.6486797514416,408.8096869510114,116.93271488280523,711.2412697147188
2026-01-27 04:00:00+00:00,1212.68,6787.13,4123.95,868.81,41.320004,101.71,733.72,1027.3870693707127,6669.182918382658,3777.9759009729473,984.1311988731841,24.707023994796202,120.05768922156692,828.2601461378127,485.40961665471394,4427.640215661185,1769.5389932032995,988.6486797514416,408.8096869510114,116.93271488280523,711.2412697147188,485.40961665471394,4427.640215661185,1769.5389932032995,988.6486797514416,408.8096869510114,116.93271488280523,711.2412697147188
2026-01-27 05:00:00+00:00,1215.28,7314.34,4526.13,878.27,763.1,105.03,766.31,932.9112137088686,6790.7597686249965,4384.274109199208,989.92659898359,160.68578510369622,121.22892867919002,905.1566030410308,485.40961665471394,4427.640215661185,1769.5389932032995,988.6486797514416,408.8096869510114,116.93271488280523,711.2412697147188,485.40961665471394,4427.640215661185,1769.5389932032995,988.6486797514416,408.8096869510114,116.93271488280523,711.2412697147188
2026-01-27 06:00:00+00:00,1212.22,7402.93,4635.93,910.05,1270.31,109.55,915.17,1045.5209769156663,6321.086840810908,4396.38760529512,966.8596700664413,626.6838001709474,120.46435747745159,934.4474338059794,485.40961665471394,4427.640215661185,1769.5389932032995,988.6486797514416,408.8096869510114,116.93271488280523,711.2412697147188,485.40961665471394,4427.640215661185,1769.5389932032995,988.6486797514416,408.8096869510114,116.93271488280523,711.2412697147188
2026-01-27 07:00:00+00:00,1211.7,7350.22,4655.21,916.04,1318.45,110.26,934.43,928.1732136808183,6518.523159163142,4384.782376039513,1032.246794505181,1375.6503113288522,124.90805470247082,969.3482284335059,485.40961665471394,4427.640215661185,1769.5389932032995,988.6486797514416,408.8096869510114,116.93271488280523,711.2412697147188,485.40961665471394,4427.640215661185,1769.5389932032995,988.6486797514416,408.8096869510114,116.93271488280523,711.2412697147188
2026-01-27 08:00:00+00:00,1210.0,7317.65,4548.7,916.93,1200.62,110.36,941.96,889.3128778088557,6646.992571497056,4454.965693409189,1061.2999449827978,1151.4515804032542,126.47997067520963,973.7254309268069,485.40961665471394,4427.640215661185,1769.5389932032995,988.6486797514416,408.8096869510114,116.93271488280523,711.2412697147188,485.40961665471394,4427.640215661185,1769.5389932032995,988.6486797514416,408.8096869510114,116.93271488280523,711.2412697147188
2026-01-27 09:00:00+00:00,1208.95,7278.41,4590.03,915.1,951.87,110.14,943.28,977.7357537585206,6822.017843038885,4349.809431450034,1064.9049232026932,459.4941498975347,126.14685491135573,947.5939205611207,485.40961665471394,4427.640215661185,1769.5389932032995,988.6486797514416,408.8096869510114,116.93271488280523,711.2412697147188,485.40961665471394,4427.640215661185,1769.5389932032995,988.6486797514416,408.8096869510114,116.93271488280523,711.2412697147188
2026-01-27 10:00:00+00:00,1208.99,7290.57,4569.96,901.84,376.61,108.59,937.03,1066.218206350288,6601.518332912202,4287.137536995991,1036.9527650792609,474.4108753500384,126.1032787742476,905.3773173692548,485.40961665471394,4427.640215661185,1769.5389932032995,988.6486797514416,408.8096869510114,116.93271488280523,711.2412697147188,485.40961665471394,4427.640215661185,1769.5389932032995,988.6486797514416,408.8096869510114,116.93271488280523,711.2412697147188
2026-01-27 11:00:00+00:00,1207.69,7196.54,4518.47,886.84,63.260036,104.65,925.89,1021.4549385681696,6668.894756349688,4227.840701026649,1068.1883083689888,324.2829812345761,125.9228476118419,940.9423763936782,485.40961665471394,4427.640215661185,1769.5389932032995,988.6486797514416,408.8096869510114,116.93271488280523,711.2412697147188,485.40961665471394,4427.640215661185,1769.5389932032995,988.6486797514416,408.8096869510114,116.93271488280523,711.2412697147188
2026-01-27 12:00:00+00:00,1209.96,7226.08,4451.99,868.18,33.490017,101.65,906.52,999.1738655107956,6712.661424945892,4057.2604474793748,1040.7715812061006,247.8290124369325,120.4177404176811,1012.6094326029498,485.40961665471394,4427.640215661185,1769.5389932032995,988.6486797514416,408.8096869510114,116.93271488280523,711.2412697147188,485.40961665471394,4427.640215661185,1769.5389932032995,988.6486797514416,408.8096869510114,116.93271488280523,711.2412697147188
2026-01-27 13:00:00+00:00,1211.9,7223.33,4462.16,838.25,0.05001288,98.21,911.71,984.6668194058977,6339.893203926624,4066.367795038024,1041.1438296299966,317.4555350795614,118.33254427188174,1008.7977213162701,485.40961665471394,4427.640215661185,1769.5389932032995,988.6486797514416,408.8096869510114,116.93271488280523,711.2412697147188,485.40961665471394,4427.640215661185,1769.5389932032995,988.6486797514416,408.8096869510114,116.93271488280523,711.2412697147188
2026-01-27 14:00:00+00:00,1210.33,7372.17,4513.9,824.86,4.580012,99.57,914.19,977.4843110570291,6154.634297472759,4122.244061055234,1034.171732530264,645.1696643680381,121.55560841134628,985.12468174381,485.40961665471394,4427.640215661185,1769.5389932032995,988.6486797514416,408.8096869510114,116.93271488280523,711.2412697147188,485.40961665471394,4427.640215661185,1769.5389932032995,988.6486797514416,408.8096869510114,116.93271488280523,711.2412697147188
2026-01-27 15:00:00+00:00,1206.95,7393.08,4538.7,871.27,70.73,105.01,802.91,859.1695439094119,6160.414905460813,4076.8532279954065,1060.3273973418509,1033.2446290997857,122.35464995959995,1053.704922663781,485.40961665471394,4427.640215661185,1769.5389932032995,988.6486797514416,408.8096869510114,116.93271488280523,711.2412697147188,485.40961665471394,4427.640215661185,1769.5389932032995,988.6486797514416,408.8096869510114,116.93271488280523,711.2412697147188
2026-01-27 16:00:00+00:00,1210.39,7396.25,4570.99,911.19,187.21,109.67,754.3,1062.152873413497,5714.058008306556,4363.125712974593,1076.2732565665096,995.4152018619625,125.98129600093141,973.4433192611764,485.40961665471394,4427.640215661185,1769.5389932032995,988.6486797514416,408.8096869510114,116.93271488280523,711.2412697147188,485.40961665471394,4427.640215661185,1769.5389932032995,988.6486797514416,408.8096869510114,116.93271488280523,711.2412697147188
2026-01-27 17:00:00+00:00,1210.86,7403.62,4572.99,937.85,328.42,112.8,778.48,1078.774428003605,5598.968239179599,4386.919335110006,1048.8587391608837,708.4791532099382,124.346703633411,1025.1826977837218,485.40961665471394,4427.640215661185,1769.5389932032995,988.6486797514416,408.8096869510114,116.93271488280523,711.2412697147188,485.40961665471394,4427.640215661185,1769.5389932032995,988.6486797514416,408.8096869510114,116.93271488280523,711.2412697147188
2026-01-27 18:00:00+00:00,1198.21,7399.25,4486.61,946.11,187.35,113.77,774.98,1019.5104837987931,5619.273879622322,4391.7491924378555,1040.3164469736412,461.6219164390234,120.56522450512587,968.6902806053388,485.40961665471394,4427.640215661185,1769.5389932032995,988.6486797514416,408.8096869510114,116.93271488280523,711.2412697147188,485.40961665471394,4427.640215661185,1769.5389932032995,988.6486797514416,408.8096869510114,116.93271488280523,711.2412697147188
2026-01-27 19:00:00+00:00,1196.36,7379.2,4344.91,927.43,97.37997,111.58,742.07,1030.3152063715295,5790.401822579491,4358.682434148044,1039.0392579739105,189.11150400049098,120.08188002421215,842.6211346276472,485.40961665471394,4427.640215661185,1769.5389932032995,988.6486797514416,408.8096869510114,116.93271488280523,711.2412697147188,485.40961665471394,4427.640215661185,1769.5389932032995,988.6486797514416,408.8096869510114,116.93271488280523,711.2412697147188
2026-01-27 20:00:00+00:00,1197.45,7366.86,4089.89,926.79,37.469997,108.68,729.66,1035.721978217116,5953.613253698851,4265.6993536697355,1049.8603822138043,134.74744402419634,121.94073433091324,835.3760450631966,485.40961665471394,4427.640215661185,1769.5389932032995,988.6486797514416,408.8096869510114,116.93271488280523,711.2412697147188,485.40961665471394,4427.640215661185,1769.5389932032995,988.6486797514416,408.8096869510114,116.93271488280523,711.2412697147188
2026-01-27 21:00:00+00:00,1209.35,7344.2,3958.52,915.6,-5.431801e-06,107.2,731.08,1010.2110761972033,6035.277436303073,4021.6987438408896,1031.5419726327843,-11.85596481928377,123.22376566061193,826.9807123022877,485.40961665471394,4427.640215661185,1769.5389932032995,988.6486797514416,408.8096869510114,116.93271488280523,711.2412697147188,485.40961665471394,4427.640215661185,1769.5389932032995,988.6486797514416,408.8096869510114,116.93271488280523,711.2412697147188
2026-01-27 22:00:00+00:00,1206.09,7305.59,3846.8,907.68,-5.431801e-06,106.27,728.11,978.418399105454,5919.771907996821,3797.44197005957,1023.3048077576667,35.6556587215652,119.62753590211493,835.7163481819482,485.40961665471394,4427.640215661185,1769.5389932032995,988.6486797514416,408.8096869510114,116.93271488280523,711.2412697147188,485.40961665471394,4427.640215661185,1769.5389932032995,988.6486797514416,408.8096869510114,116.93271488280523,711.2412697147188
2026-01-27 23:00:00+00:00,1202.13,7155.96,3717.6,911.22,-5.431801e-06,106.69,688.07,927.0136315286484,5883.303980464831,3745.9716576007268,1002.8937466046407,72.03771674056918,115.18672207518176,837.2522281778786,485.40961665471394,4427.640215661185,1769.5389932032995,988.6486797514416,408.8096869510114,116.93271488280523,711.2412697147188,485.40961665471394,4427.640215661185,1769.5389932032995,988.6486797514416,408.8096869510114,116.93271488280523,711.2412697147188
2026-01-28 00:00:00+00:00,1204.98,6589.18,3687.2,905.99,-5.431801e-06,106.07,686.21,922.8790468830114,5962.537714442045,3784.73744493273,974.0993867681983,45.02368182850472,110.02201982898863,828.1804865249414,485.40961665471394,4427.640215661185,1769.5389932032995,988.6486797514416,408.8096869510114,116.93271488280523,711.2412697147188,485.40961665471394,4427.640215661185,1769.5389932032995,988.6486797514416,408.8096869510114,116.93271488280523,711.2412697147188
2026-01-28 01:00:00+00:00,1200.8,6601.77,3648.41,907.09,-5.431801e-06,106.2,673.67,889.2533111914336,6008.387721880431,3738.2695963251535,991.9457268342023,40.955968851087164,112.71297128035724,830.7102200571244,485.40961665471394,4427.640215661185,1769.5389932032995,988.6486797514416,408.8096869510114,116.93271488280523,711.2412697147188,485.40961665471394,4427.640215661185,1769.5389932032995,988.6486797514416,408.8096869510114,116.93271488280523,711.2412697147188
2026-01-28 02:00:00+00:00,1203.36,6620.4,3640.59,918.29,-5.431801e-06,107.51,675.39,943.6466966071953,5884.1001372743785,3690.3975361011017,987.3611948724562,42.933621310202625,117.0210868104993,816.6800740096156,485.40961665471394,4427.640215661185,1769.5389932032995,988.6486797514416,408.8096869510114,116.93271488280523,711.2412697147188,485.40961665471394,4427.640215661185,1769.5389932032995,988.6486797514416,408.8096869510114,116.93271488280523,711.2412697147188
2026-01-28 03:00:00+00:00,1208.96,6815.18,3566.43,927.76,-5.431801e-06,108.62,665.98,963.1288296314406,5780.585787646372,3744.6999119650345,984.4342002742346,45.98037780556683,116.5576309728492,782.0579725358882,485.40961665471394,4427.640215661185,1769.5389932032995,988.6486797514416,408.8096869510114,116.93271488280523,711.2412697147188,485.40961665471394,4427.640215661185,1769.5389932032995,988.6486797514416,408.8096869510114,116.93271488280523,711.2412697147188
2026-01-28 04:00:00+00:00,1196.18,7429.49,3682.51,930.12,14.499994,108.9,677.03,1013.1951983173699,6020.031070163863,3877.3552921946207,992.332784177427,44.255797177826594,117.44686379734678,810.0742288322925,485.40961665471394,4427.640215661185,1769.5389932032995,988.6486797514416,408.8096869510114,116.93271488280523,711.2412697147188,485.40961665471394,4427.640215661185,1769.5389932032995,988.6486797514416,408.8096869510114,116.93271488280523,711.2412697147188
2026-01-28 05:00:00+00:00,1112.34,7442.12,3691.2,929.62,128.72,108.84,670.73,1107.4233874146482,6304.232383168657,4194.099721443605,1019.1560401503604,174.9120905005281,119.94063813085498,855.2854823216342,485.40961665471394,4427.640215661185,1769.5389932032995,988.6486797514416,408.8096869510114,116.93271488280523,711.2412697147188,485.40961665471394,4427.640215661185,1769.5389932032995,988.6486797514416,408.8096869510114,116.93271488280523,711.2412697147188
2026-01-28 06:00:00+00:00,1033.7,7444.36,4128.09,916.27,651.08,107.32,686.0,1105.5494953751606,6492.766692025725,4309.559204182477,1010.6834411196699,279.76001698740185,123.23209872072331,888.3976978305909,485.40961665471394,4427.640215661185,1769.5389932032995,988.6486797514416,408.8096869510114,116.93271488280523,711.2412697147188,485.40961665471394,4427.640215661185,1769.5389932032995,988.6486797514416,408.8096869510114,116.93271488280523,711.2412697147188
2026-01-28 07:00:00+00:00,1066.9,7472.02,4253.91,920.56,1079.47,110.77,682.51,1023.3988898027194,6671.769083867721,4293.851188253829,1021.2090318354442,1239.402141388742,123.64808231135065,857.0287881169219,485.40961665471394,4427.640215661185,1769.5389932032995,988.6486797514416,408.8096869510114,116.93271488280523,711.2412697147188,485.40961665471394,4427.640215661185,1769.5389932032995,988.6486797514416,408.8096869510114,116.93271488280523,711.2412697147188
2026-01-28 08:00:00+00:00,1025.73,7406.48,4166.46,930.33,978.93,111.93,689.93,1045.4396479448687,6521.485071282403,4302.180581276137,1026.1575611418302,1047.3401080710232,123.87772540271817,847.8198914173331,485.40961665471394,4427.640215661185,1769.5389932032995,988.6486797514416,408.8096869510114,116.93271488280523,711.2412697147188,485.40961665471394,4427.640215661185,1769.5389932032995,988.6486797514416,408.8096869510114,116.93271488280523,711.2412697147188
2026-01-28 09:00:00+00:00,1060.16,7418.29,4262.1,924.8,844.34,111.31,698.54,994.5374176414091,6432.499495607139,4187.028210674531,1041.5777243945772,390.8438812069429,122.11137554573969,829.528501210817,485.40961665471394,4427.640215661185,1769.5389932032995,988.6486797514416,408.8096869510114,116.93271488280523,711.2412697147188,485.40961665471394,4427.640215661185,1769.5389932032995,988.6486797514416,408.8096869510114,116.93271488280523,711.2412697147188
2026-01-28 10:00:00+00:00,1075.3,7413.94,4171.39,911.25,585.02,109.71,697.76,963.9667712498149,6510.048677245558,4207.512682166225,1019.2278154161631,190.7486820685775,121.6149986415465,820.236497849684,485.40961665471394,4427.640215661185,1769.5389932032995,988.6486797514416,408.8096869510114,116.93271488280523,711.2412697147188,485.40961665471394,4427.640215661185,1769.5389932032995,988.6486797514416,408.8096869510114,116.93271488280523,711.2412697147188
2026-01-28 11:00:00+00:00,1009.99,7368.49,4004.27,910.36,381.34,109.58,697.48,1003.2528846410612,6556.377391218723,4204.20100837348,1008.3969438977088,209.34608330552416,120.92089068433515,817.1674442511031,485.40961665471394,4427.640215661185,1769.5389932032995,988.6486797514416,408.8096869510114,116.93271488280523,711.2412697147188,485.40961665471394,4427.640215661185,1769.5389932032995,988.6486797514416,408.8096869510114,116.93271488280523,711.2412697147188
2026-01-28 12:00:00+00:00,984.09,7384.94,3908.85,908.84,366.7,109.4,685.05,1065.2365330583432,6605.097035502889,4162.910337763427,1015.3916009008622,304.7329001889849,120.4798583315975,837.4887434712367,485.40961665471394,4427.640215661185,1769.5389932032995,988.6486797514416,408.8096869510114,116.93271488280523,711.2412697147188,485.40961665471394,4427.640215661185,1769.5389932032995,988.6486797514416,408.8096869510114,116.93271488280523,711.2412697147188
2026-01-28 13:00:00+00:00,1015.97,7374.29,4006.41,912.57,451.95,109.83,686.2,1144.5328212905658,6724.289566313628,4111.414989015328,1010.0008963115608,504.11530197991476,120.17503569022158,845.723404714898,485.40961665471394,4427.640215661185,1769.5389932032995,988.6486797514416,408.8096869510114,116.93271488280523,711.2412697147188,485.40961665471394,4427.640215661185,1769.5389932032995,988.6486797514416,408.8096869510114,116.93271488280523,711.2412697147188
2026-01-28 14:00:00+00:00,987.18005,7371.84,4099.95,913.27,486.07,109.92,675.26,1116.0149883932584,6679.223044097628,4129.318215608165,992.0816486074682,672.9286534754618,120.88893086928798,829.411999570243,485.40961665471394,4427.640215661185,1769.5389932032995,988.6486797514416,408.8096869510114,116.93271488280523,711.2412697147188,485.40961665471394,4427.640215661185,1769.5389932032995,988.6486797514416,408.8096869510114,116.93271488280523,711.2412697147188
2026-01-28 15:00:00+00:00,946.44,7415.03,4173.77,944.96,770.58,113.62,677.08,1062.4121987094431,6633.4248187627545,4193.376460543729,1056.3498097128745,1106.3657391756012,128.59985537694573,845.1495435702757,485.40961665471394,4427.640215661185,1769.5389932032995,988.6486797514416,408.8096869510114,116.93271488280523,711.2412697147188,485.40961665471394,4427.640215661185,1769.5389932032995,988.6486797514416,408.8096869510114,116.93271488280523,711.2412697147188
2026-01-28 16:00:00+00:00,976.6,7467.52,4228.15,937.89,1049.3,112.81,691.76,1138.0949154104005,6517.102581567893,4334.044741635399,1043.676724032869,1195.9511370016219,128.14815027636652,850.3959513722994,485.40961665471394,4427.640215661185,1769.5389932032995,988.6486797514416,408.8096869510114,116.93271488280523,711.2412697147188,485.40961665471394,4427.640215661185,1769.5389932032995,988.6486797514416,408.8096869510114,116.93271488280523,711.2412697147188
2026-01-28 17:00:00+00:00,909.56,7441.04,4230.07,930.2,1051.62,111.9,697.77,1118.5262981216467,6323.332238288365,4390.68002477207,1049.4989958146964,955.167426109261,127.2359786818246,841.5374118743498,485.40961665471394,4427.640215661185,1769.5389932032995,988.6486797514416,408.8096869510114,116.93271488280523,711.2412697147188,485.40961665471394,4427.640215661185,1769.5389932032995,988.6486797514416,408.8096869510114,116.93271488280523,711.2412697147188
2026-01-28 18:00:00+00:00,952.63,7442.11,4226.18,926.52,809.61,111.47,686.29,1128.5587521334362,6253.412685925119,4345.721100439181,1043.2191077625405,723.2053731007408,125.86626942907859,835.5133362554859,485.40961665471394,4427.640215661185,1769.5389932032995,988.6486797514416,408.8096869510114,116.93271488280523,711.2412697147188,485.40961665471394,4427.640215661185,1769.5389932032995,988.6486797514416,408.8096869510114,116.93271488280523,711.2412697147188
2026-01-28 19:00:00+00:00,900.89,7389.79,4163.17,915.94,219.94002,110.22,686.58,1066.5365647880178,6243.415628973962,4293.346631504838,1038.4373583730896,168.44964693047902,126.53158762253214,841.6198443542978,485.40961665471394,4427.640215661185,1769.5389932032995,988.6486797514416,408.8096869510114,116.93271488280523,711.2412697147188,485.40961665471394,4427.640215661185,1769.5389932032995,988.6486797514416,408.8096869510114,116.93271488280523,711.2412697147188
2026-01-28 20:00:00+00:00,903.05,7336.97,3976.91,911.67,46.350002,109.72,683.1,1057.1705018467592,6275.8620622172875,4075.3564090728205,1044.2682990698543,85.81264976422409,126.12569615153267,852.7341186624731,485.40961665471394,4427.640215661185,1769.5389932032995,988.6486797514416,408.8096869510114,116.93271488280523,711.2412697147188,485.40961665471394,4427.640215661185,1769.5389932032995,988.6486797514416,408.8096869510114,116.93271488280523,711.2412697147188
2026-01-28 21:00:00+00:00,957.0,7296.89,3800.51,906.27,28.049982,109.1,677.72,1004.0646398730137,6184.303088283738,3841.06012400446,1042.968638727721,-32.19828492546162,125.5368005125769,817.4983026290786,485.40961665471394,4427.640215661185,1769.5389932032995,988.6486797514416,408.8096869510114,116.93271488280523,711.2412697147188,485.40961665471394,4427.640215661185,1769.5389932032995,988.6486797514416,408.8096869510114,116.93271488280523,711.2412697147188
2026-01-28 22:00:00+00:00,867.05,7091.78,3588.89,903.09,2.790003,108.72,682.07,991.3559817393391,5922.439341330183,3739.187718522654,1026.6703726535077,67.0599736943239,122.78549656520929,823.0245879991935,485.40961665471394,4427.640215661185,1769.5389932032995,988.6486797514416,408.8096869510114,116.93271488280523,711.2412697147188,485.40961665471394,4427.640215661185,1769.5389932032995,988.6486797514416,408.8096869510114,116.93271488280523,711.2412697147188
2026-01-28 23:00:00+00:00,1048.84,6603.53,3704.56,908.43,0.020044617,106.37,684.84,1009.834663148423,6053.877383977372,3860.683221980491,1015.3395147132555,111.070322221357,121.56509187607772,841.9943864489333,485.40961665471394,4427.640215661185,1769.5389932032995,988.6486797514416,408.8096869510114,116.93271488280523,711.2412697147188,485.40961665471394,4427.640215661185,1769.5389932032995,988.6486797514416,408.8096869510114,116.93271488280523,711.2412697147188
2026-01-29 00:00:00+00:00,1044.81,6431.77,3700.12,911.1,-5.431801e-06,106.66,686.61,1034.1347697195756,6222.897003558453,3852.9630539046934,1013.7379014340634,100.77960429795866,118.18994560344485,837.8131377278931,485.40961665471394,4427.640215661185,1769.5389932032995,988.6486797514416,408.8096869510114,116.93271488280523,711.2412697147188,485.40961665471394,4427.640215661185,1769.5389932032995,988.6486797514416,408.8096869510114,116.93271488280523,711.2412697147188
2026-01-29 01:00:00+00:00,1044.41,6359.81,3706.92,934.74,-5.431801e-06,109.43,681.49,1026.5198312684493,6187.720714182317,3837.777811529736,1020.8790619805687,130.4546361876283,119.21439364326127,837.7701131843577,485.40961665471394,4427.640215661185,1769.5389932032995,988.6486797514416,408.8096869510114,116.93271488280523,711.2412697147188,485.40961665471394,4427.640215661185,1769.5389932032995,988.6486797514416,408.8096869510114,116.93271488280523,711.2412697147188
2026-01-29 02:00:00+00:00,1042.75,6394.96,3711.94,919.23,-5.431801e-06,107.61,674.76,1041.9770949343417,6192.907420391964,3772.5397843295254,1020.8790619805687,110.64481005396044,116.28159871264465,838.1612747180401,485.40961665471394,4427.640215661185,1769.5389932032995,988.6486797514416,408.8096869510114,116.93271488280523,711.2412697147188,485.40961665471394,4427.640215661185,1769.5389932032995,988.6486797514416,408.8096869510114,116.93271488280523,711.2412697147188
2026-01-29 03:00:00+00:00,998.02,6487.74,3688.51,914.74,-5.431801e-06,107.08,677.53,1088.619504212784,6091.841592559913,3839.338569376495,1024.3775209748624,179.90147434653053,116.68794256783798,859.4004850427036,485.40961665471394,4427.640215661185,1769.5389932032995,988.6486797514416,408.8096869510114,116.93271488280523,711.2412697147188,485.40961665471394,4427.640215661185,1769.5389932032995,988.6486797514416,408.8096869510114,116.93271488280523,711.2412697147188
2026-01-29 04:00:00+00:00,1041.13,6697.07,3907.47,904.55,24.08999,105.89,687.55,1090.7951882288353,5981.494834073397,3845.493773270872,1019.1231189167961,160.96854863796602,115.13246795943496,853.1426668673408,485.40961665471394,4427.640215661185,1769.5389932032995,988.6486797514416,408.8096869510114,116.93271488280523,711.2412697147188,485.40961665471394,4427.640215661185,1769.5389932032995,988.6486797514416,408.8096869510114,116.93271488280523,711.2412697147188
2026-01-29 05:00:00+00:00,1060.94,7156.49,4170.0,913.5,245.81,106.94,690.58,1175.964200042831,6371.289932332584,4126.868575770476,1030.0819989109866,225.32598782927394,115.64223314461029,880.2169555114853,485.40961665471394,4427.640215661185,1769.5389932032995,988.6486797514416,408.8096869510114,116.93271488280523,711.2412697147188,485.40961665471394,4427.640215661185,1769.5389932032995,988.6486797514416,408.8096869510114,116.93271488280523,711.2412697147188
2026-01-29 06:00:00+00:00,1059.28,7536.45,4213.56,917.43,498.55,110.34,673.69,1210.2937737128036,6591.544060013763,4241.705369062643,1039.908839337367,361.93254995968033,120.61471935906584,905.4563344847738,485.40961665471394,4427.640215661185,1769.5389932032995,988.6486797514416,408.8096869510114,116.93271488280523,711.2412697147188,485.40961665471394,4427.640215661185,1769.5389932032995,988.6486797514416,408.8096869510114,116.93271488280523,711.2412697147188
2026-01-29 07:00:00+00:00,1047.03,7584.98,4188.58,925.55,1020.19,111.35,657.09,1106.4090836002008,6972.418178156999,4223.671133301575,1032.255811743762,1006.2592038314503,118.17246646340705,903.3563846463192,485.40961665471394,4427.640215661185,1769.5389932032995,988.6486797514416,408.8096869510114,116.93271488280523,711.2412697147188,485.40961665471394,4427.640215661185,1769.5389932032995,988.6486797514416,408.8096869510114,116.93271488280523,711.2412697147188
2026-01-29 08:00:00+00:00,1048.3,7518.22,4085.98,935.66,1096.93,112.53,646.2,1098.4227842757527,6968.607903456327,4267.540217239432,1032.970131922636,984.9061727790603,119.37063783379273,907.8583607652372,485.40961665471394,4427.640215661185,1769.5389932032995,988.6486797514416,408.8096869510114,116.93271488280523,711.2412697147188,485.40961665471394,4427.640215661185,1769.5389932032995,988.6486797514416,408.8096869510114,116.93271488280523,711.2412697147188
2026-01-29 09:00:00+00:00,1046.52,7505.26,4083.83,913.58,1106.56,109.95,657.5,1145.0956465287147,7046.359183918388,4304.707478838707,1046.1276055472472,751.0137186288825,120.08826688844904,914.8249702223543,485.40961665471394,4427.640215661185,1769.5389932032995,988.6486797514416,408.8096869510114,116.93271488280523,711.2412697147188,485.40961665471394,4427.640215661185,1769.5389932032995,988.6486797514416,408.8096869510114,116.93271488280523,711.2412697147188
2026-01-29 10:00:00+00:00,1046.64,7478.51,4077.08,918.28,966.44,110.5,655.24,1172.3485042464486,6905.445141848038,4358.998498465051,996.4734870648995,661.4440871489574,118.20702889454907,901.6361800982531,485.40961665471394,4427.640215661185,1769.5389932032995,988.6486797514416,408.8096869510114,116.93271488280523,711.2412697147188,485.40961665471394,4427.640215661185,1769.5389932032995,988.6486797514416,408.8096869510114,116.93271488280523,711.2412697147188
2026-01-29 11:00:00+00:00,1047.34,7467.55,4046.32,915.03,855.64,110.12,663.03,1180.1710566840536,6769.319574833178,4370.177849618665,975.0239224294055,643.4934688496726,117.25221696289022,904.0992742026249,485.40961665471394,4427.640215661185,1769.5389932032995,988.6486797514416,408.8096869510114,116.93271488280523,711.2412697147188,485.40961665471394,4427.640215661185,1769.5389932032995,988.6486797514416,408.8096869510114,116.93271488280523,711.2412697147188
2026-01-29 12:00:00+00:00,1048.83,7416.56,4023.56,911.36,847.22,109.69,635.22,1092.9633230419574,6903.715555651178,4346.000822089603,986.1304022874674,668.8050393113423,117.099022909037,898.5428019549552,485.40961665471394,4427.640215661185,1769.5389932032995,988.6486797514416,408.8096869510114,116.93271488280523,711.2412697147188,485.40961665471394,4427.640215661185,1769.5389932032995,988.6486797514416,408.8096869510114,116.93271488280523,711.2412697147188
2026-01-29 13:00:00+00:00,1059.38,7508.83,4047.23,918.16,648.64,110.48,662.61,1095.883144250145,6802.43500591892,4375.0321783909985,982.9058761270383,645.6656283959402,117.043371232662,926.3781228223119,485.40961665471394,4427.640215661185,1769.5389932032995,988.6486797514416,408.8096869510114,116.93271488280523,711.2412697147188,485.40961665471394,4427.640215661185,1769.5389932032995,988.6486797514416,408.8096869510114,116.93271488280523,711.2412697147188
2026-01-29 14:00:00+00:00,1053.76,7503.51,4061.52,919.06,460.78,110.59,661.04,1106.9467796348752,7001.822062081747,4400.313983471502,986.5823806507838,839.742239488673,119.05665028893169,954.9787108161395,485.40961665471394,4427.640215661185,1769.5389932032995,988.6486797514416,408.8096869510114,116.93271488280523,711.2412697147188,485.40961665471394,4427.640215661185,1769.5389932032995,988.6486797514416,408.8096869510114,116.93271488280523,711.2412697147188
2026-01-29 15:00:00+00:00,1049.27,7488.6,4104.35,941.44,852.83,113.22,670.89,1119.5330650881785,6980.211291969346,4409.981250963291,1040.612833287386,959.8206911386411,123.7736316328247,951.7851981707082,485.40961665471394,4427.640215661185,1769.5389932032995,988.6486797514416,408.8096869510114,116.93271488280523,711.2412697147188,485.40961665471394,4427.640215661185,1769.5389932032995,988.6486797514416,408.8096869510114,116.93271488280523,711.2412697147188
2026-01-29 16:00:00+00:00,1054.85,7505.41,4158.81,943.12,1225.3198,113.42,669.72,1132.6440278107896,6933.417940854939,4413.250598548689,1039.4021238774296,1284.330916080138,122.33287130806819,891.6484112985117,485.40961665471394,4427.640215661185,1769.5389932032995,988.6486797514416,408.8096869510114,116.93271488280523,711.2412697147188,485.40961665471394,4427.640215661185,1769.5389932032995,988.6486797514416,408.8096869510114,116.93271488280523,711.2412697147188
2026-01-29 17:00:00+00:00,1051.84,7524.82,4195.92,930.16,1226.84,111.9,686.46,1175.5281257110576,6714.85595427999,4387.596476821407,1046.4549219859466,900.9299496422688,123.75582904910026,877.9983215391585,485.40961665471394,4427.640215661185,1769.5389932032995,988.6486797514416,408.8096869510114,116.93271488280523,711.2412697147188,485.40961665471394,4427.640215661185,1769.5389932032995,988.6486797514416,408.8096869510114,116.93271488280523,711.2412697147188
2026-01-29 18:00:00+00:00,1046.38,7468.8,4152.66,929.69,742.95,111.85,682.84,1182.600551336487,6622.982793134777,4415.259210896008,1038.0951131348577,650.9822425244881,122.63696929810685,928.4631338876278,485.40961665471394,4427.640215661185,1769.5389932032995,988.6486797514416,408.8096869510114,116.93271488280523,711.2412697147188,485.40961665471394,4427.640215661185,1769.5389932032995,988.6486797514416,408.8096869510114,116.93271488280523,711.2412697147188
2026-01-29 19:00:00+00:00,1045.78,7474.9,4105.06,917.82,411.73,110.45,674.75,1176.5750214086386,6565.638928370001,4377.2707736869,1033.6431943564176,145.45853211968756,123.52666987314663,925.31138514446,485.40961665471394,4427.640215661185,1769.5389932032995,988.6486797514416,408.8096869510114,116.93271488280523,711.2412697147188,485.40961665471394,4427.640215661185,1769.5389932032995,988.6486797514416,408.8096869510114,116.93271488280523,711.2412697147188
2026-01-29 20:00:00+00:00,1058.54,7600.56,4025.45,1150.97,190.45,137.75,671.36,1131.829705993439,6452.901578691553,4306.267952291378,1019.5061963720213,166.13574098619313,120.95451811475637,893.9991448760545,485.40961665471394,4427.640215661185,1769.5389932032995,988.6486797514416,408.8096869510114,116.93271488280523,711.2412697147188,485.40961665471394,4427.640215661185,1769.5389932032995,988.6486797514416,408.8096869510114,116.93271488280523,711.2412697147188
2026-01-29 21:00:00+00:00,1047.67,7579.25,4063.5,1097.28,148.70001,128.49,687.59,1114.183262639877,6418.947168311432,4139.638150772176,1011.5495955300185,10.01501547564584,119.03962221467923,836.2678949213429,485.40961665471394,4427.640215661185,1769.5389932032995,988.6486797514416,408.8096869510114,116.93271488280523,711.2412697147188,485.40961665471394,4427.640215661185,1769.5389932032995,988.6486797514416,408.8096869510114,116.93271488280523,711.2412697147188
2026-01-29 22:00:00+00:00,955.34,7431.59,3910.45,1022.76,37.70001,119.76,684.33,1055.6705379556915,6128.054979384313,3983.8262848633485,981.5082047507624,86.24555893519448,113.88137450809344,811.1229027407232,485.40961665471394,4427.640215661185,1769.5389932032995,988.6486797514416,408.8096869510114,116.93271488280523,711.2412697147188,485.40961665471394,4427.640215661185,1769.5389932032995,988.6486797514416,408.8096869510114,116.93271488280523,711.2412697147188
2026-01-29 23:00:00+00:00,974.78,6718.89,3846.49,1020.41,3.1400092,122.47,1001.99,1023.4099495220119,6109.86980222973,3889.428364543035,989.419630281764,134.44386665703945,116.52882886006424,843.4822646517205,485.40961665471394,4427.640215661185,1769.5389932032995,988.6486797514416,408.8096869510114,116.93271488280523,711.2412697147188,485.40961665471394,4427.640215661185,1769.5389932032995,988.6486797514416,408.8096869510114,116.93271488280523,711.2412697147188
2026-01-30 00:00:00+00:00,1051.88,6215.09,3800.89,1012.94,1.4099982,121.59,1004.23,1036.7971566270442,6352.891186877264,3910.0572115455,1001.4068719125491,155.33707660330674,115.79185668717406,856.656802971763,485.40961665471394,4427.640215661185,1769.5389932032995,988.6486797514416,408.8096869510114,116.93271488280523,711.2412697147188,485.40961665471394,4427.640215661185,1769.5389932032995,988.6486797514416,408.8096869510114,116.93271488280523,711.2412697147188
2026-01-30 01:00:00+00:00,1060.6,6023.69,3798.92,1010.52,-5.431801e-06,121.3,999.73,1025.2323903569459,6397.628613004741,3880.7739410257964,1018.9261786550588,143.4777367242594,117.90370379669713,849.7568335850315,485.40961665471394,4427.640215661185,1769.5389932032995,988.6486797514416,408.8096869510114,116.93271488280523,711.2412697147188,485.40961665471394,4427.640215661185,1769.5389932032995,988.6486797514416,408.8096869510114,116.93271488280523,711.2412697147188
2026-01-30 02:00:00+00:00,1063.31,6033.06,3699.05,1022.05,-5.431801e-06,122.66,996.64,1045.81822753508,6396.870424004529,3916.962725849023,1021.1230846737501,101.38384744019481,117.32088441357988,848.2668733206187,485.40961665471394,4427.640215661185,1769.5389932032995,988.6486797514416,408.8096869510114,116.93271488280523,711.2412697147188,485.40961665471394,4427.640215661185,1769.5389932032995,988.6486797514416,408.8096869510114,116.93271488280523,711.2412697147188
2026-01-30 03:00:00+00:00,1060.43,6132.37,3740.2,1017.12,1.459986,122.07,995.69,1033.5716950001854,6447.5926007936605,3888.6535707173,1015.5029715312342,139.9299698703992,117.73617019143914,857.5290429088716,485.40961665471394,4427.640215661185,1769.5389932032995,988.6486797514416,408.8096869510114,116.93271488280523,711.2412697147188,485.40961665471394,4427.640215661185,1769.5389932032995,988.6486797514416,408.8096869510114,116.93271488280523,711.2412697147188
2026-01-30 04:00:00+00:00,988.66,6490.29,3952.64,1011.11,26.300013,121.37,1007.49,1044.9372227621998,6558.530393888123,3955.4303341649884,1014.8946258782436,257.8537462636194,115.94434605843716,847.2837676542418,485.40961665471394,4427.640215661185,1769.5389932032995,988.6486797514416,408.8096869510114,116.93271488280523,711.2412697147188,485.40961665471394,4427.640215661185,1769.5389932032995,988.6486797514416,408.8096869510114,116.93271488280523,711.2412697147188
2026-01-30 05:00:00+00:00,1057.89,7156.68,4203.83,1020.69,229.47,122.49,996.76,1103.7669259826073,6666.930466494936,4145.359433222615,1029.9816822796001,274.94755057097024,119.14079934640716,887.6686216848508,485.40961665471394,4427.640215661185,1769.5389932032995,988.6486797514416,408.8096869510114,116.93271488280523,711.2412697147188,485.40961665471394,4427.640215661185,1769.5389932032995,988.6486797514416,408.8096869510114,116.93271488280523,711.2412697147188
2026-01-30 06:00:00+00:00,1060.38,7549.82,4313.26,1027.23,1178.2399,123.26,999.96,1099.5561285684523,6557.45384544776,4324.218449190588,1028.3417275889128,649.6869518076533,120.04911833902383,918.7379772151188,485.40961665471394,4427.640215661185,1769.5389932032995,988.6486797514416,408.8096869510114,116.93271488280523,711.2412697147188,485.40961665471394,4427.640215661185,1769.5389932032995,988.6486797514416,408.8096869510114,116.93271488280523,711.2412697147188
2026-01-30 07:00:00+00:00,1059.13,7609.73,4363.13,1003.55,1587.92,120.5,1009.79,1099.2179416422803,6571.362245635784,4283.652412425897,1016.9056402971454,1248.7914467285327,119.76660609501346,901.260487395797,485.40961665471394,4427.640215661185,1769.5389932032995,988.6486797514416,408.8096869510114,116.93271488280523,711.2412697147188,485.40961665471394,4427.640215661185,1769.5389932032995,988.6486797514416,408.8096869510114,116.93271488280523,711.2412697147188
2026-01-30 08:00:00+00:00,1060.73,7596.15,4333.38,970.09,1425.91,116.57,1007.41,1092.6235264568204,6547.412527471266,4320.860917085354,1034.5798460452743,1083.3586433151659,121.08735974311364,887.8047281469089,485.40961665471394,4427.640215661185,1769.5389932032995,988.6486797514416,408.8096869510114,116.93271488280523,711.2412697147188,485.40961665471394,4427.640215661185,1769.5389932032995,988.6486797514416,408.8096869510114,116.93271488280523,711.2412697147188
2026-01-30 09:00:00+00:00,1062.67,7592.68,4293.42,1031.85,1186.93,124.18,993.45,1087.1604923645743,6755.42056201306,4339.2945396217165,1054.340589174473,475.21010173428704,122.47445866260497,863.4737740741768,485.40961665471394,4427.640215661185,1769.5389932032995,988.6486797514416,408.8096869510114,116.93271488280523,711.2412697147188,485.40961665471394,4427.640215661185,1769.5389932032995,988.6486797514416,408.8096869510114,116.93271488280523,711.2412697147188
2026-01-30 10:00:00+00:00,1068.75,7589.22,4120.03,1042.62,267.95,123.1,972.81,1064.0368274296331,6745.077804720083,4206.309173960553,1044.8427217646224,224.85895140149583,119.93098610820772,829.6067682959357,485.40961665471394,4427.640215661185,1769.5389932032995,988.6486797514416,408.8096869510114,116.93271488280523,711.2412697147188,485.40961665471394,4427.640215661185,1769.5389932032995,988.6486797514416,408.8096869510114,116.93271488280523,711.2412697147188
2026-01-30 11:00:00+00:00,1064.0,7541.54,4169.42,1034.37,69.05996,121.1,991.2,1078.1723662373442,6591.147842312516,4162.859305289484,1044.472959829707,199.91035829512174,120.00949941171463,833.4093860296274,485.40961665471394,4427.640215661185,1769.5389932032995,988.6486797514416,408.8096869510114,116.93271488280523,711.2412697147188,485.40961665471394,4427.640215661185,1769.5389932032995,988.6486797514416,408.8096869510114,116.93271488280523,711.2412697147188
2026-01-30 12:00:00+00:00,1062.02,7581.23,4127.05,1030.56,86.14999,120.67,996.34,1056.0329935633308,6614.2435944572735,4180.029831621823,1048.9119233505965,171.11248198092704,120.52343590515258,884.2290997218655,485.40961665471394,4427.640215661185,1769.5389932032995,988.6486797514416,408.8096869510114,116.93271488280523,711.2412697147188,485.40961665471394,4427.640215661185,1769.5389932032995,988.6486797514416,408.8096869510114,116.93271488280523,711.2412697147188
2026-01-30 13:00:00+00:00,1059.7,7559.28,4095.07,1036.25,60.230007,121.34,1015.24,1061.495387896179,6664.419902463964,4084.0686951589296,1042.9787389705882,182.83060994689066,120.25848042012348,884.1852684013928,485.40961665471394,4427.640215661185,1769.5389932032995,988.6486797514416,408.8096869510114,116.93271488280523,711.2412697147188,485.40961665471394,4427.640215661185,1769.5389932032995,988.6486797514416,408.8096869510114,116.93271488280523,711.2412697147188
2026-01-30 14:00:00+00:00,1059.36,7553.15,4163.7,1042.56,100.63,122.07,1017.74,1033.89820206252,6539.131552543328,3987.3065988350036,1036.783018036717,300.65791832770066,119.23771037252074,891.5320427402191,485.40961665471394,4427.640215661185,1769.5389932032995,988.6486797514416,408.8096869510114,116.93271488280523,711.2412697147188,485.40961665471394,4427.640215661185,1769.5389932032995,988.6486797514416,408.8096869510114,116.93271488280523,711.2412697147188
2026-01-30 15:00:00+00:00,1062.93,7538.3,3995.13,1047.72,116.89999,122.67,987.32,1014.4256612356867,6600.092762198747,4088.799830938115,1082.308821259897,726.5479604560721,126.82945715673286,878.6426216577576,485.40961665471394,4427.640215661185,1769.5389932032995,988.6486797514416,408.8096869510114,116.93271488280523,711.2412697147188,485.40961665471394,4427.640215661185,1769.5389932032995,988.6486797514416,408.8096869510114,116.93271488280523,711.2412697147188
2026-01-30 16:00:00+00:00,1064.79,7442.22,3887.95,1043.42,138.19,140.31,982.57,995.5257114043211,6468.141487792459,4210.647545278417,1058.1154844889625,1007.0883789256952,126.56726404280381,907.4684205429329,485.40961665471394,4427.640215661185,1769.5389932032995,988.6486797514416,408.8096869510114,116.93271488280523,711.2412697147188,485.40961665471394,4427.640215661185,1769.5389932032995,988.6486797514416,408.8096869510114,116.93271488280523,711.2412697147188
2026-01-30 17:00:00+00:00,1060.74,7419.43,3851.34,1066.9,115.77999,149.22,987.97,1056.0445709874898,6396.222458368221,4339.927866143276,1053.548192508047,670.2875801833088,128.91420097513205,815.9151911699618,485.40961665471394,4427.640215661185,1769.5389932032995,988.6486797514416,408.8096869510114,116.93271488280523,711.2412697147188,485.40961665471394,4427.640215661185,1769.5389932032995,988.6486797514416,408.8096869510114,116.93271488280523,711.2412697147188
2026-01-30 18:00:00+00:00,1055.64,7264.42,3817.76,1046.35,86.35,129.02,981.02,1061.6819195563812,6385.509193532281,4248.303738667436,1069.140785834434,350.0256166824516,126.55074618018772,763.6829836560551,485.40961665471394,4427.640215661185,1769.5389932032995,988.6486797514416,408.8096869510114,116.93271488280523,711.2412697147188,485.40961665471394,4427.640215661185,1769.5389932032995,988.6486797514416,408.8096869510114,116.93271488280523,711.2412697147188
2026-01-30 19:00:00+00:00,1055.16,7138.57,3800.72,1036.14,66.689995,121.3,976.95,1060.736671132356,6128.276320717164,4053.4106926505497,1035.6321973669058,85.46423871457205,123.86792147665577,739.7565921885002,485.40961665471394,4427.640215661185,1769.5389932032995,988.6486797514416,408.8096869510114,116.93271488280523,711.2412697147188,485.40961665471394,4427.640215661185,1769.5389932032995,988.6486797514416,408.8096869510114,116.93271488280523,711.2412697147188
2026-01-30 20:00:00+00:00,950.31006,6708.3,3588.01,1025.62,-5.431801e-06,120.07,975.26,1028.6792315041425,5921.5043517219865,4004.220093566496,1034.985847918532,39.83587714276325,122.96252307380178,744.7074200531358,485.40961665471394,4427.640215661185,1769.5389932032995,988.6486797514416,408.8096869510114,116.93271488280523,711.2412697147188,485.40961665471394,4427.640215661185,1769.5389932032995,988.6486797514416,408.8096869510114,116.93271488280523,711.2412697147188
2026-01-30 21:00:00+00:00,843.92,6318.56,3405.6,1022.35,-5.431801e-06,119.69,969.21,939.9847261182842,5913.326939879418,3752.475417247352,1003.9898543306275,-55.065636706786506,119.11401873208885,745.9606189364404,485.40961665471394,4427.640215661185,1769.5389932032995,988.6486797514416,408.8096869510114,116.93271488280523,711.2412697147188,485.40961665471394,4427.640215661185,1769.5389932032995,988.6486797514416,408.8096869510114,116.93271488280523,711.2412697147188
2026-01-30 22:00:00+00:00,801.86,5198.01,3287.03,1017.01,-5.431801e-06,119.07,972.2,953.8631064531769,5764.084417137115,3599.5381873628166,1004.2475829241977,36.663816004960495,116.68444313046018,738.0327428080592,485.40961665471394,4427.640215661185,1769.5389932032995,988.6486797514416,408.8096869510114,116.93271488280523,711.2412697147188,485.40961665471394,4427.640215661185,1769.5389932032995,988.6486797514416,408.8096869510114,116.93271488280523,711.2412697147188
2026-01-30 23:00:00+00:00,918.59,5483.17,3495.72,1015.4,-5.431801e-06,118.88,988.54,883.6607892050772,5701.67054413838,3469.3371513543143,1009.4991380873505,85.37254306338184,115.42366176391003,729.1050712308755,485.40961665471394,4427.640215661185,1769.5389932032995,988.6486797514416,408.8096869510114,116.93271488280523,711.2412697147188,485.40961665471394,4427.640215661185,1769.5389932032995,988.6486797514416,408.8096869510114,116.93271488280523,711.2412697147188
2026-01-31 00:00:00+00:00,917.34,4695.32,3604.33,1016.39,-5.431801e-06,118.99,996.13,778.956938008977,5026.4423946261195,3404.692595449518,1017.1181164679748,89.19920411152458,116.59247503969655,810.9030544106807,485.40961665471394,4427.640215661185,1769.5389932032995,988.6486797514416,408.8096869510114,116.93271488280523,711.2412697147188,485.40961665471394,4427.640215661185,1769.5389932032995,988.6486797514416,408.8096869510114,116.93271488280523,711.2412697147188
2026-01-31 01:00:00+00:00,943.21,4373.56,3627.0803,1008.56,-5.431801e-06,118.09,994.16,698.5265823821258,5042.811497897477,3454.8854724025196,1014.7239214070479,92.50826844708155,118.55018416405508,827.2529520812902,485.40961665471394,4427.640215661185,1769.5389932032995,988.6486797514416,408.8096869510114,116.93271488280523,711.2412697147188,485.40961665471394,4427.640215661185,1769.5389932032995,988.6486797514416,408.8096869510114,116.93271488280523,711.2412697147188
2026-01-31 02:00:00+00:00,903.41,4140.25,3627.7,1011.33,-5.431801e-06,118.41,987.68,641.0684660776607,4401.986974113205,3495.8913067266158,1010.556762345381,109.84799585394097,119.1716405082733,917.0072789350138,485.40961665471394,4427.640215661185,1769.5389932032995,988.6486797514416,408.8096869510114,116.93271488280523,711.2412697147188,485.40961665471394,4427.640215661185,1769.5389932032995,988.6486797514416,408.8096869510114,116.93271488280523,711.2412697147188
2026-01-31 03:00:00+00:00,978.36,3950.0,3620.2803,1023.44,-5.431801e-06,119.83,994.25,653.1409638905553,4422.554058201777,3498.2633713102123,1010.2063506345761,108.7774585031222,116.23600604809296,902.1213372687139,485.40961665471394,4427.640215661185,1769.5389932032995,988.6486797514416,408.8096869510114,116.93271488280523,711.2412697147188,485.40961665471394,4427.640215661185,1769.5389932032995,988.6486797514416,408.8096869510114,116.93271488280523,711.2412697147188
2026-01-31 04:00:00+00:00,1000.91,3703.06,3666.01,1022.78,-5.431801e-06,119.75,1001.78,682.575128075703,4318.72590605538,3430.334506740366,1016.4712182932519,144.6413382100634,118.10686602657567,904.3670114318558,485.40961665471394,4427.640215661185,1769.5389932032995,988.6486797514416,408.8096869510114,116.93271488280523,711.2412697147188,485.40961665471394,4427.640215661185,1769.5389932032995,988.6486797514416,408.8096869510114,116.93271488280523,711.2412697147188
2026-01-31 05:00:00+00:00,921.41,4177.23,3667.22,1027.05,-5.431801e-06,120.24,996.28,794.2623943421406,4594.546346227372,3457.8440030306283,1017.4288714274085,196.02785397365412,118.84563268797997,949.9042871560147,485.40961665471394,4427.640215661185,1769.5389932032995,988.6486797514416,408.8096869510114,116.93271488280523,711.2412697147188,485.40961665471394,4427.640215661185,1769.5389932032995,988.6486797514416,408.8096869510114,116.93271488280523,711.2412697147188
2026-01-31 06:00:00+00:00,834.66,5784.95,3714.79,1029.32,0.12999944,144.53,990.37,892.8850255755341,5029.574419265128,3177.0953049235395,980.5748451916196,194.92313141701123,113.5108555027247,941.0690930084234,485.40961665471394,4427.640215661185,1769.5389932032995,988.6486797514416,408.8096869510114,116.93271488280523,711.2412697147188,485.40961665471394,4427.640215661185,1769.5389932032995,988.6486797514416,408.8096869510114,116.93271488280523,711.2412697147188
2026-01-31 07:00:00+00:00,836.24,5666.99,3708.89,1034.7,0.029993348,121.75,990.58,842.4466332701568,4844.002269368116,3446.8711747472744,992.0695411437915,282.9417324778386,119.30355347832284,917.4049826944504,485.40961665471394,4427.640215661185,1769.5389932032995,988.6486797514416,408.8096869510114,116.93271488280523,711.2412697147188,485.40961665471394,4427.640215661185,1769.5389932032995,988.6486797514416,408.8096869510114,116.93271488280523,711.2412697147188
2026-01-31 08:00:00+00:00,827.06,5617.81,3763.61,1023.24,-5.431801e-06,119.79,984.83,974.3881925414246,4972.15958835498,3747.9054278125886,987.4941431505118,219.2997031562079,119.56076281873244,843.5271184317196,485.40961665471394,4427.640215661185,1769.5389932032995,988.6486797514416,408.8096869510114,116.93271488280523,711.2412697147188,485.40961665471394,4427.640215661185,1769.5389932032995,988.6486797514416,408.8096869510114,116.93271488280523,711.2412697147188
2026-01-31 09:00:00+00:00,868.82,5233.47,3820.48,1025.68,-5.431801e-06,120.08,985.95,988.6509267756505,5064.15145959169,3803.529589481341,1006.7552880555414,192.52672990987205,118.90127499691378,828.1194750916189,485.40961665471394,4427.640215661185,1769.5389932032995,988.6486797514416,408.8096869510114,116.93271488280523,711.2412697147188,485.40961665471394,4427.640215661185,1769.5389932032995,988.6486797514416,408.8096869510114,116.93271488280523,711.2412697147188
2026-01-31 10:00:00+00:00,867.12,4940.88,3751.57,1016.53,-5.431801e-06,119.01,986.14,965.3064727909826,5229.016024866365,3857.293258365709,1006.9879424195254,92.15063956586346,119.59444041397103,868.695935774648,485.40961665471394,4427.640215661185,1769.5389932032995,988.6486797514416,408.8096869510114,116.93271488280523,711.2412697147188,485.40961665471394,4427.640215661185,1769.5389932032995,988.6486797514416,408.8096869510114,116.93271488280523,711.2412697147188
2026-01-31 11:00:00+00:00,749.83,4594.69,3713.17,1024.83,-5.431801e-06,119.99,987.66,965.2660402619051,5199.12682047953,3750.8747812264655,1010.4220624894226,94.52921964255086,116.78648779518582,906.6030340444984,485.40961665471394,4427.640215661185,1769.5389932032995,988.6486797514416,408.8096869510114,116.93271488280523,711.2412697147188,485.40961665471394,4427.640215661185,1769.5389932032995,988.6486797514416,408.8096869510114,116.93271488280523,711.2412697147188
2026-01-31 12:00:00+00:00,739.99,4474.0,3715.37,1023.77,-5.431801e-06,119.87,983.1,968.1678940888079,5138.68589146586,3758.2036380344207,1007.2885059316468,64.02435674338591,115.88797290441975,962.0161558693271,485.40961665471394,4427.640215661185,1769.5389932032995,988.6486797514416,408.8096869510114,116.93271488280523,711.2412697147188,485.40961665471394,4427.640215661185,1769.5389932032995,988.6486797514416,408.8096869510114,116.93271488280523,711.2412697147188
2026-01-31 13:00:00+00:00,743.58,4689.26,3710.53,1026.72,-5.431801e-06,120.22,982.24,991.3941872979664,5123.945754650101,3736.401520265131,1003.8024742367926,61.587100997427285,117.97360495218344,949.9451620994513,485.40961665471394,4427.640215661185,1769.5389932032995,988.6486797514416,408.8096869510114,116.93271488280523,711.2412697147188,485.40961665471394,4427.640215661185,1769.5389932032995,988.6486797514416,408.8096869510114,116.93271488280523,711.2412697147188
2026-01-31 14:00:00+00:00,743.57,5561.58,3712.8,1029.87,-5.431801e-06,120.58,976.16,982.7249052584198,5189.738613496031,3753.203845973687,984.6070229710522,401.738521989033,119.95824091209728,865.3568121511627,485.40961665471394,4427.640215661185,1769.5389932032995,988.6486797514416,408.8096869510114,116.93271488280523,711.2412697147188,485.40961665471394,4427.640215661185,1769.5389932032995,988.6486797514416,408.8096869510114,116.93271488280523,711.2412697147188
2026-01-31 15:00:00+00:00,744.62,5807.65,3803.49,1065.21,299.27,124.71,988.16,1004.0881682287688,5384.9862698245,3768.9089099551984,1004.1915106048035,652.2371706965916,129.05807838773822,857.9347843749448,485.40961665471394,4427.640215661185,1769.5389932032995,988.6486797514416,408.8096869510114,116.93271488280523,711.2412697147188,485.40961665471394,4427.640215661185,1769.5389932032995,988.6486797514416,408.8096869510114,116.93271488280523,711.2412697147188
2026-01-31 16:00:00+00:00,758.81,5591.5,3879.54,1069.92,1395.2799,143.47,989.52,1010.5648797416229,5447.188179584377,3894.861866751001,1007.9599819072416,973.3670810440001,133.44367907060538,842.9306748486525,485.40961665471394,4427.640215661185,1769.5389932032995,988.6486797514416,408.8096869510114,116.93271488280523,711.2412697147188,485.40961665471394,4427.640215661185,1769.5389932032995,988.6486797514416,408.8096869510114,116.93271488280523,711.2412697147188
2026-01-31 17:00:00+00:00,796.13,5598.16,3879.48,1075.39,1524.17,150.14,985.11,1075.9156759978323,5730.860589705832,3985.7921049127676,993.5217706838162,796.0333749642643,130.6156249684685,720.4056340596736,485.40961665471394,4427.640215661185,1769.5389932032995,988.6486797514416,408.8096869510114,116.93271488280523,711.2412697147188,485.40961665471394,4427.640215661185,1769.5389932032995,988.6486797514416,408.8096869510114,116.93271488280523,711.2412697147188
2026-01-31 18:00:00+00:00,805.84,5941.34,3876.95,1073.43,1358.66,149.83,985.29,1041.2486802605445,5615.890097068543,3949.831947831411,983.7500041731922,486.4097783966116,125.60077357590663,779.2342052408294,485.40961665471394,4427.640215661185,1769.5389932032995,988.6486797514416,408.8096869510114,116.93271488280523,711.2412697147188,485.40961665471394,4427.640215661185,1769.5389932032995,988.6486797514416,408.8096869510114,116.93271488280523,711.2412697147188
2026-01-31 19:00:00+00:00,797.21,5938.46,3762.78,1043.34,350.18,128.58,980.0,1049.7994669717023,5181.998381513078,3921.419421571117,971.8340463941886,167.28285995397218,122.2878554125706,827.3702817874599,485.40961665471394,4427.640215661185,1769.5389932032995,988.6486797514416,408.8096869510114,116.93271488280523,711.2412697147188,485.40961665471394,4427.640215661185,1769.5389932032995,988.6486797514416,408.8096869510114,116.93271488280523,711.2412697147188
2026-01-31 20:00:00+00:00,796.92,6068.28,3719.9001,1031.2,49.70001,120.72,982.98,1010.164684512675,5200.26030132031,3844.1766260822233,977.2393146407038,90.8147330401178,118.96980900009015,832.4505564354299,485.40961665471394,4427.640215661185,1769.5389932032995,988.6486797514416,408.8096869510114,116.93271488280523,711.2412697147188,485.40961665471394,4427.640215661185,1769.5389932032995,988.6486797514416,408.8096869510114,116.93271488280523,711.2412697147188
2026-01-31 21:00:00+00:00,794.14,5907.03,3694.72,1029.51,66.11999,120.52,974.34,1047.8179106881573,5264.648712000855,3814.4650461659394,962.8041250863993,-23.940886428285864,116.33303085062462,847.0571278862167,485.40961665471394,4427.640215661185,1769.5389932032995,988.6486797514416,408.8096869510114,116.93271488280523,711.2412697147188,485.40961665471394,4427.640215661185,1769.5389932032995,988.6486797514416,408.8096869510114,116.93271488280523,711.2412697147188
2026-01-31 22:00:00+00:00,884.27,5521.34,3627.6802,1005.26,57.86999,117.69,976.12,1025.0248731058318,5274.130314851907,3688.7167741800185,975.4518592902415,13.824974689187457,111.69283913421923,843.7324080523886,485.40961665471394,4427.640215661185,1769.5389932032995,988.6486797514416,408.8096869510114,116.93271488280523,711.2412697147188,485.40961665471394,4427.640215661185,1769.5389932032995,988.6486797514416,408.8096869510114,116.93271488280523,711.2412697147188
2026-01-31 23:00:00+00:00,912.99,5267.04,3744.34,1029.59,0.98000556,120.54,987.93,973.8290900260577,5254.3626301513,3524.098087919371,988.6491413150382,3.2928625010487735,114.95571254512164,864.3205426105637,485.40961665471394,4427.640215661185,1769.5389932032995,988.6486797514416,408.8096869510114,116.93271488280523,711.2412697147188,485.40961665471394,4427.640215661185,1769.5389932032995,988.6486797514416,408.8096869510114,116.93271488280523,711.2412697147188
2026-02-01 00:00:00+00:00,1007.89,4789.19,3814.29,1019.72,-5.431801e-06,119.37,994.76,972.1038347450718,5691.750376911318,3520.5806904007604,970.0213231980107,14.85513536121914,112.48262780949584,841.4879697141788,485.40961665471394,4427.640215661185,1769.5389932032995,988.6486797514416,408.8096869510114,116.93271488280523,711.2412697147188,485.40961665471394,4427.640215661185,1769.5389932032995,988.6486797514416,408.8096869510114,116.93271488280523,711.2412697147188
2026-02-01 01:00:00+00:00,1092.32,4354.27,3825.78,1033.76,0.05001288,121.02,988.93,952.142420864996,5679.748073840282,3523.637707762242,967.4466398732234,10.887964886441125,114.42722779045388,824.4024441964131,485.40961665471394,4427.640215661185,1769.5389932032995,988.6486797514416,408.8096869510114,116.93271488280523,711.2412697147188,485.40961665471394,4427.640215661185,1769.5389932032995,988.6486797514416,408.8096869510114,116.93271488280523,711.2412697147188
2026-02-01 02:00:00+00:00,1022.28,4251.01,3760.52,1022.0,-5.431801e-06,119.64,983.22,931.1188204218704,5494.511341337861,3471.0406491883505,991.6917032627747,11.550505271016561,117.54293674491284,812.6454810694853,485.40961665471394,4427.640215661185,1769.5389932032995,988.6486797514416,408.8096869510114,116.93271488280523,711.2412697147188,485.40961665471394,4427.640215661185,1769.5389932032995,988.6486797514416,408.8096869510114,116.93271488280523,711.2412697147188
2026-02-01 03:00:00+00:00,1074.38,4252.99,3727.71,1006.72,-5.431801e-06,117.86,986.14,941.1074623150514,5470.014701855986,3481.202189782083,978.5317964733952,10.479967920197737,116.88770192663335,844.1305857220841,485.40961665471394,4427.640215661185,1769.5389932032995,988.6486797514416,408.8096869510114,116.93271488280523,711.2412697147188,485.40961665471394,4427.640215661185,1769.5389932032995,988.6486797514416,408.8096869510114,116.93271488280523,711.2412697147188
2026-02-01 04:00:00+00:00,1065.58,4276.6,3785.17,1022.86,-5.431801e-06,119.75,995.55,942.6902796675301,5408.03858877357,3490.910242859887,976.7809439127491,9.297225050061002,115.31953832476567,856.172506999069,485.40961665471394,4427.640215661185,1769.5389932032995,988.6486797514416,408.8096869510114,116.93271488280523,711.2412697147188,485.40961665471394,4427.640215661185,1769.5389932032995,988.6486797514416,408.8096869510114,116.93271488280523,711.2412697147188
2026-02-01 05:00:00+00:00,1123.14,4275.64,3783.23,1033.43,0.14000921,120.98,995.37,962.737093162095,5601.358603108995,3577.285242628962,969.3951636590936,9.29420064300598,113.6972407207946,812.2762609709475,485.40961665471394,4427.640215661185,1769.5389932032995,988.6486797514416,408.8096869510114,116.93271488280523,711.2412697147188,485.40961665471394,4427.640215661185,1769.5389932032995,988.6486797514416,408.8096869510114,116.93271488280523,711.2412697147188
2026-02-01 06:00:00+00:00,1155.47,4513.93,3848.1,1033.64,-5.431801e-06,121.01,992.59,1022.0173736172073,5701.688238440497,3399.357706652581,991.8519114434552,27.278023341946437,116.07240115548015,857.6311766351598,485.40961665471394,4427.640215661185,1769.5389932032995,988.6486797514416,408.8096869510114,116.93271488280523,711.2412697147188,485.40961665471394,4427.640215661185,1769.5389932032995,988.6486797514416,408.8096869510114,116.93271488280523,711.2412697147188
2026-02-01 07:00:00+00:00,1185.15,5110.39,3899.39,1034.23,0.05001288,121.08,1004.07,940.6427042868265,5573.601175131003,3442.0595243418697,968.0237325628639,200.83232027339014,114.76439265039491,856.9164939117587,485.40961665471394,4427.640215661185,1769.5389932032995,988.6486797514416,408.8096869510114,116.93271488280523,711.2412697147188,485.40961665471394,4427.640215661185,1769.5389932032995,988.6486797514416,408.8096869510114,116.93271488280523,711.2412697147188
2026-02-01 08:00:00+00:00,1199.18,5103.7,3918.12,1023.06,-5.431801e-06,119.77,1006.82,974.078047392312,5593.215325072986,3578.7586120748283,957.0629702088172,203.05156087326571,114.76331289751873,893.6926762070636,485.40961665471394,4427.640215661185,1769.5389932032995,988.6486797514416,408.8096869510114,116.93271488280523,711.2412697147188,485.40961665471394,4427.640215661185,1769.5389932032995,988.6486797514416,408.8096869510114,116.93271488280523,711.2412697147188
2026-02-01 09:00:00+00:00,1213.57,4805.9,3897.21,1031.41,-5.431801e-06,120.76,1009.73,980.4068209048137,5608.8129111535145,3659.9445831383673,954.89596460767,165.6335321004051,114.90088753213332,856.7819824930426,485.40961665471394,4427.640215661185,1769.5389932032995,988.6486797514416,408.8096869510114,116.93271488280523,711.2412697147188,485.40961665471394,4427.640215661185,1769.5389932032995,988.6486797514416,408.8096869510114,116.93271488280523,711.2412697147188
2026-02-01 10:00:00+00:00,1220.74,4676.9,3912.48,1007.04,-5.431801e-06,117.91,1008.98,1055.5989263685246,5819.122915439179,3706.2769137675887,961.8332169995073,98.61295399935796,111.49317445033442,898.8993632280021,485.40961665471394,4427.640215661185,1769.5389932032995,988.6486797514416,408.8096869510114,116.93271488280523,711.2412697147188,485.40961665471394,4427.640215661185,1769.5389932032995,988.6486797514416,408.8096869510114,116.93271488280523,711.2412697147188
2026-02-01 11:00:00+00:00,1225.71,4490.39,3806.15,980.95,-5.431801e-06,114.85,999.93,1060.1855265649615,5763.01113583321,3818.456077768052,977.3208029636143,37.784010469600275,112.86859262551374,863.8433878232681,485.40961665471394,4427.640215661185,1769.5389932032995,988.6486797514416,408.8096869510114,116.93271488280523,711.2412697147188,485.40961665471394,4427.640215661185,1769.5389932032995,988.6486797514416,408.8096869510114,116.93271488280523,711.2412697147188
2026-02-01 12:00:00+00:00,1216.3,4361.39,3791.85,975.82,-5.431801e-06,114.26,1009.74,1007.3137202290052,5449.411722012035,3594.5680311362057,948.8872125182437,52.17675548468509,108.39921773416526,868.3997495989639,485.40961665471394,4427.640215661185,1769.5389932032995,988.6486797514416,408.8096869510114,116.93271488280523,711.2412697147188,485.40961665471394,4427.640215661185,1769.5389932032995,988.6486797514416,408.8096869510114,116.93271488280523,711.2412697147188
2026-02-01 13:00:00+00:00,1218.19,4687.36,3805.09,983.83,0.05001288,115.19,1008.85,982.688136877656,5388.627966454555,3593.634987250204,970.2054567017015,90.1300870725949,111.52075304624802,870.5059210470944,485.40961665471394,4427.640215661185,1769.5389932032995,988.6486797514416,408.8096869510114,116.93271488280523,711.2412697147188,485.40961665471394,4427.640215661185,1769.5389932032995,988.6486797514416,408.8096869510114,116.93271488280523,711.2412697147188
2026-02-01 14:00:00+00:00,1222.81,5439.14,3935.0,981.76,-5.431801e-06,114.94,1007.71,958.7537759342413,5400.428414236914,3593.115973810479,987.642149314628,208.26703116923227,114.32008545611512,891.4546415239887,485.40961665471394,4427.640215661185,1769.5389932032995,988.6486797514416,408.8096869510114,116.93271488280523,711.2412697147188,485.40961665471394,4427.640215661185,1769.5389932032995,988.6486797514416,408.8096869510114,116.93271488280523,711.2412697147188
2026-02-01 15:00:00+00:00,1152.12,5797.62,3982.35,1001.68,-5.431801e-06,117.27,1015.08,980.783643734786,5190.443106993546,3784.0624904835663,1013.6210591952381,559.368534966718,124.00676448376142,852.7022150294781,485.40961665471394,4427.640215661185,1769.5389932032995,988.6486797514416,408.8096869510114,116.93271488280523,711.2412697147188,485.40961665471394,4427.640215661185,1769.5389932032995,988.6486797514416,408.8096869510114,116.93271488280523,711.2412697147188
2026-02-01 16:00:00+00:00,1054.78,5851.65,4018.42,1000.81,559.23,129.19,1016.75,992.8710398862604,5068.080119545471,3833.3547662743085,972.6167556382771,874.4491036984793,124.48454960474616,838.4258995690617,485.40961665471394,4427.640215661185,1769.5389932032995,988.6486797514416,408.8096869510114,116.93271488280523,711.2412697147188,485.40961665471394,4427.640215661185,1769.5389932032995,988.6486797514416,408.8096869510114,116.93271488280523,711.2412697147188
2026-02-01 17:00:00+00:00,1065.31,5835.59,4036.2,1025.59,864.1599,144.15,1016.0,1104.0219471207727,5552.365566309967,4132.209130848895,967.2997094259426,748.9817004290305,125.4102979437993,755.1676636988645,485.40961665471394,4427.640215661185,1769.5389932032995,988.6486797514416,408.8096869510114,116.93271488280523,711.2412697147188,485.40961665471394,4427.640215661185,1769.5389932032995,988.6486797514416,408.8096869510114,116.93271488280523,711.2412697147188
2026-02-01 18:00:00+00:00,1129.68,5835.14,4066.94,1080.65,793.38,150.67,1005.28,1102.3606734367647,5471.245254934979,4115.606616250689,986.0267168927269,547.962454763191,123.37447934235318,719.222473848541,485.40961665471394,4427.640215661185,1769.5389932032995,988.6486797514416,408.8096869510114,116.93271488280523,711.2412697147188,485.40961665471394,4427.640215661185,1769.5389932032995,988.6486797514416,408.8096869510114,116.93271488280523,711.2412697147188
2026-02-01 19:00:00+00:00,1092.96,5847.26,4008.97,1075.92,231.18,138.28,996.09,1082.280643170466,5566.798188820238,4081.004370142842,951.5269062748125,184.40947115398455,122.31346396333228,725.4349540975734,485.40961665471394,4427.640215661185,1769.5389932032995,988.6486797514416,408.8096869510114,116.93271488280523,711.2412697147188,485.40961665471394,4427.640215661185,1769.5389932032995,988.6486797514416,408.8096869510114,116.93271488280523,711.2412697147188
2026-02-01 20:00:00+00:00,1145.86,5650.89,3913.82,1000.71,57.17004,117.15,984.14,1035.2223206785986,5559.276063276414,3902.8890693001977,988.9061242491396,113.11347376844964,124.53513959986344,719.3785534382229,485.40961665471394,4427.640215661185,1769.5389932032995,988.6486797514416,408.8096869510114,116.93271488280523,711.2412697147188,485.40961665471394,4427.640215661185,1769.5389932032995,988.6486797514416,408.8096869510114,116.93271488280523,711.2412697147188
2026-02-01 21:00:00+00:00,1207.09,5557.2,3917.4,888.07,89.05999,103.98,998.52,1020.4709318697785,5487.449594075364,3808.200297194873,966.2058573704313,-16.325733513012608,117.07872265379822,749.4346501197339,485.40961665471394,4427.640215661185,1769.5389932032995,988.6486797514416,408.8096869510114,116.93271488280523,711.2412697147188,485.40961665471394,4427.640215661185,1769.5389932032995,988.6486797514416,408.8096869510114,116.93271488280523,711.2412697147188
2026-02-01 22:00:00+00:00,1144.76,5452.16,3721.89,882.67,30.969995,103.35,982.3,793.4799160856251,4983.248788942146,3623.441766862663,959.6691627651115,82.55576803926738,114.2945760695146,797.1204561198291,485.40961665471394,4427.640215661185,1769.5389932032995,988.6486797514416,408.8096869510114,116.93271488280523,711.2412697147188,485.40961665471394,4427.640215661185,1769.5389932032995,988.6486797514416,408.8096869510114,116.93271488280523,711.2412697147188
2026-02-01 23:00:00+00:00,1133.2,3558.23,3826.12,877.78,55.220028,102.77,991.39,709.3896936209982,4411.375269420188,3617.6992236803717,936.649039317831,27.32306487443259,110.73963369589667,870.6323155159598,485.40961665471394,4427.640215661185,1769.5389932032995,988.6486797514416,408.8096869510114,116.93271488280523,711.2412697147188,485.40961665471394,4427.640215661185,1769.5389932032995,988.6486797514416,408.8096869510114,116.93271488280523,711.2412697147188
2026-02-02 00:00:00+00:00,1180.0,3015.61,3849.19,880.59,-5.431801e-06,103.09,997.73,783.8129011137505,4719.425713748668,3697.378833215076,963.7845357708458,39.02823020619934,113.86519971432367,953.9003989841574,485.40961665471394,4427.640215661185,1769.5389932032995,988.6486797514416,408.8096869510114,116.93271488280523,711.2412697147188,485.40961665471394,4427.640215661185,1769.5389932032995,988.6486797514416,408.8096869510114,116.93271488280523,711.2412697147188
2026-02-02 01:00:00+00:00,1220.44,2899.79,3832.25,877.06,-5.431801e-06,102.68,992.97,754.1089236495126,4774.487718596227,3610.762188907574,961.9647904730421,22.828471817652314,110.4731360126183,920.0959518399105,485.40961665471394,4427.640215661185,1769.5389932032995,988.6486797514416,408.8096869510114,116.93271488280523,711.2412697147188,485.40961665471394,4427.640215661185,1769.5389932032995,988.6486797514416,408.8096869510114,116.93271488280523,711.2412697147188
2026-02-02 02:00:00+00:00,1223.14,3029.99,3828.87,877.72,-5.431801e-06,102.75,986.3,734.4501565791572,4650.445143432015,3626.395902279738,964.2270630844987,4.322169451265381,108.8892908402286,918.7072086017986,485.40961665471394,4427.640215661185,1769.5389932032995,988.6486797514416,408.8096869510114,116.93271488280523,711.2412697147188,485.40961665471394,4427.640215661185,1769.5389932032995,988.6486797514416,408.8096869510114,116.93271488280523,711.2412697147188
2026-02-02 03:00:00+00:00,1225.08,3073.28,3873.4,875.17,-5.431801e-06,102.46,988.35,751.0296267415945,4626.421062950856,3674.752620231487,962.4690111911041,-2.7625819130994387,110.29212570602972,908.1318391222285,485.40961665471394,4427.640215661185,1769.5389932032995,988.6486797514416,408.8096869510114,116.93271488280523,711.2412697147188,485.40961665471394,4427.640215661185,1769.5389932032995,988.6486797514416,408.8096869510114,116.93271488280523,711.2412697147188
2026-02-02 04:00:00+00:00,1225.37,3797.79,3947.16,878.94,4.11999,102.91,997.6,804.7430299627291,5214.6667171596655,3716.4003109783243,966.0562911148762,5.941660628785314,110.35537058147031,931.7839313258962,485.40961665471394,4427.640215661185,1769.5389932032995,988.6486797514416,408.8096869510114,116.93271488280523,711.2412697147188,485.40961665471394,4427.640215661185,1769.5389932032995,988.6486797514416,408.8096869510114,116.93271488280523,711.2412697147188
2026-02-02 05:00:00+00:00,1216.0,5159.95,4083.9001,889.03,160.88,104.13,995.22,1052.4593485782968,5750.407043446922,4010.8638371111674,978.7977460546717,101.99270370654449,116.2722546407588,907.4481979141206,485.40961665471394,4427.640215661185,1769.5389932032995,988.6486797514416,408.8096869510114,116.93271488280523,711.2412697147188,485.40961665471394,4427.640215661185,1769.5389932032995,988.6486797514416,408.8096869510114,116.93271488280523,711.2412697147188
2026-02-02 06:00:00+00:00,1213.62,5440.14,4217.4,883.52,514.58,118.29,996.94,1009.8065218896434,5877.292179346209,3818.8777729905128,965.677278653244,440.5394301034314,116.81405384059458,932.527262706219,485.40961665471394,4427.640215661185,1769.5389932032995,988.6486797514416,408.8096869510114,116.93271488280523,711.2412697147188,485.40961665471394,4427.640215661185,1769.5389932032995,988.6486797514416,408.8096869510114,116.93271488280523,711.2412697147188
2026-02-02 07:00:00+00:00,1210.05,5401.28,4225.17,883.77,1053.32,130.63,1008.75,943.8270850550737,5237.431330626421,4134.992861446848,952.435623143547,1162.698422479954,115.57731502207619,900.7299720175688,485.40961665471394,4427.640215661185,1769.5389932032995,988.6486797514416,408.8096869510114,116.93271488280523,711.2412697147188,485.40961665471394,4427.640215661185,1769.5389932032995,988.6486797514416,408.8096869510114,116.93271488280523,711.2412697147188
2026-02-02 08:00:00+00:00,1150.81,5649.98,4158.5894,880.72,503.07,127.27,1004.8,934.8319834077054,5267.2506384387125,4156.269709832455,949.5462478369631,880.65627526861,117.50579694346149,910.4184217906288,485.40961665471394,4427.640215661185,1769.5389932032995,988.6486797514416,408.8096869510114,116.93271488280523,711.2412697147188,485.40961665471394,4427.640215661185,1769.5389932032995,988.6486797514416,408.8096869510114,116.93271488280523,711.2412697147188
2026-02-02 09:00:00+00:00,1064.93,5600.27,4017.5,878.64,313.84,115.18,1006.61,928.0322087707011,5591.877155359881,4143.550858931701,967.1650178275709,335.8531112728698,119.41894216000603,914.0249390829415,485.40961665471394,4427.640215661185,1769.5389932032995,988.6486797514416,408.8096869510114,116.93271488280523,711.2412697147188,485.40961665471394,4427.640215661185,1769.5389932032995,988.6486797514416,408.8096869510114,116.93271488280523,711.2412697147188
2026-02-02 10:00:00+00:00,1065.16,5241.04,3966.27,873.87,88.58999,102.31,1003.71,970.3965816684035,5681.059076194686,4005.040782181774,966.3898267776457,304.5260980560653,120.44443834807072,835.4040632763368,485.40961665471394,4427.640215661185,1769.5389932032995,988.6486797514416,408.8096869510114,116.93271488280523,711.2412697147188,485.40961665471394,4427.640215661185,1769.5389932032995,988.6486797514416,408.8096869510114,116.93271488280523,711.2412697147188
2026-02-02 11:00:00+00:00,1082.76,5100.0,3944.98,871.19,71.00997,101.99,1001.81,1013.2005634086192,5685.216998022367,3984.0361911401124,1017.5195672192987,305.1199748794262,124.51628933552689,818.972403103854,485.40961665471394,4427.640215661185,1769.5389932032995,988.6486797514416,408.8096869510114,116.93271488280523,711.2412697147188,485.40961665471394,4427.640215661185,1769.5389932032995,988.6486797514416,408.8096869510114,116.93271488280523,711.2412697147188
2026-02-02 12:00:00+00:00,1070.52,5307.98,3897.41,864.43,82.670006,101.2,1012.33,1044.5753052086168,5707.314356993144,4067.357504544154,1018.0423037634923,124.82256780368812,122.32979415071314,733.5471740850603,485.40961665471394,4427.640215661185,1769.5389932032995,988.6486797514416,408.8096869510114,116.93271488280523,711.2412697147188,485.40961665471394,4427.640215661185,1769.5389932032995,988.6486797514416,408.8096869510114,116.93271488280523,711.2412697147188
2026-02-02 13:00:00+00:00,1016.15,5376.92,3895.77,860.26,98.51003,100.72,1006.17,1012.3348628974836,5669.914158179682,4111.482566990179,1014.4974827603735,85.09651361834676,121.12283000002071,740.6627782289378,485.40961665471394,4427.640215661185,1769.5389932032995,988.6486797514416,408.8096869510114,116.93271488280523,711.2412697147188,485.40961665471394,4427.640215661185,1769.5389932032995,988.6486797514416,408.8096869510114,116.93271488280523,711.2412697147188
2026-02-02 14:00:00+00:00,937.8401,5563.36,3946.34,865.65,61.339993,101.35,997.98,965.7587926685655,5709.469677454564,4075.84162065302,996.181070423625,333.475653013526,121.26894463965544,889.8041398025235,485.40961665471394,4427.640215661185,1769.5389932032995,988.6486797514416,408.8096869510114,116.93271488280523,711.2412697147188,485.40961665471394,4427.640215661185,1769.5389932032995,988.6486797514416,408.8096869510114,116.93271488280523,711.2412697147188
2026-02-02 15:00:00+00:00,937.73004,5431.51,4035.55,895.38,75.64001,104.83,1001.61,955.0834451086171,5128.29560561641,4065.5400460611177,1013.8436992067352,718.4935317420704,120.88848961370458,880.6640770428628,485.40961665471394,4427.640215661185,1769.5389932032995,988.6486797514416,408.8096869510114,116.93271488280523,711.2412697147188,485.40961665471394,4427.640215661185,1769.5389932032995,988.6486797514416,408.8096869510114,116.93271488280523,711.2412697147188
2026-02-02 16:00:00+00:00,934.78,5676.48,4147.86,898.51,225.5,116.35,1003.04,943.7237891146492,5479.911631273406,4050.528637877775,994.1686570812869,1022.6228302811321,125.28906078512354,899.6151219536183,485.40961665471394,4427.640215661185,1769.5389932032995,988.6486797514416,408.8096869510114,116.93271488280523,711.2412697147188,485.40961665471394,4427.640215661185,1769.5389932032995,988.6486797514416,408.8096869510114,116.93271488280523,711.2412697147188
2026-02-02 17:00:00+00:00,1016.03,5693.39,4163.48,898.13,160.04,117.63,1005.43,1042.677380158988,5894.816083341351,4214.762246270893,974.4799709371946,657.8550251823958,121.65864376578132,747.8151571030991,485.40961665471394,4427.640215661185,1769.5389932032995,988.6486797514416,408.8096869510114,116.93271488280523,711.2412697147188,485.40961665471394,4427.640215661185,1769.5389932032995,988.6486797514416,408.8096869510114,116.93271488280523,711.2412697147188
2026-02-02 18:00:00+00:00,1037.5,5694.96,4083.69,905.09,143.33002,105.97,1004.69,1052.2277775228597,5753.5974424747155,4227.9418611181845,983.6717035935249,476.7826235792894,122.27642198565098,805.278247683652,485.40961665471394,4427.640215661185,1769.5389932032995,988.6486797514416,408.8096869510114,116.93271488280523,711.2412697147188,485.40961665471394,4427.640215661185,1769.5389932032995,988.6486797514416,408.8096869510114,116.93271488280523,711.2412697147188
2026-02-02 19:00:00+00:00,1041.22,5420.56,3971.72,902.41,230.48999,105.66,1006.23,1061.2483412653796,5792.555141539577,4337.941632707374,985.5566369364782,24.03917311463556,122.54702965597772,876.3728644838175,485.40961665471394,4427.640215661185,1769.5389932032995,988.6486797514416,408.8096869510114,116.93271488280523,711.2412697147188,485.40961665471394,4427.640215661185,1769.5389932032995,988.6486797514416,408.8096869510114,116.93271488280523,711.2412697147188
2026-02-02 20:00:00+00:00,1124.43,4195.48,4029.69,873.85,59.66998,102.31,999.7,972.1866304995974,5722.067716899694,4051.844758908764,978.7732741403964,36.152109971119955,121.72074729705858,870.7430513937179,485.40961665471394,4427.640215661185,1769.5389932032995,988.6486797514416,408.8096869510114,116.93271488280523,711.2412697147188,485.40961665471394,4427.640215661185,1769.5389932032995,988.6486797514416,408.8096869510114,116.93271488280523,711.2412697147188
2026-02-02 21:00:00+00:00,1188.25,3427.33,4018.14,870.74,69.64999,101.94,998.81,910.5408897937896,5402.440767972267,3941.1595321315717,975.971081236061,-37.01004514789963,116.24800645520577,855.630548133345,485.40961665471394,4427.640215661185,1769.5389932032995,988.6486797514416,408.8096869510114,116.93271488280523,711.2412697147188,485.40961665471394,4427.640215661185,1769.5389932032995,988.6486797514416,408.8096869510114,116.93271488280523,711.2412697147188
2026-02-02 22:00:00+00:00,1194.07,2986.5,3917.51,862.37,44.490017,100.97,993.62,819.857353625534,4925.195555435175,3800.1023623396986,976.3711241148059,-34.50794328725959,114.5366236130478,861.913048950533,485.40961665471394,4427.640215661185,1769.5389932032995,988.6486797514416,408.8096869510114,116.93271488280523,711.2412697147188,485.40961665471394,4427.640215661185,1769.5389932032995,988.6486797514416,408.8096869510114,116.93271488280523,711.2412697147188
2026-02-02 23:00:00+00:00,1079.38,2747.16,3795.68,861.32,-5.431801e-06,100.84,982.54,698.0961609830554,4431.692626486936,3764.7572182629674,972.4727090795002,-25.66746583316393,113.40673987667275,857.5935262610989,485.40961665471394,4427.640215661185,1769.5389932032995,988.6486797514416,408.8096869510114,116.93271488280523,711.2412697147188,485.40961665471394,4427.640215661185,1769.5389932032995,988.6486797514416,408.8096869510114,116.93271488280523,711.2412697147188
2026-02-03 00:00:00+00:00,941.67004,2763.01,3705.74,859.53,-5.431801e-06,100.63,977.79,716.2582530208751,3912.3355924285256,3926.7666682795975,972.4707405070775,18.128675046204535,115.25784379356206,875.2405611098459,485.40961665471394,4427.640215661185,1769.5389932032995,988.6486797514416,408.8096869510114,116.93271488280523,711.2412697147188,485.40961665471394,4427.640215661185,1769.5389932032995,988.6486797514416,408.8096869510114,116.93271488280523,711.2412697147188
2026-02-03 01:00:00+00:00,938.7,2755.07,3589.8303,861.46,-5.431801e-06,100.85,979.38,694.2908968728199,3456.0951860483046,3840.6420322350973,972.4707405070775,25.889840995007376,114.97543324065522,862.0963940912283,485.40961665471394,4427.640215661185,1769.5389932032995,988.6486797514416,408.8096869510114,116.93271488280523,711.2412697147188,485.40961665471394,4427.640215661185,1769.5389932032995,988.6486797514416,408.8096869510114,116.93271488280523,711.2412697147188
2026-02-03 02:00:00+00:00,985.46,2781.05,3667.15,863.1,-5.431801e-06,101.04,971.44,667.5378993444006,3641.232849712726,3712.1738100882694,973.3633820913396,17.836875413283224,113.13897199812207,888.0473416444987,485.40961665471394,4427.640215661185,1769.5389932032995,988.6486797514416,408.8096869510114,116.93271488280523,711.2412697147188,485.40961665471394,4427.640215661185,1769.5389932032995,988.6486797514416,408.8096869510114,116.93271488280523,711.2412697147188
2026-02-03 03:00:00+00:00,948.08,2770.58,3611.67,864.19,-5.431801e-06,101.17,987.45,709.841308037043,3590.992145110443,3670.4796762535198,953.5798363925051,33.43667577590742,114.80709643866076,855.0665234738227,485.40961665471394,4427.640215661185,1769.5389932032995,988.6486797514416,408.8096869510114,116.93271488280523,711.2412697147188,485.40961665471394,4427.640215661185,1769.5389932032995,988.6486797514416,408.8096869510114,116.93271488280523,711.2412697147188
2026-02-03 04:00:00+00:00,943.33,2760.28,3786.84,864.46,-5.431801e-06,101.21,988.48,718.235028327159,3462.424718227346,3784.8756324326323,971.9783937338285,77.75306879517353,116.96722407503924,849.5387226479854,485.40961665471394,4427.640215661185,1769.5389932032995,988.6486797514416,408.8096869510114,116.93271488280523,711.2412697147188,485.40961665471394,4427.640215661185,1769.5389932032995,988.6486797514416,408.8096869510114,116.93271488280523,711.2412697147188
2026-02-03 05:00:00+00:00,1131.35,3257.91,3915.46,871.68,0.07998114,102.04,978.19,857.3579235316929,4265.126507912129,3914.1609344928306,960.3017690630323,88.43596508359076,116.619862575513,848.1531752337833,485.40961665471394,4427.640215661185,1769.5389932032995,988.6486797514416,408.8096869510114,116.93271488280523,711.2412697147188,485.40961665471394,4427.640215661185,1769.5389932032995,988.6486797514416,408.8096869510114,116.93271488280523,711.2412697147188
2026-02-03 06:00:00+00:00,1195.57,3861.6,3831.57,877.33,-5.431801e-06,102.71,986.75,919.6951562618844,4386.903209791192,3757.480600367534,975.9652415380592,473.9283480674219,115.54334881841683,805.5730486669551,485.40961665471394,4427.640215661185,1769.5389932032995,988.6486797514416,408.8096869510114,116.93271488280523,711.2412697147188,485.40961665471394,4427.640215661185,1769.5389932032995,988.6486797514416,408.8096869510114,116.93271488280523,711.2412697147188
2026-02-03 07:00:00+00:00,1190.55,4259.92,3922.32,881.74,103.27999,103.22,983.48,850.0807620169796,4791.475773341237,3875.0820812801253,976.0001645103911,923.7642854423449,118.15517924530049,777.944287979409,485.40961665471394,4427.640215661185,1769.5389932032995,988.6486797514416,408.8096869510114,116.93271488280523,711.2412697147188,485.40961665471394,4427.640215661185,1769.5389932032995,988.6486797514416,408.8096869510114,116.93271488280523,711.2412697147188
2026-02-03 08:00:00+00:00,1188.18,4333.06,3830.85,872.16,114.88,102.1,976.52,883.4305399006835,4480.494145694941,3856.004879130206,987.7308752901686,512.5874262072491,123.2784800046957,784.7879981822077,485.40961665471394,4427.640215661185,1769.5389932032995,988.6486797514416,408.8096869510114,116.93271488280523,711.2412697147188,485.40961665471394,4427.640215661185,1769.5389932032995,988.6486797514416,408.8096869510114,116.93271488280523,711.2412697147188
2026-02-03 09:00:00+00:00,1181.05,3872.01,3918.87,858.22,106.86001,100.47,1003.49,824.7453028936641,4530.599741844489,3879.5412460964503,989.5169734117768,45.963504765886,121.57548104808671,795.3743493073515,485.40961665471394,4427.640215661185,1769.5389932032995,988.6486797514416,408.8096869510114,116.93271488280523,711.2412697147188,485.40961665471394,4427.640215661185,1769.5389932032995,988.6486797514416,408.8096869510114,116.93271488280523,711.2412697147188
2026-02-03 10:00:00+00:00,1162.56,3713.58,3980.56,868.01,102.58001,101.61,980.42,792.05157735129,4508.932053723566,3909.0555292487525,997.4029309823296,91.34976581117996,121.2895358400231,793.0890694888735,485.40961665471394,4427.640215661185,1769.5389932032995,988.6486797514416,408.8096869510114,116.93271488280523,711.2412697147188,485.40961665471394,4427.640215661185,1769.5389932032995,988.6486797514416,408.8096869510114,116.93271488280523,711.2412697147188
2026-02-03 11:00:00+00:00,1158.34,3706.56,3976.77,864.24,80.920006,101.17,990.33,817.8607332899561,4371.302616053734,3832.0274031152503,978.8017110728013,163.55017111255,113.9456569453222,729.6184162469649,485.40961665471394,4427.640215661185,1769.5389932032995,988.6486797514416,408.8096869510114,116.93271488280523,711.2412697147188,485.40961665471394,4427.640215661185,1769.5389932032995,988.6486797514416,408.8096869510114,116.93271488280523,711.2412697147188
2026-02-03 12:00:00+00:00,1158.0,4296.85,3944.31,864.06,126.36999,101.16,995.68,840.0817795109342,4166.059716457087,3806.571137126736,984.9352263970859,182.3988997862289,118.73881712513642,753.5747040164078,485.40961665471394,4427.640215661185,1769.5389932032995,988.6486797514416,408.8096869510114,116.93271488280523,711.2412697147188,485.40961665471394,4427.640215661185,1769.5389932032995,988.6486797514416,408.8096869510114,116.93271488280523,711.2412697147188
2026-02-03 13:00:00+00:00,1160.5,3931.7,3880.37,863.69,159.69,101.11,993.41,864.2198120415151,4588.014437661222,3949.1241149796615,1020.3039938186529,86.37135052543488,118.73669005179325,832.5786421193393,485.40961665471394,4427.640215661185,1769.5389932032995,988.6486797514416,408.8096869510114,116.93271488280523,711.2412697147188,485.40961665471394,4427.640215661185,1769.5389932032995,988.6486797514416,408.8096869510114,116.93271488280523,711.2412697147188
2026-02-03 14:00:00+00:00,1164.55,4656.8,4132.8,866.11,83.27999,101.4,1007.58,882.9547696192978,4591.146620995001,3774.853201975553,1008.9719543372188,75.02426620999455,118.96656137018702,822.6662594874022,485.40961665471394,4427.640215661185,1769.5389932032995,988.6486797514416,408.8096869510114,116.93271488280523,711.2412697147188,485.40961665471394,4427.640215661185,1769.5389932032995,988.6486797514416,408.8096869510114,116.93271488280523,711.2412697147188
2026-02-03 15:00:00+00:00,1165.92,5226.5,4306.59,892.09,104.450005,104.43,1006.93,838.1229576011107,4623.811854677547,3819.970974945858,1017.3922248783459,488.05354070075816,122.33825453841436,926.9677697718578,485.40961665471394,4427.640215661185,1769.5389932032995,988.6486797514416,408.8096869510114,116.93271488280523,711.2412697147188,485.40961665471394,4427.640215661185,1769.5389932032995,988.6486797514416,408.8096869510114,116.93271488280523,711.2412697147188
2026-02-03 16:00:00+00:00,1105.17,5368.55,4396.0,897.18,391.73,105.03,1009.55,816.4886500212892,4879.076034597443,3738.955317963412,1020.878948449638,668.6098434456846,123.94645777779365,798.8362226262701,485.40961665471394,4427.640215661185,1769.5389932032995,988.6486797514416,408.8096869510114,116.93271488280523,711.2412697147188,485.40961665471394,4427.640215661185,1769.5389932032995,988.6486797514416,408.8096869510114,116.93271488280523,711.2412697147188
2026-02-03 17:00:00+00:00,1039.11,5342.37,4410.67,897.71,801.15,105.09,1012.01,894.3707012674844,5190.468658194569,3981.721685675558,978.340331835482,597.6054815617059,121.94804932083213,748.0718030282655,485.40961665471394,4427.640215661185,1769.5389932032995,988.6486797514416,408.8096869510114,116.93271488280523,711.2412697147188,485.40961665471394,4427.640215661185,1769.5389932032995,988.6486797514416,408.8096869510114,116.93271488280523,711.2412697147188
2026-02-03 18:00:00+00:00,1049.79,5393.84,4375.75,895.55,638.56,104.84,1013.29,906.9348541993606,5297.475222962866,3967.7232963721185,958.1437834025842,410.0239904003439,118.51910567446964,740.3781714259197,485.40961665471394,4427.640215661185,1769.5389932032995,988.6486797514416,408.8096869510114,116.93271488280523,711.2412697147188,485.40961665471394,4427.640215661185,1769.5389932032995,988.6486797514416,408.8096869510114,116.93271488280523,711.2412697147188
2026-02-03 19:00:00+00:00,1051.85,5449.46,4313.8,882.7,177.28,103.34,1011.97,934.9981430953455,5421.299610935704,3990.8337598754406,962.046903586921,93.26883629267206,117.50823959052619,769.2671288440426,485.40961665471394,4427.640215661185,1769.5389932032995,988.6486797514416,408.8096869510114,116.93271488280523,711.2412697147188,485.40961665471394,4427.640215661185,1769.5389932032995,988.6486797514416,408.8096869510114,116.93271488280523,711.2412697147188
2026-02-03 20:00:00+00:00,1052.44,5492.56,4130.13,851.02,181.18,99.62,1007.11,941.4476534280807,5392.795774637139,4003.909487892601,955.0061120895133,67.50228069289761,113.4812275373113,830.803854431431,485.40961665471394,4427.640215661185,1769.5389932032995,988.6486797514416,408.8096869510114,116.93271488280523,711.2412697147188,485.40961665471394,4427.640215661185,1769.5389932032995,988.6486797514416,408.8096869510114,116.93271488280523,711.2412697147188
2026-02-03 21:00:00+00:00,1046.28,5283.18,4083.11,846.44,170.09,99.1,1002.94,961.2747024060455,5866.931059816443,4000.6473836942705,975.8802449932956,-51.62269388605034,111.85870372051195,796.4379713127379,485.40961665471394,4427.640215661185,1769.5389932032995,988.6486797514416,408.8096869510114,116.93271488280523,711.2412697147188,485.40961665471394,4427.640215661185,1769.5389932032995,988.6486797514416,408.8096869510114,116.93271488280523,711.2412697147188
2026-02-03 22:00:00+00:00,1063.2,5186.62,4057.88,833.95,17.830011,97.64,1002.61,955.7324902853982,5586.022837187923,3965.635532347894,978.8380769391467,24.989984187685764,108.02577039567882,884.4557684899506,485.40961665471394,4427.640215661185,1769.5389932032995,988.6486797514416,408.8096869510114,116.93271488280523,711.2412697147188,485.40961665471394,4427.640215661185,1769.5389932032995,988.6486797514416,408.8096869510114,116.93271488280523,711.2412697147188
2026-02-03 23:00:00+00:00,1135.48,5117.66,3870.72,848.3,-5.431801e-06,99.32,1001.58,947.9856690267965,5630.577775906967,3814.154482213091,973.8606276529648,29.494722456447334,110.79889398425281,828.9562444560886,485.40961665471394,4427.640215661185,1769.5389932032995,988.6486797514416,408.8096869510114,116.93271488280523,711.2412697147188,485.40961665471394,4427.640215661185,1769.5389932032995,988.6486797514416,408.8096869510114,116.93271488280523,711.2412697147188
2026-02-04 00:00:00+00:00,1164.93,5154.3,3873.44,931.72,-5.431801e-06,109.08,1005.7,978.1525467372146,5642.661579565924,3713.8153551822024,983.343306471531,49.00092016726319,115.0354064754817,770.3715650743159,485.40961665471394,4427.640215661185,1769.5389932032995,988.6486797514416,408.8096869510114,116.93271488280523,711.2412697147188,485.40961665471394,4427.640215661185,1769.5389932032995,988.6486797514416,408.8096869510114,116.93271488280523,711.2412697147188
2026-02-04 01:00:00+00:00,1168.32,5205.62,3863.19,987.15,-5.431801e-06,115.57,999.36,977.5832100426262,5727.369099202362,3727.9640221610016,985.9068295932897,32.01768361774293,112.48469285265858,743.8281838340469,485.40961665471394,4427.640215661185,1769.5389932032995,988.6486797514416,408.8096869510114,116.93271488280523,711.2412697147188,485.40961665471394,4427.640215661185,1769.5389932032995,988.6486797514416,408.8096869510114,116.93271488280523,711.2412697147188
2026-02-04 02:00:00+00:00,1180.17,5350.66,3866.42,983.87,-5.431801e-06,115.19,983.88,982.5938556330966,5742.664362629507,3715.0425417763918,1017.5980911074435,36.48969435595683,117.6890797455753,777.6445690218221,485.40961665471394,4427.640215661185,1769.5389932032995,988.6486797514416,408.8096869510114,116.93271488280523,711.2412697147188,485.40961665471394,4427.640215661185,1769.5389932032995,988.6486797514416,408.8096869510114,116.93271488280523,711.2412697147188
2026-02-04 03:00:00+00:00,1196.08,5634.88,4001.41,975.97,-5.431801e-06,114.25,1000.71,1029.8278566262002,5971.508451621916,3742.680232953796,1020.4035851282711,30.405821580792406,115.77067291341103,822.3937705524072,485.40961665471394,4427.640215661185,1769.5389932032995,988.6486797514416,408.8096869510114,116.93271488280523,711.2412697147188,485.40961665471394,4427.640215661185,1769.5389932032995,988.6486797514416,408.8096869510114,116.93271488280523,711.2412697147188
2026-02-04 04:00:00+00:00,1198.19,6074.08,4230.88,976.85,24.779993,114.36,1010.52,1017.2157962155268,6074.415940141638,4032.1312336774754,1022.6168116369731,23.904623621524195,116.15253617876964,822.288823094038,485.40961665471394,4427.640215661185,1769.5389932032995,988.6486797514416,408.8096869510114,116.93271488280523,711.2412697147188,485.40961665471394,4427.640215661185,1769.5389932032995,988.6486797514416,408.8096869510114,116.93271488280523,711.2412697147188
2026-02-04 05:00:00+00:00,1196.73,6367.77,4462.98,981.99,139.05002,114.97,1017.75,1110.0989184603663,6483.5623667848495,4113.125152366343,1021.7051650395024,122.03084461370543,119.53317994323983,830.7592520254663,485.40961665471394,4427.640215661185,1769.5389932032995,988.6486797514416,408.8096869510114,116.93271488280523,711.2412697147188,485.40961665471394,4427.640215661185,1769.5389932032995,988.6486797514416,408.8096869510114,116.93271488280523,711.2412697147188
2026-02-04 06:00:00+00:00,1194.35,6511.01,4491.22,997.75,1087.59,122.36,1005.49,1109.6083723115748,6666.2401820432715,4210.96963612939,1008.5139947735514,614.2607093491954,118.30480417389228,879.3602185403468,485.40961665471394,4427.640215661185,1769.5389932032995,988.6486797514416,408.8096869510114,116.93271488280523,711.2412697147188,485.40961665471394,4427.640215661185,1769.5389932032995,988.6486797514416,408.8096869510114,116.93271488280523,711.2412697147188
2026-02-04 07:00:00+00:00,1192.07,6633.54,4522.27,998.76,1145.2699,135.38,1000.42,1047.9815037513797,6617.8944348964005,4312.30222742842,996.0852435227956,1231.000050539898,118.02912023500839,850.9951294038004,485.40961665471394,4427.640215661185,1769.5389932032995,988.6486797514416,408.8096869510114,116.93271488280523,711.2412697147188,485.40961665471394,4427.640215661185,1769.5389932032995,988.6486797514416,408.8096869510114,116.93271488280523,711.2412697147188
2026-02-04 08:00:00+00:00,1192.17,6636.21,4479.62,1004.41,918.17,117.59,991.56,1015.5629128633163,6505.351649828631,4334.245349150107,1003.8800846588313,951.0259473389517,117.10693055073777,829.0850660354513,485.40961665471394,4427.640215661185,1769.5389932032995,988.6486797514416,408.8096869510114,116.93271488280523,711.2412697147188,485.40961665471394,4427.640215661185,1769.5389932032995,988.6486797514416,408.8096869510114,116.93271488280523,711.2412697147188
2026-02-04 09:00:00+00:00,1181.75,6641.31,4434.53,998.14,375.3,116.85,986.81,1032.730452889718,6414.180564629993,4174.516810928413,954.2937148204334,296.7621748213077,113.62318354696437,820.6836608834185,485.40961665471394,4427.640215661185,1769.5389932032995,988.6486797514416,408.8096869510114,116.93271488280523,711.2412697147188,485.40961665471394,4427.640215661185,1769.5389932032995,988.6486797514416,408.8096869510114,116.93271488280523,711.2412697147188
2026-02-04 10:00:00+00:00,1173.68,6550.23,4455.23,992.86,170.69,116.23,998.07,980.9391553965395,6413.521674898988,4146.2445781111965,998.5360024290487,191.092655256705,116.67517916667433,785.6123562689841,485.40961665471394,4427.640215661185,1769.5389932032995,988.6486797514416,408.8096869510114,116.93271488280523,711.2412697147188,485.40961665471394,4427.640215661185,1769.5389932032995,988.6486797514416,408.8096869510114,116.93271488280523,711.2412697147188
2026-02-04 11:00:00+00:00,1158.78,6454.21,4365.49,990.03,126.52999,115.9,1003.39,1010.4693735566705,6482.449973305003,3987.776966896221,982.816946247242,183.52214004298114,114.15507017428638,871.9441219986268,485.40961665471394,4427.640215661185,1769.5389932032995,988.6486797514416,408.8096869510114,116.93271488280523,711.2412697147188,485.40961665471394,4427.640215661185,1769.5389932032995,988.6486797514416,408.8096869510114,116.93271488280523,711.2412697147188
2026-02-04 12:00:00+00:00,1155.82,6689.26,4315.58,985.95,114.57,115.42,1005.67,1039.4809041620508,6479.185626397872,3969.289167221358,978.1513279417052,164.29645002473058,113.8928510464885,874.0698140012827,485.40961665471394,4427.640215661185,1769.5389932032995,988.6486797514416,408.8096869510114,116.93271488280523,711.2412697147188,485.40961665471394,4427.640215661185,1769.5389932032995,988.6486797514416,408.8096869510114,116.93271488280523,711.2412697147188
2026-02-04 13:00:00+00:00,1157.82,6715.71,4347.36,995.91,160.83,116.59,995.31,1039.2268463850805,6551.235292825168,4041.192817382994,995.3230968607288,211.6328818017559,116.12866181723086,748.6686443241456,485.40961665471394,4427.640215661185,1769.5389932032995,988.6486797514416,408.8096869510114,116.93271488280523,711.2412697147188,485.40961665471394,4427.640215661185,1769.5389932032995,988.6486797514416,408.8096869510114,116.93271488280523,711.2412697147188
2026-02-04 14:00:00+00:00,1158.15,6679.78,4356.78,998.42,130.04001,116.88,1001.58,1051.835274361852,6557.4052123168,3972.9265329426194,999.410065337879,230.8261366102994,118.72847260122137,778.2026446887976,485.40961665471394,4427.640215661185,1769.5389932032995,988.6486797514416,408.8096869510114,116.93271488280523,711.2412697147188,485.40961665471394,4427.640215661185,1769.5389932032995,988.6486797514416,408.8096869510114,116.93271488280523,711.2412697147188
2026-02-04 15:00:00+00:00,1158.62,6694.41,4410.45,1019.45,171.23,119.35,1013.6,1025.9323449845247,6449.791148742023,3945.3195944894046,1000.331958169898,684.9849369636959,122.52957110385555,813.5382868930127,485.40961665471394,4427.640215661185,1769.5389932032995,988.6486797514416,408.8096869510114,116.93271488280523,711.2412697147188,485.40961665471394,4427.640215661185,1769.5389932032995,988.6486797514416,408.8096869510114,116.93271488280523,711.2412697147188
2026-02-04 16:00:00+00:00,1159.96,6675.8,4414.47,1031.41,711.19,120.75,1013.59,1050.9472025275572,6309.76284759014,4070.4901508685302,1002.2433793869311,999.8256657831431,120.15786280078471,766.1050033239887,485.40961665471394,4427.640215661185,1769.5389932032995,988.6486797514416,408.8096869510114,116.93271488280523,711.2412697147188,485.40961665471394,4427.640215661185,1769.5389932032995,988.6486797514416,408.8096869510114,116.93271488280523,711.2412697147188
2026-02-04 17:00:00+00:00,1160.08,6656.68,4389.85,1055.34,499.93,123.55,1016.69,1097.5845625864474,6461.594332859269,4162.524934415602,991.3235623945909,659.9715918933175,119.40190479340926,719.3844231706615,485.40961665471394,4427.640215661185,1769.5389932032995,988.6486797514416,408.8096869510114,116.93271488280523,711.2412697147188,485.40961665471394,4427.640215661185,1769.5389932032995,988.6486797514416,408.8096869510114,116.93271488280523,711.2412697147188
2026-02-04 18:00:00+00:00,1158.57,6620.29,4317.99,1047.67,245.52,122.65,1015.15,1088.2630029334523,6550.9820200438735,4252.3297717291625,998.8764223640411,443.67946478747234,122.24434739756852,746.8888219684454,485.40961665471394,4427.640215661185,1769.5389932032995,988.6486797514416,408.8096869510114,116.93271488280523,711.2412697147188,485.40961665471394,4427.640215661185,1769.5389932032995,988.6486797514416,408.8096869510114,116.93271488280523,711.2412697147188
2026-02-04 19:00:00+00:00,1163.75,6599.74,4199.66,1035.94,0.7000068,121.27,1004.13,1083.9813664564676,6368.455622847792,4140.528200965764,1002.6721635865498,121.14156511087396,119.78403783888845,775.9289744466537,485.40961665471394,4427.640215661185,1769.5389932032995,988.6486797514416,408.8096869510114,116.93271488280523,711.2412697147188,485.40961665471394,4427.640215661185,1769.5389932032995,988.6486797514416,408.8096869510114,116.93271488280523,711.2412697147188
2026-02-04 20:00:00+00:00,1163.37,6565.26,4108.41,999.09,10.2399845,116.96,1004.64,1065.1108080446375,6528.509302039248,4202.227277191655,1010.8922378201717,51.29134745333607,119.49634070124476,760.424752088755,485.40961665471394,4427.640215661185,1769.5389932032995,988.6486797514416,408.8096869510114,116.93271488280523,711.2412697147188,485.40961665471394,4427.640215661185,1769.5389932032995,988.6486797514416,408.8096869510114,116.93271488280523,711.2412697147188
2026-02-04 21:00:00+00:00,1166.8,6542.41,3978.61,1005.25,30.070002,117.68,1004.92,1051.9399744074358,6542.80578174901,3956.5881095334216,983.5990656585853,-39.26987499322553,115.87294735603882,833.6294019598615,485.40961665471394,4427.640215661185,1769.5389932032995,988.6486797514416,408.8096869510114,116.93271488280523,711.2412697147188,485.40961665471394,4427.640215661185,1769.5389932032995,988.6486797514416,408.8096869510114,116.93271488280523,711.2412697147188
2026-02-04 22:00:00+00:00,1167.58,6333.41,3848.62,1003.88,-5.431801e-06,117.52,1007.06,986.1487944518177,6429.764164521088,3928.857549359515,1011.4386100032029,-14.065424778604495,114.43671523975586,829.4384404225358,485.40961665471394,4427.640215661185,1769.5389932032995,988.6486797514416,408.8096869510114,116.93271488280523,711.2412697147188,485.40961665471394,4427.640215661185,1769.5389932032995,988.6486797514416,408.8096869510114,116.93271488280523,711.2412697147188
2026-02-04 23:00:00+00:00,1166.42,6283.86,3753.6104,1011.87,-5.431801e-06,118.47,1030.31,968.8277034383555,6336.978948590054,3805.373117746318,1003.0104362654974,3.436779587653689,113.69809822008537,829.1422762433634,485.40961665471394,4427.640215661185,1769.5389932032995,988.6486797514416,408.8096869510114,116.93271488280523,711.2412697147188,485.40961665471394,4427.640215661185,1769.5389932032995,988.6486797514416,408.8096869510114,116.93271488280523,711.2412697147188
2026-02-05 00:00:00+00:00,1163.78,6482.87,3689.95,1003.12,-5.431801e-06,117.44,1036.09,1010.4690250437143,6135.885411895526,3786.6442946812826,998.0208714562352,26.00914234492768,116.16831884159797,822.0221627175994,485.40961665471394,4427.640215661185,1769.5389932032995,988.6486797514416,408.8096869510114,116.93271488280523,711.2412697147188,485.40961665471394,4427.640215661185,1769.5389932032995,988.6486797514416,408.8096869510114,116.93271488280523,711.2412697147188
2026-02-05 01:00:00+00:00,1160.1,6389.64,3627.3704,997.87,-5.431801e-06,116.83,1021.32,1022.86578814173,6107.707440422613,3730.6471138363313,1005.1484705870856,43.01968455795247,115.17972818744393,848.4008843045541,485.40961665471394,4427.640215661185,1769.5389932032995,988.6486797514416,408.8096869510114,116.93271488280523,711.2412697147188,485.40961665471394,4427.640215661185,1769.5389932032995,988.6486797514416,408.8096869510114,116.93271488280523,711.2412697147188
2026-02-05 02:00:00+00:00,1158.64,6454.62,3538.76,1001.58,-5.431801e-06,117.27,1025.78,1039.2287527375843,6094.251340517253,3751.7549652102407,988.327344282484,75.19562578222104,116.71621036755903,838.2331809754639,485.40961665471394,4427.640215661185,1769.5389932032995,988.6486797514416,408.8096869510114,116.93271488280523,711.2412697147188,485.40961665471394,4427.640215661185,1769.5389932032995,988.6486797514416,408.8096869510114,116.93271488280523,711.2412697147188
2026-02-05 03:00:00+00:00,1158.02,6470.05,3588.99,1009.83,-5.431801e-06,118.23,1031.17,1044.5385799009641,6088.179092091692,3799.988523971662,1001.0810089841142,63.716853577434506,117.63746798411327,790.3239209269708,485.40961665471394,4427.640215661185,1769.5389932032995,988.6486797514416,408.8096869510114,116.93271488280523,711.2412697147188,485.40961665471394,4427.640215661185,1769.5389932032995,988.6486797514416,408.8096869510114,116.93271488280523,711.2412697147188
2026-02-05 04:00:00+00:00,1157.47,6549.35,3753.59,1009.92,11.080011,118.24,1039.72,1077.8438770623645,6501.788165437958,4056.0311114365813,1011.6778513908532,105.31963873476593,120.57316162019322,711.7591021334064,485.40961665471394,4427.640215661185,1769.5389932032995,988.6486797514416,408.8096869510114,116.93271488280523,711.2412697147188,485.40961665471394,4427.640215661185,1769.5389932032995,988.6486797514416,408.8096869510114,116.93271488280523,711.2412697147188
2026-02-05 05:00:00+00:00,1156.43,6620.73,3916.69,1008.56,87.02999,118.07,1035.3,1075.1677172145664,6735.747418071103,4153.091629463396,1049.323490452044,208.15545273012,127.73930179569885,843.9531266423451,485.40961665471394,4427.640215661185,1769.5389932032995,988.6486797514416,408.8096869510114,116.93271488280523,711.2412697147188,485.40961665471394,4427.640215661185,1769.5389932032995,988.6486797514416,408.8096869510114,116.93271488280523,711.2412697147188
2026-02-05 06:00:00+00:00,1159.66,6412.89,4040.69,1028.63,272.88,120.42,1114.11,1098.5229095406905,6977.73779549533,4279.934448220363,1044.0749729535075,811.4483461344928,125.15766491579174,797.5449927021912,485.40961665471394,4427.640215661185,1769.5389932032995,988.6486797514416,408.8096869510114,116.93271488280523,711.2412697147188,485.40961665471394,4427.640215661185,1769.5389932032995,988.6486797514416,408.8096869510114,116.93271488280523,711.2412697147188
2026-02-05 07:00:00+00:00,1167.06,6609.63,4058.77,1040.98,889.63,121.88,1166.38,1122.7045139678812,7009.368114585371,4305.747945765794,1037.921428991416,1311.7000921852568,126.46619789800344,781.8791592843257,485.40961665471394,4427.640215661185,1769.5389932032995,988.6486797514416,408.8096869510114,116.93271488280523,711.2412697147188,485.40961665471394,4427.640215661185,1769.5389932032995,988.6486797514416,408.8096869510114,116.93271488280523,711.2412697147188
2026-02-05 08:00:00+00:00,1164.09,6374.34,4063.09,1039.01,606.61,121.63,1222.78,1106.923537864987,7182.856696212826,4307.905042251229,1035.5205489826922,1018.494500603722,123.49524716935574,814.5528423753985,485.40961665471394,4427.640215661185,1769.5389932032995,988.6486797514416,408.8096869510114,116.93271488280523,711.2412697147188,485.40961665471394,4427.640215661185,1769.5389932032995,988.6486797514416,408.8096869510114,116.93271488280523,711.2412697147188
2026-02-05 09:00:00+00:00,1164.53,5877.43,4029.55,1033.13,406.79,120.94,1234.83,1130.351104441977,7464.587000296342,4266.826538968015,1030.9643799675057,579.4849363735829,118.69305909371828,815.7217985926876,485.40961665471394,4427.640215661185,1769.5389932032995,988.6486797514416,408.8096869510114,116.93271488280523,711.2412697147188,485.40961665471394,4427.640215661185,1769.5389932032995,988.6486797514416,408.8096869510114,116.93271488280523,711.2412697147188
2026-02-05 10:00:00+00:00,1168.48,6094.3,4012.37,1028.55,193.62001,120.41,1223.01,1038.7811831217994,7518.74912165135,4284.2391610410305,984.4432654947984,289.83820600369586,113.73053678633855,886.7025915744233,485.40961665471394,4427.640215661185,1769.5389932032995,988.6486797514416,408.8096869510114,116.93271488280523,711.2412697147188,485.40961665471394,4427.640215661185,1769.5389932032995,988.6486797514416,408.8096869510114,116.93271488280523,711.2412697147188
2026-02-05 11:00:00+00:00,1158.61,6067.3,4020.09,1012.61,53.730007,118.55,1223.57,980.9510296909858,7358.121797550852,4273.866323242151,971.5501644753585,143.78262613944156,114.54731365224816,945.572112955326,485.40961665471394,4427.640215661185,1769.5389932032995,988.6486797514416,408.8096869510114,116.93271488280523,711.2412697147188,485.40961665471394,4427.640215661185,1769.5389932032995,988.6486797514416,408.8096869510114,116.93271488280523,711.2412697147188
2026-02-05 12:00:00+00:00,1157.07,6066.3,3991.87,986.18,40.45001,115.45,1191.2,1044.8634716491285,7659.846017229204,4110.021783307653,969.6775917795213,58.7881883132473,115.51415890727615,945.4025532943898,485.40961665471394,4427.640215661185,1769.5389932032995,988.6486797514416,408.8096869510114,116.93271488280523,711.2412697147188,485.40961665471394,4427.640215661185,1769.5389932032995,988.6486797514416,408.8096869510114,116.93271488280523,711.2412697147188
2026-02-05 13:00:00+00:00,1165.86,6065.66,3979.04,999.41,92.33999,117.0,1135.51,1039.39299035749,7656.809364020368,4110.153694863771,980.5653401094695,37.42625443525998,115.96931187697962,977.2635142454166,485.40961665471394,4427.640215661185,1769.5389932032995,988.6486797514416,408.8096869510114,116.93271488280523,711.2412697147188,485.40961665471394,4427.640215661185,1769.5389932032995,988.6486797514416,408.8096869510114,116.93271488280523,711.2412697147188
2026-02-05 14:00:00+00:00,1167.1,6259.77,4055.94,1010.32,152.91,118.29,1135.52,1038.8619606541884,7509.804224876403,4281.9206131440515,1003.874986515411,273.19464512956654,117.52923523679573,975.9112215372439,485.40961665471394,4427.640215661185,1769.5389932032995,988.6486797514416,408.8096869510114,116.93271488280523,711.2412697147188,485.40961665471394,4427.640215661185,1769.5389932032995,988.6486797514416,408.8096869510114,116.93271488280523,711.2412697147188
2026-02-05 15:00:00+00:00,1163.47,6613.17,4227.89,1046.59,797.67,122.53,1142.95,1119.3259693375678,7539.906352261996,4429.042468948508,1035.7340175691916,728.8850974561867,121.05265277485978,1034.9800034664172,485.40961665471394,4427.640215661185,1769.5389932032995,988.6486797514416,408.8096869510114,116.93271488280523,711.2412697147188,485.40961665471394,4427.640215661185,1769.5389932032995,988.6486797514416,408.8096869510114,116.93271488280523,711.2412697147188
2026-02-05 16:00:00+00:00,1168.43,6823.13,4373.31,1052.56,1108.5,141.18,1196.9,1170.380396283217,7606.104983212963,4442.430682653555,1060.803841712656,1295.8434026520354,122.82660650669715,1030.205432906822,485.40961665471394,4427.640215661185,1769.5389932032995,988.6486797514416,408.8096869510114,116.93271488280523,711.2412697147188,485.40961665471394,4427.640215661185,1769.5389932032995,988.6486797514416,408.8096869510114,116.93271488280523,711.2412697147188
2026-02-05 17:00:00+00:00,1167.82,7074.47,4436.83,1059.67,1120.6,148.14,1247.13,1201.3155858041864,7465.700363694517,4542.142705589751,1058.1834135035128,1034.7670209117337,126.52291142625408,911.9135101110028,485.40961665471394,4427.640215661185,1769.5389932032995,988.6486797514416,408.8096869510114,116.93271488280523,711.2412697147188,485.40961665471394,4427.640215661185,1769.5389932032995,988.6486797514416,408.8096869510114,116.93271488280523,711.2412697147188
2026-02-05 18:00:00+00:00,1172.59,7094.08,4390.8696,1037.33,980.13,127.89,1242.62,1159.679059564105,7358.120450120963,4531.030557960272,1036.7324594684553,841.8788479330678,124.33509377326091,922.0274262379803,485.40961665471394,4427.640215661185,1769.5389932032995,988.6486797514416,408.8096869510114,116.93271488280523,711.2412697147188,485.40961665471394,4427.640215661185,1769.5389932032995,988.6486797514416,408.8096869510114,116.93271488280523,711.2412697147188
2026-02-05 19:00:00+00:00,1176.07,7039.44,4270.58,1019.72,444.38,119.38,1098.23,1153.0938181180343,7469.7923606961085,4444.048467242388,1065.0976822722707,475.7258166316244,129.39254469494864,885.1287750664037,485.40961665471394,4427.640215661185,1769.5389932032995,988.6486797514416,408.8096869510114,116.93271488280523,711.2412697147188,485.40961665471394,4427.640215661185,1769.5389932032995,988.6486797514416,408.8096869510114,116.93271488280523,711.2412697147188
2026-02-05 20:00:00+00:00,1174.66,7036.57,4134.99,995.33,155.85,116.53,1030.17,1164.383260085779,7164.327028274268,4302.933110868098,1083.435912659983,242.84916479166148,129.74403172241216,772.1652046731411,485.40961665471394,4427.640215661185,1769.5389932032995,988.6486797514416,408.8096869510114,116.93271488280523,711.2412697147188,485.40961665471394,4427.640215661185,1769.5389932032995,988.6486797514416,408.8096869510114,116.93271488280523,711.2412697147188
2026-02-05 21:00:00+00:00,1169.98,6956.11,4029.38,995.6,108.39999,116.56,1025.83,1169.1263447559263,7143.289054945122,4164.063772028239,1070.9388961415793,15.234574282058816,124.6426755227853,752.0370907057494,485.40961665471394,4427.640215661185,1769.5389932032995,988.6486797514416,408.8096869510114,116.93271488280523,711.2412697147188,485.40961665471394,4427.640215661185,1769.5389932032995,988.6486797514416,408.8096869510114,116.93271488280523,711.2412697147188
2026-02-05 22:00:00+00:00,1166.56,6621.71,3935.89,1001.29,61.860012,117.23,1022.84,1078.6730062819117,6960.260852822992,3899.916854577873,1044.2467568533727,-33.504986456787094,118.22211167137556,748.049407021822,485.40961665471394,4427.640215661185,1769.5389932032995,988.6486797514416,408.8096869510114,116.93271488280523,711.2412697147188,485.40961665471394,4427.640215661185,1769.5389932032995,988.6486797514416,408.8096869510114,116.93271488280523,711.2412697147188
2026-02-05 23:00:00+00:00,1165.86,6504.34,3857.47,1004.26,0.55999213,117.58,1024.64,1110.7571817294765,7024.619514664737,3787.554534201432,1055.4639068162728,-7.456399743334771,118.32908997915949,727.9395513027353,485.40961665471394,4427.640215661185,1769.5389932032995,988.6486797514416,408.8096869510114,116.93271488280523,711.2412697147188,485.40961665471394,4427.640215661185,1769.5389932032995,988.6486797514416,408.8096869510114,116.93271488280523,711.2412697147188
2026-02-06 00:00:00+00:00,1160.08,6282.61,3840.29,996.96,-5.431801e-06,116.73,1028.47,1090.6999472377313,7241.704027584003,3810.788501445179,1045.1786554931457,24.91621467677436,119.55123996445107,731.826403344231,485.40961665471394,4427.640215661185,1769.5389932032995,988.6486797514416,408.8096869510114,116.93271488280523,711.2412697147188,485.40961665471394,4427.640215661185,1769.5389932032995,988.6486797514416,408.8096869510114,116.93271488280523,711.2412697147188
2026-02-06 01:00:00+00:00,1159.88,6256.34,3789.82,1000.04,-5.431801e-06,117.09,1025.73,1059.6575682872115,7064.3825575569645,3809.481705530846,1020.2746353101642,-10.48494007872489,117.93568963654987,715.7016429740504,485.40961665471394,4427.640215661185,1769.5389932032995,988.6486797514416,408.8096869510114,116.93271488280523,711.2412697147188,485.40961665471394,4427.640215661185,1769.5389932032995,988.6486797514416,408.8096869510114,116.93271488280523,711.2412697147188
2026-02-06 02:00:00+00:00,1159.99,6349.36,3793.89,996.8,-5.431801e-06,116.7,1015.25,1081.4057025578197,7103.094364288822,3841.5413503292116,1012.2899175258718,29.465614176018903,117.94972935333341,726.5483019241314,485.40961665471394,4427.640215661185,1769.5389932032995,988.6486797514416,408.8096869510114,116.93271488280523,711.2412697147188,485.40961665471394,4427.640215661185,1769.5389932032995,988.6486797514416,408.8096869510114,116.93271488280523,711.2412697147188
2026-02-06 03:00:00+00:00,1160.76,6518.68,3887.58,994.86,-5.431801e-06,116.47,1010.47,1175.1849455854715,7124.24327633408,3887.0879593881205,1015.3146672503578,47.519913899982555,116.55526979763918,741.610789595097,485.40961665471394,4427.640215661185,1769.5389932032995,988.6486797514416,408.8096869510114,116.93271488280523,711.2412697147188,485.40961665471394,4427.640215661185,1769.5389932032995,988.6486797514416,408.8096869510114,116.93271488280523,711.2412697147188
2026-02-06 04:00:00+00:00,1164.86,6907.18,4031.4,993.54,1.8099921,116.32,1018.22,1126.1523962506324,7144.374039776558,3857.949529334897,1025.767506081406,129.99461458576832,117.02152071349511,745.8318349757593,485.40961665471394,4427.640215661185,1769.5389932032995,988.6486797514416,408.8096869510114,116.93271488280523,711.2412697147188,485.40961665471394,4427.640215661185,1769.5389932032995,988.6486797514416,408.8096869510114,116.93271488280523,711.2412697147188
2026-02-06 05:00:00+00:00,1163.15,6987.89,4313.07,997.5,254.73,116.78,1021.07,1125.9905325767775,7135.755008776576,4357.935292746301,1038.6378745009304,224.42087594975794,119.73377372313459,813.9842085014695,485.40961665471394,4427.640215661185,1769.5389932032995,988.6486797514416,408.8096869510114,116.93271488280523,711.2412697147188,485.40961665471394,4427.640215661185,1769.5389932032995,988.6486797514416,408.8096869510114,116.93271488280523,711.2412697147188
2026-02-06 06:00:00+00:00,1164.74,6973.8,4393.26,998.9,1159.38,129.08,1021.0,1089.5223236976233,7350.384175949481,4437.99006736935,1033.721972719194,826.8196824759543,116.61374121409108,1012.2962533653092,485.40961665471394,4427.640215661185,1769.5389932032995,988.6486797514416,408.8096869510114,116.93271488280523,711.2412697147188,485.40961665471394,4427.640215661185,1769.5389932032995,988.6486797514416,408.8096869510114,116.93271488280523,711.2412697147188
2026-02-06 07:00:00+00:00,1165.67,7052.39,4425.06,1000.06,1072.34,141.24,1039.95,1023.7953951781637,7330.358830603545,4491.4648165532235,1021.9656700479183,1406.3799653255255,116.44863516318055,937.7039148164847,485.40961665471394,4427.640215661185,1769.5389932032995,988.6486797514416,408.8096869510114,116.93271488280523,711.2412697147188,485.40961665471394,4427.640215661185,1769.5389932032995,988.6486797514416,408.8096869510114,116.93271488280523,711.2412697147188
2026-02-06 08:00:00+00:00,1165.23,7053.21,4385.37,979.92,982.08,138.87,1044.1,921.9254331016176,7402.651205313126,4412.315300279776,1032.8168753446519,1263.3468370802432,118.03057968723344,973.8410061045458,485.40961665471394,4427.640215661185,1769.5389932032995,988.6486797514416,408.8096869510114,116.93271488280523,711.2412697147188,485.40961665471394,4427.640215661185,1769.5389932032995,988.6486797514416,408.8096869510114,116.93271488280523,711.2412697147188
2026-02-06 09:00:00+00:00,1163.47,6919.89,4326.55,999.02,785.65,129.39,1037.85,1006.885062513393,7306.059716946198,4472.8732559502905,1010.9034552089222,590.4353084988975,114.78759321885701,959.1736036584189,485.40961665471394,4427.640215661185,1769.5389932032995,988.6486797514416,408.8096869510114,116.93271488280523,711.2412697147188,485.40961665471394,4427.640215661185,1769.5389932032995,988.6486797514416,408.8096869510114,116.93271488280523,711.2412697147188
2026-02-06 10:00:00+00:00,1161.36,6270.77,4351.62,1004.75,686.4,117.64,1031.13,1022.9896802870117,7325.3519755112175,4467.710214513005,987.8611335331699,457.3267491077323,112.70569561474652,966.8111669417684,485.40961665471394,4427.640215661185,1769.5389932032995,988.6486797514416,408.8096869510114,116.93271488280523,711.2412697147188,485.40961665471394,4427.640215661185,1769.5389932032995,988.6486797514416,408.8096869510114,116.93271488280523,711.2412697147188
2026-02-06 11:00:00+00:00,1160.89,6231.68,4400.15,1018.74,509.05,119.27,1032.34,846.0204419456423,7314.393207110529,4455.657492993459,1026.702948129849,231.58520401018626,117.78304985491427,973.9428744290256,485.40961665471394,4427.640215661185,1769.5389932032995,988.6486797514416,408.8096869510114,116.93271488280523,711.2412697147188,485.40961665471394,4427.640215661185,1769.5389932032995,988.6486797514416,408.8096869510114,116.93271488280523,711.2412697147188
2026-02-06 12:00:00+00:00,1160.61,6260.48,4376.1,1014.87,391.28,118.82,1029.61,855.3331427461881,7503.133164080029,4435.972368625449,1031.617024451311,156.7029621975841,116.68739974631286,1003.459972390463,485.40961665471394,4427.640215661185,1769.5389932032995,988.6486797514416,408.8096869510114,116.93271488280523,711.2412697147188,485.40961665471394,4427.640215661185,1769.5389932032995,988.6486797514416,408.8096869510114,116.93271488280523,711.2412697147188
2026-02-06 13:00:00+00:00,1168.38,6243.7,4370.89,1016.93,403.16,119.06,1014.91,818.4714405024754,7310.459536209806,4309.953188610891,1035.6279137185234,130.76030932992705,119.00145171791914,997.0810131157699,485.40961665471394,4427.640215661185,1769.5389932032995,988.6486797514416,408.8096869510114,116.93271488280523,711.2412697147188,485.40961665471394,4427.640215661185,1769.5389932032995,988.6486797514416,408.8096869510114,116.93271488280523,711.2412697147188
2026-02-06 14:00:00+00:00,1167.5,6223.41,4401.03,1032.81,578.38,120.96,1023.03,830.0817084789388,7355.45693989036,4256.68120190238,1043.429389824348,470.8196427272399,121.39785326617114,990.8971824553673,485.40961665471394,4427.640215661185,1769.5389932032995,988.6486797514416,408.8096869510114,116.93271488280523,711.2412697147188,485.40961665471394,4427.640215661185,1769.5389932032995,988.6486797514416,408.8096869510114,116.93271488280523,711.2412697147188
2026-02-06 15:00:00+00:00,1165.57,6152.84,4454.74,1072.16,1055.55,149.6,1027.63,847.9688592248503,7388.597829894308,4349.687253942826,1055.5627147092848,1215.601195625216,126.39408734534705,985.7857481195315,485.40961665471394,4427.640215661185,1769.5389932032995,988.6486797514416,408.8096869510114,116.93271488280523,711.2412697147188,485.40961665471394,4427.640215661185,1769.5389932032995,988.6486797514416,408.8096869510114,116.93271488280523,711.2412697147188
2026-02-06 16:00:00+00:00,1165.27,6132.2,4521.7397,1075.31,1364.53,150.05,1072.21,885.9815344350268,7331.996956841005,4400.569791029349,1079.9820135486598,1670.2476885858391,124.4703040878646,994.8244757884023,485.40961665471394,4427.640215661185,1769.5389932032995,988.6486797514416,408.8096869510114,116.93271488280523,711.2412697147188,485.40961665471394,4427.640215661185,1769.5389932032995,988.6486797514416,408.8096869510114,116.93271488280523,711.2412697147188
2026-02-06 17:00:00+00:00,1167.8,6121.42,4524.74,1074.65,1216.77,149.97,1133.31,1045.4336535051466,7213.049148373186,4548.689704520495,1044.0666127865452,1278.384754384563,125.1698719253864,896.5881700305287,485.40961665471394,4427.640215661185,1769.5389932032995,988.6486797514416,408.8096869510114,116.93271488280523,711.2412697147188,485.40961665471394,4427.640215661185,1769.5389932032995,988.6486797514416,408.8096869510114,116.93271488280523,711.2412697147188
2026-02-06 18:00:00+00:00,1167.26,6114.28,4453.19,1067.09,456.77,125.07,1058.37,1061.7356012833122,7261.660229530984,4566.199254477953,1009.3537293136978,1049.3162318504565,120.12792532635325,882.8865767149459,485.40961665471394,4427.640215661185,1769.5389932032995,988.6486797514416,408.8096869510114,116.93271488280523,711.2412697147188,485.40961665471394,4427.640215661185,1769.5389932032995,988.6486797514416,408.8096869510114,116.93271488280523,711.2412697147188
2026-02-06 19:00:00+00:00,1171.68,6148.37,4308.98,1038.22,91.459984,121.54,1026.79,1066.1264872562608,7230.083070854814,4467.674410651329,1012.57160608188,575.6959291823877,117.17279261294036,824.733938611045,485.40961665471394,4427.640215661185,1769.5389932032995,988.6486797514416,408.8096869510114,116.93271488280523,711.2412697147188,485.40961665471394,4427.640215661185,1769.5389932032995,988.6486797514416,408.8096869510114,116.93271488280523,711.2412697147188
2026-02-06 20:00:00+00:00,1174.26,6168.74,4158.41,1023.01,69.54,119.77,1012.06,1066.6475893524384,6918.912410543444,4076.791707063663,1013.4659134681406,280.78345116444905,116.26432021316703,757.0608775900607,485.40961665471394,4427.640215661185,1769.5389932032995,988.6486797514416,408.8096869510114,116.93271488280523,711.2412697147188,485.40961665471394,4427.640215661185,1769.5389932032995,988.6486797514416,408.8096869510114,116.93271488280523,711.2412697147188
2026-02-06 21:00:00+00:00,1171.98,6061.72,3950.39,1024.81,38.770016,119.98,1012.05,1071.25221128684,6873.181332335671,3894.444008335112,979.3293438114235,100.39234110894625,114.24715657469352,770.4514808258817,485.40961665471394,4427.640215661185,1769.5389932032995,988.6486797514416,408.8096869510114,116.93271488280523,711.2412697147188,485.40961665471394,4427.640215661185,1769.5389932032995,988.6486797514416,408.8096869510114,116.93271488280523,711.2412697147188
2026-02-06 22:00:00+00:00,1142.44,5987.2,3834.96,1025.08,29.11001,120.01,1012.29,1044.0788080283842,7158.535792973882,3715.42570406717,973.5201850256145,106.89283826728047,116.06520199807409,779.2001474685095,485.40961665471394,4427.640215661185,1769.5389932032995,988.6486797514416,408.8096869510114,116.93271488280523,711.2412697147188,485.40961665471394,4427.640215661185,1769.5389932032995,988.6486797514416,408.8096869510114,116.93271488280523,711.2412697147188
2026-02-06 23:00:00+00:00,1111.04,6133.77,3756.83,1015.26,61.800014,118.86,698.87,1055.1989232887086,7112.529996316081,3436.846958072148,979.73217674596,32.757626957929574,114.36819109672798,764.2311190994501,485.40961665471394,4427.640215661185,1769.5389932032995,988.6486797514416,408.8096869510114,116.93271488280523,711.2412697147188,485.40961665471394,4427.640215661185,1769.5389932032995,988.6486797514416,408.8096869510114,116.93271488280523,711.2412697147188
2026-02-07 00:00:00+00:00,1110.83,5970.57,3736.85,1001.24,19.899988,117.23,694.66,1120.3307395554255,5884.714044924279,3368.086454592795,1000.6377937538066,23.323254388125292,115.48830881012591,780.7108814721583,485.40961665471394,4427.640215661185,1769.5389932032995,988.6486797514416,408.8096869510114,116.93271488280523,711.2412697147188,485.40961665471394,4427.640215661185,1769.5389932032995,988.6486797514416,408.8096869510114,116.93271488280523,711.2412697147188
2026-02-07 01:00:00+00:00,1117.68,5892.37,3724.46,955.56,-5.431801e-06,111.88,686.89,1090.7787281100734,6261.22460470611,3240.4959716371804,1000.6241460982909,21.775881377617793,119.47268935146627,791.9759669784162,485.40961665471394,4427.640215661185,1769.5389932032995,988.6486797514416,408.8096869510114,116.93271488280523,711.2412697147188,485.40961665471394,4427.640215661185,1769.5389932032995,988.6486797514416,408.8096869510114,116.93271488280523,711.2412697147188
2026-02-07 02:00:00+00:00,1116.22,5791.78,3726.75,986.37,-5.431801e-06,115.48,684.06,1055.855644452216,6240.969768570817,3163.7957834246517,999.9129390091693,20.447032710310395,116.93923446241229,830.9943419715938,485.40961665471394,4427.640215661185,1769.5389932032995,988.6486797514416,408.8096869510114,116.93271488280523,711.2412697147188,485.40961665471394,4427.640215661185,1769.5389932032995,988.6486797514416,408.8096869510114,116.93271488280523,711.2412697147188
2026-02-07 03:00:00+00:00,1125.88,5835.66,3728.78,1004.63,9.459986,117.61,686.88,1078.536283148563,6218.473545281631,3394.361249334662,995.7129982893418,29.093372542763518,117.84279655640663,817.6366041263784,485.40961665471394,4427.640215661185,1769.5389932032995,988.6486797514416,408.8096869510114,116.93271488280523,711.2412697147188,485.40961665471394,4427.640215661185,1769.5389932032995,988.6486797514416,408.8096869510114,116.93271488280523,711.2412697147188
2026-02-07 04:00:00+00:00,1151.56,5873.78,3794.46,1008.07,9.540003,118.01,699.08,1055.9226794966896,6347.781190139386,3363.045121120884,1016.7133622187571,74.61160231117418,112.73975689081315,801.4749544932506,485.40961665471394,4427.640215661185,1769.5389932032995,988.6486797514416,408.8096869510114,116.93271488280523,711.2412697147188,485.40961665471394,4427.640215661185,1769.5389932032995,988.6486797514416,408.8096869510114,116.93271488280523,711.2412697147188
2026-02-07 05:00:00+00:00,1155.01,6124.22,3832.94,1010.24,9.640009,118.28,697.64,1084.0380941186959,6638.68072604804,3607.9649453522343,1000.2946742320936,122.9548275743968,117.31900962895199,810.6997425984932,485.40961665471394,4427.640215661185,1769.5389932032995,988.6486797514416,408.8096869510114,116.93271488280523,711.2412697147188,485.40961665471394,4427.640215661185,1769.5389932032995,988.6486797514416,408.8096869510114,116.93271488280523,711.2412697147188
2026-02-07 06:00:00+00:00,1148.91,6305.09,3914.69,1017.29,29.059992,119.1,697.13,862.3832353594107,6831.726711001174,3388.331857003326,1030.9785040008194,387.2925331609649,119.44103816850054,876.9462240511432,485.40961665471394,4427.640215661185,1769.5389932032995,988.6486797514416,408.8096869510114,116.93271488280523,711.2412697147188,485.40961665471394,4427.640215661185,1769.5389932032995,988.6486797514416,408.8096869510114,116.93271488280523,711.2412697147188
2026-02-07 07:00:00+00:00,1149.77,6305.09,3976.63,1011.07,38.67999,118.37,703.28,905.6286302439801,6698.524791153473,3392.890120914512,1020.5396988344887,426.421622378761,118.94073054514584,823.6402015586152,485.40961665471394,4427.640215661185,1769.5389932032995,988.6486797514416,408.8096869510114,116.93271488280523,711.2412697147188,485.40961665471394,4427.640215661185,1769.5389932032995,988.6486797514416,408.8096869510114,116.93271488280523,711.2412697147188
2026-02-07 08:00:00+00:00,1150.94,6270.36,3979.77,1002.99,0.21999578,117.43,710.55,942.003941246687,6868.965736879569,3557.6156705976073,1000.5843121478217,370.9328280321608,118.5826205292861,829.1753382568697,485.40961665471394,4427.640215661185,1769.5389932032995,988.6486797514416,408.8096869510114,116.93271488280523,711.2412697147188,485.40961665471394,4427.640215661185,1769.5389932032995,988.6486797514416,408.8096869510114,116.93271488280523,711.2412697147188
2026-02-07 09:00:00+00:00,1156.33,6191.42,3926.02,1007.67,-5.431801e-06,117.98,702.84,937.2698926350955,7032.719559442195,3538.1254797104066,969.5667817131783,204.01473592550343,114.31329693354311,822.8626493237543,485.40961665471394,4427.640215661185,1769.5389932032995,988.6486797514416,408.8096869510114,116.93271488280523,711.2412697147188,485.40961665471394,4427.640215661185,1769.5389932032995,988.6486797514416,408.8096869510114,116.93271488280523,711.2412697147188
2026-02-07 10:00:00+00:00,1151.93,6113.53,3878.75,1009.39,-5.431801e-06,118.18,714.27,901.8745667875019,7313.076802249392,3127.4664178339876,960.837478735469,113.88959050367345,109.53976974209598,841.9692166715053,485.40961665471394,4427.640215661185,1769.5389932032995,988.6486797514416,408.8096869510114,116.93271488280523,711.2412697147188,485.40961665471394,4427.640215661185,1769.5389932032995,988.6486797514416,408.8096869510114,116.93271488280523,711.2412697147188
2026-02-07 11:00:00+00:00,1141.01,6048.02,3820.23,1002.2,-5.431801e-06,117.33,720.87,977.2354316523533,7122.307802130855,2963.0127466616,965.153083081083,38.79362723799227,113.10435781391594,844.2124622970143,485.40961665471394,4427.640215661185,1769.5389932032995,988.6486797514416,408.8096869510114,116.93271488280523,711.2412697147188,485.40961665471394,4427.640215661185,1769.5389932032995,988.6486797514416,408.8096869510114,116.93271488280523,711.2412697147188
2026-02-07 12:00:00+00:00,1143.68,6092.87,3793.49,1002.4,-5.431801e-06,117.36,721.64,895.4846384901383,6845.065455571282,2958.4572845338066,962.1913682322623,0.8964552217448158,111.84126412531363,837.8326279266414,485.40961665471394,4427.640215661185,1769.5389932032995,988.6486797514416,408.8096869510114,116.93271488280523,711.2412697147188,485.40961665471394,4427.640215661185,1769.5389932032995,988.6486797514416,408.8096869510114,116.93271488280523,711.2412697147188
2026-02-07 13:00:00+00:00,1146.68,6135.99,3820.75,997.18,10.809992,116.75,716.66,940.1979600094969,6921.199942140893,2815.489432618631,960.2884459062715,22.49129640166541,113.40783821089244,835.9295935675749,485.40961665471394,4427.640215661185,1769.5389932032995,988.6486797514416,408.8096869510114,116.93271488280523,711.2412697147188,485.40961665471394,4427.640215661185,1769.5389932032995,988.6486797514416,408.8096869510114,116.93271488280523,711.2412697147188
2026-02-07 14:00:00+00:00,1146.39,6259.75,3882.17,1002.35,1.7400153,117.35,709.12,954.0932669175331,6973.610657197396,2983.195370679011,1000.1110464320648,246.59533893765823,120.4991267055191,864.6820576742695,485.40961665471394,4427.640215661185,1769.5389932032995,988.6486797514416,408.8096869510114,116.93271488280523,711.2412697147188,485.40961665471394,4427.640215661185,1769.5389932032995,988.6486797514416,408.8096869510114,116.93271488280523,711.2412697147188
2026-02-07 15:00:00+00:00,1147.37,6269.97,3958.48,1024.83,291.56,119.99,720.29,1000.3945472490736,6858.384034090759,3373.2633651606347,1033.7101725042849,718.1645809464301,124.14620902966362,860.5138088457905,485.40961665471394,4427.640215661185,1769.5389932032995,988.6486797514416,408.8096869510114,116.93271488280523,711.2412697147188,485.40961665471394,4427.640215661185,1769.5389932032995,988.6486797514416,408.8096869510114,116.93271488280523,711.2412697147188
2026-02-07 16:00:00+00:00,1145.68,6297.81,4042.56,1021.22,1061.18,119.56,738.19,1060.3511886820722,7105.192592450565,3919.6613275239793,1027.9757731787024,1367.2198571980548,135.96767099344578,885.9517025387169,485.40961665471394,4427.640215661185,1769.5389932032995,988.6486797514416,408.8096869510114,116.93271488280523,711.2412697147188,485.40961665471394,4427.640215661185,1769.5389932032995,988.6486797514416,408.8096869510114,116.93271488280523,711.2412697147188
2026-02-07 17:00:00+00:00,1147.21,6327.39,4059.48,1035.96,1138.91,121.3,740.35,1067.4351314304265,6979.938514394928,4113.964399717885,1013.8196833891006,940.5866884393614,129.78869559578118,868.1038931609173,485.40961665471394,4427.640215661185,1769.5389932032995,988.6486797514416,408.8096869510114,116.93271488280523,711.2412697147188,485.40961665471394,4427.640215661185,1769.5389932032995,988.6486797514416,408.8096869510114,116.93271488280523,711.2412697147188
2026-02-07 18:00:00+00:00,1152.46,6342.6,4054.48,1035.89,740.25,121.28,736.39,1073.1986083494032,6697.826957548935,4049.5114419023394,1012.2746500643382,794.404527777745,125.55055735288518,829.5035289503405,485.40961665471394,4427.640215661185,1769.5389932032995,988.6486797514416,408.8096869510114,116.93271488280523,711.2412697147188,485.40961665471394,4427.640215661185,1769.5389932032995,988.6486797514416,408.8096869510114,116.93271488280523,711.2412697147188
2026-02-07 19:00:00+00:00,1151.77,6339.6,4016.86,1028.77,62.240017,120.45,731.88,1102.886537685564,6579.7978493488035,3846.5528074140093,1010.8117312523625,353.1412790440295,120.92158195215598,811.4862558508764,485.40961665471394,4427.640215661185,1769.5389932032995,988.6486797514416,408.8096869510114,116.93271488280523,711.2412697147188,485.40961665471394,4427.640215661185,1769.5389932032995,988.6486797514416,408.8096869510114,116.93271488280523,711.2412697147188
2026-02-07 20:00:00+00:00,1153.75,6361.78,3951.15,1001.12,-5.431801e-06,117.21,723.52,1124.545030456175,6273.662156167586,3711.930723374852,1005.361312980189,209.68752928399732,116.99607386490865,805.4643467013209,485.40961665471394,4427.640215661185,1769.5389932032995,988.6486797514416,408.8096869510114,116.93271488280523,711.2412697147188,485.40961665471394,4427.640215661185,1769.5389932032995,988.6486797514416,408.8096869510114,116.93271488280523,711.2412697147188
2026-02-07 21:00:00+00:00,1159.21,6347.16,3854.01,995.46,-5.431801e-06,116.55,719.89,1120.2010351494566,6212.79175015368,3664.0852178099904,997.1642992514068,105.92064733092798,114.25091162721183,787.0260122899999,485.40961665471394,4427.640215661185,1769.5389932032995,988.6486797514416,408.8096869510114,116.93271488280523,711.2412697147188,485.40961665471394,4427.640215661185,1769.5389932032995,988.6486797514416,408.8096869510114,116.93271488280523,711.2412697147188
2026-02-07 22:00:00+00:00,1139.07,6344.14,3727.3303,997.66,-5.431801e-06,116.8,726.67,1070.2938164833033,6124.549357657492,3436.0451442103476,948.6908323236379,66.25039582295335,113.86955679600723,790.3222523493133,485.40961665471394,4427.640215661185,1769.5389932032995,988.6486797514416,408.8096869510114,116.93271488280523,711.2412697147188,485.40961665471394,4427.640215661185,1769.5389932032995,988.6486797514416,408.8096869510114,116.93271488280523,711.2412697147188
2026-02-07 23:00:00+00:00,1125.15,6347.59,3679.01,991.2,33.39001,116.05,724.14,1075.5572818219123,6044.48611448981,3341.0292556103923,947.642625764131,43.014345127629895,113.31660053858869,776.0638854362142,485.40961665471394,4427.640215661185,1769.5389932032995,988.6486797514416,408.8096869510114,116.93271488280523,711.2412697147188,485.40961665471394,4427.640215661185,1769.5389932032995,988.6486797514416,408.8096869510114,116.93271488280523,711.2412697147188
2026-02-08 00:00:00+00:00,1127.13,6342.37,3640.58,974.39,-5.431801e-06,114.08,722.85,1004.4268956989388,6377.208047830829,3113.7272096762827,976.5006225851387,-0.14466013556966573,115.70880647293603,707.8612944223056,485.40961665471394,4427.640215661185,1769.5389932032995,988.6486797514416,408.8096869510114,116.93271488280523,711.2412697147188,485.40961665471394,4427.640215661185,1769.5389932032995,988.6486797514416,408.8096869510114,116.93271488280523,711.2412697147188
2026-02-08 01:00:00+00:00,1128.58,6170.29,3637.17,991.25,-5.431801e-06,116.05,716.76,983.1123789076419,6435.030242499393,3084.5061154448817,972.8542815731241,7.532699177274026,114.43137690514322,728.0753966910801,485.40961665471394,4427.640215661185,1769.5389932032995,988.6486797514416,408.8096869510114,116.93271488280523,711.2412697147188,485.40961665471394,4427.640215661185,1769.5389932032995,988.6486797514416,408.8096869510114,116.93271488280523,711.2412697147188
2026-02-08 02:00:00+00:00,1137.62,6057.08,3622.07,992.76,-5.431801e-06,116.24,711.88,982.3586994302129,6439.250571684112,3067.5787447720695,968.975286475339,-1.306957607645984,113.91694161535123,739.9999835361249,485.40961665471394,4427.640215661185,1769.5389932032995,988.6486797514416,408.8096869510114,116.93271488280523,711.2412697147188,485.40961665471394,4427.640215661185,1769.5389932032995,988.6486797514416,408.8096869510114,116.93271488280523,711.2412697147188
2026-02-08 03:00:00+00:00,1142.8,6072.62,3626.81,1000.61,-5.431801e-06,117.15,712.32,1024.8128273017808,6622.737053953796,3104.2700279596993,963.4339750903341,3.1230560469342095,113.67368509553033,737.112509800192,485.40961665471394,4427.640215661185,1769.5389932032995,988.6486797514416,408.8096869510114,116.93271488280523,711.2412697147188,485.40961665471394,4427.640215661185,1769.5389932032995,988.6486797514416,408.8096869510114,116.93271488280523,711.2412697147188
2026-02-08 04:00:00+00:00,1150.33,6103.34,3658.69,997.11,-5.431801e-06,116.74,718.2,1031.004444597035,6700.521482738515,3111.416506308327,968.6414039865934,13.924665711888565,112.60149377208906,754.0473892355548,485.40961665471394,4427.640215661185,1769.5389932032995,988.6486797514416,408.8096869510114,116.93271488280523,711.2412697147188,485.40961665471394,4427.640215661185,1769.5389932032995,988.6486797514416,408.8096869510114,116.93271488280523,711.2412697147188
2026-02-08 05:00:00+00:00,1155.54,6097.14,3702.13,997.44,-5.431801e-06,116.78,723.37,1004.9485950413866,6562.641428022396,3111.584908605764,973.5099550810995,20.095734068129616,114.6193343843954,756.0487517079623,485.40961665471394,4427.640215661185,1769.5389932032995,988.6486797514416,408.8096869510114,116.93271488280523,711.2412697147188,485.40961665471394,4427.640215661185,1769.5389932032995,988.6486797514416,408.8096869510114,116.93271488280523,711.2412697147188
2026-02-08 06:00:00+00:00,1140.65,6171.13,3779.26,1010.22,-5.431801e-06,118.28,718.14,930.376234007457,6489.06895246123,3153.2669904761065,978.1870142683123,-21.160001363808476,115.26484812182906,843.6562523356151,485.40961665471394,4427.640215661185,1769.5389932032995,988.6486797514416,408.8096869510114,116.93271488280523,711.2412697147188,485.40961665471394,4427.640215661185,1769.5389932032995,988.6486797514416,408.8096869510114,116.93271488280523,711.2412697147188
2026-02-08 07:00:00+00:00,1141.96,6413.7,3838.81,1015.74,-5.431801e-06,118.93,727.16,915.3872494328202,6517.137977476885,3339.3933850806698,965.2762899825557,229.33039878422952,116.93255677279551,827.4792801749625,485.40961665471394,4427.640215661185,1769.5389932032995,988.6486797514416,408.8096869510114,116.93271488280523,711.2412697147188,485.40961665471394,4427.640215661185,1769.5389932032995,988.6486797514416,408.8096869510114,116.93271488280523,711.2412697147188
2026-02-08 08:00:00+00:00,1139.63,6423.94,3837.16,1004.62,-5.431801e-06,117.62,723.59,904.2542005979042,6495.894817486209,3538.0590436367547,959.0956469383086,231.7570025507524,113.69839998670162,816.9393591764854,485.40961665471394,4427.640215661185,1769.5389932032995,988.6486797514416,408.8096869510114,116.93271488280523,711.2412697147188,485.40961665471394,4427.640215661185,1769.5389932032995,988.6486797514416,408.8096869510114,116.93271488280523,711.2412697147188
2026-02-08 09:00:00+00:00,1137.63,6410.75,3780.69,1016.26,-5.431801e-06,119.0,723.09,897.3430534604037,6326.0309543904605,3306.8071388427834,961.8455639054557,167.58978576978072,113.69488468535481,826.1496167472629,485.40961665471394,4427.640215661185,1769.5389932032995,988.6486797514416,408.8096869510114,116.93271488280523,711.2412697147188,485.40961665471394,4427.640215661185,1769.5389932032995,988.6486797514416,408.8096869510114,116.93271488280523,711.2412697147188
2026-02-08 10:00:00+00:00,1141.38,6285.72,3660.54,1022.66,-5.431801e-06,119.74,721.81,961.7843476311998,6382.712062265229,3267.3220532980254,959.6245811784505,78.4028991324862,113.69838237765615,830.727204190247,485.40961665471394,4427.640215661185,1769.5389932032995,988.6486797514416,408.8096869510114,116.93271488280523,711.2412697147188,485.40961665471394,4427.640215661185,1769.5389932032995,988.6486797514416,408.8096869510114,116.93271488280523,711.2412697147188
2026-02-08 11:00:00+00:00,1141.74,6124.02,3620.06,1030.39,-5.431801e-06,120.64,719.76,978.8789611443051,6282.018114470926,3146.5613939388268,952.7159464883349,50.29319654212975,111.52467734773614,809.2800283028172,485.40961665471394,4427.640215661185,1769.5389932032995,988.6486797514416,408.8096869510114,116.93271488280523,711.2412697147188,485.40961665471394,4427.640215661185,1769.5389932032995,988.6486797514416,408.8096869510114,116.93271488280523,711.2412697147188
2026-02-08 12:00:00+00:00,1134.86,6098.21,3609.59,1036.75,-5.431801e-06,121.39,721.64,926.0837953212372,6328.0322583659745,3167.6586152974887,950.6837326565396,27.8033130694418,113.74208641879073,832.5352680489763,485.40961665471394,4427.640215661185,1769.5389932032995,988.6486797514416,408.8096869510114,116.93271488280523,711.2412697147188,485.40961665471394,4427.640215661185,1769.5389932032995,988.6486797514416,408.8096869510114,116.93271488280523,711.2412697147188
2026-02-08 13:00:00+00:00,1134.62,6254.3,3681.19,1033.55,-5.431801e-06,121.01,719.15,912.825662878054,6336.607470980555,3101.029139386981,974.2092911718898,76.48659590266504,114.1087479981516,817.6246121114965,485.40961665471394,4427.640215661185,1769.5389932032995,988.6486797514416,408.8096869510114,116.93271488280523,711.2412697147188,485.40961665471394,4427.640215661185,1769.5389932032995,988.6486797514416,408.8096869510114,116.93271488280523,711.2412697147188
2026-02-08 14:00:00+00:00,1139.7,6317.14,3747.98,1034.14,24.140009,121.08,711.54,910.3390470420699,6496.672151185177,3110.7351085966925,988.4245983150976,202.889453194162,115.08430792404742,801.4805222053354,485.40961665471394,4427.640215661185,1769.5389932032995,988.6486797514416,408.8096869510114,116.93271488280523,711.2412697147188,485.40961665471394,4427.640215661185,1769.5389932032995,988.6486797514416,408.8096869510114,116.93271488280523,711.2412697147188
2026-02-08 15:00:00+00:00,1154.79,6403.96,3953.11,1072.17,146.52002,125.53,738.4,998.160536498265,7014.3033184017,3473.7947526896364,1025.859604148159,513.6757978358146,121.77508812204739,826.0949643623011,485.40961665471394,4427.640215661185,1769.5389932032995,988.6486797514416,408.8096869510114,116.93271488280523,711.2412697147188,485.40961665471394,4427.640215661185,1769.5389932032995,988.6486797514416,408.8096869510114,116.93271488280523,711.2412697147188
2026-02-08 16:00:00+00:00,1158.85,6418.71,4081.47,1074.62,523.02,137.85,728.15,1132.5433470909986,7333.087134179311,3925.9278158487864,1035.2284206852037,1250.8983573369487,125.64506666182416,838.2919715328028,485.40961665471394,4427.640215661185,1769.5389932032995,988.6486797514416,408.8096869510114,116.93271488280523,711.2412697147188,485.40961665471394,4427.640215661185,1769.5389932032995,988.6486797514416,408.8096869510114,116.93271488280523,711.2412697147188
2026-02-08 17:00:00+00:00,1163.54,6416.74,4141.18,1077.98,519.18,138.66,728.43,1132.7297250190297,7069.868382504927,4127.207836949441,1035.5960604369675,1073.176842468224,126.27961075520855,778.9657248907771,485.40961665471394,4427.640215661185,1769.5389932032995,988.6486797514416,408.8096869510114,116.93271488280523,711.2412697147188,485.40961665471394,4427.640215661185,1769.5389932032995,988.6486797514416,408.8096869510114,116.93271488280523,711.2412697147188
2026-02-08 18:00:00+00:00,1162.03,6419.72,4149.55,1077.3,415.73,126.13,726.9,1120.2561299465865,6906.070514443665,4148.497386198476,1038.6664153433849,809.2116058660147,122.80554378864589,786.0483313619262,485.40961665471394,4427.640215661185,1769.5389932032995,988.6486797514416,408.8096869510114,116.93271488280523,711.2412697147188,485.40961665471394,4427.640215661185,1769.5389932032995,988.6486797514416,408.8096869510114,116.93271488280523,711.2412697147188
2026-02-08 19:00:00+00:00,1165.85,6411.26,4075.93,1057.28,36.800014,123.79,722.03,1127.3601013940681,6847.777133436626,3839.254692712765,1032.4346488196395,314.7373560462082,124.35247690759333,794.296951448134,485.40961665471394,4427.640215661185,1769.5389932032995,988.6486797514416,408.8096869510114,116.93271488280523,711.2412697147188,485.40961665471394,4427.640215661185,1769.5389932032995,988.6486797514416,408.8096869510114,116.93271488280523,711.2412697147188
2026-02-08 20:00:00+00:00,1168.36,6428.36,3918.37,1046.68,-5.431801e-06,122.55,713.9,1102.8748011381897,6592.088294988762,3822.4523114947297,1035.1488256334842,171.28339073914665,124.85070714591816,786.7326400949496,485.40961665471394,4427.640215661185,1769.5389932032995,988.6486797514416,408.8096869510114,116.93271488280523,711.2412697147188,485.40961665471394,4427.640215661185,1769.5389932032995,988.6486797514416,408.8096869510114,116.93271488280523,711.2412697147188
2026-02-08 21:00:00+00:00,1173.11,6401.95,3866.56,1026.8,58.17999,120.22,708.58,1107.750539853553,6544.898980517295,3823.9795602000227,1039.6383581521472,106.65473601784487,119.7301820204973,782.0268123685327,485.40961665471394,4427.640215661185,1769.5389932032995,988.6486797514416,408.8096869510114,116.93271488280523,711.2412697147188,485.40961665471394,4427.640215661185,1769.5389932032995,988.6486797514416,408.8096869510114,116.93271488280523,711.2412697147188
2026-02-08 22:00:00+00:00,1140.34,6261.42,3794.31,1017.07,-5.431801e-06,119.08,711.5,1091.0828961049635,6671.778364566842,3805.180194502748,1011.226610568448,59.38722130546972,116.29968667715373,779.8688742221523,485.40961665471394,4427.640215661185,1769.5389932032995,988.6486797514416,408.8096869510114,116.93271488280523,711.2412697147188,485.40961665471394,4427.640215661185,1769.5389932032995,988.6486797514416,408.8096869510114,116.93271488280523,711.2412697147188
2026-02-08 23:00:00+00:00,1130.28,5945.43,3785.83,1024.0,-5.431801e-06,119.89,681.12,1102.4218651294802,6608.540715432862,3591.2565172490395,1007.3413233081799,6.741470533898621,116.99153437648674,760.495285307587,485.40961665471394,4427.640215661185,1769.5389932032995,988.6486797514416,408.8096869510114,116.93271488280523,711.2412697147188,485.40961665471394,4427.640215661185,1769.5389932032995,988.6486797514416,408.8096869510114,116.93271488280523,711.2412697147188
2026-02-09 00:00:00+00:00,1132.13,5934.36,3791.76,1017.86,-5.431801e-06,119.18,649.82,1091.1626679614083,6502.926485521794,3451.180912606539,990.5612422287467,1.3466771133170141,116.0764337617693,760.3984751491339,485.40961665471394,4427.640215661185,1769.5389932032995,988.6486797514416,408.8096869510114,116.93271488280523,711.2412697147188,485.40961665471394,4427.640215661185,1769.5389932032995,988.6486797514416,408.8096869510114,116.93271488280523,711.2412697147188
2026-02-09 01:00:00+00:00,1126.08,5922.89,3792.32,1021.68,-5.431801e-06,119.63,673.02,1080.8564800428207,6510.270870556649,3368.1781314062323,990.3148795188365,-0.014211683212295156,117.49448493372691,761.117211067509,485.40961665471394,4427.640215661185,1769.5389932032995,988.6486797514416,408.8096869510114,116.93271488280523,711.2412697147188,485.40961665471394,4427.640215661185,1769.5389932032995,988.6486797514416,408.8096869510114,116.93271488280523,711.2412697147188
2026-02-09 02:00:00+00:00,1126.27,5935.46,3779.4,1022.17,0.029993348,119.68,670.7,1056.8723549410263,6565.52999567335,3373.4109939122154,970.100075481449,-1.2504228548916672,113.15776329520156,753.8027344290495,485.40961665471394,4427.640215661185,1769.5389932032995,988.6486797514416,408.8096869510114,116.93271488280523,711.2412697147188,485.40961665471394,4427.640215661185,1769.5389932032995,988.6486797514416,408.8096869510114,116.93271488280523,711.2412697147188
2026-02-09 03:00:00+00:00,1124.39,5950.34,3827.71,1022.53,55.790005,119.72,674.25,1078.5106680393149,6686.9809092634605,3557.4779786699955,955.1684817854152,-15.527486777829097,112.5825353075598,761.5699600868126,485.40961665471394,4427.640215661185,1769.5389932032995,988.6486797514416,408.8096869510114,116.93271488280523,711.2412697147188,485.40961665471394,4427.640215661185,1769.5389932032995,988.6486797514416,408.8096869510114,116.93271488280523,711.2412697147188
2026-02-09 04:00:00+00:00,1152.31,6122.62,3971.63,1027.24,71.81002,120.28,681.82,1086.6851869439658,6812.168959444973,3809.252064793143,951.9221297322341,25.62024609371099,112.56428728419282,755.3183262093721,485.40961665471394,4427.640215661185,1769.5389932032995,988.6486797514416,408.8096869510114,116.93271488280523,711.2412697147188,485.40961665471394,4427.640215661185,1769.5389932032995,988.6486797514416,408.8096869510114,116.93271488280523,711.2412697147188
2026-02-09 05:00:00+00:00,1161.74,6307.91,4221.85,1039.06,352.68,121.8,672.1,1109.484619762894,6956.363999901705,4239.496935229031,987.1278371090539,106.49732447799829,113.8116160134084,765.374139433258,485.40961665471394,4427.640215661185,1769.5389932032995,988.6486797514416,408.8096869510114,116.93271488280523,711.2412697147188,485.40961665471394,4427.640215661185,1769.5389932032995,988.6486797514416,408.8096869510114,116.93271488280523,711.2412697147188
2026-02-09 06:00:00+00:00,1155.17,6284.03,4370.4194,1039.59,779.88,136.03,673.02,1061.2435318671535,7123.653422201533,4336.531629500885,968.529560020227,794.0580796825371,111.9601621795585,928.2890925608785,485.40961665471394,4427.640215661185,1769.5389932032995,988.6486797514416,408.8096869510114,116.93271488280523,711.2412697147188,485.40961665471394,4427.640215661185,1769.5389932032995,988.6486797514416,408.8096869510114,116.93271488280523,711.2412697147188
2026-02-09 07:00:00+00:00,1156.95,6183.67,4433.61,1055.16,1235.14,150.69,666.75,1085.5407517412991,7022.33924717419,4370.32775288755,949.725857822243,1305.1887563346165,113.48763879061306,895.5067611365121,485.40961665471394,4427.640215661185,1769.5389932032995,988.6486797514416,408.8096869510114,116.93271488280523,711.2412697147188,485.40961665471394,4427.640215661185,1769.5389932032995,988.6486797514416,408.8096869510114,116.93271488280523,711.2412697147188
2026-02-09 08:00:00+00:00,1155.52,6135.91,4351.86,1049.4,1143.8,147.03,665.43,1121.7877389955581,6961.197378937511,4371.138979255389,936.6885792088816,858.9425096439938,112.44844466898593,899.4434245738908,485.40961665471394,4427.640215661185,1769.5389932032995,988.6486797514416,408.8096869510114,116.93271488280523,711.2412697147188,485.40961665471394,4427.640215661185,1769.5389932032995,988.6486797514416,408.8096869510114,116.93271488280523,711.2412697147188
2026-02-09 09:00:00+00:00,1155.52,6135.25,4257.9,1035.25,277.96,135.7,663.62,1120.0634075307782,7142.953172380345,4263.900975190431,977.4244160035199,441.6596851617819,111.77787040795602,851.6986780169013,485.40961665471394,4427.640215661185,1769.5389932032995,988.6486797514416,408.8096869510114,116.93271488280523,711.2412697147188,485.40961665471394,4427.640215661185,1769.5389932032995,988.6486797514416,408.8096869510114,116.93271488280523,711.2412697147188
2026-02-09 10:00:00+00:00,1159.05,6168.37,4247.83,1034.45,67.27999,121.1,659.08,1081.2239844376654,6813.081627243924,4090.5169361881412,974.2899752281761,300.34229629465926,113.30465055945639,854.3191110207523,485.40961665471394,4427.640215661185,1769.5389932032995,988.6486797514416,408.8096869510114,116.93271488280523,711.2412697147188,485.40961665471394,4427.640215661185,1769.5389932032995,988.6486797514416,408.8096869510114,116.93271488280523,711.2412697147188
2026-02-09 11:00:00+00:00,1159.38,6147.53,4238.59,1033.6,338.26,121.0,659.63,1061.0321016293074,6830.664457404844,4133.322151506483,961.4406350025043,124.92692125393671,113.21341841502904,833.5448159028709,485.40961665471394,4427.640215661185,1769.5389932032995,988.6486797514416,408.8096869510114,116.93271488280523,711.2412697147188,485.40961665471394,4427.640215661185,1769.5389932032995,988.6486797514416,408.8096869510114,116.93271488280523,711.2412697147188
2026-02-09 12:00:00+00:00,1163.13,6206.06,4241.78,1031.0,375.61,120.7,666.39,1072.3978511674825,6712.044404300528,4116.511621186829,958.6191435639091,110.20481598495832,113.94064174306351,825.7239071282601,485.40961665471394,4427.640215661185,1769.5389932032995,988.6486797514416,408.8096869510114,116.93271488280523,711.2412697147188,485.40961665471394,4427.640215661185,1769.5389932032995,988.6486797514416,408.8096869510114,116.93271488280523,711.2412697147188
2026-02-09 13:00:00+00:00,1111.09,6194.56,4252.22,1032.45,421.47,120.87,664.11,1063.339029747597,6850.169717740784,4041.9186754722477,970.783993284022,171.43387271948274,112.23639342233322,865.9678401425132,485.40961665471394,4427.640215661185,1769.5389932032995,988.6486797514416,408.8096869510114,116.93271488280523,711.2412697147188,485.40961665471394,4427.640215661185,1769.5389932032995,988.6486797514416,408.8096869510114,116.93271488280523,711.2412697147188
2026-02-09 14:00:00+00:00,1080.19,6236.32,4257.49,1029.9,706.94,120.56,666.3,1104.8766089003518,6883.812086454096,4051.2694760811187,982.8084497701146,369.21872639476936,116.64072149962142,872.461015949931,485.40961665471394,4427.640215661185,1769.5389932032995,988.6486797514416,408.8096869510114,116.93271488280523,711.2412697147188,485.40961665471394,4427.640215661185,1769.5389932032995,988.6486797514416,408.8096869510114,116.93271488280523,711.2412697147188
2026-02-09 15:00:00+00:00,1080.31,6206.89,4299.37,1056.63,1293.99,135.92,657.14,1102.889979623472,6653.912629419869,3996.652534938,1014.1061059905109,872.4020121862535,122.42591292505897,884.828611297035,485.40961665471394,4427.640215661185,1769.5389932032995,988.6486797514416,408.8096869510114,116.93271488280523,711.2412697147188,485.40961665471394,4427.640215661185,1769.5389932032995,988.6486797514416,408.8096869510114,116.93271488280523,711.2412697147188
2026-02-09 16:00:00+00:00,1077.4,6225.45,4367.27,1054.93,1389.4,147.58,681.75,1109.1746662679298,6487.691392185832,4250.6216192350485,1008.3045608103057,1824.0261975091196,128.1001039206882,954.8477917411815,485.40961665471394,4427.640215661185,1769.5389932032995,988.6486797514416,408.8096869510114,116.93271488280523,711.2412697147188,485.40961665471394,4427.640215661185,1769.5389932032995,988.6486797514416,408.8096869510114,116.93271488280523,711.2412697147188
2026-02-09 17:00:00+00:00,1049.92,6235.32,4389.31,1037.66,1341.17,145.64,676.0,1140.7423354884083,6424.341377479496,4462.346722161624,990.1685110223846,1372.9824581059654,120.01770216331681,850.7058029369707,485.40961665471394,4427.640215661185,1769.5389932032995,988.6486797514416,408.8096869510114,116.93271488280523,711.2412697147188,485.40961665471394,4427.640215661185,1769.5389932032995,988.6486797514416,408.8096869510114,116.93271488280523,711.2412697147188
2026-02-09 18:00:00+00:00,951.65,6249.47,4421.96,1035.03,1255.72,133.57,663.4,1143.6341412487166,6375.552971443872,4411.767529674324,965.9875667911269,982.2875387934732,113.81222910493358,857.2042119463799,485.40961665471394,4427.640215661185,1769.5389932032995,988.6486797514416,408.8096869510114,116.93271488280523,711.2412697147188,485.40961665471394,4427.640215661185,1769.5389932032995,988.6486797514416,408.8096869510114,116.93271488280523,711.2412697147188
2026-02-09 19:00:00+00:00,983.3401,6249.56,4373.64,1028.75,521.0,120.43,647.1,1127.647287587912,6428.356898197399,4324.510061119299,969.0868926598978,519.6964301946575,111.2638907346015,778.508620973033,485.40961665471394,4427.640215661185,1769.5389932032995,988.6486797514416,408.8096869510114,116.93271488280523,711.2412697147188,485.40961665471394,4427.640215661185,1769.5389932032995,988.6486797514416,408.8096869510114,116.93271488280523,711.2412697147188
2026-02-09 20:00:00+00:00,984.44,6239.3,4247.45,1018.58,218.44,119.24,651.71,1118.027955404164,6430.574972039826,4089.159607211102,967.3931632376041,243.66034981280094,112.25019610538058,770.342384863996,485.40961665471394,4427.640215661185,1769.5389932032995,988.6486797514416,408.8096869510114,116.93271488280523,711.2412697147188,485.40961665471394,4427.640215661185,1769.5389932032995,988.6486797514416,408.8096869510114,116.93271488280523,711.2412697147188
2026-02-09 21:00:00+00:00,979.82007,6229.92,4084.27,1020.62,70.02999,119.48,642.04,1087.35061968587,6446.97891113833,3860.6083186855617,972.1884859645132,43.17061301652825,110.98412451087458,765.5904365147185,485.40961665471394,4427.640215661185,1769.5389932032995,988.6486797514416,408.8096869510114,116.93271488280523,711.2412697147188,485.40961665471394,4427.640215661185,1769.5389932032995,988.6486797514416,408.8096869510114,116.93271488280523,711.2412697147188
2026-02-09 22:00:00+00:00,976.48,6259.93,4003.54,1009.45,55.41,118.17,640.13,1008.6441820350553,6286.027162866669,3697.038720999991,960.058327721902,70.41820924466344,112.0420867455862,752.0960707343784,485.40961665471394,4427.640215661185,1769.5389932032995,988.6486797514416,408.8096869510114,116.93271488280523,711.2412697147188,485.40961665471394,4427.640215661185,1769.5389932032995,988.6486797514416,408.8096869510114,116.93271488280523,711.2412697147188
2026-02-09 23:00:00+00:00,977.74,6281.25,3920.0,1013.45,43.64001,118.64,947.96,1005.7713929181109,6132.4240215638165,3502.921760501025,964.9387932656307,25.483725287968127,113.66487160653004,749.3682533971855,485.40961665471394,4427.640215661185,1769.5389932032995,988.6486797514416,408.8096869510114,116.93271488280523,711.2412697147188,485.40961665471394,4427.640215661185,1769.5389932032995,988.6486797514416,408.8096869510114,116.93271488280523,711.2412697147188
2026-02-10 00:00:00+00:00,984.6,6284.63,3898.22,1011.02,-5.431801e-06,118.35,947.1,992.1561131479995,6114.342419027833,3597.447099936402,938.870275539527,8.41910876536042,112.75401928352383,767.1354726796507,485.40961665471394,4427.640215661185,1769.5389932032995,988.6486797514416,408.8096869510114,116.93271488280523,711.2412697147188,485.40961665471394,4427.640215661185,1769.5389932032995,988.6486797514416,408.8096869510114,116.93271488280523,711.2412697147188
2026-02-10 01:00:00+00:00,982.37,6276.61,3874.32,1013.55,-5.431801e-06,118.65,942.53,984.136413154436,6322.813446006154,3590.004848244479,948.1695024722428,-43.34710407870051,113.20895777534426,767.1354726796507,485.40961665471394,4427.640215661185,1769.5389932032995,988.6486797514416,408.8096869510114,116.93271488280523,711.2412697147188,485.40961665471394,4427.640215661185,1769.5389932032995,988.6486797514416,408.8096869510114,116.93271488280523,711.2412697147188
2026-02-10 02:00:00+00:00,984.53,6297.55,3870.02,1015.11,-5.431801e-06,118.84,939.69,988.8330229710416,6305.702791406236,3612.4640375531226,953.2987535313557,-43.34710407870051,111.03165161118162,742.1144283115707,485.40961665471394,4427.640215661185,1769.5389932032995,988.6486797514416,408.8096869510114,116.93271488280523,711.2412697147188,485.40961665471394,4427.640215661185,1769.5389932032995,988.6486797514416,408.8096869510114,116.93271488280523,711.2412697147188
2026-02-10 03:00:00+00:00,986.15,6631.1,3867.87,1014.39,-5.431801e-06,118.75,941.79,939.8218770305893,6417.605742960369,3565.20806258558,944.6570605706389,-4.531218819113633,112.18980711585651,749.5696883481276,485.40961665471394,4427.640215661185,1769.5389932032995,988.6486797514416,408.8096869510114,116.93271488280523,711.2412697147188,485.40961665471394,4427.640215661185,1769.5389932032995,988.6486797514416,408.8096869510114,116.93271488280523,711.2412697147188
2026-02-10 04:00:00+00:00,989.22,6725.89,3941.38,1019.33,-5.431801e-06,119.33,948.92,997.720955990872,6470.471158556382,3592.892141558862,963.2884010931225,13.547088250623005,111.73211862910517,738.0840867260059,485.40961665471394,4427.640215661185,1769.5389932032995,988.6486797514416,408.8096869510114,116.93271488280523,711.2412697147188,485.40961665471394,4427.640215661185,1769.5389932032995,988.6486797514416,408.8096869510114,116.93271488280523,711.2412697147188
2026-02-10 05:00:00+00:00,993.95,6788.64,4093.53,1029.1,290.71,120.47,948.09,1106.5944129022382,6570.128301741162,4045.587354407351,952.521092658441,117.82293642933746,109.27228255443029,746.0279037337193,485.40961665471394,4427.640215661185,1769.5389932032995,988.6486797514416,408.8096869510114,116.93271488280523,711.2412697147188,485.40961665471394,4427.640215661185,1769.5389932032995,988.6486797514416,408.8096869510114,116.93271488280523,711.2412697147188
2026-02-10 06:00:00+00:00,993.23,6860.11,4162.23,1025.81,1044.25,120.09,947.49,1062.1683031777047,6553.715208765592,4241.3041519691415,965.9670895354297,1236.8930556016421,111.46988744915402,903.9415725756726,485.40961665471394,4427.640215661185,1769.5389932032995,988.6486797514416,408.8096869510114,116.93271488280523,711.2412697147188,485.40961665471394,4427.640215661185,1769.5389932032995,988.6486797514416,408.8096869510114,116.93271488280523,711.2412697147188
2026-02-10 07:00:00+00:00,991.38007,6918.71,4173.26,1045.43,1031.84,122.38,946.09,1046.02020084525,6326.561122846476,4235.31585284121,933.2080456473425,1262.9552219751426,109.64192030570533,691.7074508515057,485.40961665471394,4427.640215661185,1769.5389932032995,988.6486797514416,408.8096869510114,116.93271488280523,711.2412697147188,485.40961665471394,4427.640215661185,1769.5389932032995,988.6486797514416,408.8096869510114,116.93271488280523,711.2412697147188
2026-02-10 08:00:00+00:00,988.44006,6940.69,4149.76,1048.81,711.54,122.78,952.63,962.7635822560633,6382.377070373935,4184.033872352252,951.9372505504214,853.3366015413795,111.40849748271407,743.930542797903,485.40961665471394,4427.640215661185,1769.5389932032995,988.6486797514416,408.8096869510114,116.93271488280523,711.2412697147188,485.40961665471394,4427.640215661185,1769.5389932032995,988.6486797514416,408.8096869510114,116.93271488280523,711.2412697147188
2026-02-10 09:00:00+00:00,989.98,6977.43,4134.91,1048.19,290.72,122.71,957.5,942.2963548705372,6522.2541705668245,4024.911909184269,952.2692850578327,330.55641367791804,111.95252737431271,757.8486399486574,485.40961665471394,4427.640215661185,1769.5389932032995,988.6486797514416,408.8096869510114,116.93271488280523,711.2412697147188,485.40961665471394,4427.640215661185,1769.5389932032995,988.6486797514416,408.8096869510114,116.93271488280523,711.2412697147188
2026-02-10 10:00:00+00:00,990.36005,6931.77,4089.52,1040.93,48.14001,121.86,957.52,893.2092118278733,6390.0679854494165,3597.207367531093,973.903081304979,209.3849710776014,114.33319077305985,770.8866448145858,485.40961665471394,4427.640215661185,1769.5389932032995,988.6486797514416,408.8096869510114,116.93271488280523,711.2412697147188,485.40961665471394,4427.640215661185,1769.5389932032995,988.6486797514416,408.8096869510114,116.93271488280523,711.2412697147188
2026-02-10 11:00:00+00:00,991.08,6536.31,4044.51,1027.81,38.740017,120.32,967.36,896.5140465967081,6326.461119539707,3348.9981374035697,1018.9875424460853,141.23518067216656,118.56948821059696,797.3270716267159,485.40961665471394,4427.640215661185,1769.5389932032995,988.6486797514416,408.8096869510114,116.93271488280523,711.2412697147188,485.40961665471394,4427.640215661185,1769.5389932032995,988.6486797514416,408.8096869510114,116.93271488280523,711.2412697147188
2026-02-10 12:00:00+00:00,990.89,6720.21,4016.01,1020.93,45.14001,119.52,950.66,895.1131444143716,6378.59426673466,3453.3783928407806,1004.3694625816289,119.68202757553661,118.47360581607457,817.5731078228448,485.40961665471394,4427.640215661185,1769.5389932032995,988.6486797514416,408.8096869510114,116.93271488280523,711.2412697147188,485.40961665471394,4427.640215661185,1769.5389932032995,988.6486797514416,408.8096869510114,116.93271488280523,711.2412697147188
2026-02-10 13:00:00+00:00,992.6501,7142.68,4029.37,1025.82,64.709984,120.09,948.4,959.4632253248,6616.009295194384,3389.0641479602295,1010.3775196993689,268.88629160549476,118.92383748193619,866.420279913528,485.40961665471394,4427.640215661185,1769.5389932032995,988.6486797514416,408.8096869510114,116.93271488280523,711.2412697147188,485.40961665471394,4427.640215661185,1769.5389932032995,988.6486797514416,408.8096869510114,116.93271488280523,711.2412697147188
2026-02-10 14:00:00+00:00,992.06,7156.23,4055.78,1037.97,171.61,121.51,950.07,1001.8897271536746,6795.856547808042,3529.607328214911,1021.3576938852384,523.3325275523757,118.98141626669016,846.4241359217783,485.40961665471394,4427.640215661185,1769.5389932032995,988.6486797514416,408.8096869510114,116.93271488280523,711.2412697147188,485.40961665471394,4427.640215661185,1769.5389932032995,988.6486797514416,408.8096869510114,116.93271488280523,711.2412697147188
2026-02-10 15:00:00+00:00,992.96,7138.15,4117.69,1039.06,770.77997,121.64,950.23,946.3363601981472,6796.105551840328,3586.432445350685,1004.4245225993349,904.2716900063799,118.80540775456218,846.3757455482703,485.40961665471394,4427.640215661185,1769.5389932032995,988.6486797514416,408.8096869510114,116.93271488280523,711.2412697147188,485.40961665471394,4427.640215661185,1769.5389932032995,988.6486797514416,408.8096869510114,116.93271488280523,711.2412697147188
2026-02-10 16:00:00+00:00,993.6501,7128.54,4132.3,1036.38,1082.91,133.68,952.88,1013.0763207033783,6753.152180694415,3846.023184029204,1037.1533576041616,1251.410288783573,121.75286852996638,823.0478184445325,485.40961665471394,4427.640215661185,1769.5389932032995,988.6486797514416,408.8096869510114,116.93271488280523,711.2412697147188,485.40961665471394,4427.640215661185,1769.5389932032995,988.6486797514416,408.8096869510114,116.93271488280523,711.2412697147188
2026-02-10 17:00:00+00:00,994.85,7110.78,4158.24,1047.58,943.02,135.28,953.23,1051.480256564944,6355.033019269478,4124.73778255721,1001.1849881348936,789.2373869886229,122.01742202082634,733.5176436255645,485.40961665471394,4427.640215661185,1769.5389932032995,988.6486797514416,408.8096869510114,116.93271488280523,711.2412697147188,485.40961665471394,4427.640215661185,1769.5389932032995,988.6486797514416,408.8096869510114,116.93271488280523,711.2412697147188
2026-02-10 18:00:00+00:00,993.85,7119.51,4132.34,1039.22,386.12,121.66,955.47,1041.9077273221967,6416.309343383612,3985.3731418711523,1011.7281321405209,666.1875549933438,121.94684965950185,737.3807642474687,485.40961665471394,4427.640215661185,1769.5389932032995,988.6486797514416,408.8096869510114,116.93271488280523,711.2412697147188,485.40961665471394,4427.640215661185,1769.5389932032995,988.6486797514416,408.8096869510114,116.93271488280523,711.2412697147188
2026-02-10 19:00:00+00:00,995.86,7154.42,4066.37,1037.03,52.61999,121.4,946.26,1083.1994998108767,6402.484029809212,3762.42421727069,999.6156739287457,318.13314904244,119.01877402519288,727.2510956918029,485.40961665471394,4427.640215661185,1769.5389932032995,988.6486797514416,408.8096869510114,116.93271488280523,711.2412697147188,485.40961665471394,4427.640215661185,1769.5389932032995,988.6486797514416,408.8096869510114,116.93271488280523,711.2412697147188
2026-02-10 20:00:00+00:00,975.42,7156.06,3955.36,1036.26,64.88,121.31,950.77,1054.8773484736084,6439.976464617545,3749.7198475711375,1007.3605096738348,186.49434558177447,120.27958678743629,713.3874118499293,485.40961665471394,4427.640215661185,1769.5389932032995,988.6486797514416,408.8096869510114,116.93271488280523,711.2412697147188,485.40961665471394,4427.640215661185,1769.5389932032995,988.6486797514416,408.8096869510114,116.93271488280523,711.2412697147188
2026-02-10 21:00:00+00:00,962.76,7118.75,3857.2,1041.83,42.559994,121.96,945.55,1063.8973300404207,6391.175143983828,3855.921336631268,1019.25844132784,47.383113829621095,118.6979244981605,694.3781160939152,485.40961665471394,4427.640215661185,1769.5389932032995,988.6486797514416,408.8096869510114,116.93271488280523,711.2412697147188,485.40961665471394,4427.640215661185,1769.5389932032995,988.6486797514416,408.8096869510114,116.93271488280523,711.2412697147188
2026-02-10 22:00:00+00:00,956.48,6889.86,3729.46,1038.11,39.490017,121.53,939.51,1030.7185662532602,6292.91675689255,3530.917694304241,1045.712541951472,-10.07546364773117,120.30261603632701,691.8023282219854,485.40961665471394,4427.640215661185,1769.5389932032995,988.6486797514416,408.8096869510114,116.93271488280523,711.2412697147188,485.40961665471394,4427.640215661185,1769.5389932032995,988.6486797514416,408.8096869510114,116.93271488280523,711.2412697147188
2026-02-10 23:00:00+00:00,905.23,6711.07,3687.44,1035.69,0.36001045,121.24,930.52,1049.93495574181,6212.153611183326,3312.3899255816495,1023.8584760276051,-2.1393837606161696,120.32948865575955,653.6705333571164,485.40961665471394,4427.640215661185,1769.5389932032995,988.6486797514416,408.8096869510114,116.93271488280523,711.2412697147188,485.40961665471394,4427.640215661185,1769.5389932032995,988.6486797514416,408.8096869510114,116.93271488280523,711.2412697147188
2026-02-11 00:00:00+00:00,902.73,6591.37,3652.13,1027.31,-5.431801e-06,120.26,935.85,1041.3762307927097,6270.444729587439,3184.194537128051,1021.0634647649467,-3.605887734855912,119.69033877473595,666.2527899597522,485.40961665471394,4427.640215661185,1769.5389932032995,988.6486797514416,408.8096869510114,116.93271488280523,711.2412697147188,485.40961665471394,4427.640215661185,1769.5389932032995,988.6486797514416,408.8096869510114,116.93271488280523,711.2412697147188
2026-02-11 01:00:00+00:00,900.44,6425.9,3610.85,1036.93,-5.431801e-06,121.39,941.51,928.6705029274025,6223.400463600835,3151.78890563771,990.1831473321002,28.45083885201086,111.32324924804156,658.813783657271,485.40961665471394,4427.640215661185,1769.5389932032995,988.6486797514416,408.8096869510114,116.93271488280523,711.2412697147188,485.40961665471394,4427.640215661185,1769.5389932032995,988.6486797514416,408.8096869510114,116.93271488280523,711.2412697147188
2026-02-11 02:00:00+00:00,900.61005,6426.7,3621.98,1031.47,-5.431801e-06,120.75,934.71,949.4121609700094,6187.741838826238,3103.920251496559,1028.5187255436977,4.479586570055346,115.62525118864178,654.8892870329788,485.40961665471394,4427.640215661185,1769.5389932032995,988.6486797514416,408.8096869510114,116.93271488280523,711.2412697147188,485.40961665471394,4427.640215661185,1769.5389932032995,988.6486797514416,408.8096869510114,116.93271488280523,711.2412697147188
2026-02-11 03:00:00+00:00,902.1,6445.31,3678.84,1029.06,-5.431801e-06,120.47,941.2,985.8369356474738,6140.913828125623,3231.8758589163235,1018.224642091801,11.037230698416352,120.98722832798956,707.216252438451,485.40961665471394,4427.640215661185,1769.5389932032995,988.6486797514416,408.8096869510114,116.93271488280523,711.2412697147188,485.40961665471394,4427.640215661185,1769.5389932032995,988.6486797514416,408.8096869510114,116.93271488280523,711.2412697147188
2026-02-11 04:00:00+00:00,902.94,6455.85,3803.3003,1033.48,-5.431801e-06,120.98,940.79,1042.9957924273813,6227.855842966197,3432.3357041122604,975.8541065185423,65.4139203110683,114.98302308461496,695.9865063217297,485.40961665471394,4427.640215661185,1769.5389932032995,988.6486797514416,408.8096869510114,116.93271488280523,711.2412697147188,485.40961665471394,4427.640215661185,1769.5389932032995,988.6486797514416,408.8096869510114,116.93271488280523,711.2412697147188
2026-02-11 05:00:00+00:00,902.69,6656.3,3920.53,1051.56,100.01,123.1,937.35,1071.1968498255158,6475.581563161057,3752.9673239180884,986.5157936160296,124.85057036689238,117.48521426872539,712.9727909522089,485.40961665471394,4427.640215661185,1769.5389932032995,988.6486797514416,408.8096869510114,116.93271488280523,711.2412697147188,485.40961665471394,4427.640215661185,1769.5389932032995,988.6486797514416,408.8096869510114,116.93271488280523,711.2412697147188
2026-02-11 06:00:00+00:00,902.36,6872.44,4000.35,1070.92,501.95,131.39,942.76,976.4952882799571,6902.575598278609,3791.3887556515137,1001.0487345951942,938.3880855331124,119.71832297452865,858.1552239770014,485.40961665471394,4427.640215661185,1769.5389932032995,988.6486797514416,408.8096869510114,116.93271488280523,711.2412697147188,485.40961665471394,4427.640215661185,1769.5389932032995,988.6486797514416,408.8096869510114,116.93271488280523,711.2412697147188
2026-02-11 07:00:00+00:00,900.07,6866.5,4058.4902,1079.92,691.41,144.71,950.7,1071.2970179214278,6833.750959881508,3734.7957957924746,981.9390718190846,1280.1696557690725,117.23711405004876,845.9708478505346,485.40961665471394,4427.640215661185,1769.5389932032995,988.6486797514416,408.8096869510114,116.93271488280523,711.2412697147188,485.40961665471394,4427.640215661185,1769.5389932032995,988.6486797514416,408.8096869510114,116.93271488280523,711.2412697147188
2026-02-11 08:00:00+00:00,902.69,6858.89,4055.19,1081.7,580.63,126.63,949.79,993.8229473896158,6848.953629415878,3713.930454297555,986.2013379319341,875.5838239954121,117.43058055313467,855.3849873746344,485.40961665471394,4427.640215661185,1769.5389932032995,988.6486797514416,408.8096869510114,116.93271488280523,711.2412697147188,485.40961665471394,4427.640215661185,1769.5389932032995,988.6486797514416,408.8096869510114,116.93271488280523,711.2412697147188
2026-02-11 09:00:00+00:00,907.55,6852.36,3997.08,1087.53,135.5,127.31,948.1,906.8462250950463,6776.335707602614,3780.3718248139785,988.6116599512253,498.27237836800185,114.57756079747512,851.9768340188461,485.40961665471394,4427.640215661185,1769.5389932032995,988.6486797514416,408.8096869510114,116.93271488280523,711.2412697147188,485.40961665471394,4427.640215661185,1769.5389932032995,988.6486797514416,408.8096869510114,116.93271488280523,711.2412697147188
2026-02-11 10:00:00+00:00,908.63,6778.39,3900.72,1082.53,124.23998,126.73,948.18,922.4845118671615,6742.111540360826,3706.2548018516695,1004.6689791250037,354.71541668067516,117.96191190084012,838.2902679421403,485.40961665471394,4427.640215661185,1769.5389932032995,988.6486797514416,408.8096869510114,116.93271488280523,711.2412697147188,485.40961665471394,4427.640215661185,1769.5389932032995,988.6486797514416,408.8096869510114,116.93271488280523,711.2412697147188
2026-02-11 11:00:00+00:00,910.48,6803.61,3863.59,1064.48,123.200005,124.62,955.09,908.8842949249425,6688.008017238667,3660.489496653787,984.6362838749602,209.68283115253584,114.01028879723701,824.6114787346866,485.40961665471394,4427.640215661185,1769.5389932032995,988.6486797514416,408.8096869510114,116.93271488280523,711.2412697147188,485.40961665471394,4427.640215661185,1769.5389932032995,988.6486797514416,408.8096869510114,116.93271488280523,711.2412697147188
2026-02-11 12:00:00+00:00,907.76,6746.02,3754.65,1057.1,134.49002,123.75,954.27,907.1894024499271,6829.7769927813315,3388.8240927485303,982.1079557662272,257.36426941993227,116.10195946895995,870.058358527963,485.40961665471394,4427.640215661185,1769.5389932032995,988.6486797514416,408.8096869510114,116.93271488280523,711.2412697147188,485.40961665471394,4427.640215661185,1769.5389932032995,988.6486797514416,408.8096869510114,116.93271488280523,711.2412697147188
2026-02-11 13:00:00+00:00,907.16,6749.2,3755.71,1051.99,165.28998,123.15,948.65,917.0233122752982,6895.9555988456905,3349.9368545167285,955.7524143532951,409.6092472399181,112.78903732535466,875.3275478079121,485.40961665471394,4427.640215661185,1769.5389932032995,988.6486797514416,408.8096869510114,116.93271488280523,711.2412697147188,485.40961665471394,4427.640215661185,1769.5389932032995,988.6486797514416,408.8096869510114,116.93271488280523,711.2412697147188
2026-02-11 14:00:00+00:00,907.69,6823.56,3848.29,1053.44,124.11999,123.32,941.86,961.7188363015687,6842.970002870543,3469.0422552957693,981.8347164623835,737.28793772772,116.37390259020478,882.2675415847375,485.40961665471394,4427.640215661185,1769.5389932032995,988.6486797514416,408.8096869510114,116.93271488280523,711.2412697147188,485.40961665471394,4427.640215661185,1769.5389932032995,988.6486797514416,408.8096869510114,116.93271488280523,711.2412697147188
2026-02-11 15:00:00+00:00,907.25,6798.91,3948.6,1087.09,140.43,127.26,937.49,1010.5780605551247,6866.1650394790295,3388.6888824941007,1014.5934746581058,1110.9586779196143,122.0630430155519,870.6328695239862,485.40961665471394,4427.640215661185,1769.5389932032995,988.6486797514416,408.8096869510114,116.93271488280523,711.2412697147188,485.40961665471394,4427.640215661185,1769.5389932032995,988.6486797514416,408.8096869510114,116.93271488280523,711.2412697147188
2026-02-11 16:00:00+00:00,908.3401,6822.96,4022.64,1083.77,392.74,145.15,939.78,995.9841898004331,6731.903664230027,3628.267451936485,1016.6541455166937,1484.9363197044634,123.68087629249845,858.0966749602072,485.40961665471394,4427.640215661185,1769.5389932032995,988.6486797514416,408.8096869510114,116.93271488280523,711.2412697147188,485.40961665471394,4427.640215661185,1769.5389932032995,988.6486797514416,408.8096869510114,116.93271488280523,711.2412697147188
2026-02-11 17:00:00+00:00,900.14,6821.98,4015.61,1069.57,507.83,134.47,943.14,1099.3629384115463,6475.857325319291,3835.3994991919485,945.5370305719059,1010.077205327881,118.66094036117389,745.9616759749729,485.40961665471394,4427.640215661185,1769.5389932032995,988.6486797514416,408.8096869510114,116.93271488280523,711.2412697147188,485.40961665471394,4427.640215661185,1769.5389932032995,988.6486797514416,408.8096869510114,116.93271488280523,711.2412697147188
2026-02-11 18:00:00+00:00,891.26,6824.47,3955.92,1053.73,151.30002,123.35,939.16,1075.665159229566,6298.565105504014,3771.931219197305,990.9059035709622,704.0711769947985,118.33818554789653,780.4968739875541,485.40961665471394,4427.640215661185,1769.5389932032995,988.6486797514416,408.8096869510114,116.93271488280523,711.2412697147188,485.40961665471394,4427.640215661185,1769.5389932032995,988.6486797514416,408.8096869510114,116.93271488280523,711.2412697147188
2026-02-11 19:00:00+00:00,893.49005,6854.34,3872.69,1023.0,108.61001,119.76,931.27,1056.8598360071567,6136.254951086974,3524.7560493879932,995.0594808184869,277.44143243984536,119.15134425124322,743.0753034899037,485.40961665471394,4427.640215661185,1769.5389932032995,988.6486797514416,408.8096869510114,116.93271488280523,711.2412697147188,485.40961665471394,4427.640215661185,1769.5389932032995,988.6486797514416,408.8096869510114,116.93271488280523,711.2412697147188
2026-02-11 20:00:00+00:00,907.03,6837.96,3822.31,1011.59,25.36999,118.42,935.47,1044.3896164085968,6035.300176101131,3353.8394295402977,1008.2956253139275,194.15259912592765,120.5940136705061,718.1292378458836,485.40961665471394,4427.640215661185,1769.5389932032995,988.6486797514416,408.8096869510114,116.93271488280523,711.2412697147188,485.40961665471394,4427.640215661185,1769.5389932032995,988.6486797514416,408.8096869510114,116.93271488280523,711.2412697147188
2026-02-11 21:00:00+00:00,907.1,6592.84,3680.38,1008.1,-5.431801e-06,118.01,935.25,991.5703086848978,5800.159622091344,3155.832031947473,984.6902367807916,34.5110625921713,118.30364137275308,730.4018138809973,485.40961665471394,4427.640215661185,1769.5389932032995,988.6486797514416,408.8096869510114,116.93271488280523,711.2412697147188,485.40961665471394,4427.640215661185,1769.5389932032995,988.6486797514416,408.8096869510114,116.93271488280523,711.2412697147188
2026-02-11 22:00:00+00:00,902.34,6150.76,3562.89,1010.25,-5.431801e-06,118.26,935.85,1021.8772951554731,6165.838675628118,2989.609083317712,971.8861750046424,-31.404911148228848,118.72405096684756,729.0365633354994,485.40961665471394,4427.640215661185,1769.5389932032995,988.6486797514416,408.8096869510114,116.93271488280523,711.2412697147188,485.40961665471394,4427.640215661185,1769.5389932032995,988.6486797514416,408.8096869510114,116.93271488280523,711.2412697147188
2026-02-11 23:00:00+00:00,901.73,6127.84,3511.01,1001.8,0.010004334,117.28,938.28,795.3727670140543,5620.345009458358,2936.68459111785,985.1630039107387,19.46243660532616,118.59859440441427,726.776078606135,485.40961665471394,4427.640215661185,1769.5389932032995,988.6486797514416,408.8096869510114,116.93271488280523,711.2412697147188,485.40961665471394,4427.640215661185,1769.5389932032995,988.6486797514416,408.8096869510114,116.93271488280523,711.2412697147188
2026-02-12 00:00:00+00:00,899.52,6249.07,3495.96,1017.81,-5.431801e-06,119.15,949.14,779.765453389339,4982.165129520363,2584.6324779138495,972.0088554369261,55.95169943827631,117.37615851274695,673.2907968902317,485.40961665471394,4427.640215661185,1769.5389932032995,988.6486797514416,408.8096869510114,116.93271488280523,711.2412697147188,485.40961665471394,4427.640215661185,1769.5389932032995,988.6486797514416,408.8096869510114,116.93271488280523,711.2412697147188
2026-02-12 01:00:00+00:00,738.71,6399.69,3496.47,1023.09,-5.431801e-06,119.77,940.53,748.6225810385823,4953.327012063615,2535.638785422401,977.3359700125667,60.64702673688328,112.90352781203353,698.4182921084789,485.40961665471394,4427.640215661185,1769.5389932032995,988.6486797514416,408.8096869510114,116.93271488280523,711.2412697147188,485.40961665471394,4427.640215661185,1769.5389932032995,988.6486797514416,408.8096869510114,116.93271488280523,711.2412697147188
2026-02-12 02:00:00+00:00,627.21,6393.86,3465.09,994.15,-5.431801e-06,116.38,939.1,612.0729921183545,4566.805943733652,2479.931323207017,945.7634322196052,67.6475078507043,111.56680833963964,678.0553119211135,485.40961665471394,4427.640215661185,1769.5389932032995,988.6486797514416,408.8096869510114,116.93271488280523,711.2412697147188,485.40961665471394,4427.640215661185,1769.5389932032995,988.6486797514416,408.8096869510114,116.93271488280523,711.2412697147188
2026-02-12 03:00:00+00:00,678.65,6393.23,3486.18,990.68,-5.431801e-06,115.98,939.87,647.1791891726206,4768.312527083565,2745.932713131031,956.9914274593574,60.8663347775248,111.86151128638036,703.8375486335443,485.40961665471394,4427.640215661185,1769.5389932032995,988.6486797514416,408.8096869510114,116.93271488280523,711.2412697147188,485.40961665471394,4427.640215661185,1769.5389932032995,988.6486797514416,408.8096869510114,116.93271488280523,711.2412697147188
2026-02-12 04:00:00+00:00,867.98,6428.74,3571.94,990.73,-5.431801e-06,115.98,943.36,976.7158477171652,5372.025350837972,2893.2690588068954,975.9800795677952,52.556204287929745,113.87561106105947,707.8900947542594,485.40961665471394,4427.640215661185,1769.5389932032995,988.6486797514416,408.8096869510114,116.93271488280523,711.2412697147188,485.40961665471394,4427.640215661185,1769.5389932032995,988.6486797514416,408.8096869510114,116.93271488280523,711.2412697147188
2026-02-12 05:00:00+00:00,904.81006,6728.45,3678.29,997.95,94.53002,116.83,937.42,1037.0998340109154,5909.876252814052,3324.6388617486286,974.0026265481005,169.43864336861935,117.3440291415692,670.4010666664722,485.40961665471394,4427.640215661185,1769.5389932032995,988.6486797514416,408.8096869510114,116.93271488280523,711.2412697147188,485.40961665471394,4427.640215661185,1769.5389932032995,988.6486797514416,408.8096869510114,116.93271488280523,711.2412697147188
2026-02-12 06:00:00+00:00,906.31006,6811.59,3866.22,1027.46,422.09,120.28,941.68,901.0286147112597,6148.486882077106,3201.596502361541,1003.7149360206214,1198.5815271827719,117.91735940289448,811.5553972563539,485.40961665471394,4427.640215661185,1769.5389932032995,988.6486797514416,408.8096869510114,116.93271488280523,711.2412697147188,485.40961665471394,4427.640215661185,1769.5389932032995,988.6486797514416,408.8096869510114,116.93271488280523,711.2412697147188
2026-02-12 07:00:00+00:00,906.69,6808.35,3873.05,1030.38,756.91,120.62,949.63,906.9737915031803,6462.7398599223725,3416.352367044744,1019.9971349061959,1039.8817923399997,118.06289294825929,835.0237465886643,485.40961665471394,4427.640215661185,1769.5389932032995,988.6486797514416,408.8096869510114,116.93271488280523,711.2412697147188,485.40961665471394,4427.640215661185,1769.5389932032995,988.6486797514416,408.8096869510114,116.93271488280523,711.2412697147188
2026-02-12 08:00:00+00:00,905.08,6828.26,3806.66,1021.94,568.04,119.64,944.4,894.6220170925267,6535.2391548397645,3296.641189529595,1034.8979937802824,573.4757058344899,118.41488336701238,837.3080819792034,485.40961665471394,4427.640215661185,1769.5389932032995,988.6486797514416,408.8096869510114,116.93271488280523,711.2412697147188,485.40961665471394,4427.640215661185,1769.5389932032995,988.6486797514416,408.8096869510114,116.93271488280523,711.2412697147188
2026-02-12 09:00:00+00:00,907.0,6573.58,3659.42,1023.78,144.46002,119.85,947.01,907.7462979012623,6175.25580388512,3277.5552255531647,998.5326381157136,264.1501527760943,116.6597101192988,822.2674004270714,485.40961665471394,4427.640215661185,1769.5389932032995,988.6486797514416,408.8096869510114,116.93271488280523,711.2412697147188,485.40961665471394,4427.640215661185,1769.5389932032995,988.6486797514416,408.8096869510114,116.93271488280523,711.2412697147188
2026-02-12 10:00:00+00:00,893.03,6450.51,3573.41,1011.21,73.07,118.38,946.9,912.547159659362,6131.931970180109,3105.7034578902176,974.3079457031268,224.80012650468257,112.31123317575545,858.1036655844131,485.40961665471394,4427.640215661185,1769.5389932032995,988.6486797514416,408.8096869510114,116.93271488280523,711.2412697147188,485.40961665471394,4427.640215661185,1769.5389932032995,988.6486797514416,408.8096869510114,116.93271488280523,711.2412697147188
2026-02-12 11:00:00+00:00,834.13,6428.93,3513.03,1005.81,38.41,117.74,947.25,919.6458916994909,6072.878329881039,2989.8059578417187,972.8858333361362,259.2912584576658,112.43977233760066,814.4314464913922,485.40961665471394,4427.640215661185,1769.5389932032995,988.6486797514416,408.8096869510114,116.93271488280523,711.2412697147188,485.40961665471394,4427.640215661185,1769.5389932032995,988.6486797514416,408.8096869510114,116.93271488280523,711.2412697147188
2026-02-12 12:00:00+00:00,859.4,6367.73,3499.15,990.21,95.98998,115.92,936.31,915.2084080721041,6073.5680179967785,3074.355535686763,978.1777077800137,179.15753167344164,111.24015785099513,828.0502707336386,485.40961665471394,4427.640215661185,1769.5389932032995,988.6486797514416,408.8096869510114,116.93271488280523,711.2412697147188,485.40961665471394,4427.640215661185,1769.5389932032995,988.6486797514416,408.8096869510114,116.93271488280523,711.2412697147188
2026-02-12 13:00:00+00:00,711.75,6425.72,3519.59,999.31,81.940025,116.98,930.13,884.8490169087619,6072.313447230521,3216.3153339101173,958.9463161828699,289.7233494885442,109.14080760193656,847.3491406299484,485.40961665471394,4427.640215661185,1769.5389932032995,988.6486797514416,408.8096869510114,116.93271488280523,711.2412697147188,485.40961665471394,4427.640215661185,1769.5389932032995,988.6486797514416,408.8096869510114,116.93271488280523,711.2412697147188
2026-02-12 14:00:00+00:00,657.69,6437.85,3533.4,1003.95,114.409996,117.53,914.12,872.3502178675907,6063.750923580855,3170.0355161711987,1018.817608399555,372.8540139457719,115.89020044139201,852.8091302859805,485.40961665471394,4427.640215661185,1769.5389932032995,988.6486797514416,408.8096869510114,116.93271488280523,711.2412697147188,485.40961665471394,4427.640215661185,1769.5389932032995,988.6486797514416,408.8096869510114,116.93271488280523,711.2412697147188
2026-02-12 15:00:00+00:00,871.9,6539.72,3614.53,1033.97,144.4,121.04,915.69,856.4566214652714,6092.373788479963,3330.1061676644986,1041.358742380417,779.2671061308715,120.67658827620868,863.1882274725834,485.40961665471394,4427.640215661185,1769.5389932032995,988.6486797514416,408.8096869510114,116.93271488280523,711.2412697147188,485.40961665471394,4427.640215661185,1769.5389932032995,988.6486797514416,408.8096869510114,116.93271488280523,711.2412697147188
2026-02-12 16:00:00+00:00,901.68,6811.63,3738.28,1035.61,388.67,121.24,929.32,888.6782490635211,6113.938392182445,3396.951885840538,1026.2170870521259,1146.8034075706362,123.72415462205463,867.2441168317968,485.40961665471394,4427.640215661185,1769.5389932032995,988.6486797514416,408.8096869510114,116.93271488280523,711.2412697147188,485.40961665471394,4427.640215661185,1769.5389932032995,988.6486797514416,408.8096869510114,116.93271488280523,711.2412697147188
2026-02-12 17:00:00+00:00,905.02,6817.11,3834.64,1034.77,545.42,121.14,941.01,1028.6953114257003,6319.174952798335,3479.923058888581,987.4269772877996,876.7682374575198,121.43063968298847,830.5104230391764,485.40961665471394,4427.640215661185,1769.5389932032995,988.6486797514416,408.8096869510114,116.93271488280523,711.2412697147188,485.40961665471394,4427.640215661185,1769.5389932032995,988.6486797514416,408.8096869510114,116.93271488280523,711.2412697147188
2026-02-12 18:00:00+00:00,903.22,6846.95,3851.88,1027.98,228.51,120.34,944.65,1061.5923542938174,6228.581090779316,3461.254426973394,1009.3825623071608,501.93097220808556,118.29999010875652,747.3915550215268,485.40961665471394,4427.640215661185,1769.5389932032995,988.6486797514416,408.8096869510114,116.93271488280523,711.2412697147188,485.40961665471394,4427.640215661185,1769.5389932032995,988.6486797514416,408.8096869510114,116.93271488280523,711.2412697147188
2026-02-12 19:00:00+00:00,906.71,6776.27,3766.15,1025.41,0.67998725,120.04,947.48,1018.7217609182853,5902.467801323128,3395.050538398019,1005.3309455643795,330.8289351205876,116.15264700908081,747.7903589813786,485.40961665471394,4427.640215661185,1769.5389932032995,988.6486797514416,408.8096869510114,116.93271488280523,711.2412697147188,485.40961665471394,4427.640215661185,1769.5389932032995,988.6486797514416,408.8096869510114,116.93271488280523,711.2412697147188
2026-02-12 20:00:00+00:00,905.6,6502.83,3694.34,1011.14,0.010004334,118.37,950.74,893.9077374977178,5340.27127973094,3098.5118373897412,982.9439621382633,308.6804987179352,117.94486277397118,702.5484447301343,485.40961665471394,4427.640215661185,1769.5389932032995,988.6486797514416,408.8096869510114,116.93271488280523,711.2412697147188,485.40961665471394,4427.640215661185,1769.5389932032995,988.6486797514416,408.8096869510114,116.93271488280523,711.2412697147188
2026-02-12 21:00:00+00:00,904.86,6377.16,3598.07,993.43,0.059992127,116.3,950.99,802.5941325096594,5093.391430092039,2950.8908460374455,986.8917506980888,90.06484083697978,119.65104148350576,704.6426890825144,485.40961665471394,4427.640215661185,1769.5389932032995,988.6486797514416,408.8096869510114,116.93271488280523,711.2412697147188,485.40961665471394,4427.640215661185,1769.5389932032995,988.6486797514416,408.8096869510114,116.93271488280523,711.2412697147188
2026-02-12 22:00:00+00:00,837.17,6312.49,3467.43,988.7,-5.431801e-06,115.74,950.51,617.154205794469,4257.162661075301,2880.077193381283,1004.2542271786864,27.314007000645063,119.21214067638255,698.9410036502031,485.40961665471394,4427.640215661185,1769.5389932032995,988.6486797514416,408.8096869510114,116.93271488280523,711.2412697147188,485.40961665471394,4427.640215661185,1769.5389932032995,988.6486797514416,408.8096869510114,116.93271488280523,711.2412697147188
2026-02-12 23:00:00+00:00,665.66,6317.11,3492.52,989.71,-5.431801e-06,115.86,947.98,639.6309482161219,4222.354131044187,2612.629677781174,963.6888863570346,30.007959207256988,117.45048966819947,711.7164235790638,485.40961665471394,4427.640215661185,1769.5389932032995,988.6486797514416,408.8096869510114,116.93271488280523,711.2412697147188,485.40961665471394,4427.640215661185,1769.5389932032995,988.6486797514416,408.8096869510114,116.93271488280523,711.2412697147188
2026-02-13 00:00:00+00:00,663.43,6305.44,3457.91,992.87,-5.431801e-06,116.24,945.18,535.5474147378152,3726.078486967192,2483.9148327482517,982.1260372885729,42.535400798455896,118.02925722651128,655.2597183560126,485.40961665471394,4427.640215661185,1769.5389932032995,988.6486797514416,408.8096869510114,116.93271488280523,711.2412697147188,485.40961665471394,4427.640215661185,1769.5389932032995,988.6486797514416,408.8096869510114,116.93271488280523,711.2412697147188
2026-02-13 01:00:00+00:00,684.09,6218.21,3426.64,1006.48,-5.431801e-06,117.83,948.98,537.2618955233752,3628.9915774642354,2265.6469265868736,956.1863519545598,25.26630250596662,114.3747770042213,644.691507793567,485.40961665471394,4427.640215661185,1769.5389932032995,988.6486797514416,408.8096869510114,116.93271488280523,711.2412697147188,485.40961665471394,4427.640215661185,1769.5389932032995,988.6486797514416,408.8096869510114,116.93271488280523,711.2412697147188
2026-02-13 02:00:00+00:00,688.88,6196.82,3401.16,1005.52,-5.431801e-06,117.72,945.54,551.3901130610102,3575.882138200477,2564.4735586025604,945.1206436989153,5.228213233336021,115.07958351232017,656.645134041849,485.40961665471394,4427.640215661185,1769.5389932032995,988.6486797514416,408.8096869510114,116.93271488280523,711.2412697147188,485.40961665471394,4427.640215661185,1769.5389932032995,988.6486797514416,408.8096869510114,116.93271488280523,711.2412697147188
2026-02-13 03:00:00+00:00,687.14,6267.28,3480.56,1012.83,-5.431801e-06,118.57,955.9,535.5097957112746,3662.4241606901446,2686.7226540677425,937.6843945290323,13.43699044506809,111.65133564864641,659.0948780902861,485.40961665471394,4427.640215661185,1769.5389932032995,988.6486797514416,408.8096869510114,116.93271488280523,711.2412697147188,485.40961665471394,4427.640215661185,1769.5389932032995,988.6486797514416,408.8096869510114,116.93271488280523,711.2412697147188
2026-02-13 04:00:00+00:00,846.68,6445.83,3566.77,1003.29,-5.431801e-06,117.46,953.69,728.4727456336699,5055.247300779812,2765.1941718371704,968.0078486605684,48.42646035701,112.88781823454202,691.455619366883,485.40961665471394,4427.640215661185,1769.5389932032995,988.6486797514416,408.8096869510114,116.93271488280523,711.2412697147188,485.40961665471394,4427.640215661185,1769.5389932032995,988.6486797514416,408.8096869510114,116.93271488280523,711.2412697147188
2026-02-13 05:00:00+00:00,926.71,6715.58,3595.85,1002.02,82.86999,117.31,943.2,1073.9022836764227,5968.6770740024185,3543.834922240675,952.6173858952347,152.52046411848073,118.15520604542343,713.7398039834992,485.40961665471394,4427.640215661185,1769.5389932032995,988.6486797514416,408.8096869510114,116.93271488280523,711.2412697147188,485.40961665471394,4427.640215661185,1769.5389932032995,988.6486797514416,408.8096869510114,116.93271488280523,711.2412697147188
2026-02-13 06:00:00+00:00,940.42004,6891.3,3770.79,1010.43,563.83,118.3,952.84,1000.0577749711927,6254.521711936147,3611.958189150472,1022.6379708057817,1191.1703789677667,121.75714684676959,811.8205586128704,485.40961665471394,4427.640215661185,1769.5389932032995,988.6486797514416,408.8096869510114,116.93271488280523,711.2412697147188,485.40961665471394,4427.640215661185,1769.5389932032995,988.6486797514416,408.8096869510114,116.93271488280523,711.2412697147188
2026-02-13 07:00:00+00:00,946.64,6916.09,3785.15,1028.22,737.83,120.39,958.77,1027.686803164563,6576.7971270684575,4002.3931871203936,1015.4204332755232,1141.3139801450266,125.45433512095222,884.7629105452902,485.40961665471394,4427.640215661185,1769.5389932032995,988.6486797514416,408.8096869510114,116.93271488280523,711.2412697147188,485.40961665471394,4427.640215661185,1769.5389932032995,988.6486797514416,408.8096869510114,116.93271488280523,711.2412697147188
2026-02-13 08:00:00+00:00,954.94,6889.65,3805.56,1014.32,473.2,118.75,974.21,1096.0096750272219,6678.440919648119,4019.6412658101503,1023.8920134528522,926.0252309521305,122.19859942438161,900.628667417365,485.40961665471394,4427.640215661185,1769.5389932032995,988.6486797514416,408.8096869510114,116.93271488280523,711.2412697147188,485.40961665471394,4427.640215661185,1769.5389932032995,988.6486797514416,408.8096869510114,116.93271488280523,711.2412697147188
2026-02-13 09:00:00+00:00,954.32,6779.32,3752.65,1006.27,67.29,117.81,972.06,1046.4616798405893,7010.043046867679,3957.2974303638644,1019.213588266841,472.3440685436243,123.773999359539,903.7892926703573,485.40961665471394,4427.640215661185,1769.5389932032995,988.6486797514416,408.8096869510114,116.93271488280523,711.2412697147188,485.40961665471394,4427.640215661185,1769.5389932032995,988.6486797514416,408.8096869510114,116.93271488280523,711.2412697147188
2026-02-13 10:00:00+00:00,958.84,6503.6,3727.17,1008.65,57.779995,118.08,971.19,981.0836930987573,6783.8296009320275,3932.9983756154993,1017.9404264384901,299.0519279293171,122.65276979467419,911.446366083707,485.40961665471394,4427.640215661185,1769.5389932032995,988.6486797514416,408.8096869510114,116.93271488280523,711.2412697147188,485.40961665471394,4427.640215661185,1769.5389932032995,988.6486797514416,408.8096869510114,116.93271488280523,711.2412697147188
2026-02-13 11:00:00+00:00,961.74,6449.0,3791.93,1009.4,82.929985,118.18,966.27,949.4358646535678,6721.862779514895,4035.736301167868,994.0240969484086,266.6345475698681,121.02513786468022,913.1058192781807,485.40961665471394,4427.640215661185,1769.5389932032995,988.6486797514416,408.8096869510114,116.93271488280523,711.2412697147188,485.40961665471394,4427.640215661185,1769.5389932032995,988.6486797514416,408.8096869510114,116.93271488280523,711.2412697147188
2026-02-13 12:00:00+00:00,967.92,6449.75,3796.9,1006.64,68.14999,117.86,981.2,1072.4439610512604,6982.67401136763,4066.3965840770124,1002.2012448055758,236.9246336063763,120.28775138854674,887.9136707640563,485.40961665471394,4427.640215661185,1769.5389932032995,988.6486797514416,408.8096869510114,116.93271488280523,711.2412697147188,485.40961665471394,4427.640215661185,1769.5389932032995,988.6486797514416,408.8096869510114,116.93271488280523,711.2412697147188
2026-02-13 13:00:00+00:00,961.43,6693.02,3918.49,1015.69,118.83001,118.92,979.76,1069.5192671296825,7030.639734695491,4197.057574792314,989.064473439078,232.79384262645678,117.28815237731558,930.2383715291536,485.40961665471394,4427.640215661185,1769.5389932032995,988.6486797514416,408.8096869510114,116.93271488280523,711.2412697147188,485.40961665471394,4427.640215661185,1769.5389932032995,988.6486797514416,408.8096869510114,116.93271488280523,711.2412697147188
2026-02-13 14:00:00+00:00,957.76,6884.3,3978.94,1036.65,300.08,121.37,976.67,1094.5358717288357,7074.286377568831,4164.081095386808,1012.1393141810543,498.1410485807416,123.75757861611369,912.7806531074912,485.40961665471394,4427.640215661185,1769.5389932032995,988.6486797514416,408.8096869510114,116.93271488280523,711.2412697147188,485.40961665471394,4427.640215661185,1769.5389932032995,988.6486797514416,408.8096869510114,116.93271488280523,711.2412697147188
2026-02-13 15:00:00+00:00,967.57,6875.56,4033.52,1072.72,909.71,137.58,1021.47,1099.358838262148,7086.328573320454,4185.3321911302,1037.2561688276635,926.699662911889,125.95884178374145,942.5411526587869,485.40961665471394,4427.640215661185,1769.5389932032995,988.6486797514416,408.8096869510114,116.93271488280523,711.2412697147188,485.40961665471394,4427.640215661185,1769.5389932032995,988.6486797514416,408.8096869510114,116.93271488280523,711.2412697147188
2026-02-13 16:00:00+00:00,965.44,6863.39,4131.34,1069.75,1397.87,149.48,1088.55,1136.6336796351068,7019.926838273221,4239.9606654320005,1044.8315290679075,1381.117339015966,129.8147948615915,964.7223930364751,485.40961665471394,4427.640215661185,1769.5389932032995,988.6486797514416,408.8096869510114,116.93271488280523,711.2412697147188,485.40961665471394,4427.640215661185,1769.5389932032995,988.6486797514416,408.8096869510114,116.93271488280523,711.2412697147188
2026-02-13 17:00:00+00:00,967.16,6880.13,4139.46,1068.79,1465.68,149.12,1055.42,1185.8996534660148,7152.2566331193775,4364.730306954313,1035.35695732034,1126.4799389704194,130.65795647071747,996.41786479566,485.40961665471394,4427.640215661185,1769.5389932032995,988.6486797514416,408.8096869510114,116.93271488280523,711.2412697147188,485.40961665471394,4427.640215661185,1769.5389932032995,988.6486797514416,408.8096869510114,116.93271488280523,711.2412697147188
2026-02-13 18:00:00+00:00,968.58,6875.97,4105.55,1063.99,1329.13,148.72,976.96,1159.7303316380903,7182.12315153439,4357.993626176523,1022.4048112318974,814.1718791328731,127.75246065614229,898.4555594866049,485.40961665471394,4427.640215661185,1769.5389932032995,988.6486797514416,408.8096869510114,116.93271488280523,711.2412697147188,485.40961665471394,4427.640215661185,1769.5389932032995,988.6486797514416,408.8096869510114,116.93271488280523,711.2412697147188
2026-02-13 19:00:00+00:00,971.63,6916.78,4071.49,1042.95,816.14,134.48,978.17,1143.9929945785693,7112.610171003315,4303.728166444907,1036.6874519604407,390.8951815450553,124.82626931697345,855.4910854363591,485.40961665471394,4427.640215661185,1769.5389932032995,988.6486797514416,408.8096869510114,116.93271488280523,711.2412697147188,485.40961665471394,4427.640215661185,1769.5389932032995,988.6486797514416,408.8096869510114,116.93271488280523,711.2412697147188
2026-02-13 20:00:00+00:00,974.03,6885.55,3918.77,1023.8,164.36,119.86,968.94,1098.7545993692813,7081.760012111461,4040.4741244849465,1024.8541032528994,260.6493861868527,125.93882302097425,859.8656652936434,485.40961665471394,4427.640215661185,1769.5389932032995,988.6486797514416,408.8096869510114,116.93271488280523,711.2412697147188,485.40961665471394,4427.640215661185,1769.5389932032995,988.6486797514416,408.8096869510114,116.93271488280523,711.2412697147188
2026-02-13 21:00:00+00:00,983.45,6856.52,3774.77,1014.71,-5.431801e-06,118.81,968.17,1121.9652562318506,7035.583975116541,3817.1681576437613,1029.673768775955,57.595428002565086,122.83120849218868,846.1303321182198,485.40961665471394,4427.640215661185,1769.5389932032995,988.6486797514416,408.8096869510114,116.93271488280523,711.2412697147188,485.40961665471394,4427.640215661185,1769.5389932032995,988.6486797514416,408.8096869510114,116.93271488280523,711.2412697147188
2026-02-13 22:00:00+00:00,986.23,6831.94,3702.78,1011.57,-5.431801e-06,118.43,981.79,1158.0755663810974,6763.862726225918,3682.1843427073927,1021.6882697535827,3.0110300030995063,118.49484737411566,831.7519703038441,485.40961665471394,4427.640215661185,1769.5389932032995,988.6486797514416,408.8096869510114,116.93271488280523,711.2412697147188,485.40961665471394,4427.640215661185,1769.5389932032995,988.6486797514416,408.8096869510114,116.93271488280523,711.2412697147188
2026-02-13 23:00:00+00:00,985.56,6869.87,3694.73,1018.16,-5.431801e-06,119.2,1017.59,1111.744580368833,6724.220377567647,3364.9922099319774,976.0196611728301,11.310271293256733,115.17701992742172,853.786192651307,485.40961665471394,4427.640215661185,1769.5389932032995,988.6486797514416,408.8096869510114,116.93271488280523,711.2412697147188,485.40961665471394,4427.640215661185,1769.5389932032995,988.6486797514416,408.8096869510114,116.93271488280523,711.2412697147188
2026-02-14 00:00:00+00:00,987.38,6619.64,3690.82,1013.28,0.07998114,118.63,1019.24,1058.4249571265593,6195.660288170167,3497.1853760407403,1006.3656348433123,14.701007519810162,117.62301594785924,825.516521419526,485.40961665471394,4427.640215661185,1769.5389932032995,988.6486797514416,408.8096869510114,116.93271488280523,711.2412697147188,485.40961665471394,4427.640215661185,1769.5389932032995,988.6486797514416,408.8096869510114,116.93271488280523,711.2412697147188
2026-02-14 01:00:00+00:00,980.62,6458.48,3648.3704,1016.85,-5.431801e-06,119.05,1011.85,1045.6759335429015,6009.496624908696,3514.134396651531,1004.4483382941738,14.701007519810162,117.39549756851635,827.3361999572345,485.40961665471394,4427.640215661185,1769.5389932032995,988.6486797514416,408.8096869510114,116.93271488280523,711.2412697147188,485.40961665471394,4427.640215661185,1769.5389932032995,988.6486797514416,408.8096869510114,116.93271488280523,711.2412697147188
2026-02-14 02:00:00+00:00,976.36,6455.04,3621.86,1016.31,-5.431801e-06,118.99,1019.28,1019.0011106436114,5770.143697826752,3513.671934156754,1005.1354963027728,14.701007519810162,117.78378292873923,839.6576722376142,485.40961665471394,4427.640215661185,1769.5389932032995,988.6486797514416,408.8096869510114,116.93271488280523,711.2412697147188,485.40961665471394,4427.640215661185,1769.5389932032995,988.6486797514416,408.8096869510114,116.93271488280523,711.2412697147188
2026-02-14 03:00:00+00:00,972.98,6459.8,3614.29,1011.48,-5.431801e-06,118.42,1016.66,958.4908263504823,5973.937403309736,3479.3108820725865,1000.1689971585172,11.928993686349543,117.00052722371538,843.7097403586811,485.40961665471394,4427.640215661185,1769.5389932032995,988.6486797514416,408.8096869510114,116.93271488280523,711.2412697147188,485.40961665471394,4427.640215661185,1769.5389932032995,988.6486797514416,408.8096869510114,116.93271488280523,711.2412697147188
2026-02-14 04:00:00+00:00,974.05,6492.23,3700.19,1010.64,-5.431801e-06,118.33,1012.24,1024.9883757778164,5865.1138162102325,3488.119323375393,1011.1176867108459,30.717922130501734,119.12926395328579,866.488647529487,485.40961665471394,4427.640215661185,1769.5389932032995,988.6486797514416,408.8096869510114,116.93271488280523,711.2412697147188,485.40961665471394,4427.640215661185,1769.5389932032995,988.6486797514416,408.8096869510114,116.93271488280523,711.2412697147188
2026-02-14 05:00:00+00:00,973.83,6497.16,3741.92,1001.26,-5.431801e-06,117.23,1016.18,1011.4094361906921,6073.233322557312,3636.368213864115,1032.1394472444747,28.51753081239542,120.08433534707639,865.8106766360654,485.40961665471394,4427.640215661185,1769.5389932032995,988.6486797514416,408.8096869510114,116.93271488280523,711.2412697147188,485.40961665471394,4427.640215661185,1769.5389932032995,988.6486797514416,408.8096869510114,116.93271488280523,711.2412697147188
2026-02-14 06:00:00+00:00,970.22,6776.49,3787.44,1010.13,-5.431801e-06,118.27,1015.93,896.5949975723397,6156.522741377167,3335.626561543695,1000.5615547709727,357.3151645643524,120.45082669002417,875.4564972188832,485.40961665471394,4427.640215661185,1769.5389932032995,988.6486797514416,408.8096869510114,116.93271488280523,711.2412697147188,485.40961665471394,4427.640215661185,1769.5389932032995,988.6486797514416,408.8096869510114,116.93271488280523,711.2412697147188
2026-02-14 07:00:00+00:00,968.9,6953.86,3786.49,1022.24,-5.431801e-06,119.68,1015.65,932.740936614127,6167.258690314201,3581.7091542965522,1000.3347672325434,312.7537971010729,116.05935489979728,871.4198707524131,485.40961665471394,4427.640215661185,1769.5389932032995,988.6486797514416,408.8096869510114,116.93271488280523,711.2412697147188,485.40961665471394,4427.640215661185,1769.5389932032995,988.6486797514416,408.8096869510114,116.93271488280523,711.2412697147188
2026-02-14 08:00:00+00:00,969.33,6949.12,3871.68,1014.26,32.570004,118.76,1016.75,970.2245687439428,6692.756105863073,3761.2274080990715,985.662339750229,446.03840516065037,114.77673630539738,850.5128399176153,485.40961665471394,4427.640215661185,1769.5389932032995,988.6486797514416,408.8096869510114,116.93271488280523,711.2412697147188,485.40961665471394,4427.640215661185,1769.5389932032995,988.6486797514416,408.8096869510114,116.93271488280523,711.2412697147188
2026-02-14 09:00:00+00:00,886.92,6926.91,3906.75,1014.63,99.6,118.8,1019.71,995.2212692511862,6672.248271919791,3887.5326802092054,994.2731642357872,238.5734049967586,113.84649298073013,842.8082420324988,485.40961665471394,4427.640215661185,1769.5389932032995,988.6486797514416,408.8096869510114,116.93271488280523,711.2412697147188,485.40961665471394,4427.640215661185,1769.5389932032995,988.6486797514416,408.8096869510114,116.93271488280523,711.2412697147188
2026-02-14 10:00:00+00:00,851.84,6921.63,3945.65,1014.83,110.429985,118.83,1021.37,1014.3248477936031,6713.347442790052,3896.412890732015,986.2245005836797,186.1837052238639,116.59858481142209,834.7344627773912,485.40961665471394,4427.640215661185,1769.5389932032995,988.6486797514416,408.8096869510114,116.93271488280523,711.2412697147188,485.40961665471394,4427.640215661185,1769.5389932032995,988.6486797514416,408.8096869510114,116.93271488280523,711.2412697147188
2026-02-14 11:00:00+00:00,873.94,6911.23,3923.69,1024.86,0.35000068,119.99,1019.94,1058.6341733275476,6640.356233218975,3961.3717183971175,1030.6798953681628,149.75935100193317,120.23775507364738,824.991592386784,485.40961665471394,4427.640215661185,1769.5389932032995,988.6486797514416,408.8096869510114,116.93271488280523,711.2412697147188,485.40961665471394,4427.640215661185,1769.5389932032995,988.6486797514416,408.8096869510114,116.93271488280523,711.2412697147188
2026-02-14 12:00:00+00:00,871.29,6909.03,3861.37,1014.66,-5.431801e-06,118.79,1020.48,1061.1693944826059,6563.74296671915,3936.3243458868806,995.3140069426049,168.8337427024414,117.79651130331102,834.264952278361,485.40961665471394,4427.640215661185,1769.5389932032995,988.6486797514416,408.8096869510114,116.93271488280523,711.2412697147188,485.40961665471394,4427.640215661185,1769.5389932032995,988.6486797514416,408.8096869510114,116.93271488280523,711.2412697147188
2026-02-14 13:00:00+00:00,872.78,6906.13,3824.0,1014.59,-5.431801e-06,118.79,1017.79,1045.1783318858388,6510.573428215444,3893.76108571084,986.1671701530958,273.5853254223073,118.21394190643575,805.3715024990049,485.40961665471394,4427.640215661185,1769.5389932032995,988.6486797514416,408.8096869510114,116.93271488280523,711.2412697147188,485.40961665471394,4427.640215661185,1769.5389932032995,988.6486797514416,408.8096869510114,116.93271488280523,711.2412697147188
2026-02-14 14:00:00+00:00,873.61,6915.59,3854.78,1017.94,123.36001,119.18,1024.0,1122.2164993333138,6542.963810243604,3890.3279390931325,997.2033663828754,604.988321562018,119.73513785148565,831.0705198007653,485.40961665471394,4427.640215661185,1769.5389932032995,988.6486797514416,408.8096869510114,116.93271488280523,711.2412697147188,485.40961665471394,4427.640215661185,1769.5389932032995,988.6486797514416,408.8096869510114,116.93271488280523,711.2412697147188
2026-02-14 15:00:00+00:00,873.01,6927.15,3891.0,1042.63,648.78,122.07,1022.58,1056.02353082906,6766.5694135198355,3940.897594724937,1032.5040394010384,994.9578588210984,123.84956295273219,838.7075585129005,485.40961665471394,4427.640215661185,1769.5389932032995,988.6486797514416,408.8096869510114,116.93271488280523,711.2412697147188,485.40961665471394,4427.640215661185,1769.5389932032995,988.6486797514416,408.8096869510114,116.93271488280523,711.2412697147188
2026-02-14 16:00:00+00:00,869.98,6937.41,3904.33,1065.69,1445.16,136.88,1026.19,1153.0344062507395,6852.041888533142,4075.240160728796,1060.963611437271,1455.1445173735522,129.28807469525265,831.0129088697523,485.40961665471394,4427.640215661185,1769.5389932032995,988.6486797514416,408.8096869510114,116.93271488280523,711.2412697147188,485.40961665471394,4427.640215661185,1769.5389932032995,988.6486797514416,408.8096869510114,116.93271488280523,711.2412697147188
2026-02-14 17:00:00+00:00,872.23,6908.11,3914.79,1068.35,1572.81,149.07,1030.51,1134.026731757351,6839.617361924149,4374.300148539851,1033.5479072727967,1460.4756023642701,134.07442168889543,820.4477585164965,485.40961665471394,4427.640215661185,1769.5389932032995,988.6486797514416,408.8096869510114,116.93271488280523,711.2412697147188,485.40961665471394,4427.640215661185,1769.5389932032995,988.6486797514416,408.8096869510114,116.93271488280523,711.2412697147188
2026-02-14 18:00:00+00:00,873.05,6913.56,3916.39,1049.06,1492.84,146.97,1028.31,1139.59087666582,6978.053238867437,4213.932967251289,1048.618929665249,1087.0475999276855,128.6401468884654,829.6185684404566,485.40961665471394,4427.640215661185,1769.5389932032995,988.6486797514416,408.8096869510114,116.93271488280523,711.2412697147188,485.40961665471394,4427.640215661185,1769.5389932032995,988.6486797514416,408.8096869510114,116.93271488280523,711.2412697147188
2026-02-14 19:00:00+00:00,870.79,6922.69,3907.48,1036.31,965.3,133.8,1024.73,1132.151363906028,6920.85577723766,4087.406877404537,1052.0844541808165,481.21664291229,128.46809341215214,809.6785125116224,485.40961665471394,4427.640215661185,1769.5389932032995,988.6486797514416,408.8096869510114,116.93271488280523,711.2412697147188,485.40961665471394,4427.640215661185,1769.5389932032995,988.6486797514416,408.8096869510114,116.93271488280523,711.2412697147188
2026-02-14 20:00:00+00:00,869.12,6929.01,3890.98,1033.11,179.48,120.95,1018.44,1178.29298778563,6889.146631673284,4057.5600867461717,1045.927653094815,246.5173089940822,125.87973217040803,823.2666218907742,485.40961665471394,4427.640215661185,1769.5389932032995,988.6486797514416,408.8096869510114,116.93271488280523,711.2412697147188,485.40961665471394,4427.640215661185,1769.5389932032995,988.6486797514416,408.8096869510114,116.93271488280523,711.2412697147188
2026-02-14 21:00:00+00:00,868.42,6739.85,3851.05,1039.32,100.51998,121.68,1020.18,1143.8006798920467,6875.2687658578,3967.77697631418,1032.8648346155442,67.16246516064092,121.55073632006183,826.411447893714,485.40961665471394,4427.640215661185,1769.5389932032995,988.6486797514416,408.8096869510114,116.93271488280523,711.2412697147188,485.40961665471394,4427.640215661185,1769.5389932032995,988.6486797514416,408.8096869510114,116.93271488280523,711.2412697147188
2026-02-14 22:00:00+00:00,862.09,6605.08,3843.53,1034.72,115.39001,121.14,1026.24,1094.946584471959,6938.864646162048,3884.4338321413243,1034.809877162968,45.11360800374905,122.28583675972438,827.1786015162439,485.40961665471394,4427.640215661185,1769.5389932032995,988.6486797514416,408.8096869510114,116.93271488280523,711.2412697147188,485.40961665471394,4427.640215661185,1769.5389932032995,988.6486797514416,408.8096869510114,116.93271488280523,711.2412697147188
2026-02-14 23:00:00+00:00,864.69,6487.85,3845.68,1033.81,0.5400031,121.04,1026.53,1139.0060570086632,6845.393209975369,3770.8634577672574,1046.9999036949275,14.053569781107626,123.26690963409796,837.1771589016619,485.40961665471394,4427.640215661185,1769.5389932032995,988.6486797514416,408.8096869510114,116.93271488280523,711.2412697147188,485.40961665471394,4427.640215661185,1769.5389932032995,988.6486797514416,408.8096869510114,116.93271488280523,711.2412697147188
2026-02-15 00:00:00+00:00,716.08,6474.01,3837.12,1022.73,-5.431801e-06,119.73,1028.95,1068.991185712824,6651.962410635265,3685.437888796449,985.8912411791694,22.501836318240237,115.51814989246552,822.2685638952277,485.40961665471394,4427.640215661185,1769.5389932032995,988.6486797514416,408.8096869510114,116.93271488280523,711.2412697147188,485.40961665471394,4427.640215661185,1769.5389932032995,988.6486797514416,408.8096869510114,116.93271488280523,711.2412697147188
2026-02-15 01:00:00+00:00,417.75,6474.51,3843.73,1025.62,-5.431801e-06,120.08,1021.07,1069.3657008210937,6670.9601483656315,3704.8558662840533,1002.3064530749419,24.891507960260753,115.04680429257473,853.6882259403492,485.40961665471394,4427.640215661185,1769.5389932032995,988.6486797514416,408.8096869510114,116.93271488280523,711.2412697147188,485.40961665471394,4427.640215661185,1769.5389932032995,988.6486797514416,408.8096869510114,116.93271488280523,711.2412697147188
2026-02-15 02:00:00+00:00,419.33,6483.73,3854.5,1044.58,39.790005,122.29,1029.23,1092.3231958841836,6427.755998598779,3696.0777945005143,1003.4167904514175,109.41860227812157,117.7025852508568,861.5011746429695,485.40961665471394,4427.640215661185,1769.5389932032995,988.6486797514416,408.8096869510114,116.93271488280523,711.2412697147188,485.40961665471394,4427.640215661185,1769.5389932032995,988.6486797514416,408.8096869510114,116.93271488280523,711.2412697147188
2026-02-15 03:00:00+00:00,420.12,6501.24,3850.6,1044.47,90.76,122.28,1027.57,1034.2087493229487,6656.350153766908,3641.5219082945305,990.5172800820422,141.50665437704953,116.20534383507211,820.1689302731346,485.40961665471394,4427.640215661185,1769.5389932032995,988.6486797514416,408.8096869510114,116.93271488280523,711.2412697147188,485.40961665471394,4427.640215661185,1769.5389932032995,988.6486797514416,408.8096869510114,116.93271488280523,711.2412697147188
2026-02-15 04:00:00+00:00,420.02,6505.05,3833.25,1038.83,29.980005,121.62,1022.93,993.9989910025242,6500.2306838498125,3728.3163899146284,986.9535463745414,179.4944955183458,116.47465288458949,806.7014932016286,485.40961665471394,4427.640215661185,1769.5389932032995,988.6486797514416,408.8096869510114,116.93271488280523,711.2412697147188,485.40961665471394,4427.640215661185,1769.5389932032995,988.6486797514416,408.8096869510114,116.93271488280523,711.2412697147188
2026-02-15 05:00:00+00:00,412.84,6497.21,3844.65,1033.53,29.899988,120.99,1027.76,1019.2197576294775,6246.61029410442,3740.1436028598687,991.1949447226497,144.02299603948126,117.48253752687191,806.8634951332747,485.40961665471394,4427.640215661185,1769.5389932032995,988.6486797514416,408.8096869510114,116.93271488280523,711.2412697147188,485.40961665471394,4427.640215661185,1769.5389932032995,988.6486797514416,408.8096869510114,116.93271488280523,711.2412697147188
2026-02-15 06:00:00+00:00,368.08,6495.4,3880.09,1021.49,31.020014,119.59,1029.78,983.5930811805688,6399.1803843976095,3516.433879664921,987.9761348910168,279.8570479015559,118.61284318213441,861.9652113765612,485.40961665471394,4427.640215661185,1769.5389932032995,988.6486797514416,408.8096869510114,116.93271488280523,711.2412697147188,485.40961665471394,4427.640215661185,1769.5389932032995,988.6486797514416,408.8096869510114,116.93271488280523,711.2412697147188
2026-02-15 07:00:00+00:00,370.18,6497.68,3887.84,1026.98,73.51,120.24,1028.1,960.4211591610208,6288.545945683716,3420.1795827629767,998.4477372100305,361.5849148976464,122.15820314900134,801.1802233368458,485.40961665471394,4427.640215661185,1769.5389932032995,988.6486797514416,408.8096869510114,116.93271488280523,711.2412697147188,485.40961665471394,4427.640215661185,1769.5389932032995,988.6486797514416,408.8096869510114,116.93271488280523,711.2412697147188
2026-02-15 08:00:00+00:00,370.06,6429.04,3718.34,1032.41,40.64001,120.88,1029.87,972.0005467820067,6096.86443341152,3564.2841975305414,963.852723211301,263.71289355303475,114.8707212703105,780.5844356878565,485.40961665471394,4427.640215661185,1769.5389932032995,988.6486797514416,408.8096869510114,116.93271488280523,711.2412697147188,485.40961665471394,4427.640215661185,1769.5389932032995,988.6486797514416,408.8096869510114,116.93271488280523,711.2412697147188
2026-02-15 09:00:00+00:00,368.81,6318.74,3691.64,1041.35,29.929987,121.92,1027.39,895.6191900127018,5851.6857540127985,3409.9238094213997,979.0659613536384,110.96226997065247,117.60822551938693,783.5854979900668,485.40961665471394,4427.640215661185,1769.5389932032995,988.6486797514416,408.8096869510114,116.93271488280523,711.2412697147188,485.40961665471394,4427.640215661185,1769.5389932032995,988.6486797514416,408.8096869510114,116.93271488280523,711.2412697147188
2026-02-15 10:00:00+00:00,369.41,5581.64,3702.3,1043.96,-5.431801e-06,122.22,1023.62,985.1583260470042,5420.789798688534,3393.3158512831233,1032.106389511087,-7.941306762583736,116.26828507184321,790.1864474235233,485.40961665471394,4427.640215661185,1769.5389932032995,988.6486797514416,408.8096869510114,116.93271488280523,711.2412697147188,485.40961665471394,4427.640215661185,1769.5389932032995,988.6486797514416,408.8096869510114,116.93271488280523,711.2412697147188
2026-02-15 11:00:00+00:00,367.99,5081.18,3681.34,1039.6,-5.431801e-06,121.71,1027.72,801.9046014801869,4711.3615465545545,3249.844097421231,1034.595776247634,-14.212697798436977,116.74939565293678,809.0200912187784,485.40961665471394,4427.640215661185,1769.5389932032995,988.6486797514416,408.8096869510114,116.93271488280523,711.2412697147188,485.40961665471394,4427.640215661185,1769.5389932032995,988.6486797514416,408.8096869510114,116.93271488280523,711.2412697147188
2026-02-15 12:00:00+00:00,368.84,4319.76,3517.73,1031.89,-5.431801e-06,120.8,1009.43,610.6733332076911,3364.3993192955086,3178.8975199668103,1048.8212339033735,2.315112822900744,119.72981386814703,886.91637204777,485.40961665471394,4427.640215661185,1769.5389932032995,988.6486797514416,408.8096869510114,116.93271488280523,711.2412697147188,485.40961665471394,4427.640215661185,1769.5389932032995,988.6486797514416,408.8096869510114,116.93271488280523,711.2412697147188
2026-02-15 13:00:00+00:00,366.01,4285.28,3450.57,1030.81,-5.431801e-06,120.68,1004.33,588.3447491950974,3998.6022767252803,3213.124182195971,1026.0836661703374,-4.297171520523079,119.05782929693312,880.8827886535164,485.40961665471394,4427.640215661185,1769.5389932032995,988.6486797514416,408.8096869510114,116.93271488280523,711.2412697147188,485.40961665471394,4427.640215661185,1769.5389932032995,988.6486797514416,408.8096869510114,116.93271488280523,711.2412697147188
2026-02-15 14:00:00+00:00,368.7,5536.93,3678.88,1030.38,-5.431801e-06,120.63,1013.61,767.6249581465274,4835.693978604608,3300.543846847153,1005.5895984567562,45.865017620417575,116.94265645237624,919.6345331770247,485.40961665471394,4427.640215661185,1769.5389932032995,988.6486797514416,408.8096869510114,116.93271488280523,711.2412697147188,485.40961665471394,4427.640215661185,1769.5389932032995,988.6486797514416,408.8096869510114,116.93271488280523,711.2412697147188
2026-02-15 15:00:00+00:00,364.23,6318.38,3782.21,1048.06,124.98,122.71,1012.64,738.178736047934,4836.542222726852,3396.082163986607,960.0885190918212,441.7919239237293,115.24628042277676,929.3065343550461,485.40961665471394,4427.640215661185,1769.5389932032995,988.6486797514416,408.8096869510114,116.93271488280523,711.2412697147188,485.40961665471394,4427.640215661185,1769.5389932032995,988.6486797514416,408.8096869510114,116.93271488280523,711.2412697147188
2026-02-15 16:00:00+00:00,352.19,6322.87,3834.99,1041.81,551.92,127.93,1020.38,760.8927214809564,5096.2241757138245,3309.820923996802,951.8754383820683,881.7299978798978,112.98888572869278,959.6788284666247,485.40961665471394,4427.640215661185,1769.5389932032995,988.6486797514416,408.8096869510114,116.93271488280523,711.2412697147188,485.40961665471394,4427.640215661185,1769.5389932032995,988.6486797514416,408.8096869510114,116.93271488280523,711.2412697147188
2026-02-15 17:00:00+00:00,376.61,6394.33,3897.52,913.11,373.47,125.74,1025.38,791.1252149873515,4974.634391943366,3600.2433921622996,963.0261100223338,1112.7925290640776,114.21373387967408,870.5950906314612,485.40961665471394,4427.640215661185,1769.5389932032995,988.6486797514416,408.8096869510114,116.93271488280523,711.2412697147188,485.40961665471394,4427.640215661185,1769.5389932032995,988.6486797514416,408.8096869510114,116.93271488280523,711.2412697147188
2026-02-15 18:00:00+00:00,403.38,6407.04,3792.85,915.23,119.23,107.16,1023.46,740.2054154686477,4022.253442719273,3552.7009359499298,947.7866121239041,496.0211508299692,114.20154856569536,917.3397444994625,485.40961665471394,4427.640215661185,1769.5389932032995,988.6486797514416,408.8096869510114,116.93271488280523,711.2412697147188,485.40961665471394,4427.640215661185,1769.5389932032995,988.6486797514416,408.8096869510114,116.93271488280523,711.2412697147188
2026-02-15 19:00:00+00:00,407.68,6025.32,3742.34,917.73,22.38,107.44,1018.98,739.5412289359257,3537.480560779337,3495.9011267219207,956.2425099993577,149.94286205824943,113.43011077175474,884.6722822642523,485.40961665471394,4427.640215661185,1769.5389932032995,988.6486797514416,408.8096869510114,116.93271488280523,711.2412697147188,485.40961665471394,4427.640215661185,1769.5389932032995,988.6486797514416,408.8096869510114,116.93271488280523,711.2412697147188
2026-02-15 20:00:00+00:00,408.47,5482.69,3715.53,969.19,-5.431801e-06,113.46,1020.56,642.707094534609,3028.0344255086848,3474.19864591006,942.3959062038044,149.21425953113663,113.60661518296406,904.1922244905272,485.40961665471394,4427.640215661185,1769.5389932032995,988.6486797514416,408.8096869510114,116.93271488280523,711.2412697147188,485.40961665471394,4427.640215661185,1769.5389932032995,988.6486797514416,408.8096869510114,116.93271488280523,711.2412697147188
2026-02-15 21:00:00+00:00,408.77,5592.68,3766.54,1034.07,-5.431801e-06,121.05,1021.46,641.0973953657447,2968.291597589551,3704.8650576560512,941.1542239270129,43.930554000078644,108.79117081595535,892.3672129609797,485.40961665471394,4427.640215661185,1769.5389932032995,988.6486797514416,408.8096869510114,116.93271488280523,711.2412697147188,485.40961665471394,4427.640215661185,1769.5389932032995,988.6486797514416,408.8096869510114,116.93271488280523,711.2412697147188
2026-02-15 22:00:00+00:00,406.74,5499.33,3719.44,1013.22,31.409998,118.61,1017.26,655.2202761188587,2812.5635321579257,3588.6096973997164,948.191244823079,-15.930468313208507,110.09942321223343,862.7637032878745,485.40961665471394,4427.640215661185,1769.5389932032995,988.6486797514416,408.8096869510114,116.93271488280523,711.2412697147188,485.40961665471394,4427.640215661185,1769.5389932032995,988.6486797514416,408.8096869510114,116.93271488280523,711.2412697147188
2026-02-15 23:00:00+00:00,408.14,4911.2,3482.5,1024.01,-5.431801e-06,119.88,997.62,570.3036861392098,2565.711548635325,3593.956849423428,951.6333613982708,17.01045920802693,108.42517221958227,904.6071834669431,485.40961665471394,4427.640215661185,1769.5389932032995,988.6486797514416,408.8096869510114,116.93271488280523,711.2412697147188,485.40961665471394,4427.640215661185,1769.5389932032995,988.6486797514416,408.8096869510114,116.93271488280523,711.2412697147188
2026-02-16 00:00:00+00:00,407.51,4708.43,3320.56,1029.01,-5.431801e-06,120.47,980.85,702.4121786563248,2818.1029577466534,3598.3427018967022,940.1325968146323,-27.97355332968658,107.9319154691485,899.3550052036228,485.40961665471394,4427.640215661185,1769.5389932032995,988.6486797514416,408.8096869510114,116.93271488280523,711.2412697147188,485.40961665471394,4427.640215661185,1769.5389932032995,988.6486797514416,408.8096869510114,116.93271488280523,711.2412697147188
2026-02-16 01:00:00+00:00,406.78,4379.26,3218.09,1027.02,-5.431801e-06,120.23,955.77,666.0375859989689,2660.564532497593,3575.3587912263165,961.0254140345692,-23.481775073866174,111.33057325949274,854.468569196981,485.40961665471394,4427.640215661185,1769.5389932032995,988.6486797514416,408.8096869510114,116.93271488280523,711.2412697147188,485.40961665471394,4427.640215661185,1769.5389932032995,988.6486797514416,408.8096869510114,116.93271488280523,711.2412697147188
2026-02-16 02:00:00+00:00,405.18,5006.96,3198.27,1041.78,-5.431801e-06,121.96,951.22,631.1338130213284,2860.5333904443264,3581.128085184435,965.0186370429567,-13.789791078334986,111.58256699385572,847.5448509372382,485.40961665471394,4427.640215661185,1769.5389932032995,988.6486797514416,408.8096869510114,116.93271488280523,711.2412697147188,485.40961665471394,4427.640215661185,1769.5389932032995,988.6486797514416,408.8096869510114,116.93271488280523,711.2412697147188
2026-02-16 03:00:00+00:00,405.75,5357.77,3351.11,1059.43,-5.431801e-06,124.03,971.2,642.0879205750103,2766.625450182444,3581.1979101952284,934.6772925479406,-5.654050903419204,107.491045482883,814.0731788900238,485.40961665471394,4427.640215661185,1769.5389932032995,988.6486797514416,408.8096869510114,116.93271488280523,711.2412697147188,485.40961665471394,4427.640215661185,1769.5389932032995,988.6486797514416,408.8096869510114,116.93271488280523,711.2412697147188
2026-02-16 04:00:00+00:00,418.76,5904.82,3645.95,1043.3,-5.431801e-06,122.13,977.37,710.9994947871619,3450.3738316995587,3656.3881524840026,952.8920675689712,27.547954929308275,108.07922475697549,808.146088477832,485.40961665471394,4427.640215661185,1769.5389932032995,988.6486797514416,408.8096869510114,116.93271488280523,711.2412697147188,485.40961665471394,4427.640215661185,1769.5389932032995,988.6486797514416,408.8096869510114,116.93271488280523,711.2412697147188
2026-02-16 05:00:00+00:00,603.08,6882.39,3759.55,1034.76,71.58999,121.13,993.63,861.4190904872943,4677.393866858314,3742.7596043763792,945.6330320757319,21.486999723851454,107.97980439727296,787.4671250998333,485.40961665471394,4427.640215661185,1769.5389932032995,988.6486797514416,408.8096869510114,116.93271488280523,711.2412697147188,485.40961665471394,4427.640215661185,1769.5389932032995,988.6486797514416,408.8096869510114,116.93271488280523,711.2412697147188
2026-02-16 06:00:00+00:00,706.17,7056.95,4009.95,1045.71,66.38,125.34,991.53,908.4863325890365,5371.817801006046,3556.4817030841114,967.4123927318713,722.2862753491447,115.2474951585863,855.9234365349358,485.40961665471394,4427.640215661185,1769.5389932032995,988.6486797514416,408.8096869510114,116.93271488280523,711.2412697147188,485.40961665471394,4427.640215661185,1769.5389932032995,988.6486797514416,408.8096869510114,116.93271488280523,711.2412697147188
2026-02-16 07:00:00+00:00,850.1,7048.54,3922.48,1059.19,76.420006,126.99,1007.77,905.7146376235115,5354.734915658501,3645.6794890557594,978.3968096807675,824.6514382057417,117.52485866126455,836.0667595707364,485.40961665471394,4427.640215661185,1769.5389932032995,988.6486797514416,408.8096869510114,116.93271488280523,711.2412697147188,485.40961665471394,4427.640215661185,1769.5389932032995,988.6486797514416,408.8096869510114,116.93271488280523,711.2412697147188
2026-02-16 08:00:00+00:00,894.9,6977.6,3858.26,1065.52,165.36,148.33,1000.87,950.0080791614316,5541.352347478524,3797.0453479573544,982.4154500819569,460.3530069827366,116.8619178583223,837.4006056889305,485.40961665471394,4427.640215661185,1769.5389932032995,988.6486797514416,408.8096869510114,116.93271488280523,711.2412697147188,485.40961665471394,4427.640215661185,1769.5389932032995,988.6486797514416,408.8096869510114,116.93271488280523,711.2412697147188
2026-02-16 09:00:00+00:00,536.6,6970.19,3779.16,1066.51,118.39001,125.12,1008.01,899.1943007709841,5725.79624794943,3706.1284931182718,986.8928226813553,135.88563961256926,117.52513763903495,821.4816592528914,485.40961665471394,4427.640215661185,1769.5389932032995,988.6486797514416,408.8096869510114,116.93271488280523,711.2412697147188,485.40961665471394,4427.640215661185,1769.5389932032995,988.6486797514416,408.8096869510114,116.93271488280523,711.2412697147188
2026-02-16 10:00:00+00:00,408.69,7002.43,3720.81,1055.95,117.159996,123.62,1010.52,972.3055165658459,5847.112845394933,3695.5507386197733,1007.9560460168561,88.40900668767847,116.86462368773613,855.7085119524502,485.40961665471394,4427.640215661185,1769.5389932032995,988.6486797514416,408.8096869510114,116.93271488280523,711.2412697147188,485.40961665471394,4427.640215661185,1769.5389932032995,988.6486797514416,408.8096869510114,116.93271488280523,711.2412697147188
2026-02-16 11:00:00+00:00,407.49,7038.92,3838.09,1042.83,26.730005,122.08,1017.12,972.7868519662882,6030.148003004515,3593.6381402704365,1011.019172947141,6.836584547068071,117.02179208111613,896.1400237625783,485.40961665471394,4427.640215661185,1769.5389932032995,988.6486797514416,408.8096869510114,116.93271488280523,711.2412697147188,485.40961665471394,4427.640215661185,1769.5389932032995,988.6486797514416,408.8096869510114,116.93271488280523,711.2412697147188
2026-02-16 12:00:00+00:00,408.71,7066.86,3852.67,1045.9,-5.431801e-06,122.44,1019.45,983.3290314605757,5955.4897774084475,3684.2195278256922,957.8977926914756,19.900204170616576,115.7651457983313,959.2101019626843,485.40961665471394,4427.640215661185,1769.5389932032995,988.6486797514416,408.8096869510114,116.93271488280523,711.2412697147188,485.40961665471394,4427.640215661185,1769.5389932032995,988.6486797514416,408.8096869510114,116.93271488280523,711.2412697147188
2026-02-16 13:00:00+00:00,407.18,7239.67,3984.04,1051.7,-5.431801e-06,123.12,1011.54,1004.8350998268968,6145.0777589780755,3485.077809464392,957.3691283961541,67.70974375136831,114.82273324418193,963.2118332004723,485.40961665471394,4427.640215661185,1769.5389932032995,988.6486797514416,408.8096869510114,116.93271488280523,711.2412697147188,485.40961665471394,4427.640215661185,1769.5389932032995,988.6486797514416,408.8096869510114,116.93271488280523,711.2412697147188
2026-02-16 14:00:00+00:00,410.51,7434.21,4143.6,1053.83,37.990017,123.37,1010.07,1065.7145682725557,6134.198179491008,3749.116877098393,955.1273016924995,280.9243851377362,113.52741516769656,959.4166320474217,485.40961665471394,4427.640215661185,1769.5389932032995,988.6486797514416,408.8096869510114,116.93271488280523,711.2412697147188,485.40961665471394,4427.640215661185,1769.5389932032995,988.6486797514416,408.8096869510114,116.93271488280523,711.2412697147188
2026-02-16 15:00:00+00:00,423.55,7518.97,4249.61,1072.15,374.48,137.66,1012.84,1072.9186420058031,6213.6616004535235,4086.9030762042476,957.9031239942483,778.2357964808698,117.38488864588074,957.7033122003614,485.40961665471394,4427.640215661185,1769.5389932032995,988.6486797514416,408.8096869510114,116.93271488280523,711.2412697147188,485.40961665471394,4427.640215661185,1769.5389932032995,988.6486797514416,408.8096869510114,116.93271488280523,711.2412697147188
2026-02-16 16:00:00+00:00,424.73,7539.8,4358.93,1076.64,762.46,150.11,1037.93,1096.775441092602,6218.858274829813,4229.94074814274,993.7976446693432,1253.3363010320245,122.4494751045892,916.4503145431368,485.40961665471394,4427.640215661185,1769.5389932032995,988.6486797514416,408.8096869510114,116.93271488280523,711.2412697147188,485.40961665471394,4427.640215661185,1769.5389932032995,988.6486797514416,408.8096869510114,116.93271488280523,711.2412697147188
2026-02-16 17:00:00+00:00,423.52,7547.71,4391.91,1071.54,851.26,149.69,1049.32,1164.0875365653178,6297.992786289709,4394.120623726843,973.0199950649212,1146.1658715942717,124.37586722985206,808.2102036340706,485.40961665471394,4427.640215661185,1769.5389932032995,988.6486797514416,408.8096869510114,116.93271488280523,711.2412697147188,485.40961665471394,4427.640215661185,1769.5389932032995,988.6486797514416,408.8096869510114,116.93271488280523,711.2412697147188
2026-02-16 18:00:00+00:00,421.7,7575.19,4362.99,1074.47,668.03,149.95,1045.05,1067.6568649216667,6243.935908938571,4373.277772129804,967.3170281318684,665.3850742799175,120.2890426321596,823.7567633946683,485.40961665471394,4427.640215661185,1769.5389932032995,988.6486797514416,408.8096869510114,116.93271488280523,711.2412697147188,485.40961665471394,4427.640215661185,1769.5389932032995,988.6486797514416,408.8096869510114,116.93271488280523,711.2412697147188
2026-02-16 19:00:00+00:00,421.36,7604.38,4287.98,1053.15,575.2,135.67,1028.5,1047.1903191325268,6190.281161175038,4280.053566226228,973.60419103694,273.7253998166482,119.41134871746351,849.446804414127,485.40961665471394,4427.640215661185,1769.5389932032995,988.6486797514416,408.8096869510114,116.93271488280523,711.2412697147188,485.40961665471394,4427.640215661185,1769.5389932032995,988.6486797514416,408.8096869510114,116.93271488280523,711.2412697147188
2026-02-16 20:00:00+00:00,422.08,7587.19,4106.13,1063.61,119.13,124.51,1024.59,1100.5829430058775,6012.611945903425,4174.883028160764,953.6265248064093,160.20061272913372,116.27051924314453,842.3697481007254,485.40961665471394,4427.640215661185,1769.5389932032995,988.6486797514416,408.8096869510114,116.93271488280523,711.2412697147188,485.40961665471394,4427.640215661185,1769.5389932032995,988.6486797514416,408.8096869510114,116.93271488280523,711.2412697147188
2026-02-16 21:00:00+00:00,547.3,7550.23,4001.01,1052.92,108.409996,123.28,1022.57,1130.6225835832906,6062.379411527839,3860.8321164715603,976.3329948060754,110.76643362976733,114.83311502084035,838.9489514816325,485.40961665471394,4427.640215661185,1769.5389932032995,988.6486797514416,408.8096869510114,116.93271488280523,711.2412697147188,485.40961665471394,4427.640215661185,1769.5389932032995,988.6486797514416,408.8096869510114,116.93271488280523,711.2412697147188
2026-02-16 22:00:00+00:00,811.61,7489.46,3928.17,1032.34,100.970024,120.87,1023.01,1004.0907705753402,6028.57038670654,3751.109365587329,980.2989615321138,-20.475035603788967,112.6496719436271,871.4273513211323,485.40961665471394,4427.640215661185,1769.5389932032995,988.6486797514416,408.8096869510114,116.93271488280523,711.2412697147188,485.40961665471394,4427.640215661185,1769.5389932032995,988.6486797514416,408.8096869510114,116.93271488280523,711.2412697147188
2026-02-16 23:00:00+00:00,920.16,7245.5,3734.66,1030.86,17.509974,120.69,1022.28,958.3126664022127,5881.958233121919,3759.6193506630134,993.1659226993752,-51.166144175720774,117.2987025237126,835.7337219855877,485.40961665471394,4427.640215661185,1769.5389932032995,988.6486797514416,408.8096869510114,116.93271488280523,711.2412697147188,485.40961665471394,4427.640215661185,1769.5389932032995,988.6486797514416,408.8096869510114,116.93271488280523,711.2412697147188
2026-02-17 00:00:00+00:00,969.89,6978.16,3625.13,1026.73,-5.431801e-06,120.21,1027.78,920.9734552728587,6210.224729011865,3773.242825889347,970.1724561281632,-12.341613706967223,106.46492809225725,814.2411561686531,485.40961665471394,4427.640215661185,1769.5389932032995,988.6486797514416,408.8096869510114,116.93271488280523,711.2412697147188,485.40961665471394,4427.640215661185,1769.5389932032995,988.6486797514416,408.8096869510114,116.93271488280523,711.2412697147188
2026-02-17 01:00:00+00:00,968.91003,6514.71,3655.41,1023.04,-5.431801e-06,119.77,1031.41,875.846680856223,6120.019002763557,3802.4303667197287,994.5313328756365,-19.365772334716382,110.82673828570661,808.2564029176276,485.40961665471394,4427.640215661185,1769.5389932032995,988.6486797514416,408.8096869510114,116.93271488280523,711.2412697147188,485.40961665471394,4427.640215661185,1769.5389932032995,988.6486797514416,408.8096869510114,116.93271488280523,711.2412697147188
2026-02-17 02:00:00+00:00,967.93,6446.07,3701.25,1021.55,-5.431801e-06,119.6,1028.93,838.9430094030702,6161.8672721239145,3802.1346298284707,984.1795636054297,-19.365772334716382,111.39318301535397,817.7124430948129,485.40961665471394,4427.640215661185,1769.5389932032995,988.6486797514416,408.8096869510114,116.93271488280523,711.2412697147188,485.40961665471394,4427.640215661185,1769.5389932032995,988.6486797514416,408.8096869510114,116.93271488280523,711.2412697147188
2026-02-17 03:00:00+00:00,962.63007,7067.58,3746.11,1031.29,-5.431801e-06,120.73,1023.4,923.3448528027814,6520.79902152071,3756.490250293562,1001.9810670454906,-20.1684272764727,110.9905509491356,804.3657197428415,485.40961665471394,4427.640215661185,1769.5389932032995,988.6486797514416,408.8096869510114,116.93271488280523,711.2412697147188,485.40961665471394,4427.640215661185,1769.5389932032995,988.6486797514416,408.8096869510114,116.93271488280523,711.2412697147188
2026-02-17 04:00:00+00:00,961.03,7150.91,3871.9,1027.32,-5.431801e-06,120.27,1027.4,1063.5412209657934,6350.9455836895795,3740.2357148930123,1024.572935563329,61.61002069870915,114.80844349678823,801.397488984527,485.40961665471394,4427.640215661185,1769.5389932032995,988.6486797514416,408.8096869510114,116.93271488280523,711.2412697147188,485.40961665471394,4427.640215661185,1769.5389932032995,988.6486797514416,408.8096869510114,116.93271488280523,711.2412697147188
2026-02-17 05:00:00+00:00,967.48004,7438.14,4036.3,1038.45,178.94,121.58,1021.36,1113.968155792668,6594.761431935756,4171.040973982443,1033.3307282628052,233.10572346282174,116.19286694575814,835.0891162698354,485.40961665471394,4427.640215661185,1769.5389932032995,988.6486797514416,408.8096869510114,116.93271488280523,711.2412697147188,485.40961665471394,4427.640215661185,1769.5389932032995,988.6486797514416,408.8096869510114,116.93271488280523,711.2412697147188
2026-02-17 06:00:00+00:00,968.77,7624.94,4087.99,1035.19,734.9,139.03,1025.76,1080.0995824991996,6852.322274850256,4322.750693033579,1059.6325491524958,1042.458593398435,118.93738032520919,912.7109444715369,485.40961665471394,4427.640215661185,1769.5389932032995,988.6486797514416,408.8096869510114,116.93271488280523,711.2412697147188,485.40961665471394,4427.640215661185,1769.5389932032995,988.6486797514416,408.8096869510114,116.93271488280523,711.2412697147188
2026-02-17 07:00:00+00:00,965.29,7628.82,4100.78,1041.24,894.07,146.05,1026.89,1054.2354405222763,6930.902739159097,4368.57768145593,1041.8130969728757,1156.718418563877,121.17134233988887,922.8639613633388,485.40961665471394,4427.640215661185,1769.5389932032995,988.6486797514416,408.8096869510114,116.93271488280523,711.2412697147188,485.40961665471394,4427.640215661185,1769.5389932032995,988.6486797514416,408.8096869510114,116.93271488280523,711.2412697147188
2026-02-17 08:00:00+00:00,960.06,7610.26,4119.8193,1045.82,802.3,128.87,1038.32,1051.8756375973119,6627.219372025148,4303.990635244713,1039.3906258689815,828.8022710999867,119.23921502671658,872.9248857772576,485.40961665471394,4427.640215661185,1769.5389932032995,988.6486797514416,408.8096869510114,116.93271488280523,711.2412697147188,485.40961665471394,4427.640215661185,1769.5389932032995,988.6486797514416,408.8096869510114,116.93271488280523,711.2412697147188
2026-02-17 09:00:00+00:00,966.79,7596.72,4102.25,1038.27,512.11,121.56,1038.44,1054.555384457967,6748.560894573322,4246.672937279467,1039.0748726186364,363.7032421911458,117.4040387101163,866.9647451241605,485.40961665471394,4427.640215661185,1769.5389932032995,988.6486797514416,408.8096869510114,116.93271488280523,711.2412697147188,485.40961665471394,4427.640215661185,1769.5389932032995,988.6486797514416,408.8096869510114,116.93271488280523,711.2412697147188
2026-02-17 10:00:00+00:00,964.35,7580.51,4064.39,1037.17,336.85,121.42,1037.49,1141.4128132168314,6454.450832647832,4184.176488074123,1009.790086580595,235.8295978649893,116.17580313779739,778.2161113796401,485.40961665471394,4427.640215661185,1769.5389932032995,988.6486797514416,408.8096869510114,116.93271488280523,711.2412697147188,485.40961665471394,4427.640215661185,1769.5389932032995,988.6486797514416,408.8096869510114,116.93271488280523,711.2412697147188
2026-02-17 11:00:00+00:00,959.57,7607.84,3998.53,1033.6,88.48,121.0,1043.87,1134.2442835309455,6389.429625608883,3962.416049604652,971.2267289860324,144.97564543579205,114.08216678133759,869.2255763068601,485.40961665471394,4427.640215661185,1769.5389932032995,988.6486797514416,408.8096869510114,116.93271488280523,711.2412697147188,485.40961665471394,4427.640215661185,1769.5389932032995,988.6486797514416,408.8096869510114,116.93271488280523,711.2412697147188
2026-02-17 12:00:00+00:00,960.58,7585.84,3999.78,1040.66,89.64001,121.83,1023.92,1114.5075842787783,6711.110246813529,3573.2624341284372,994.2017509609512,98.64450918491337,111.52450550283204,890.3361622536281,485.40961665471394,4427.640215661185,1769.5389932032995,988.6486797514416,408.8096869510114,116.93271488280523,711.2412697147188,485.40961665471394,4427.640215661185,1769.5389932032995,988.6486797514416,408.8096869510114,116.93271488280523,711.2412697147188
2026-02-17 13:00:00+00:00,959.49,7516.89,3949.85,1027.36,101.700005,120.28,1034.02,830.2925245118694,6454.5851183226305,3578.6279181077816,1013.0243495090427,93.81063057175459,118.4714610505148,873.5192246971426,485.40961665471394,4427.640215661185,1769.5389932032995,988.6486797514416,408.8096869510114,116.93271488280523,711.2412697147188,485.40961665471394,4427.640215661185,1769.5389932032995,988.6486797514416,408.8096869510114,116.93271488280523,711.2412697147188
2026-02-17 14:00:00+00:00,960.55,7508.55,3974.59,1005.43,69.61999,117.71,1033.13,856.1803732631362,6434.002863806836,3600.1168387848456,1057.3360410213786,188.70687997791708,120.47792152518699,881.5451052701154,485.40961665471394,4427.640215661185,1769.5389932032995,988.6486797514416,408.8096869510114,116.93271488280523,711.2412697147188,485.40961665471394,4427.640215661185,1769.5389932032995,988.6486797514416,408.8096869510114,116.93271488280523,711.2412697147188
2026-02-17 15:00:00+00:00,960.2,7447.33,4051.83,1011.17,262.72,118.57,1038.38,977.7951808493151,6599.186411564304,3676.977218768813,1017.2309875513503,540.360854607516,117.225225443827,865.597215983948,485.40961665471394,4427.640215661185,1769.5389932032995,988.6486797514416,408.8096869510114,116.93271488280523,711.2412697147188,485.40961665471394,4427.640215661185,1769.5389932032995,988.6486797514416,408.8096869510114,116.93271488280523,711.2412697147188
2026-02-17 16:00:00+00:00,961.19,7514.7,4153.1895,1015.35,915.84,143.03,1053.49,1090.4310926830096,6390.402355127086,3934.613904626468,995.7971944494795,1328.0166781571866,121.19359125432798,870.9364113259215,485.40961665471394,4427.640215661185,1769.5389932032995,988.6486797514416,408.8096869510114,116.93271488280523,711.2412697147188,485.40961665471394,4427.640215661185,1769.5389932032995,988.6486797514416,408.8096869510114,116.93271488280523,711.2412697147188
2026-02-17 17:00:00+00:00,959.87006,7535.57,4206.3,1011.06,1102.64,142.45,1052.12,1132.8971223653543,6362.10999184335,4388.401393686743,985.1366468164965,1237.616175795399,120.76922497483845,846.2167284977799,485.40961665471394,4427.640215661185,1769.5389932032995,988.6486797514416,408.8096869510114,116.93271488280523,711.2412697147188,485.40961665471394,4427.640215661185,1769.5389932032995,988.6486797514416,408.8096869510114,116.93271488280523,711.2412697147188
2026-02-17 18:00:00+00:00,960.24,7601.22,4189.07,1012.19,858.44,142.66,1047.41,1065.6332108293034,6675.724517737412,4274.772662890251,1026.1824994181075,755.3511123472911,118.28823694894176,806.2176414534285,485.40961665471394,4427.640215661185,1769.5389932032995,988.6486797514416,408.8096869510114,116.93271488280523,711.2412697147188,485.40961665471394,4427.640215661185,1769.5389932032995,988.6486797514416,408.8096869510114,116.93271488280523,711.2412697147188
2026-02-17 19:00:00+00:00,961.49,7577.73,4143.46,1011.55,402.6,118.66,1044.91,1062.1813525367204,6767.6007877121465,4040.169501909494,999.8738017598215,295.47944738853573,121.95017817113236,727.2323797138209,485.40961665471394,4427.640215661185,1769.5389932032995,988.6486797514416,408.8096869510114,116.93271488280523,711.2412697147188,485.40961665471394,4427.640215661185,1769.5389932032995,988.6486797514416,408.8096869510114,116.93271488280523,711.2412697147188
2026-02-17 20:00:00+00:00,961.72,7518.97,3926.71,1007.17,55.709988,117.91,1040.14,1062.265566733381,6564.799527916168,3980.4034272109343,1013.9187588718374,267.441511890318,119.442609031887,716.6454658036442,485.40961665471394,4427.640215661185,1769.5389932032995,988.6486797514416,408.8096869510114,116.93271488280523,711.2412697147188,485.40961665471394,4427.640215661185,1769.5389932032995,988.6486797514416,408.8096869510114,116.93271488280523,711.2412697147188
2026-02-17 21:00:00+00:00,959.52,7372.54,3823.31,1000.44,106.23998,117.12,1039.07,1043.1327976734492,5978.831066055521,3716.296444424348,994.9243661187581,80.67183877404028,118.47764665026877,737.899212282513,485.40961665471394,4427.640215661185,1769.5389932032995,988.6486797514416,408.8096869510114,116.93271488280523,711.2412697147188,485.40961665471394,4427.640215661185,1769.5389932032995,988.6486797514416,408.8096869510114,116.93271488280523,711.2412697147188
2026-02-17 22:00:00+00:00,959.58,7345.76,3730.28,1007.83,129.15,117.99,1041.31,873.1876515501135,5953.205063543057,3728.728367680994,1007.5742201256551,61.91126118695075,116.91999130318572,731.5938523323018,485.40961665471394,4427.640215661185,1769.5389932032995,988.6486797514416,408.8096869510114,116.93271488280523,711.2412697147188,485.40961665471394,4427.640215661185,1769.5389932032995,988.6486797514416,408.8096869510114,116.93271488280523,711.2412697147188
2026-02-17 23:00:00+00:00,966.65,7329.37,3839.12,1001.98,0.55999213,117.3,1037.63,933.2812716277317,6144.8648510355915,3745.418404388076,974.8711359621772,40.065703957612584,114.49435074087124,738.4541831989371,485.40961665471394,4427.640215661185,1769.5389932032995,988.6486797514416,408.8096869510114,116.93271488280523,711.2412697147188,485.40961665471394,4427.640215661185,1769.5389932032995,988.6486797514416,408.8096869510114,116.93271488280523,711.2412697147188
2026-02-18 00:00:00+00:00,1033.23,7330.07,3844.97,962.2,-5.431801e-06,112.65,1040.13,966.061979495684,6193.682456144614,3719.4148604067946,1010.2623326195682,8.46477368300583,116.43223059669535,771.4259234265729,485.40961665471394,4427.640215661185,1769.5389932032995,988.6486797514416,408.8096869510114,116.93271488280523,711.2412697147188,485.40961665471394,4427.640215661185,1769.5389932032995,988.6486797514416,408.8096869510114,116.93271488280523,711.2412697147188
2026-02-18 01:00:00+00:00,1036.59,6690.07,3836.79,969.86,-5.431801e-06,113.54,1041.1,1072.3523270645198,6534.360405867257,3715.8228354769017,1020.8711145999379,17.8256971373562,117.69421161777345,807.3497299142297,485.40961665471394,4427.640215661185,1769.5389932032995,988.6486797514416,408.8096869510114,116.93271488280523,711.2412697147188,485.40961665471394,4427.640215661185,1769.5389932032995,988.6486797514416,408.8096869510114,116.93271488280523,711.2412697147188
2026-02-18 02:00:00+00:00,1037.02,6497.18,3841.09,971.37,-5.431801e-06,113.72,1032.86,1066.4014961343087,6895.733421727909,3662.6099285625187,988.6296049700836,20.945797330103915,114.58553797031462,829.3296995531209,485.40961665471394,4427.640215661185,1769.5389932032995,988.6486797514416,408.8096869510114,116.93271488280523,711.2412697147188,485.40961665471394,4427.640215661185,1769.5389932032995,988.6486797514416,408.8096869510114,116.93271488280523,711.2412697147188
2026-02-18 03:00:00+00:00,1030.9,7150.85,3922.09,976.13,-5.431801e-06,114.29,1034.51,1042.1909423239451,6938.653132618412,3808.9323513447284,999.8934292749036,36.90239255198975,114.59324518500908,848.4639891867282,485.40961665471394,4427.640215661185,1769.5389932032995,988.6486797514416,408.8096869510114,116.93271488280523,711.2412697147188,485.40961665471394,4427.640215661185,1769.5389932032995,988.6486797514416,408.8096869510114,116.93271488280523,711.2412697147188
2026-02-18 04:00:00+00:00,1029.49,7367.72,4100.96,987.5,-5.431801e-06,115.62,1027.86,1110.0531420671005,7082.498540346525,4024.663232355757,1015.9205553313332,72.8047468245631,122.60287159992161,896.377957414812,485.40961665471394,4427.640215661185,1769.5389932032995,988.6486797514416,408.8096869510114,116.93271488280523,711.2412697147188,485.40961665471394,4427.640215661185,1769.5389932032995,988.6486797514416,408.8096869510114,116.93271488280523,711.2412697147188
2026-02-18 05:00:00+00:00,1028.08,7473.54,4326.13,995.23,807.67,128.61,1036.97,1146.8621993442061,7316.383834989008,4340.1858744689025,1026.2613767537077,313.32303154894987,120.64690952680475,890.9822821879211,485.40961665471394,4427.640215661185,1769.5389932032995,988.6486797514416,408.8096869510114,116.93271488280523,711.2412697147188,485.40961665471394,4427.640215661185,1769.5389932032995,988.6486797514416,408.8096869510114,116.93271488280523,711.2412697147188
2026-02-18 06:00:00+00:00,1033.33,7450.36,4369.06,1013.93,1612.61,142.86,1041.81,1102.2359846996185,7204.4566352206275,4434.315874345093,1040.4434216140337,1689.885791484171,127.56149559292429,1004.2330748358671,485.40961665471394,4427.640215661185,1769.5389932032995,988.6486797514416,408.8096869510114,116.93271488280523,711.2412697147188,485.40961665471394,4427.640215661185,1769.5389932032995,988.6486797514416,408.8096869510114,116.93271488280523,711.2412697147188
2026-02-18 07:00:00+00:00,1046.67,7513.83,4359.8594,1051.69,1592.0698,147.2,1038.16,1013.9920276727726,7188.064097913462,4456.195441560758,1050.5100130033622,1540.7419395083214,129.77454889334302,953.5893448653071,485.40961665471394,4427.640215661185,1769.5389932032995,988.6486797514416,408.8096869510114,116.93271488280523,711.2412697147188,485.40961665471394,4427.640215661185,1769.5389932032995,988.6486797514416,408.8096869510114,116.93271488280523,711.2412697147188
2026-02-18 08:00:00+00:00,1046.45,7434.01,4215.34,1042.89,1332.6,143.7,1028.53,1082.1846137020977,7096.613869031915,4350.218975354592,1019.9137300895613,1114.9466649620163,127.08779664341809,936.0230948094837,485.40961665471394,4427.640215661185,1769.5389932032995,988.6486797514416,408.8096869510114,116.93271488280523,711.2412697147188,485.40961665471394,4427.640215661185,1769.5389932032995,988.6486797514416,408.8096869510114,116.93271488280523,711.2412697147188
2026-02-18 09:00:00+00:00,1055.54,7557.36,4272.32,1035.93,442.93,134.24,1024.64,1129.7048171407234,7153.482368488394,4390.971146233078,994.8393595751925,597.9533906853748,119.84238284105581,971.6404391370038,485.40961665471394,4427.640215661185,1769.5389932032995,988.6486797514416,408.8096869510114,116.93271488280523,711.2412697147188,485.40961665471394,4427.640215661185,1769.5389932032995,988.6486797514416,408.8096869510114,116.93271488280523,711.2412697147188
2026-02-18 10:00:00+00:00,1053.53,7483.76,4206.3296,1018.12,25.020014,119.19,1049.42,1144.8307190145026,7086.791365839161,4207.909259877812,995.9569945218781,526.8149158460545,121.08703570518713,955.7402497801778,485.40961665471394,4427.640215661185,1769.5389932032995,988.6486797514416,408.8096869510114,116.93271488280523,711.2412697147188,485.40961665471394,4427.640215661185,1769.5389932032995,988.6486797514416,408.8096869510114,116.93271488280523,711.2412697147188
2026-02-18 11:00:00+00:00,1043.91,7320.25,4179.76,1006.05,49.760006,117.78,1037.14,1211.6957562234143,7180.049614303953,4293.689812337474,1007.2549886979441,225.49257611664254,120.20283158959987,824.260488930204,485.40961665471394,4427.640215661185,1769.5389932032995,988.6486797514416,408.8096869510114,116.93271488280523,711.2412697147188,485.40961665471394,4427.640215661185,1769.5389932032995,988.6486797514416,408.8096869510114,116.93271488280523,711.2412697147188
2026-02-18 12:00:00+00:00,1036.43,7266.69,4145.42,1001.65,40.63,117.26,1036.03,1183.1866379471335,7256.935328600246,4199.138180891254,1007.529501332988,256.73482562537674,118.15749752695727,893.3483757680319,485.40961665471394,4427.640215661185,1769.5389932032995,988.6486797514416,408.8096869510114,116.93271488280523,711.2412697147188,485.40961665471394,4427.640215661185,1769.5389932032995,988.6486797514416,408.8096869510114,116.93271488280523,711.2412697147188
2026-02-18 13:00:00+00:00,1039.11,7366.83,4149.11,1004.58,77.52996,117.6,1029.9,1133.8104338858775,6928.806193254365,4015.240437133615,983.5384541550288,249.00484803855494,118.08608550399373,879.5807422306816,485.40961665471394,4427.640215661185,1769.5389932032995,988.6486797514416,408.8096869510114,116.93271488280523,711.2412697147188,485.40961665471394,4427.640215661185,1769.5389932032995,988.6486797514416,408.8096869510114,116.93271488280523,711.2412697147188
2026-02-18 14:00:00+00:00,1046.01,7608.53,4220.3594,1002.4,143.26001,117.35,1028.86,1164.2461481197988,7082.001237862312,4126.695413060503,1021.9088103100362,501.507509325006,122.17397452843288,888.0405548935108,485.40961665471394,4427.640215661185,1769.5389932032995,988.6486797514416,408.8096869510114,116.93271488280523,711.2412697147188,485.40961665471394,4427.640215661185,1769.5389932032995,988.6486797514416,408.8096869510114,116.93271488280523,711.2412697147188
2026-02-18 15:00:00+00:00,1030.34,7552.87,4312.0,1015.2,705.7,130.37,1041.56,1120.107829696141,6920.810641911357,4379.07484250567,1025.0766077812632,898.433011598928,123.78308475566895,983.7640596656472,485.40961665471394,4427.640215661185,1769.5389932032995,988.6486797514416,408.8096869510114,116.93271488280523,711.2412697147188,485.40961665471394,4427.640215661185,1769.5389932032995,988.6486797514416,408.8096869510114,116.93271488280523,711.2412697147188
2026-02-18 16:00:00+00:00,1036.5,7553.85,4396.35,1015.51,983.89,142.97,1065.47,1151.3073300814992,6952.37657594328,4418.936154120245,1051.335386697308,1553.7773936041524,125.35541863624258,999.2897491944844,485.40961665471394,4427.640215661185,1769.5389932032995,988.6486797514416,408.8096869510114,116.93271488280523,711.2412697147188,485.40961665471394,4427.640215661185,1769.5389932032995,988.6486797514416,408.8096869510114,116.93271488280523,711.2412697147188
2026-02-18 17:00:00+00:00,1042.04,7538.74,4420.38,1022.77,920.93,143.82,1129.11,1173.3939307914732,6858.366906351842,4439.23647049678,1038.572472501708,1420.089301323339,129.9016214862207,964.1690931514596,485.40961665471394,4427.640215661185,1769.5389932032995,988.6486797514416,408.8096869510114,116.93271488280523,711.2412697147188,485.40961665471394,4427.640215661185,1769.5389932032995,988.6486797514416,408.8096869510114,116.93271488280523,711.2412697147188
2026-02-18 18:00:00+00:00,1046.25,7526.63,4395.28,1019.08,410.08,131.74,1167.71,1166.2017723726076,6667.758207214697,4409.681079715398,1019.2597383992268,872.7135965257089,121.4211524571223,972.7663245157587,485.40961665471394,4427.640215661185,1769.5389932032995,988.6486797514416,408.8096869510114,116.93271488280523,711.2412697147188,485.40961665471394,4427.640215661185,1769.5389932032995,988.6486797514416,408.8096869510114,116.93271488280523,711.2412697147188
2026-02-18 19:00:00+00:00,1049.98,7422.9,4286.84,1017.63,168.45,119.13,1137.69,1114.6751128047297,6757.199963045714,4155.969861795864,1055.4026879400146,346.3921620498279,124.40961445858589,938.7866112282885,485.40961665471394,4427.640215661185,1769.5389932032995,988.6486797514416,408.8096869510114,116.93271488280523,711.2412697147188,485.40961665471394,4427.640215661185,1769.5389932032995,988.6486797514416,408.8096869510114,116.93271488280523,711.2412697147188
2026-02-18 20:00:00+00:00,1047.15,7153.82,4101.48,1011.32,124.63,118.41,1047.01,1048.2029435379673,6393.998273341253,4056.6840338687953,1047.578263614901,236.12666662522642,122.88274017589241,958.2076894709409,485.40961665471394,4427.640215661185,1769.5389932032995,988.6486797514416,408.8096869510114,116.93271488280523,711.2412697147188,485.40961665471394,4427.640215661185,1769.5389932032995,988.6486797514416,408.8096869510114,116.93271488280523,711.2412697147188
2026-02-18 21:00:00+00:00,1049.4,7016.93,3966.11,1011.23,109.88998,118.39,1031.4,987.0965939327078,6224.401545976575,3968.273458363321,1027.4261271793553,77.78037535403689,121.18277499857945,914.9250746847697,485.40961665471394,4427.640215661185,1769.5389932032995,988.6486797514416,408.8096869510114,116.93271488280523,711.2412697147188,485.40961665471394,4427.640215661185,1769.5389932032995,988.6486797514416,408.8096869510114,116.93271488280523,711.2412697147188
2026-02-18 22:00:00+00:00,963.24,7015.21,3895.55,1004.81,52.790005,117.64,1034.5,950.9410466191882,5736.376179463637,3768.062741392024,1004.0065679270457,76.67644247288416,122.00868643805693,915.1184989713973,485.40961665471394,4427.640215661185,1769.5389932032995,988.6486797514416,408.8096869510114,116.93271488280523,711.2412697147188,485.40961665471394,4427.640215661185,1769.5389932032995,988.6486797514416,408.8096869510114,116.93271488280523,711.2412697147188
2026-02-18 23:00:00+00:00,803.79,6950.64,3709.46,1026.05,55.13,120.13,1035.71,809.0098142019182,4289.157212418839,3732.596286902725,964.5664067426537,44.05687233187933,115.22143501383133,944.2335152351621,485.40961665471394,4427.640215661185,1769.5389932032995,988.6486797514416,408.8096869510114,116.93271488280523,711.2412697147188,485.40961665471394,4427.640215661185,1769.5389932032995,988.6486797514416,408.8096869510114,116.93271488280523,711.2412697147188
2026-02-19 00:00:00+00:00,797.64,6956.5,3543.4,1025.72,30.11001,120.09,1030.97,826.5216419013987,4273.8967265567535,3723.371573485235,939.8491587345695,56.18193583734376,114.24986837164974,922.7621056650876,485.40961665471394,4427.640215661185,1769.5389932032995,988.6486797514416,408.8096869510114,116.93271488280523,711.2412697147188,485.40961665471394,4427.640215661185,1769.5389932032995,988.6486797514416,408.8096869510114,116.93271488280523,711.2412697147188
2026-02-19 01:00:00+00:00,797.53,6466.76,3612.52,1002.0,0.099970154,117.32,1031.29,859.0370929521819,4184.280590112308,3709.283274275167,920.7788814932671,12.04025067851893,107.41667533380026,926.2986271291101,485.40961665471394,4427.640215661185,1769.5389932032995,988.6486797514416,408.8096869510114,116.93271488280523,711.2412697147188,485.40961665471394,4427.640215661185,1769.5389932032995,988.6486797514416,408.8096869510114,116.93271488280523,711.2412697147188
2026-02-19 02:00:00+00:00,793.52,6342.07,3499.05,1004.51,0.12999944,117.6,1031.01,867.586834766528,4103.945887500981,3750.357138672528,898.9960626915738,10.973918560007519,107.64551893533934,894.0947555008337,485.40961665471394,4427.640215661185,1769.5389932032995,988.6486797514416,408.8096869510114,116.93271488280523,711.2412697147188,485.40961665471394,4427.640215661185,1769.5389932032995,988.6486797514416,408.8096869510114,116.93271488280523,711.2412697147188
2026-02-19 03:00:00+00:00,794.89,7051.01,3497.0303,1004.2,0.08999091,117.58,1032.55,994.1601584331311,4541.698220324221,3739.325326088958,931.3135462965523,9.065206286727744,109.71172658661105,847.340969875614,485.40961665471394,4427.640215661185,1769.5389932032995,988.6486797514416,408.8096869510114,116.93271488280523,711.2412697147188,485.40961665471394,4427.640215661185,1769.5389932032995,988.6486797514416,408.8096869510114,116.93271488280523,711.2412697147188
2026-02-19 04:00:00+00:00,793.09,7100.29,3585.27,988.92,1.3499701,115.78,1026.45,1035.1055541424587,4803.513594926464,3838.438844991844,939.4779565366244,33.713001630199415,111.80170008939261,839.1543243191244,485.40961665471394,4427.640215661185,1769.5389932032995,988.6486797514416,408.8096869510114,116.93271488280523,711.2412697147188,485.40961665471394,4427.640215661185,1769.5389932032995,988.6486797514416,408.8096869510114,116.93271488280523,711.2412697147188
2026-02-19 05:00:00+00:00,858.7,7095.42,3722.65,1010.42,34.800014,118.3,1019.84,1162.3482314746225,5413.523501100808,4078.7914371141223,947.4786338043509,107.84613075036566,112.57918052952735,823.8620871017257,485.40961665471394,4427.640215661185,1769.5389932032995,988.6486797514416,408.8096869510114,116.93271488280523,711.2412697147188,485.40961665471394,4427.640215661185,1769.5389932032995,988.6486797514416,408.8096869510114,116.93271488280523,711.2412697147188
2026-02-19 06:00:00+00:00,1025.73,7240.15,3821.72,1017.69,42.020016,137.51,1029.0,1078.8640900009275,5838.015743816127,4165.6443480447015,952.9676507082652,786.6092927665468,113.27426056111408,918.59389557685,485.40961665471394,4427.640215661185,1769.5389932032995,988.6486797514416,408.8096869510114,116.93271488280523,711.2412697147188,485.40961665471394,4427.640215661185,1769.5389932032995,988.6486797514416,408.8096869510114,116.93271488280523,711.2412697147188
2026-02-19 07:00:00+00:00,1027.79,7478.49,3893.29,1018.38,182.26999,143.3,1030.55,1103.9511918771034,5807.317060478455,4158.571154990871,943.4059126597451,746.7455326966752,112.98311539567108,870.5573495823298,485.40961665471394,4427.640215661185,1769.5389932032995,988.6486797514416,408.8096869510114,116.93271488280523,711.2412697147188,485.40961665471394,4427.640215661185,1769.5389932032995,988.6486797514416,408.8096869510114,116.93271488280523,711.2412697147188
2026-02-19 08:00:00+00:00,1052.18,7515.38,3932.22,1035.67,239.51,145.41,1023.97,1096.8387457081228,5983.064160541567,4138.908034329824,944.418851214303,570.5491147125363,111.26064638715258,880.535483023491,485.40961665471394,4427.640215661185,1769.5389932032995,988.6486797514416,408.8096869510114,116.93271488280523,711.2412697147188,485.40961665471394,4427.640215661185,1769.5389932032995,988.6486797514416,408.8096869510114,116.93271488280523,711.2412697147188
2026-02-19 09:00:00+00:00,1054.78,7429.41,3913.26,1020.19,123.709984,127.67,1029.85,1095.4451026141987,5978.44818702915,4177.153204961951,1006.457094287935,205.76014262280384,113.05988831787363,875.4865353932898,485.40961665471394,4427.640215661185,1769.5389932032995,988.6486797514416,408.8096869510114,116.93271488280523,711.2412697147188,485.40961665471394,4427.640215661185,1769.5389932032995,988.6486797514416,408.8096869510114,116.93271488280523,711.2412697147188
2026-02-19 10:00:00+00:00,1048.58,7238.31,3903.48,1021.7,91.82,119.61,1035.21,1085.5548963068202,6063.29704085648,4080.5807308544445,993.4204901718095,143.11140306047747,111.07578008160529,886.5455013075493,485.40961665471394,4427.640215661185,1769.5389932032995,988.6486797514416,408.8096869510114,116.93271488280523,711.2412697147188,485.40961665471394,4427.640215661185,1769.5389932032995,988.6486797514416,408.8096869510114,116.93271488280523,711.2412697147188
2026-02-19 11:00:00+00:00,1052.42,6905.76,3868.6,1043.34,71.700005,122.14,1047.64,1099.6996924716493,6063.568503803648,3916.114001415714,1015.2622245931228,35.72126835591746,116.93208052250684,857.7664882912142,485.40961665471394,4427.640215661185,1769.5389932032995,988.6486797514416,408.8096869510114,116.93271488280523,711.2412697147188,485.40961665471394,4427.640215661185,1769.5389932032995,988.6486797514416,408.8096869510114,116.93271488280523,711.2412697147188
2026-02-19 12:00:00+00:00,1051.96,6924.52,3859.66,1093.16,58.240017,127.97,1041.43,978.2144388464727,5610.778735177096,3890.1713261893797,1020.9804069051345,54.85852310796821,117.71627543146988,891.6241820696898,485.40961665471394,4427.640215661185,1769.5389932032995,988.6486797514416,408.8096869510114,116.93271488280523,711.2412697147188,485.40961665471394,4427.640215661185,1769.5389932032995,988.6486797514416,408.8096869510114,116.93271488280523,711.2412697147188
2026-02-19 13:00:00+00:00,882.58,6861.95,3869.28,1106.53,50.340023,129.54,1031.79,916.3150355475525,5664.791697436667,3834.2553679751472,1031.0350677258143,92.2518193364034,119.50698317726321,904.1573595147332,485.40961665471394,4427.640215661185,1769.5389932032995,988.6486797514416,408.8096869510114,116.93271488280523,711.2412697147188,485.40961665471394,4427.640215661185,1769.5389932032995,988.6486797514416,408.8096869510114,116.93271488280523,711.2412697147188
2026-02-19 14:00:00+00:00,792.16,7057.22,3894.28,1086.29,75.04,127.17,1033.1,1061.0118916383715,6179.647753141184,3810.002103294566,1056.900667961991,199.7880864552802,122.49682471645049,918.230200196851,485.40961665471394,4427.640215661185,1769.5389932032995,988.6486797514416,408.8096869510114,116.93271488280523,711.2412697147188,485.40961665471394,4427.640215661185,1769.5389932032995,988.6486797514416,408.8096869510114,116.93271488280523,711.2412697147188
2026-02-19 15:00:00+00:00,999.58,7341.75,3954.55,1071.05,117.189995,137.29,1024.08,1037.364986894037,6298.517513733219,3959.0304795093703,1013.0986094180829,353.24326438847345,124.37065625052489,903.6211159146001,485.40961665471394,4427.640215661185,1769.5389932032995,988.6486797514416,408.8096869510114,116.93271488280523,711.2412697147188,485.40961665471394,4427.640215661185,1769.5389932032995,988.6486797514416,408.8096869510114,116.93271488280523,711.2412697147188
2026-02-19 16:00:00+00:00,1046.67,7573.58,4054.32,1028.6,463.53,144.5,1047.68,1066.6736356894062,6342.804346007338,4276.658402750221,1035.6541416741586,749.9199516172052,124.18368482388078,882.2628045522109,485.40961665471394,4427.640215661185,1769.5389932032995,988.6486797514416,408.8096869510114,116.93271488280523,711.2412697147188,485.40961665471394,4427.640215661185,1769.5389932032995,988.6486797514416,408.8096869510114,116.93271488280523,711.2412697147188
2026-02-19 17:00:00+00:00,1047.42,7565.98,4055.66,1035.64,763.13,145.48,1056.09,1061.981841400738,6335.933766958717,4271.938616323893,1011.4536194037012,1003.7672645204015,125.86802535230842,835.1983002972179,485.40961665471394,4427.640215661185,1769.5389932032995,988.6486797514416,408.8096869510114,116.93271488280523,711.2412697147188,485.40961665471394,4427.640215661185,1769.5389932032995,988.6486797514416,408.8096869510114,116.93271488280523,711.2412697147188
2026-02-19 18:00:00+00:00,1048.45,7473.13,4075.65,1037.47,677.26,145.7,1053.6,1052.2620728990007,6175.109674601754,4166.53244339447,1012.0003964766864,316.52138570081064,122.07386845140513,876.5990937563879,485.40961665471394,4427.640215661185,1769.5389932032995,988.6486797514416,408.8096869510114,116.93271488280523,711.2412697147188,485.40961665471394,4427.640215661185,1769.5389932032995,988.6486797514416,408.8096869510114,116.93271488280523,711.2412697147188
2026-02-19 19:00:00+00:00,1042.86,7246.41,4011.88,1019.12,163.2,143.47,1040.63,1104.3770020495688,6048.019956566303,4125.961173437479,1009.6088057065076,73.66780431181184,124.77825798927022,896.6133109143304,485.40961665471394,4427.640215661185,1769.5389932032995,988.6486797514416,408.8096869510114,116.93271488280523,711.2412697147188,485.40961665471394,4427.640215661185,1769.5389932032995,988.6486797514416,408.8096869510114,116.93271488280523,711.2412697147188
2026-02-19 20:00:00+00:00,1018.67,7170.61,3983.15,1021.62,0.20998602,132.0,1043.65,1106.809544589516,6034.991870631673,3969.730815070814,1044.6854797852516,146.40503010834243,126.11940302139675,868.0520161964345,485.40961665471394,4427.640215661185,1769.5389932032995,988.6486797514416,408.8096869510114,116.93271488280523,711.2412697147188,485.40961665471394,4427.640215661185,1769.5389932032995,988.6486797514416,408.8096869510114,116.93271488280523,711.2412697147188
2026-02-19 21:00:00+00:00,986.31,7000.98,3875.33,999.0,0.17000799,116.95,1042.64,1153.2400759205027,5920.570928965842,4021.553554443226,998.2643444934213,11.649961495861646,116.12255612639346,850.3628734296219,485.40961665471394,4427.640215661185,1769.5389932032995,988.6486797514416,408.8096869510114,116.93271488280523,711.2412697147188,485.40961665471394,4427.640215661185,1769.5389932032995,988.6486797514416,408.8096869510114,116.93271488280523,711.2412697147188
2026-02-19 22:00:00+00:00,863.14,7034.96,3827.99,991.93,0.14998846,116.13,1037.95,1155.1156480225532,5345.818691806492,3935.239680442781,976.3670159237096,-24.657665150204537,112.62786176090296,884.1279866279734,485.40961665471394,4427.640215661185,1769.5389932032995,988.6486797514416,408.8096869510114,116.93271488280523,711.2412697147188,485.40961665471394,4427.640215661185,1769.5389932032995,988.6486797514416,408.8096869510114,116.93271488280523,711.2412697147188
2026-02-19 23:00:00+00:00,732.97,6973.14,3654.97,995.27,0.14000921,116.51,1019.06,1149.890661009616,4985.685327341115,3817.9236131260704,987.7925075393267,-40.61366130096735,113.2028087649849,882.7327436823308,485.40961665471394,4427.640215661185,1769.5389932032995,988.6486797514416,408.8096869510114,116.93271488280523,711.2412697147188,485.40961665471394,4427.640215661185,1769.5389932032995,988.6486797514416,408.8096869510114,116.93271488280523,711.2412697147188
2026-02-20 00:00:00+00:00,729.07,6951.44,3626.63,1000.16,9.459986,117.09,1018.16,1141.3515927058354,4809.737759497455,3859.0502610240324,1021.5927179452143,9.963058176796608,115.41296334849896,904.3888518193797,485.40961665471394,4427.640215661185,1769.5389932032995,988.6486797514416,408.8096869510114,116.93271488280523,711.2412697147188,485.40961665471394,4427.640215661185,1769.5389932032995,988.6486797514416,408.8096869510114,116.93271488280523,711.2412697147188
2026-02-20 01:00:00+00:00,730.41,6895.59,3652.94,991.08,0.029993348,116.02,1014.35,1119.6079179253798,4814.67488777244,3789.029386747846,990.6823976435797,19.372748923998017,115.25293828804662,904.6195724427009,485.40961665471394,4427.640215661185,1769.5389932032995,988.6486797514416,408.8096869510114,116.93271488280523,711.2412697147188,485.40961665471394,4427.640215661185,1769.5389932032995,988.6486797514416,408.8096869510114,116.93271488280523,711.2412697147188
2026-02-20 02:00:00+00:00,729.39,6768.44,3679.84,992.78,-5.431801e-06,116.22,1006.88,1090.6785108060124,4818.247488431671,3812.55625247803,995.9624786295478,23.26143966399451,112.67766334859336,884.6236666489375,485.40961665471394,4427.640215661185,1769.5389932032995,988.6486797514416,408.8096869510114,116.93271488280523,711.2412697147188,485.40961665471394,4427.640215661185,1769.5389932032995,988.6486797514416,408.8096869510114,116.93271488280523,711.2412697147188
2026-02-20 03:00:00+00:00,751.3,6801.22,3806.71,1000.49,0.04003363,117.13,1001.35,1118.9262729930979,5388.136918127316,3869.3823209464936,993.6291253863219,26.86375548032032,113.27389545969396,911.2322337532003,485.40961665471394,4427.640215661185,1769.5389932032995,988.6486797514416,408.8096869510114,116.93271488280523,711.2412697147188,485.40961665471394,4427.640215661185,1769.5389932032995,988.6486797514416,408.8096869510114,116.93271488280523,711.2412697147188
2026-02-20 04:00:00+00:00,909.32,6994.59,4065.85,1001.97,-5.431801e-06,117.3,1001.02,1094.3238039518897,5744.081346220761,3976.732416555283,975.614159863583,56.599433707462595,112.29163408480696,893.8657963485801,485.40961665471394,4427.640215661185,1769.5389932032995,988.6486797514416,408.8096869510114,116.93271488280523,711.2412697147188,485.40961665471394,4427.640215661185,1769.5389932032995,988.6486797514416,408.8096869510114,116.93271488280523,711.2412697147188
2026-02-20 05:00:00+00:00,990.74,7062.33,4163.2695,1007.63,238.0,136.0,998.19,1100.1575329272032,5973.3581782213605,4173.442297652833,948.4276579296103,186.82765581387793,109.95852396041357,874.5325088820466,485.40961665471394,4427.640215661185,1769.5389932032995,988.6486797514416,408.8096869510114,116.93271488280523,711.2412697147188,485.40961665471394,4427.640215661185,1769.5389932032995,988.6486797514416,408.8096869510114,116.93271488280523,711.2412697147188
2026-02-20 06:00:00+00:00,987.0301,6961.14,4165.67,1005.57,1322.62,141.72,1011.01,1014.7675153476123,5904.798563922002,4179.7116391182935,966.5565183121272,1072.31163172171,117.22055299058943,961.5548563049782,485.40961665471394,4427.640215661185,1769.5389932032995,988.6486797514416,408.8096869510114,116.93271488280523,711.2412697147188,485.40961665471394,4427.640215661185,1769.5389932032995,988.6486797514416,408.8096869510114,116.93271488280523,711.2412697147188
2026-02-20 07:00:00+00:00,979.88,6945.36,4194.31,1018.21,1391.13,143.36,1015.27,1065.9320641205338,6048.392100423852,4055.262644232722,953.660723423939,958.6861001547543,118.41919422397444,929.731986713367,485.40961665471394,4427.640215661185,1769.5389932032995,988.6486797514416,408.8096869510114,116.93271488280523,711.2412697147188,485.40961665471394,4427.640215661185,1769.5389932032995,988.6486797514416,408.8096869510114,116.93271488280523,711.2412697147188
2026-02-20 08:00:00+00:00,959.2101,6886.32,4133.96,1027.65,683.26,144.47,1005.05,1030.6151560241028,5757.287176119968,3840.8930257463985,975.8788538562947,399.2106170994284,120.04383234794574,936.1937486537582,485.40961665471394,4427.640215661185,1769.5389932032995,988.6486797514416,408.8096869510114,116.93271488280523,711.2412697147188,485.40961665471394,4427.640215661185,1769.5389932032995,988.6486797514416,408.8096869510114,116.93271488280523,711.2412697147188
2026-02-20 09:00:00+00:00,956.33,6707.24,3715.48,1033.11,172.89,127.14,988.85,1082.3378133237152,4953.280071670701,3767.4052311161904,952.7572883469215,188.14172452255755,113.4443082281849,883.3951167947496,485.40961665471394,4427.640215661185,1769.5389932032995,988.6486797514416,408.8096869510114,116.93271488280523,711.2412697147188,485.40961665471394,4427.640215661185,1769.5389932032995,988.6486797514416,408.8096869510114,116.93271488280523,711.2412697147188
2026-02-20 10:00:00+00:00,962.1401,6620.91,3535.66,1021.26,216.18,119.55,972.19,997.4995265995558,4781.828625886299,3705.512798209812,1002.2369450521181,129.50007852118898,116.861647523697,875.7625862211275,485.40961665471394,4427.640215661185,1769.5389932032995,988.6486797514416,408.8096869510114,116.93271488280523,711.2412697147188,485.40961665471394,4427.640215661185,1769.5389932032995,988.6486797514416,408.8096869510114,116.93271488280523,711.2412697147188
2026-02-20 11:00:00+00:00,979.19,6392.76,3628.31,1030.94,1.0400031,120.69,974.9,911.6040612855932,4442.899255926052,3667.4837570489804,1009.6981942963649,134.10498711112552,119.70090991825337,841.5342790417727,485.40961665471394,4427.640215661185,1769.5389932032995,988.6486797514416,408.8096869510114,116.93271488280523,711.2412697147188,485.40961665471394,4427.640215661185,1769.5389932032995,988.6486797514416,408.8096869510114,116.93271488280523,711.2412697147188
2026-02-20 12:00:00+00:00,951.98004,6359.09,3618.79,1020.6,0.35000068,119.48,980.03,923.5384075665902,4608.6813349708145,3474.0173361956004,1029.387529079716,189.2391432283547,123.18702990083867,883.5094762596251,485.40961665471394,4427.640215661185,1769.5389932032995,988.6486797514416,408.8096869510114,116.93271488280523,711.2412697147188,485.40961665471394,4427.640215661185,1769.5389932032995,988.6486797514416,408.8096869510114,116.93271488280523,711.2412697147188
2026-02-20 13:00:00+00:00,956.61,6367.19,3592.45,1009.37,0.36001045,118.16,981.96,954.6152261122992,4763.438655671476,3449.206343854184,1042.5786443871793,187.04525868334215,121.84006944897429,851.8798824379728,485.40961665471394,4427.640215661185,1769.5389932032995,988.6486797514416,408.8096869510114,116.93271488280523,711.2412697147188,485.40961665471394,4427.640215661185,1769.5389932032995,988.6486797514416,408.8096869510114,116.93271488280523,711.2412697147188
2026-02-20 14:00:00+00:00,802.25,6029.64,3659.06,1046.21,0.37999946,134.49,952.73,1006.7617824091626,5562.900049056407,3630.4563657489425,1055.3195714697574,363.0111520777384,124.71094144840943,814.3050906378209,485.40961665471394,4427.640215661185,1769.5389932032995,988.6486797514416,408.8096869510114,116.93271488280523,711.2412697147188,485.40961665471394,4427.640215661185,1769.5389932032995,988.6486797514416,408.8096869510114,116.93271488280523,711.2412697147188
2026-02-20 15:00:00+00:00,803.04,6164.92,3789.97,915.01,10.179987,131.04,962.84,1019.1995751251377,6202.667547897657,3676.101107675371,1047.0684119280302,419.3328843517819,124.20659973464633,851.9780731534561,485.40961665471394,4427.640215661185,1769.5389932032995,988.6486797514416,408.8096869510114,116.93271488280523,711.2412697147188,485.40961665471394,4427.640215661185,1769.5389932032995,988.6486797514416,408.8096869510114,116.93271488280523,711.2412697147188
2026-02-20 16:00:00+00:00,809.12,6319.62,3931.25,921.46,75.409996,131.96,981.09,1042.9084949182877,6547.058421219378,3630.042315578099,1066.8418913391768,901.202853854122,129.07665887504055,894.9078957974743,485.40961665471394,4427.640215661185,1769.5389932032995,988.6486797514416,408.8096869510114,116.93271488280523,711.2412697147188,485.40961665471394,4427.640215661185,1769.5389932032995,988.6486797514416,408.8096869510114,116.93271488280523,711.2412697147188
2026-02-20 17:00:00+00:00,794.83,5978.12,3684.01,936.08,0.4700263,133.67,964.84,959.4843550396972,6335.434857183985,3737.559506286397,1013.4254878854719,966.0506201570171,128.80560071734962,790.1406007062637,485.40961665471394,4427.640215661185,1769.5389932032995,988.6486797514416,408.8096869510114,116.93271488280523,711.2412697147188,485.40961665471394,4427.640215661185,1769.5389932032995,988.6486797514416,408.8096869510114,116.93271488280523,711.2412697147188
2026-02-20 18:00:00+00:00,665.65,6291.45,3604.4,926.82,0.42998725,132.5,970.38,970.4431273839991,5520.357471325944,3740.2813973039783,995.2426194366824,355.19880932712545,123.74869996365203,791.175046870037,485.40961665471394,4427.640215661185,1769.5389932032995,988.6486797514416,408.8096869510114,116.93271488280523,711.2412697147188,485.40961665471394,4427.640215661185,1769.5389932032995,988.6486797514416,408.8096869510114,116.93271488280523,711.2412697147188
2026-02-20 19:00:00+00:00,445.26,5942.96,3326.08,919.88,0.5200141,120.07,947.52,906.120758510102,4222.970089973655,3661.8840814374316,994.4035440132504,111.67392066576627,121.37587597483089,853.973781589057,485.40961665471394,4427.640215661185,1769.5389932032995,988.6486797514416,408.8096869510114,116.93271488280523,711.2412697147188,485.40961665471394,4427.640215661185,1769.5389932032995,988.6486797514416,408.8096869510114,116.93271488280523,711.2412697147188
2026-02-20 20:00:00+00:00,441.44,4866.74,3131.24,909.43,29.010004,106.46,944.29,674.291349719887,3173.8221497306486,3486.397135444515,971.6258064131011,77.18893231050407,120.87165901288004,791.0159111896429,485.40961665471394,4427.640215661185,1769.5389932032995,988.6486797514416,408.8096869510114,116.93271488280523,711.2412697147188,485.40961665471394,4427.640215661185,1769.5389932032995,988.6486797514416,408.8096869510114,116.93271488280523,711.2412697147188
2026-02-20 21:00:00+00:00,442.44,3649.26,2793.39,902.85,0.67998725,105.69,944.46,629.4980731924595,2578.303153128536,3455.337391012349,959.8546259439644,-4.787021092058012,114.70497803016384,778.6646025812146,485.40961665471394,4427.640215661185,1769.5389932032995,988.6486797514416,408.8096869510114,116.93271488280523,711.2412697147188,485.40961665471394,4427.640215661185,1769.5389932032995,988.6486797514416,408.8096869510114,116.93271488280523,711.2412697147188
2026-02-20 22:00:00+00:00,438.96,2404.31,2442.02,895.88,-5.431801e-06,104.88,931.72,529.8302870079684,2181.872001154257,3204.590856685667,982.1987884072993,122.80994520171913,115.7492946177894,758.779266142354,485.40961665471394,4427.640215661185,1769.5389932032995,988.6486797514416,408.8096869510114,116.93271488280523,711.2412697147188,485.40961665471394,4427.640215661185,1769.5389932032995,988.6486797514416,408.8096869510114,116.93271488280523,711.2412697147188
2026-02-20 23:00:00+00:00,430.57,2124.3,2097.31,901.01,-5.431801e-06,105.48,907.84,521.4895615174084,2116.4261256166224,2836.134753586521,980.1270921217117,31.56265841598872,112.11459534706192,705.0280427962045,485.40961665471394,4427.640215661185,1769.5389932032995,988.6486797514416,408.8096869510114,116.93271488280523,711.2412697147188,485.40961665471394,4427.640215661185,1769.5389932032995,988.6486797514416,408.8096869510114,116.93271488280523,711.2412697147188
2026-02-21 00:00:00+00:00,423.36,1557.43,1958.41,898.01,-5.431801e-06,105.13,888.61,412.8416512229916,2149.4617381576154,2767.9223006198335,984.0287649641219,16.569851389245798,118.32294895366786,816.6346893832,485.40961665471394,4427.640215661185,1769.5389932032995,988.6486797514416,408.8096869510114,116.93271488280523,711.2412697147188,485.40961665471394,4427.640215661185,1769.5389932032995,988.6486797514416,408.8096869510114,116.93271488280523,711.2412697147188
2026-02-21 01:00:00+00:00,420.83,1558.7701,1954.06,901.18,-5.431801e-06,105.5,888.01,445.2895111460258,2011.8469638613983,1983.2177913563414,971.5442179380436,7.937621202886021,115.88507596464032,772.4554342010067,485.40961665471394,4427.640215661185,1769.5389932032995,988.6486797514416,408.8096869510114,116.93271488280523,711.2412697147188,485.40961665471394,4427.640215661185,1769.5389932032995,988.6486797514416,408.8096869510114,116.93271488280523,711.2412697147188
2026-02-21 02:00:00+00:00,416.78,1554.9501,1933.89,891.72,-5.431801e-06,104.39,880.12,441.687489901775,2153.38092327204,2057.2344294896047,985.5169831923608,6.837232830157461,114.64974527207471,805.6400976710938,485.40961665471394,4427.640215661185,1769.5389932032995,988.6486797514416,408.8096869510114,116.93271488280523,711.2412697147188,485.40961665471394,4427.640215661185,1769.5389932032995,988.6486797514416,408.8096869510114,116.93271488280523,711.2412697147188
2026-02-21 03:00:00+00:00,413.08,1592.7001,1932.11,893.79,-5.431801e-06,104.63,879.83,430.99511809697424,1961.6474366889947,1998.5502405987713,989.9579793502284,7.44958027700369,115.05269169311192,713.8889139396184,485.40961665471394,4427.640215661185,1769.5389932032995,988.6486797514416,408.8096869510114,116.93271488280523,711.2412697147188,485.40961665471394,4427.640215661185,1769.5389932032995,988.6486797514416,408.8096869510114,116.93271488280523,711.2412697147188
2026-02-21 04:00:00+00:00,410.62,1627.12,1941.93,890.69,-5.431801e-06,104.27,885.96,430.1107125792,1978.2990530237475,1962.697523482032,988.500597764626,15.031725364426734,118.36336989502442,681.3135333145891,485.40961665471394,4427.640215661185,1769.5389932032995,988.6486797514416,408.8096869510114,116.93271488280523,711.2412697147188,485.40961665471394,4427.640215661185,1769.5389932032995,988.6486797514416,408.8096869510114,116.93271488280523,711.2412697147188
2026-02-21 05:00:00+00:00,414.29,1715.0001,2004.14,889.48,-5.431801e-06,104.13,891.7,420.6452377546036,1915.9314036753058,2093.666328753187,1001.0188540127333,33.158987417050355,117.13195889719644,669.6268552560766,485.40961665471394,4427.640215661185,1769.5389932032995,988.6486797514416,408.8096869510114,116.93271488280523,711.2412697147188,485.40961665471394,4427.640215661185,1769.5389932032995,988.6486797514416,408.8096869510114,116.93271488280523,711.2412697147188
2026-02-21 06:00:00+00:00,412.15,1733.38,1972.75,897.09,71.46999,105.02,896.6,402.97288983887466,1535.1448241136086,1861.1775644528034,1010.0466428927984,299.88677607602585,119.71279316487269,767.6521810955428,485.40961665471394,4427.640215661185,1769.5389932032995,988.6486797514416,408.8096869510114,116.93271488280523,711.2412697147188,485.40961665471394,4427.640215661185,1769.5389932032995,988.6486797514416,408.8096869510114,116.93271488280523,711.2412697147188
2026-02-21 07:00:00+00:00,412.21,1720.7401,2040.71,906.9,67.24999,118.0,901.39,368.0160576539795,1981.2317229510072,2167.445927931154,1029.18148123788,421.79261108340256,123.15143130029335,769.5774174672629,485.40961665471394,4427.640215661185,1769.5389932032995,988.6486797514416,408.8096869510114,116.93271488280523,711.2412697147188,485.40961665471394,4427.640215661185,1769.5389932032995,988.6486797514416,408.8096869510114,116.93271488280523,711.2412697147188
2026-02-21 08:00:00+00:00,410.33,1709.66,2135.38,908.19,279.17,130.56,900.08,358.234404567272,2080.119826907284,2056.3746458152773,1040.2124719744488,551.0619369975298,123.39490103211068,788.8597784821645,485.40961665471394,4427.640215661185,1769.5389932032995,988.6486797514416,408.8096869510114,116.93271488280523,711.2412697147188,485.40961665471394,4427.640215661185,1769.5389932032995,988.6486797514416,408.8096869510114,116.93271488280523,711.2412697147188
2026-02-21 09:00:00+00:00,411.96,1707.3002,2130.8,905.92,161.12,118.48,899.46,334.82294074694585,2112.0858342882607,1992.521762842901,1067.6718321706546,295.9947291887307,124.11588529104745,781.6751857544672,485.40961665471394,4427.640215661185,1769.5389932032995,988.6486797514416,408.8096869510114,116.93271488280523,711.2412697147188,485.40961665471394,4427.640215661185,1769.5389932032995,988.6486797514416,408.8096869510114,116.93271488280523,711.2412697147188
2026-02-21 10:00:00+00:00,411.94,1859.89,2285.38,904.28,19.779993,105.86,903.86,349.1864455161905,2295.366862692303,1623.1709341197443,1056.2975929475886,215.12133375711863,121.84199289676519,761.268871924934,485.40961665471394,4427.640215661185,1769.5389932032995,988.6486797514416,408.8096869510114,116.93271488280523,711.2412697147188,485.40961665471394,4427.640215661185,1769.5389932032995,988.6486797514416,408.8096869510114,116.93271488280523,711.2412697147188
2026-02-21 11:00:00+00:00,412.59,1998.5302,2634.31,902.14,24.459955,105.61,937.1,354.24990851616735,2163.6150212095326,1609.0673651342547,1043.2890660269031,223.14687901230158,118.82094279412168,798.7214511642075,485.40961665471394,4427.640215661185,1769.5389932032995,988.6486797514416,408.8096869510114,116.93271488280523,711.2412697147188,485.40961665471394,4427.640215661185,1769.5389932032995,988.6486797514416,408.8096869510114,116.93271488280523,711.2412697147188
2026-02-21 12:00:00+00:00,416.97,2113.05,2641.53,899.46,0.14998846,105.3,938.04,322.5669043975215,2321.2768534685915,1445.8577742529947,1059.1008136779149,234.65817240706042,120.2248062674342,743.0826830964697,485.40961665471394,4427.640215661185,1769.5389932032995,988.6486797514416,408.8096869510114,116.93271488280523,711.2412697147188,485.40961665471394,4427.640215661185,1769.5389932032995,988.6486797514416,408.8096869510114,116.93271488280523,711.2412697147188
2026-02-21 13:00:00+00:00,415.14,2524.98,2860.03,901.6,36.41,105.54,987.58,318.08307870497885,2405.0277393448487,1480.5128362624473,1044.538724492104,321.7230656860375,122.76792292072498,743.5833621587665,485.40961665471394,4427.640215661185,1769.5389932032995,988.6486797514416,408.8096869510114,116.93271488280523,711.2412697147188,485.40961665471394,4427.640215661185,1769.5389932032995,988.6486797514416,408.8096869510114,116.93271488280523,711.2412697147188
2026-02-21 14:00:00+00:00,415.18,2786.69,3161.3,906.07,506.88,106.07,1019.32,323.1988498022007,2730.18161681119,1500.9490422571812,1015.1033935517268,394.51253632654556,120.53287711646759,754.7518077849995,485.40961665471394,4427.640215661185,1769.5389932032995,988.6486797514416,408.8096869510114,116.93271488280523,711.2412697147188,485.40961665471394,4427.640215661185,1769.5389932032995,988.6486797514416,408.8096869510114,116.93271488280523,711.2412697147188
2026-02-21 15:00:00+00:00,415.01,2995.37,3366.6902,915.09,1247.14,118.97,1026.77,359.58603745486425,2788.016052694122,1643.6061161463547,1006.4145129597591,826.6012062406494,124.29582337647446,732.4133022066144,485.40961665471394,4427.640215661185,1769.5389932032995,988.6486797514416,408.8096869510114,116.93271488280523,711.2412697147188,485.40961665471394,4427.640215661185,1769.5389932032995,988.6486797514416,408.8096869510114,116.93271488280523,711.2412697147188
2026-02-21 16:00:00+00:00,415.04,3011.61,3274.85,940.65,1566.26,134.44,1013.66,417.2983143331269,3420.680965798083,2099.3870714143277,1021.8033117855578,1381.5015878002118,126.14446157640076,718.0125132252412,485.40961665471394,4427.640215661185,1769.5389932032995,988.6486797514416,408.8096869510114,116.93271488280523,711.2412697147188,485.40961665471394,4427.640215661185,1769.5389932032995,988.6486797514416,408.8096869510114,116.93271488280523,711.2412697147188
2026-02-21 17:00:00+00:00,413.67,3012.29,3226.39,919.47,1609.03,131.72,1024.51,618.8763087536262,4200.923656619171,2763.109255574725,1015.2305507168905,1387.9796144600575,126.64500890366034,618.8213413549355,485.40961665471394,4427.640215661185,1769.5389932032995,988.6486797514416,408.8096869510114,116.93271488280523,711.2412697147188,485.40961665471394,4427.640215661185,1769.5389932032995,988.6486797514416,408.8096869510114,116.93271488280523,711.2412697147188
2026-02-21 18:00:00+00:00,417.84,3017.88,3204.54,918.55,1544.85,131.7,1018.77,607.7103980486215,4640.611871627673,3156.024824661914,1029.231502301121,1064.4808763927374,120.01684494678402,648.9054210049652,485.40961665471394,4427.640215661185,1769.5389932032995,988.6486797514416,408.8096869510114,116.93271488280523,711.2412697147188,485.40961665471394,4427.640215661185,1769.5389932032995,988.6486797514416,408.8096869510114,116.93271488280523,711.2412697147188
2026-02-21 19:00:00+00:00,415.29,2975.66,3261.55,916.85,1464.11,131.5,1018.88,520.1043181323004,4247.600403710795,3097.5884336773697,1004.8814951585614,565.294119572167,117.23932243547335,602.6591486658342,485.40961665471394,4427.640215661185,1769.5389932032995,988.6486797514416,408.8096869510114,116.93271488280523,711.2412697147188,485.40961665471394,4427.640215661185,1769.5389932032995,988.6486797514416,408.8096869510114,116.93271488280523,711.2412697147188
2026-02-21 20:00:00+00:00,403.98,2922.43,3200.14,901.7,1227.66,118.0,1004.91,420.1885483987135,4406.902824845899,2917.4183190216427,1012.8378057070281,417.67140886349256,117.65204236520542,600.8842462835698,485.40961665471394,4427.640215661185,1769.5389932032995,988.6486797514416,408.8096869510114,116.93271488280523,711.2412697147188,485.40961665471394,4427.640215661185,1769.5389932032995,988.6486797514416,408.8096869510114,116.93271488280523,711.2412697147188
2026-02-21 21:00:00+00:00,405.61,2796.41,3048.3,905.61,951.82,106.02,993.21,402.4682630926699,3471.1750149199024,2708.6088823365426,1029.8250944234153,241.7951800104796,117.37758206076609,597.9686933821422,485.40961665471394,4427.640215661185,1769.5389932032995,988.6486797514416,408.8096869510114,116.93271488280523,711.2412697147188,485.40961665471394,4427.640215661185,1769.5389932032995,988.6486797514416,408.8096869510114,116.93271488280523,711.2412697147188
2026-02-21 22:00:00+00:00,406.02,2272.26,2985.23,899.11,357.56,105.27,997.63,403.69439288896734,3244.6713868018624,2319.634716980544,1020.5288029514327,118.49387475001612,116.32357374672776,607.2690541540559,485.40961665471394,4427.640215661185,1769.5389932032995,988.6486797514416,408.8096869510114,116.93271488280523,711.2412697147188,485.40961665471394,4427.640215661185,1769.5389932032995,988.6486797514416,408.8096869510114,116.93271488280523,711.2412697147188
2026-02-21 23:00:00+00:00,405.01,1749.9401,2713.25,892.99,45.860012,128.69,661.2,400.27752165077544,3079.941836412291,2158.8401790754865,1006.0155420304253,95.63067446389726,116.33812392438492,660.1491689674727,485.40961665471394,4427.640215661185,1769.5389932032995,988.6486797514416,408.8096869510114,116.93271488280523,711.2412697147188,485.40961665471394,4427.640215661185,1769.5389932032995,988.6486797514416,408.8096869510114,116.93271488280523,711.2412697147188
2026-02-22 00:00:00+00:00,405.9,1663.3102,2236.3,886.66,111.189995,127.96,630.4,371.01043714888056,2759.571845950378,1638.1895883129462,1013.9218615823335,-3.0468703931246637,115.6141462527259,660.4446856723114,485.40961665471394,4427.640215661185,1769.5389932032995,988.6486797514416,408.8096869510114,116.93271488280523,711.2412697147188,485.40961665471394,4427.640215661185,1769.5389932032995,988.6486797514416,408.8096869510114,116.93271488280523,711.2412697147188
2026-02-22 01:00:00+00:00,408.15,1658.0201,2052.04,889.58,89.74999,104.51,617.26,375.01533580219956,2166.3241998153485,1619.3333175896394,1026.5672312399643,67.62110674779683,118.22779617735198,633.9453669302912,485.40961665471394,4427.640215661185,1769.5389932032995,988.6486797514416,408.8096869510114,116.93271488280523,711.2412697147188,485.40961665471394,4427.640215661185,1769.5389932032995,988.6486797514416,408.8096869510114,116.93271488280523,711.2412697147188
2026-02-22 02:00:00+00:00,400.63,1608.5001,1919.86,887.27,35.510006,103.88,611.36,368.2006567416307,1987.3866617536019,1711.5205371148722,969.7137651368283,20.662135697174165,117.79812634594977,681.9831891981129,485.40961665471394,4427.640215661185,1769.5389932032995,988.6486797514416,408.8096869510114,116.93271488280523,711.2412697147188,485.40961665471394,4427.640215661185,1769.5389932032995,988.6486797514416,408.8096869510114,116.93271488280523,711.2412697147188
2026-02-22 03:00:00+00:00,398.03,1611.7701,1836.46,893.46,-5.431801e-06,104.59,600.97,392.77560473392975,2417.082543780241,1645.1399343621638,1005.3084851371862,27.54435259040571,116.53194187781264,685.4304876842514,485.40961665471394,4427.640215661185,1769.5389932032995,988.6486797514416,408.8096869510114,116.93271488280523,711.2412697147188,485.40961665471394,4427.640215661185,1769.5389932032995,988.6486797514416,408.8096869510114,116.93271488280523,711.2412697147188
2026-02-22 04:00:00+00:00,405.13,1618.09,1838.65,895.55,-5.431801e-06,104.84,607.2,371.4680306134903,2893.556299478945,1657.6222400524298,938.4468995256825,50.76787641991115,112.94865993970204,703.2064618723072,485.40961665471394,4427.640215661185,1769.5389932032995,988.6486797514416,408.8096869510114,116.93271488280523,711.2412697147188,485.40961665471394,4427.640215661185,1769.5389932032995,988.6486797514416,408.8096869510114,116.93271488280523,711.2412697147188
2026-02-22 05:00:00+00:00,410.33,1621.0602,1769.96,886.27,-5.431801e-06,103.75,597.86,370.1023246315608,2507.514596315976,1735.1110580499685,963.5562955194106,79.5021243217571,111.91950787307279,709.8937714294029,485.40961665471394,4427.640215661185,1769.5389932032995,988.6486797514416,408.8096869510114,116.93271488280523,711.2412697147188,485.40961665471394,4427.640215661185,1769.5389932032995,988.6486797514416,408.8096869510114,116.93271488280523,711.2412697147188
2026-02-22 06:00:00+00:00,408.4,1721.0302,1721.67,893.78,-5.431801e-06,104.63,597.42,313.46526633102917,2238.139620872575,1246.0340087551467,990.7931470546025,250.27849004064927,120.70011335878726,766.1350753513852,485.40961665471394,4427.640215661185,1769.5389932032995,988.6486797514416,408.8096869510114,116.93271488280523,711.2412697147188,485.40961665471394,4427.640215661185,1769.5389932032995,988.6486797514416,408.8096869510114,116.93271488280523,711.2412697147188
2026-02-22 07:00:00+00:00,408.98,1759.4801,1749.97,896.09,-5.431801e-06,104.9,599.9,309.72330860940554,2050.475407679043,1013.0541648478718,1019.7497922472447,487.78688670062553,122.3347704269994,764.4432414401317,485.40961665471394,4427.640215661185,1769.5389932032995,988.6486797514416,408.8096869510114,116.93271488280523,711.2412697147188,485.40961665471394,4427.640215661185,1769.5389932032995,988.6486797514416,408.8096869510114,116.93271488280523,711.2412697147188
2026-02-22 08:00:00+00:00,409.71,1768.7301,1769.76,900.93,32.580013,105.47,597.15,304.7653591939912,1843.681963296457,910.9813724412687,1028.9265896992633,304.2447487496861,119.9315382476937,766.7910084390733,485.40961665471394,4427.640215661185,1769.5389932032995,988.6486797514416,408.8096869510114,116.93271488280523,711.2412697147188,485.40961665471394,4427.640215661185,1769.5389932032995,988.6486797514416,408.8096869510114,116.93271488280523,711.2412697147188
2026-02-22 09:00:00+00:00,409.97,1770.2001,1741.51,896.01,-5.431801e-06,104.9,602.63,314.37980676919585,1732.1922824650142,743.9044189777508,1006.8015970093652,241.49258937652593,119.51636401936058,760.1442236207131,485.40961665471394,4427.640215661185,1769.5389932032995,988.6486797514416,408.8096869510114,116.93271488280523,711.2412697147188,485.40961665471394,4427.640215661185,1769.5389932032995,988.6486797514416,408.8096869510114,116.93271488280523,711.2412697147188
2026-02-22 10:00:00+00:00,408.91,1764.7902,1712.6,898.03,-5.431801e-06,105.13,605.94,303.96142903108023,1641.0526199992537,911.8139585706641,1033.1490459117758,127.97024962289362,122.34809321090566,760.2692454019531,485.40961665471394,4427.640215661185,1769.5389932032995,988.6486797514416,408.8096869510114,116.93271488280523,711.2412697147188,485.40961665471394,4427.640215661185,1769.5389932032995,988.6486797514416,408.8096869510114,116.93271488280523,711.2412697147188
2026-02-22 11:00:00+00:00,410.34,1651.63,1692.89,894.41,-5.431801e-06,104.71,600.36,302.02923812063074,1490.1330665992941,877.3674068990701,1039.3186369528546,72.59893503214676,122.1196912208892,765.7776932684227,485.40961665471394,4427.640215661185,1769.5389932032995,988.6486797514416,408.8096869510114,116.93271488280523,711.2412697147188,485.40961665471394,4427.640215661185,1769.5389932032995,988.6486797514416,408.8096869510114,116.93271488280523,711.2412697147188
2026-02-22 12:00:00+00:00,410.65,1654.37,1687.38,892.58,-5.431801e-06,104.5,602.43,268.195700501122,1491.3252121677456,981.1699813948079,1050.4598325117988,116.7366089260255,127.39380411645897,792.2343507312426,485.40961665471394,4427.640215661185,1769.5389932032995,988.6486797514416,408.8096869510114,116.93271488280523,711.2412697147188,485.40961665471394,4427.640215661185,1769.5389932032995,988.6486797514416,408.8096869510114,116.93271488280523,711.2412697147188
2026-02-22 13:00:00+00:00,411.19,1648.5402,1637.82,885.25,-5.431801e-06,103.63,592.2,262.8372364119458,1542.0671717733276,687.9850143312403,1061.187703073838,174.68047379820345,126.68994107368681,775.0975770063264,485.40961665471394,4427.640215661185,1769.5389932032995,988.6486797514416,408.8096869510114,116.93271488280523,711.2412697147188,485.40961665471394,4427.640215661185,1769.5389932032995,988.6486797514416,408.8096869510114,116.93271488280523,711.2412697147188
2026-02-22 14:00:00+00:00,411.7,1658.5302,1695.49,889.03,-5.431801e-06,116.21,598.16,274.7752919161354,1922.7257348634243,903.4751507286643,1037.275446180844,367.4472821258027,122.82766555826726,768.4299523282633,485.40961665471394,4427.640215661185,1769.5389932032995,988.6486797514416,408.8096869510114,116.93271488280523,711.2412697147188,485.40961665471394,4427.640215661185,1769.5389932032995,988.6486797514416,408.8096869510114,116.93271488280523,711.2412697147188
2026-02-22 15:00:00+00:00,413.66,1704.7902,2079.31,901.39,43.339993,129.77,606.71,285.4485317100476,1999.6295364421785,928.68688186652,1051.0303356194413,710.6107533497052,125.12848464346091,778.6995033634431,485.40961665471394,4427.640215661185,1769.5389932032995,988.6486797514416,408.8096869510114,116.93271488280523,711.2412697147188,485.40961665471394,4427.640215661185,1769.5389932032995,988.6486797514416,408.8096869510114,116.93271488280523,711.2412697147188
2026-02-22 16:00:00+00:00,410.19,2141.65,2692.52,910.2,568.24,130.87,645.53,282.7988584977056,2027.0267355001383,1015.405863918734,1010.0769520490497,979.4663229506492,125.17372448978594,787.9833354986081,485.40961665471394,4427.640215661185,1769.5389932032995,988.6486797514416,408.8096869510114,116.93271488280523,711.2412697147188,485.40961665471394,4427.640215661185,1769.5389932032995,988.6486797514416,408.8096869510114,116.93271488280523,711.2412697147188
2026-02-22 17:00:00+00:00,410.34,2524.62,2958.38,921.5,981.59,132.11,671.27,329.03017112836665,2035.9525364803394,1271.653501480138,1000.4520541798847,1090.5150359228423,121.95309124453176,689.5782988516894,485.40961665471394,4427.640215661185,1769.5389932032995,988.6486797514416,408.8096869510114,116.93271488280523,711.2412697147188,485.40961665471394,4427.640215661185,1769.5389932032995,988.6486797514416,408.8096869510114,116.93271488280523,711.2412697147188
2026-02-22 18:00:00+00:00,410.93,2394.39,2983.05,917.69,959.96,131.6,689.11,330.94760850258575,2096.10206415339,1262.6591450275266,969.265490748168,812.6970783831073,115.05994257956563,648.5494219392182,485.40961665471394,4427.640215661185,1769.5389932032995,988.6486797514416,408.8096869510114,116.93271488280523,711.2412697147188,485.40961665471394,4427.640215661185,1769.5389932032995,988.6486797514416,408.8096869510114,116.93271488280523,711.2412697147188
2026-02-22 19:00:00+00:00,409.03,2177.39,2961.52,916.8,547.41,131.49,692.4,339.2717013716898,1911.4868192954696,1188.2964821814226,969.1431538392321,330.4215725918318,116.4299422672089,622.3439708576647,485.40961665471394,4427.640215661185,1769.5389932032995,988.6486797514416,408.8096869510114,116.93271488280523,711.2412697147188,485.40961665471394,4427.640215661185,1769.5389932032995,988.6486797514416,408.8096869510114,116.93271488280523,711.2412697147188
2026-02-22 20:00:00+00:00,407.18,2155.27,2958.0,921.55,250.56,132.05,680.0,360.48150865945416,2120.0565400737346,1194.9185227257267,969.3482294754332,204.92281220151602,116.39747232673547,618.8330360655739,485.40961665471394,4427.640215661185,1769.5389932032995,988.6486797514416,408.8096869510114,116.93271488280523,711.2412697147188,485.40961665471394,4427.640215661185,1769.5389932032995,988.6486797514416,408.8096869510114,116.93271488280523,711.2412697147188
2026-02-22 21:00:00+00:00,408.65,1970.0101,2805.67,913.44,120.08999,131.1,679.23,366.4637592934818,2196.916318145305,1213.2968765958121,947.9184962333834,139.5983247647249,113.69472098944962,640.4814138308011,485.40961665471394,4427.640215661185,1769.5389932032995,988.6486797514416,408.8096869510114,116.93271488280523,711.2412697147188,485.40961665471394,4427.640215661185,1769.5389932032995,988.6486797514416,408.8096869510114,116.93271488280523,711.2412697147188
2026-02-22 22:00:00+00:00,410.79,1619.9,2122.54,898.24,0.11001044,123.55,642.48,348.49838153708674,2034.7633924692218,1288.4315136561133,993.4492432896889,68.34344228347135,119.40270910956566,626.9317389457304,485.40961665471394,4427.640215661185,1769.5389932032995,988.6486797514416,408.8096869510114,116.93271488280523,711.2412697147188,485.40961665471394,4427.640215661185,1769.5389932032995,988.6486797514416,408.8096869510114,116.93271488280523,711.2412697147188
2026-02-22 23:00:00+00:00,410.83,1588.7501,1856.14,888.88,-5.431801e-06,104.07,582.64,327.2075271887368,1955.242080964912,1472.4720989257776,978.7427798040956,43.796787545930215,117.24596985101265,645.3554443640544,485.40961665471394,4427.640215661185,1769.5389932032995,988.6486797514416,408.8096869510114,116.93271488280523,711.2412697147188,485.40961665471394,4427.640215661185,1769.5389932032995,988.6486797514416,408.8096869510114,116.93271488280523,711.2412697147188
2026-02-23 00:00:00+00:00,409.76,1577.64,1805.29,879.16,-5.431801e-06,102.92,592.67,362.2714372881599,2122.3666583165013,1429.870932365108,967.1429089911447,80.52599056933576,111.31002649156527,577.5885592007108,485.40961665471394,4427.640215661185,1769.5389932032995,988.6486797514416,408.8096869510114,116.93271488280523,711.2412697147188,485.40961665471394,4427.640215661185,1769.5389932032995,988.6486797514416,408.8096869510114,116.93271488280523,711.2412697147188
2026-02-23 01:00:00+00:00,411.17,1579.0502,1804.74,892.18,-5.431801e-06,104.44,592.91,378.1246762073478,2412.5598208417327,1451.44926756426,960.8928246174041,20.723000927330474,110.48083414698944,599.1814208549202,485.40961665471394,4427.640215661185,1769.5389932032995,988.6486797514416,408.8096869510114,116.93271488280523,711.2412697147188,485.40961665471394,4427.640215661185,1769.5389932032995,988.6486797514416,408.8096869510114,116.93271488280523,711.2412697147188
2026-02-23 02:00:00+00:00,411.77,1577.18,1835.22,891.68,-5.431801e-06,104.39,597.46,377.2725714362766,2273.6847764325103,1586.9667085717042,972.7819011972522,37.88696927730717,111.71058692536609,644.8492201396792,485.40961665471394,4427.640215661185,1769.5389932032995,988.6486797514416,408.8096869510114,116.93271488280523,711.2412697147188,485.40961665471394,4427.640215661185,1769.5389932032995,988.6486797514416,408.8096869510114,116.93271488280523,711.2412697147188
2026-02-23 03:00:00+00:00,413.29,1617.0402,1883.72,892.08,-5.431801e-06,104.43,613.64,366.0794125575139,2618.6098586159733,1672.224107212499,975.0457905909076,26.548232019944408,112.97562498506306,668.7891260175313,485.40961665471394,4427.640215661185,1769.5389932032995,988.6486797514416,408.8096869510114,116.93271488280523,711.2412697147188,485.40961665471394,4427.640215661185,1769.5389932032995,988.6486797514416,408.8096869510114,116.93271488280523,711.2412697147188
2026-02-23 04:00:00+00:00,412.59,1934.1,2088.25,889.14,-5.431801e-06,104.09,601.88,394.1057101587053,2271.8379359100895,1948.024232220669,948.3862483343423,53.477833744135296,114.2763844278067,695.9403547482999,485.40961665471394,4427.640215661185,1769.5389932032995,988.6486797514416,408.8096869510114,116.93271488280523,711.2412697147188,485.40961665471394,4427.640215661185,1769.5389932032995,988.6486797514416,408.8096869510114,116.93271488280523,711.2412697147188
2026-02-23 05:00:00+00:00,414.85,2258.86,2774.6,853.42,500.06,99.96,637.69,485.6727334601783,3468.9297809123073,2444.4836686310246,913.099262892972,205.33142090894492,112.82805004975776,676.4453409275677,485.40961665471394,4427.640215661185,1769.5389932032995,988.6486797514416,408.8096869510114,116.93271488280523,711.2412697147188,485.40961665471394,4427.640215661185,1769.5389932032995,988.6486797514416,408.8096869510114,116.93271488280523,711.2412697147188
2026-02-23 06:00:00+00:00,413.18,3039.02,3200.2603,886.67,1287.18,106.8,693.67,476.5452789743606,3168.6374662029993,1933.4041944799164,1009.295147131238,1040.1933299083548,120.53811822643884,755.9437326953686,485.40961665471394,4427.640215661185,1769.5389932032995,988.6486797514416,408.8096869510114,116.93271488280523,711.2412697147188,485.40961665471394,4427.640215661185,1769.5389932032995,988.6486797514416,408.8096869510114,116.93271488280523,711.2412697147188
2026-02-23 07:00:00+00:00,414.25,3164.77,3232.88,905.63,1245.57,109.02,708.61,461.29499425571737,2873.476600526419,1991.7068438992865,1029.5139126479366,868.8519063994061,122.67409999395369,756.3752417831716,485.40961665471394,4427.640215661185,1769.5389932032995,988.6486797514416,408.8096869510114,116.93271488280523,711.2412697147188,485.40961665471394,4427.640215661185,1769.5389932032995,988.6486797514416,408.8096869510114,116.93271488280523,711.2412697147188
2026-02-23 08:00:00+00:00,413.79,3076.11,3003.6401,899.85,1077.77,105.36,707.07,363.90319256906656,2272.401564154534,1684.3634848548704,1003.1797924904024,666.12188172075,118.63127736830879,645.2989370997589,485.40961665471394,4427.640215661185,1769.5389932032995,988.6486797514416,408.8096869510114,116.93271488280523,711.2412697147188,485.40961665471394,4427.640215661185,1769.5389932032995,988.6486797514416,408.8096869510114,116.93271488280523,711.2412697147188
2026-02-23 09:00:00+00:00,410.82,2499.1797,2669.39,886.65,304.09,103.8,671.69,336.2678116541107,1832.3327447591228,1564.1695934139623,1014.5759135159942,305.68884804486777,126.06496186466984,705.6413032955388,485.40961665471394,4427.640215661185,1769.5389932032995,988.6486797514416,408.8096869510114,116.93271488280523,711.2412697147188,485.40961665471394,4427.640215661185,1769.5389932032995,988.6486797514416,408.8096869510114,116.93271488280523,711.2412697147188
2026-02-23 10:00:00+00:00,409.47,2389.07,2149.52,879.11,31.189997,102.91,573.79,311.7483897908289,1353.4297599102451,1499.2864225086987,1066.4669851248248,36.01088821556323,127.69284979510059,693.4905916448769,485.40961665471394,4427.640215661185,1769.5389932032995,988.6486797514416,408.8096869510114,116.93271488280523,711.2412697147188,485.40961665471394,4427.640215661185,1769.5389932032995,988.6486797514416,408.8096869510114,116.93271488280523,711.2412697147188
2026-02-23 11:00:00+00:00,410.25,2377.95,1931.29,830.89,-5.431801e-06,97.27,559.22,294.4675096464176,1436.2687327141175,1381.4444167627194,1039.8850046925475,38.83728429741984,124.58221279424366,700.7432069970791,485.40961665471394,4427.640215661185,1769.5389932032995,988.6486797514416,408.8096869510114,116.93271488280523,711.2412697147188,485.40961665471394,4427.640215661185,1769.5389932032995,988.6486797514416,408.8096869510114,116.93271488280523,711.2412697147188
2026-02-23 12:00:00+00:00,408.4,2386.4,1927.55,825.34,-5.431801e-06,96.62,563.76,296.5990443654823,1426.3435428738867,1356.154141289243,1057.363891117578,81.88861987123329,121.31038913673262,757.0176713591931,485.40961665471394,4427.640215661185,1769.5389932032995,988.6486797514416,408.8096869510114,116.93271488280523,711.2412697147188,485.40961665471394,4427.640215661185,1769.5389932032995,988.6486797514416,408.8096869510114,116.93271488280523,711.2412697147188
2026-02-23 13:00:00+00:00,409.74,2409.0,2094.41,849.23,19.020014,99.41,560.4,282.0680148057852,1351.9088919277233,1282.6718731536557,1057.8149284461701,48.71212914660447,122.08102795389004,810.2353358322898,485.40961665471394,4427.640215661185,1769.5389932032995,988.6486797514416,408.8096869510114,116.93271488280523,711.2412697147188,485.40961665471394,4427.640215661185,1769.5389932032995,988.6486797514416,408.8096869510114,116.93271488280523,711.2412697147188
2026-02-23 14:00:00+00:00,410.21,2934.54,2583.34,878.02,60.550014,102.79,604.31,332.5230740582791,1626.2757436651023,1476.6984170070373,1022.8495962477606,303.10794111518646,120.77535125299895,774.3562944789817,485.40961665471394,4427.640215661185,1769.5389932032995,988.6486797514416,408.8096869510114,116.93271488280523,711.2412697147188,485.40961665471394,4427.640215661185,1769.5389932032995,988.6486797514416,408.8096869510114,116.93271488280523,711.2412697147188
2026-02-23 15:00:00+00:00,558.34,4381.71,2968.62,911.44,80.659996,106.7,646.51,369.78860464675097,2247.1419094820226,1894.8765033266245,996.5274207602429,407.7693555707905,119.81122005668948,741.240331647251,485.40961665471394,4427.640215661185,1769.5389932032995,988.6486797514416,408.8096869510114,116.93271488280523,711.2412697147188,485.40961665471394,4427.640215661185,1769.5389932032995,988.6486797514416,408.8096869510114,116.93271488280523,711.2412697147188
2026-02-23 16:00:00+00:00,705.38,4852.65,3199.2,912.73,125.99999,119.37,687.32,463.4534464597013,3158.9545713375264,2247.217493450175,1027.4779791704582,1205.2123730703802,122.55926619523932,692.7716327730252,485.40961665471394,4427.640215661185,1769.5389932032995,988.6486797514416,408.8096869510114,116.93271488280523,711.2412697147188,485.40961665471394,4427.640215661185,1769.5389932032995,988.6486797514416,408.8096869510114,116.93271488280523,711.2412697147188
2026-02-23 17:00:00+00:00,836.98,5185.75,3240.05,909.83,272.94,130.67,699.02,557.5080900356529,3814.0413831053556,2555.4822254865685,966.0199793720046,1324.3643829044136,123.66575772295538,641.2727356401017,485.40961665471394,4427.640215661185,1769.5389932032995,988.6486797514416,408.8096869510114,116.93271488280523,711.2412697147188,485.40961665471394,4427.640215661185,1769.5389932032995,988.6486797514416,408.8096869510114,116.93271488280523,711.2412697147188
2026-02-23 18:00:00+00:00,948.93,5282.68,3293.94,907.04,312.63,130.34,702.83,570.9222898975815,3725.5765761740345,2708.4065164927824,993.3115544842651,930.2675096499039,121.98742158807507,617.4552212159995,485.40961665471394,4427.640215661185,1769.5389932032995,988.6486797514416,408.8096869510114,116.93271488280523,711.2412697147188,485.40961665471394,4427.640215661185,1769.5389932032995,988.6486797514416,408.8096869510114,116.93271488280523,711.2412697147188
2026-02-23 19:00:00+00:00,952.44,5278.34,3253.53,906.56,116.670006,130.35,705.37,536.6690387440112,4020.0518535184833,2449.7223772170883,968.2767039230389,485.06996867089117,120.8871122773631,625.0254454425618,485.40961665471394,4427.640215661185,1769.5389932032995,988.6486797514416,408.8096869510114,116.93271488280523,711.2412697147188,485.40961665471394,4427.640215661185,1769.5389932032995,988.6486797514416,408.8096869510114,116.93271488280523,711.2412697147188
2026-02-23 20:00:00+00:00,959.51,5380.4,3206.98,902.66,101.08001,118.06,696.62,496.1030164957716,3818.8770161942184,3149.8458128443576,925.6799265877256,292.0192964572796,113.26497377355395,637.6439115290937,485.40961665471394,4427.640215661185,1769.5389932032995,988.6486797514416,408.8096869510114,116.93271488280523,711.2412697147188,485.40961665471394,4427.640215661185,1769.5389932032995,988.6486797514416,408.8096869510114,116.93271488280523,711.2412697147188
2026-02-23 21:00:00+00:00,962.57,5529.89,3179.45,901.96,77.409996,105.59,700.48,550.7162402055469,4170.212508312317,3226.455423430411,936.5090343045398,155.98032685227295,112.56549840382148,655.1151789529536,485.40961665471394,4427.640215661185,1769.5389932032995,988.6486797514416,408.8096869510114,116.93271488280523,711.2412697147188,485.40961665471394,4427.640215661185,1769.5389932032995,988.6486797514416,408.8096869510114,116.93271488280523,711.2412697147188
2026-02-23 22:00:00+00:00,963.51,5551.09,3122.43,898.76,43.64001,105.22,699.17,478.69607940648353,4031.249137080191,2994.818315566298,958.19855895862,42.2676539185378,111.22024832843339,660.5383485163388,485.40961665471394,4427.640215661185,1769.5389932032995,988.6486797514416,408.8096869510114,116.93271488280523,711.2412697147188,485.40961665471394,4427.640215661185,1769.5389932032995,988.6486797514416,408.8096869510114,116.93271488280523,711.2412697147188
2026-02-23 23:00:00+00:00,964.79,5574.53,3017.87,897.65,0.7199958,105.08,659.55,475.7613982238997,4495.582332691271,3066.220245929717,981.6137040663817,42.88766231360984,112.29745199989233,648.7224016079466,485.40961665471394,4427.640215661185,1769.5389932032995,988.6486797514416,408.8096869510114,116.93271488280523,711.2412697147188,485.40961665471394,4427.640215661185,1769.5389932032995,988.6486797514416,408.8096869510114,116.93271488280523,711.2412697147188
2026-02-24 00:00:00+00:00,966.97003,5790.87,2946.43,896.94,-5.431801e-06,105.0,653.57,528.6887319950263,4967.076835140111,2752.5719821250354,988.8689641151099,80.7040222631448,114.73541464191932,673.4899497296143,485.40961665471394,4427.640215661185,1769.5389932032995,988.6486797514416,408.8096869510114,116.93271488280523,711.2412697147188,485.40961665471394,4427.640215661185,1769.5389932032995,988.6486797514416,408.8096869510114,116.93271488280523,711.2412697147188
2026-02-24 01:00:00+00:00,965.61,5959.71,2976.65,891.98,-5.431801e-06,104.43,650.01,638.9834370318315,5433.544166473893,2665.3846704497714,991.2950988555391,22.88594041886148,114.75912784237391,661.7534456234658,485.40961665471394,4427.640215661185,1769.5389932032995,988.6486797514416,408.8096869510114,116.93271488280523,711.2412697147188,485.40961665471394,4427.640215661185,1769.5389932032995,988.6486797514416,408.8096869510114,116.93271488280523,711.2412697147188
2026-02-24 02:00:00+00:00,964.37,6159.46,2997.09,896.53,0.099970154,104.96,645.87,854.5718026593856,5555.635575857229,2722.1561225538517,995.9513115922061,50.821410839068506,114.432133948742,662.1123331721277,485.40961665471394,4427.640215661185,1769.5389932032995,988.6486797514416,408.8096869510114,116.93271488280523,711.2412697147188,485.40961665471394,4427.640215661185,1769.5389932032995,988.6486797514416,408.8096869510114,116.93271488280523,711.2412697147188
2026-02-24 03:00:00+00:00,962.73,6346.32,3023.97,897.75,139.31,105.11,655.45,931.2204723808325,6523.106536393561,3136.994515762589,996.3295008648487,123.5735397373652,113.84375901445699,715.0587503651881,485.40961665471394,4427.640215661185,1769.5389932032995,988.6486797514416,408.8096869510114,116.93271488280523,711.2412697147188,485.40961665471394,4427.640215661185,1769.5389932032995,988.6486797514416,408.8096869510114,116.93271488280523,711.2412697147188
2026-02-24 04:00:00+00:00,960.69,6644.98,3105.13,898.85,129.53,105.4,661.3,1032.662345600437,6650.513329656937,3445.595806708471,998.3885475006259,83.74048622005313,115.79632967596858,737.7368623994179,485.40961665471394,4427.640215661185,1769.5389932032995,988.6486797514416,408.8096869510114,116.93271488280523,711.2412697147188,485.40961665471394,4427.640215661185,1769.5389932032995,988.6486797514416,408.8096869510114,116.93271488280523,711.2412697147188
2026-02-24 05:00:00+00:00,970.54,7110.38,3271.23,914.8,626.75,131.26,670.5,1004.8431818257347,6632.936666957106,3497.973133850666,1035.9243106085173,455.36924271797807,122.16082515480979,728.2323261278581,485.40961665471394,4427.640215661185,1769.5389932032995,988.6486797514416,408.8096869510114,116.93271488280523,711.2412697147188,485.40961665471394,4427.640215661185,1769.5389932032995,988.6486797514416,408.8096869510114,116.93271488280523,711.2412697147188
2026-02-24 06:00:00+00:00,980.84,7165.28,3369.04,912.33,1486.94,130.95,685.04,1044.5552417266954,6655.892244442519,3294.564908330021,972.7462694311531,1629.706051389362,122.26672393584823,803.8347172813599,485.40961665471394,4427.640215661185,1769.5389932032995,988.6486797514416,408.8096869510114,116.93271488280523,711.2412697147188,485.40961665471394,4427.640215661185,1769.5389932032995,988.6486797514416,408.8096869510114,116.93271488280523,711.2412697147188
2026-02-24 07:00:00+00:00,981.72003,7207.11,3353.47,914.54,1461.06,131.39,680.93,967.0931264132208,6719.323737821007,3612.1812982091587,1029.9123004788307,1400.8677265952567,123.51979355700202,817.316618434192,485.40961665471394,4427.640215661185,1769.5389932032995,988.6486797514416,408.8096869510114,116.93271488280523,711.2412697147188,485.40961665471394,4427.640215661185,1769.5389932032995,988.6486797514416,408.8096869510114,116.93271488280523,711.2412697147188
2026-02-24 08:00:00+00:00,961.22,7220.27,3349.36,912.72,1279.08,131.01,684.81,924.8124837079688,6849.676241757206,3455.859551950954,1025.0045480803433,822.8656256852605,123.29613693148754,828.7344800999828,485.40961665471394,4427.640215661185,1769.5389932032995,988.6486797514416,408.8096869510114,116.93271488280523,711.2412697147188,485.40961665471394,4427.640215661185,1769.5389932032995,988.6486797514416,408.8096869510114,116.93271488280523,711.2412697147188
2026-02-24 09:00:00+00:00,948.5,7227.18,3253.08,916.81,358.63,107.57,685.9,1087.1036535613148,6862.961157065423,3198.3814720857304,1001.0785010489468,477.7472519262268,118.72155604520728,885.9114849729832,485.40961665471394,4427.640215661185,1769.5389932032995,988.6486797514416,408.8096869510114,116.93271488280523,711.2412697147188,485.40961665471394,4427.640215661185,1769.5389932032995,988.6486797514416,408.8096869510114,116.93271488280523,711.2412697147188
2026-02-24 10:00:00+00:00,974.77,7263.96,3243.45,921.58,192.92,107.9,660.82,954.3591903823167,7051.131815307497,3231.642127419418,952.6229911153453,332.8508849221423,119.03615585313305,862.3577024343015,485.40961665471394,4427.640215661185,1769.5389932032995,988.6486797514416,408.8096869510114,116.93271488280523,711.2412697147188,485.40961665471394,4427.640215661185,1769.5389932032995,988.6486797514416,408.8096869510114,116.93271488280523,711.2412697147188
2026-02-24 11:00:00+00:00,937.5,7211.36,3226.95,914.01,123.670006,107.02,657.49,1092.1316200496067,7200.982028532121,3033.9744584337664,992.4391348933435,295.9731865365043,120.35065739672773,885.9838726575085,485.40961665471394,4427.640215661185,1769.5389932032995,988.6486797514416,408.8096869510114,116.93271488280523,711.2412697147188,485.40961665471394,4427.640215661185,1769.5389932032995,988.6486797514416,408.8096869510114,116.93271488280523,711.2412697147188
2026-02-24 12:00:00+00:00,922.78,7147.24,3224.15,907.63,100.709984,106.26,654.98,1102.1142145068566,6979.781117665176,3116.9659447603767,998.9572049718474,192.00016993838804,120.68724650336114,860.6965988676145,485.40961665471394,4427.640215661185,1769.5389932032995,988.6486797514416,408.8096869510114,116.93271488280523,711.2412697147188,485.40961665471394,4427.640215661185,1769.5389932032995,988.6486797514416,408.8096869510114,116.93271488280523,711.2412697147188
2026-02-24 13:00:00+00:00,922.73004,7183.47,3244.59,900.3,148.99002,105.4,654.22,990.6925644041021,6987.079391866868,2969.8729188201937,1003.6814657012061,230.19093649880114,119.69743550245721,865.9373431133621,485.40961665471394,4427.640215661185,1769.5389932032995,988.6486797514416,408.8096869510114,116.93271488280523,711.2412697147188,485.40961665471394,4427.640215661185,1769.5389932032995,988.6486797514416,408.8096869510114,116.93271488280523,711.2412697147188
2026-02-24 14:00:00+00:00,983.14,7269.71,3256.72,1129.77,301.05,132.27,683.64,1005.7205127939503,6984.860359258864,3015.5200494834353,1019.0427637802629,393.34860644213506,121.5940085022432,891.2643547282853,485.40961665471394,4427.640215661185,1769.5389932032995,988.6486797514416,408.8096869510114,116.93271488280523,711.2412697147188,485.40961665471394,4427.640215661185,1769.5389932032995,988.6486797514416,408.8096869510114,116.93271488280523,711.2412697147188
2026-02-24 15:00:00+00:00,1017.17,7284.64,3460.65,1065.15,1062.17,136.68,689.4,1056.3935901778918,6828.576872351221,3136.5226364048,1015.0079085001116,745.4669893959491,124.91500367915998,872.4438231317747,485.40961665471394,4427.640215661185,1769.5389932032995,988.6486797514416,408.8096869510114,116.93271488280523,711.2412697147188,485.40961665471394,4427.640215661185,1769.5389932032995,988.6486797514416,408.8096869510114,116.93271488280523,711.2412697147188
2026-02-24 16:00:00+00:00,1022.89,7287.65,3616.2,1037.63,1545.26,145.64,724.29,992.3571308285436,6758.30388894937,3189.541460036493,1026.6498223530925,1321.1713415788154,124.1339608940701,887.0601789006103,485.40961665471394,4427.640215661185,1769.5389932032995,988.6486797514416,408.8096869510114,116.93271488280523,711.2412697147188,485.40961665471394,4427.640215661185,1769.5389932032995,988.6486797514416,408.8096869510114,116.93271488280523,711.2412697147188
2026-02-24 17:00:00+00:00,1019.33,7291.36,3692.4402,1032.24,1580.08,144.93,834.34,1014.2663498545417,6842.517165649326,3605.9216570372664,980.6016928574033,1399.8436245641774,120.40478234581974,820.9586119464375,485.40961665471394,4427.640215661185,1769.5389932032995,988.6486797514416,408.8096869510114,116.93271488280523,711.2412697147188,485.40961665471394,4427.640215661185,1769.5389932032995,988.6486797514416,408.8096869510114,116.93271488280523,711.2412697147188
2026-02-24 18:00:00+00:00,1017.91,7284.52,3677.23,1027.71,1548.89,144.48,875.93,1036.2640480483024,6529.6626404095505,3435.2991179722912,963.3367897153029,1024.635649619876,115.44491309977433,656.9199689823031,485.40961665471394,4427.640215661185,1769.5389932032995,988.6486797514416,408.8096869510114,116.93271488280523,711.2412697147188,485.40961665471394,4427.640215661185,1769.5389932032995,988.6486797514416,408.8096869510114,116.93271488280523,711.2412697147188
2026-02-24 19:00:00+00:00,1018.65,7277.89,3661.45,1034.02,909.42,133.53,803.91,1048.7010515484685,6581.461596730124,3461.515871423272,964.2288202483186,460.2556469105417,113.13167439935722,662.6948699540214,485.40961665471394,4427.640215661185,1769.5389932032995,988.6486797514416,408.8096869510114,116.93271488280523,711.2412697147188,485.40961665471394,4427.640215661185,1769.5389932032995,988.6486797514416,408.8096869510114,116.93271488280523,711.2412697147188
2026-02-24 20:00:00+00:00,1021.86,7147.48,3518.73,1035.55,429.15,121.23,715.69,1021.5376332443172,6676.475095290292,3307.220682598609,985.6115733146513,198.30192137228994,114.31002793005415,666.2012517906862,485.40961665471394,4427.640215661185,1769.5389932032995,988.6486797514416,408.8096869510114,116.93271488280523,711.2412697147188,485.40961665471394,4427.640215661185,1769.5389932032995,988.6486797514416,408.8096869510114,116.93271488280523,711.2412697147188
2026-02-24 21:00:00+00:00,989.4501,7037.33,3228.35,1018.64,323.73,119.26,696.0,1013.188356266232,6459.087607742912,3115.7087926796285,1013.0636557694917,-1.241371217857136,116.02667135379896,635.580357537167,485.40961665471394,4427.640215661185,1769.5389932032995,988.6486797514416,408.8096869510114,116.93271488280523,711.2412697147188,485.40961665471394,4427.640215661185,1769.5389932032995,988.6486797514416,408.8096869510114,116.93271488280523,711.2412697147188
2026-02-24 22:00:00+00:00,954.63,6978.62,3046.86,1017.07,0.3399909,119.07,685.91,1030.0976401660591,6324.276807635827,3140.3310632411517,965.0877219614005,35.22567118249572,115.23008388693728,641.6880611230789,485.40961665471394,4427.640215661185,1769.5389932032995,988.6486797514416,408.8096869510114,116.93271488280523,711.2412697147188,485.40961665471394,4427.640215661185,1769.5389932032995,988.6486797514416,408.8096869510114,116.93271488280523,711.2412697147188
2026-02-24 23:00:00+00:00,930.88007,6996.2,3000.86,1019.43,0.48000556,119.35,675.24,969.0307499405283,6745.44322125995,3454.7228701972563,980.3231449403662,1.4875979359236453,114.30605279151726,650.3309427441319,485.40961665471394,4427.640215661185,1769.5389932032995,988.6486797514416,408.8096869510114,116.93271488280523,711.2412697147188,485.40961665471394,4427.640215661185,1769.5389932032995,988.6486797514416,408.8096869510114,116.93271488280523,711.2412697147188
2026-02-25 00:00:00+00:00,921.72003,6857.35,2927.97,1010.81,0.21999578,118.34,675.8,893.7198212547357,6710.036012002112,3356.091451518585,1007.6815181389587,0.1288203600054203,117.61378990952042,689.8756417894659,485.40961665471394,4427.640215661185,1769.5389932032995,988.6486797514416,408.8096869510114,116.93271488280523,711.2412697147188,485.40961665471394,4427.640215661185,1769.5389932032995,988.6486797514416,408.8096869510114,116.93271488280523,711.2412697147188
2026-02-25 01:00:00+00:00,924.73,6871.4,2919.93,1019.13,0.23000555,119.31,673.47,984.2487668836455,6596.993724630029,3467.9950593297567,1006.2276564481568,9.592915207123326,116.3444512638522,812.4942430555084,485.40961665471394,4427.640215661185,1769.5389932032995,988.6486797514416,408.8096869510114,116.93271488280523,711.2412697147188,485.40961665471394,4427.640215661185,1769.5389932032995,988.6486797514416,408.8096869510114,116.93271488280523,711.2412697147188
2026-02-25 02:00:00+00:00,922.3401,6882.08,3040.2,1016.91,0.17995672,119.06,671.71,896.2028312653084,6302.462978721927,3512.879099630832,1011.7400074125542,-22.719579529031023,118.49800875155209,801.1997808169458,485.40961665471394,4427.640215661185,1769.5389932032995,988.6486797514416,408.8096869510114,116.93271488280523,711.2412697147188,485.40961665471394,4427.640215661185,1769.5389932032995,988.6486797514416,408.8096869510114,116.93271488280523,711.2412697147188
2026-02-25 03:00:00+00:00,936.81,6906.02,3106.13,1018.31,0.14000921,119.22,679.87,897.7775358401636,6050.727224942611,3679.4262156975547,1001.9900150770142,15.438683734751294,116.52567154017119,793.8298957631221,485.40961665471394,4427.640215661185,1769.5389932032995,988.6486797514416,408.8096869510114,116.93271488280523,711.2412697147188,485.40961665471394,4427.640215661185,1769.5389932032995,988.6486797514416,408.8096869510114,116.93271488280523,711.2412697147188
2026-02-25 04:00:00+00:00,994.69,7068.5,3258.92,1018.08,155.62,131.35,685.96,911.9145072304867,6252.775199924211,3786.8957737906157,985.3051130983132,23.259931895778493,111.51291501968758,783.7095140425397,485.40961665471394,4427.640215661185,1769.5389932032995,988.6486797514416,408.8096869510114,116.93271488280523,711.2412697147188,485.40961665471394,4427.640215661185,1769.5389932032995,988.6486797514416,408.8096869510114,116.93271488280523,711.2412697147188
2026-02-25 05:00:00+00:00,1008.3,7052.32,3441.22,1019.94,735.34,143.57,743.68,975.5607194143442,6578.826914756719,3928.881017315441,997.6611000337002,417.7512008651095,114.41974445444724,879.288501217857,485.40961665471394,4427.640215661185,1769.5389932032995,988.6486797514416,408.8096869510114,116.93271488280523,711.2412697147188,485.40961665471394,4427.640215661185,1769.5389932032995,988.6486797514416,408.8096869510114,116.93271488280523,711.2412697147188
2026-02-25 06:00:00+00:00,1005.72,7030.64,3496.91,1019.95,1259.26,143.57,799.77,1009.9903502441052,6537.288586288301,3755.120903268226,975.7526631878627,1416.9250903290217,115.49034378357071,908.436855932249,485.40961665471394,4427.640215661185,1769.5389932032995,988.6486797514416,408.8096869510114,116.93271488280523,711.2412697147188,485.40961665471394,4427.640215661185,1769.5389932032995,988.6486797514416,408.8096869510114,116.93271488280523,711.2412697147188
2026-02-25 07:00:00+00:00,1005.66,7028.43,3524.22,1018.44,458.95,143.31,703.99,982.7687906345043,6711.248761750006,3773.5910870215193,992.390534393545,1013.9433756127877,119.10504237736737,861.6025031086529,485.40961665471394,4427.640215661185,1769.5389932032995,988.6486797514416,408.8096869510114,116.93271488280523,711.2412697147188,485.40961665471394,4427.640215661185,1769.5389932032995,988.6486797514416,408.8096869510114,116.93271488280523,711.2412697147188
2026-02-25 08:00:00+00:00,895.58,6923.3,3324.5,1012.72,79.32,138.17,691.22,894.3803740229755,6707.684488237747,3265.5249861918433,1008.1991603643456,358.38442833201816,120.2572130059043,830.1259067790896,485.40961665471394,4427.640215661185,1769.5389932032995,988.6486797514416,408.8096869510114,116.93271488280523,711.2412697147188,485.40961665471394,4427.640215661185,1769.5389932032995,988.6486797514416,408.8096869510114,116.93271488280523,711.2412697147188
2026-02-25 09:00:00+00:00,542.95,6897.37,3156.28,1042.5,114.85,122.04,692.65,902.4363355238349,6642.5520697995835,2725.2903961867455,1038.601610821366,89.39179954279484,118.80555632771146,820.7445092179494,485.40961665471394,4427.640215661185,1769.5389932032995,988.6486797514416,408.8096869510114,116.93271488280523,711.2412697147188,485.40961665471394,4427.640215661185,1769.5389932032995,988.6486797514416,408.8096869510114,116.93271488280523,711.2412697147188
2026-02-25 10:00:00+00:00,408.12,6689.56,3044.97,1039.91,3.170008,121.74,686.86,770.3617235668453,6242.40747677883,2165.721068022037,1016.0378743392724,24.081593545540102,115.49430848131752,769.2977789763505,485.40961665471394,4427.640215661185,1769.5389932032995,988.6486797514416,408.8096869510114,116.93271488280523,711.2412697147188,485.40961665471394,4427.640215661185,1769.5389932032995,988.6486797514416,408.8096869510114,116.93271488280523,711.2412697147188
2026-02-25 11:00:00+00:00,397.51,5601.51,2708.0,1029.83,0.07998114,120.56,679.24,696.5476530885899,5011.264773780496,1881.5276247495144,973.4811076977937,4.15970249475879,111.15083779953953,733.4605887869534,485.40961665471394,4427.640215661185,1769.5389932032995,988.6486797514416,408.8096869510114,116.93271488280523,711.2412697147188,485.40961665471394,4427.640215661185,1769.5389932032995,988.6486797514416,408.8096869510114,116.93271488280523,711.2412697147188
2026-02-25 12:00:00+00:00,366.35,5385.5,2592.59,1016.51,-5.431801e-06,119.0,665.67,613.5045145896278,4657.997532379303,1458.8669990504254,959.6004455221632,12.846187380002277,110.05874016999542,730.5278648532773,485.40961665471394,4427.640215661185,1769.5389932032995,988.6486797514416,408.8096869510114,116.93271488280523,711.2412697147188,485.40961665471394,4427.640215661185,1769.5389932032995,988.6486797514416,408.8096869510114,116.93271488280523,711.2412697147188
2026-02-25 13:00:00+00:00,362.47,6059.9,2566.91,1020.09,-5.431801e-06,119.42,649.69,604.2089188783663,4795.689575241347,1480.0938771862154,925.5617220496133,7.465615875742344,111.05891337903606,752.4385949487098,485.40961665471394,4427.640215661185,1769.5389932032995,988.6486797514416,408.8096869510114,116.93271488280523,711.2412697147188,485.40961665471394,4427.640215661185,1769.5389932032995,988.6486797514416,408.8096869510114,116.93271488280523,711.2412697147188
2026-02-25 14:00:00+00:00,493.61,6608.66,2685.33,1023.67,115.85,119.85,660.1,667.8915121140681,5822.669963163179,2012.489508252804,951.7100750890271,47.114460548866646,111.80787351912643,762.6703315591229,485.40961665471394,4427.640215661185,1769.5389932032995,988.6486797514416,408.8096869510114,116.93271488280523,711.2412697147188,485.40961665471394,4427.640215661185,1769.5389932032995,988.6486797514416,408.8096869510114,116.93271488280523,711.2412697147188
2026-02-25 15:00:00+00:00,762.93,6958.98,3065.3,1043.84,546.1,134.43,670.17,869.3800765649615,6430.528708361668,2380.330488388351,973.1942523386697,531.966515188736,116.66573819289434,807.2018204812116,485.40961665471394,4427.640215661185,1769.5389932032995,988.6486797514416,408.8096869510114,116.93271488280523,711.2412697147188,485.40961665471394,4427.640215661185,1769.5389932032995,988.6486797514416,408.8096869510114,116.93271488280523,711.2412697147188
2026-02-25 16:00:00+00:00,989.75,6996.1,3453.07,1045.28,1164.21,146.45,709.05,1005.980452040533,6640.325555312907,2773.220393065493,1027.6214486499907,1611.4504152457746,129.94935714133078,844.0166225114795,485.40961665471394,4427.640215661185,1769.5389932032995,988.6486797514416,408.8096869510114,116.93271488280523,711.2412697147188,485.40961665471394,4427.640215661185,1769.5389932032995,988.6486797514416,408.8096869510114,116.93271488280523,711.2412697147188
2026-02-25 17:00:00+00:00,1021.3,6948.36,3496.18,1050.02,1114.74,147.09,702.92,835.087634133441,6566.17021154193,2893.142381378283,1005.8708429122701,1566.4656667030429,124.83851006871626,826.8505832458227,485.40961665471394,4427.640215661185,1769.5389932032995,988.6486797514416,408.8096869510114,116.93271488280523,711.2412697147188,485.40961665471394,4427.640215661185,1769.5389932032995,988.6486797514416,408.8096869510114,116.93271488280523,711.2412697147188
2026-02-25 18:00:00+00:00,1019.53,6973.28,3350.7302,1045.45,578.84,146.63,706.06,797.6177110183148,5947.1728042059785,2920.9720511139767,1034.2472486468266,935.0992943922937,126.41047565589571,815.5138803509454,485.40961665471394,4427.640215661185,1769.5389932032995,988.6486797514416,408.8096869510114,116.93271488280523,711.2412697147188,485.40961665471394,4427.640215661185,1769.5389932032995,988.6486797514416,408.8096869510114,116.93271488280523,711.2412697147188
2026-02-25 19:00:00+00:00,1019.84,6930.54,3064.67,1033.99,129.95001,133.52,683.07,752.7099834994553,5413.913031428589,2777.112458554292,1072.4262715173827,500.27816148659986,127.52866826024956,594.6103509334455,485.40961665471394,4427.640215661185,1769.5389932032995,988.6486797514416,408.8096869510114,116.93271488280523,711.2412697147188,485.40961665471394,4427.640215661185,1769.5389932032995,988.6486797514416,408.8096869510114,116.93271488280523,711.2412697147188
2026-02-25 20:00:00+00:00,978.29004,6688.08,2822.3,1028.54,118.23998,120.41,667.22,684.95796355152,4981.005491173099,2697.0660121021856,1057.3943580002692,336.08847879766756,124.38495409941147,618.0417560230275,485.40961665471394,4427.640215661185,1769.5389932032995,988.6486797514416,408.8096869510114,116.93271488280523,711.2412697147188,485.40961665471394,4427.640215661185,1769.5389932032995,988.6486797514416,408.8096869510114,116.93271488280523,711.2412697147188
2026-02-25 21:00:00+00:00,737.32,6590.87,2726.8,1038.95,87.33001,121.63,644.07,618.8127740471424,4421.6306218564205,2640.0646486352202,1030.8992798902416,302.8064565455304,118.77765372336421,595.339995254962,485.40961665471394,4427.640215661185,1769.5389932032995,988.6486797514416,408.8096869510114,116.93271488280523,711.2412697147188,485.40961665471394,4427.640215661185,1769.5389932032995,988.6486797514416,408.8096869510114,116.93271488280523,711.2412697147188
2026-02-25 22:00:00+00:00,433.43,6490.48,2468.36,1022.49,0.5200141,119.7,627.39,569.9551644635105,4412.245727313271,2555.330304578707,1031.0540846972422,92.9342251913543,117.16024160502862,589.8592366996539,485.40961665471394,4427.640215661185,1769.5389932032995,988.6486797514416,408.8096869510114,116.93271488280523,711.2412697147188,485.40961665471394,4427.640215661185,1769.5389932032995,988.6486797514416,408.8096869510114,116.93271488280523,711.2412697147188
2026-02-25 23:00:00+00:00,386.33,6507.21,2377.77,1007.82,0.39998847,117.98,641.93,474.0290526018145,3983.8821152110595,2477.8032218970084,1038.4834184128035,180.4931368524478,117.26484007098371,584.5921637266039,485.40961665471394,4427.640215661185,1769.5389932032995,988.6486797514416,408.8096869510114,116.93271488280523,711.2412697147188,485.40961665471394,4427.640215661185,1769.5389932032995,988.6486797514416,408.8096869510114,116.93271488280523,711.2412697147188
2026-02-26 00:00:00+00:00,370.63,6327.11,2317.86,997.77,-5.431801e-06,116.8,666.55,478.0650253252644,3914.726307035765,2429.3872383420166,1013.4022872138497,114.51209468277455,117.58860582271635,572.5146217662063,485.40961665471394,4427.640215661185,1769.5389932032995,988.6486797514416,408.8096869510114,116.93271488280523,711.2412697147188,485.40961665471394,4427.640215661185,1769.5389932032995,988.6486797514416,408.8096869510114,116.93271488280523,711.2412697147188
2026-02-26 01:00:00+00:00,370.72,6114.74,2351.55,1012.16,-5.431801e-06,118.49,668.37,521.7903154074077,4022.972391318874,2075.4061673790493,1022.5121423905259,106.60410487110278,116.01077205236882,580.0169332901293,485.40961665471394,4427.640215661185,1769.5389932032995,988.6486797514416,408.8096869510114,116.93271488280523,711.2412697147188,485.40961665471394,4427.640215661185,1769.5389932032995,988.6486797514416,408.8096869510114,116.93271488280523,711.2412697147188
2026-02-26 02:00:00+00:00,362.09,5778.82,2378.78,1033.72,0.42998725,121.02,666.99,529.4438038113337,3927.445575042087,2222.6035432455865,1025.7578122537116,91.58941372831669,117.88064410932797,588.208850002361,485.40961665471394,4427.640215661185,1769.5389932032995,988.6486797514416,408.8096869510114,116.93271488280523,711.2412697147188,485.40961665471394,4427.640215661185,1769.5389932032995,988.6486797514416,408.8096869510114,116.93271488280523,711.2412697147188
2026-02-26 03:00:00+00:00,374.11,5737.07,2483.64,1024.62,49.330013,119.95,684.45,575.264770184868,3962.7458279432003,2679.1299718340683,1002.0104915520225,96.95470004662855,116.34256163612567,578.5190618278082,485.40961665471394,4427.640215661185,1769.5389932032995,988.6486797514416,408.8096869510114,116.93271488280523,711.2412697147188,485.40961665471394,4427.640215661185,1769.5389932032995,988.6486797514416,408.8096869510114,116.93271488280523,711.2412697147188
2026-02-26 04:00:00+00:00,384.82,6162.69,2639.65,1027.79,86.39999,132.56,675.36,613.7559168081596,4842.9436111258565,2582.536026265904,995.902793782331,50.89525856352759,117.7710876060051,544.9222147728776,485.40961665471394,4427.640215661185,1769.5389932032995,988.6486797514416,408.8096869510114,116.93271488280523,711.2412697147188,485.40961665471394,4427.640215661185,1769.5389932032995,988.6486797514416,408.8096869510114,116.93271488280523,711.2412697147188
2026-02-26 05:00:00+00:00,384.13,6545.88,3009.43,1030.9,647.93,144.85,662.12,648.9171619313845,5199.4258763618045,2728.559784521882,983.9758169748657,358.3572706457055,115.66205414292205,562.2620476480065,485.40961665471394,4427.640215661185,1769.5389932032995,988.6486797514416,408.8096869510114,116.93271488280523,711.2412697147188,485.40961665471394,4427.640215661185,1769.5389932032995,988.6486797514416,408.8096869510114,116.93271488280523,711.2412697147188
2026-02-26 06:00:00+00:00,380.25,6577.95,2819.64,1036.03,1267.01,145.45,611.67,614.6527926751752,4972.235310795196,2577.558165433433,1006.7166822975461,1046.3640456560152,118.98243862711726,732.8475579281846,485.40961665471394,4427.640215661185,1769.5389932032995,988.6486797514416,408.8096869510114,116.93271488280523,711.2412697147188,485.40961665471394,4427.640215661185,1769.5389932032995,988.6486797514416,408.8096869510114,116.93271488280523,711.2412697147188
2026-02-26 07:00:00+00:00,383.55,5920.63,2454.08,1041.58,605.88,146.1,594.92,706.8339417069878,4558.5781291896055,2604.8353566491905,1002.9573446250954,840.0029805597595,120.89346040201467,721.5242193851773,485.40961665471394,4427.640215661185,1769.5389932032995,988.6486797514416,408.8096869510114,116.93271488280523,711.2412697147188,485.40961665471394,4427.640215661185,1769.5389932032995,988.6486797514416,408.8096869510114,116.93271488280523,711.2412697147188
2026-02-26 08:00:00+00:00,369.06,4251.7,2396.17,1036.76,19.990015,133.69,586.62,625.3363512921932,3767.326263713912,2396.129790238225,996.5025314273948,334.37661237923083,117.25204882928328,749.7117650311523,485.40961665471394,4427.640215661185,1769.5389932032995,988.6486797514416,408.8096869510114,116.93271488280523,711.2412697147188,485.40961665471394,4427.640215661185,1769.5389932032995,988.6486797514416,408.8096869510114,116.93271488280523,711.2412697147188
2026-02-26 09:00:00+00:00,379.36,3469.92,1766.88,1029.23,0.010004334,120.49,571.85,499.7650866371729,3709.352098820778,2032.5255760270757,1007.5953253909632,87.65676779015797,116.37321144263935,721.4448074265475,485.40961665471394,4427.640215661185,1769.5389932032995,988.6486797514416,408.8096869510114,116.93271488280523,711.2412697147188,485.40961665471394,4427.640215661185,1769.5389932032995,988.6486797514416,408.8096869510114,116.93271488280523,711.2412697147188
2026-02-26 10:00:00+00:00,396.49,3056.48,1650.46,1032.76,-5.431801e-06,120.9,560.16,449.43938362660464,3709.7086656433216,1715.8873450632284,981.4354884300589,21.71523618384333,115.55037136674258,770.6149118443976,485.40961665471394,4427.640215661185,1769.5389932032995,988.6486797514416,408.8096869510114,116.93271488280523,711.2412697147188,485.40961665471394,4427.640215661185,1769.5389932032995,988.6486797514416,408.8096869510114,116.93271488280523,711.2412697147188
2026-02-26 11:00:00+00:00,396.49,2968.68,1594.59,1035.2,-5.431801e-06,121.18,558.44,404.037319513045,3256.6803337978336,1271.274062445983,958.2343835148573,12.18635686857425,112.53872636499486,763.9469219822006,485.40961665471394,4427.640215661185,1769.5389932032995,988.6486797514416,408.8096869510114,116.93271488280523,711.2412697147188,485.40961665471394,4427.640215661185,1769.5389932032995,988.6486797514416,408.8096869510114,116.93271488280523,711.2412697147188
2026-02-26 12:00:00+00:00,382.73,3005.19,1544.47,1031.88,0.029993348,120.8,558.12,270.1477537351396,3083.3299509531853,1033.1097941104463,918.3028833053049,20.217174827994825,110.10479280406238,673.3230141481798,485.40961665471394,4427.640215661185,1769.5389932032995,988.6486797514416,408.8096869510114,116.93271488280523,711.2412697147188,485.40961665471394,4427.640215661185,1769.5389932032995,988.6486797514416,408.8096869510114,116.93271488280523,711.2412697147188
2026-02-26 13:00:00+00:00,362.53,3318.81,1587.16,1031.66,0.23000555,120.77,573.85,215.73794383959188,3109.6248968120526,940.9770997300257,918.726304731163,11.086952421206945,114.50045434212362,603.7974970755538,485.40961665471394,4427.640215661185,1769.5389932032995,988.6486797514416,408.8096869510114,116.93271488280523,711.2412697147188,485.40961665471394,4427.640215661185,1769.5389932032995,988.6486797514416,408.8096869510114,116.93271488280523,711.2412697147188
2026-02-26 14:00:00+00:00,357.44,4025.98,1928.34,1027.05,16.219995,120.24,612.94,280.71656657167176,3271.390078922066,1224.627738685168,976.959627153349,47.17001681645286,116.35895989621831,610.0884506922617,485.40961665471394,4427.640215661185,1769.5389932032995,988.6486797514416,408.8096869510114,116.93271488280523,711.2412697147188,485.40961665471394,4427.640215661185,1769.5389932032995,988.6486797514416,408.8096869510114,116.93271488280523,711.2412697147188
2026-02-26 15:00:00+00:00,362.56,6007.02,2621.6,1023.52,549.94,119.85,650.2,493.4415163891522,4495.141159520936,1765.1740857706577,987.8471441198997,451.3410193741398,118.58910919497019,732.4245174241624,485.40961665471394,4427.640215661185,1769.5389932032995,988.6486797514416,408.8096869510114,116.93271488280523,711.2412697147188,485.40961665471394,4427.640215661185,1769.5389932032995,988.6486797514416,408.8096869510114,116.93271488280523,711.2412697147188
2026-02-26 16:00:00+00:00,374.42,6446.62,3053.49,1029.89,1249.08,144.88,686.46,615.1571896462564,5414.9106047230325,2190.8685653634693,1041.8290592509488,1228.6964026660219,126.27490641464303,725.1614195905115,485.40961665471394,4427.640215661185,1769.5389932032995,988.6486797514416,408.8096869510114,116.93271488280523,711.2412697147188,485.40961665471394,4427.640215661185,1769.5389932032995,988.6486797514416,408.8096869510114,116.93271488280523,711.2412697147188
2026-02-26 17:00:00+00:00,379.69,6425.55,3016.97,1041.36,1262.51,145.99,690.95,567.6669818997378,5442.964446727368,2306.9104622975137,984.1906159730902,1388.1021293456404,123.93361486434473,816.4378814669604,485.40961665471394,4427.640215661185,1769.5389932032995,988.6486797514416,408.8096869510114,116.93271488280523,711.2412697147188,485.40961665471394,4427.640215661185,1769.5389932032995,988.6486797514416,408.8096869510114,116.93271488280523,711.2412697147188
2026-02-26 18:00:00+00:00,363.04,6353.09,3056.33,1037.59,1012.93,145.63,702.03,483.0169107202042,4844.603999023919,2191.222557481428,1015.177980174967,710.417762637343,126.86908913482199,664.6922255685564,485.40961665471394,4427.640215661185,1769.5389932032995,988.6486797514416,408.8096869510114,116.93271488280523,711.2412697147188,485.40961665471394,4427.640215661185,1769.5389932032995,988.6486797514416,408.8096869510114,116.93271488280523,711.2412697147188
2026-02-26 19:00:00+00:00,409.53,6248.95,2828.34,1031.05,474.44,144.95,692.12,498.928728939096,4401.786116983814,2113.3433860088635,1047.486908857239,249.45425257627983,125.93120502433747,500.52149743240466,485.40961665471394,4427.640215661185,1769.5389932032995,988.6486797514416,408.8096869510114,116.93271488280523,711.2412697147188,485.40961665471394,4427.640215661185,1769.5389932032995,988.6486797514416,408.8096869510114,116.93271488280523,711.2412697147188
2026-02-26 20:00:00+00:00,406.15,5691.86,2403.3,1021.69,101.58999,121.46,668.53,385.0189657710574,3578.1070940161635,2092.6437573433864,1031.644888901028,281.28481125588706,123.34649314812455,521.9966259913166,485.40961665471394,4427.640215661185,1769.5389932032995,988.6486797514416,408.8096869510114,116.93271488280523,711.2412697147188,485.40961665471394,4427.640215661185,1769.5389932032995,988.6486797514416,408.8096869510114,116.93271488280523,711.2412697147188
2026-02-26 21:00:00+00:00,402.82,5402.68,2219.06,1020.3,81.71999,119.45,646.82,353.89276418037707,3514.731258087201,1766.2585759907129,1035.5366231349653,201.84305021791718,122.21949269746918,585.6310997878608,485.40961665471394,4427.640215661185,1769.5389932032995,988.6486797514416,408.8096869510114,116.93271488280523,711.2412697147188,485.40961665471394,4427.640215661185,1769.5389932032995,988.6486797514416,408.8096869510114,116.93271488280523,711.2412697147188
2026-02-26 22:00:00+00:00,394.15,4252.46,1960.88,1014.97,84.409996,118.82,639.52,374.05023965608905,3152.2676173585114,1692.8485034596233,1037.7523230191434,61.46736816852541,121.11690309930466,546.1859812361862,485.40961665471394,4427.640215661185,1769.5389932032995,988.6486797514416,408.8096869510114,116.93271488280523,711.2412697147188,485.40961665471394,4427.640215661185,1769.5389932032995,988.6486797514416,408.8096869510114,116.93271488280523,711.2412697147188
2026-02-26 23:00:00+00:00,394.17,3327.8,1919.69,1013.38,16.319971,118.64,799.65,434.8230922727212,3315.7692794097666,1509.32976606168,1033.902513493863,84.70702155881128,121.51820466701844,538.0233837942868,485.40961665471394,4427.640215661185,1769.5389932032995,988.6486797514416,408.8096869510114,116.93271488280523,711.2412697147188,485.40961665471394,4427.640215661185,1769.5389932032995,988.6486797514416,408.8096869510114,116.93271488280523,711.2412697147188
2026-02-27 00:00:00+00:00,386.41,3311.03,1747.11,1003.17,0.2700141,117.44,764.9,392.4515422149463,2556.9294282633355,1425.2818957705388,1028.3154633253275,37.48994217317977,121.79878048105279,558.1975260311306,485.40961665471394,4427.640215661185,1769.5389932032995,988.6486797514416,408.8096869510114,116.93271488280523,711.2412697147188,485.40961665471394,4427.640215661185,1769.5389932032995,988.6486797514416,408.8096869510114,116.93271488280523,711.2412697147188
2026-02-27 01:00:00+00:00,375.34,3305.44,1810.83,1003.71,0.21999578,117.51,770.88,395.0904429212106,2514.949342505771,1459.9761168516725,1028.0797371271776,59.743912429209104,118.5536800426616,595.8773901459773,485.40961665471394,4427.640215661185,1769.5389932032995,988.6486797514416,408.8096869510114,116.93271488280523,711.2412697147188,485.40961665471394,4427.640215661185,1769.5389932032995,988.6486797514416,408.8096869510114,116.93271488280523,711.2412697147188
2026-02-27 02:00:00+00:00,374.39,3287.41,1857.87,1007.09,0.17995672,117.89,780.79,363.47682088643967,2286.1617041074583,1719.833945034391,1033.7919337417793,63.140896497475694,118.95610841492089,600.1774143101765,485.40961665471394,4427.640215661185,1769.5389932032995,988.6486797514416,408.8096869510114,116.93271488280523,711.2412697147188,485.40961665471394,4427.640215661185,1769.5389932032995,988.6486797514416,408.8096869510114,116.93271488280523,711.2412697147188
2026-02-27 03:00:00+00:00,375.37,3374.12,1984.58,1007.56,2.309992,117.95,819.94,461.24902161950826,2540.729203208862,1897.9636198354312,1040.110948357889,43.07327582522771,117.69561158073822,592.327886561503,485.40961665471394,4427.640215661185,1769.5389932032995,988.6486797514416,408.8096869510114,116.93271488280523,711.2412697147188,485.40961665471394,4427.640215661185,1769.5389932032995,988.6486797514416,408.8096869510114,116.93271488280523,711.2412697147188
2026-02-27 04:00:00+00:00,377.89,4102.04,2285.84,1006.33,17.719995,117.81,830.88,493.64062550119513,3618.1535346786327,2515.0476509815962,996.8235528253889,105.26862350994236,118.43128527606369,553.021907108715,485.40961665471394,4427.640215661185,1769.5389932032995,988.6486797514416,408.8096869510114,116.93271488280523,711.2412697147188,485.40961665471394,4427.640215661185,1769.5389932032995,988.6486797514416,408.8096869510114,116.93271488280523,711.2412697147188
2026-02-27 05:00:00+00:00,383.53,5669.71,2529.76,1021.02,563.34,137.5,828.51,589.1962353815269,4272.897809971909,2763.2254415978646,975.7217346399229,265.56742527494623,111.45889068844431,598.0540492389755,485.40961665471394,4427.640215661185,1769.5389932032995,988.6486797514416,408.8096869510114,116.93271488280523,711.2412697147188,485.40961665471394,4427.640215661185,1769.5389932032995,988.6486797514416,408.8096869510114,116.93271488280523,711.2412697147188
2026-02-27 06:00:00+00:00,391.3,5949.25,2654.78,1028.08,943.8,144.52,847.37,464.1543916675175,4296.616842351191,2386.03171316467,987.9932042735896,889.5928820543438,115.46294242084157,736.5973545984589,485.40961665471394,4427.640215661185,1769.5389932032995,988.6486797514416,408.8096869510114,116.93271488280523,711.2412697147188,485.40961665471394,4427.640215661185,1769.5389932032995,988.6486797514416,408.8096869510114,116.93271488280523,711.2412697147188
2026-02-27 07:00:00+00:00,395.06,5430.57,2502.71,1033.89,613.33,145.12,839.32,446.72278694592626,3815.4401849914816,2012.5199782969842,985.4241603636052,776.3034862958548,120.69790282521532,713.2302822429863,485.40961665471394,4427.640215661185,1769.5389932032995,988.6486797514416,408.8096869510114,116.93271488280523,711.2412697147188,485.40961665471394,4427.640215661185,1769.5389932032995,988.6486797514416,408.8096869510114,116.93271488280523,711.2412697147188
2026-02-27 08:00:00+00:00,387.66,3543.3,2144.59,1029.08,52.230007,126.92,809.75,364.69581675162306,3122.7496674103395,1525.6922928909792,984.2604813673554,66.86316304279666,120.2402083880512,710.2514895900349,485.40961665471394,4427.640215661185,1769.5389932032995,988.6486797514416,408.8096869510114,116.93271488280523,711.2412697147188,485.40961665471394,4427.640215661185,1769.5389932032995,988.6486797514416,408.8096869510114,116.93271488280523,711.2412697147188
2026-02-27 09:00:00+00:00,381.63,3040.76,1487.52,995.11,-5.431801e-06,116.5,759.04,307.43401952591535,2594.7174393035352,1156.226845248942,979.4727489779337,68.18036051700432,119.55577381619304,704.3598211330745,485.40961665471394,4427.640215661185,1769.5389932032995,988.6486797514416,408.8096869510114,116.93271488280523,711.2412697147188,485.40961665471394,4427.640215661185,1769.5389932032995,988.6486797514416,408.8096869510114,116.93271488280523,711.2412697147188
2026-02-27 10:00:00+00:00,379.31,2857.38,1390.7,988.88,-5.431801e-06,115.76,744.32,229.02979780961158,2318.18193751799,825.074074219333,949.5544298333604,58.308037062232756,110.8013118786719,693.864805992924,485.40961665471394,4427.640215661185,1769.5389932032995,988.6486797514416,408.8096869510114,116.93271488280523,711.2412697147188,485.40961665471394,4427.640215661185,1769.5389932032995,988.6486797514416,408.8096869510114,116.93271488280523,711.2412697147188
2026-02-27 11:00:00+00:00,370.69,2823.5,1328.73,970.91,-5.431801e-06,113.66,750.17,230.58226058024277,2177.70996576296,838.2344204317218,895.4349670379701,39.08498871775447,105.14849099886989,608.3050961459525,485.40961665471394,4427.640215661185,1769.5389932032995,988.6486797514416,408.8096869510114,116.93271488280523,711.2412697147188,485.40961665471394,4427.640215661185,1769.5389932032995,988.6486797514416,408.8096869510114,116.93271488280523,711.2412697147188
2026-02-27 12:00:00+00:00,364.38,2875.83,1294.48,987.37,-5.431801e-06,115.59,751.56,261.16188706551293,1988.6689706229618,700.5180716904088,949.3696941459027,25.246595695409553,109.99526974557423,591.4202910440916,485.40961665471394,4427.640215661185,1769.5389932032995,988.6486797514416,408.8096869510114,116.93271488280523,711.2412697147188,485.40961665471394,4427.640215661185,1769.5389932032995,988.6486797514416,408.8096869510114,116.93271488280523,711.2412697147188
2026-02-27 13:00:00+00:00,364.27,3076.1,1305.19,993.76,0.010004334,116.34,748.85,275.14417744338095,2036.098490303752,785.8845818012682,953.9028663404234,20.697324164027634,110.1195144915266,570.1874458620329,485.40961665471394,4427.640215661185,1769.5389932032995,988.6486797514416,408.8096869510114,116.93271488280523,711.2412697147188,485.40961665471394,4427.640215661185,1769.5389932032995,988.6486797514416,408.8096869510114,116.93271488280523,711.2412697147188
2026-02-27 14:00:00+00:00,365.56,3836.94,1594.64,1007.38,0.099970154,117.93,741.33,209.9365448722989,2324.089641049868,838.5768517325878,948.5701128288833,58.22780680819244,114.60708990959895,604.0918611092532,485.40961665471394,4427.640215661185,1769.5389932032995,988.6486797514416,408.8096869510114,116.93271488280523,711.2412697147188,485.40961665471394,4427.640215661185,1769.5389932032995,988.6486797514416,408.8096869510114,116.93271488280523,711.2412697147188
2026-02-27 15:00:00+00:00,431.85,5685.56,2179.99,1037.74,798.65,133.74,755.27,385.2364357479484,4435.568529983505,1414.7473451812298,946.5191442819705,255.88791559582478,115.69785773119358,647.2304475273091,485.40961665471394,4427.640215661185,1769.5389932032995,988.6486797514416,408.8096869510114,116.93271488280523,711.2412697147188,485.40961665471394,4427.640215661185,1769.5389932032995,988.6486797514416,408.8096869510114,116.93271488280523,711.2412697147188
2026-02-27 16:00:00+00:00,497.55,6198.47,2438.9,1016.48,1377.01,143.16,776.03,724.1420479805731,5374.408986909953,2005.5754056305684,1023.0629318366543,1482.212431199741,128.82068908244437,700.7132576758694,485.40961665471394,4427.640215661185,1769.5389932032995,988.6486797514416,408.8096869510114,116.93271488280523,711.2412697147188,485.40961665471394,4427.640215661185,1769.5389932032995,988.6486797514416,408.8096869510114,116.93271488280523,711.2412697147188
2026-02-27 17:00:00+00:00,506.69,6130.89,2607.63,1011.28,1341.99,142.55,781.76,716.5885094966561,5878.073055276579,2182.21616706722,1023.3289592816836,1443.9284886455293,126.75252622168662,763.6072704372802,485.40961665471394,4427.640215661185,1769.5389932032995,988.6486797514416,408.8096869510114,116.93271488280523,711.2412697147188,485.40961665471394,4427.640215661185,1769.5389932032995,988.6486797514416,408.8096869510114,116.93271488280523,711.2412697147188
2026-02-27 18:00:00+00:00,508.95,6175.87,2657.7,1021.08,1318.0898,143.7,782.23,773.8468000605965,5412.996622359774,1960.1614022437373,1027.351973617035,863.421707774944,124.87829152673255,634.3617547660483,485.40961665471394,4427.640215661185,1769.5389932032995,988.6486797514416,408.8096869510114,116.93271488280523,711.2412697147188,485.40961665471394,4427.640215661185,1769.5389932032995,988.6486797514416,408.8096869510114,116.93271488280523,711.2412697147188
2026-02-27 19:00:00+00:00,468.17,6078.48,2642.31,1014.7,1194.75,142.95,794.3,624.7550254935865,4774.388566350452,1969.9125457985597,1024.2400318749856,575.0305356440887,121.44087706168281,604.9352089815804,485.40961665471394,4427.640215661185,1769.5389932032995,988.6486797514416,408.8096869510114,116.93271488280523,711.2412697147188,485.40961665471394,4427.640215661185,1769.5389932032995,988.6486797514416,408.8096869510114,116.93271488280523,711.2412697147188
2026-02-27 20:00:00+00:00,383.08,6113.64,2580.69,1012.14,1054.39,130.97,776.05,320.8424032229673,4199.981374130114,1447.9535994671046,1022.0746103239948,571.5779032309715,118.99830295896345,536.3373157497574,485.40961665471394,4427.640215661185,1769.5389932032995,988.6486797514416,408.8096869510114,116.93271488280523,711.2412697147188,485.40961665471394,4427.640215661185,1769.5389932032995,988.6486797514416,408.8096869510114,116.93271488280523,711.2412697147188
2026-02-27 21:00:00+00:00,379.85,6101.88,2341.34,1008.54,813.72,118.07,770.03,382.4194074831696,4032.152843817942,1434.1195085307218,1010.9134319596842,339.99896599057126,116.49816945915738,551.9140055882011,485.40961665471394,4427.640215661185,1769.5389932032995,988.6486797514416,408.8096869510114,116.93271488280523,711.2412697147188,485.40961665471394,4427.640215661185,1769.5389932032995,988.6486797514416,408.8096869510114,116.93271488280523,711.2412697147188
2026-02-27 22:00:00+00:00,374.54,6090.99,2142.08,1002.81,445.41,117.4,771.58,394.2998754937814,3781.9185895849296,1360.5137691826785,1032.2717526301994,143.9691259512279,116.42963290799675,542.9273870985187,485.40961665471394,4427.640215661185,1769.5389932032995,988.6486797514416,408.8096869510114,116.93271488280523,711.2412697147188,485.40961665471394,4427.640215661185,1769.5389932032995,988.6486797514416,408.8096869510114,116.93271488280523,711.2412697147188
2026-02-27 23:00:00+00:00,362.4,6101.13,1835.37,1000.24,448.87,117.1,771.16,415.00264623039993,3559.3848066452874,1307.8843656440918,1011.7498640893489,55.5352361034594,115.5580221196881,580.272885573113,485.40961665471394,4427.640215661185,1769.5389932032995,988.6486797514416,408.8096869510114,116.93271488280523,711.2412697147188,485.40961665471394,4427.640215661185,1769.5389932032995,988.6486797514416,408.8096869510114,116.93271488280523,711.2412697147188
