date,hard_coal_tenn_actual,gas_tenn_actual,biomass_tenn_actual,pumped_storage_tenn_actual,hydro_tenn_actual,other_conv_tenn_actual,other_renew_tenn_actual,hard_coal_tenn_fitted,gas_tenn_fitted,biomass_tenn_fitted,pumped_storage_tenn_fitted,hydro_tenn_fitted,other_conv_tenn_fitted,other_renew_tenn_fitted,hard_coal_tenn_lower,gas_tenn_lower,biomass_tenn_lower,pumped_storage_tenn_lower,hydro_tenn_lower,other_conv_tenn_lower,other_renew_tenn_lower,hard_coal_tenn_upper,gas_tenn_upper,biomass_tenn_upper,pumped_storage_tenn_upper,hydro_tenn_upper,other_conv_tenn_upper,other_renew_tenn_upper
2026-01-24 00:00:00+00:00,252.00002,3285.1,1921.26,0.22999686,544.38,225.22,28.71,460.9078887394434,1735.0659282741844,1886.4563824386603,102.97354051519204,944.4801491752918,271.94070862349395,34.7606180367979,517.1155239445823,1834.6012150046938,1931.1120467195058,189.3907482052295,931.1273446873256,272.4538835293906,32.038332068352474,517.1155239445823,1834.6012150046938,1931.1120467195058,189.3907482052295,931.1273446873256,272.4538835293906,32.038332068352474
2026-01-24 01:00:00+00:00,252.90001,3291.23,1912.85,0.22999686,542.39996,225.26,28.71,460.6642393537289,1724.1444147665898,1891.6604858824755,110.6725187431516,945.2496406152037,271.94070862349395,34.79771797587157,517.1155239445823,1834.6012150046938,1931.1120467195058,189.3907482052295,931.1273446873256,272.4538835293906,32.038332068352474,517.1155239445823,1834.6012150046938,1931.1120467195058,189.3907482052295,931.1273446873256,272.4538835293906,32.038332068352474
2026-01-24 02:00:00+00:00,254.00002,3479.24,1909.94,0.22999686,540.78,225.22,28.71,466.1519822062469,1743.25785924454,1896.4067477411043,118.37149697111113,946.0191320551156,271.94070862349395,34.823157288057466,517.1155239445823,1834.6012150046938,1931.1120467195058,189.3907482052295,931.1273446873256,272.4538835293906,32.038332068352474,517.1155239445823,1834.6012150046938,1931.1120467195058,189.3907482052295,931.1273446873256,272.4538835293906,32.038332068352474
2026-01-24 03:00:00+00:00,264.35,3498.22,1924.86,0.30000418,539.08,219.28,28.71,469.89690452615,1755.3003524479743,1901.701001466584,126.0704751990707,946.7886234950275,271.94070862349395,34.79980852008954,517.1155239445823,1834.6012150046938,1931.1120467195058,189.3907482052295,931.1273446873256,272.4538835293906,32.038332068352474,517.1155239445823,1834.6012150046938,1931.1120467195058,189.3907482052295,931.1273446873256,272.4538835293906,32.038332068352474
2026-01-24 04:00:00+00:00,292.2,3500.1,1958.82,0.30000418,529.43,217.35,28.71,472.70675875277436,1781.7120130918834,1907.3243382813441,133.76945342703021,947.5581149349393,271.94070862349395,34.670076074167916,517.1155239445823,1834.6012150046938,1931.1120467195058,189.3907482052295,931.1273446873256,272.4538835293906,32.038332068352474,517.1155239445823,1834.6012150046938,1931.1120467195058,189.3907482052295,931.1273446873256,272.4538835293906,32.038332068352474
2026-01-24 05:00:00+00:00,345.85,3509.7502,2052.08,0.30000418,527.68,217.35,28.71,474.98270432283493,1815.7884395003503,1916.4335818032273,141.46843165498979,948.3276063748513,271.94070862349395,34.500244077040854,517.1155239445823,1834.6012150046938,1931.1120467195058,189.3907482052295,931.1273446873256,272.4538835293906,32.038332068352474,517.1155239445823,1834.6012150046938,1931.1120467195058,189.3907482052295,931.1273446873256,272.4538835293906,32.038332068352474
2026-01-24 06:00:00+00:00,393.1,3538.03,2196.07,0.30000418,517.27,217.35,28.71,484.4625212789849,1870.1133944562325,1927.170796904822,149.16740988294933,949.0970978147632,271.94070862349395,34.52468151810334,517.1155239445823,1834.6012150046938,1931.1120467195058,189.3907482052295,931.1273446873256,272.4538835293906,32.038332068352474,517.1155239445823,1834.6012150046938,1931.1120467195058,189.3907482052295,931.1273446873256,272.4538835293906,32.038332068352474
2026-01-24 07:00:00+00:00,355.1,3605.01,2282.87,44.429993,565.09,217.39,28.71,493.09117620739227,1941.1439356469373,1938.2046119353465,156.86638811090887,949.8665892546751,271.94070862349395,34.60578539480189,517.1155239445823,1834.6012150046938,1931.1120467195058,189.3907482052295,931.1273446873256,272.4538835293906,32.038332068352474,517.1155239445823,1834.6012150046938,1931.1120467195058,189.3907482052295,931.1273446873256,272.4538835293906,32.038332068352474
2026-01-24 08:00:00+00:00,328.3,3610.8,2264.47,134.72,564.9,217.47,28.71,491.70777306724415,1960.2658792400748,1942.0124225222175,164.56536633886844,950.6360806945869,271.94070862349395,34.485284358623744,517.1155239445823,1834.6012150046938,1931.1120467195058,189.3907482052295,931.1273446873256,272.4538835293906,32.038332068352474,517.1155239445823,1834.6012150046938,1931.1120467195058,189.3907482052295,931.1273446873256,272.4538835293906,32.038332068352474
2026-01-24 09:00:00+00:00,323.8,3355.7,2222.49,106.93,560.21,223.48,28.71,490.82323817523456,1927.2719024506673,1937.2348408493206,172.264344566828,951.4055721344988,271.94070862349395,34.32190326237709,517.1155239445823,1834.6012150046938,1931.1120467195058,189.3907482052295,931.1273446873256,272.4538835293906,32.038332068352474,517.1155239445823,1834.6012150046938,1931.1120467195058,189.3907482052295,931.1273446873256,272.4538835293906,32.038332068352474
2026-01-24 10:00:00+00:00,315.4,3057.28,2180.91,0.7899944,530.7999,225.58,28.71,490.81439441375005,1890.938542198384,1930.1628994411317,179.96332279478753,952.1750635744107,271.94070862349395,34.118916032313585,517.1155239445823,1834.6012150046938,1931.1120467195058,189.3907482052295,931.1273446873256,272.4538835293906,32.038332068352474,517.1155239445823,1834.6012150046938,1931.1120467195058,189.3907482052295,931.1273446873256,272.4538835293906,32.038332068352474
2026-01-24 11:00:00+00:00,311.0,3083.13,2102.66,17.750002,489.26,225.65,28.71,496.35468025975723,1833.4413731526317,1925.1703171033755,187.66230102274707,952.9445550143225,271.94070862349395,33.900483550341974,517.1155239445823,1834.6012150046938,1931.1120467195058,189.3907482052295,931.1273446873256,272.4538835293906,32.038332068352474,517.1155239445823,1834.6012150046938,1931.1120467195058,189.3907482052295,931.1273446873256,272.4538835293906,32.038332068352474
2026-01-24 12:00:00+00:00,313.5,3260.94,2078.48,16.080004,479.01,225.77,28.71,498.6748386295709,1812.7053128188006,1926.7990050738426,195.36127925070664,953.7140464542344,271.94070862349395,33.935346419237234,517.1155239445823,1834.6012150046938,1931.1120467195058,189.3907482052295,931.1273446873256,272.4538835293906,32.038332068352474,517.1155239445823,1834.6012150046938,1931.1120467195058,189.3907482052295,931.1273446873256,272.4538835293906,32.038332068352474
2026-01-24 13:00:00+00:00,315.8,3253.27,2084.24,56.589996,441.2,225.81,28.71,500.8801310236302,1851.537016684693,1938.5715118577746,203.0602574786662,954.4835378941464,271.94070862349395,33.85145968853429,517.1155239445823,1834.6012150046938,1931.1120467195058,189.3907482052295,931.1273446873256,272.4538835293906,32.038332068352474,517.1155239445823,1834.6012150046938,1931.1120467195058,189.3907482052295,931.1273446873256,272.4538835293906,32.038332068352474
2026-01-24 14:00:00+00:00,328.6,3849.1902,2118.07,0.5200054,416.07004,225.77,28.71,509.7792961828248,1929.587052055848,1958.0709504054905,210.75923570662573,955.2530293340583,271.94070862349395,33.88644687472201,517.1155239445823,1834.6012150046938,1931.1120467195058,189.3907482052295,931.1273446873256,272.4538835293906,32.038332068352474,517.1155239445823,1834.6012150046938,1931.1120467195058,189.3907482052295,931.1273446873256,272.4538835293906,32.038332068352474
2026-01-24 15:00:00+00:00,371.2,4215.88,2216.37,133.56,417.09,225.65,28.71,520.7279922115712,2023.470872900424,1975.2766914417364,218.45821393458527,956.0225207739701,271.94070862349395,33.96445843618665,517.1155239445823,1834.6012150046938,1931.1120467195058,189.3907482052295,931.1273446873256,272.4538835293906,32.038332068352474,517.1155239445823,1834.6012150046938,1931.1120467195058,189.3907482052295,931.1273446873256,272.4538835293906,32.038332068352474
2026-01-24 16:00:00+00:00,469.9,4274.98,2303.02,706.31,414.96,225.58,28.71,528.1807165424509,2063.789646885395,1990.9004704036665,226.15719216254485,956.792012213882,271.94070862349395,34.24515580406917,517.1155239445823,1834.6012150046938,1931.1120467195058,189.3907482052295,931.1273446873256,272.4538835293906,32.038332068352474,517.1155239445823,1834.6012150046938,1931.1120467195058,189.3907482052295,931.1273446873256,272.4538835293906,32.038332068352474
2026-01-24 17:00:00+00:00,468.6,4277.59,2319.06,673.86,398.13004,225.5,28.71,530.8656051427771,2067.5607144734217,1998.6917949741921,233.8561703905044,957.5615036537939,271.94070862349395,34.40468459272157,517.1155239445823,1834.6012150046938,1931.1120467195058,189.3907482052295,931.1273446873256,272.4538835293906,32.038332068352474,517.1155239445823,1834.6012150046938,1931.1120467195058,189.3907482052295,931.1273446873256,272.4538835293906,32.038332068352474
2026-01-24 18:00:00+00:00,408.8,4275.04,2286.08,57.740005,382.91,225.46,28.71,528.7758177124907,2029.137192769353,2000.1327528519837,241.55514861846393,958.3309950937058,271.94070862349395,34.47703020884219,517.1155239445823,1834.6012150046938,1931.1120467195058,189.3907482052295,931.1273446873256,272.4538835293906,32.038332068352474,517.1155239445823,1834.6012150046938,1931.1120467195058,189.3907482052295,931.1273446873256,272.4538835293906,32.038332068352474
2026-01-24 19:00:00+00:00,348.6,4217.42,2179.33,2.330003,357.18002,225.38,28.71,523.982124522949,1967.7713737684862,1998.088487562971,249.25412684642347,959.1004865336176,271.94070862349395,34.522362137908154,517.1155239445823,1834.6012150046938,1931.1120467195058,189.3907482052295,931.1273446873256,272.4538835293906,32.038332068352474,517.1155239445823,1834.6012150046938,1931.1120467195058,189.3907482052295,931.1273446873256,272.4538835293906,32.038332068352474
2026-01-24 20:00:00+00:00,288.64996,3969.74,2102.26,0.30000418,353.08,225.34,28.71,518.9222218411556,1936.446415120373,1999.1242922996,256.953105074383,959.8699779735296,271.94070862349395,34.56093924832058,517.1155239445823,1834.6012150046938,1931.1120467195058,189.3907482052295,931.1273446873256,272.4538835293906,32.038332068352474,517.1155239445823,1834.6012150046938,1931.1120467195058,189.3907482052295,931.1273446873256,272.4538835293906,32.038332068352474
2026-01-24 21:00:00+00:00,266.4,3483.33,2038.11,0.2799999,351.81003,225.3,28.71,519.4988266403167,1911.8157374437965,2001.2847975399134,264.6520833023426,960.6394694134415,271.94070862349395,34.608568257279764,517.1155239445823,1834.6012150046938,1931.1120467195058,189.3907482052295,931.1273446873256,272.4538835293906,32.038332068352474,517.1155239445823,1834.6012150046938,1931.1120467195058,189.3907482052295,931.1273446873256,272.4538835293906,32.038332068352474
2026-01-24 22:00:00+00:00,248.53001,3389.79,2001.21,0.22999686,343.23007,225.26,28.71,517.6898676297117,1859.6458860183434,1999.1412277657744,272.3510615303021,961.4089608533534,271.94070862349395,34.656112645362654,517.1155239445823,1834.6012150046938,1931.1120467195058,189.3907482052295,931.1273446873256,272.4538835293906,32.038332068352474,517.1155239445823,1834.6012150046938,1931.1120467195058,189.3907482052295,931.1273446873256,272.4538835293906,32.038332068352474
2026-01-24 23:00:00+00:00,416.15,3301.46,1968.48,0.22999686,341.12003,312.22,28.71,514.6132712493594,1829.5993720590543,1998.2185276311432,280.0500397582617,962.1784522932652,271.94070862349395,34.66619332010686,517.1155239445823,1834.6012150046938,1931.1120467195058,189.3907482052295,931.1273446873256,272.4538835293906,32.038332068352474,517.1155239445823,1834.6012150046938,1931.1120467195058,189.3907482052295,931.1273446873256,272.4538835293906,32.038332068352474
2026-01-25 00:00:00+00:00,545.08,3069.07,1955.77,0.22999686,327.82004,312.17,28.71,497.6617861076143,1700.9939083055729,1880.331521537592,102.97354051519204,944.4801491752918,271.94070862349395,34.67949087223437,517.1155239445823,1834.6012150046938,1931.1120467195058,189.3907482052295,931.1273446873256,272.4538835293906,32.038332068352474,517.1155239445823,1834.6012150046938,1931.1120467195058,189.3907482052295,931.1273446873256,272.4538835293906,32.038332068352474
2026-01-25 01:00:00+00:00,637.83,3152.01,1943.9,0.22999686,315.76004,312.22,28.71,497.8746758289853,1679.9370487471429,1882.1830191547122,110.6725187431516,945.2496406152037,271.94070862349395,34.66207708489129,517.1155239445823,1834.6012150046938,1931.1120467195058,189.3907482052295,931.1273446873256,272.4538835293906,32.038332068352474,517.1155239445823,1834.6012150046938,1931.1120467195058,189.3907482052295,931.1273446873256,272.4538835293906,32.038332068352474
2026-01-25 02:00:00+00:00,792.6,3167.38,1936.12,0.22999686,310.04,312.17,28.71,498.2113999386412,1691.9815432746084,1887.030552324205,118.37149697111113,946.0191320551156,271.94070862349395,34.62398091167127,517.1155239445823,1834.6012150046938,1931.1120467195058,189.3907482052295,931.1273446873256,272.4538835293906,32.038332068352474,517.1155239445823,1834.6012150046938,1931.1120467195058,189.3907482052295,931.1273446873256,272.4538835293906,32.038332068352474
2026-01-25 03:00:00+00:00,971.86,3161.52,1949.34,0.22999686,306.43002,306.24,28.71,502.4423179015584,1714.2937734990592,1892.9055597704312,126.0704751990707,946.7886234950275,271.94070862349395,34.53219076266594,517.1155239445823,1834.6012150046938,1931.1120467195058,189.3907482052295,931.1273446873256,272.4538835293906,32.038332068352474,517.1155239445823,1834.6012150046938,1931.1120467195058,189.3907482052295,931.1273446873256,272.4538835293906,32.038332068352474
2026-01-25 04:00:00+00:00,997.14,3187.74,1983.08,0.19999808,303.53,304.3,28.71,506.2076211735762,1716.7132068121048,1897.2074376933865,133.76945342703021,947.5581149349393,271.94070862349395,34.4816593385182,517.1155239445823,1834.6012150046938,1931.1120467195058,189.3907482052295,931.1273446873256,272.4538835293906,32.038332068352474,517.1155239445823,1834.6012150046938,1931.1120467195058,189.3907482052295,931.1273446873256,272.4538835293906,32.038332068352474
2026-01-25 05:00:00+00:00,1015.63,3283.18,2081.75,0.19000357,303.27,304.34,28.71,508.0208083871952,1736.3394392131945,1903.677410340626,141.46843165498979,948.3276063748513,271.94070862349395,34.461378336211624,517.1155239445823,1834.6012150046938,1931.1120467195058,189.3907482052295,931.1273446873256,272.4538835293906,32.038332068352474,517.1155239445823,1834.6012150046938,1931.1120467195058,189.3907482052295,931.1273446873256,272.4538835293906,32.038332068352474
2026-01-25 06:00:00+00:00,1043.3,3434.75,2225.19,0.19000357,299.64005,304.34,28.71,509.1345202373426,1761.2292735703038,1912.3881675625903,149.16740988294933,949.0970978147632,271.94070862349395,34.52188929565182,517.1155239445823,1834.6012150046938,1931.1120467195058,189.3907482052295,931.1273446873256,272.4538835293906,32.038332068352474,517.1155239445823,1834.6012150046938,1931.1120467195058,189.3907482052295,931.1273446873256,272.4538835293906,32.038332068352474
2026-01-25 07:00:00+00:00,1055.73,3548.85,2302.81,0.22999686,306.97,304.38,28.71,511.28362351702685,1824.9076157644163,1923.0540439654417,156.86638811090887,949.8665892546751,271.94070862349395,34.55432485359565,517.1155239445823,1834.6012150046938,1931.1120467195058,189.3907482052295,931.1273446873256,272.4538835293906,32.038332068352474,517.1155239445823,1834.6012150046938,1931.1120467195058,189.3907482052295,931.1273446873256,272.4538835293906,32.038332068352474
2026-01-25 08:00:00+00:00,1057.01,3968.95,2287.35,0.25000113,314.76004,304.5,28.71,507.51551725418267,1892.097140128854,1933.0924426076692,164.56536633886844,950.6360806945869,271.94070862349395,34.48624724682326,517.1155239445823,1834.6012150046938,1931.1120467195058,189.3907482052295,931.1273446873256,272.4538835293906,32.038332068352474,517.1155239445823,1834.6012150046938,1931.1120467195058,189.3907482052295,931.1273446873256,272.4538835293906,32.038332068352474
2026-01-25 09:00:00+00:00,1056.06,4039.67,2238.95,0.30000418,312.83,310.59,28.71,498.60377314864877,1926.5924480652995,1938.6370591775071,172.264344566828,951.4055721344988,271.94070862349395,34.36571910111938,517.1155239445823,1834.6012150046938,1931.1120467195058,189.3907482052295,931.1273446873256,272.4538835293906,32.038332068352474,517.1155239445823,1834.6012150046938,1931.1120467195058,189.3907482052295,931.1273446873256,272.4538835293906,32.038332068352474
2026-01-25 10:00:00+00:00,1049.51,3928.56,2189.05,0.30000418,333.21,312.69,28.71,496.4321456517062,1932.365767935435,1943.115971622486,179.96332279478753,952.1750635744107,271.94070862349395,34.18296130589817,517.1155239445823,1834.6012150046938,1931.1120467195058,189.3907482052295,931.1273446873256,272.4538835293906,32.038332068352474,517.1155239445823,1834.6012150046938,1931.1120467195058,189.3907482052295,931.1273446873256,272.4538835293906,32.038332068352474
2026-01-25 11:00:00+00:00,1042.44,4065.32,2107.59,0.30000418,306.99008,312.77,28.71,495.59767581654484,1921.5099470368352,1946.9545060226308,187.66230102274707,952.9445550143225,271.94070862349395,33.999174591616736,517.1155239445823,1834.6012150046938,1931.1120467195058,189.3907482052295,931.1273446873256,272.4538835293906,32.038332068352474,517.1155239445823,1834.6012150046938,1931.1120467195058,189.3907482052295,931.1273446873256,272.4538835293906,32.038332068352474
2026-01-25 12:00:00+00:00,1021.22,3940.86,2066.82,0.25999564,298.11002,312.85,28.71,497.09249427835266,1920.8814570254688,1949.3442932755422,195.36127925070664,953.7140464542344,271.94070862349395,34.10568503399839,517.1155239445823,1834.6012150046938,1931.1120467195058,189.3907482052295,931.1273446873256,272.4538835293906,32.038332068352474,517.1155239445823,1834.6012150046938,1931.1120467195058,189.3907482052295,931.1273446873256,272.4538835293906,32.038332068352474
2026-01-25 13:00:00+00:00,1017.97,3861.92,2067.52,31.800005,302.96994,312.85,28.71,498.9258070365212,1937.5286121462202,1955.5817740188932,203.0602574786662,954.4835378941464,271.94070862349395,34.04451127679101,517.1155239445823,1834.6012150046938,1931.1120467195058,189.3907482052295,931.1273446873256,272.4538835293906,32.038332068352474,517.1155239445823,1834.6012150046938,1931.1120467195058,189.3907482052295,931.1273446873256,272.4538835293906,32.038332068352474
2026-01-25 14:00:00+00:00,1034.17,3946.52,2091.04,0.25999564,302.30002,312.85,28.71,502.5353172085592,1970.9757816796787,1968.0031510516674,210.75923570662573,955.2530293340583,271.94070862349395,34.07988444591172,517.1155239445823,1834.6012150046938,1931.1120467195058,189.3907482052295,931.1273446873256,272.4538835293906,32.038332068352474,517.1155239445823,1834.6012150046938,1931.1120467195058,189.3907482052295,931.1273446873256,272.4538835293906,32.038332068352474
2026-01-25 15:00:00+00:00,986.84,4102.42,2185.85,76.47,355.12003,312.77,28.71,508.3129096401597,2006.878424309974,1979.8326590543788,218.45821393458527,956.0225207739701,271.94070862349395,34.11425594836072,517.1155239445823,1834.6012150046938,1931.1120467195058,189.3907482052295,931.1273446873256,272.4538835293906,32.038332068352474,517.1155239445823,1834.6012150046938,1931.1120467195058,189.3907482052295,931.1273446873256,272.4538835293906,32.038332068352474
2026-01-25 16:00:00+00:00,826.38,4161.26,2277.6,180.26,392.21,312.69,28.71,516.502580068896,2078.415203565335,1993.744994281899,226.15719216254485,956.792012213882,271.94070862349395,34.18811132486321,517.1155239445823,1834.6012150046938,1931.1120467195058,189.3907482052295,931.1273446873256,272.4538835293906,32.038332068352474,517.1155239445823,1834.6012150046938,1931.1120467195058,189.3907482052295,931.1273446873256,272.4538835293906,32.038332068352474
2026-01-25 17:00:00+00:00,826.85,4156.17,2296.32,126.52,345.42,312.69,28.71,519.4446908695209,2107.6783535481773,2001.2784308101031,233.8561703905044,957.5615036537939,271.94070862349395,34.24368119503363,517.1155239445823,1834.6012150046938,1931.1120467195058,189.3907482052295,931.1273446873256,272.4538835293906,32.038332068352474,517.1155239445823,1834.6012150046938,1931.1120467195058,189.3907482052295,931.1273446873256,272.4538835293906,32.038332068352474
2026-01-25 18:00:00+00:00,826.99,4154.43,2255.59,262.38,361.64005,312.69,28.71,519.8271474841672,2096.9792425849423,2003.087909171376,241.55514861846393,958.3309950937058,271.94070862349395,34.25224975389448,517.1155239445823,1834.6012150046938,1931.1120467195058,189.3907482052295,931.1273446873256,272.4538835293906,32.038332068352474,517.1155239445823,1834.6012150046938,1931.1120467195058,189.3907482052295,931.1273446873256,272.4538835293906,32.038332068352474
2026-01-25 19:00:00+00:00,814.47,4144.55,2141.27,123.6,324.75003,312.69,28.71,516.372634251885,2066.9060986738377,2003.9267392300712,249.25412684642347,959.1004865336176,271.94070862349395,34.22453818401533,517.1155239445823,1834.6012150046938,1931.1120467195058,189.3907482052295,931.1273446873256,272.4538835293906,32.038332068352474,517.1155239445823,1834.6012150046938,1931.1120467195058,189.3907482052295,931.1273446873256,272.4538835293906,32.038332068352474
2026-01-25 20:00:00+00:00,731.55,4100.18,2057.04,268.65,308.11002,312.69,28.71,516.9262344497223,2044.1210935399183,2007.0938951263458,256.953105074383,959.8699779735296,271.94070862349395,34.18628725362283,517.1155239445823,1834.6012150046938,1931.1120467195058,189.3907482052295,931.1273446873256,272.4538835293906,32.038332068352474,517.1155239445823,1834.6012150046938,1931.1120467195058,189.3907482052295,931.1273446873256,272.4538835293906,32.038332068352474
2026-01-25 21:00:00+00:00,699.29,4059.57,2006.4,268.55,300.57004,312.69,28.71,522.0443923105458,2017.1644285939688,2009.066656970103,264.6520833023426,960.6394694134415,271.94070862349395,34.168751308510565,517.1155239445823,1834.6012150046938,1931.1120467195058,189.3907482052295,931.1273446873256,272.4538835293906,32.038332068352474,517.1155239445823,1834.6012150046938,1931.1120467195058,189.3907482052295,931.1273446873256,272.4538835293906,32.038332068352474
2026-01-25 22:00:00+00:00,670.23,4027.07,1973.21,268.77,288.84,312.69,28.71,520.0617637298083,1974.8909489400064,2007.4629220236993,272.3510615303021,961.4089608533534,271.94070862349395,34.105666561037225,517.1155239445823,1834.6012150046938,1931.1120467195058,189.3907482052295,931.1273446873256,272.4538835293906,32.038332068352474,517.1155239445823,1834.6012150046938,1931.1120467195058,189.3907482052295,931.1273446873256,272.4538835293906,32.038332068352474
2026-01-25 23:00:00+00:00,641.49,3956.4,1939.04,7.649995,288.33,285.19,28.71,516.3933998050405,1945.5990665101301,2006.3372963327758,280.0500397582617,962.1784522932652,271.94070862349395,34.030315595700316,517.1155239445823,1834.6012150046938,1931.1120467195058,189.3907482052295,931.1273446873256,272.4538835293906,32.038332068352474,517.1155239445823,1834.6012150046938,1931.1120467195058,189.3907482052295,931.1273446873256,272.4538835293906,32.038332068352474
2026-01-26 00:00:00+00:00,642.51,3957.02,1921.45,0.22999686,279.04,285.23,28.71,498.4150759939502,1801.9277203610857,1887.0040273764916,102.97354051519204,944.4801491752918,271.94070862349395,33.91741645172141,517.1155239445823,1834.6012150046938,1931.1120467195058,189.3907482052295,931.1273446873256,272.4538835293906,32.038332068352474,517.1155239445823,1834.6012150046938,1931.1120467195058,189.3907482052295,931.1273446873256,272.4538835293906,32.038332068352474
2026-01-26 01:00:00+00:00,644.31,3935.23,1899.7,0.22999686,276.57004,285.19,28.71,493.18349293829425,1775.6049774252162,1888.7966245757723,110.6725187431516,945.2496406152037,271.94070862349395,33.90766435949064,517.1155239445823,1834.6012150046938,1931.1120467195058,189.3907482052295,931.1273446873256,272.4538835293906,32.038332068352474,517.1155239445823,1834.6012150046938,1931.1120467195058,189.3907482052295,931.1273446873256,272.4538835293906,32.038332068352474
2026-01-26 02:00:00+00:00,645.35,3664.63,1894.07,0.22999686,285.29,285.23,28.71,491.726121530884,1751.2591470331063,1891.6940680099074,118.37149697111113,946.0191320551156,271.94070862349395,33.91593134949304,517.1155239445823,1834.6012150046938,1931.1120467195058,189.3907482052295,931.1273446873256,272.4538835293906,32.038332068352474,517.1155239445823,1834.6012150046938,1931.1120467195058,189.3907482052295,931.1273446873256,272.4538835293906,32.038332068352474
2026-01-26 03:00:00+00:00,537.99,3764.17,1911.17,0.22999686,289.83,279.46,28.71,492.0235369550652,1772.327016626478,1899.6693498822942,126.0704751990707,946.7886234950275,271.94070862349395,33.955814151044585,517.1155239445823,1834.6012150046938,1931.1120467195058,189.3907482052295,931.1273446873256,272.4538835293906,32.038332068352474,517.1155239445823,1834.6012150046938,1931.1120467195058,189.3907482052295,931.1273446873256,272.4538835293906,32.038332068352474
2026-01-26 04:00:00+00:00,324.1,4286.31,1941.2,0.24000663,288.28,277.36,28.71,500.6498134619143,1865.7197508252355,1915.5751673927207,133.76945342703021,947.5581149349393,271.94070862349395,33.980373602776766,517.1155239445823,1834.6012150046938,1931.1120467195058,189.3907482052295,931.1273446873256,272.4538835293906,32.038332068352474,517.1155239445823,1834.6012150046938,1931.1120467195058,189.3907482052295,931.1273446873256,272.4538835293906,32.038332068352474
2026-01-26 05:00:00+00:00,371.9,4906.36,2013.12,7.750001,294.68002,277.4,28.71,514.2457762127231,2042.903711741655,1944.335780927368,141.46843165498979,948.3276063748513,271.94070862349395,33.985523621741805,517.1155239445823,1834.6012150046938,1931.1120467195058,189.3907482052295,931.1273446873256,272.4538835293906,32.038332068352474,517.1155239445823,1834.6012150046938,1931.1120467195058,189.3907482052295,931.1273446873256,272.4538835293906,32.038332068352474
2026-01-26 06:00:00+00:00,471.25,4963.2095,2136.5,284.74,388.06003,277.4,28.71,528.5199765948873,2139.3044816654856,1963.806912846189,149.16740988294933,949.0970978147632,271.94070862349395,33.95294360149006,517.1155239445823,1834.6012150046938,1931.1120467195058,189.3907482052295,931.1273446873256,272.4538835293906,32.038332068352474,517.1155239445823,1834.6012150046938,1931.1120467195058,189.3907482052295,931.1273446873256,272.4538835293906,32.038332068352474
2026-01-26 07:00:00+00:00,461.6,5313.64,2222.82,596.49,353.34,277.4,28.71,533.2643262565097,2194.7848829045297,1976.5602582867334,156.86638811090887,949.8665892546751,271.94070862349395,33.965090166535475,517.1155239445823,1834.6012150046938,1931.1120467195058,189.3907482052295,931.1273446873256,272.4538835293906,32.038332068352474,517.1155239445823,1834.6012150046938,1931.1120467195058,189.3907482052295,931.1273446873256,272.4538835293906,32.038332068352474
2026-01-26 08:00:00+00:00,472.1,5480.31,2224.07,652.48,417.29,277.4,28.71,538.7191528494674,2214.411467186777,1981.178866762527,164.56536633886844,950.6360806945869,271.94070862349395,33.93826079801462,517.1155239445823,1834.6012150046938,1931.1120467195058,189.3907482052295,931.1273446873256,272.4538835293906,32.038332068352474,517.1155239445823,1834.6012150046938,1931.1120467195058,189.3907482052295,931.1273446873256,272.4538835293906,32.038332068352474
2026-01-26 09:00:00+00:00,485.8,5492.08,2176.56,506.09,493.59998,285.81,28.71,535.5379044786455,2207.775183051829,1982.825566916192,172.264344566828,951.4055721344988,271.94070862349395,33.905496457342394,517.1155239445823,1834.6012150046938,1931.1120467195058,189.3907482052295,931.1273446873256,272.4538835293906,32.038332068352474,517.1155239445823,1834.6012150046938,1931.1120467195058,189.3907482052295,931.1273446873256,272.4538835293906,32.038332068352474
2026-01-26 10:00:00+00:00,484.4,5471.46,2143.19,332.92,403.08,340.06,28.71,536.4807496572503,2181.1145153724005,1983.7291805727618,179.96332279478753,952.1750635744107,271.94070862349395,33.847776344385146,517.1155239445823,1834.6012150046938,1931.1120467195058,189.3907482052295,931.1273446873256,272.4538835293906,32.038332068352474,517.1155239445823,1834.6012150046938,1931.1120467195058,189.3907482052295,931.1273446873256,272.4538835293906,32.038332068352474
2026-01-26 11:00:00+00:00,478.4,5239.9194,2080.24,32.319992,461.41,293.56,28.71,535.8042948051559,2166.627041474091,1982.811749477071,187.66230102274707,952.9445550143225,271.94070862349395,33.75725679181311,517.1155239445823,1834.6012150046938,1931.1120467195058,189.3907482052295,931.1273446873256,272.4538835293906,32.038332068352474,517.1155239445823,1834.6012150046938,1931.1120467195058,189.3907482052295,931.1273446873256,272.4538835293906,32.038332068352474
2026-01-26 12:00:00+00:00,473.6,5175.19,2059.34,0.3099987,458.5,293.03,28.71,534.5206984483107,2146.5060429570985,1983.013636243486,195.36127925070664,953.7140464542344,271.94070862349395,33.65241576054512,517.1155239445823,1834.6012150046938,1931.1120467195058,189.3907482052295,931.1273446873256,272.4538835293906,32.038332068352474,517.1155239445823,1834.6012150046938,1931.1120467195058,189.3907482052295,931.1273446873256,272.4538835293906,32.038332068352474
2026-01-26 13:00:00+00:00,477.7,5307.8096,2067.49,1.3099988,418.38004,293.03,28.71,538.6442589176156,2129.1914434256814,1983.6745687668201,203.0602574786662,954.4835378941464,271.94070862349395,33.57649449797817,517.1155239445823,1834.6012150046938,1931.1120467195058,189.3907482052295,931.1273446873256,272.4538835293906,32.038332068352474,517.1155239445823,1834.6012150046938,1931.1120467195058,189.3907482052295,931.1273446873256,272.4538835293906,32.038332068352474
2026-01-26 14:00:00+00:00,473.5,5636.98,2098.0,259.69,391.07004,293.03,28.71,543.2480487300799,2150.5629410966917,1990.8431926079388,210.75923570662573,955.2530293340583,271.94070862349395,33.590634258962105,517.1155239445823,1834.6012150046938,1931.1120467195058,189.3907482052295,931.1273446873256,272.4538835293906,32.038332068352474,517.1155239445823,1834.6012150046938,1931.1120467195058,189.3907482052295,931.1273446873256,272.4538835293906,32.038332068352474
2026-01-26 15:00:00+00:00,486.05,5655.6426,2200.9,795.46,449.73004,293.07,28.71,549.9537775480056,2175.623970258657,1998.804939668563,218.45821393458527,956.0225207739701,271.94070862349395,33.62518511820988,517.1155239445823,1834.6012150046938,1931.1120467195058,189.3907482052295,931.1273446873256,272.4538835293906,32.038332068352474,517.1155239445823,1834.6012150046938,1931.1120467195058,189.3907482052295,931.1273446873256,272.4538835293906,32.038332068352474
2026-01-26 16:00:00+00:00,484.1,5674.3047,2274.87,773.3467,744.85,293.54,28.71,556.3192103635845,2204.6133962028844,2010.5859526633838,226.15719216254485,956.792012213882,271.94070862349395,33.66882292606825,517.1155239445823,1834.6012150046938,1931.1120467195058,189.3907482052295,931.1273446873256,272.4538835293906,32.038332068352474,517.1155239445823,1834.6012150046938,1931.1120467195058,189.3907482052295,931.1273446873256,272.4538835293906,32.038332068352474
2026-01-26 17:00:00+00:00,488.6,5692.9673,2284.58,751.23334,704.96,295.68,28.71,562.3251047086366,2233.803007094284,2017.5250550930614,233.8561703905044,957.5615036537939,271.94070862349395,33.69180796252644,517.1155239445823,1834.6012150046938,1931.1120467195058,189.3907482052295,931.1273446873256,272.4538835293906,32.038332068352474,517.1155239445823,1834.6012150046938,1931.1120467195058,189.3907482052295,931.1273446873256,272.4538835293906,32.038332068352474
2026-01-26 18:00:00+00:00,489.1,5711.63,2248.22,729.12,644.25,297.14,28.71,562.6367152015482,2221.747295796255,2018.635635315703,241.55514861846393,958.3309950937058,271.94070862349395,33.703010162387244,517.1155239445823,1834.6012150046938,1931.1120467195058,189.3907482052295,931.1273446873256,272.4538835293906,32.038332068352474,517.1155239445823,1834.6012150046938,1931.1120467195058,189.3907482052295,931.1273446873256,272.4538835293906,32.038332068352474
2026-01-26 19:00:00+00:00,474.45,5278.22,2168.63,323.16,488.52,293.11,28.71,560.5447175826328,2186.820607571098,2017.3655445457034,249.25412684642347,959.1004865336176,271.94070862349395,33.751314702640194,517.1155239445823,1834.6012150046938,1931.1120467195058,189.3907482052295,931.1273446873256,272.4538835293906,32.038332068352474,517.1155239445823,1834.6012150046938,1931.1120467195058,189.3907482052295,931.1273446873256,272.4538835293906,32.038332068352474
2026-01-26 20:00:00+00:00,460.1,5381.4,2090.26,74.59,344.12003,293.11,28.71,558.2590398015839,2137.496040450257,2015.395374907575,256.953105074383,959.8699779735296,271.94070862349395,33.81212718818354,517.1155239445823,1834.6012150046938,1931.1120467195058,189.3907482052295,931.1273446873256,272.4538835293906,32.038332068352474,517.1155239445823,1834.6012150046938,1931.1120467195058,189.3907482052295,931.1273446873256,272.4538835293906,32.038332068352474
2026-01-26 21:00:00+00:00,338.95,5262.74,2025.65,0.30000418,336.59,293.11,28.71,557.3003538755206,2110.243421959339,2014.0236291832348,264.6520833023426,960.6394694134415,271.94070862349395,33.823668353994634,517.1155239445823,1834.6012150046938,1931.1120467195058,189.3907482052295,931.1273446873256,272.4538835293906,32.038332068352474,517.1155239445823,1834.6012150046938,1931.1120467195058,189.3907482052295,931.1273446873256,272.4538835293906,32.038332068352474
2026-01-26 22:00:00+00:00,264.25,4807.71,1991.06,0.20999259,350.03,293.07,28.71,545.8684125355506,2066.382469717787,2013.7381567524956,272.3510615303021,961.4089608533534,271.94070862349395,33.84329470046211,517.1155239445823,1834.6012150046938,1931.1120467195058,189.3907482052295,931.1273446873256,272.4538835293906,32.038332068352474,517.1155239445823,1834.6012150046938,1931.1120467195058,189.3907482052295,931.1273446873256,272.4538835293906,32.038332068352474
2026-01-26 23:00:00+00:00,259.3,4674.57,1952.16,0.039979164,355.16,289.66,28.71,540.6891315103207,2031.3649103892483,2014.9961409195703,280.0500397582617,962.1784522932652,271.94070862349395,33.88602814717292,517.1155239445823,1834.6012150046938,1931.1120467195058,189.3907482052295,931.1273446873256,272.4538835293906,32.038332068352474,517.1155239445823,1834.6012150046938,1931.1120467195058,189.3907482052295,931.1273446873256,272.4538835293906,32.038332068352474
2026-01-27 00:00:00+00:00,257.7,4616.12,1933.26,0.14000052,367.29,289.03,28.71,533.6542997730621,1900.2305227548609,1898.1063887250252,102.97354051519204,944.4801491752918,271.94070862349395,33.898777651606956,517.1155239445823,1834.6012150046938,1931.1120467195058,189.3907482052295,931.1273446873256,272.4538835293906,32.038332068352474,517.1155239445823,1834.6012150046938,1931.1120467195058,189.3907482052295,931.1273446873256,272.4538835293906,32.038332068352474
2026-01-27 01:00:00+00:00,256.7,4562.17,1921.61,0.19000357,379.59,289.03,28.71,539.025485045039,1885.7866066212814,1901.6528782391163,110.6725187431516,945.2496406152037,271.94070862349395,33.918887337760346,517.1155239445823,1834.6012150046938,1931.1120467195058,189.3907482052295,931.1273446873256,272.4538835293906,32.038332068352474,517.1155239445823,1834.6012150046938,1931.1120467195058,189.3907482052295,931.1273446873256,272.4538835293906,32.038332068352474
2026-01-27 02:00:00+00:00,253.50002,4909.47,1914.84,0.19000357,374.41,289.03,28.71,535.2305964748115,1897.0829309581338,1907.6040600949843,118.37149697111113,946.0191320551156,271.94070862349395,33.983180364154386,517.1155239445823,1834.6012150046938,1931.1120467195058,189.3907482052295,931.1273446873256,272.4538835293906,32.038332068352474,517.1155239445823,1834.6012150046938,1931.1120467195058,189.3907482052295,931.1273446873256,272.4538835293906,32.038332068352474
2026-01-27 03:00:00+00:00,246.60002,5113.62,1927.86,0.22999686,443.31,283.14,28.71,534.3681473844671,1926.1147902817136,1917.7975778848493,126.0704751990707,946.7886234950275,271.94070862349395,34.06291889813698,517.1155239445823,1834.6012150046938,1931.1120467195058,189.3907482052295,931.1273446873256,272.4538835293906,32.038332068352474,517.1155239445823,1834.6012150046938,1931.1120467195058,189.3907482052295,931.1273446873256,272.4538835293906,32.038332068352474
2026-01-27 04:00:00+00:00,282.5,5593.3394,1956.38,2.1699994,504.88,281.16,28.71,545.5319603911836,1980.1522171215847,1931.710189600521,133.76945342703021,947.5581149349393,271.94070862349395,34.102714729434176,517.1155239445823,1834.6012150046938,1931.1120467195058,189.3907482052295,931.1273446873256,272.4538835293906,32.038332068352474,517.1155239445823,1834.6012150046938,1931.1120467195058,189.3907482052295,931.1273446873256,272.4538835293906,32.038332068352474
2026-01-27 05:00:00+00:00,411.5,5801.64,2017.58,526.48,620.73,281.17,28.71,553.3768488840814,2103.4061271054456,1955.9454604708533,141.46843165498979,948.3276063748513,271.94070862349395,34.14599126139178,517.1155239445823,1834.6012150046938,1931.1120467195058,189.3907482052295,931.1273446873256,272.4538835293906,32.038332068352474,517.1155239445823,1834.6012150046938,1931.1120467195058,189.3907482052295,931.1273446873256,272.4538835293906,32.038332068352474
2026-01-27 06:00:00+00:00,465.4,5881.98,2117.16,1019.48,686.13,285.21,28.71,560.2483314414661,2196.445775600362,1975.4786272650206,149.16740988294933,949.0970978147632,271.94070862349395,34.15683218652683,517.1155239445823,1834.6012150046938,1931.1120467195058,189.3907482052295,931.1273446873256,272.4538835293906,32.038332068352474,517.1155239445823,1834.6012150046938,1931.1120467195058,189.3907482052295,931.1273446873256,272.4538835293906,32.038332068352474
2026-01-27 07:00:00+00:00,470.1,5920.5,2203.94,725.8,849.86,285.21,28.71,564.2266722456752,2196.1306830017097,1980.6241104744156,156.86638811090887,949.8665892546751,271.94070862349395,34.342508563275,517.1155239445823,1834.6012150046938,1931.1120467195058,189.3907482052295,931.1273446873256,272.4538835293906,32.038332068352474,517.1155239445823,1834.6012150046938,1931.1120467195058,189.3907482052295,931.1273446873256,272.4538835293906,32.038332068352474
2026-01-27 08:00:00+00:00,468.85,5890.43,2218.1,432.12,679.91,285.29,28.71,554.789265369074,2136.5556508519144,1968.8582433270424,164.56536633886844,950.6360806945869,271.94070862349395,34.130909638999235,517.1155239445823,1834.6012150046938,1931.1120467195058,189.3907482052295,931.1273446873256,272.4538835293906,32.038332068352474,517.1155239445823,1834.6012150046938,1931.1120467195058,189.3907482052295,931.1273446873256,272.4538835293906,32.038332068352474
2026-01-27 09:00:00+00:00,467.95,5699.78,2207.4,37.089996,540.99,289.52,28.71,541.9638829553229,2076.281809196571,1955.7921010197374,172.264344566828,951.4055721344988,271.94070862349395,33.926643878551104,517.1155239445823,1834.6012150046938,1931.1120467195058,189.3907482052295,931.1273446873256,272.4538835293906,32.038332068352474,517.1155239445823,1834.6012150046938,1931.1120467195058,189.3907482052295,931.1273446873256,272.4538835293906,32.038332068352474
2026-01-27 10:00:00+00:00,469.0,5665.27,2185.35,13.119996,535.23,288.97,28.71,533.7210942478001,2016.4136815761424,1948.5776280896991,179.96332279478753,952.1750635744107,271.94070862349395,33.74339472112036,517.1155239445823,1834.6012150046938,1931.1120467195058,189.3907482052295,931.1273446873256,272.4538835293906,32.038332068352474,517.1155239445823,1834.6012150046938,1931.1120467195058,189.3907482052295,931.1273446873256,272.4538835293906,32.038332068352474
2026-01-27 11:00:00+00:00,474.85,5709.9297,2121.8,0.24000663,560.21,288.97,28.71,525.8793551859865,2003.9681963758833,1954.4116800551128,187.66230102274707,952.9445550143225,271.94070862349395,33.58815855109097,517.1155239445823,1834.6012150046938,1931.1120467195058,189.3907482052295,931.1273446873256,272.4538835293906,32.038332068352474,517.1155239445823,1834.6012150046938,1931.1120467195058,189.3907482052295,931.1273446873256,272.4538835293906,32.038332068352474
2026-01-27 12:00:00+00:00,480.1,5579.08,2099.09,0.25999564,534.28,289.01,28.71,519.7894409337371,1971.3965284938638,1964.3407852614275,195.36127925070664,953.7140464542344,271.94070862349395,33.4537571704962,517.1155239445823,1834.6012150046938,1931.1120467195058,189.3907482052295,931.1273446873256,272.4538835293906,32.038332068352474,517.1155239445823,1834.6012150046938,1931.1120467195058,189.3907482052295,931.1273446873256,272.4538835293906,32.038332068352474
2026-01-27 13:00:00+00:00,470.8,5410.26,2103.12,0.3099987,502.34,289.01,28.71,514.5544588029308,1987.286415960024,1982.1008738385585,203.0602574786662,954.4835378941464,271.94070862349395,33.37011440449212,517.1155239445823,1834.6012150046938,1931.1120467195058,189.3907482052295,931.1273446873256,272.4538835293906,32.038332068352474,517.1155239445823,1834.6012150046938,1931.1120467195058,189.3907482052295,931.1273446873256,272.4538835293906,32.038332068352474
2026-01-27 14:00:00+00:00,479.1,5563.5,2132.15,2.6699994,473.51,289.01,28.71,515.6912165921366,2016.2628509459005,1995.37211677367,210.75923570662573,955.2530293340583,271.94070862349395,33.354125868297295,517.1155239445823,1834.6012150046938,1931.1120467195058,189.3907482052295,931.1273446873256,272.4538835293906,32.038332068352474,517.1155239445823,1834.6012150046938,1931.1120467195058,189.3907482052295,931.1273446873256,272.4538835293906,32.038332068352474
2026-01-27 15:00:00+00:00,484.2,5584.66,2237.13,73.53,454.98,288.97,28.71,512.9803357059735,2032.3492931600838,2004.4510605042099,218.45821393458527,956.0225207739701,271.94070862349395,33.462966174418476,517.1155239445823,1834.6012150046938,1931.1120467195058,189.3907482052295,931.1273446873256,272.4538835293906,32.038332068352474,517.1155239445823,1834.6012150046938,1931.1120467195058,189.3907482052295,931.1273446873256,272.4538835293906,32.038332068352474
2026-01-27 16:00:00+00:00,480.65,5516.33,2308.04,232.06,447.17,288.97,28.71,512.6307515593711,2095.6123853706704,2015.8730107047254,226.15719216254485,956.792012213882,271.94070862349395,33.72710230638261,517.1155239445823,1834.6012150046938,1931.1120467195058,189.3907482052295,931.1273446873256,272.4538835293906,32.038332068352474,517.1155239445823,1834.6012150046938,1931.1120467195058,189.3907482052295,931.1273446873256,272.4538835293906,32.038332068352474
2026-01-27 17:00:00+00:00,491.5,5317.92,2315.66,236.99,487.54,288.97,28.71,510.9451494637672,2127.674675865433,2021.1548878384608,233.8561703905044,957.5615036537939,271.94070862349395,33.93766421901214,517.1155239445823,1834.6012150046938,1931.1120467195058,189.3907482052295,931.1273446873256,272.4538835293906,32.038332068352474,517.1155239445823,1834.6012150046938,1931.1120467195058,189.3907482052295,931.1273446873256,272.4538835293906,32.038332068352474
2026-01-27 18:00:00+00:00,479.2,5247.8096,2277.69,73.13,445.39,288.97,28.71,508.30278674584093,2122.8203336053866,2023.7120211257006,241.55514861846393,958.3309950937058,271.94070862349395,33.89804779221741,517.1155239445823,1834.6012150046938,1931.1120467195058,189.3907482052295,931.1273446873256,272.4538835293906,32.038332068352474,517.1155239445823,1834.6012150046938,1931.1120467195058,189.3907482052295,931.1273446873256,272.4538835293906,32.038332068352474
2026-01-27 19:00:00+00:00,358.15,5269.85,2196.92,0.3099987,425.61,288.97,28.71,505.09036480861016,2100.4699354067407,2022.465994710525,249.25412684642347,959.1004865336176,271.94070862349395,33.849344377581865,517.1155239445823,1834.6012150046938,1931.1120467195058,189.3907482052295,931.1273446873256,272.4538835293906,32.038332068352474,517.1155239445823,1834.6012150046938,1931.1120467195058,189.3907482052295,931.1273446873256,272.4538835293906,32.038332068352474
2026-01-27 20:00:00+00:00,320.8,5278.35,2116.51,13.899995,475.9,288.97,28.71,502.642943058705,2095.6339707266507,2022.5190556008058,256.953105074383,959.8699779735296,271.94070862349395,33.83299226427526,517.1155239445823,1834.6012150046938,1931.1120467195058,189.3907482052295,931.1273446873256,272.4538835293906,32.038332068352474,517.1155239445823,1834.6012150046938,1931.1120467195058,189.3907482052295,931.1273446873256,272.4538835293906,32.038332068352474
2026-01-27 21:00:00+00:00,288.89996,5011.27,2064.66,30.720003,445.88998,288.97,28.71,502.45299848151365,2050.5519893412866,2019.0820144892302,264.6520833023426,960.6394694134415,271.94070862349395,33.87578546078369,517.1155239445823,1834.6012150046938,1931.1120467195058,189.3907482052295,931.1273446873256,272.4538835293906,32.038332068352474,517.1155239445823,1834.6012150046938,1931.1120467195058,189.3907482052295,931.1273446873256,272.4538835293906,32.038332068352474
2026-01-27 22:00:00+00:00,262.7,5031.89,2017.11,0.19999808,398.16,288.97,28.71,496.04866098347895,2007.3912854883656,2018.0232331264303,272.3510615303021,961.4089608533534,271.94070862349395,33.88811133681087,517.1155239445823,1834.6012150046938,1931.1120467195058,189.3907482052295,931.1273446873256,272.4538835293906,32.038332068352474,517.1155239445823,1834.6012150046938,1931.1120467195058,189.3907482052295,931.1273446873256,272.4538835293906,32.038332068352474
2026-01-27 23:00:00+00:00,256.75,5136.81,1984.08,0.22000235,396.20004,285.05,28.71,489.08074410992896,1973.95213391875,2016.58689716014,280.0500397582617,962.1784522932652,271.94070862349395,33.89762181254582,517.1155239445823,1834.6012150046938,1931.1120467195058,189.3907482052295,931.1273446873256,272.4538835293906,32.038332068352474,517.1155239445823,1834.6012150046938,1931.1120467195058,189.3907482052295,931.1273446873256,272.4538835293906,32.038332068352474
2026-01-28 00:00:00+00:00,262.3,4554.86,1969.57,0.24000663,438.71,285.05,28.71,471.25639650212173,1843.9452226154342,1897.5653273657315,102.97354051519204,944.4801491752918,271.94070862349395,33.84676824675744,517.1155239445823,1834.6012150046938,1931.1120467195058,189.3907482052295,931.1273446873256,272.4538835293906,32.038332068352474,517.1155239445823,1834.6012150046938,1931.1120467195058,189.3907482052295,931.1273446873256,272.4538835293906,32.038332068352474
2026-01-28 01:00:00+00:00,261.89996,4426.82,1957.01,0.24000663,451.05,285.48,28.71,468.67469699908725,1831.417849691012,1899.5453744652843,110.6725187431516,945.2496406152037,271.94070862349395,33.85276292595114,517.1155239445823,1834.6012150046938,1931.1120467195058,189.3907482052295,931.1273446873256,272.4538835293906,32.038332068352474,517.1155239445823,1834.6012150046938,1931.1120467195058,189.3907482052295,931.1273446873256,272.4538835293906,32.038332068352474
2026-01-28 02:00:00+00:00,258.8,4394.14,1948.93,0.24000663,450.97,285.05,28.71,469.00596617811544,1840.8511049098227,1904.7066207481173,118.37149697111113,946.0191320551156,271.94070862349395,33.876111640803614,517.1155239445823,1834.6012150046938,1931.1120467195058,189.3907482052295,931.1273446873256,272.4538835293906,32.038332068352474,517.1155239445823,1834.6012150046938,1931.1120467195058,189.3907482052295,931.1273446873256,272.4538835293906,32.038332068352474
2026-01-28 03:00:00+00:00,272.9,4821.08,1952.44,0.22000235,472.54996,279.11,28.71,477.7494760144297,1880.4162065512035,1913.0848848254689,126.0704751990707,946.7886234950275,271.94070862349395,33.88443853617661,517.1155239445823,1834.6012150046938,1931.1120467195058,189.3907482052295,931.1273446873256,272.4538835293906,32.038332068352474,517.1155239445823,1834.6012150046938,1931.1120467195058,189.3907482052295,931.1273446873256,272.4538835293906,32.038332068352474
2026-01-28 04:00:00+00:00,304.7,4759.58,1972.25,0.20999259,482.62,277.07,28.71,488.92880036671335,1938.772084553029,1925.7956080517088,133.76945342703021,947.5581149349393,271.94070862349395,33.945492484992855,517.1155239445823,1834.6012150046938,1931.1120467195058,189.3907482052295,931.1273446873256,272.4538835293906,32.038332068352474,517.1155239445823,1834.6012150046938,1931.1120467195058,189.3907482052295,931.1273446873256,272.4538835293906,32.038332068352474
2026-01-28 05:00:00+00:00,379.65,4977.26,2018.12,7.850007,470.87,277.07,28.71,504.62978322098115,2078.1763444574813,1952.4026500175578,141.46843165498979,948.3276063748513,271.94070862349395,33.980564232354624,517.1155239445823,1834.6012150046938,1931.1120467195058,189.3907482052295,931.1273446873256,272.4538835293906,32.038332068352474,517.1155239445823,1834.6012150046938,1931.1120467195058,189.3907482052295,931.1273446873256,272.4538835293906,32.038332068352474
2026-01-28 06:00:00+00:00,466.6,5013.26,2128.3,478.93,541.95,278.4,28.71,515.1763951771225,2172.2515912483186,1972.8289874939371,149.16740988294933,949.0970978147632,271.94070862349395,33.84025748561178,517.1155239445823,1834.6012150046938,1931.1120467195058,189.3907482052295,931.1273446873256,272.4538835293906,32.038332068352474,517.1155239445823,1834.6012150046938,1931.1120467195058,189.3907482052295,931.1273446873256,272.4538835293906,32.038332068352474
2026-01-28 07:00:00+00:00,459.5,5269.57,2216.65,705.93,552.15,282.41,28.71,517.3058482643895,2205.112007812666,1981.074741330625,156.86638811090887,949.8665892546751,271.94070862349395,33.87665953527416,517.1155239445823,1834.6012150046938,1931.1120467195058,189.3907482052295,931.1273446873256,272.4538835293906,32.038332068352474,517.1155239445823,1834.6012150046938,1931.1120467195058,189.3907482052295,931.1273446873256,272.4538835293906,32.038332068352474
2026-01-28 08:00:00+00:00,465.0,5030.93,2215.1,429.38004,477.13,388.38,28.71,509.3080917310631,2194.345335611051,1980.886084197765,164.56536633886844,950.6360806945869,271.94070862349395,33.86893808189077,517.1155239445823,1834.6012150046938,1931.1120467195058,189.3907482052295,931.1273446873256,272.4538835293906,32.038332068352474,517.1155239445823,1834.6012150046938,1931.1120467195058,189.3907482052295,931.1273446873256,272.4538835293906,32.038332068352474
2026-01-28 09:00:00+00:00,474.0,5183.33,2168.19,285.7,464.4,476.51,28.71,506.4506695149145,2168.248581443216,1978.0658686273832,172.264344566828,951.4055721344988,271.94070862349395,33.79883213442029,517.1155239445823,1834.6012150046938,1931.1120467195058,189.3907482052295,931.1273446873256,272.4538835293906,32.038332068352474,517.1155239445823,1834.6012150046938,1931.1120467195058,189.3907482052295,931.1273446873256,272.4538835293906,32.038332068352474
2026-01-28 10:00:00+00:00,476.95,5166.23,2133.79,71.75,497.91,468.76,28.71,504.35687918979124,2152.65238762127,1978.7965189264066,179.96332279478753,952.1750635744107,271.94070862349395,33.725305291552516,517.1155239445823,1834.6012150046938,1931.1120467195058,189.3907482052295,931.1273446873256,272.4538835293906,32.038332068352474,517.1155239445823,1834.6012150046938,1931.1120467195058,189.3907482052295,931.1273446873256,272.4538835293906,32.038332068352474
2026-01-28 11:00:00+00:00,509.25,5066.47,2053.92,74.44,560.73,461.01,28.71,503.7184772643524,2183.615470209029,1988.1492230055865,187.66230102274707,952.9445550143225,271.94070862349395,33.65126002159146,517.1155239445823,1834.6012150046938,1931.1120467195058,189.3907482052295,931.1273446873256,272.4538835293906,32.038332068352474,517.1155239445823,1834.6012150046938,1931.1120467195058,189.3907482052295,931.1273446873256,272.4538835293906,32.038332068352474
2026-01-28 12:00:00+00:00,508.25,4912.36,2027.26,61.119995,559.26,406.98,28.71,509.21718786101087,2190.418319365914,1997.2161300098237,195.36127925070664,953.7140464542344,271.94070862349395,33.59989825774871,517.1155239445823,1834.6012150046938,1931.1120467195058,189.3907482052295,931.1273446873256,272.4538835293906,32.038332068352474,517.1155239445823,1834.6012150046938,1931.1120467195058,189.3907482052295,931.1273446873256,272.4538835293906,32.038332068352474
2026-01-28 13:00:00+00:00,504.0,4875.12,2037.86,46.399994,763.66,394.14,28.71,519.2019465003931,2213.4549994315753,2005.7885402730128,203.0602574786662,954.4835378941464,271.94070862349395,33.565190190667906,517.1155239445823,1834.6012150046938,1931.1120467195058,189.3907482052295,931.1273446873256,272.4538835293906,32.038332068352474,517.1155239445823,1834.6012150046938,1931.1120467195058,189.3907482052295,931.1273446873256,272.4538835293906,32.038332068352474
2026-01-28 14:00:00+00:00,502.25,4881.77,2077.09,2.729997,601.99,372.6,28.71,523.7590828423855,2216.729635761951,2014.2432248391012,210.75923570662573,955.2530293340583,271.94070862349395,33.65044006839503,517.1155239445823,1834.6012150046938,1931.1120467195058,189.3907482052295,931.1273446873256,272.4538835293906,32.038332068352474,517.1155239445823,1834.6012150046938,1931.1120467195058,189.3907482052295,931.1273446873256,272.4538835293906,32.038332068352474
2026-01-28 15:00:00+00:00,507.85,4888.67,2150.59,147.86,479.4,454.89,28.71,521.9979663944664,2244.368033031632,2021.2322515019612,218.45821393458527,956.0225207739701,271.94070862349395,33.79380642851097,517.1155239445823,1834.6012150046938,1931.1120467195058,189.3907482052295,931.1273446873256,272.4538835293906,32.038332068352474,517.1155239445823,1834.6012150046938,1931.1120467195058,189.3907482052295,931.1273446873256,272.4538835293906,32.038332068352474
2026-01-28 16:00:00+00:00,512.6,4899.22,2215.46,707.64,469.24,467.725,28.71,525.2466944017252,2271.694959357036,2030.919232667218,226.15719216254485,956.792012213882,271.94070862349395,33.94298580981082,517.1155239445823,1834.6012150046938,1931.1120467195058,189.3907482052295,931.1273446873256,272.4538835293906,32.038332068352474,517.1155239445823,1834.6012150046938,1931.1120467195058,189.3907482052295,931.1273446873256,272.4538835293906,32.038332068352474
2026-01-28 17:00:00+00:00,510.9,4799.55,2238.5,908.36,563.62,480.56,28.71,521.4580340103648,2243.019317645351,2033.6914562160541,233.8561703905044,957.5615036537939,271.94070862349395,34.050072092415526,517.1155239445823,1834.6012150046938,1931.1120467195058,189.3907482052295,931.1273446873256,272.4538835293906,32.038332068352474,517.1155239445823,1834.6012150046938,1931.1120467195058,189.3907482052295,931.1273446873256,272.4538835293906,32.038332068352474
2026-01-28 18:00:00+00:00,512.65,4524.3,2193.92,486.99,420.57,478.45996,28.71,513.392762013579,2236.9921002576234,2032.9230051293753,241.55514861846393,958.3309950937058,271.94070862349395,34.05694883010476,517.1155239445823,1834.6012150046938,1931.1120467195058,189.3907482052295,931.1273446873256,272.4538835293906,32.038332068352474,517.1155239445823,1834.6012150046938,1931.1120467195058,189.3907482052295,931.1273446873256,272.4538835293906,32.038332068352474
2026-01-28 19:00:00+00:00,428.0,4491.2,2116.71,29.860003,418.47,482.91998,28.71,505.58486485304115,2203.163595576938,2031.5034206088164,249.25412684642347,959.1004865336176,271.94070862349395,34.02875397176846,517.1155239445823,1834.6012150046938,1931.1120467195058,189.3907482052295,931.1273446873256,272.4538835293906,32.038332068352474,517.1155239445823,1834.6012150046938,1931.1120467195058,189.3907482052295,931.1273446873256,272.4538835293906,32.038332068352474
2026-01-28 20:00:00+00:00,347.4,4426.43,2043.12,0.3099987,388.62003,487.38,28.71,502.21516959686755,2141.436105076965,2028.4533382575398,256.953105074383,959.8699779735296,271.94070862349395,33.98829294021057,517.1155239445823,1834.6012150046938,1931.1120467195058,189.3907482052295,931.1273446873256,272.4538835293906,32.038332068352474,517.1155239445823,1834.6012150046938,1931.1120467195058,189.3907482052295,931.1273446873256,272.4538835293906,32.038332068352474
2026-01-28 21:00:00+00:00,337.9,4085.72,1994.58,0.3099987,376.63004,504.45,28.71,499.2855198328901,2068.707305726827,2022.8807065357398,264.6520833023426,960.6394694134415,271.94070862349395,34.003496673380276,517.1155239445823,1834.6012150046938,1931.1120467195058,189.3907482052295,931.1273446873256,272.4538835293906,32.038332068352474,517.1155239445823,1834.6012150046938,1931.1120467195058,189.3907482052295,931.1273446873256,272.4538835293906,32.038332068352474
2026-01-28 22:00:00+00:00,349.5,3959.51,1956.23,0.30000418,363.19003,424.09,28.71,498.1546461904231,1998.202118953837,2018.771818812545,272.3510615303021,961.4089608533534,271.94070862349395,34.01942530961627,517.1155239445823,1834.6012150046938,1931.1120467195058,189.3907482052295,931.1273446873256,272.4538835293906,32.038332068352474,517.1155239445823,1834.6012150046938,1931.1120467195058,189.3907482052295,931.1273446873256,272.4538835293906,32.038332068352474
2026-01-28 23:00:00+00:00,226.76,3980.29,1910.24,0.19999808,350.93008,279.17,28.71,496.91404540736977,1960.808545767895,2017.012573010056,280.0500397582617,962.1784522932652,271.94070862349395,34.03835140693423,517.1155239445823,1834.6012150046938,1931.1120467195058,189.3907482052295,931.1273446873256,272.4538835293906,32.038332068352474,517.1155239445823,1834.6012150046938,1931.1120467195058,189.3907482052295,931.1273446873256,272.4538835293906,32.038332068352474
2026-01-29 00:00:00+00:00,227.61,4015.79,1898.8,0.17999381,357.39005,277.23,28.71,483.9755229767926,1824.4858673327042,1897.2604399561883,102.97354051519204,944.4801491752918,271.94070862349395,34.026907493531844,517.1155239445823,1834.6012150046938,1931.1120467195058,189.3907482052295,931.1273446873256,272.4538835293906,32.038332068352474,517.1155239445823,1834.6012150046938,1931.1120467195058,189.3907482052295,931.1273446873256,272.4538835293906,32.038332068352474
2026-01-29 01:00:00+00:00,226.81001,3966.56,1889.25,0.17999381,362.00003,277.19,28.71,485.8345800033427,1835.4770318098776,1900.7250764234575,110.6725187431516,945.2496406152037,271.94070862349395,34.02175987282358,517.1155239445823,1834.6012150046938,1931.1120467195058,189.3907482052295,931.1273446873256,272.4538835293906,32.038332068352474,517.1155239445823,1834.6012150046938,1931.1120467195058,189.3907482052295,931.1273446873256,272.4538835293906,32.038332068352474
2026-01-29 02:00:00+00:00,223.11,3916.58,1884.49,0.17999381,370.33,277.23,28.71,487.3335462842334,1849.9669057638043,1906.5404211943887,118.37149697111113,946.0191320551156,271.94070862349395,34.00416422066898,517.1155239445823,1834.6012150046938,1931.1120467195058,189.3907482052295,931.1273446873256,272.4538835293906,32.038332068352474,517.1155239445823,1834.6012150046938,1931.1120467195058,189.3907482052295,931.1273446873256,272.4538835293906,32.038332068352474
2026-01-29 03:00:00+00:00,202.00002,3980.9,1893.95,0.17999381,397.00003,271.3,28.71,486.34732871102744,1869.3704412743587,1914.1143355860831,126.0704751990707,946.7886234950275,271.94070862349395,34.00046656166626,517.1155239445823,1834.6012150046938,1931.1120467195058,189.3907482052295,931.1273446873256,272.4538835293906,32.038332068352474,517.1155239445823,1834.6012150046938,1931.1120467195058,189.3907482052295,931.1273446873256,272.4538835293906,32.038332068352474
2026-01-29 04:00:00+00:00,226.35002,4328.59,1920.51,0.19999808,428.55,308.15,28.71,492.1473807252412,1955.1809900747617,1928.6481756931191,133.76945342703021,947.5581149349393,271.94070862349395,33.998376164547786,517.1155239445823,1834.6012150046938,1931.1120467195058,189.3907482052295,931.1273446873256,272.4538835293906,32.038332068352474,517.1155239445823,1834.6012150046938,1931.1120467195058,189.3907482052295,931.1273446873256,272.4538835293906,32.038332068352474
2026-01-29 05:00:00+00:00,326.9,4796.83,2001.07,7.5099955,448.22,352.54,28.71,507.53322593563894,2107.429356344308,1955.0519273178347,141.46843165498979,948.3276063748513,271.94070862349395,34.01472828632786,517.1155239445823,1834.6012150046938,1931.1120467195058,189.3907482052295,931.1273446873256,272.4538835293906,32.038332068352474,517.1155239445823,1834.6012150046938,1931.1120467195058,189.3907482052295,931.1273446873256,272.4538835293906,32.038332068352474
2026-01-29 06:00:00+00:00,444.2,4837.85,2104.77,288.79,472.01,356.36,28.71,523.9689991927071,2229.1110782356673,1976.6950847036585,149.16740988294933,949.0970978147632,271.94070862349395,34.00125392581957,517.1155239445823,1834.6012150046938,1931.1120467195058,189.3907482052295,931.1273446873256,272.4538835293906,32.038332068352474,517.1155239445823,1834.6012150046938,1931.1120467195058,189.3907482052295,931.1273446873256,272.4538835293906,32.038332068352474
2026-01-29 07:00:00+00:00,457.95,4845.7,2166.53,946.79,738.8,355.54,28.71,533.3050319250661,2293.408506806852,1989.5578755000888,156.86638811090887,949.8665892546751,271.94070862349395,34.001036860782996,517.1155239445823,1834.6012150046938,1931.1120467195058,189.3907482052295,931.1273446873256,272.4538835293906,32.038332068352474,517.1155239445823,1834.6012150046938,1931.1120467195058,189.3907482052295,931.1273446873256,272.4538835293906,32.038332068352474
2026-01-29 08:00:00+00:00,455.3,4843.33,2158.07,936.72,760.9,355.66,28.71,536.3621853651674,2313.9942748019325,1995.061216041127,164.56536633886844,950.6360806945869,271.94070862349395,33.97308361894252,517.1155239445823,1834.6012150046938,1931.1120467195058,189.3907482052295,931.1273446873256,272.4538835293906,32.038332068352474,517.1155239445823,1834.6012150046938,1931.1120467195058,189.3907482052295,931.1273446873256,272.4538835293906,32.038332068352474
2026-01-29 09:00:00+00:00,448.0,4918.02,2108.93,759.0801,688.88,361.22,28.71,536.4840549361777,2320.8807364289587,1998.225088093019,172.264344566828,951.4055721344988,271.94070862349395,33.93265768326547,517.1155239445823,1834.6012150046938,1931.1120467195058,189.3907482052295,931.1273446873256,272.4538835293906,32.038332068352474,517.1155239445823,1834.6012150046938,1931.1120467195058,189.3907482052295,931.1273446873256,272.4538835293906,32.038332068352474
2026-01-29 10:00:00+00:00,458.4,4833.4,2070.78,640.11,605.47,363.14,28.71,533.7786514503312,2326.3204245069005,2001.0617645527466,179.96332279478753,952.1750635744107,271.94070862349395,33.892231747588426,517.1155239445823,1834.6012150046938,1931.1120467195058,189.3907482052295,931.1273446873256,272.4538835293906,32.038332068352474,517.1155239445823,1834.6012150046938,1931.1120467195058,189.3907482052295,931.1273446873256,272.4538835293906,32.038332068352474
2026-01-29 11:00:00+00:00,461.9,4825.36,2009.61,157.68,454.29,363.61,28.71,530.114532985634,2331.9712983521504,2002.6017678500996,187.66230102274707,952.9445550143225,271.94070862349395,33.842113426722925,517.1155239445823,1834.6012150046938,1931.1120467195058,189.3907482052295,931.1273446873256,272.4538835293906,32.038332068352474,517.1155239445823,1834.6012150046938,1931.1120467195058,189.3907482052295,931.1273446873256,272.4538835293906,32.038332068352474
2026-01-29 12:00:00+00:00,456.3,4824.35,1990.16,74.75,579.69,363.31,28.71,526.7077674224105,2330.15618810989,2005.820460865761,195.36127925070664,953.7140464542344,271.94070862349395,33.846199518144175,517.1155239445823,1834.6012150046938,1931.1120467195058,189.3907482052295,931.1273446873256,272.4538835293906,32.038332068352474,517.1155239445823,1834.6012150046938,1931.1120467195058,189.3907482052295,931.1273446873256,272.4538835293906,32.038332068352474
2026-01-29 13:00:00+00:00,459.4,4833.04,2000.45,121.9,713.0,363.24,28.71,527.9702023971532,2316.6876018445546,2009.1838884562296,203.0602574786662,954.4835378941464,271.94070862349395,33.8561933293283,517.1155239445823,1834.6012150046938,1931.1120467195058,189.3907482052295,931.1273446873256,272.4538835293906,32.038332068352474,517.1155239445823,1834.6012150046938,1931.1120467195058,189.3907482052295,931.1273446873256,272.4538835293906,32.038332068352474
2026-01-29 14:00:00+00:00,474.2,4947.23,2039.16,94.61,649.86,363.47,28.71,530.7224525696438,2315.9787980597903,2014.9468289997558,210.75923570662573,955.2530293340583,271.94070862349395,33.86236987333352,517.1155239445823,1834.6012150046938,1931.1120467195058,189.3907482052295,931.1273446873256,272.4538835293906,32.038332068352474,517.1155239445823,1834.6012150046938,1931.1120467195058,189.3907482052295,931.1273446873256,272.4538835293906,32.038332068352474
2026-01-29 15:00:00+00:00,467.6,5533.87,2125.82,311.09,593.55,363.25,28.71,533.5277778906235,2315.4378107342254,2022.2898820701946,218.45821393458527,956.0225207739701,271.94070862349395,33.886625453821225,517.1155239445823,1834.6012150046938,1931.1120467195058,189.3907482052295,931.1273446873256,272.4538835293906,32.038332068352474,517.1155239445823,1834.6012150046938,1931.1120467195058,189.3907482052295,931.1273446873256,272.4538835293906,32.038332068352474
2026-01-29 16:00:00+00:00,463.15,5765.37,2220.31,877.0499,697.74,363.42,28.71,541.9517440200719,2340.7969450517844,2033.6249674672476,226.15719216254485,956.792012213882,271.94070862349395,33.92471922454774,517.1155239445823,1834.6012150046938,1931.1120467195058,189.3907482052295,931.1273446873256,272.4538835293906,32.038332068352474,517.1155239445823,1834.6012150046938,1931.1120467195058,189.3907482052295,931.1273446873256,272.4538835293906,32.038332068352474
2026-01-29 17:00:00+00:00,457.6,5398.33,2255.71,1036.88,915.54,363.57,28.71,543.9755065214479,2352.002826248437,2038.8083480789765,233.8561703905044,957.5615036537939,271.94070862349395,33.96281299527425,517.1155239445823,1834.6012150046938,1931.1120467195058,189.3907482052295,931.1273446873256,272.4538835293906,32.038332068352474,517.1155239445823,1834.6012150046938,1931.1120467195058,189.3907482052295,931.1273446873256,272.4538835293906,32.038332068352474
2026-01-29 18:00:00+00:00,455.75,5026.6997,2242.39,431.25,857.89,358.34,28.71,536.3114642827592,2344.4850814909055,2039.29445178288,241.55514861846393,958.3309950937058,271.94070862349395,33.994670423319214,517.1155239445823,1834.6012150046938,1931.1120467195058,189.3907482052295,931.1273446873256,272.4538835293906,32.038332068352474,517.1155239445823,1834.6012150046938,1931.1120467195058,189.3907482052295,931.1273446873256,272.4538835293906,32.038332068352474
2026-01-29 19:00:00+00:00,376.95,4841.63,2172.81,65.979996,578.87,358.87,28.71,526.1403188676568,2279.9707471047095,2034.9708395663515,249.25412684642347,959.1004865336176,271.94070862349395,33.984796264953246,517.1155239445823,1834.6012150046938,1931.1120467195058,189.3907482052295,931.1273446873256,272.4538835293906,32.038332068352474,517.1155239445823,1834.6012150046938,1931.1120467195058,189.3907482052295,931.1273446873256,272.4538835293906,32.038332068352474
2026-01-29 20:00:00+00:00,307.6,4686.4995,2096.72,59.759995,583.74,358.27,28.71,519.5192257050105,2210.2944471302844,2032.4028486527786,256.953105074383,959.8699779735296,271.94070862349395,33.99869426234186,517.1155239445823,1834.6012150046938,1931.1120467195058,189.3907482052295,931.1273446873256,272.4538835293906,32.038332068352474,517.1155239445823,1834.6012150046938,1931.1120467195058,189.3907482052295,931.1273446873256,272.4538835293906,32.038332068352474
2026-01-29 21:00:00+00:00,235.2,4623.1797,2027.22,2.6000073,427.42,319.41,28.71,519.1470496872553,2138.6442206040692,2027.5107578601373,264.6520833023426,960.6394694134415,271.94070862349395,34.03252017270634,517.1155239445823,1834.6012150046938,1931.1120467195058,189.3907482052295,931.1273446873256,272.4538835293906,32.038332068352474,517.1155239445823,1834.6012150046938,1931.1120467195058,189.3907482052295,931.1273446873256,272.4538835293906,32.038332068352474
2026-01-29 22:00:00+00:00,235.00002,4295.29,1975.65,0.25000113,414.97,277.31,28.71,513.9465879174129,2073.779525457291,2023.6384440139814,272.3510615303021,961.4089608533534,271.94070862349395,34.07718680799093,517.1155239445823,1834.6012150046938,1931.1120467195058,189.3907482052295,931.1273446873256,272.4538835293906,32.038332068352474,517.1155239445823,1834.6012150046938,1931.1120467195058,189.3907482052295,931.1273446873256,272.4538835293906,32.038332068352474
2026-01-29 23:00:00+00:00,214.10002,3985.11,1924.58,0.25000113,388.64005,263.47,28.71,505.00586238946454,2025.5072828600123,2022.0599358468735,280.0500397582617,962.1784522932652,271.94070862349395,34.20026167684419,517.1155239445823,1834.6012150046938,1931.1120467195058,189.3907482052295,931.1273446873256,272.4538835293906,32.038332068352474,517.1155239445823,1834.6012150046938,1931.1120467195058,189.3907482052295,931.1273446873256,272.4538835293906,32.038332068352474
2026-01-30 00:00:00+00:00,216.7,3746.19,1915.9,0.19000357,394.92,265.51,28.71,485.39515790410803,1872.909037907963,1901.4250345344471,102.97354051519204,944.4801491752918,271.94070862349395,34.1644051722743,517.1155239445823,1834.6012150046938,1931.1120467195058,189.3907482052295,931.1273446873256,272.4538835293906,32.038332068352474,517.1155239445823,1834.6012150046938,1931.1120467195058,189.3907482052295,931.1273446873256,272.4538835293906,32.038332068352474
2026-01-30 01:00:00+00:00,218.3,3664.76,1909.15,0.14999503,399.34,265.51,28.71,482.1054935687691,1855.9523282805028,1903.7065149107875,110.6725187431516,945.2496406152037,271.94070862349395,34.24353830890927,517.1155239445823,1834.6012150046938,1931.1120467195058,189.3907482052295,931.1273446873256,272.4538835293906,32.038332068352474,517.1155239445823,1834.6012150046938,1931.1120467195058,189.3907482052295,931.1273446873256,272.4538835293906,32.038332068352474
2026-01-30 02:00:00+00:00,221.8,3676.8901,1915.46,0.14000052,399.58,265.51,28.71,480.9117752453287,1861.8691971061687,1908.9780635061652,118.37149697111113,946.0191320551156,271.94070862349395,34.27112777224799,517.1155239445823,1834.6012150046938,1931.1120467195058,189.3907482052295,931.1273446873256,272.4538835293906,32.038332068352474,517.1155239445823,1834.6012150046938,1931.1120467195058,189.3907482052295,931.1273446873256,272.4538835293906,32.038332068352474
2026-01-30 03:00:00+00:00,233.3,3707.06,1936.41,0.1699993,431.86,259.57,28.71,484.6140412754738,1884.9677965767846,1916.8343055478347,126.0704751990707,946.7886234950275,271.94070862349395,34.26143548293029,517.1155239445823,1834.6012150046938,1931.1120467195058,189.3907482052295,931.1273446873256,272.4538835293906,32.038332068352474,517.1155239445823,1834.6012150046938,1931.1120467195058,189.3907482052295,931.1273446873256,272.4538835293906,32.038332068352474
2026-01-30 04:00:00+00:00,258.5,3899.48,1965.06,0.19000357,425.0,257.59,28.71,495.7288582507735,1946.3800021816241,1929.7002938888395,133.76945342703021,947.5581149349393,271.94070862349395,34.30195636863001,517.1155239445823,1834.6012150046938,1931.1120467195058,189.3907482052295,931.1273446873256,272.4538835293906,32.038332068352474,517.1155239445823,1834.6012150046938,1931.1120467195058,189.3907482052295,931.1273446873256,272.4538835293906,32.038332068352474
2026-01-30 05:00:00+00:00,284.2,4450.21,2069.15,22.809984,457.22,257.59,28.71,509.1038088417978,2067.4389062804717,1951.8973746082265,141.46843165498979,948.3276063748513,271.94070862349395,34.24329423869118,517.1155239445823,1834.6012150046938,1931.1120467195058,189.3907482052295,931.1273446873256,272.4538835293906,32.038332068352474,517.1155239445823,1834.6012150046938,1931.1120467195058,189.3907482052295,931.1273446873256,272.4538835293906,32.038332068352474
2026-01-30 06:00:00+00:00,320.7,4924.17,2186.86,671.65,461.66,257.59,28.71,519.4370572939639,2165.8159829995725,1972.4398474349077,149.16740988294933,949.0970978147632,271.94070862349395,34.202892961167635,517.1155239445823,1834.6012150046938,1931.1120467195058,189.3907482052295,931.1273446873256,272.4538835293906,32.038332068352474,517.1155239445823,1834.6012150046938,1931.1120467195058,189.3907482052295,931.1273446873256,272.4538835293906,32.038332068352474
2026-01-30 07:00:00+00:00,334.2,4927.33,2255.24,982.15,483.62,257.56,28.71,521.7317187212516,2199.1933258331924,1982.8151620419646,156.86638811090887,949.8665892546751,271.94070862349395,34.15949441854034,517.1155239445823,1834.6012150046938,1931.1120467195058,189.3907482052295,931.1273446873256,272.4538835293906,32.038332068352474,517.1155239445823,1834.6012150046938,1931.1120467195058,189.3907482052295,931.1273446873256,272.4538835293906,32.038332068352474
2026-01-30 08:00:00+00:00,324.9,4919.93,2249.3,591.81,547.55,257.52,28.71,522.9064452366717,2160.2823418991575,1979.527557308778,164.56536633886844,950.6360806945869,271.94070862349395,34.0432938848828,517.1155239445823,1834.6012150046938,1931.1120467195058,189.3907482052295,931.1273446873256,272.4538835293906,32.038332068352474,517.1155239445823,1834.6012150046938,1931.1120467195058,189.3907482052295,931.1273446873256,272.4538835293906,32.038332068352474
2026-01-30 09:00:00+00:00,310.4,4764.0195,2206.51,319.89,691.31,263.37,28.71,520.0945258705284,2107.3992753643374,1972.5666804800394,172.264344566828,951.4055721344988,271.94070862349395,33.929520717642184,517.1155239445823,1834.6012150046938,1931.1120467195058,189.3907482052295,931.1273446873256,272.4538835293906,32.038332068352474,517.1155239445823,1834.6012150046938,1931.1120467195058,189.3907482052295,931.1273446873256,272.4538835293906,32.038332068352474
2026-01-30 10:00:00+00:00,293.4,4899.25,2158.81,96.27,575.01,265.27,28.71,515.142691712643,2071.9649581228796,1969.4737260239963,179.96332279478753,952.1750635744107,271.94070862349395,33.843882505717325,517.1155239445823,1834.6012150046938,1931.1120467195058,189.3907482052295,931.1273446873256,272.4538835293906,32.038332068352474,517.1155239445823,1834.6012150046938,1931.1120467195058,189.3907482052295,931.1273446873256,272.4538835293906,32.038332068352474
2026-01-30 11:00:00+00:00,277.5,4461.26,2088.76,0.30000418,496.45,265.27,28.71,503.8583265279852,2052.795454723222,1968.866027657728,187.66230102274707,952.9445550143225,271.94070862349395,33.7279587803072,517.1155239445823,1834.6012150046938,1931.1120467195058,189.3907482052295,931.1273446873256,272.4538835293906,32.038332068352474,517.1155239445823,1834.6012150046938,1931.1120467195058,189.3907482052295,931.1273446873256,272.4538835293906,32.038332068352474
2026-01-30 12:00:00+00:00,273.1,4444.4,2059.61,0.30000418,501.24997,265.23,28.71,497.85857898357386,2049.031105477667,1975.332333313613,195.36127925070664,953.7140464542344,271.94070862349395,33.735137195435826,517.1155239445823,1834.6012150046938,1931.1120467195058,189.3907482052295,931.1273446873256,272.4538835293906,32.038332068352474,517.1155239445823,1834.6012150046938,1931.1120467195058,189.3907482052295,931.1273446873256,272.4538835293906,32.038332068352474
2026-01-30 13:00:00+00:00,268.59998,4463.54,2056.28,0.30000418,502.09,265.19,28.71,498.4167968865375,2044.3111864779617,1983.1644638732487,203.0602574786662,954.4835378941464,271.94070862349395,33.614731109280356,517.1155239445823,1834.6012150046938,1931.1120467195058,189.3907482052295,931.1273446873256,272.4538835293906,32.038332068352474,517.1155239445823,1834.6012150046938,1931.1120467195058,189.3907482052295,931.1273446873256,272.4538835293906,32.038332068352474
2026-01-30 14:00:00+00:00,268.59998,4746.09,2075.83,0.30000418,485.05,265.19,28.71,502.84439338204453,2064.4268762696047,1994.609563169343,210.75923570662573,955.2530293340583,271.94070862349395,33.59347283736336,517.1155239445823,1834.6012150046938,1931.1120467195058,189.3907482052295,931.1273446873256,272.4538835293906,32.038332068352474,517.1155239445823,1834.6012150046938,1931.1120467195058,189.3907482052295,931.1273446873256,272.4538835293906,32.038332068352474
2026-01-30 15:00:00+00:00,293.2,5238.78,2153.25,0.30000418,506.16,265.27,28.71,508.15778783933996,2103.7611294608787,2005.3019952927482,218.45821393458527,956.0225207739701,271.94070862349395,33.65676415668044,517.1155239445823,1834.6012150046938,1931.1120467195058,189.3907482052295,931.1273446873256,272.4538835293906,32.038332068352474,517.1155239445823,1834.6012150046938,1931.1120467195058,189.3907482052295,931.1273446873256,272.4538835293906,32.038332068352474
2026-01-30 16:00:00+00:00,295.25,4955.82,2236.28,0.30000418,533.6699,265.27,28.71,510.7509214786435,2116.5388715942768,2014.5892566353073,226.15719216254485,956.792012213882,271.94070862349395,33.91269560226953,517.1155239445823,1834.6012150046938,1931.1120467195058,189.3907482052295,931.1273446873256,272.4538835293906,32.038332068352474,517.1155239445823,1834.6012150046938,1931.1120467195058,189.3907482052295,931.1273446873256,272.4538835293906,32.038332068352474
2026-01-30 17:00:00+00:00,292.4,4959.09,2259.29,73.4,501.94,265.27,28.71,509.049313053746,2141.0363473139078,2020.5337398654315,233.8561703905044,957.5615036537939,271.94070862349395,33.98165055607114,517.1155239445823,1834.6012150046938,1931.1120467195058,189.3907482052295,931.1273446873256,272.4538835293906,32.038332068352474,517.1155239445823,1834.6012150046938,1931.1120467195058,189.3907482052295,931.1273446873256,272.4538835293906,32.038332068352474
2026-01-30 18:00:00+00:00,276.7,4833.94,2230.02,52.25,375.69003,265.27,28.71,502.10133320166784,2114.713559106699,2020.9709963934092,241.55514861846393,958.3309950937058,271.94070862349395,33.896221322720265,517.1155239445823,1834.6012150046938,1931.1120467195058,189.3907482052295,931.1273446873256,272.4538835293906,32.038332068352474,517.1155239445823,1834.6012150046938,1931.1120467195058,189.3907482052295,931.1273446873256,272.4538835293906,32.038332068352474
2026-01-30 19:00:00+00:00,258.4,4182.9,2141.09,1.0099957,335.72,265.31,28.71,492.79239823512677,2060.857660830523,2017.8748742594164,249.25412684642347,959.1004865336176,271.94070862349395,33.95103902048896,517.1155239445823,1834.6012150046938,1931.1120467195058,189.3907482052295,931.1273446873256,272.4538835293906,32.038332068352474,517.1155239445823,1834.6012150046938,1931.1120467195058,189.3907482052295,931.1273446873256,272.4538835293906,32.038332068352474
2026-01-30 20:00:00+00:00,250.10002,3355.1,2054.93,0.30000418,332.48,265.27,28.71,483.0662639102804,1994.232754831392,2014.9828502456157,256.953105074383,959.8699779735296,271.94070862349395,33.93468675584612,517.1155239445823,1834.6012150046938,1931.1120467195058,189.3907482052295,931.1273446873256,272.4538835293906,32.038332068352474,517.1155239445823,1834.6012150046938,1931.1120467195058,189.3907482052295,931.1273446873256,272.4538835293906,32.038332068352474
2026-01-30 21:00:00+00:00,236.3,3140.09,1995.94,0.30000418,332.58,265.27,28.71,484.5218899820084,1924.9923619481344,2012.4208014195774,264.6520833023426,960.6394694134415,271.94070862349395,33.907917194475075,517.1155239445823,1834.6012150046938,1931.1120467195058,189.3907482052295,931.1273446873256,272.4538835293906,32.038332068352474,517.1155239445823,1834.6012150046938,1931.1120467195058,189.3907482052295,931.1273446873256,272.4538835293906,32.038332068352474
2026-01-30 22:00:00+00:00,216.8,2902.59,1958.57,0.30000418,332.82004,265.27,28.71,480.0695017285781,1874.1925113287593,2010.3114497289644,272.3510615303021,961.4089608533534,271.94070862349395,33.88893129000731,517.1155239445823,1834.6012150046938,1931.1120467195058,189.3907482052295,931.1273446873256,272.4538835293906,32.038332068352474,517.1155239445823,1834.6012150046938,1931.1120467195058,189.3907482052295,931.1273446873256,272.4538835293906,32.038332068352474
2026-01-30 23:00:00+00:00,219.8,2941.68,1923.07,0.30000418,294.04,273.22,28.71,477.0951579691607,1818.47092640916,2008.7635496590274,280.0500397582617,962.1784522932652,271.94070862349395,33.88054464059996,517.1155239445823,1834.6012150046938,1931.1120467195058,189.3907482052295,931.1273446873256,272.4538835293906,32.038332068352474,517.1155239445823,1834.6012150046938,1931.1120467195058,189.3907482052295,931.1273446873256,272.4538835293906,32.038332068352474
2026-01-31 00:00:00+00:00,221.10002,2940.7,1916.45,0.24000663,306.75003,273.22,28.71,461.65550317011474,1752.28210663846,1891.4297115384388,103.20580664799635,939.668477701878,271.68137245102207,33.69813133125471,517.1155239445823,1834.6012150046938,1931.1120467195058,189.3907482052295,931.1273446873256,272.4538835293906,32.038332068352474,517.1155239445823,1834.6012150046938,1931.1120467195058,189.3907482052295,931.1273446873256,272.4538835293906,32.038332068352474
2026-01-31 01:00:00+00:00,222.00002,3022.76,1915.04,0.24000663,317.80002,273.22,28.71,461.317119867502,1734.8946177607647,1893.2962519069667,110.86851159502449,940.4205151112196,271.68137245102207,33.72059319063978,517.1155239445823,1834.6012150046938,1931.1120467195058,189.3907482052295,931.1273446873256,272.4538835293906,32.038332068352474,517.1155239445823,1834.6012150046938,1931.1120467195058,189.3907482052295,931.1273446873256,272.4538835293906,32.038332068352474
2026-01-31 02:00:00+00:00,224.90001,3029.65,1911.05,0.24000663,327.46,273.22,28.71,458.6665183352993,1718.5561513151988,1895.7594915513187,118.53121654205265,941.1725525205612,271.68137245102207,33.770889027678535,517.1155239445823,1834.6012150046938,1931.1120467195058,189.3907482052295,931.1273446873256,272.4538835293906,32.038332068352474,517.1155239445823,1834.6012150046938,1931.1120467195058,189.3907482052295,931.1273446873256,272.4538835293906,32.038332068352474
2026-01-31 03:00:00+00:00,235.40001,3175.08,1926.53,0.24000663,319.99002,263.33,28.71,459.69777081928527,1723.0916649739327,1900.4308058174997,126.1939214890808,941.9245899299028,271.68137245102207,33.77833562255529,517.1155239445823,1834.6012150046938,1931.1120467195058,189.3907482052295,931.1273446873256,272.4538835293906,32.038332068352474,517.1155239445823,1834.6012150046938,1931.1120467195058,189.3907482052295,931.1273446873256,272.4538835293906,32.038332068352474
2026-01-31 04:00:00+00:00,253.60002,3385.2,1945.57,0.24000663,327.50003,261.0,28.71,461.32380653679104,1732.822737131771,1904.3655294353753,133.85662643610894,942.6766273392445,271.68137245102207,33.815690719353604,517.1155239445823,1834.6012150046938,1931.1120467195058,189.3907482052295,931.1273446873256,272.4538835293906,32.038332068352474,517.1155239445823,1834.6012150046938,1931.1120467195058,189.3907482052295,931.1273446873256,272.4538835293906,32.038332068352474
2026-01-31 05:00:00+00:00,245.3,3304.9,2050.77,0.14000052,332.28,264.95,28.71,455.83086851570084,1786.0865599748397,1912.9771513935668,141.5193313831371,943.4286647485861,271.68137245102207,33.90090026295717,517.1155239445823,1834.6012150046938,1931.1120467195058,189.3907482052295,931.1273446873256,272.4538835293906,32.038332068352474,517.1155239445823,1834.6012150046938,1931.1120467195058,189.3907482052295,931.1273446873256,272.4538835293906,32.038332068352474
2026-01-31 06:00:00+00:00,249.2,3316.34,2184.49,0.22999686,340.94003,286.04,28.71,461.30397025937236,1858.7459346549083,1924.6584948424506,149.18203633016523,944.1807021579277,271.68137245102207,33.87355537532444,517.1155239445823,1834.6012150046938,1931.1120467195058,189.3907482052295,931.1273446873256,272.4538835293906,32.038332068352474,517.1155239445823,1834.6012150046938,1931.1120467195058,189.3907482052295,931.1273446873256,272.4538835293906,32.038332068352474
2026-01-31 07:00:00+00:00,261.1,3487.13,2243.42,0.28999442,379.75003,413.27,28.71,466.33603397250346,1914.424051046536,1934.9203698018114,156.84474127719338,944.9327395672693,271.68137245102207,33.88869306084836,517.1155239445823,1834.6012150046938,1931.1120467195058,189.3907482052295,931.1273446873256,272.4538835293906,32.038332068352474,517.1155239445823,1834.6012150046938,1931.1120467195058,189.3907482052295,931.1273446873256,272.4538835293906,32.038332068352474
2026-01-31 08:00:00+00:00,263.3,3611.77,2225.55,0.22999686,392.36002,491.81,28.71,471.71823297865603,1972.8447922417915,1940.659252658216,164.50744622422152,945.6847769766109,271.68137245102207,33.8130047825293,517.1155239445823,1834.6012150046938,1931.1120467195058,189.3907482052295,931.1273446873256,272.4538835293906,32.038332068352474,517.1155239445823,1834.6012150046938,1931.1120467195058,189.3907482052295,931.1273446873256,272.4538835293906,32.038332068352474
2026-01-31 09:00:00+00:00,263.05,3694.19,2172.41,0.22000235,412.29,425.73,28.71,475.56074158702154,1985.8587336891337,1939.5943057956285,172.17015117124967,946.4368143859526,271.68137245102207,33.64441596843963,517.1155239445823,1834.6012150046938,1931.1120467195058,189.3907482052295,931.1273446873256,272.4538835293906,32.038332068352474,517.1155239445823,1834.6012150046938,1931.1120467195058,189.3907482052295,931.1273446873256,272.4538835293906,32.038332068352474
2026-01-31 10:00:00+00:00,260.2,3806.2803,2113.47,31.929995,405.01004,292.88,28.71,476.2948706039158,1974.3521404294593,1935.959922970561,179.83285611827782,947.1888517952942,271.68137245102207,33.46850273586881,517.1155239445823,1834.6012150046938,1931.1120467195058,189.3907482052295,931.1273446873256,272.4538835293906,32.038332068352474,517.1155239445823,1834.6012150046938,1931.1120467195058,189.3907482052295,931.1273446873256,272.4538835293906,32.038332068352474
2026-01-31 11:00:00+00:00,254.35002,3885.05,2035.59,0.880006,378.30002,273.3,28.71,476.49359335915744,1952.5094618517192,1935.1556085584825,187.49556106530596,947.9408892046358,271.68137245102207,33.31029085235081,517.1155239445823,1834.6012150046938,1931.1120467195058,189.3907482052295,931.1273446873256,272.4538835293906,32.038332068352474,517.1155239445823,1834.6012150046938,1931.1120467195058,189.3907482052295,931.1273446873256,272.4538835293906,32.038332068352474
2026-01-31 12:00:00+00:00,251.2,3785.69,2009.3,0.20999259,370.23,273.34,28.71,469.8935062622665,1971.891513760161,1937.711827413815,195.1582660123341,948.6929266139774,271.68137245102207,33.30028059394516,517.1155239445823,1834.6012150046938,1931.1120467195058,189.3907482052295,931.1273446873256,272.4538835293906,32.038332068352474,517.1155239445823,1834.6012150046938,1931.1120467195058,189.3907482052295,931.1273446873256,272.4538835293906,32.038332068352474
2026-01-31 13:00:00+00:00,247.40001,3758.75,2023.68,0.25000113,356.93002,273.34,28.71,471.8013491014093,1998.4997776752368,1945.4520439142568,202.82097095936226,949.4449640233191,271.68137245102207,33.26231420690042,517.1155239445823,1834.6012150046938,1931.1120467195058,189.3907482052295,931.1273446873256,272.4538835293906,32.038332068352474,517.1155239445823,1834.6012150046938,1931.1120467195058,189.3907482052295,931.1273446873256,272.4538835293906,32.038332068352474
2026-01-31 14:00:00+00:00,253.90001,3990.17,2054.88,0.22000235,342.91,273.3,28.71,478.815800134883,2053.1813598212434,1961.1363855512782,210.4836759063904,950.1970014326607,271.68137245102207,33.35509251861569,517.1155239445823,1834.6012150046938,1931.1120467195058,189.3907482052295,931.1273446873256,272.4538835293906,32.038332068352474,517.1155239445823,1834.6012150046938,1931.1120467195058,189.3907482052295,931.1273446873256,272.4538835293906,32.038332068352474
2026-01-31 15:00:00+00:00,268.95,4025.86,2153.58,0.97999686,344.27,274.75,28.71,489.9271804188217,2112.385920784026,1979.1882304540036,218.14638085341855,950.9490388420023,271.68137245102207,33.51110748226041,517.1155239445823,1834.6012150046938,1931.1120467195058,189.3907482052295,931.1273446873256,272.4538835293906,32.038332068352474,517.1155239445823,1834.6012150046938,1931.1120467195058,189.3907482052295,931.1273446873256,272.4538835293906,32.038332068352474
2026-01-31 16:00:00+00:00,287.6,4180.62,2217.87,486.2,335.08,375.21,28.71,495.89710214138313,2169.1324009072005,1995.7971391215567,225.8090858004467,951.7010762513439,271.68137245102207,33.707652450399344,517.1155239445823,1834.6012150046938,1931.1120467195058,189.3907482052295,931.1273446873256,272.4538835293906,32.038332068352474,517.1155239445823,1834.6012150046938,1931.1120467195058,189.3907482052295,931.1273446873256,272.4538835293906,32.038332068352474
2026-01-31 17:00:00+00:00,288.1,4246.14,2244.01,608.09,335.68008,446.48,28.71,501.1055060757215,2188.9838190636915,2002.9640748118363,233.4717907474748,952.4531136606856,271.68137245102207,33.75294313361524,517.1155239445823,1834.6012150046938,1931.1120467195058,189.3907482052295,931.1273446873256,272.4538835293906,32.038332068352474,517.1155239445823,1834.6012150046938,1931.1120467195058,189.3907482052295,931.1273446873256,272.4538835293906,32.038332068352474
2026-01-31 18:00:00+00:00,285.69998,4196.61,2216.78,400.55,331.78006,416.72,28.71,498.17410639181975,2170.8938112876576,2004.9124699508957,241.134495694503,953.2051510700272,271.68137245102207,33.692270269105016,517.1155239445823,1834.6012150046938,1931.1120467195058,189.3907482052295,931.1273446873256,272.4538835293906,32.038332068352474,517.1155239445823,1834.6012150046938,1931.1120467195058,189.3907482052295,931.1273446873256,272.4538835293906,32.038332068352474
2026-01-31 19:00:00+00:00,257.6,3977.77,2124.81,0.5299999,312.63998,462.87,28.71,493.1589633579064,2105.214894172151,2001.398667796097,248.79720064153113,953.9571884793688,271.68137245102207,33.71509899445571,517.1155239445823,1834.6012150046938,1931.1120467195058,189.3907482052295,931.1273446873256,272.4538835293906,32.038332068352474,517.1155239445823,1834.6012150046938,1931.1120467195058,189.3907482052295,931.1273446873256,272.4538835293906,32.038332068352474
2026-01-31 20:00:00+00:00,245.2,3970.61,2042.5,0.30000418,309.65,362.05,28.71,490.8152886628683,2052.445533227552,2001.313900563418,256.4599055885593,954.7092258887104,271.68137245102207,33.75050179104147,517.1155239445823,1834.6012150046938,1931.1120467195058,189.3907482052295,931.1273446873256,272.4538835293906,32.038332068352474,517.1155239445823,1834.6012150046938,1931.1120467195058,189.3907482052295,931.1273446873256,272.4538835293906,32.038332068352474
2026-01-31 21:00:00+00:00,232.90001,3919.94,1989.53,0.30000418,298.74002,273.22,28.71,492.02448572116106,2022.1218457257348,2003.0417495962638,264.1226105355874,955.461263298052,271.68137245102207,33.75050179104147,517.1155239445823,1834.6012150046938,1931.1120467195058,189.3907482052295,931.1273446873256,272.4538835293906,32.038332068352474,517.1155239445823,1834.6012150046938,1931.1120467195058,189.3907482052295,931.1273446873256,272.4538835293906,32.038332068352474
2026-01-31 22:00:00+00:00,213.60002,3777.23,1956.46,0.30000418,300.55002,273.22,28.71,489.7762245864502,1974.6552836981627,2001.518973829001,271.78531548261554,956.2133007073937,271.68137245102207,33.75575139297501,517.1155239445823,1834.6012150046938,1931.1120467195058,189.3907482052295,931.1273446873256,272.4538835293906,32.038332068352474,517.1155239445823,1834.6012150046938,1931.1120467195058,189.3907482052295,931.1273446873256,272.4538835293906,32.038332068352474
2026-01-31 23:00:00+00:00,207.2,3182.34,1918.97,0.30000418,293.85,273.18,28.71,485.5826853185295,1894.525361999806,1997.8115571836381,279.44802042964375,956.9653381167353,271.68137245102207,33.76612842044648,517.1155239445823,1834.6012150046938,1931.1120467195058,189.3907482052295,931.1273446873256,272.4538835293906,32.038332068352474,517.1155239445823,1834.6012150046938,1931.1120467195058,189.3907482052295,931.1273446873256,272.4538835293906,32.038332068352474
2026-02-01 00:00:00+00:00,208.10002,2904.39,1910.43,53.03,301.46,273.18,28.71,471.9756726446554,1755.2108738578613,1879.812786076123,103.20580664799635,939.668477701878,271.68137245102207,33.76808081913915,517.1155239445823,1834.6012150046938,1931.1120467195058,189.3907482052295,931.1273446873256,272.4538835293906,32.038332068352474,517.1155239445823,1834.6012150046938,1931.1120467195058,189.3907482052295,931.1273446873256,272.4538835293906,32.038332068352474
2026-02-01 01:00:00+00:00,209.3,2889.27,1908.65,2.1000073,304.87003,273.18,28.71,469.6586243026874,1752.974368047038,1882.0665850758949,110.86851159502449,940.4205151112196,271.68137245102207,33.78077706360918,517.1155239445823,1834.6012150046938,1931.1120467195058,189.3907482052295,931.1273446873256,272.4538835293906,32.038332068352474,517.1155239445823,1834.6012150046938,1931.1120467195058,189.3907482052295,931.1273446873256,272.4538835293906,32.038332068352474
2026-02-01 02:00:00+00:00,208.00002,2787.04,1908.39,0.24000663,299.46,273.18,28.71,468.9565527865351,1751.1526007851128,1885.4461216830127,118.53121654205265,941.1725525205612,271.68137245102207,33.79078727277477,517.1155239445823,1834.6012150046938,1931.1120467195058,189.3907482052295,931.1273446873256,272.4538835293906,32.038332068352474,517.1155239445823,1834.6012150046938,1931.1120467195058,189.3907482052295,931.1273446873256,272.4538835293906,32.038332068352474
2026-02-01 03:00:00+00:00,220.00002,2800.94,1929.79,0.25999564,302.44003,267.25,28.71,469.91736826106813,1765.2791173370806,1891.0071324994917,126.1939214890808,941.9245899299028,271.68137245102207,33.785782217432036,517.1155239445823,1834.6012150046938,1931.1120467195058,189.3907482052295,931.1273446873256,272.4538835293906,32.038332068352474,517.1155239445823,1834.6012150046938,1931.1120467195058,189.3907482052295,931.1273446873256,272.4538835293906,32.038332068352474
2026-02-01 04:00:00+00:00,236.7,2833.16,1963.21,0.28999442,293.76004,265.31,28.71,472.25158270737387,1762.739997112778,1895.3804069542355,133.85662643610894,942.6766273392445,271.68137245102207,33.785904489147114,517.1155239445823,1834.6012150046938,1931.1120467195058,189.3907482052295,931.1273446873256,272.4538835293906,32.038332068352474,517.1155239445823,1834.6012150046938,1931.1120467195058,189.3907482052295,931.1273446873256,272.4538835293906,32.038332068352474
2026-02-01 05:00:00+00:00,244.90001,2912.03,2056.7,0.30000418,291.47,265.27,28.71,475.799313022017,1775.1529232065836,1901.2438097154593,141.5193313831371,943.4286647485861,271.68137245102207,33.773452692787764,517.1155239445823,1834.6012150046938,1931.1120467195058,189.3907482052295,931.1273446873256,272.4538835293906,32.038332068352474,517.1155239445823,1834.6012150046938,1931.1120467195058,189.3907482052295,931.1273446873256,272.4538835293906,32.038332068352474
2026-02-01 06:00:00+00:00,248.40001,2947.76,2178.63,5.149995,282.56003,265.31,28.71,479.9965381923115,1802.7713369362164,1909.9220318949879,149.18203633016523,944.1807021579277,271.68137245102207,33.745741085329286,517.1155239445823,1834.6012150046938,1931.1120467195058,189.3907482052295,931.1273446873256,272.4538835293906,32.038332068352474,517.1155239445823,1834.6012150046938,1931.1120467195058,189.3907482052295,931.1273446873256,272.4538835293906,32.038332068352474
2026-02-01 07:00:00+00:00,254.10002,2963.8,2253.48,0.30000418,289.70004,265.31,28.71,483.94706112295466,1854.5606574124483,1919.0461966888427,156.84474127719338,944.9327395672693,271.68137245102207,33.756362659391556,517.1155239445823,1834.6012150046938,1931.1120467195058,189.3907482052295,931.1273446873256,272.4538835293906,32.038332068352474,517.1155239445823,1834.6012150046938,1931.1120467195058,189.3907482052295,931.1273446873256,272.4538835293906,32.038332068352474
2026-02-01 08:00:00+00:00,253.7,2940.48,2236.63,0.2700054,290.18002,265.27,28.71,485.2999841309465,1890.3925974351794,1927.277647373195,164.50744622422152,945.6847769766109,271.68137245102207,33.741836386424055,517.1155239445823,1834.6012150046938,1931.1120467195058,189.3907482052295,931.1273446873256,272.4538835293906,32.038332068352474,517.1155239445823,1834.6012150046938,1931.1120467195058,189.3907482052295,931.1273446873256,272.4538835293906,32.038332068352474
2026-02-01 09:00:00+00:00,252.90001,2947.52,2195.18,0.24000663,289.53,271.24,28.71,482.0427348786336,1903.8822836205095,1931.4508754377478,172.17015117124967,946.4368143859526,271.68137245102207,33.668711820873966,517.1155239445823,1834.6012150046938,1931.1120467195058,189.3907482052295,931.1273446873256,272.4538835293906,32.038332068352474,517.1155239445823,1834.6012150046938,1931.1120467195058,189.3907482052295,931.1273446873256,272.4538835293906,32.038332068352474
2026-02-01 10:00:00+00:00,250.50002,2937.33,2162.62,0.39000052,288.48,273.22,28.71,482.02150673230886,1880.6096225052609,1931.3141617310812,179.83285611827782,947.1888517952942,271.68137245102207,33.55774302084486,517.1155239445823,1834.6012150046938,1931.1120467195058,189.3907482052295,931.1273446873256,272.4538835293906,32.038332068352474,517.1155239445823,1834.6012150046938,1931.1120467195058,189.3907482052295,931.1273446873256,272.4538835293906,32.038332068352474
2026-02-01 11:00:00+00:00,246.7,2927.82,2083.4,0.30000418,282.17,273.26,28.71,478.9139531684947,1868.3312521675268,1931.4411560236863,187.49556106530596,947.9408892046358,271.68137245102207,33.45177942229836,517.1155239445823,1834.6012150046938,1931.1120467195058,189.3907482052295,931.1273446873256,272.4538835293906,32.038332068352474,517.1155239445823,1834.6012150046938,1931.1120467195058,189.3907482052295,931.1273446873256,272.4538835293906,32.038332068352474
2026-02-01 12:00:00+00:00,243.60002,2955.03,2059.25,0.30000418,280.35,273.3,28.71,473.72106099138864,1859.304931591197,1932.8108551939292,195.1582660123341,948.6929266139774,271.68137245102207,33.42626470930298,517.1155239445823,1834.6012150046938,1931.1120467195058,189.3907482052295,931.1273446873256,272.4538835293906,32.038332068352474,517.1155239445823,1834.6012150046938,1931.1120467195058,189.3907482052295,931.1273446873256,272.4538835293906,32.038332068352474
2026-02-01 13:00:00+00:00,240.2,2956.92,2056.66,0.30000418,278.70004,273.3,28.71,472.9535064172806,1877.1865746592327,1938.0832250497836,202.82097095936226,949.4449640233191,271.68137245102207,33.33336412429231,517.1155239445823,1834.6012150046938,1931.1120467195058,189.3907482052295,931.1273446873256,272.4538835293906,32.038332068352474,517.1155239445823,1834.6012150046938,1931.1120467195058,189.3907482052295,931.1273446873256,272.4538835293906,32.038332068352474
2026-02-01 14:00:00+00:00,267.19998,3135.17,2107.35,0.30000418,275.38004,273.26,28.71,478.18085807986836,1922.3355790181897,1949.9709680422832,210.4836759063904,950.1970014326607,271.68137245102207,33.31029085235081,517.1155239445823,1834.6012150046938,1931.1120467195058,189.3907482052295,931.1273446873256,272.4538835293906,32.038332068352474,517.1155239445823,1834.6012150046938,1931.1120467195058,189.3907482052295,931.1273446873256,272.4538835293906,32.038332068352474
2026-02-01 15:00:00+00:00,271.1,3675.19,2210.36,0.30000418,278.70004,273.26,28.71,483.8274572037733,1985.114689461573,1965.5630413280899,218.14638085341855,950.9490388420023,271.68137245102207,33.38317096820991,517.1155239445823,1834.6012150046938,1931.1120467195058,189.3907482052295,931.1273446873256,272.4538835293906,32.038332068352474,517.1155239445823,1834.6012150046938,1931.1120467195058,189.3907482052295,931.1273446873256,272.4538835293906,32.038332068352474
2026-02-01 16:00:00+00:00,296.2,4037.78,2288.7,238.37,286.72,289.58,28.71,495.44123747940074,2052.9850510652795,1982.3115133877786,225.8090858004467,951.7010762513439,271.68137245102207,33.62964510122159,517.1155239445823,1834.6012150046938,1931.1120467195058,189.3907482052295,931.1273446873256,272.4538835293906,32.038332068352474,517.1155239445823,1834.6012150046938,1931.1120467195058,189.3907482052295,931.1273446873256,272.4538835293906,32.038332068352474
2026-02-01 17:00:00+00:00,297.1,3900.35,2305.42,399.57,287.54,384.11,28.71,496.2403950632877,2086.3208860386635,1991.1094474055253,233.4717907474748,952.4531136606856,271.68137245102207,33.74464077655153,517.1155239445823,1834.6012150046938,1931.1120467195058,189.3907482052295,931.1273446873256,272.4538835293906,32.038332068352474,517.1155239445823,1834.6012150046938,1931.1120467195058,189.3907482052295,931.1273446873256,272.4538835293906,32.038332068352474
2026-02-01 18:00:00+00:00,296.0,3950.04,2279.63,262.58,279.08,356.96,28.71,490.4717457806023,2093.326069194101,1995.1542590265176,241.134495694503,953.2051510700272,271.68137245102207,33.74464077655153,517.1155239445823,1834.6012150046938,1931.1120467195058,189.3907482052295,931.1273446873256,272.4538835293906,32.038332068352474,517.1155239445823,1834.6012150046938,1931.1120467195058,189.3907482052295,931.1273446873256,272.4538835293906,32.038332068352474
2026-02-01 19:00:00+00:00,269.3,3896.06,2194.22,126.9,270.11002,354.08,28.71,491.2947482328655,2052.7942389475124,1997.9288389158012,248.79720064153113,953.9571884793688,271.68137245102207,33.81251574016809,517.1155239445823,1834.6012150046938,1931.1120467195058,189.3907482052295,931.1273446873256,272.4538835293906,32.038332068352474,517.1155239445823,1834.6012150046938,1931.1120467195058,189.3907482052295,931.1273446873256,272.4538835293906,32.038332068352474
2026-02-01 20:00:00+00:00,235.60002,3758.77,2105.85,0.30000418,272.22,354.14,28.71,482.1931837795527,1984.9161288656583,1999.046290260516,256.4599055885593,954.7092258887104,271.68137245102207,33.84791843827372,517.1155239445823,1834.6012150046938,1931.1120467195058,189.3907482052295,931.1273446873256,272.4538835293906,32.038332068352474,517.1155239445823,1834.6012150046938,1931.1120467195058,189.3907482052295,931.1273446873256,272.4538835293906,32.038332068352474
2026-02-01 21:00:00+00:00,223.3,3579.79,2034.03,0.30000418,270.61008,354.06,28.71,482.79373335749796,1930.0531735570237,1999.5288172712162,264.1226105355874,955.461263298052,271.68137245102207,33.86342294210351,517.1155239445823,1834.6012150046938,1931.1120467195058,189.3907482052295,931.1273446873256,272.4538835293906,32.038332068352474,517.1155239445823,1834.6012150046938,1931.1120467195058,189.3907482052295,931.1273446873256,272.4538835293906,32.038332068352474
2026-02-01 22:00:00+00:00,209.40001,3236.15,1985.76,0.30000418,274.92,354.8,28.71,472.9686033838313,1847.8221998346535,1994.2821614140937,271.78531548261554,956.2133007073937,271.68137245102207,33.88149101256241,517.1155239445823,1834.6012150046938,1931.1120467195058,189.3907482052295,931.1273446873256,272.4538835293906,32.038332068352474,517.1155239445823,1834.6012150046938,1931.1120467195058,189.3907482052295,931.1273446873256,272.4538835293906,32.038332068352474
2026-02-01 23:00:00+00:00,216.50002,3273.59,1932.37,0.30000418,277.96,277.57,28.71,465.80748809724594,1770.3265232828544,1991.0578270262313,279.44802042964375,956.9653381167353,271.68137245102207,33.88905987915424,517.1155239445823,1834.6012150046938,1931.1120467195058,189.3907482052295,931.1273446873256,272.4538835293906,32.038332068352474,517.1155239445823,1834.6012150046938,1931.1120467195058,189.3907482052295,931.1273446873256,272.4538835293906,32.038332068352474
2026-02-02 00:00:00+00:00,210.50002,3183.29,1913.68,0.24000663,275.44003,277.57,28.71,447.6861553071737,1650.4051264731052,1871.0109119016965,103.20580664799635,939.668477701878,271.68137245102207,33.920068737513304,517.1155239445823,1834.6012150046938,1931.1120467195058,189.3907482052295,931.1273446873256,272.4538835293906,32.038332068352474,517.1155239445823,1834.6012150046938,1931.1120467195058,189.3907482052295,931.1273446873256,272.4538835293906,32.038332068352474
2026-02-02 01:00:00+00:00,212.50002,3195.64,1900.19,0.2700054,284.99002,276.7,28.71,445.45378544898574,1640.435253221874,1875.4430695297704,110.86851159502449,940.4205151112196,271.68137245102207,33.89479857110872,517.1155239445823,1834.6012150046938,1931.1120467195058,189.3907482052295,931.1273446873256,272.4538835293906,32.038332068352474,517.1155239445823,1834.6012150046938,1931.1120467195058,189.3907482052295,931.1273446873256,272.4538835293906,32.038332068352474
2026-02-02 02:00:00+00:00,219.10002,3232.2402,1897.29,0.30000418,288.50003,274.05,28.71,447.4576849531685,1642.3751049830362,1881.6068538997279,118.53121654205265,941.1725525205612,271.68137245102207,33.9303234932697,517.1155239445823,1834.6012150046938,1931.1120467195058,189.3907482052295,931.1273446873256,272.4538835293906,32.038332068352474,517.1155239445823,1834.6012150046938,1931.1120467195058,189.3907482052295,931.1273446873256,272.4538835293906,32.038332068352474
2026-02-02 03:00:00+00:00,233.7,3238.6,1913.71,0.30000418,284.24002,267.25,28.71,450.48406641164604,1681.249824406734,1890.6000850081741,126.1939214890808,941.9245899299028,271.68137245102207,33.98892168737217,517.1155239445823,1834.6012150046938,1931.1120467195058,189.3907482052295,931.1273446873256,272.4538835293906,32.038332068352474,517.1155239445823,1834.6012150046938,1931.1120467195058,189.3907482052295,931.1273446873256,272.4538835293906,32.038332068352474
2026-02-02 04:00:00+00:00,256.6,3131.85,1941.72,0.24000663,281.66,265.31,28.71,460.02816187897633,1761.9501213966876,1906.6699150649288,133.85662643610894,942.6766273392445,271.68137245102207,34.04239260207657,517.1155239445823,1834.6012150046938,1931.1120467195058,189.3907482052295,931.1273446873256,272.4538835293906,32.038332068352474,517.1155239445823,1834.6012150046938,1931.1120467195058,189.3907482052295,931.1273446873256,272.4538835293906,32.038332068352474
2026-02-02 05:00:00+00:00,293.6,3172.01,2013.58,50.490005,310.59995,265.35,28.71,473.37349704866836,1938.7506940534813,1937.4276962182705,141.5193313831371,943.4286647485861,271.68137245102207,34.0958633706411,517.1155239445823,1834.6012150046938,1931.1120467195058,189.3907482052295,931.1273446873256,272.4538835293906,32.038332068352474,517.1155239445823,1834.6012150046938,1931.1120467195058,189.3907482052295,931.1273446873256,272.4538835293906,32.038332068352474
2026-02-02 06:00:00+00:00,329.5,3217.53,2136.06,145.15,308.27,265.39,28.71,489.4251872835592,2068.102603591904,1959.7052823779666,149.18203633016523,944.1807021579277,271.68137245102207,34.06363569938072,517.1155239445823,1834.6012150046938,1931.1120467195058,189.3907482052295,931.1273446873256,272.4538835293906,32.038332068352474,517.1155239445823,1834.6012150046938,1931.1120467195058,189.3907482052295,931.1273446873256,272.4538835293906,32.038332068352474
2026-02-02 07:00:00+00:00,319.5,3247.5503,2206.51,700.44,367.63004,265.39,28.71,491.9951950501757,2126.294742265803,1969.4882182794981,156.84474127719338,944.9327395672693,271.68137245102207,34.05557779042768,517.1155239445823,1834.6012150046938,1931.1120467195058,189.3907482052295,931.1273446873256,272.4538835293906,32.038332068352474,517.1155239445823,1834.6012150046938,1931.1120467195058,189.3907482052295,931.1273446873256,272.4538835293906,32.038332068352474
2026-02-02 08:00:00+00:00,312.7,3265.64,2203.35,418.62,346.77,265.35,28.71,482.04907390100897,2103.26463904157,1970.5025718701827,164.50744622422152,945.6847769766109,271.68137245102207,34.04263705018724,517.1155239445823,1834.6012150046938,1931.1120467195058,189.3907482052295,931.1273446873256,272.4538835293906,32.038332068352474,517.1155239445823,1834.6012150046938,1931.1120467195058,189.3907482052295,931.1273446873256,272.4538835293906,32.038332068352474
2026-02-02 09:00:00+00:00,296.49997,3120.06,2162.63,260.23,352.30002,283.11,28.71,476.2173742232476,2070.2474914558943,1975.629516157689,172.17015117124967,946.4368143859526,271.68137245102207,33.9459501226747,517.1155239445823,1834.6012150046938,1931.1120467195058,189.3907482052295,931.1273446873256,272.4538835293906,32.038332068352474,517.1155239445823,1834.6012150046938,1931.1120467195058,189.3907482052295,931.1273446873256,272.4538835293906,32.038332068352474
2026-02-02 10:00:00+00:00,275.0,3171.88,2113.14,206.32,394.77,285.05,28.71,470.698243887957,1999.2512989554607,1974.5660379589388,179.83285611827782,947.1888517952942,271.68137245102207,33.805072916043514,517.1155239445823,1834.6012150046938,1931.1120467195058,189.3907482052295,931.1273446873256,272.4538835293906,32.038332068352474,517.1155239445823,1834.6012150046938,1931.1120467195058,189.3907482052295,931.1273446873256,272.4538835293906,32.038332068352474
2026-02-02 11:00:00+00:00,295.34998,3178.35,2035.87,183.9,411.82004,285.09,28.71,465.6866708805584,1989.130180408028,1972.502622257401,187.49556106530596,947.9408892046358,271.68137245102207,33.656626795160754,517.1155239445823,1834.6012150046938,1931.1120467195058,189.3907482052295,931.1273446873256,272.4538835293906,32.038332068352474,517.1155239445823,1834.6012150046938,1931.1120467195058,189.3907482052295,931.1273446873256,272.4538835293906,32.038332068352474
2026-02-02 12:00:00+00:00,317.4,3164.38,2011.6,236.12,445.32,285.09,28.71,468.14103001294546,2016.0207379746848,1974.4359037096378,195.1582660123341,948.6929266139774,271.68137245102207,33.60596418747586,517.1155239445823,1834.6012150046938,1931.1120467195058,189.3907482052295,931.1273446873256,272.4538835293906,32.038332068352474,517.1155239445823,1834.6012150046938,1931.1120467195058,189.3907482052295,931.1273446873256,272.4538835293906,32.038332068352474
2026-02-02 13:00:00+00:00,318.83,3160.76,2017.96,163.75,491.55,285.09,28.71,469.0799844721559,2040.6343790262774,1981.9716209411988,202.82097095936226,949.4449640233191,271.68137245102207,33.531376265594304,517.1155239445823,1834.6012150046938,1931.1120467195058,189.3907482052295,931.1273446873256,272.4538835293906,32.038332068352474,517.1155239445823,1834.6012150046938,1931.1120467195058,189.3907482052295,931.1273446873256,272.4538835293906,32.038332068352474
2026-02-02 14:00:00+00:00,413.27,3111.28,2050.85,3.979997,414.28,285.09,28.71,479.0519059177309,2070.66519497493,1994.9324010291098,210.4836759063904,950.1970014326607,271.68137245102207,33.56494879064292,517.1155239445823,1834.6012150046938,1931.1120467195058,189.3907482052295,931.1273446873256,272.4538835293906,32.038332068352474,517.1155239445823,1834.6012150046938,1931.1120467195058,189.3907482052295,931.1273446873256,272.4538835293906,32.038332068352474
2026-02-02 15:00:00+00:00,516.62,3342.54,2137.62,73.88,383.9,285.41,28.71,491.5490791420046,2119.3840699478537,2007.7129449429895,218.14638085341855,950.9490388420023,271.68137245102207,33.66371043780328,517.1155239445823,1834.6012150046938,1931.1120467195058,189.3907482052295,931.1273446873256,272.4538835293906,32.038332068352474,517.1155239445823,1834.6012150046938,1931.1120467195058,189.3907482052295,931.1273446873256,272.4538835293906,32.038332068352474
2026-02-02 16:00:00+00:00,408.7,3667.2,2229.79,332.59,448.76004,366.74,28.71,500.2309518497473,2127.4176079199287,2017.0537179149262,225.8090858004467,951.7010762513439,271.68137245102207,33.81948078336759,517.1155239445823,1834.6012150046938,1931.1120467195058,189.3907482052295,931.1273446873256,272.4538835293906,32.038332068352474,517.1155239445823,1834.6012150046938,1931.1120467195058,189.3907482052295,931.1273446873256,272.4538835293906,32.038332068352474
2026-02-02 17:00:00+00:00,403.6,3655.07,2263.72,801.91,454.04,401.16,28.71,502.47445671719345,2137.3456693185562,2023.0103660309303,233.4717907474748,952.4531136606856,271.68137245102207,34.02579151256145,517.1155239445823,1834.6012150046938,1931.1120467195058,189.3907482052295,931.1273446873256,272.4538835293906,32.038332068352474,517.1155239445823,1834.6012150046938,1931.1120467195058,189.3907482052295,931.1273446873256,272.4538835293906,32.038332068352474
2026-02-02 18:00:00+00:00,339.4,3549.7,2229.74,879.94,556.16,366.9,28.71,496.8124196521647,2121.8161062432378,2021.9949783316001,241.134495694503,953.2051510700272,271.68137245102207,34.07389045513711,517.1155239445823,1834.6012150046938,1931.1120467195058,189.3907482052295,931.1273446873256,272.4538835293906,32.038332068352474,517.1155239445823,1834.6012150046938,1931.1120467195058,189.3907482052295,931.1273446873256,272.4538835293906,32.038332068352474
2026-02-02 19:00:00+00:00,303.1,3312.38,2138.93,29.789995,376.1,365.94,28.71,488.5918200295281,2076.835024702624,2016.861706254689,248.79720064153113,953.9571884793688,271.68137245102207,34.16984384451802,517.1155239445823,1834.6012150046938,1931.1120467195058,189.3907482052295,931.1273446873256,272.4538835293906,32.038332068352474,517.1155239445823,1834.6012150046938,1931.1120467195058,189.3907482052295,931.1273446873256,272.4538835293906,32.038332068352474
2026-02-02 20:00:00+00:00,274.5,3204.71,2068.55,2.4400036,362.46,365.94,28.71,477.6197843830682,2016.1846361536254,2011.7851655315549,256.4599055885593,954.7092258887104,271.68137245102207,34.26579713541881,517.1155239445823,1834.6012150046938,1931.1120467195058,189.3907482052295,931.1273446873256,272.4538835293906,32.038332068352474,517.1155239445823,1834.6012150046938,1931.1120467195058,189.3907482052295,931.1273446873256,272.4538835293906,32.038332068352474
2026-02-02 21:00:00+00:00,253.3,3237.66,2021.35,22.79999,349.76004,366.61,28.71,481.20528289674047,1954.0810353187453,2006.2877879139023,264.1226105355874,955.461263298052,271.68137245102207,34.278737875659246,517.1155239445823,1834.6012150046938,1931.1120467195058,189.3907482052295,931.1273446873256,272.4538835293906,32.038332068352474,517.1155239445823,1834.6012150046938,1931.1120467195058,189.3907482052295,931.1273446873256,272.4538835293906,32.038332068352474
2026-02-02 22:00:00+00:00,267.64996,3029.77,1974.2,0.3199932,343.53,366.37,28.71,472.5117854270539,1862.7406154335474,2001.7817897875095,271.78531548261554,956.2133007073937,271.68137245102207,34.27592971477961,517.1155239445823,1834.6012150046938,1931.1120467195058,189.3907482052295,931.1273446873256,272.4538835293906,32.038332068352474,517.1155239445823,1834.6012150046938,1931.1120467195058,189.3907482052295,931.1273446873256,272.4538835293906,32.038332068352474
2026-02-02 23:00:00+00:00,346.63,3192.03,1931.5,0.009995642,348.50003,363.22,28.71,467.6402547200988,1798.4603628033458,1999.4736501979878,279.44802042964375,956.9653381167353,271.68137245102207,34.23759648559912,517.1155239445823,1834.6012150046938,1931.1120467195058,189.3907482052295,931.1273446873256,272.4538835293906,32.038332068352474,517.1155239445823,1834.6012150046938,1931.1120467195058,189.3907482052295,931.1273446873256,272.4538835293906,32.038332068352474
2026-02-03 00:00:00+00:00,417.97,3200.41,1919.55,1.134917e-06,350.27,362.68,28.71,450.790155878216,1666.254993393867,1880.4505658559685,103.20580664799635,939.668477701878,271.68137245102207,34.28825914094375,517.1155239445823,1834.6012150046938,1931.1120467195058,189.3907482052295,931.1273446873256,272.4538835293906,32.038332068352474,517.1155239445823,1834.6012150046938,1931.1120467195058,189.3907482052295,931.1273446873256,272.4538835293906,32.038332068352474
2026-02-03 01:00:00+00:00,487.67,3201.79,1908.57,1.134917e-06,350.04,360.79,28.71,448.17381387480776,1641.7066867010917,1883.0511746479303,110.86851159502449,940.4205151112196,271.68137245102207,34.20573558498487,517.1155239445823,1834.6012150046938,1931.1120467195058,189.3907482052295,931.1273446873256,272.4538835293906,32.038332068352474,517.1155239445823,1834.6012150046938,1931.1120467195058,189.3907482052295,931.1273446873256,272.4538835293906,32.038332068352474
2026-02-03 02:00:00+00:00,496.09,2990.52,1901.25,1.134917e-06,363.93002,360.79,28.71,445.29130832871056,1667.990639970094,1889.0579493382224,118.53121654205265,941.1725525205612,271.68137245102207,34.119914727305016,517.1155239445823,1834.6012150046938,1931.1120467195058,189.3907482052295,931.1273446873256,272.4538835293906,32.038332068352474,517.1155239445823,1834.6012150046938,1931.1120467195058,189.3907482052295,931.1273446873256,272.4538835293906,32.038332068352474
2026-02-03 03:00:00+00:00,440.13,2996.13,1912.14,1.134917e-06,379.45004,354.82,28.71,444.22045375532304,1693.5721505619867,1896.8901956654768,126.1939214890808,941.9245899299028,271.68137245102207,34.10746297860541,517.1155239445823,1834.6012150046938,1931.1120467195058,189.3907482052295,931.1273446873256,272.4538835293906,32.038332068352474,517.1155239445823,1834.6012150046938,1931.1120467195058,189.3907482052295,931.1273446873256,272.4538835293906,32.038332068352474
2026-02-03 04:00:00+00:00,410.9,3387.45,1937.75,0.019990148,376.07004,341.98,28.71,449.6594914013142,1751.2537783768853,1910.2150009745924,133.85662643610894,942.6766273392445,271.68137245102207,34.11222363665785,517.1155239445823,1834.6012150046938,1931.1120467195058,189.3907482052295,931.1273446873256,272.4538835293906,32.038332068352474,517.1155239445823,1834.6012150046938,1931.1120467195058,189.3907482052295,931.1273446873256,272.4538835293906,32.038332068352474
2026-02-03 05:00:00+00:00,490.69,3427.89,2011.17,6.869996,354.37003,337.67,28.71,457.8867629319518,1874.706183528747,1934.5475743763816,141.5193313831371,943.4286647485861,271.68137245102207,34.14213213857942,517.1155239445823,1834.6012150046938,1931.1120467195058,189.3907482052295,931.1273446873256,272.4538835293906,32.038332068352474,517.1155239445823,1834.6012150046938,1931.1120467195058,189.3907482052295,931.1273446873256,272.4538835293906,32.038332068352474
2026-02-03 06:00:00+00:00,580.58,2827.33,2115.75,143.72,303.57004,337.43,28.71,467.00626839669434,1991.3221856684927,1956.369553510884,149.18203633016523,944.1807021579277,271.68137245102207,34.18070991435071,517.1155239445823,1834.6012150046938,1931.1120467195058,189.3907482052295,931.1273446873256,272.4538835293906,32.038332068352474,517.1155239445823,1834.6012150046938,1931.1120467195058,189.3907482052295,931.1273446873256,272.4538835293906,32.038332068352474
2026-02-03 07:00:00+00:00,576.62,2669.53,2192.97,190.48,301.68002,336.41,28.71,470.29258687166714,2065.2826821216554,1968.6886156695289,156.84474127719338,944.9327395672693,271.68137245102207,34.130413978831825,517.1155239445823,1834.6012150046938,1931.1120467195058,189.3907482052295,931.1273446873256,272.4538835293906,32.038332068352474,517.1155239445823,1834.6012150046938,1931.1120467195058,189.3907482052295,931.1273446873256,272.4538835293906,32.038332068352474
2026-02-03 08:00:00+00:00,554.92,2706.57,2199.56,176.28,333.58005,405.49,28.71,458.9571357062455,2083.1021888519513,1971.7225258340063,164.50744622422152,945.6847769766109,271.68137245102207,34.0272585888247,517.1155239445823,1834.6012150046938,1931.1120467195058,189.3907482052295,931.1273446873256,272.4538835293906,32.038332068352474,517.1155239445823,1834.6012150046938,1931.1120467195058,189.3907482052295,931.1273446873256,272.4538835293906,32.038332068352474
2026-02-03 09:00:00+00:00,531.84,2603.99,2168.43,65.64,320.59,343.02,28.71,447.5800940727954,2062.8715869570033,1978.4473154090756,172.17015117124967,946.4368143859526,271.68137245102207,33.79299175640195,517.1155239445823,1834.6012150046938,1931.1120467195058,189.3907482052295,931.1273446873256,272.4538835293906,32.038332068352474,517.1155239445823,1834.6012150046938,1931.1120467195058,189.3907482052295,931.1273446873256,272.4538835293906,32.038332068352474
2026-02-03 10:00:00+00:00,519.03,2578.94,2126.34,159.23,409.6,345.53,28.71,451.1501876152753,2047.8533954281454,1980.501761127388,179.83285611827782,947.1888517952942,271.68137245102207,33.60731281043596,517.1155239445823,1834.6012150046938,1931.1120467195058,189.3907482052295,931.1273446873256,272.4538835293906,32.038332068352474,517.1155239445823,1834.6012150046938,1931.1120467195058,189.3907482052295,931.1273446873256,272.4538835293906,32.038332068352474
2026-02-03 11:00:00+00:00,537.73,2570.95,2050.98,6.199998,413.95004,345.7,28.71,454.6161527332115,2052.6425286362223,1976.0640348836323,187.49556106530596,947.9408892046358,271.68137245102207,33.50452414341523,517.1155239445823,1834.6012150046938,1931.1120467195058,189.3907482052295,931.1273446873256,272.4538835293906,32.038332068352474,517.1155239445823,1834.6012150046938,1931.1120467195058,189.3907482052295,931.1273446873256,272.4538835293906,32.038332068352474
2026-02-03 12:00:00+00:00,536.77,2673.01,2021.39,0.5399944,372.39005,345.99,28.71,459.8550280141673,2053.2905344926053,1975.561718400368,195.1582660123341,948.6929266139774,271.68137245102207,33.63001921641183,517.1155239445823,1834.6012150046938,1931.1120467195058,189.3907482052295,931.1273446873256,272.4538835293906,32.038332068352474,517.1155239445823,1834.6012150046938,1931.1120467195058,189.3907482052295,931.1273446873256,272.4538835293906,32.038332068352474
2026-02-03 13:00:00+00:00,661.71,2962.8,2022.5,1.330003,436.43,345.88,28.71,461.9340639643609,2055.207568616385,1980.6492750140003,202.82097095936226,949.4449640233191,271.68137245102207,33.625380880894845,517.1155239445823,1834.6012150046938,1931.1120467195058,189.3907482052295,931.1273446873256,272.4538835293906,32.038332068352474,517.1155239445823,1834.6012150046938,1931.1120467195058,189.3907482052295,931.1273446873256,272.4538835293906,32.038332068352474
2026-02-03 14:00:00+00:00,741.92,3485.63,2047.69,195.7,425.86,351.73,28.71,475.34951572737697,2081.6469057104314,1995.5678345243634,210.4836759063904,950.1970014326607,271.68137245102207,33.56287788940703,517.1155239445823,1834.6012150046938,1931.1120467195058,189.3907482052295,931.1273446873256,272.4538835293906,32.038332068352474,517.1155239445823,1834.6012150046938,1931.1120467195058,189.3907482052295,931.1273446873256,272.4538835293906,32.038332068352474
2026-02-03 15:00:00+00:00,840.46,4039.47,2138.89,142.49,483.89,353.66,28.71,484.6076023041168,2143.2074068016977,2006.4551510689028,218.14638085341855,950.9490388420023,271.68137245102207,33.552989904296766,517.1155239445823,1834.6012150046938,1931.1120467195058,189.3907482052295,931.1273446873256,272.4538835293906,32.038332068352474,517.1155239445823,1834.6012150046938,1931.1120467195058,189.3907482052295,931.1273446873256,272.4538835293906,32.038332068352474
2026-02-03 16:00:00+00:00,991.98004,4244.59,2235.24,405.85,398.98,354.01,28.71,489.13432206034605,2221.259169543689,2020.9531496763504,225.8090858004467,951.7010762513439,271.68137245102207,33.74330723343949,517.1155239445823,1834.6012150046938,1931.1120467195058,189.3907482052295,931.1273446873256,272.4538835293906,32.038332068352474,517.1155239445823,1834.6012150046938,1931.1120467195058,189.3907482052295,931.1273446873256,272.4538835293906,32.038332068352474
2026-02-03 17:00:00+00:00,1035.98,4258.8,2258.63,519.77,399.32004,354.3,28.71,492.28810415313,2241.6624937100732,2029.0469783729056,233.4717907474748,952.4531136606856,271.68137245102207,33.86794654424913,517.1155239445823,1834.6012150046938,1931.1120467195058,189.3907482052295,931.1273446873256,272.4538835293906,32.038332068352474,517.1155239445823,1834.6012150046938,1931.1120467195058,189.3907482052295,931.1273446873256,272.4538835293906,32.038332068352474
2026-02-03 18:00:00+00:00,1071.6,4254.51,2228.51,190.83,366.49002,354.75,28.71,488.95715464624953,2228.2436631518767,2029.397011123153,241.134495694503,953.2051510700272,271.68137245102207,33.79555542151118,517.1155239445823,1834.6012150046938,1931.1120467195058,189.3907482052295,931.1273446873256,272.4538835293906,32.038332068352474,517.1155239445823,1834.6012150046938,1931.1120467195058,189.3907482052295,931.1273446873256,272.4538835293906,32.038332068352474
2026-02-03 19:00:00+00:00,1012.98,4262.31,2145.64,41.5,332.98,273.18,28.71,483.1922015113211,2178.275559651606,2026.420602687383,248.79720064153113,953.9571884793688,271.68137245102207,33.78530066575479,517.1155239445823,1834.6012150046938,1931.1120467195058,189.3907482052295,931.1273446873256,272.4538835293906,32.038332068352474,517.1155239445823,1834.6012150046938,1931.1120467195058,189.3907482052295,931.1273446873256,272.4538835293906,32.038332068352474
2026-02-03 20:00:00+00:00,954.44,4077.58,2069.98,5.8399973,323.19003,279.16,28.71,478.90475759307054,2129.8874852140816,2024.6403448109043,256.4599055885593,954.7092258887104,271.68137245102207,33.85244209123972,517.1155239445823,1834.6012150046938,1931.1120467195058,189.3907482052295,931.1273446873256,272.4538835293906,32.038332068352474,517.1155239445823,1834.6012150046938,1931.1120467195058,189.3907482052295,931.1273446873256,272.4538835293906,32.038332068352474
2026-02-03 21:00:00+00:00,937.18,4100.27,2015.35,153.01,318.25003,281.13,28.71,485.40054808442505,2102.0466620961597,2024.10567028904,264.1226105355874,955.461263298052,271.68137245102207,33.921902584422696,517.1155239445823,1834.6012150046938,1931.1120467195058,189.3907482052295,931.1273446873256,272.4538835293906,32.038332068352474,517.1155239445823,1834.6012150046938,1931.1120467195058,189.3907482052295,931.1273446873256,272.4538835293906,32.038332068352474
2026-02-03 22:00:00+00:00,900.11,3879.52,1974.62,35.97,310.14005,281.13,28.71,477.0170225413556,2045.96127062607,2020.5270759497516,271.78531548261554,956.2133007073937,271.68137245102207,33.91872760523718,517.1155239445823,1834.6012150046938,1931.1120467195058,189.3907482052295,931.1273446873256,272.4538835293906,32.038332068352474,517.1155239445823,1834.6012150046938,1931.1120467195058,189.3907482052295,931.1273446873256,272.4538835293906,32.038332068352474
2026-02-03 23:00:00+00:00,932.51,3869.0,1939.94,14.110002,315.73,279.79,28.71,478.7925676060652,1998.4236185313528,2017.365221648944,279.44802042964375,956.9653381167353,271.68137245102207,33.890282459647075,517.1155239445823,1834.6012150046938,1931.1120467195058,189.3907482052295,931.1273446873256,272.4538835293906,32.038332068352474,517.1155239445823,1834.6012150046938,1931.1120467195058,189.3907482052295,931.1273446873256,272.4538835293906,32.038332068352474
2026-02-04 00:00:00+00:00,882.74,3884.94,1924.03,0.2700054,331.64005,273.26,28.71,467.19472540498595,1886.31227984758,1898.9179286558556,103.20580664799635,939.668477701878,271.68137245102207,33.86049613096046,517.1155239445823,1834.6012150046938,1931.1120467195058,189.3907482052295,931.1273446873256,272.4538835293906,32.038332068352474,517.1155239445823,1834.6012150046938,1931.1120467195058,189.3907482052295,931.1273446873256,272.4538835293906,32.038332068352474
2026-02-04 01:00:00+00:00,801.43,3883.43,1909.52,0.2700054,345.18008,273.26,28.71,466.6624426228086,1907.1485326544246,1903.7805485579324,110.86851159502449,940.4205151112196,271.68137245102207,33.82973176837181,517.1155239445823,1834.6012150046938,1931.1120467195058,189.3907482052295,931.1273446873256,272.4538835293906,32.038332068352474,517.1155239445823,1834.6012150046938,1931.1120467195058,189.3907482052295,931.1273446873256,272.4538835293906,32.038332068352474
2026-02-04 02:00:00+00:00,581.52,3888.34,1909.32,0.22000235,361.61002,277.89,28.71,469.8147044433212,1896.6112092276353,1908.2696999732564,118.53121654205265,941.1725525205612,271.68137245102207,33.81911029278966,517.1155239445823,1834.6012150046938,1931.1120467195058,189.3907482052295,931.1273446873256,272.4538835293906,32.038332068352474,517.1155239445823,1834.6012150046938,1931.1120467195058,189.3907482052295,931.1273446873256,272.4538835293906,32.038332068352474
2026-02-04 03:00:00+00:00,586.32,3894.16,1918.08,0.24000663,369.64005,267.33,28.71,475.82842091508184,1928.0303734801253,1916.3589423992516,126.1939214890808,941.9245899299028,271.68137245102207,33.7934733080792,517.1155239445823,1834.6012150046938,1931.1120467195058,189.3907482052295,931.1273446873256,272.4538835293906,32.038332068352474,517.1155239445823,1834.6012150046938,1931.1120467195058,189.3907482052295,931.1273446873256,272.4538835293906,32.038332068352474
2026-02-04 04:00:00+00:00,613.02,3868.78,1943.7,0.2700054,369.07004,255.54,28.71,485.1259164032275,1991.2889776898232,1928.7540224898125,133.85662643610894,942.6766273392445,271.68137245102207,33.77259697826054,517.1155239445823,1834.6012150046938,1931.1120467195058,189.3907482052295,931.1273446873256,272.4538835293906,32.038332068352474,517.1155239445823,1834.6012150046938,1931.1120467195058,189.3907482052295,931.1273446873256,272.4538835293906,32.038332068352474
2026-02-04 05:00:00+00:00,630.65,3736.65,2014.5,16.539995,381.14005,249.48,28.71,502.66607476814255,2148.6106821996527,1951.7053666659288,141.5193313831371,943.4286647485861,271.68137245102207,33.777235313777524,517.1155239445823,1834.6012150046938,1931.1120467195058,189.3907482052295,931.1273446873256,272.4538835293906,32.038332068352474,517.1155239445823,1834.6012150046938,1931.1120467195058,189.3907482052295,931.1273446873256,272.4538835293906,32.038332068352474
2026-02-04 06:00:00+00:00,698.39,4013.78,2125.77,417.08,376.4,249.48,28.71,515.2864462896556,2230.285974779453,1965.478864173379,149.18203633016523,944.1807021579277,271.68137245102207,33.81837665617791,517.1155239445823,1834.6012150046938,1931.1120467195058,189.3907482052295,931.1273446873256,272.4538835293906,32.038332068352474,517.1155239445823,1834.6012150046938,1931.1120467195058,189.3907482052295,931.1273446873256,272.4538835293906,32.038332068352474
2026-02-04 07:00:00+00:00,714.64,4087.4,2194.88,1021.52,574.21,249.48,28.71,522.1503057193197,2255.2520741304534,1973.043008601151,156.84474127719338,944.9327395672693,271.68137245102207,33.854023900874346,517.1155239445823,1834.6012150046938,1931.1120467195058,189.3907482052295,931.1273446873256,272.4538835293906,32.038332068352474,517.1155239445823,1834.6012150046938,1931.1120467195058,189.3907482052295,931.1273446873256,272.4538835293906,32.038332068352474
2026-02-04 08:00:00+00:00,704.11,3890.15,2189.29,33.509995,416.76004,249.52,28.71,515.8037978784647,2189.310264596717,1969.073662948614,164.50744622422152,945.6847769766109,271.68137245102207,33.82521565691016,517.1155239445823,1834.6012150046938,1931.1120467195058,189.3907482052295,931.1273446873256,272.4538835293906,32.038332068352474,517.1155239445823,1834.6012150046938,1931.1120467195058,189.3907482052295,931.1273446873256,272.4538835293906,32.038332068352474
2026-02-04 09:00:00+00:00,634.16,3757.65,2149.74,32.91002,482.66,255.5,28.71,510.1001700968578,2093.3575589333877,1961.705969912586,172.17015117124967,946.4368143859526,271.68137245102207,33.69727924133979,517.1155239445823,1834.6012150046938,1931.1120467195058,189.3907482052295,931.1273446873256,272.4538835293906,32.038332068352474,517.1155239445823,1834.6012150046938,1931.1120467195058,189.3907482052295,931.1273446873256,272.4538835293906,32.038332068352474
2026-02-04 10:00:00+00:00,547.2,3666.4502,2104.09,105.02,476.29,257.48,28.71,508.7738373118723,2030.5700980635963,1963.342787589184,179.83285611827782,947.1888517952942,271.68137245102207,33.509888672519736,517.1155239445823,1834.6012150046938,1931.1120467195058,189.3907482052295,931.1273446873256,272.4538835293906,32.038332068352474,517.1155239445823,1834.6012150046938,1931.1120467195058,189.3907482052295,931.1273446873256,272.4538835293906,32.038332068352474
2026-02-04 11:00:00+00:00,540.82,3468.47,2026.01,2.0899975,385.00003,257.52,28.71,508.3781691161066,2014.0593401772273,1965.5758531128895,187.49556106530596,947.9408892046358,271.68137245102207,33.31077989471203,517.1155239445823,1834.6012150046938,1931.1120467195058,189.3907482052295,931.1273446873256,272.4538835293906,32.038332068352474,517.1155239445823,1834.6012150046938,1931.1120467195058,189.3907482052295,931.1273446873256,272.4538835293906,32.038332068352474
2026-02-04 12:00:00+00:00,536.06,3625.7,1999.72,0.3099987,393.77,257.56,28.71,510.1825090238937,2029.5891585107531,1971.8432423780514,195.1582660123341,948.6929266139774,271.68137245102207,33.43358907854407,517.1155239445823,1834.6012150046938,1931.1120467195058,189.3907482052295,931.1273446873256,272.4538835293906,32.038332068352474,517.1155239445823,1834.6012150046938,1931.1120467195058,189.3907482052295,931.1273446873256,272.4538835293906,32.038332068352474
2026-02-04 13:00:00+00:00,547.08,3851.69,1998.18,1.1799939,556.09,257.52,28.71,513.8195651344424,2060.930180913527,1983.2135416493386,202.82097095936226,949.4449640233191,271.68137245102207,33.3727938930787,517.1155239445823,1834.6012150046938,1931.1120467195058,189.3907482052295,931.1273446873256,272.4538835293906,32.038332068352474,517.1155239445823,1834.6012150046938,1931.1120467195058,189.3907482052295,931.1273446873256,272.4538835293906,32.038332068352474
2026-02-04 14:00:00+00:00,658.92,3561.47,2031.51,79.57,421.02002,263.45,28.71,515.5699377910785,2134.605785012124,1993.339970201126,210.4836759063904,950.1970014326607,271.68137245102207,33.43578602224722,517.1155239445823,1834.6012150046938,1931.1120467195058,189.3907482052295,931.1273446873256,272.4538835293906,32.038332068352474,517.1155239445823,1834.6012150046938,1931.1120467195058,189.3907482052295,931.1273446873256,272.4538835293906,32.038332068352474
2026-02-04 15:00:00+00:00,828.42,3579.43,2146.57,78.73001,413.77,265.35,28.71,519.4446726492924,2156.4106094514786,2003.2494858218822,218.14638085341855,950.9490388420023,271.68137245102207,33.5745886061304,517.1155239445823,1834.6012150046938,1931.1120467195058,189.3907482052295,931.1273446873256,272.4538835293906,32.038332068352474,517.1155239445823,1834.6012150046938,1931.1120467195058,189.3907482052295,931.1273446873256,272.4538835293906,32.038332068352474
2026-02-04 16:00:00+00:00,908.72,3660.24,2240.71,460.0,490.82004,265.35,28.71,521.857723666162,2190.9012746198487,2014.3197866236014,225.8090858004467,951.7010762513439,271.68137245102207,33.72315690340875,517.1155239445823,1834.6012150046938,1931.1120467195058,189.3907482052295,931.1273446873256,272.4538835293906,32.038332068352474,517.1155239445823,1834.6012150046938,1931.1120467195058,189.3907482052295,931.1273446873256,272.4538835293906,32.038332068352474
2026-02-04 17:00:00+00:00,872.82,3677.07,2271.1,485.48,472.45,267.01,28.71,523.3828680710085,2218.128083435256,2021.8784111345426,233.4717907474748,952.4531136606856,271.68137245102207,33.800675356365154,517.1155239445823,1834.6012150046938,1931.1120467195058,189.3907482052295,931.1273446873256,272.4538835293906,32.038332068352474,517.1155239445823,1834.6012150046938,1931.1120467195058,189.3907482052295,931.1273446873256,272.4538835293906,32.038332068352474
2026-02-04 18:00:00+00:00,818.1,3644.0,2255.48,302.27,516.4,265.31,28.71,516.6092154202396,2207.031854961638,2025.4313563841206,241.134495694503,953.2051510700272,271.68137245102207,33.868794815752125,517.1155239445823,1834.6012150046938,1931.1120467195058,189.3907482052295,931.1273446873256,272.4538835293906,32.038332068352474,517.1155239445823,1834.6012150046938,1931.1120467195058,189.3907482052295,931.1273446873256,272.4538835293906,32.038332068352474
2026-02-04 19:00:00+00:00,828.69,3572.97,2164.64,2.9400036,405.4,265.31,28.71,511.65981791281314,2148.1719584937346,2026.2170155127196,248.79720064153113,953.9571884793688,271.68137245102207,33.919824241742894,517.1155239445823,1834.6012150046938,1931.1120467195058,189.3907482052295,931.1273446873256,272.4538835293906,32.038332068352474,517.1155239445823,1834.6012150046938,1931.1120467195058,189.3907482052295,931.1273446873256,272.4538835293906,32.038332068352474
2026-02-04 20:00:00+00:00,804.07,3577.2703,2078.01,0.28999442,395.67,271.24,28.71,504.38643540476346,2065.171684589114,2022.2218765043708,256.4599055885593,954.7092258887104,271.68137245102207,33.95034401008101,517.1155239445823,1834.6012150046938,1931.1120467195058,189.3907482052295,931.1273446873256,272.4538835293906,32.038332068352474,517.1155239445823,1834.6012150046938,1931.1120467195058,189.3907482052295,931.1273446873256,272.4538835293906,32.038332068352474
2026-02-04 21:00:00+00:00,775.97,3476.54,2020.4,0.22999686,406.59,273.18,28.71,504.9732604918521,2001.0887810233364,2017.6687244166276,264.1226105355874,955.461263298052,271.68137245102207,33.95034401008101,517.1155239445823,1834.6012150046938,1931.1120467195058,189.3907482052295,931.1273446873256,272.4538835293906,32.038332068352474,517.1155239445823,1834.6012150046938,1931.1120467195058,189.3907482052295,931.1273446873256,272.4538835293906,32.038332068352474
2026-02-04 22:00:00+00:00,673.61,3479.03,1974.54,0.039979164,398.24002,273.18,28.71,499.33200275365385,1951.9576812335954,2014.4335076190143,271.78531548261554,956.2133007073937,271.68137245102207,33.95266322707956,517.1155239445823,1834.6012150046938,1931.1120467195058,189.3907482052295,931.1273446873256,272.4538835293906,32.038332068352474,517.1155239445823,1834.6012150046938,1931.1120467195058,189.3907482052295,931.1273446873256,272.4538835293906,32.038332068352474
2026-02-04 23:00:00+00:00,561.38,3432.36,1919.74,0.1699993,367.34,273.18,28.71,494.90655833561124,1920.0728753906537,2012.9960650885544,279.44802042964375,956.9653381167353,271.68137245102207,33.96010977113593,517.1155239445823,1834.6012150046938,1931.1120467195058,189.3907482052295,931.1273446873256,272.4538835293906,32.038332068352474,517.1155239445823,1834.6012150046938,1931.1120467195058,189.3907482052295,931.1273446873256,272.4538835293906,32.038332068352474
2026-02-05 00:00:00+00:00,480.32,3375.43,1907.15,0.13000602,378.25003,273.18,28.71,478.0104331939007,1838.9531620669934,1896.1468323054942,103.20580664799635,939.668477701878,271.68137245102207,33.89772900370344,517.1155239445823,1834.6012150046938,1931.1120467195058,189.3907482052295,931.1273446873256,272.4538835293906,32.038332068352474,517.1155239445823,1834.6012150046938,1931.1120467195058,189.3907482052295,931.1273446873256,272.4538835293906,32.038332068352474
2026-02-05 01:00:00+00:00,443.64,3392.18,1895.91,1.134917e-06,391.06003,273.18,28.71,475.860328472479,1846.5041715191585,1899.4335299844372,110.86851159502449,940.4205151112196,271.68137245102207,33.93325402434454,517.1155239445823,1834.6012150046938,1931.1120467195058,189.3907482052295,931.1273446873256,272.4538835293906,32.038332068352474,517.1155239445823,1834.6012150046938,1931.1120467195058,189.3907482052295,931.1273446873256,272.4538835293906,32.038332068352474
2026-02-05 02:00:00+00:00,673.48,3343.45,1890.01,0.14000052,382.62003,273.18,28.71,478.490909658423,1883.079017147138,1905.7780152518471,118.53121654205265,941.1725525205612,271.68137245102207,33.95132209480344,517.1155239445823,1834.6012150046938,1931.1120467195058,189.3907482052295,931.1273446873256,272.4538835293906,32.038332068352474,517.1155239445823,1834.6012150046938,1931.1120467195058,189.3907482052295,931.1273446873256,272.4538835293906,32.038332068352474
2026-02-05 03:00:00+00:00,766.73,3360.37,1904.51,0.19000357,383.65,267.25,28.71,483.63891401622726,1905.3668492417457,1914.0536447821305,126.1939214890808,941.9245899299028,271.68137245102207,33.94936969611076,517.1155239445823,1834.6012150046938,1931.1120467195058,189.3907482052295,931.1273446873256,272.4538835293906,32.038332068352474,517.1155239445823,1834.6012150046938,1931.1120467195058,189.3907482052295,931.1273446873256,272.4538835293906,32.038332068352474
2026-02-05 04:00:00+00:00,917.34,3527.71,1933.95,0.19000357,402.06003,253.44,28.71,495.14069181137637,1983.4452084432953,1929.236991511184,133.85662643610894,942.6766273392445,271.68137245102207,33.959868995297306,517.1155239445823,1834.6012150046938,1931.1120467195058,189.3907482052295,931.1273446873256,272.4538835293906,32.038332068352474,517.1155239445823,1834.6012150046938,1931.1120467195058,189.3907482052295,931.1273446873256,272.4538835293906,32.038332068352474
2026-02-05 05:00:00+00:00,1105.56,3651.41,2010.41,49.78,413.69003,249.48,28.71,506.90208151995364,2153.302323394908,1956.7512768518297,141.5193313831371,943.4286647485861,271.68137245102207,33.9701237510537,517.1155239445823,1834.6012150046938,1931.1120467195058,189.3907482052295,931.1273446873256,272.4538835293906,32.038332068352474,517.1155239445823,1834.6012150046938,1931.1120467195058,189.3907482052295,931.1273446873256,272.4538835293906,32.038332068352474
2026-02-05 06:00:00+00:00,1172.71,3893.32,2119.63,794.25,406.42,249.48,28.71,526.7105862438242,2279.1622653203026,1980.8966800331405,149.18203633016523,944.1807021579277,271.68137245102207,33.93203511612375,517.1155239445823,1834.6012150046938,1931.1120467195058,189.3907482052295,931.1273446873256,272.4538835293906,32.038332068352474,517.1155239445823,1834.6012150046938,1931.1120467195058,189.3907482052295,931.1273446873256,272.4538835293906,32.038332068352474
2026-02-05 07:00:00+00:00,1129.28,3908.9,2192.71,772.4,552.51,249.48,28.71,535.80536171904,2312.6755481423024,1991.416462317233,156.84474127719338,944.9327395672693,271.68137245102207,33.89956285061283,517.1155239445823,1834.6012150046938,1931.1120467195058,189.3907482052295,931.1273446873256,272.4538835293906,32.038332068352474,517.1155239445823,1834.6012150046938,1931.1120467195058,189.3907482052295,931.1273446873256,272.4538835293906,32.038332068352474
2026-02-05 08:00:00+00:00,1129.62,4031.91,2196.67,750.55,444.79,249.44,28.71,535.7299082559141,2291.1342101115606,1987.3834252362597,164.50744622422152,945.6847769766109,271.68137245102207,33.84938938376928,517.1155239445823,1834.6012150046938,1931.1120467195058,189.3907482052295,931.1273446873256,272.4538835293906,32.038332068352474,517.1155239445823,1834.6012150046938,1931.1120467195058,189.3907482052295,931.1273446873256,272.4538835293906,32.038332068352474
2026-02-05 09:00:00+00:00,1105.17,4158.49,2157.41,571.35,675.82,255.42,28.71,533.7188936763685,2205.161554088043,1975.4484416913901,172.17015117124967,946.4368143859526,271.68137245102207,33.75148354803595,517.1155239445823,1834.6012150046938,1931.1120467195058,189.3907482052295,931.1273446873256,272.4538835293906,32.038332068352474,517.1155239445823,1834.6012150046938,1931.1120467195058,189.3907482052295,931.1273446873256,272.4538835293906,32.038332068352474
2026-02-05 10:00:00+00:00,1094.57,4283.3,2119.75,585.86,519.96,257.4,28.71,530.8869252529072,2145.1406070621106,1962.8142875884378,179.83285611827782,947.1888517952942,271.68137245102207,33.582527915640405,517.1155239445823,1834.6012150046938,1931.1120467195058,189.3907482052295,931.1273446873256,272.4538835293906,32.038332068352474,517.1155239445823,1834.6012150046938,1931.1120467195058,189.3907482052295,931.1273446873256,272.4538835293906,32.038332068352474
2026-02-05 11:00:00+00:00,1046.21,4114.23,2045.05,178.43,494.07,378.11,28.71,522.152486101042,2087.1880098613324,1948.8276164669987,187.49556106530596,947.9408892046358,271.68137245102207,33.350702425791425,517.1155239445823,1834.6012150046938,1931.1120467195058,189.3907482052295,931.1273446873256,272.4538835293906,32.038332068352474,517.1155239445823,1834.6012150046938,1931.1120467195058,189.3907482052295,931.1273446873256,272.4538835293906,32.038332068352474
2026-02-05 12:00:00+00:00,942.47,3891.29,2028.68,123.47,499.17,339.41,28.71,519.5652684466594,2045.0993818632867,1941.8257205455975,195.1582660123341,948.6929266139774,271.68137245102207,33.33349011909982,517.1155239445823,1834.6012150046938,1931.1120467195058,189.3907482052295,931.1273446873256,272.4538835293906,32.038332068352474,517.1155239445823,1834.6012150046938,1931.1120467195058,189.3907482052295,931.1273446873256,272.4538835293906,32.038332068352474
2026-02-05 13:00:00+00:00,991.99005,3988.85,2019.79,132.38,473.58,338.73,28.71,522.854821192948,2057.010364672713,1947.4021573622588,202.82097095936226,949.4449640233191,271.68137245102207,33.21763853386273,517.1155239445823,1834.6012150046938,1931.1120467195058,189.3907482052295,931.1273446873256,272.4538835293906,32.038332068352474,517.1155239445823,1834.6012150046938,1931.1120467195058,189.3907482052295,931.1273446873256,272.4538835293906,32.038332068352474
2026-02-05 14:00:00+00:00,904.3,4016.33,2036.41,33.940002,486.28,344.27,28.71,527.489179180183,2120.703184889173,1968.9826804438894,210.4836759063904,950.1970014326607,271.68137245102207,33.174789240880344,517.1155239445823,1834.6012150046938,1931.1120467195058,189.3907482052295,931.1273446873256,272.4538835293906,32.038332068352474,517.1155239445823,1834.6012150046938,1931.1120467195058,189.3907482052295,931.1273446873256,272.4538835293906,32.038332068352474
2026-02-05 15:00:00+00:00,1057.36,4212.59,2126.37,223.96,504.9,345.2,28.71,536.0279554082105,2218.7878917113976,1997.1427737255597,218.14638085341855,950.9490388420023,271.68137245102207,33.23961144936673,517.1155239445823,1834.6012150046938,1931.1120467195058,189.3907482052295,931.1273446873256,272.4538835293906,32.038332068352474,517.1155239445823,1834.6012150046938,1931.1120467195058,189.3907482052295,931.1273446873256,272.4538835293906,32.038332068352474
2026-02-05 16:00:00+00:00,1083.22,4297.71,2213.3,799.8,558.71,265.35,28.71,544.5510960108818,2292.7581706162687,2017.000028143206,225.8090858004467,951.7010762513439,271.68137245102207,33.51806875628805,517.1155239445823,1834.6012150046938,1931.1120467195058,189.3907482052295,931.1273446873256,272.4538835293906,32.038332068352474,517.1155239445823,1834.6012150046938,1931.1120467195058,189.3907482052295,931.1273446873256,272.4538835293906,32.038332068352474
2026-02-05 17:00:00+00:00,1185.39,4313.67,2241.25,842.41,545.3,265.31,28.71,548.805737024538,2291.9546444019998,2025.209200271195,233.4717907474748,952.4531136606856,271.68137245102207,33.76625446291373,517.1155239445823,1834.6012150046938,1931.1120467195058,189.3907482052295,931.1273446873256,272.4538835293906,32.038332068352474,517.1155239445823,1834.6012150046938,1931.1120467195058,189.3907482052295,931.1273446873256,272.4538835293906,32.038332068352474
2026-02-05 18:00:00+00:00,1199.75,4091.5,2217.78,532.97,530.96,265.31,28.71,549.3976535466401,2277.101488076123,2025.1424851861668,241.134495694503,953.2051510700272,271.68137245102207,33.80446542037914,517.1155239445823,1834.6012150046938,1931.1120467195058,189.3907482052295,931.1273446873256,272.4538835293906,32.038332068352474,517.1155239445823,1834.6012150046938,1931.1120467195058,189.3907482052295,931.1273446873256,272.4538835293906,32.038332068352474
2026-02-05 19:00:00+00:00,1129.75,4003.43,2131.34,304.45,590.61,265.31,28.71,547.9613268826831,2218.902286590712,2020.72243877536,248.79720064153113,953.9571884793688,271.68137245102207,33.915800991054375,517.1155239445823,1834.6012150046938,1931.1120467195058,189.3907482052295,931.1273446873256,272.4538835293906,32.038332068352474,517.1155239445823,1834.6012150046938,1931.1120467195058,189.3907482052295,931.1273446873256,272.4538835293906,32.038332068352474
2026-02-05 20:00:00+00:00,1341.81,3818.81,2053.72,144.22,433.02,271.24,28.71,543.0705212139852,2174.232082469004,2019.7928754003178,256.4599055885593,954.7092258887104,271.68137245102207,33.92275834660966,517.1155239445823,1834.6012150046938,1931.1120467195058,189.3907482052295,931.1273446873256,272.4538835293906,32.038332068352474,517.1155239445823,1834.6012150046938,1931.1120467195058,189.3907482052295,931.1273446873256,272.4538835293906,32.038332068352474
2026-02-05 21:00:00+00:00,1306.56,3745.25,1995.77,35.160004,397.83,273.18,28.71,540.3813447612939,2125.347056523229,2018.2590889390892,264.1226105355874,955.461263298052,271.68137245102207,33.92532201171889,517.1155239445823,1834.6012150046938,1931.1120467195058,189.3907482052295,931.1273446873256,272.4538835293906,32.038332068352474,517.1155239445823,1834.6012150046938,1931.1120467195058,189.3907482052295,931.1273446873256,272.4538835293906,32.038332068352474
2026-02-05 22:00:00+00:00,1165.92,3746.93,1959.02,0.3099987,337.82004,273.18,28.71,536.4734916953798,2061.620794119621,2016.476687089039,271.78531548261554,956.2133007073937,271.68137245102207,33.89919613078708,517.1155239445823,1834.6012150046938,1931.1120467195058,189.3907482052295,931.1273446873256,272.4538835293906,32.038332068352474,517.1155239445823,1834.6012150046938,1931.1120467195058,189.3907482052295,931.1273446873256,272.4538835293906,32.038332068352474
2026-02-05 23:00:00+00:00,1142.64,3820.5303,1909.99,0.3099987,330.61002,239.55,28.71,531.8621570647689,2027.8152308148321,2015.5269304442807,279.44802042964375,956.9653381167353,271.68137245102207,33.885399577539296,517.1155239445823,1834.6012150046938,1931.1120467195058,189.3907482052295,931.1273446873256,272.4538835293906,32.038332068352474,517.1155239445823,1834.6012150046938,1931.1120467195058,189.3907482052295,931.1273446873256,272.4538835293906,32.038332068352474
2026-02-06 00:00:00+00:00,1186.17,3873.44,1903.04,0.25999564,318.91,245.49,28.71,519.0151362257095,1916.1459693623262,1897.5237820108873,103.20580664799635,939.668477701878,271.68137245102207,33.821918453669305,517.1155239445823,1834.6012150046938,1931.1120467195058,189.3907482052295,931.1273446873256,272.4538835293906,32.038332068352474,517.1155239445823,1834.6012150046938,1931.1120467195058,189.3907482052295,931.1273446873256,272.4538835293906,32.038332068352474
2026-02-06 01:00:00+00:00,1190.45,3773.5503,1895.73,0.20999259,320.14993,245.53,28.71,521.5349806885072,1916.1548771184678,1901.103331456102,110.86851159502449,940.4205151112196,271.68137245102207,33.809099985143945,517.1155239445823,1834.6012150046938,1931.1120467195058,189.3907482052295,931.1273446873256,272.4538835293906,32.038332068352474,517.1155239445823,1834.6012150046938,1931.1120467195058,189.3907482052295,931.1273446873256,272.4538835293906,32.038332068352474
2026-02-06 02:00:00+00:00,1186.94,3587.75,1888.01,0.20999259,315.4,245.53,28.71,527.2562674485969,1932.4452575078612,1905.8263077115614,118.53121654205265,941.1725525205612,271.68137245102207,33.8465773059976,517.1155239445823,1834.6012150046938,1931.1120467195058,189.3907482052295,931.1273446873256,272.4538835293906,32.038332068352474,517.1155239445823,1834.6012150046938,1931.1120467195058,189.3907482052295,931.1273446873256,272.4538835293906,32.038332068352474
2026-02-06 03:00:00+00:00,1177.77,3646.11,1903.57,0.22000235,317.01004,239.55,28.71,530.7066753408681,1976.1135058609077,1913.839507262757,126.1939214890808,941.9245899299028,271.68137245102207,33.89662864726594,517.1155239445823,1834.6012150046938,1931.1120467195058,189.3907482052295,931.1273446873256,272.4538835293906,32.038332068352474,517.1155239445823,1834.6012150046938,1931.1120467195058,189.3907482052295,931.1273446873256,272.4538835293906,32.038332068352474
2026-02-06 04:00:00+00:00,1127.24,3732.38,1944.1,0.25999564,327.50003,234.61,28.71,536.3991098783962,2057.479146305752,1926.8915669010826,133.85662643610894,942.6766273392445,271.68137245102207,33.909202667680624,517.1155239445823,1834.6012150046938,1931.1120467195058,189.3907482052295,931.1273446873256,272.4538835293906,32.038332068352474,517.1155239445823,1834.6012150046938,1931.1120467195058,189.3907482052295,931.1273446873256,272.4538835293906,32.038332068352474
2026-02-06 05:00:00+00:00,1313.97,4239.22,2050.22,180.15,512.13,233.62,28.71,547.411247515644,2210.6108855667994,1952.8970547614251,141.5193313831371,943.4286647485861,271.68137245102207,33.909202667680624,517.1155239445823,1834.6012150046938,1931.1120467195058,189.3907482052295,931.1273446873256,272.4538835293906,32.038332068352474,517.1155239445823,1834.6012150046938,1931.1120467195058,189.3907482052295,931.1273446873256,272.4538835293906,32.038332068352474
2026-02-06 06:00:00+00:00,1266.03,4379.28,2149.19,513.71,649.06,233.62,28.71,558.289583013371,2325.7605806653646,1974.5635492123256,149.18203633016523,944.1807021579277,271.68137245102207,33.90688340302233,517.1155239445823,1834.6012150046938,1931.1120467195058,189.3907482052295,931.1273446873256,272.4538835293906,32.038332068352474,517.1155239445823,1834.6012150046938,1931.1120467195058,189.3907482052295,931.1273446873256,272.4538835293906,32.038332068352474
2026-02-06 07:00:00+00:00,1209.4,4270.53,2203.03,830.84,527.94,233.66,28.71,562.1015657362035,2354.4785052082393,1983.173903682309,156.84474127719338,944.9327395672693,271.68137245102207,33.89699546557181,517.1155239445823,1834.6012150046938,1931.1120467195058,189.3907482052295,931.1273446873256,272.4538835293906,32.038332068352474,517.1155239445823,1834.6012150046938,1931.1120467195058,189.3907482052295,931.1273446873256,272.4538835293906,32.038332068352474
2026-02-06 08:00:00+00:00,1204.53,4622.2,2187.51,509.93,457.62,233.66,28.71,562.6116216184965,2312.549903766328,1978.704378158277,164.50744622422152,945.6847769766109,271.68137245102207,33.7188853385379,517.1155239445823,1834.6012150046938,1931.1120467195058,189.3907482052295,931.1273446873256,272.4538835293906,32.038332068352474,517.1155239445823,1834.6012150046938,1931.1120467195058,189.3907482052295,931.1273446873256,272.4538835293906,32.038332068352474
2026-02-06 09:00:00+00:00,1341.45,4648.6,2118.85,166.61,679.82,239.63,28.71,561.5207967121927,2257.5773332845597,1976.0006201485603,172.17015117124967,946.4368143859526,271.68137245102207,33.5235629508918,517.1155239445823,1834.6012150046938,1931.1120467195058,189.3907482052295,931.1273446873256,272.4538835293906,32.038332068352474,517.1155239445823,1834.6012150046938,1931.1120467195058,189.3907482052295,931.1273446873256,272.4538835293906,32.038332068352474
2026-02-06 10:00:00+00:00,1432.4299,4709.69,2056.27,260.93,689.6,241.65,28.71,561.1574800353472,2211.6518769027393,1972.909082895523,179.83285611827782,947.1888517952942,271.68137245102207,33.3156664967516,517.1155239445823,1834.6012150046938,1931.1120467195058,189.3907482052295,931.1273446873256,272.4538835293906,32.038332068352474,517.1155239445823,1834.6012150046938,1931.1120467195058,189.3907482052295,931.1273446873256,272.4538835293906,32.038332068352474
2026-02-06 11:00:00+00:00,1415.19,4630.9194,2007.76,94.11,475.6,241.69,28.71,558.6311090629837,2198.713521038373,1968.9259492483445,187.49556106530596,947.9408892046358,271.68137245102207,33.072978706241784,517.1155239445823,1834.6012150046938,1931.1120467195058,189.3907482052295,931.1273446873256,272.4538835293906,32.038332068352474,517.1155239445823,1834.6012150046938,1931.1120467195058,189.3907482052295,931.1273446873256,272.4538835293906,32.038332068352474
2026-02-06 12:00:00+00:00,1402.77,4601.5596,1998.09,0.3099987,438.75,241.73,28.71,554.9822408549974,2183.619127206336,1968.3147253641068,195.1582660123341,948.6929266139774,271.68137245102207,33.005348264595995,517.1155239445823,1834.6012150046938,1931.1120467195058,189.3907482052295,931.1273446873256,272.4538835293906,32.038332068352474,517.1155239445823,1834.6012150046938,1931.1120467195058,189.3907482052295,931.1273446873256,272.4538835293906,32.038332068352474
2026-02-06 13:00:00+00:00,1353.59,4634.62,2007.73,0.3099987,418.70004,241.73,28.71,553.3909804941925,2190.2387390381887,1976.0237305732808,202.82097095936226,949.4449640233191,271.68137245102207,32.98239726436958,517.1155239445823,1834.6012150046938,1931.1120467195058,189.3907482052295,931.1273446873256,272.4538835293906,32.038332068352474,517.1155239445823,1834.6012150046938,1931.1120467195058,189.3907482052295,931.1273446873256,272.4538835293906,32.038332068352474
2026-02-06 14:00:00+00:00,1191.2,4744.67,2050.21,21.289995,448.43,241.73,28.71,554.1839842704399,2239.9644881952495,1990.3784171889995,210.4836759063904,950.1970014326607,271.68137245102207,33.0070561413179,517.1155239445823,1834.6012150046938,1931.1120467195058,189.3907482052295,931.1273446873256,272.4538835293906,32.038332068352474,517.1155239445823,1834.6012150046938,1931.1120467195058,189.3907482052295,931.1273446873256,272.4538835293906,32.038332068352474
2026-02-06 15:00:00+00:00,1182.67,4779.25,2152.92,216.01,470.84,241.69,28.71,556.8141132378756,2273.604990734426,2001.975001413865,218.14638085341855,950.9490388420023,271.68137245102207,33.00180653938437,517.1155239445823,1834.6012150046938,1931.1120467195058,189.3907482052295,931.1273446873256,272.4538835293906,32.038332068352474,517.1155239445823,1834.6012150046938,1931.1120467195058,189.3907482052295,931.1273446873256,272.4538835293906,32.038332068352474
2026-02-06 16:00:00+00:00,1043.71,4823.22,2251.85,588.24,624.83,241.69,28.71,562.3605880026213,2308.3688248895933,2013.9471682951119,225.8090858004467,951.7010762513439,271.68137245102207,33.09959000650282,517.1155239445823,1834.6012150046938,1931.1120467195058,189.3907482052295,931.1273446873256,272.4538835293906,32.038332068352474,517.1155239445823,1834.6012150046938,1931.1120467195058,189.3907482052295,931.1273446873256,272.4538835293906,32.038332068352474
2026-02-06 17:00:00+00:00,928.73,4823.2793,2296.27,349.79,735.16,241.69,28.71,561.027060377141,2314.767036988425,2019.0795147869026,233.4717907474748,952.4531136606856,271.68137245102207,33.20469774438224,517.1155239445823,1834.6012150046938,1931.1120467195058,189.3907482052295,931.1273446873256,272.4538835293906,32.038332068352474,517.1155239445823,1834.6012150046938,1931.1120467195058,189.3907482052295,931.1273446873256,272.4538835293906,32.038332068352474
2026-02-06 18:00:00+00:00,929.51,4803.65,2278.78,175.98,629.84,241.69,28.71,556.0252180212613,2275.8036881787857,2017.1846777401897,241.134495694503,953.2051510700272,271.68137245102207,33.22667075678603,517.1155239445823,1834.6012150046938,1931.1120467195058,189.3907482052295,931.1273446873256,272.4538835293906,32.038332068352474,517.1155239445823,1834.6012150046938,1931.1120467195058,189.3907482052295,931.1273446873256,272.4538835293906,32.038332068352474
2026-02-06 19:00:00+00:00,809.3,4693.55,2203.0,0.2799999,404.53,241.69,28.71,547.1936984634618,2197.2491935912494,2011.9204731008276,248.79720064153113,953.9571884793688,271.68137245102207,33.2269152048967,517.1155239445823,1834.6012150046938,1931.1120467195058,189.3907482052295,931.1273446873256,272.4538835293906,32.038332068352474,517.1155239445823,1834.6012150046938,1931.1120467195058,189.3907482052295,931.1273446873256,272.4538835293906,32.038332068352474
2026-02-06 20:00:00+00:00,801.96,4599.24,2104.71,0.2799999,409.65,244.66,28.71,539.564698365149,2134.3236964483235,2007.8491058484597,256.4599055885593,954.7092258887104,271.68137245102207,33.299306327634646,517.1155239445823,1834.6012150046938,1931.1120467195058,189.3907482052295,931.1273446873256,272.4538835293906,32.038332068352474,517.1155239445823,1834.6012150046938,1931.1120467195058,189.3907482052295,931.1273446873256,272.4538835293906,32.038332068352474
2026-02-06 21:00:00+00:00,893.39,4525.62,2028.47,0.2799999,404.14005,245.65,28.71,540.0981832565869,2077.8903917664857,2004.8416181251155,264.1226105355874,955.461263298052,271.68137245102207,33.36669215199019,517.1155239445823,1834.6012150046938,1931.1120467195058,189.3907482052295,931.1273446873256,272.4538835293906,32.038332068352474,517.1155239445823,1834.6012150046938,1931.1120467195058,189.3907482052295,931.1273446873256,272.4538835293906,32.038332068352474
2026-02-06 22:00:00+00:00,960.4,3860.58,1988.93,0.2799999,393.21,249.25,28.71,535.6153343574567,2004.9073868745293,1998.0252588301964,271.78531548261554,956.2133007073937,271.68137245102207,33.43151440813631,517.1155239445823,1834.6012150046938,1931.1120467195058,189.3907482052295,931.1273446873256,272.4538835293906,32.038332068352474,517.1155239445823,1834.6012150046938,1931.1120467195058,189.3907482052295,931.1273446873256,272.4538835293906,32.038332068352474
2026-02-06 23:00:00+00:00,926.5,3677.3704,1944.19,0.2799999,383.78,225.39,28.71,528.7762145559159,1932.93564615432,1994.327872454082,279.44802042964375,956.9653381167353,271.68137245102207,33.456417805475084,517.1155239445823,1834.6012150046938,1931.1120467195058,189.3907482052295,931.1273446873256,272.4538835293906,32.038332068352474,517.1155239445823,1834.6012150046938,1931.1120467195058,189.3907482052295,931.1273446873256,272.4538835293906,32.038332068352474
2026-02-07 00:00:00+00:00,924.78,3607.56,1936.38,0.13000602,375.63004,220.88,28.71,513.1654228150554,1850.194169061119,1877.0974832808436,102.8033307362501,932.895055298117,272.5438899899155,33.17294316426878,517.1155239445823,1834.6012150046938,1931.1120467195058,189.3907482052295,931.1273446873256,272.4538835293906,32.038332068352474,517.1155239445823,1834.6012150046938,1931.1120467195058,189.3907482052295,931.1273446873256,272.4538835293906,32.038332068352474
2026-02-07 01:00:00+00:00,933.43,3558.79,1925.72,0.059998695,387.67,221.63,28.71,510.4179603152795,1845.8095799406651,1881.1795517764956,110.4259860204611,933.6620702756478,272.5438899899155,33.199800506151135,517.1155239445823,1834.6012150046938,1931.1120467195058,189.3907482052295,931.1273446873256,272.4538835293906,32.038332068352474,517.1155239445823,1834.6012150046938,1931.1120467195058,189.3907482052295,931.1273446873256,272.4538835293906,32.038332068352474
2026-02-07 02:00:00+00:00,928.69,3541.87,1918.75,0.059998695,386.25003,220.33,28.71,510.1806703687792,1850.268396851656,1885.4322691035266,118.04864130467207,934.4290852531788,272.5438899899155,33.248114809792426,517.1155239445823,1834.6012150046938,1931.1120467195058,189.3907482052295,931.1273446873256,272.4538835293906,32.038332068352474,517.1155239445823,1834.6012150046938,1931.1120467195058,189.3907482052295,931.1273446873256,272.4538835293906,32.038332068352474
2026-02-07 03:00:00+00:00,928.26,3553.42,1933.52,1.134917e-06,373.43002,217.95,28.71,510.1611910974411,1872.0980166212382,1892.8226243319205,125.67129658888305,935.1961002307097,272.5438899899155,33.291570659933825,517.1155239445823,1834.6012150046938,1931.1120467195058,189.3907482052295,931.1273446873256,272.4538835293906,32.038332068352474,517.1155239445823,1834.6012150046938,1931.1120467195058,189.3907482052295,931.1273446873256,272.4538835293906,32.038332068352474
2026-02-07 04:00:00+00:00,947.41,3524.4202,1965.4,0.019990148,369.48,218.94,28.71,514.2079193519073,1888.711418786752,1899.1988710576748,133.29395187309404,935.9631152082407,272.5438899899155,33.316134138166646,517.1155239445823,1834.6012150046938,1931.1120467195058,189.3907482052295,931.1273446873256,272.4538835293906,32.038332068352474,517.1155239445823,1834.6012150046938,1931.1120467195058,189.3907482052295,931.1273446873256,272.4538835293906,32.038332068352474
2026-02-07 05:00:00+00:00,927.62,3654.74,2075.93,0.25000113,374.93002,214.99,28.71,520.9291952009596,1931.5389635559204,1908.6419359916786,140.916607157305,936.7301301857715,272.5438899899155,33.36215466344323,517.1155239445823,1834.6012150046938,1931.1120467195058,189.3907482052295,931.1273446873256,272.4538835293906,32.038332068352474,517.1155239445823,1834.6012150046938,1931.1120467195058,189.3907482052295,931.1273446873256,272.4538835293906,32.038332068352474
2026-02-07 06:00:00+00:00,955.05,3689.25,2210.06,0.3099987,379.03,214.0,28.71,530.1128230667758,1976.6526731388915,1921.6253234159956,148.539262441516,937.4971451633024,272.5438899899155,33.26727803582907,517.1155239445823,1834.6012150046938,1931.1120467195058,189.3907482052295,931.1273446873256,272.4538835293906,32.038332068352474,517.1155239445823,1834.6012150046938,1931.1120467195058,189.3907482052295,931.1273446873256,272.4538835293906,32.038332068352474
2026-02-07 07:00:00+00:00,1000.75,3843.76,2259.35,0.3099987,413.4,214.0,28.71,536.9064492587848,2021.0895021198858,1929.3793116627812,156.161917725727,938.2641601408334,272.5438899899155,33.29642915607614,517.1155239445823,1834.6012150046938,1931.1120467195058,189.3907482052295,931.1273446873256,272.4538835293906,32.038332068352474,517.1155239445823,1834.6012150046938,1931.1120467195058,189.3907482052295,931.1273446873256,272.4538835293906,32.038332068352474
2026-02-07 08:00:00+00:00,1001.67,3790.85,2232.21,0.25999564,446.67,214.0,28.71,539.7046331741966,2000.0581505766368,1926.9084213390583,163.784573009938,939.0311751183643,272.5438899899155,33.19440021131255,517.1155239445823,1834.6012150046938,1931.1120467195058,189.3907482052295,931.1273446873256,272.4538835293906,32.038332068352474,517.1155239445823,1834.6012150046938,1931.1120467195058,189.3907482052295,931.1273446873256,272.4538835293906,32.038332068352474
2026-02-07 09:00:00+00:00,988.65,3689.83,2163.08,0.0699932,470.68997,217.0,28.71,537.4877632185268,1946.4866683337457,1917.6663513977971,171.40722829414895,939.7981900958952,272.5438899899155,33.0760436550604,517.1155239445823,1834.6012150046938,1931.1120467195058,189.3907482052295,931.1273446873256,272.4538835293906,32.038332068352474,517.1155239445823,1834.6012150046938,1931.1120467195058,189.3907482052295,931.1273446873256,272.4538835293906,32.038332068352474
2026-02-07 10:00:00+00:00,946.12,3644.35,2105.25,0.039979164,490.62,217.99,28.71,538.114651332297,1878.1614961095202,1907.6266368402116,179.02988357835994,940.5652050734261,272.5438899899155,32.94703077967955,517.1155239445823,1834.6012150046938,1931.1120467195058,189.3907482052295,931.1273446873256,272.4538835293906,32.038332068352474,517.1155239445823,1834.6012150046938,1931.1120467195058,189.3907482052295,931.1273446873256,272.4538835293906,32.038332068352474
2026-02-07 11:00:00+00:00,923.24,3653.14,2040.43,0.050004188,480.79,218.03,28.71,539.1821017140938,1830.2455041447552,1902.4657702323611,186.65253886257094,941.3322200509571,272.5438899899155,32.7977711021907,517.1155239445823,1834.6012150046938,1931.1120467195058,189.3907482052295,931.1273446873256,272.4538835293906,32.038332068352474,517.1155239445823,1834.6012150046938,1931.1120467195058,189.3907482052295,931.1273446873256,272.4538835293906,32.038332068352474
2026-02-07 12:00:00+00:00,874.67,3647.33,2033.88,0.039979164,487.93,218.03,28.71,540.3647241923608,1801.3360510582058,1903.198078101856,194.2751941467819,942.099235028488,272.5438899899155,32.675368700042924,517.1155239445823,1834.6012150046938,1931.1120467195058,189.3907482052295,931.1273446873256,272.4538835293906,32.038332068352474,517.1155239445823,1834.6012150046938,1931.1120467195058,189.3907482052295,931.1273446873256,272.4538835293906,32.038332068352474
2026-02-07 13:00:00+00:00,890.54,3657.56,2043.48,0.039979164,462.35,218.59,28.71,541.8269330202141,1837.113958771727,1913.2380152761202,201.8978494309929,942.8662500060188,272.5438899899155,32.664568100993975,517.1155239445823,1834.6012150046938,1931.1120467195058,189.3907482052295,931.1273446873256,272.4538835293906,32.038332068352474,517.1155239445823,1834.6012150046938,1931.1120467195058,189.3907482052295,931.1273446873256,272.4538835293906,32.038332068352474
2026-02-07 14:00:00+00:00,972.72,3804.68,2089.18,0.19000357,440.55,218.31,28.71,547.201438212845,1931.0043718064446,1933.1075853532734,209.52050471520388,943.6332649835498,272.5438899899155,32.67887268070099,517.1155239445823,1834.6012150046938,1931.1120467195058,189.3907482052295,931.1273446873256,272.4538835293906,32.038332068352474,517.1155239445823,1834.6012150046938,1931.1120467195058,189.3907482052295,931.1273446873256,272.4538835293906,32.038332068352474
2026-02-07 15:00:00+00:00,1006.09,3831.53,2203.85,2.649995,430.93,217.99,28.71,550.5014188155271,2071.5604640522697,1960.7308791176279,217.14315999941485,944.4002799610807,272.5438899899155,32.760383974383835,517.1155239445823,1834.6012150046938,1931.1120467195058,189.3907482052295,931.1273446873256,272.4538835293906,32.038332068352474,517.1155239445823,1834.6012150046938,1931.1120467195058,189.3907482052295,931.1273446873256,272.4538835293906,32.038332068352474
2026-02-07 16:00:00+00:00,1027.37,3901.67,2278.47,383.23,420.38,217.99,28.71,553.0716204073481,2197.7470270060985,1986.1886881427477,224.76581528362584,945.1672949386117,272.5438899899155,32.934207175325575,517.1155239445823,1834.6012150046938,1931.1120467195058,189.3907482052295,931.1273446873256,272.4538835293906,32.038332068352474,517.1155239445823,1834.6012150046938,1931.1120467195058,189.3907482052295,931.1273446873256,272.4538835293906,32.038332068352474
2026-02-07 17:00:00+00:00,1015.9,3908.92,2289.98,449.02,426.49,217.95,28.71,549.4657895844939,2248.839339444601,1998.3555279000786,232.38847056783683,945.9343099161425,272.5438899899155,33.089409015468235,517.1155239445823,1834.6012150046938,1931.1120467195058,189.3907482052295,931.1273446873256,272.4538835293906,32.038332068352474,517.1155239445823,1834.6012150046938,1931.1120467195058,189.3907482052295,931.1273446873256,272.4538835293906,32.038332068352474
2026-02-07 18:00:00+00:00,1016.36,3880.8003,2257.1,189.88,432.37,217.95,28.71,542.0526494621988,2217.7201134791194,1999.7894602505492,240.01112585204783,946.7013248936735,272.5438899899155,33.01815665100417,517.1155239445823,1834.6012150046938,1931.1120467195058,189.3907482052295,931.1273446873256,272.4538835293906,32.038332068352474,517.1155239445823,1834.6012150046938,1931.1120467195058,189.3907482052295,931.1273446873256,272.4538835293906,32.038332068352474
2026-02-07 19:00:00+00:00,988.06,3862.6,2175.04,15.970002,389.25003,217.95,28.71,534.1400359748245,2143.499390433595,1996.9081621673017,247.6337811362588,947.4683398712044,272.5438899899155,33.11451440415869,517.1155239445823,1834.6012150046938,1931.1120467195058,189.3907482052295,931.1273446873256,272.4538835293906,32.038332068352474,517.1155239445823,1834.6012150046938,1931.1120467195058,189.3907482052295,931.1273446873256,272.4538835293906,32.038332068352474
2026-02-07 20:00:00+00:00,941.46,3782.7,2087.01,0.30000418,402.30002,218.03,28.71,529.7677929290189,2086.7846792046853,1996.586893307672,255.25643642046978,948.2353548487354,272.5438899899155,33.12881906493408,517.1155239445823,1834.6012150046938,1931.1120467195058,189.3907482052295,931.1273446873256,272.4538835293906,32.038332068352474,517.1155239445823,1834.6012150046938,1931.1120467195058,189.3907482052295,931.1273446873256,272.4538835293906,32.038332068352474
2026-02-07 21:00:00+00:00,936.13,3562.81,2025.59,0.25000113,398.17,225.07,28.71,528.3155415990242,2045.292639503195,1997.56624210666,262.8790917046808,949.0023698262662,272.5438899899155,33.24056509757776,517.1155239445823,1834.6012150046938,1931.1120467195058,189.3907482052295,931.1273446873256,272.4538835293906,32.038332068352474,517.1155239445823,1834.6012150046938,1931.1120467195058,189.3907482052295,931.1273446873256,272.4538835293906,32.038332068352474
2026-02-07 22:00:00+00:00,951.66,3400.0,1989.4,0.11000174,385.17,221.91,28.71,523.5181801744748,1995.9506769097416,1996.0973104332859,270.50174698889174,949.7693848037972,272.5438899899155,33.41061346631103,517.1155239445823,1834.6012150046938,1931.1120467195058,189.3907482052295,931.1273446873256,272.4538835293906,32.038332068352474,517.1155239445823,1834.6012150046938,1931.1120467195058,189.3907482052295,931.1273446873256,272.4538835293906,32.038332068352474
2026-02-07 23:00:00+00:00,946.35,3369.76,1936.77,0.22000235,365.24002,227.96,28.71,518.5781248314391,1950.2975381977292,1995.4368293912498,278.12440227310276,950.5363997813281,272.5438899899155,33.460950646391225,517.1155239445823,1834.6012150046938,1931.1120467195058,189.3907482052295,931.1273446873256,272.4538835293906,32.038332068352474,517.1155239445823,1834.6012150046938,1931.1120467195058,189.3907482052295,931.1273446873256,272.4538835293906,32.038332068352474
2026-02-08 00:00:00+00:00,945.83,3323.94,1915.16,0.28999442,350.79996,225.11,28.71,501.46327665869103,1837.9239157670252,1878.7106629899247,102.8033307362501,932.895055298117,272.5438899899155,33.51101692454563,517.1155239445823,1834.6012150046938,1931.1120467195058,189.3907482052295,931.1273446873256,272.4538835293906,32.038332068352474,517.1155239445823,1834.6012150046938,1931.1120467195058,189.3907482052295,931.1273446873256,272.4538835293906,32.038332068352474
2026-02-08 01:00:00+00:00,945.21,3504.75,1911.28,0.25000113,348.39005,225.79,28.71,497.8423865864422,1834.1358994130776,1881.409264828393,110.4259860204611,933.6620702756478,272.5438899899155,33.44812704203726,517.1155239445823,1834.6012150046938,1931.1120467195058,189.3907482052295,931.1273446873256,272.4538835293906,32.038332068352474,517.1155239445823,1834.6012150046938,1931.1120467195058,189.3907482052295,931.1273446873256,272.4538835293906,32.038332068352474
2026-02-08 02:00:00+00:00,943.28,3558.31,1906.67,0.25000113,336.88004,224.48,28.71,494.88850885910114,1837.2727658031135,1885.412951537109,118.04864130467207,934.4290852531788,272.5438899899155,33.412094496255925,517.1155239445823,1834.6012150046938,1931.1120467195058,189.3907482052295,931.1273446873256,272.4538835293906,32.038332068352474,517.1155239445823,1834.6012150046938,1931.1120467195058,189.3907482052295,931.1273446873256,272.4538835293906,32.038332068352474
2026-02-08 03:00:00+00:00,940.87,3462.32,1918.84,0.25000113,341.50003,222.15,28.71,493.06346500379897,1857.5487135139522,1891.6898529765144,125.67129658888305,935.1961002307097,272.5438899899155,33.39954179382775,517.1155239445823,1834.6012150046938,1931.1120467195058,189.3907482052295,931.1273446873256,272.4538835293906,32.038332068352474,517.1155239445823,1834.6012150046938,1931.1120467195058,189.3907482052295,931.1273446873256,272.4538835293906,32.038332068352474
2026-02-08 04:00:00+00:00,926.87,3479.38,1948.63,0.25000113,353.12003,218.9,28.71,493.2545642781431,1857.96126763409,1896.542501879541,133.29395187309404,935.9631152082407,272.5438899899155,33.38982480154313,517.1155239445823,1834.6012150046938,1931.1120467195058,189.3907482052295,931.1273446873256,272.4538835293906,32.038332068352474,517.1155239445823,1834.6012150046938,1931.1120467195058,189.3907482052295,931.1273446873256,272.4538835293906,32.038332068352474
2026-02-08 05:00:00+00:00,935.86,3483.85,2063.06,0.25000113,345.48,217.91,28.71,495.5113087687589,1865.2483785083018,1901.8953763778304,140.916607157305,936.7301301857715,272.5438899899155,33.382401534670166,517.1155239445823,1834.6012150046938,1931.1120467195058,189.3907482052295,931.1273446873256,272.4538835293906,32.038332068352474,517.1155239445823,1834.6012150046938,1931.1120467195058,189.3907482052295,931.1273446873256,272.4538835293906,32.038332068352474
2026-02-08 06:00:00+00:00,941.32,3385.02,2185.66,0.2799999,336.11002,217.91,28.71,498.52781872194174,1904.1958080955324,1910.9795149212557,148.539262441516,937.4971451633024,272.5438899899155,33.33813294126427,517.1155239445823,1834.6012150046938,1931.1120467195058,189.3907482052295,931.1273446873256,272.4538835293906,32.038332068352474,517.1155239445823,1834.6012150046938,1931.1120467195058,189.3907482052295,931.1273446873256,272.4538835293906,32.038332068352474
2026-02-08 07:00:00+00:00,943.85,3593.01,2232.31,0.30000418,327.92996,217.91,28.71,499.9016037226792,1934.6201124467068,1916.0741844802358,156.161917725727,938.2641601408334,272.5438899899155,33.328415948979654,517.1155239445823,1834.6012150046938,1931.1120467195058,189.3907482052295,931.1273446873256,272.4538835293906,32.038332068352474,517.1155239445823,1834.6012150046938,1931.1120467195058,189.3907482052295,931.1273446873256,272.4538835293906,32.038332068352474
2026-02-08 08:00:00+00:00,946.07,3578.55,2194.18,0.30000418,332.62003,217.91,28.71,497.64136265031334,1944.8226798947887,1917.2957592819444,163.784573009938,939.0311751183643,272.5438899899155,33.26269039381483,517.1155239445823,1834.6012150046938,1931.1120467195058,189.3907482052295,931.1273446873256,272.4538835293906,32.038332068352474,517.1155239445823,1834.6012150046938,1931.1120467195058,189.3907482052295,931.1273446873256,272.4538835293906,32.038332068352474
2026-02-08 09:00:00+00:00,937.44,3479.27,2135.63,0.30000418,355.87003,220.92,28.71,491.4825944063729,1926.482737981815,1916.611525689859,171.40722829414895,939.7981900958952,272.5438899899155,33.1359713394411,517.1155239445823,1834.6012150046938,1931.1120467195058,189.3907482052295,931.1273446873256,272.4538835293906,32.038332068352474,517.1155239445823,1834.6012150046938,1931.1120467195058,189.3907482052295,931.1273446873256,272.4538835293906,32.038332068352474
2026-02-08 10:00:00+00:00,926.72,3488.2,2096.27,0.30000418,411.76004,221.91,28.71,491.3586578545382,1920.1562672639916,1917.7388876627908,179.02988357835994,940.5652050734261,272.5438899899155,33.057693172288246,517.1155239445823,1834.6012150046938,1931.1120467195058,189.3907482052295,931.1273446873256,272.4538835293906,32.038332068352474,517.1155239445823,1834.6012150046938,1931.1120467195058,189.3907482052295,931.1273446873256,272.4538835293906,32.038332068352474
2026-02-08 11:00:00+00:00,932.84,3492.88,2037.23,0.029984655,377.76004,221.95,28.71,489.098208267373,1895.4453861478619,1917.9645820968058,186.65253886257094,941.3322200509571,272.5438899899155,32.96187723915122,517.1155239445823,1834.6012150046938,1931.1120467195058,189.3907482052295,931.1273446873256,272.4538835293906,32.038332068352474,517.1155239445823,1834.6012150046938,1931.1120467195058,189.3907482052295,931.1273446873256,272.4538835293906,32.038332068352474
2026-02-08 12:00:00+00:00,936.29,3502.67,2024.9,1.134917e-06,383.77,221.95,28.71,485.044803000097,1875.071491407589,1917.162793751294,194.2751941467819,942.099235028488,272.5438899899155,33.00641668668517,517.1155239445823,1834.6012150046938,1931.1120467195058,189.3907482052295,931.1273446873256,272.4538835293906,32.038332068352474,517.1155239445823,1834.6012150046938,1931.1120467195058,189.3907482052295,931.1273446873256,272.4538835293906,32.038332068352474
2026-02-08 13:00:00+00:00,938.18,3565.42,2043.49,0.1600048,386.18002,222.27,28.71,487.35511090358284,1881.9836406948532,1923.35914563215,201.8978494309929,942.8662500060188,272.5438899899155,32.93960753928311,517.1155239445823,1834.6012150046938,1931.1120467195058,189.3907482052295,931.1273446873256,272.4538835293906,32.038332068352474,517.1155239445823,1834.6012150046938,1931.1120467195058,189.3907482052295,931.1273446873256,272.4538835293906,32.038332068352474
2026-02-08 14:00:00+00:00,938.04,3730.9,2104.04,0.30000418,398.24002,221.95,28.71,498.3119733657641,1932.028362491405,1938.5290861511428,209.52050471520388,943.6332649835498,272.5438899899155,32.91531491517836,517.1155239445823,1834.6012150046938,1931.1120467195058,189.3907482052295,931.1273446873256,272.4538835293906,32.038332068352474,517.1155239445823,1834.6012150046938,1931.1120467195058,189.3907482052295,931.1273446873256,272.4538835293906,32.038332068352474
2026-02-08 15:00:00+00:00,977.94006,4203.48,2223.58,20.569994,394.68002,221.91,28.71,514.0919158799396,2035.308831560246,1961.1162088138672,217.14315999941485,944.4002799610807,272.5438899899155,32.91329203873945,517.1155239445823,1834.6012150046938,1931.1120467195058,189.3907482052295,931.1273446873256,272.4538835293906,32.038332068352474,517.1155239445823,1834.6012150046938,1931.1120467195058,189.3907482052295,931.1273446873256,272.4538835293906,32.038332068352474
2026-02-08 16:00:00+00:00,1036.04,4237.5,2296.32,65.72,409.39005,221.91,28.71,525.6878952774344,2138.620660320773,1982.0473880164523,224.76581528362584,945.1672949386117,272.5438899899155,32.981040443866654,517.1155239445823,1834.6012150046938,1931.1120467195058,189.3907482052295,931.1273446873256,272.4538835293906,32.038332068352474,517.1155239445823,1834.6012150046938,1931.1120467195058,189.3907482052295,931.1273446873256,272.4538835293906,32.038332068352474
2026-02-08 17:00:00+00:00,1048.16,4242.61,2308.2,209.41,395.49002,225.23,28.71,526.7951170898467,2191.683644632986,1993.5022810298688,232.38847056783683,945.9343099161425,272.5438899899155,33.07658541111426,517.1155239445823,1834.6012150046938,1931.1120467195058,189.3907482052295,931.1273446873256,272.4538835293906,32.038332068352474,517.1155239445823,1834.6012150046938,1931.1120467195058,189.3907482052295,931.1273446873256,272.4538835293906,32.038332068352474
2026-02-08 18:00:00+00:00,1033.58,4213.75,2280.48,24.67,386.51004,221.87,28.71,518.5218751813652,2172.2928953807614,1995.7421465327068,240.01112585204783,946.7013248936735,272.5438899899155,33.09372575555668,517.1155239445823,1834.6012150046938,1931.1120467195058,189.3907482052295,931.1273446873256,272.4538835293906,32.038332068352474,517.1155239445823,1834.6012150046938,1931.1120467195058,189.3907482052295,931.1273446873256,272.4538835293906,32.038332068352474
2026-02-08 19:00:00+00:00,953.4,4196.69,2200.45,0.2799999,363.54,221.87,28.71,515.4138738294475,2138.322519457391,1996.6173625709357,247.6337811362588,947.4683398712044,272.5438899899155,33.185495866696954,517.1155239445823,1834.6012150046938,1931.1120467195058,189.3907482052295,931.1273446873256,272.4538835293906,32.038332068352474,517.1155239445823,1834.6012150046938,1931.1120467195058,189.3907482052295,931.1273446873256,272.4538835293906,32.038332068352474
2026-02-08 20:00:00+00:00,934.99,4138.45,2116.57,0.30000418,366.33,221.87,28.71,515.5308049391518,2113.9285744786766,1998.9631297035448,255.25643642046978,948.2353548487354,272.5438899899155,33.279559798844346,517.1155239445823,1834.6012150046938,1931.1120467195058,189.3907482052295,931.1273446873256,272.4538835293906,32.038332068352474,517.1155239445823,1834.6012150046938,1931.1120467195058,189.3907482052295,931.1273446873256,272.4538835293906,32.038332068352474
2026-02-08 21:00:00+00:00,933.4,3941.82,2055.43,1.9799969,366.08,221.83,28.71,516.3038355464764,2078.153921107927,2000.556296518208,262.8790917046808,949.0023698262662,272.5438899899155,33.33759119036573,517.1155239445823,1834.6012150046938,1931.1120467195058,189.3907482052295,931.1273446873256,272.4538835293906,32.038332068352474,517.1155239445823,1834.6012150046938,1931.1120467195058,189.3907482052295,931.1273446873256,272.4538835293906,32.038332068352474
2026-02-08 22:00:00+00:00,945.07,3859.61,2004.62,0.30000418,346.06003,221.83,28.71,515.2592167197037,2018.4623831245315,1999.419717589819,270.50174698889174,949.7693848037972,272.5438899899155,33.32503848278224,517.1155239445823,1834.6012150046938,1931.1120467195058,189.3907482052295,931.1273446873256,272.4538835293906,32.038332068352474,517.1155239445823,1834.6012150046938,1931.1120467195058,189.3907482052295,931.1273446873256,272.4538835293906,32.038332068352474
2026-02-08 23:00:00+00:00,944.72,4023.68,1960.14,0.2799999,342.99002,232.0,28.71,518.2369663744217,1968.7828735521916,1999.011731252743,278.12440227310276,950.5363997813281,272.5438899899155,33.346224585257794,517.1155239445823,1834.6012150046938,1931.1120467195058,189.3907482052295,931.1273446873256,272.4538835293906,32.038332068352474,517.1155239445823,1834.6012150046938,1931.1120467195058,189.3907482052295,931.1273446873256,272.4538835293906,32.038332068352474
2026-02-09 00:00:00+00:00,944.24,3955.31,1951.04,0.24000663,345.29,229.74,28.71,507.4270163851148,1860.3483576814142,1883.0119915509806,102.8033307362501,932.895055298117,272.5438899899155,33.42625473723438,517.1155239445823,1834.6012150046938,1931.1120467195058,189.3907482052295,931.1273446873256,272.4538835293906,32.038332068352474,517.1155239445823,1834.6012150046938,1931.1120467195058,189.3907482052295,931.1273446873256,272.4538835293906,32.038332068352474
2026-02-09 01:00:00+00:00,954.19,3911.51,1943.43,0.24000663,344.57004,230.73,28.71,508.9310937761054,1858.1752368031036,1886.8421112108347,110.4259860204611,933.6620702756478,272.5438899899155,33.440017577992286,517.1155239445823,1834.6012150046938,1931.1120467195058,189.3907482052295,931.1273446873256,272.4538835293906,32.038332068352474,517.1155239445823,1834.6012150046938,1931.1120467195058,189.3907482052295,931.1273446873256,272.4538835293906,32.038332068352474
2026-02-09 02:00:00+00:00,945.39,3930.27,1939.32,8.330003,357.9,229.74,28.71,513.2504907427988,1859.9182973488448,1892.8229198682475,118.04864130467207,934.4290852531788,272.5438899899155,33.44689904101366,517.1155239445823,1834.6012150046938,1931.1120467195058,189.3907482052295,931.1273446873256,272.4538835293906,32.038332068352474,517.1155239445823,1834.6012150046938,1931.1120467195058,189.3907482052295,931.1273446873256,272.4538835293906,32.038332068352474
2026-02-09 03:00:00+00:00,945.7,4024.11,1945.33,0.24000663,350.4,223.81,28.71,518.8113489752143,1886.148198366738,1902.1834277732298,125.67129658888305,935.1961002307097,272.5438899899155,33.45148664038549,517.1155239445823,1834.6012150046938,1931.1120467195058,189.3907482052295,931.1273446873256,272.4538835293906,32.038332068352474,517.1155239445823,1834.6012150046938,1931.1120467195058,189.3907482052295,931.1273446873256,272.4538835293906,32.038332068352474
2026-02-09 04:00:00+00:00,950.41,4387.62,1979.02,0.3099987,345.16006,221.83,28.71,530.2209190756635,1978.9523165558708,1918.3765189870794,133.29395187309404,935.9631152082407,272.5438899899155,33.46322660470448,517.1155239445823,1834.6012150046938,1931.1120467195058,189.3907482052295,931.1273446873256,272.4538835293906,32.038332068352474,517.1155239445823,1834.6012150046938,1931.1120467195058,189.3907482052295,931.1273446873256,272.4538835293906,32.038332068352474
2026-02-09 05:00:00+00:00,1033.18,4721.05,2088.37,255.58,422.88,218.86,28.71,548.8351428607067,2162.634835524732,1948.0746019366115,140.916607157305,936.7301301857715,272.5438899899155,33.472943596989104,517.1155239445823,1834.6012150046938,1931.1120467195058,189.3907482052295,931.1273446873256,272.4538835293906,32.038332068352474,517.1155239445823,1834.6012150046938,1931.1120467195058,189.3907482052295,931.1273446873256,272.4538835293906,32.038332068352474
2026-02-09 06:00:00+00:00,1171.67,4771.9995,2203.9,952.82,694.68,222.19,28.71,561.9938679776413,2277.691371671599,1970.4064031007367,148.539262441516,937.4971451633024,272.5438899899155,33.43461718755823,517.1155239445823,1834.6012150046938,1931.1120467195058,189.3907482052295,931.1273446873256,272.4538835293906,32.038332068352474,517.1155239445823,1834.6012150046938,1931.1120467195058,189.3907482052295,931.1273446873256,272.4538835293906,32.038332068352474
2026-02-09 07:00:00+00:00,1173.46,4799.95,2264.53,954.38007,635.8499,222.23,28.71,564.6913945628348,2312.1953784313628,1980.5899040105844,156.161917725727,938.2641601408334,272.5438899899155,33.43461718755823,517.1155239445823,1834.6012150046938,1931.1120467195058,189.3907482052295,931.1273446873256,272.4538835293906,32.038332068352474,517.1155239445823,1834.6012150046938,1931.1120467195058,189.3907482052295,931.1273446873256,272.4538835293906,32.038332068352474
2026-02-09 08:00:00+00:00,1173.06,4774.77,2244.64,502.3,523.69,222.23,28.71,562.4148780403813,2263.516141205069,1979.6369752316994,163.784573009938,939.0311751183643,272.5438899899155,33.41059550802169,517.1155239445823,1834.6012150046938,1931.1120467195058,189.3907482052295,931.1273446873256,272.4538835293906,32.038332068352474,517.1155239445823,1834.6012150046938,1931.1120467195058,189.3907482052295,931.1273446873256,272.4538835293906,32.038332068352474
2026-02-09 09:00:00+00:00,1165.04,4820.36,2196.47,499.87,430.69,228.2,28.71,560.253366032872,2177.6285356431513,1976.6713259773624,171.40722829414895,939.7981900958952,272.5438899899155,33.377669489024875,517.1155239445823,1834.6012150046938,1931.1120467195058,189.3907482052295,931.1273446873256,272.4538835293906,32.038332068352474,517.1155239445823,1834.6012150046938,1931.1120467195058,189.3907482052295,931.1273446873256,272.4538835293906,32.038332068352474
2026-02-09 10:00:00+00:00,1157.2,4793.99,2152.22,7.209977,348.23,225.87,28.71,557.5700695352241,2091.0801594944455,1973.7555952863186,179.02988357835994,940.5652050734261,272.5438899899155,33.29845203767036,517.1155239445823,1834.6012150046938,1931.1120467195058,189.3907482052295,931.1273446873256,272.4538835293906,32.038332068352474,517.1155239445823,1834.6012150046938,1931.1120467195058,189.3907482052295,931.1273446873256,272.4538835293906,32.038332068352474
2026-02-09 11:00:00+00:00,1166.48,4847.8,2072.35,7.6000223,444.04,225.87,28.71,558.5644256443961,2074.110692768888,1973.9864444581626,186.65253886257094,941.3322200509571,272.5438899899155,33.213165909201386,517.1155239445823,1834.6012150046938,1931.1120467195058,189.3907482052295,931.1273446873256,272.4538835293906,32.038332068352474,517.1155239445823,1834.6012150046938,1931.1120467195058,189.3907482052295,931.1273446873256,272.4538835293906,32.038332068352474
2026-02-09 12:00:00+00:00,1179.22,4847.8496,2046.07,155.87,441.73,230.22,28.71,562.2199536254383,2073.197524775313,1973.6210286493279,194.2751941467819,942.099235028488,272.5438899899155,33.17308752010209,517.1155239445823,1834.6012150046938,1931.1120467195058,189.3907482052295,931.1273446873256,272.4538835293906,32.038332068352474,517.1155239445823,1834.6012150046938,1931.1120467195058,189.3907482052295,931.1273446873256,272.4538835293906,32.038332068352474
2026-02-09 13:00:00+00:00,1160.4,4858.9,2046.98,166.8,575.74994,230.14,28.71,566.5584311803744,2115.831268270838,1976.9191562100095,201.8978494309929,942.8662500060188,272.5438899899155,33.08753054266036,517.1155239445823,1834.6012150046938,1931.1120467195058,189.3907482052295,931.1273446873256,272.4538835293906,32.038332068352474,517.1155239445823,1834.6012150046938,1931.1120467195058,189.3907482052295,931.1273446873256,272.4538835293906,32.038332068352474
2026-02-09 14:00:00+00:00,1142.59,4863.38,2088.66,172.91,531.75,261.16,28.71,571.2129178014419,2192.043182548129,1987.895694932099,209.52050471520388,943.6332649835498,272.5438899899155,33.047723098129275,517.1155239445823,1834.6012150046938,1931.1120467195058,189.3907482052295,931.1273446873256,272.4538835293906,32.038332068352474,517.1155239445823,1834.6012150046938,1931.1120467195058,189.3907482052295,931.1273446873256,272.4538835293906,32.038332068352474
2026-02-09 15:00:00+00:00,975.88007,4880.9995,2203.27,319.13,578.01,363.6,28.71,573.7850615752672,2237.585041950299,2001.0077363176965,217.14315999941485,944.4002799610807,272.5438899899155,33.0617568834554,517.1155239445823,1834.6012150046938,1931.1120467195058,189.3907482052295,931.1273446873256,272.4538835293906,32.038332068352474,517.1155239445823,1834.6012150046938,1931.1120467195058,189.3907482052295,931.1273446873256,272.4538835293906,32.038332068352474
2026-02-09 16:00:00+00:00,965.99,4908.19,2279.41,796.75,398.70004,361.97,28.71,574.3096493816399,2293.975919166189,2018.290594501791,224.76581528362584,945.1672949386117,272.5438899899155,33.159324700665394,517.1155239445823,1834.6012150046938,1931.1120467195058,189.3907482052295,931.1273446873256,272.4538835293906,32.038332068352474,517.1155239445823,1834.6012150046938,1931.1120467195058,189.3907482052295,931.1273446873256,272.4538835293906,32.038332068352474
2026-02-09 17:00:00+00:00,1110.6,4909.5195,2292.62,741.2,409.17,361.61,28.71,569.7053765319534,2323.8610322793324,2028.5847886581512,232.38847056783683,945.9343099161425,272.5438899899155,33.28145618214381,517.1155239445823,1834.6012150046938,1931.1120467195058,189.3907482052295,931.1273446873256,272.4538835293906,32.038332068352474,517.1155239445823,1834.6012150046938,1931.1120467195058,189.3907482052295,931.1273446873256,272.4538835293906,32.038332068352474
2026-02-09 18:00:00+00:00,1161.3,4885.48,2238.71,300.76,497.49,352.82,28.71,564.7880782810731,2306.2619290601674,2029.3796401001607,240.01112585204783,946.7013248936735,272.5438899899155,33.27997510440119,517.1155239445823,1834.6012150046938,1931.1120467195058,189.3907482052295,931.1273446873256,272.4538835293906,32.038332068352474,517.1155239445823,1834.6012150046938,1931.1120467195058,189.3907482052295,931.1273446873256,272.4538835293906,32.038332068352474
2026-02-09 19:00:00+00:00,1146.37,4868.55,2142.53,53.67,442.83,255.56,28.71,561.451846874993,2220.356398599323,2024.8025452907495,247.6337811362588,947.4683398712044,272.5438899899155,33.36229914134852,517.1155239445823,1834.6012150046938,1931.1120467195058,189.3907482052295,931.1273446873256,272.4538835293906,32.038332068352474,517.1155239445823,1834.6012150046938,1931.1120467195058,189.3907482052295,931.1273446873256,272.4538835293906,32.038332068352474
2026-02-09 20:00:00+00:00,1145.01,4855.2495,2068.82,0.39000052,423.99,230.73,28.71,558.069686748432,2163.016177762897,2021.9429142671202,255.25643642046978,948.2353548487354,272.5438899899155,33.46432808611211,517.1155239445823,1834.6012150046938,1931.1120467195058,189.3907482052295,931.1273446873256,272.4538835293906,32.038332068352474,517.1155239445823,1834.6012150046938,1931.1120467195058,189.3907482052295,931.1273446873256,272.4538835293906,32.038332068352474
2026-02-09 21:00:00+00:00,1147.41,4832.15,2017.35,0.2799999,457.03,229.74,28.71,556.76617099083,2094.469385566448,2016.6601584004168,262.8790917046808,949.0023698262662,272.5438899899155,33.56176941018266,517.1155239445823,1834.6012150046938,1931.1120467195058,189.3907482052295,931.1273446873256,272.4538835293906,32.038332068352474,517.1155239445823,1834.6012150046938,1931.1120467195058,189.3907482052295,931.1273446873256,272.4538835293906,32.038332068352474
2026-02-09 22:00:00+00:00,987.2,4819.9395,1976.86,0.19999808,505.42,230.69,28.71,552.2318143913458,2013.4355404338094,2010.5325949195508,270.50174698889174,949.7693848037972,272.5438899899155,33.633834587030165,517.1155239445823,1834.6012150046938,1931.1120467195058,189.3907482052295,931.1273446873256,272.4538835293906,32.038332068352474,517.1155239445823,1834.6012150046938,1931.1120467195058,189.3907482052295,931.1273446873256,272.4538835293906,32.038332068352474
2026-02-09 23:00:00+00:00,957.9,4491.63,1930.98,0.24000663,518.66,267.33,28.71,547.2023982634644,1948.8102238925308,2007.9626721724278,278.12440227310276,950.5363997813281,272.5438899899155,33.654478848167024,517.1155239445823,1834.6012150046938,1931.1120467195058,189.3907482052295,931.1273446873256,272.4538835293906,32.038332068352474,517.1155239445823,1834.6012150046938,1931.1120467195058,189.3907482052295,931.1273446873256,272.4538835293906,32.038332068352474
2026-02-10 00:00:00+00:00,947.83,4454.36,1919.77,0.24000663,526.54,267.25,28.71,532.783498452067,1821.8660638995061,1889.2835660782107,102.8033307362501,932.895055298117,272.5438899899155,33.629246987658334,517.1155239445823,1834.6012150046938,1931.1120467195058,189.3907482052295,931.1273446873256,272.4538835293906,32.038332068352474,517.1155239445823,1834.6012150046938,1931.1120467195058,189.3907482052295,931.1273446873256,272.4538835293906,32.038332068352474
2026-02-10 01:00:00+00:00,948.54,4455.15,1908.48,0.24000663,540.05,266.85,28.71,532.0014816391541,1800.6797052858951,1890.867410275524,110.4259860204611,933.6620702756478,272.5438899899155,33.64732648321986,517.1155239445823,1834.6012150046938,1931.1120467195058,189.3907482052295,931.1273446873256,272.4538835293906,32.038332068352474,517.1155239445823,1834.6012150046938,1931.1120467195058,189.3907482052295,931.1273446873256,272.4538835293906,32.038332068352474
2026-02-10 02:00:00+00:00,949.39,4361.97,1906.51,0.24000663,517.63,265.43,28.71,531.6909660829804,1809.8650053225765,1895.7859700251242,118.04864130467207,934.4290852531788,272.5438899899155,33.732739152626,517.1155239445823,1834.6012150046938,1931.1120467195058,189.3907482052295,931.1273446873256,272.4538835293906,32.038332068352474,517.1155239445823,1834.6012150046938,1931.1120467195058,189.3907482052295,931.1273446873256,272.4538835293906,32.038332068352474
2026-02-10 03:00:00+00:00,945.34,4382.95,1915.62,0.24000663,525.56,265.31,28.71,535.3075341167863,1816.113207554236,1902.6293026030187,125.67129658888305,935.1961002307097,272.5438899899155,33.78428655632077,517.1155239445823,1834.6012150046938,1931.1120467195058,189.3907482052295,931.1273446873256,272.4538835293906,32.038332068352474,517.1155239445823,1834.6012150046938,1931.1120467195058,189.3907482052295,931.1273446873256,272.4538835293906,32.038332068352474
2026-02-10 04:00:00+00:00,947.4,4400.76,1936.55,0.2799999,520.79,265.31,28.71,540.5881901304451,1870.005774428108,1914.59866980028,133.29395187309404,935.9631152082407,272.5438899899155,33.81033111229622,517.1155239445823,1834.6012150046938,1931.1120467195058,189.3907482052295,931.1273446873256,272.4538835293906,32.038332068352474,517.1155239445823,1834.6012150046938,1931.1120467195058,189.3907482052295,931.1273446873256,272.4538835293906,32.038332068352474
2026-02-10 05:00:00+00:00,922.33,4485.01,2000.17,155.22,570.69,264.51,28.71,552.6899920675783,2019.3343113104902,1940.9928474009578,140.916607157305,936.7301301857715,272.5438899899155,33.8220710339728,517.1155239445823,1834.6012150046938,1931.1120467195058,189.3907482052295,931.1273446873256,272.4538835293906,32.038332068352474,517.1155239445823,1834.6012150046938,1931.1120467195058,189.3907482052295,931.1273446873256,272.4538835293906,32.038332068352474
2026-02-10 06:00:00+00:00,1027.74,4486.09,2093.93,427.06,562.69,270.3,28.71,559.4017544461653,2129.0001258371453,1961.2863150082383,148.539262441516,937.4971451633024,272.5438899899155,33.812895835229135,517.1155239445823,1834.6012150046938,1931.1120467195058,189.3907482052295,931.1273446873256,272.4538835293906,32.038332068352474,517.1155239445823,1834.6012150046938,1931.1120467195058,189.3907482052295,931.1273446873256,272.4538835293906,32.038332068352474
2026-02-10 07:00:00+00:00,1173.62,4477.56,2148.26,475.15,498.78,276.84,28.71,555.6669431298143,2140.0655044011814,1968.1713771419572,156.161917725727,938.2641601408334,272.5438899899155,33.8200482001763,517.1155239445823,1834.6012150046938,1931.1120467195058,189.3907482052295,931.1273446873256,272.4538835293906,32.038332068352474,517.1155239445823,1834.6012150046938,1931.1120467195058,189.3907482052295,931.1273446873256,272.4538835293906,32.038332068352474
2026-02-10 08:00:00+00:00,1183.85,4470.77,2149.82,22.100008,505.52,269.21,28.71,543.9755091779739,2118.655409156603,1965.0154479328676,163.784573009938,939.0311751183643,272.5438899899155,33.634629462445474,517.1155239445823,1834.6012150046938,1931.1120467195058,189.3907482052295,931.1273446873256,272.4538835293906,32.038332068352474,517.1155239445823,1834.6012150046938,1931.1120467195058,189.3907482052295,931.1273446873256,272.4538835293906,32.038332068352474
2026-02-10 09:00:00+00:00,1172.45,4471.17,2113.71,0.30000418,511.43,253.6,28.71,531.9981341324135,2099.9712332979584,1964.9512575183048,171.40722829414895,939.7981900958952,272.5438899899155,33.33719370486034,517.1155239445823,1834.6012150046938,1931.1120467195058,189.3907482052295,931.1273446873256,272.4538835293906,32.038332068352474,517.1155239445823,1834.6012150046938,1931.1120467195058,189.3907482052295,931.1273446873256,272.4538835293906,32.038332068352474
2026-02-10 10:00:00+00:00,1091.0,4515.02,2070.84,0.25000113,515.05,248.31,28.71,519.0461320284214,2112.4823509721564,1966.6667556059826,179.02988357835994,940.5652050734261,272.5438899899155,33.072954958637965,517.1155239445823,1834.6012150046938,1931.1120467195058,189.3907482052295,931.1273446873256,272.4538835293906,32.038332068352474,517.1155239445823,1834.6012150046938,1931.1120467195058,189.3907482052295,931.1273446873256,272.4538835293906,32.038332068352474
2026-02-10 11:00:00+00:00,1030.81,4552.24,2013.61,0.11000174,517.79,250.79,28.71,509.4217064691385,2143.988751351606,1967.9223715456383,186.65253886257094,941.3322200509571,272.5438899899155,32.84151569563055,517.1155239445823,1834.6012150046938,1931.1120467195058,189.3907482052295,931.1273446873256,272.4538835293906,32.038332068352474,517.1155239445823,1834.6012150046938,1931.1120467195058,189.3907482052295,931.1273446873256,272.4538835293906,32.038332068352474
2026-02-10 12:00:00+00:00,1035.99,4660.94,2009.4,0.11000174,475.86,253.17,28.71,510.8450824407689,2149.043477234395,1971.889970897076,194.2751941467819,942.099235028488,272.5438899899155,32.67876407415428,517.1155239445823,1834.6012150046938,1931.1120467195058,189.3907482052295,931.1273446873256,272.4538835293906,32.038332068352474,517.1155239445823,1834.6012150046938,1931.1120467195058,189.3907482052295,931.1273446873256,272.4538835293906,32.038332068352474
2026-02-10 13:00:00+00:00,1092.03,4844.89,2009.43,0.20999259,488.57,261.45,28.71,522.9633588902698,2179.5197677539695,1974.4795505178786,201.8978494309929,942.8662500060188,272.5438899899155,32.60494701065616,517.1155239445823,1834.6012150046938,1931.1120467195058,189.3907482052295,931.1273446873256,272.4538835293906,32.038332068352474,517.1155239445823,1834.6012150046938,1931.1120467195058,189.3907482052295,931.1273446873256,272.4538835293906,32.038332068352474
2026-02-10 14:00:00+00:00,1166.9,5036.64,2043.82,30.740007,505.55,264.83,28.71,536.4277201179027,2221.2098209415985,1982.6479986247937,209.52050471520388,943.6332649835498,272.5438899899155,32.70818618676729,517.1155239445823,1834.6012150046938,1931.1120467195058,189.3907482052295,931.1273446873256,272.4538835293906,32.038332068352474,517.1155239445823,1834.6012150046938,1931.1120467195058,189.3907482052295,931.1273446873256,272.4538835293906,32.038332068352474
2026-02-10 15:00:00+00:00,1150.63,5087.75,2148.77,225.14,555.26,266.22,28.71,542.8052775193921,2245.7228855441354,1995.7761246620655,217.14315999941485,944.4002799610807,272.5438899899155,32.811154415732545,517.1155239445823,1834.6012150046938,1931.1120467195058,189.3907482052295,931.1273446873256,272.4538835293906,32.038332068352474,517.1155239445823,1834.6012150046938,1931.1120467195058,189.3907482052295,931.1273446873256,272.4538835293906,32.038332068352474
2026-02-10 16:00:00+00:00,1140.33,5118.4697,2262.81,255.17,527.6,264.34,28.71,545.158944383572,2276.790398376073,2011.7996516653793,224.76581528362584,945.1672949386117,272.5438899899155,32.89981798392241,517.1155239445823,1834.6012150046938,1931.1120467195058,189.3907482052295,931.1273446873256,272.4538835293906,32.038332068352474,517.1155239445823,1834.6012150046938,1931.1120467195058,189.3907482052295,931.1273446873256,272.4538835293906,32.038332068352474
2026-02-10 17:00:00+00:00,1181.2,5128.85,2304.22,159.68,459.21997,254.12,28.71,547.2178538426161,2262.1333339228095,2019.438023273,232.38847056783683,945.9343099161425,272.5438899899155,32.99104631768761,517.1155239445823,1834.6012150046938,1931.1120467195058,189.3907482052295,931.1273446873256,272.4538835293906,32.038332068352474,517.1155239445823,1834.6012150046938,1931.1120467195058,189.3907482052295,931.1273446873256,272.4538835293906,32.038332068352474
2026-02-10 18:00:00+00:00,1157.65,5117.57,2291.81,133.36,610.76,248.03,28.71,546.6081858139471,2234.7703563493596,2019.7725521960858,240.01112585204783,946.7013248936735,272.5438899899155,32.99644663384741,517.1155239445823,1834.6012150046938,1931.1120467195058,189.3907482052295,931.1273446873256,272.4538835293906,32.038332068352474,517.1155239445823,1834.6012150046938,1931.1120467195058,189.3907482052295,931.1273446873256,272.4538835293906,32.038332068352474
2026-02-10 19:00:00+00:00,1066.36,4764.93,2224.37,120.73,553.25,246.45,28.71,542.7836229557131,2162.294802215686,2014.8951413530888,247.6337811362588,947.4683398712044,272.5438899899155,33.02276216086759,517.1155239445823,1834.6012150046938,1931.1120467195058,189.3907482052295,931.1273446873256,272.4538835293906,32.038332068352474,517.1155239445823,1834.6012150046938,1931.1120467195058,189.3907482052295,931.1273446873256,272.4538835293906,32.038332068352474
2026-02-10 20:00:00+00:00,950.3,4561.07,2157.31,112.34,477.77,246.56,28.71,540.7852006428326,2097.108872037529,2010.8295625182443,255.25643642046978,948.2353548487354,272.5438899899155,32.93814434555555,517.1155239445823,1834.6012150046938,1931.1120467195058,189.3907482052295,931.1273446873256,272.4538835293906,32.038332068352474,517.1155239445823,1834.6012150046938,1931.1120467195058,189.3907482052295,931.1273446873256,272.4538835293906,32.038332068352474
2026-02-10 21:00:00+00:00,916.88,4438.02,2088.22,14.429994,473.7,248.34,28.71,539.9821518167128,2017.8094530084072,2001.9893728385528,262.8790917046808,949.0023698262662,272.5438899899155,32.94529668918151,517.1155239445823,1834.6012150046938,1931.1120467195058,189.3907482052295,931.1273446873256,272.4538835293906,32.038332068352474,517.1155239445823,1834.6012150046938,1931.1120467195058,189.3907482052295,931.1273446873256,272.4538835293906,32.038332068352474
2026-02-10 22:00:00+00:00,769.46,4269.86,2035.85,0.24000663,459.97,251.86,28.71,535.9419299685089,1943.6057936301813,1995.1380974910803,270.50174698889174,949.7693848037972,272.5438899899155,33.05852382604434,517.1155239445823,1834.6012150046938,1931.1120467195058,189.3907482052295,931.1273446873256,272.4538835293906,32.038332068352474,517.1155239445823,1834.6012150046938,1931.1120467195058,189.3907482052295,931.1273446873256,272.4538835293906,32.038332068352474
2026-02-10 23:00:00+00:00,686.23,4177.84,1984.77,0.24000663,454.76,274.69,28.71,531.4742047769587,1905.942813680209,1991.2125632037119,278.12440227310276,950.5363997813281,272.5438899899155,33.1725636105762,517.1155239445823,1834.6012150046938,1931.1120467195058,189.3907482052295,931.1273446873256,272.4538835293906,32.038332068352474,517.1155239445823,1834.6012150046938,1931.1120467195058,189.3907482052295,931.1273446873256,272.4538835293906,32.038332068352474
2026-02-11 00:00:00+00:00,685.32,4110.75,1965.33,0.039979164,450.77,274.61,28.71,516.8859761783651,1779.8491668600245,1869.9197934639858,102.8033307362501,932.895055298117,272.5438899899155,33.27377995546849,517.1155239445823,1834.6012150046938,1931.1120467195058,189.3907482052295,931.1273446873256,272.4538835293906,32.038332068352474,517.1155239445823,1834.6012150046938,1931.1120467195058,189.3907482052295,931.1273446873256,272.4538835293906,32.038332068352474
2026-02-11 01:00:00+00:00,685.97,4128.95,1955.73,0.039979164,457.44,274.45,28.71,514.2981445547555,1785.1311109447322,1871.2023797263375,110.4259860204611,933.6620702756478,272.5438899899155,33.22100447647587,517.1155239445823,1834.6012150046938,1931.1120467195058,189.3907482052295,931.1273446873256,272.4538835293906,32.038332068352474,517.1155239445823,1834.6012150046938,1931.1120467195058,189.3907482052295,931.1273446873256,272.4538835293906,32.038332068352474
2026-02-11 02:00:00+00:00,682.53,4055.67,1946.9,0.059998695,450.24,273.42,28.71,513.5828990784719,1790.5117997210095,1877.5794182358015,118.04864130467207,934.4290852531788,272.5438899899155,33.15042040384753,517.1155239445823,1834.6012150046938,1931.1120467195058,189.3907482052295,931.1273446873256,272.4538835293906,32.038332068352474,517.1155239445823,1834.6012150046938,1931.1120467195058,189.3907482052295,931.1273446873256,272.4538835293906,32.038332068352474
2026-02-11 03:00:00+00:00,673.12,4069.29,1953.55,0.08999747,451.1,273.42,28.71,514.1705382121,1785.5811669326613,1885.8505888572977,125.67129658888305,935.1961002307097,272.5438899899155,33.116013323273975,517.1155239445823,1834.6012150046938,1931.1120467195058,189.3907482052295,931.1273446873256,272.4538835293906,32.038332068352474,517.1155239445823,1834.6012150046938,1931.1120467195058,189.3907482052295,931.1273446873256,272.4538835293906,32.038332068352474
2026-02-11 04:00:00+00:00,718.08,4205.68,1970.61,0.11000174,453.15,274.84,28.71,522.1227107105209,1862.2200410598994,1900.2221917910351,133.29395187309404,935.9631152082407,272.5438899899155,33.215748563947116,517.1155239445823,1834.6012150046938,1931.1120467195058,189.3907482052295,931.1273446873256,272.4538835293906,32.038332068352474,517.1155239445823,1834.6012150046938,1931.1120467195058,189.3907482052295,931.1273446873256,272.4538835293906,32.038332068352474
2026-02-11 05:00:00+00:00,959.64,4644.3,2043.91,79.28,469.89,273.66,28.71,537.9980640914454,2028.9525053385398,1925.5558696396722,140.916607157305,936.7301301857715,272.5438899899155,33.21089002000707,517.1155239445823,1834.6012150046938,1931.1120467195058,189.3907482052295,931.1273446873256,272.4538835293906,32.038332068352474,517.1155239445823,1834.6012150046938,1931.1120467195058,189.3907482052295,931.1273446873256,272.4538835293906,32.038332068352474
2026-02-11 06:00:00+00:00,1060.24,4714.2593,2149.07,381.06,449.51,270.49,28.71,549.5963533855565,2144.082368833145,1945.1421179708348,148.539262441516,937.4971451633024,272.5438899899155,32.98335215404417,517.1155239445823,1834.6012150046938,1931.1120467195058,189.3907482052295,931.1273446873256,272.4538835293906,32.038332068352474,517.1155239445823,1834.6012150046938,1931.1120467195058,189.3907482052295,931.1273446873256,272.4538835293906,32.038332068352474
2026-02-11 07:00:00+00:00,1086.6,4738.13,2220.05,584.09,450.11,271.01,28.71,552.645483274274,2165.8408792698824,1952.364070208572,156.161917725727,938.2641601408334,272.5438899899155,32.960811509607844,517.1155239445823,1834.6012150046938,1931.1120467195058,189.3907482052295,931.1273446873256,272.4538835293906,32.038332068352474,517.1155239445823,1834.6012150046938,1931.1120467195058,189.3907482052295,931.1273446873256,272.4538835293906,32.038332068352474
2026-02-11 08:00:00+00:00,1078.08,4733.22,2209.2,375.72,465.68,293.48,28.71,548.210776939989,2144.4192637308342,1952.9867012317488,163.784573009938,939.0311751183643,272.5438899899155,32.87389987328867,517.1155239445823,1834.6012150046938,1931.1120467195058,189.3907482052295,931.1273446873256,272.4538835293906,32.038332068352474,517.1155239445823,1834.6012150046938,1931.1120467195058,189.3907482052295,931.1273446873256,272.4538835293906,32.038332068352474
2026-02-11 09:00:00+00:00,1029.58,4675.36,2159.14,25.839998,466.19,303.13,28.71,540.0853054468308,2128.547503089735,1952.8464813397213,171.40722829414895,939.7981900958952,272.5438899899155,32.67321935178578,517.1155239445823,1834.6012150046938,1931.1120467195058,189.3907482052295,931.1273446873256,272.4538835293906,32.038332068352474,517.1155239445823,1834.6012150046938,1931.1120467195058,189.3907482052295,931.1273446873256,272.4538835293906,32.038332068352474
2026-02-11 10:00:00+00:00,1019.68005,4668.41,2106.35,148.15,539.97,310.84,28.71,533.8201488174499,2133.487330327523,1956.3440929341616,179.02988357835994,940.5652050734261,272.5438899899155,32.46079882414089,517.1155239445823,1834.6012150046938,1931.1120467195058,189.3907482052295,931.1273446873256,272.4538835293906,32.038332068352474,517.1155239445823,1834.6012150046938,1931.1120467195058,189.3907482052295,931.1273446873256,272.4538835293906,32.038332068352474
2026-02-11 11:00:00+00:00,1027.86,4625.26,2017.99,63.699997,474.68,310.8,28.71,537.9098751805825,2080.380496883946,1957.036865116527,186.65253886257094,941.3322200509571,272.5438899899155,32.292917860946616,517.1155239445823,1834.6012150046938,1931.1120467195058,189.3907482052295,931.1273446873256,272.4538835293906,32.038332068352474,517.1155239445823,1834.6012150046938,1931.1120467195058,189.3907482052295,931.1273446873256,272.4538835293906,32.038332068352474
2026-02-11 12:00:00+00:00,1033.48,4522.1,1986.06,0.30000418,491.38,312.59,28.71,543.8701553386551,2021.063393921916,1963.176832579208,194.2751941467819,942.099235028488,272.5438899899155,32.50373077330877,517.1155239445823,1834.6012150046938,1931.1120467195058,189.3907482052295,931.1273446873256,272.4538835293906,32.038332068352474,517.1155239445823,1834.6012150046938,1931.1120467195058,189.3907482052295,931.1273446873256,272.4538835293906,32.038332068352474
2026-02-11 13:00:00+00:00,1035.93,4568.11,1990.21,0.30000418,517.88,312.9,28.71,546.7459437265084,2028.4377519044695,1967.9141718999433,201.8978494309929,942.8662500060188,272.5438899899155,32.38754157819495,517.1155239445823,1834.6012150046938,1931.1120467195058,189.3907482052295,931.1273446873256,272.4538835293906,32.038332068352474,517.1155239445823,1834.6012150046938,1931.1120467195058,189.3907482052295,931.1273446873256,272.4538835293906,32.038332068352474
2026-02-11 14:00:00+00:00,1036.01,4572.04,2032.95,3.5500042,490.18,313.93,28.71,550.2539845077564,2040.4998828112575,1971.048124382838,209.52050471520388,943.6332649835498,272.5438899899155,32.27606638494739,517.1155239445823,1834.6012150046938,1931.1120467195058,189.3907482052295,931.1273446873256,272.4538835293906,32.038332068352474,517.1155239445823,1834.6012150046938,1931.1120467195058,189.3907482052295,931.1273446873256,272.4538835293906,32.038332068352474
2026-02-11 15:00:00+00:00,1032.08,4648.6,2145.91,154.5,485.32,285.96,28.71,550.9892066696088,2072.649642348528,1980.595652192316,217.14315999941485,944.4002799610807,272.5438899899155,32.469323692735216,517.1155239445823,1834.6012150046938,1931.1120467195058,189.3907482052295,931.1273446873256,272.4538835293906,32.038332068352474,517.1155239445823,1834.6012150046938,1931.1120467195058,189.3907482052295,931.1273446873256,272.4538835293906,32.038332068352474
2026-02-11 16:00:00+00:00,1070.53,4689.61,2262.0,460.61,581.4,278.48,28.71,550.2069822129158,2127.8904396489506,1994.054868019627,224.76581528362584,945.1672949386117,272.5438899899155,32.609408114310895,517.1155239445823,1834.6012150046938,1931.1120467195058,189.3907482052295,931.1273446873256,272.4538835293906,32.038332068352474,517.1155239445823,1834.6012150046938,1931.1120467195058,189.3907482052295,931.1273446873256,272.4538835293906,32.038332068352474
2026-02-11 17:00:00+00:00,1076.97,4723.86,2285.81,292.08,500.25,279.63,28.71,546.1327657839009,2170.602335957832,2003.0770479742955,232.38847056783683,945.9343099161425,272.5438899899155,32.64746355785234,517.1155239445823,1834.6012150046938,1931.1120467195058,189.3907482052295,931.1273446873256,272.4538835293906,32.038332068352474,517.1155239445823,1834.6012150046938,1931.1120467195058,189.3907482052295,931.1273446873256,272.4538835293906,32.038332068352474
2026-02-11 18:00:00+00:00,1059.93,4708.7593,2257.36,203.82,481.93,279.95,28.71,534.6476566252131,2150.8133945859367,2005.1728222103302,240.01112585204783,946.7013248936735,272.5438899899155,32.58470016590575,517.1155239445823,1834.6012150046938,1931.1120467195058,189.3907482052295,931.1273446873256,272.4538835293906,32.038332068352474,517.1155239445823,1834.6012150046938,1931.1120467195058,189.3907482052295,931.1273446873256,272.4538835293906,32.038332068352474
2026-02-11 19:00:00+00:00,968.5,4675.43,2173.31,66.83,441.17004,281.45,28.71,522.4330914959795,2089.602117109711,2002.7092131661398,247.6337811362588,947.4683398712044,272.5438899899155,32.663917636003816,517.1155239445823,1834.6012150046938,1931.1120467195058,189.3907482052295,931.1273446873256,272.4538835293906,32.038332068352474,517.1155239445823,1834.6012150046938,1931.1120467195058,189.3907482052295,931.1273446873256,272.4538835293906,32.038332068352474
2026-02-11 20:00:00+00:00,902.24,3695.12,2084.32,60.690002,442.78,277.34,28.71,507.5830787392958,2043.1717181576237,2001.8814201113285,255.25643642046978,948.2353548487354,272.5438899899155,32.684290931251255,517.1155239445823,1834.6012150046938,1931.1120467195058,189.3907482052295,931.1273446873256,272.4538835293906,32.038332068352474,517.1155239445823,1834.6012150046938,1931.1120467195058,189.3907482052295,931.1273446873256,272.4538835293906,32.038332068352474
2026-02-11 21:00:00+00:00,720.42,3197.76,2024.4,0.3099987,448.79004,277.34,28.71,501.0056562773109,2001.555326734662,2000.5451068090824,262.8790917046808,949.0023698262662,272.5438899899155,32.71884246325358,517.1155239445823,1834.6012150046938,1931.1120467195058,189.3907482052295,931.1273446873256,272.4538835293906,32.038332068352474,517.1155239445823,1834.6012150046938,1931.1120467195058,189.3907482052295,931.1273446873256,272.4538835293906,32.038332068352474
2026-02-11 22:00:00+00:00,687.23,3121.91,1977.25,73.13,452.43,280.94,28.71,495.1370040716996,1927.5434667651036,1996.9553511862312,270.50174698889174,949.7693848037972,272.5438899899155,32.79954096845186,517.1155239445823,1834.6012150046938,1931.1120467195058,189.3907482052295,931.1273446873256,272.4538835293906,32.038332068352474,517.1155239445823,1834.6012150046938,1931.1120467195058,189.3907482052295,931.1273446873256,272.4538835293906,32.038332068352474
2026-02-11 23:00:00+00:00,632.03,2967.38,1931.43,1.2400067,464.14,292.17,28.71,494.3260851341438,1840.420140026777,1991.6059628502921,278.12440227310276,950.5363997813281,272.5438899899155,32.91276808141583,517.1155239445823,1834.6012150046938,1931.1120467195058,189.3907482052295,931.1273446873256,272.4538835293906,32.038332068352474,517.1155239445823,1834.6012150046938,1931.1120467195058,189.3907482052295,931.1273446873256,272.4538835293906,32.038332068352474
2026-02-12 00:00:00+00:00,631.43,2987.22,1920.44,0.25999564,453.34,293.52,28.71,482.6868439590909,1684.843173864738,1871.871472360714,102.8033307362501,932.895055298117,272.5438899899155,32.95569997938892,517.1155239445823,1834.6012150046938,1931.1120467195058,189.3907482052295,931.1273446873256,272.4538835293906,32.038332068352474,517.1155239445823,1834.6012150046938,1931.1120467195058,189.3907482052295,931.1273446873256,272.4538835293906,32.038332068352474
2026-02-12 01:00:00+00:00,630.91,3017.91,1905.63,0.009995642,458.0,293.08,28.71,482.66424668435735,1661.0148506639412,1869.8606761149151,110.4259860204611,933.6620702756478,272.5438899899155,33.06527865768839,517.1155239445823,1834.6012150046938,1931.1120467195058,189.3907482052295,931.1273446873256,272.4538835293906,32.038332068352474,517.1155239445823,1834.6012150046938,1931.1120467195058,189.3907482052295,931.1273446873256,272.4538835293906,32.038332068352474
2026-02-12 02:00:00+00:00,629.09,3036.4,1900.35,1.134917e-06,463.78,290.95,28.71,480.54165947934246,1677.7812913172324,1872.247999940029,118.04864130467207,934.4290852531788,272.5438899899155,33.07080556258309,517.1155239445823,1834.6012150046938,1931.1120467195058,189.3907482052295,931.1273446873256,272.4538835293906,32.038332068352474,517.1155239445823,1834.6012150046938,1931.1120467195058,189.3907482052295,931.1273446873256,272.4538835293906,32.038332068352474
2026-02-12 03:00:00+00:00,624.17,3061.56,1917.19,0.1699993,458.34,289.24,28.71,481.73823045932596,1703.792799092109,1878.6007913130659,125.67129658888305,935.1961002307097,272.5438899899155,33.03531484197456,517.1155239445823,1834.6012150046938,1931.1120467195058,189.3907482052295,931.1273446873256,272.4538835293906,32.038332068352474,517.1155239445823,1834.6012150046938,1931.1120467195058,189.3907482052295,931.1273446873256,272.4538835293906,32.038332068352474
2026-02-12 04:00:00+00:00,668.01,3213.89,1948.04,0.25999564,468.7,286.28,28.71,488.7638542055177,1799.4088045875815,1895.9248630743498,133.29395187309404,935.9631152082407,272.5438899899155,33.06096198156356,517.1155239445823,1834.6012150046938,1931.1120467195058,189.3907482052295,931.1273446873256,272.4538835293906,32.038332068352474,517.1155239445823,1834.6012150046938,1931.1120467195058,189.3907482052295,931.1273446873256,272.4538835293906,32.038332068352474
2026-02-12 05:00:00+00:00,864.53,3662.28,2041.0,50.410004,471.57,286.87,28.71,502.44925488829216,1982.8746026403155,1923.5299521059626,140.916607157305,936.7301301857715,272.5438899899155,33.06002274515963,517.1155239445823,1834.6012150046938,1931.1120467195058,189.3907482052295,931.1273446873256,272.4538835293906,32.038332068352474,517.1155239445823,1834.6012150046938,1931.1120467195058,189.3907482052295,931.1273446873256,272.4538835293906,32.038332068352474
2026-02-12 06:00:00+00:00,1047.82,4034.19,2144.07,12.250016,459.76,285.01,28.71,517.2862373109574,2109.670217877925,1945.1426575030112,148.539262441516,937.4971451633024,272.5438899899155,32.977969700578235,517.1155239445823,1834.6012150046938,1931.1120467195058,189.3907482052295,931.1273446873256,272.4538835293906,32.038332068352474,517.1155239445823,1834.6012150046938,1931.1120467195058,189.3907482052295,931.1273446873256,272.4538835293906,32.038332068352474
2026-02-12 07:00:00+00:00,1053.73,4098.58,2193.66,0.3199932,458.1,285.29,28.71,513.455842725607,2159.847138282483,1951.240391687472,156.161917725727,938.2641601408334,272.5438899899155,33.00428517980069,517.1155239445823,1834.6012150046938,1931.1120467195058,189.3907482052295,931.1273446873256,272.4538835293906,32.038332068352474,517.1155239445823,1834.6012150046938,1931.1120467195058,189.3907482052295,931.1273446873256,272.4538835293906,32.038332068352474
2026-02-12 08:00:00+00:00,1019.99,4068.46,2177.6,0.3199932,450.3,286.2,28.71,506.7533384882585,2144.2042870455907,1949.3770923540346,163.784573009938,939.0311751183643,272.5438899899155,32.85623568328399,517.1155239445823,1834.6012150046938,1931.1120467195058,189.3907482052295,931.1273446873256,272.4538835293906,32.038332068352474,517.1155239445823,1834.6012150046938,1931.1120467195058,189.3907482052295,931.1273446873256,272.4538835293906,32.038332068352474
2026-02-12 09:00:00+00:00,1011.65,3889.95,2127.76,0.3199932,437.67,288.93,28.71,503.1308960503987,2084.695803762258,1950.9329176163028,171.40722829414895,939.7981900958952,272.5438899899155,32.6223581904831,517.1155239445823,1834.6012150046938,1931.1120467195058,189.3907482052295,931.1273446873256,272.4538835293906,32.038332068352474,517.1155239445823,1834.6012150046938,1931.1120467195058,189.3907482052295,931.1273446873256,272.4538835293906,32.038332068352474
2026-02-12 10:00:00+00:00,1020.17004,3778.29,2082.91,0.3199932,430.7,296.21,28.71,506.3457031790647,2045.0227711695445,1958.153328127441,179.02988357835994,940.5652050734261,272.5438899899155,32.50710821174083,517.1155239445823,1834.6012150046938,1931.1120467195058,189.3907482052295,931.1273446873256,272.4538835293906,32.038332068352474,517.1155239445823,1834.6012150046938,1931.1120467195058,189.3907482052295,931.1273446873256,272.4538835293906,32.038332068352474
2026-02-12 11:00:00+00:00,1027.51,3701.64,2013.84,0.2700054,435.9,300.08,28.71,509.33933576722757,1979.1718518198081,1963.2874782883282,186.65253886257094,941.3322200509571,272.5438899899155,32.355157342078485,517.1155239445823,1834.6012150046938,1931.1120467195058,189.3907482052295,931.1273446873256,272.4538835293906,32.038332068352474,517.1155239445823,1834.6012150046938,1931.1120467195058,189.3907482052295,931.1273446873256,272.4538835293906,32.038332068352474
2026-02-12 12:00:00+00:00,1024.28,3725.87,1989.4,0.25999564,426.25,302.69,28.71,513.3163277188105,1969.3443277887447,1965.5478557491494,194.2751941467819,942.099235028488,272.5438899899155,32.45948017421549,517.1155239445823,1834.6012150046938,1931.1120467195058,189.3907482052295,931.1273446873256,272.4538835293906,32.038332068352474,517.1155239445823,1834.6012150046938,1931.1120467195058,189.3907482052295,931.1273446873256,272.4538835293906,32.038332068352474
2026-02-12 13:00:00+00:00,1036.38,3763.41,2000.22,0.25999564,414.49002,302.3,28.71,516.1657486274212,1943.5201641337853,1962.7715375623445,201.8978494309929,942.8662500060188,272.5438899899155,32.36946196571675,517.1155239445823,1834.6012150046938,1931.1120467195058,189.3907482052295,931.1273446873256,272.4538835293906,32.038332068352474,517.1155239445823,1834.6012150046938,1931.1120467195058,189.3907482052295,931.1273446873256,272.4538835293906,32.038332068352474
2026-02-12 14:00:00+00:00,1038.94,3695.8604,2044.83,2.1999981,432.45,301.6,28.71,515.6077371360507,1997.6777781874453,1963.1593508257063,209.52050471520388,943.6332649835498,272.5438899899155,32.680804940864334,517.1155239445823,1834.6012150046938,1931.1120467195058,189.3907482052295,931.1273446873256,272.4538835293906,32.038332068352474,517.1155239445823,1834.6012150046938,1931.1120467195058,189.3907482052295,931.1273446873256,272.4538835293906,32.038332068352474
2026-02-12 15:00:00+00:00,1030.37,3771.33,2160.24,62.33,472.51996,294.02,28.71,513.5902009296193,2044.7824080187881,1972.9749732383464,217.14315999941485,944.4002799610807,272.5438899899155,32.730329404156564,517.1155239445823,1834.6012150046938,1931.1120467195058,189.3907482052295,931.1273446873256,272.4538835293906,32.038332068352474,517.1155239445823,1834.6012150046938,1931.1120467195058,189.3907482052295,931.1273446873256,272.4538835293906,32.038332068352474
2026-02-12 16:00:00+00:00,1021.64,4063.62,2260.96,143.84,466.47,293.66,28.71,519.6662372958436,2133.546133822202,1990.0146999322008,224.76581528362584,945.1672949386117,272.5438899899155,32.78187677586952,517.1155239445823,1834.6012150046938,1931.1120467195058,189.3907482052295,931.1273446873256,272.4538835293906,32.038332068352474,517.1155239445823,1834.6012150046938,1931.1120467195058,189.3907482052295,931.1273446873256,272.4538835293906,32.038332068352474
2026-02-12 17:00:00+00:00,1018.25,4069.57,2281.07,143.81,458.14,295.91,28.71,526.0806503338242,2174.639376611035,2000.804895143327,232.38847056783683,945.9343099161425,272.5438899899155,32.817367475156836,517.1155239445823,1834.6012150046938,1931.1120467195058,189.3907482052295,931.1273446873256,272.4538835293906,32.038332068352474,517.1155239445823,1834.6012150046938,1931.1120467195058,189.3907482052295,931.1273446873256,272.4538835293906,32.038332068352474
2026-02-12 18:00:00+00:00,1002.28,4062.43,2260.48,57.550003,429.13,295.36,28.71,524.9099901384133,2125.3909492015937,2001.6365658814823,240.01112585204783,946.7013248936735,272.5438899899155,32.77970949579957,517.1155239445823,1834.6012150046938,1931.1120467195058,189.3907482052295,931.1273446873256,272.4538835293906,32.038332068352474,517.1155239445823,1834.6012150046938,1931.1120467195058,189.3907482052295,931.1273446873256,272.4538835293906,32.038332068352474
2026-02-12 19:00:00+00:00,736.47,3997.22,2188.72,0.3199932,389.04,296.23,28.71,518.3111021636897,2050.6126161058796,1998.8371433825116,247.6337811362588,947.4683398712044,272.5438899899155,32.83813825590966,517.1155239445823,1834.6012150046938,1931.1120467195058,189.3907482052295,931.1273446873256,272.4538835293906,32.038332068352474,517.1155239445823,1834.6012150046938,1931.1120467195058,189.3907482052295,931.1273446873256,272.4538835293906,32.038332068352474
2026-02-12 20:00:00+00:00,494.31,3842.21,2100.6,0.3199932,378.22,293.27,28.71,511.38351871896793,1952.6502119852337,1993.9132996112303,255.25643642046978,948.2353548487354,272.5438899899155,32.85878251704652,517.1155239445823,1834.6012150046938,1931.1120467195058,189.3907482052295,931.1273446873256,272.4538835293906,32.038332068352474,517.1155239445823,1834.6012150046938,1931.1120467195058,189.3907482052295,931.1273446873256,272.4538835293906,32.038332068352474
2026-02-12 21:00:00+00:00,488.57,3555.4902,2035.98,61.549995,375.58,293.27,28.71,505.160985990968,1887.1184391563838,1990.5388755267318,262.8790917046808,949.0023698262662,272.5438899899155,32.94379767447076,517.1155239445823,1834.6012150046938,1931.1120467195058,189.3907482052295,931.1273446873256,272.4538835293906,32.038332068352474,517.1155239445823,1834.6012150046938,1931.1120467195058,189.3907482052295,931.1273446873256,272.4538835293906,32.038332068352474
2026-02-12 22:00:00+00:00,478.36,3237.61,1988.12,27.819994,360.94003,296.43,28.71,496.28354661575804,1830.5363433509588,1987.4032765984628,270.50174698889174,949.7693848037972,272.5438899899155,32.96754847855802,517.1155239445823,1834.6012150046938,1931.1120467195058,189.3907482052295,931.1273446873256,272.4538835293906,32.038332068352474,517.1155239445823,1834.6012150046938,1931.1120467195058,189.3907482052295,931.1273446873256,272.4538835293906,32.038332068352474
2026-02-12 23:00:00+00:00,336.83,2829.28,1913.36,1.03,372.70004,284.76,28.71,490.0756039469021,1754.3421076382951,1982.8003064437257,278.12440227310276,950.5363997813281,272.5438899899155,32.9842913904481,517.1155239445823,1834.6012150046938,1931.1120467195058,189.3907482052295,931.1273446873256,272.4538835293906,32.038332068352474,517.1155239445823,1834.6012150046938,1931.1120467195058,189.3907482052295,931.1273446873256,272.4538835293906,32.038332068352474
2026-02-13 00:00:00+00:00,333.76,2847.98,1913.49,1.134917e-06,373.87003,282.23,28.71,479.2656275285773,1587.058170932679,1860.5363196416738,102.8033307362501,932.895055298117,272.5438899899155,32.90911971844793,517.1155239445823,1834.6012150046938,1931.1120467195058,189.3907482052295,931.1273446873256,272.4538835293906,32.038332068352474,517.1155239445823,1834.6012150046938,1931.1120467195058,189.3907482052295,931.1273446873256,272.4538835293906,32.038332068352474
2026-02-13 01:00:00+00:00,333.93,2813.27,1906.04,1.134917e-06,383.1,281.75,28.71,482.9595624539596,1528.9362966166361,1858.747093773561,110.4259860204611,933.6620702756478,272.5438899899155,32.923026941515666,517.1155239445823,1834.6012150046938,1931.1120467195058,189.3907482052295,931.1273446873256,272.4538835293906,32.038332068352474,517.1155239445823,1834.6012150046938,1931.1120467195058,189.3907482052295,931.1273446873256,272.4538835293906,32.038332068352474
2026-02-13 02:00:00+00:00,345.51,2829.11,1904.14,1.134917e-06,383.11002,284.13,28.71,485.41934841319335,1524.308026612338,1863.7898945314655,118.04864130467207,934.4290852531788,272.5438899899155,32.885242399900015,517.1155239445823,1834.6012150046938,1931.1120467195058,189.3907482052295,931.1273446873256,272.4538835293906,32.038332068352474,517.1155239445823,1834.6012150046938,1931.1120467195058,189.3907482052295,931.1273446873256,272.4538835293906,32.038332068352474
2026-02-13 03:00:00+00:00,467.25,2892.68,1922.16,0.19999808,366.20004,281.4,28.71,485.37525698617355,1572.3314962918985,1873.667135975365,125.67129658888305,935.1961002307097,272.5438899899155,32.940438145241465,517.1155239445823,1834.6012150046938,1931.1120467195058,189.3907482052295,931.1273446873256,272.4538835293906,32.038332068352474,517.1155239445823,1834.6012150046938,1931.1120467195058,189.3907482052295,931.1273446873256,272.4538835293906,32.038332068352474
2026-02-13 04:00:00+00:00,607.1,3215.19,1955.48,68.27,370.84,282.07,28.71,495.80332166140187,1700.7054844006593,1889.9038997932664,133.29395187309404,935.9631152082407,272.5438899899155,32.981871097622744,517.1155239445823,1834.6012150046938,1931.1120467195058,189.3907482052295,931.1273446873256,272.4538835293906,32.038332068352474,517.1155239445823,1834.6012150046938,1931.1120467195058,189.3907482052295,931.1273446873256,272.4538835293906,32.038332068352474
2026-02-13 05:00:00+00:00,741.31,4286.51,2064.52,41.819992,383.4,278.43,28.71,515.152226391603,1914.062715596157,1918.6558588452351,140.916607157305,936.7301301857715,272.5438899899155,33.02276216086759,517.1155239445823,1834.6012150046938,1931.1120467195058,189.3907482052295,931.1273446873256,272.4538835293906,32.038332068352474,517.1155239445823,1834.6012150046938,1931.1120467195058,189.3907482052295,931.1273446873256,272.4538835293906,32.038332068352474
2026-02-13 06:00:00+00:00,992.15,4687.91,2194.39,62.409996,371.50003,277.44,28.71,529.2114302467776,2079.1997531021298,1942.3547089653307,148.539262441516,937.4971451633024,272.5438899899155,33.02288867532825,517.1155239445823,1834.6012150046938,1931.1120467195058,189.3907482052295,931.1273446873256,272.4538835293906,32.038332068352474,517.1155239445823,1834.6012150046938,1931.1120467195058,189.3907482052295,931.1273446873256,272.4538835293906,32.038332068352474
2026-02-13 07:00:00+00:00,1031.95,4738.63,2228.36,266.71,384.34,277.44,28.71,534.373900810563,2171.3596724054314,1950.3930887042138,156.161917725727,938.2641601408334,272.5438899899155,33.07066115895205,517.1155239445823,1834.6012150046938,1931.1120467195058,189.3907482052295,931.1273446873256,272.4538835293906,32.038332068352474,517.1155239445823,1834.6012150046938,1931.1120467195058,189.3907482052295,931.1273446873256,272.4538835293906,32.038332068352474
2026-02-13 08:00:00+00:00,998.51,4730.22,2198.52,141.6,404.4,277.44,28.71,528.6789360668286,2167.867607475275,1945.7003749216212,163.784573009938,939.0311751183643,272.5438899899155,32.97403248255053,517.1155239445823,1834.6012150046938,1931.1120467195058,189.3907482052295,931.1273446873256,272.4538835293906,32.038332068352474,517.1155239445823,1834.6012150046938,1931.1120467195058,189.3907482052295,931.1273446873256,272.4538835293906,32.038332068352474
2026-02-13 09:00:00+00:00,943.87,4708.49,2133.9,0.33000296,415.84,277.44,28.71,522.4249439677408,2158.7530980990487,1944.6762860472438,171.40722829414895,939.7981900958952,272.5438899899155,32.821666309909006,517.1155239445823,1834.6012150046938,1931.1120467195058,189.3907482052295,931.1273446873256,272.4538835293906,32.038332068352474,517.1155239445823,1834.6012150046938,1931.1120467195058,189.3907482052295,931.1273446873256,272.4538835293906,32.038332068352474
2026-02-13 10:00:00+00:00,953.68005,4636.55,2079.6,0.2700054,422.27,280.41,28.71,517.9341074961574,2142.2065927012345,1950.2722789371023,179.02988357835994,940.5652050734261,272.5438899899155,32.705332632673425,517.1155239445823,1834.6012150046938,1931.1120467195058,189.3907482052295,931.1273446873256,272.4538835293906,32.038332068352474,517.1155239445823,1834.6012150046938,1931.1120467195058,189.3907482052295,931.1273446873256,272.4538835293906,32.038332068352474
2026-02-13 11:00:00+00:00,961.05,4570.53,2022.76,0.28999442,429.18,281.44,28.71,520.3916700314584,2140.7915616123573,1953.5599221547163,186.65253886257094,941.3322200509571,272.5438899899155,32.611810558969474,517.1155239445823,1834.6012150046938,1931.1120467195058,189.3907482052295,931.1273446873256,272.4538835293906,32.038332068352474,517.1155239445823,1834.6012150046938,1931.1120467195058,189.3907482052295,931.1273446873256,272.4538835293906,32.038332068352474
2026-02-13 12:00:00+00:00,963.11,4577.64,2013.6,11.5599985,427.98,281.4,28.71,528.7387131444804,2131.6117993937064,1957.7806616724142,194.2751941467819,942.099235028488,272.5438899899155,32.58374303095965,517.1155239445823,1834.6012150046938,1931.1120467195058,189.3907482052295,931.1273446873256,272.4538835293906,32.038332068352474,517.1155239445823,1834.6012150046938,1931.1120467195058,189.3907482052295,931.1273446873256,272.4538835293906,32.038332068352474
2026-02-13 13:00:00+00:00,964.12006,4620.74,2024.77,65.97,464.63,281.4,28.71,535.3052594057,2174.367850710364,1968.2679497385468,201.8978494309929,942.8662500060188,272.5438899899155,32.5886015748997,517.1155239445823,1834.6012150046938,1931.1120467195058,189.3907482052295,931.1273446873256,272.4538835293906,32.038332068352474,517.1155239445823,1834.6012150046938,1931.1120467195058,189.3907482052295,931.1273446873256,272.4538835293906,32.038332068352474
2026-02-13 14:00:00+00:00,1009.48,4721.91,2076.32,160.22,439.22003,281.4,28.71,547.4550859067714,2230.2487808393525,1984.4203240263953,209.52050471520388,943.6332649835498,272.5438899899155,32.59035350677039,517.1155239445823,1834.6012150046938,1931.1120467195058,189.3907482052295,931.1273446873256,272.4538835293906,32.038332068352474,517.1155239445823,1834.6012150046938,1931.1120467195058,189.3907482052295,931.1273446873256,272.4538835293906,32.038332068352474
2026-02-13 15:00:00+00:00,1105.7,4849.59,2186.62,450.9,453.39,281.4,28.71,557.0895096085263,2291.124087940992,2000.3978590977254,217.14315999941485,944.4002799610807,272.5438899899155,32.62867990425183,517.1155239445823,1834.6012150046938,1931.1120467195058,189.3907482052295,931.1273446873256,272.4538835293906,32.038332068352474,517.1155239445823,1834.6012150046938,1931.1120467195058,189.3907482052295,931.1273446873256,272.4538835293906,32.038332068352474
2026-02-13 16:00:00+00:00,1103.28,4982.02,2271.47,854.20996,446.92,281.36,28.71,567.1885227127474,2341.2418315895893,2014.072903201648,224.76581528362584,945.1672949386117,272.5438899899155,32.756211656669976,517.1155239445823,1834.6012150046938,1931.1120467195058,189.3907482052295,931.1273446873256,272.4538835293906,32.038332068352474,517.1155239445823,1834.6012150046938,1931.1120467195058,189.3907482052295,931.1273446873256,272.4538835293906,32.038332068352474
2026-02-13 17:00:00+00:00,1117.69,4995.02,2300.62,1029.69,470.79,281.36,28.71,570.4588195254947,2355.282257404986,2020.9441408467555,232.38847056783683,945.9343099161425,272.5438899899155,32.936103579946256,517.1155239445823,1834.6012150046938,1931.1120467195058,189.3907482052295,931.1273446873256,272.4538835293906,32.038332068352474,517.1155239445823,1834.6012150046938,1931.1120467195058,189.3907482052295,931.1273446873256,272.4538835293906,32.038332068352474
2026-02-13 18:00:00+00:00,1109.58,4995.26,2280.72,713.45,468.88,281.32,28.71,564.6397431930737,2341.2446673511367,2021.4633529412406,240.01112585204783,946.7013248936735,272.5438899899155,33.00816868767481,517.1155239445823,1834.6012150046938,1931.1120467195058,189.3907482052295,931.1273446873256,272.4538835293906,32.038332068352474,517.1155239445823,1834.6012150046938,1931.1120467195058,189.3907482052295,931.1273446873256,272.4538835293906,32.038332068352474
2026-02-13 19:00:00+00:00,1052.37,4957.02,2200.83,142.89,464.4,281.32,28.71,557.3835774063101,2279.9887967254435,2017.5907189184827,247.6337811362588,947.4683398712044,272.5438899899155,33.01734390773968,517.1155239445823,1834.6012150046938,1931.1120467195058,189.3907482052295,931.1273446873256,272.4538835293906,32.038332068352474,517.1155239445823,1834.6012150046938,1931.1120467195058,189.3907482052295,931.1273446873256,272.4538835293906,32.038332068352474
2026-02-13 20:00:00+00:00,1008.63,4904.94,2102.83,13.190003,472.83,281.28,28.71,552.3675941838738,2229.13377387217,2014.5319284514705,255.25643642046978,948.2353548487354,272.5438899899155,33.11626640514832,517.1155239445823,1834.6012150046938,1931.1120467195058,189.3907482052295,931.1273446873256,272.4538835293906,32.038332068352474,517.1155239445823,1834.6012150046938,1931.1120467195058,189.3907482052295,931.1273446873256,272.4538835293906,32.038332068352474
2026-02-13 21:00:00+00:00,965.07,4845.06,2037.36,0.28999442,456.2,283.45,28.71,549.3167496516107,2154.6988927911148,2009.557650314886,262.8790917046808,949.0023698262662,272.5438899899155,33.19062526476506,517.1155239445823,1834.6012150046938,1931.1120467195058,189.3907482052295,931.1273446873256,272.4538835293906,32.038332068352474,517.1155239445823,1834.6012150046938,1931.1120467195058,189.3907482052295,931.1273446873256,272.4538835293906,32.038332068352474
2026-02-13 22:00:00+00:00,967.18,4830.46,1982.56,4.5599985,455.35995,286.38,28.71,549.4286721994848,2072.2120806926155,2003.5648502975027,270.50174698889174,949.7693848037972,272.5438899899155,33.25216061046798,517.1155239445823,1834.6012150046938,1931.1120467195058,189.3907482052295,931.1273446873256,272.4538835293906,32.038332068352474,517.1155239445823,1834.6012150046938,1931.1120467195058,189.3907482052295,931.1273446873256,272.4538835293906,32.038332068352474
2026-02-13 23:00:00+00:00,913.24,4427.06,1938.87,0.2799999,415.4,292.16,28.71,546.969383298684,1985.8046439954494,1998.9751463331645,278.12440227310276,950.5363997813281,272.5438899899155,33.29142620850506,517.1155239445823,1834.6012150046938,1931.1120467195058,189.3907482052295,931.1273446873256,272.4538835293906,32.038332068352474,517.1155239445823,1834.6012150046938,1931.1120467195058,189.3907482052295,931.1273446873256,272.4538835293906,32.038332068352474
2026-02-14 00:00:00+00:00,911.1,4283.12,1931.03,0.25000113,398.62003,293.15,28.71,536.636741617868,1871.6245513435406,1879.8531063547132,102.37287913102162,926.0539843662754,273.19528657169394,33.13334231857785,517.1155239445823,1834.6012150046938,1931.1120467195058,189.3907482052295,931.1273446873256,272.4538835293906,32.038332068352474,517.1155239445823,1834.6012150046938,1931.1120467195058,189.3907482052295,931.1273446873256,272.4538835293906,32.038332068352474
2026-02-14 01:00:00+00:00,911.67,4209.34,1926.3,0.25000113,397.76004,293.15,28.71,531.1080456898311,1840.6838757012158,1879.986224304655,109.93006354662758,926.8215655026038,273.19528657169394,33.149222790506336,517.1155239445823,1834.6012150046938,1931.1120467195058,189.3907482052295,931.1273446873256,272.4538835293906,32.038332068352474,517.1155239445823,1834.6012150046938,1931.1120467195058,189.3907482052295,931.1273446873256,272.4538835293906,32.038332068352474
2026-02-14 02:00:00+00:00,910.59,4264.47,1924.13,0.25000113,364.27,293.11,28.71,528.0086715773999,1822.116214773826,1882.6349451488663,117.48724796223355,927.5891466389323,273.19528657169394,33.18870906129148,517.1155239445823,1834.6012150046938,1931.1120467195058,189.3907482052295,931.1273446873256,272.4538835293906,32.038332068352474,517.1155239445823,1834.6012150046938,1931.1120467195058,189.3907482052295,931.1273446873256,272.4538835293906,32.038332068352474
2026-02-14 03:00:00+00:00,903.15,4270.8,1944.49,0.17999381,344.01004,298.05,28.71,526.0079007310404,1812.1321760251276,1886.4768460501462,125.04443237783953,928.3567277752609,273.19528657169394,33.20973979543487,517.1155239445823,1834.6012150046938,1931.1120467195058,189.3907482052295,931.1273446873256,272.4538835293906,32.038332068352474,517.1155239445823,1834.6012150046938,1931.1120467195058,189.3907482052295,931.1273446873256,272.4538835293906,32.038332068352474
2026-02-14 04:00:00+00:00,887.07,4258.02,1985.56,0.20999259,351.44003,293.07,28.71,528.3873367992596,1823.6545391633144,1891.4558017789598,132.6016167934455,929.1243089115894,273.19528657169394,33.26338951492763,517.1155239445823,1834.6012150046938,1931.1120467195058,189.3907482052295,931.1273446873256,272.4538835293906,32.038332068352474,517.1155239445823,1834.6012150046938,1931.1120467195058,189.3907482052295,931.1273446873256,272.4538835293906,32.038332068352474
2026-02-14 05:00:00+00:00,884.52,4368.02,2116.96,0.22999686,347.85,287.13,28.71,534.1640895803556,1846.8683549383231,1899.4524983930123,140.1588012090515,929.8918900479179,273.19528657169394,33.30459276903799,517.1155239445823,1834.6012150046938,1931.1120467195058,189.3907482052295,931.1273446873256,272.4538835293906,32.038332068352474,517.1155239445823,1834.6012150046938,1931.1120467195058,189.3907482052295,931.1273446873256,272.4538835293906,32.038332068352474
2026-02-14 06:00:00+00:00,885.46,4686.36,2245.13,0.25000113,344.42,285.16,28.71,543.5715671484766,1906.6318498058515,1910.2695295163214,147.71598562465743,930.6594711842464,273.19528657169394,33.29257539407132,517.1155239445823,1834.6012150046938,1931.1120467195058,189.3907482052295,931.1273446873256,272.4538835293906,32.038332068352474,517.1155239445823,1834.6012150046938,1931.1120467195058,189.3907482052295,931.1273446873256,272.4538835293906,32.038332068352474
2026-02-14 07:00:00+00:00,893.71,4843.27,2280.91,0.3099987,362.70004,285.16,28.71,551.3775319116147,1978.377928763774,1921.2987977943012,155.2731700402634,931.427052320575,273.19528657169394,33.32004420354779,517.1155239445823,1834.6012150046938,1931.1120467195058,189.3907482052295,931.1273446873256,272.4538835293906,32.038332068352474,517.1155239445823,1834.6012150046938,1931.1120467195058,189.3907482052295,931.1273446873256,272.4538835293906,32.038332068352474
2026-02-14 08:00:00+00:00,890.95,4854.91,2250.25,0.2799999,391.93002,285.16,28.71,554.0331372884643,2033.159127130752,1931.7602434749622,162.83035445586938,932.1946334569035,273.19528657169394,33.25394798532767,517.1155239445823,1834.6012150046938,1931.1120467195058,189.3907482052295,931.1273446873256,272.4538835293906,32.038332068352474,517.1155239445823,1834.6012150046938,1931.1120467195058,189.3907482052295,931.1273446873256,272.4538835293906,32.038332068352474
2026-02-14 09:00:00+00:00,895.15,4834.67,2181.53,0.28999442,423.74,285.19,28.71,556.6443951432834,2058.082346083843,1938.345168845092,170.38753887147536,932.962214593232,273.19528657169394,33.14192733464732,517.1155239445823,1834.6012150046938,1931.1120467195058,189.3907482052295,931.1273446873256,272.4538835293906,32.038332068352474,517.1155239445823,1834.6012150046938,1931.1120467195058,189.3907482052295,931.1273446873256,272.4538835293906,32.038332068352474
2026-02-14 10:00:00+00:00,901.2,4774.43,2125.58,0.28999442,377.1,291.13,28.71,559.0921060386949,2061.897662564314,1943.3647542849233,177.94472328708133,933.7297957295605,273.19528657169394,33.002437828044144,517.1155239445823,1834.6012150046938,1931.1120467195058,189.3907482052295,931.1273446873256,272.4538835293906,32.038332068352474,517.1155239445823,1834.6012150046938,1931.1120467195058,189.3907482052295,931.1273446873256,272.4538835293906,32.038332068352474
2026-02-14 11:00:00+00:00,909.39,4753.62,2048.07,0.28999442,385.24002,293.11,28.71,562.4158342961322,2071.248744252399,1949.1666639244197,185.5019077026873,934.497376865889,273.19528657169394,32.90329280640253,517.1155239445823,1834.6012150046938,1931.1120467195058,189.3907482052295,931.1273446873256,272.4538835293906,32.038332068352474,517.1155239445823,1834.6012150046938,1931.1120467195058,189.3907482052295,931.1273446873256,272.4538835293906,32.038332068352474
2026-02-14 12:00:00+00:00,913.95,4783.2,2031.82,1.6400006,353.91,293.78,28.71,567.3836877766562,2056.1552654765496,1951.3856619880587,193.05909211829328,935.2649580022176,273.19528657169394,32.886554166743984,517.1155239445823,1834.6012150046938,1931.1120467195058,189.3907482052295,931.1273446873256,272.4538835293906,32.038332068352474,517.1155239445823,1834.6012150046938,1931.1120467195058,189.3907482052295,931.1273446873256,272.4538835293906,32.038332068352474
2026-02-14 13:00:00+00:00,915.46,4774.99,2040.71,171.04,356.24002,293.15,28.71,570.921762664459,2055.73930025099,1954.7090803701851,200.61627653389925,936.0325391385461,273.19528657169394,32.87024462762295,517.1155239445823,1834.6012150046938,1931.1120467195058,189.3907482052295,931.1273446873256,272.4538835293906,32.038332068352474,517.1155239445823,1834.6012150046938,1931.1120467195058,189.3907482052295,931.1273446873256,272.4538835293906,32.038332068352474
2026-02-14 14:00:00+00:00,915.48,4852.67,2090.22,284.13,448.6,293.11,28.71,575.5858830493112,2087.6037663067173,1962.6182834527433,208.17346094950523,936.8001202748746,273.19528657169394,32.91015996560065,517.1155239445823,1834.6012150046938,1931.1120467195058,189.3907482052295,931.1273446873256,272.4538835293906,32.038332068352474,517.1155239445823,1834.6012150046938,1931.1120467195058,189.3907482052295,931.1273446873256,272.4538835293906,32.038332068352474
2026-02-14 15:00:00+00:00,971.68005,4931.52,2198.35,414.11,393.08,293.11,28.71,584.0976544936831,2128.462650962537,1972.1731858198395,215.7306453651112,937.5677014112031,273.19528657169394,32.9796901504712,517.1155239445823,1834.6012150046938,1931.1120467195058,189.3907482052295,931.1273446873256,272.4538835293906,32.038332068352474,517.1155239445823,1834.6012150046938,1931.1120467195058,189.3907482052295,931.1273446873256,272.4538835293906,32.038332068352474
2026-02-14 16:00:00+00:00,1039.22,4981.8594,2278.8,1006.16,429.62003,293.07,28.71,593.1586503893124,2213.533234687693,1985.5337206861661,223.28782978071717,938.3352825475316,273.19528657169394,33.19257211835764,517.1155239445823,1834.6012150046938,1931.1120467195058,189.3907482052295,931.1273446873256,272.4538835293906,32.038332068352474,517.1155239445823,1834.6012150046938,1931.1120467195058,189.3907482052295,931.1273446873256,272.4538835293906,32.038332068352474
2026-02-14 17:00:00+00:00,1041.72,4994.79,2301.25,906.54663,484.02997,293.07,28.71,596.6640381167724,2279.1663371701757,1995.2197305635655,230.84501419632312,939.1028636838602,273.19528657169394,33.35652554510119,517.1155239445823,1834.6012150046938,1931.1120467195058,189.3907482052295,931.1273446873256,272.4538835293906,32.038332068352474,517.1155239445823,1834.6012150046938,1931.1120467195058,189.3907482052295,931.1273446873256,272.4538835293906,32.038332068352474
2026-02-14 18:00:00+00:00,1039.44,4979.47,2256.83,806.9333,394.81003,293.03,28.71,593.1966311882634,2274.655577568145,1997.1574652208421,238.40219861192912,939.8704448201887,273.19528657169394,33.43549808667149,517.1155239445823,1834.6012150046938,1931.1120467195058,189.3907482052295,931.1273446873256,272.4538835293906,32.038332068352474,517.1155239445823,1834.6012150046938,1931.1120467195058,189.3907482052295,931.1273446873256,272.4538835293906,32.038332068352474
2026-02-14 19:00:00+00:00,970.86005,5005.25,2161.15,707.32,391.63004,293.07,28.71,586.6415945774175,2208.8367387613084,1997.0466659733734,245.9593830275351,940.6380259565173,273.19528657169394,33.458674841558775,517.1155239445823,1834.6012150046938,1931.1120467195058,189.3907482052295,931.1273446873256,272.4538835293906,32.038332068352474,517.1155239445823,1834.6012150046938,1931.1120467195058,189.3907482052295,931.1273446873256,272.4538835293906,32.038332068352474
2026-02-14 20:00:00+00:00,901.33,4926.78,2073.27,205.6,384.48,293.11,28.71,582.0566302554328,2171.75629711109,1999.197682921506,253.51656744314107,941.4056070928457,273.19528657169394,33.48614374392794,517.1155239445823,1834.6012150046938,1931.1120467195058,189.3907482052295,931.1273446873256,272.4538835293906,32.038332068352474,517.1155239445823,1834.6012150046938,1931.1120467195058,189.3907482052295,931.1273446873256,272.4538835293906,32.038332068352474
2026-02-14 21:00:00+00:00,910.75,4884.95,2008.46,0.75999564,353.14005,293.19,28.71,578.9593203333611,2160.8716182708376,2001.7446661197805,261.073751858747,942.1731882291742,273.19528657169394,33.51318341654234,517.1155239445823,1834.6012150046938,1931.1120467195058,189.3907482052295,931.1273446873256,272.4538835293906,32.038332068352474,517.1155239445823,1834.6012150046938,1931.1120467195058,189.3907482052295,931.1273446873256,272.4538835293906,32.038332068352474
2026-02-14 22:00:00+00:00,922.41,4868.24,1967.06,0.28999442,347.26004,293.23,28.71,570.7336985621893,2130.096550997906,2001.2485024564382,268.63093627435296,942.9407693655028,273.19528657169394,33.542369209344024,517.1155239445823,1834.6012150046938,1931.1120467195058,189.3907482052295,931.1273446873256,272.4538835293906,32.038332068352474,517.1155239445823,1834.6012150046938,1931.1120467195058,189.3907482052295,931.1273446873256,272.4538835293906,32.038332068352474
2026-02-14 23:00:00+00:00,908.55,4187.84,1925.73,0.28999442,323.20004,289.9,28.71,561.0232215660943,2073.5271265131037,2000.1853567338649,276.18812068995896,943.7083505018313,273.19528657169394,33.568121075390934,517.1155239445823,1834.6012150046938,1931.1120467195058,189.3907482052295,931.1273446873256,272.4538835293906,32.038332068352474,517.1155239445823,1834.6012150046938,1931.1120467195058,189.3907482052295,931.1273446873256,272.4538835293906,32.038332068352474
2026-02-15 00:00:00+00:00,906.5,3828.6501,1915.95,0.28999442,327.22,290.34,28.71,545.9239728884987,1959.73039033109,1883.52695935767,102.37287913102162,926.0539843662754,273.19528657169394,33.56855015925597,517.1155239445823,1834.6012150046938,1931.1120467195058,189.3907482052295,931.1273446873256,272.4538835293906,32.038332068352474,517.1155239445823,1834.6012150046938,1931.1120467195058,189.3907482052295,931.1273446873256,272.4538835293906,32.038332068352474
2026-02-15 01:00:00+00:00,905.48,3335.37,1908.62,0.28999442,331.69003,290.02,28.71,539.5608304191283,1953.5590950102921,1886.1266296510987,109.93006354662758,926.8215655026038,273.19528657169394,33.62391686207394,517.1155239445823,1834.6012150046938,1931.1120467195058,189.3907482052295,931.1273446873256,272.4538835293906,32.038332068352474,517.1155239445823,1834.6012150046938,1931.1120467195058,189.3907482052295,931.1273446873256,272.4538835293906,32.038332068352474
2026-02-15 02:00:00+00:00,907.6,3015.21,1907.01,0.28999442,333.02,289.31,28.71,535.5049767672837,1954.572672492023,1890.3471060698828,117.48724796223355,927.5891466389323,273.19528657169394,33.66769531368593,517.1155239445823,1834.6012150046938,1931.1120467195058,189.3907482052295,931.1273446873256,272.4538835293906,32.038332068352474,517.1155239445823,1834.6012150046938,1931.1120467195058,189.3907482052295,931.1273446873256,272.4538835293906,32.038332068352474
2026-02-15 03:00:00+00:00,900.64,2940.13,1925.58,0.28999442,329.96,289.35,28.71,532.3827270396133,1948.8335818230264,1895.6920094071777,125.04443237783953,928.3567277752609,273.19528657169394,33.69258901200278,517.1155239445823,1834.6012150046938,1931.1120467195058,189.3907482052295,931.1273446873256,272.4538835293906,32.038332068352474,517.1155239445823,1834.6012150046938,1931.1120467195058,189.3907482052295,931.1273446873256,272.4538835293906,32.038332068352474
2026-02-15 04:00:00+00:00,886.82,2992.46,1965.72,0.28999442,339.31003,289.39,28.71,532.1284497698941,1945.8644684504663,1901.1224401322518,132.6016167934455,929.1243089115894,273.19528657169394,33.706752547052396,517.1155239445823,1834.6012150046938,1931.1120467195058,189.3907482052295,931.1273446873256,272.4538835293906,32.038332068352474,517.1155239445823,1834.6012150046938,1931.1120467195058,189.3907482052295,931.1273446873256,272.4538835293906,32.038332068352474
2026-02-15 05:00:00+00:00,863.13,2992.05,2098.84,0.28999442,339.59,271.59,28.71,529.166703494803,1936.7872820004682,1906.0249340258438,140.1588012090515,929.8918900479179,273.19528657169394,33.7273541508844,517.1155239445823,1834.6012150046938,1931.1120467195058,189.3907482052295,931.1273446873256,272.4538835293906,32.038332068352474,517.1155239445823,1834.6012150046938,1931.1120467195058,189.3907482052295,931.1273446873256,272.4538835293906,32.038332068352474
2026-02-15 06:00:00+00:00,747.37,2847.79,2234.89,0.28999442,336.46,265.65,28.71,525.8826488246848,1940.7530826621487,1913.459079464385,147.71598562465743,930.6594711842464,273.19528657169394,33.7149076920527,517.1155239445823,1834.6012150046938,1931.1120467195058,189.3907482052295,931.1273446873256,272.4538835293906,32.038332068352474,517.1155239445823,1834.6012150046938,1931.1120467195058,189.3907482052295,931.1273446873256,272.4538835293906,32.038332068352474
2026-02-15 07:00:00+00:00,706.76,2853.08,2269.22,97.15,334.91,265.61,28.71,519.395167849312,1956.3124737508595,1922.1267525803946,155.2731700402634,931.427052320575,273.19528657169394,33.72563794821262,517.1155239445823,1834.6012150046938,1931.1120467195058,189.3907482052295,931.1273446873256,272.4538835293906,32.038332068352474,517.1155239445823,1834.6012150046938,1931.1120467195058,189.3907482052295,931.1273446873256,272.4538835293906,32.038332068352474
2026-02-15 08:00:00+00:00,603.1,2670.68,2220.8,67.89,339.98,265.49,28.71,503.8465157550114,1928.7732803354656,1928.7533836523776,162.83035445586938,932.1946334569035,273.19528657169394,33.68100072090114,517.1155239445823,1834.6012150046938,1931.1120467195058,189.3907482052295,931.1273446873256,272.4538835293906,32.038332068352474,517.1155239445823,1834.6012150046938,1931.1120467195058,189.3907482052295,931.1273446873256,272.4538835293906,32.038332068352474
2026-02-15 09:00:00+00:00,468.83,2209.55,2148.15,0.3199932,346.39005,265.33,28.71,492.82749643711674,1879.3716796342758,1929.77590386715,170.38753887147536,932.962214593232,273.19528657169394,33.62262896261376,517.1155239445823,1834.6012150046938,1931.1120467195058,189.3907482052295,931.1273446873256,272.4538835293906,32.038332068352474,517.1155239445823,1834.6012150046938,1931.1120467195058,189.3907482052295,931.1273446873256,272.4538835293906,32.038332068352474
2026-02-15 10:00:00+00:00,227.99,2088.65,2089.78,0.050004188,346.54,271.31,28.71,482.51398872067574,1808.5281540996305,1927.570825634418,177.94472328708133,933.7297957295605,273.19528657169394,33.55095187690249,517.1155239445823,1834.6012150046938,1931.1120467195058,189.3907482052295,931.1273446873256,272.4538835293906,32.038332068352474,517.1155239445823,1834.6012150046938,1931.1120467195058,189.3907482052295,931.1273446873256,272.4538835293906,32.038332068352474
2026-02-15 11:00:00+00:00,183.90001,2042.64,2016.56,1.134917e-06,350.61002,274.08,28.71,472.00268775788317,1716.6692857124228,1924.7342273559068,185.5019077026873,934.497376865889,273.19528657169394,33.460389482923674,517.1155239445823,1834.6012150046938,1931.1120467195058,189.3907482052295,931.1273446873256,272.4538835293906,32.038332068352474,517.1155239445823,1834.6012150046938,1931.1120467195058,189.3907482052295,931.1273446873256,272.4538835293906,32.038332068352474
2026-02-15 12:00:00+00:00,181.50002,1979.15,1988.08,1.134917e-06,358.76004,275.78,28.71,463.3030223676012,1609.7447344937905,1920.117704197615,193.05909211829328,935.2649580022176,273.19528657169394,33.467684898887036,517.1155239445823,1834.6012150046938,1931.1120467195058,189.3907482052295,931.1273446873256,272.4538835293906,32.038332068352474,517.1155239445823,1834.6012150046938,1931.1120467195058,189.3907482052295,931.1273446873256,272.4538835293906,32.038332068352474
2026-02-15 13:00:00+00:00,180.40001,1977.66,2000.85,1.134917e-06,355.12003,275.42,28.71,455.87025701404315,1627.3957048928175,1921.8978999912686,200.61627653389925,936.0325391385461,273.19528657169394,33.39729580552864,517.1155239445823,1834.6012150046938,1931.1120467195058,189.3907482052295,931.1273446873256,272.4538835293906,32.038332068352474,517.1155239445823,1834.6012150046938,1931.1120467195058,189.3907482052295,931.1273446873256,272.4538835293906,32.038332068352474
2026-02-15 14:00:00+00:00,190.40001,2018.07,2037.73,0.6799938,347.91,276.65,28.71,456.99454902950964,1756.394744169364,1936.2099402277026,208.17346094950523,936.8001202748746,273.19528657169394,33.377552236638344,517.1155239445823,1834.6012150046938,1931.1120467195058,189.3907482052295,931.1273446873256,272.4538835293906,32.038332068352474,517.1155239445823,1834.6012150046938,1931.1120467195058,189.3907482052295,931.1273446873256,272.4538835293906,32.038332068352474
2026-02-15 15:00:00+00:00,177.40001,2157.92,2141.0,115.53999,382.07004,285.23,28.71,467.8731881554604,1858.4770988084495,1955.2537005449421,215.7306453651112,937.5677014112031,273.19528657169394,33.38313236337172,517.1155239445823,1834.6012150046938,1931.1120467195058,189.3907482052295,931.1273446873256,272.4538835293906,32.038332068352474,517.1155239445823,1834.6012150046938,1931.1120467195058,189.3907482052295,931.1273446873256,272.4538835293906,32.038332068352474
2026-02-15 16:00:00+00:00,173.90001,2196.42,2221.9,635.96,357.47,289.15,28.71,471.5818017957738,1907.2183048855334,1969.6205588914286,223.28782978071717,938.3352825475316,273.19528657169394,33.45910223132858,517.1155239445823,1834.6012150046938,1931.1120467195058,189.3907482052295,931.1273446873256,272.4538835293906,32.038332068352474,517.1155239445823,1834.6012150046938,1931.1120467195058,189.3907482052295,931.1273446873256,272.4538835293906,32.038332068352474
2026-02-15 17:00:00+00:00,201.40001,2193.88,2244.43,424.02,359.78,289.11,28.71,467.94368928758524,1949.170673236107,1980.4813928603987,230.84501419632312,939.1028636838602,273.19528657169394,33.52434197591386,517.1155239445823,1834.6012150046938,1931.1120467195058,189.3907482052295,931.1273446873256,272.4538835293906,32.038332068352474,517.1155239445823,1834.6012150046938,1931.1120467195058,189.3907482052295,931.1273446873256,272.4538835293906,32.038332068352474
2026-02-15 18:00:00+00:00,182.40001,2165.24,2215.52,177.11,355.33,289.11,28.71,453.8062704794112,1930.5955462422307,1981.129298813498,238.40219861192912,939.8704448201887,273.19528657169394,33.59387134023532,517.1155239445823,1834.6012150046938,1931.1120467195058,189.3907482052295,931.1273446873256,272.4538835293906,32.038332068352474,517.1155239445823,1834.6012150046938,1931.1120467195058,189.3907482052295,931.1273446873256,272.4538835293906,32.038332068352474
2026-02-15 19:00:00+00:00,186.40001,2121.74,2126.42,44.97,348.93997,289.11,28.71,448.5628786383224,1931.4241138157113,1983.5428367382408,245.9593830275351,940.6380259565173,273.19528657169394,33.646663064682016,517.1155239445823,1834.6012150046938,1931.1120467195058,189.3907482052295,931.1273446873256,272.4538835293906,32.038332068352474,517.1155239445823,1834.6012150046938,1931.1120467195058,189.3907482052295,931.1273446873256,272.4538835293906,32.038332068352474
2026-02-15 20:00:00+00:00,193.8,2068.7,2050.96,10.589997,357.77,289.07,28.71,447.58270980215264,1920.7829103878198,1988.2593621963704,253.51656744314107,941.4056070928457,273.19528657169394,33.723918622927094,517.1155239445823,1834.6012150046938,1931.1120467195058,189.3907482052295,931.1273446873256,272.4538835293906,32.038332068352474,517.1155239445823,1834.6012150046938,1931.1120467195058,189.3907482052295,931.1273446873256,272.4538835293906,32.038332068352474
2026-02-15 21:00:00+00:00,178.40001,2008.52,1985.41,77.91,363.50003,289.07,28.71,460.39456492514796,1938.7983391832063,1989.8760170309656,261.073751858747,942.1731882291742,273.19528657169394,33.730785868467215,517.1155239445823,1834.6012150046938,1931.1120467195058,189.3907482052295,931.1273446873256,272.4538835293906,32.038332068352474,517.1155239445823,1834.6012150046938,1931.1120467195058,189.3907482052295,931.1273446873256,272.4538835293906,32.038332068352474
2026-02-15 22:00:00+00:00,175.10002,2007.35,1944.34,23.209993,356.08,289.07,28.71,456.8786099691533,1880.9235133316747,1986.8568750112702,268.63093627435296,942.9407693655028,273.19528657169394,33.716622333417604,517.1155239445823,1834.6012150046938,1931.1120467195058,189.3907482052295,931.1273446873256,272.4538835293906,32.038332068352474,517.1155239445823,1834.6012150046938,1931.1120467195058,189.3907482052295,931.1273446873256,272.4538835293906,32.038332068352474
2026-02-15 23:00:00+00:00,174.90001,1899.67,1903.81,1.134917e-06,363.61002,293.07,28.71,453.8987283910836,1829.4262521094456,1987.029009285209,276.18812068995896,943.7083505018313,273.19528657169394,33.6998837402054,517.1155239445823,1834.6012150046938,1931.1120467195058,189.3907482052295,931.1273446873256,272.4538835293906,32.038332068352474,517.1155239445823,1834.6012150046938,1931.1120467195058,189.3907482052295,931.1273446873256,272.4538835293906,32.038332068352474
2026-02-16 00:00:00+00:00,173.8,1897.63,1886.26,1.134917e-06,373.00003,293.07,28.71,441.7296017049894,1717.4178897725828,1868.468521277103,102.37287913102162,926.0539843662754,273.19528657169394,33.72992770073715,517.1155239445823,1834.6012150046938,1931.1120467195058,189.3907482052295,931.1273446873256,272.4538835293906,32.038332068352474,517.1155239445823,1834.6012150046938,1931.1120467195058,189.3907482052295,931.1273446873256,272.4538835293906,32.038332068352474
2026-02-16 01:00:00+00:00,175.90001,1896.08,1875.74,1.134917e-06,419.75,293.11,28.71,442.71734071807543,1702.8782260881435,1867.0902639482956,109.93006354662758,926.8215655026038,273.19528657169394,33.613615689779046,517.1155239445823,1834.6012150046938,1931.1120467195058,189.3907482052295,931.1273446873256,272.4538835293906,32.038332068352474,517.1155239445823,1834.6012150046938,1931.1120467195058,189.3907482052295,931.1273446873256,272.4538835293906,32.038332068352474
2026-02-16 02:00:00+00:00,174.10002,1901.05,1871.5,1.134917e-06,481.19998,293.11,28.71,444.5548486070219,1690.075946280982,1869.2243519622625,117.48724796223355,927.5891466389323,273.19528657169394,33.2852806658687,517.1155239445823,1834.6012150046938,1931.1120467195058,189.3907482052295,931.1273446873256,272.4538835293906,32.038332068352474,517.1155239445823,1834.6012150046938,1931.1120467195058,189.3907482052295,931.1273446873256,272.4538835293906,32.038332068352474
2026-02-16 03:00:00+00:00,187.2,1911.12,1884.04,1.134917e-06,477.92,293.11,28.71,451.8842413977953,1676.6432013038889,1877.7747863883922,125.04443237783953,928.3567277752609,273.19528657169394,33.18270237188809,517.1155239445823,1834.6012150046938,1931.1120467195058,189.3907482052295,931.1273446873256,272.4538835293906,32.038332068352474,517.1155239445823,1834.6012150046938,1931.1120467195058,189.3907482052295,931.1273446873256,272.4538835293906,32.038332068352474
2026-02-16 04:00:00+00:00,209.3,1975.7,1910.12,0.14000052,456.48,293.15,28.71,472.89664086408203,1724.9578174565156,1891.3731154580412,132.6016167934455,929.1243089115894,273.19528657169394,33.19343180094823,517.1155239445823,1834.6012150046938,1931.1120467195058,189.3907482052295,931.1273446873256,272.4538835293906,32.038332068352474,517.1155239445823,1834.6012150046938,1931.1120467195058,189.3907482052295,931.1273446873256,272.4538835293906,32.038332068352474
2026-02-16 05:00:00+00:00,223.10002,2085.32,1996.79,14.509995,436.42,284.24,28.71,493.48159480983736,1875.8988115056572,1914.2148078897487,140.1588012090515,929.8918900479179,273.19528657169394,33.22433384286804,517.1155239445823,1834.6012150046938,1931.1120467195058,189.3907482052295,931.1273446873256,272.4538835293906,32.038332068352474,517.1155239445823,1834.6012150046938,1931.1120467195058,189.3907482052295,931.1273446873256,272.4538835293906,32.038332068352474
2026-02-16 06:00:00+00:00,251.03001,2715.25,2117.56,153.01,420.48,281.28,28.71,510.6016979056124,1972.4789179796637,1931.3207743595806,147.71598562465743,930.6594711842464,273.19528657169394,33.30330643088468,517.1155239445823,1834.6012150046938,1931.1120467195058,189.3907482052295,931.1273446873256,272.4538835293906,32.038332068352474,517.1155239445823,1834.6012150046938,1931.1120467195058,189.3907482052295,931.1273446873256,272.4538835293906,32.038332068352474
2026-02-16 07:00:00+00:00,496.62,3628.1301,2163.19,105.06,428.4,281.32,28.71,521.3940863445981,2038.0978194162988,1940.2111157015634,155.2731700402634,931.427052320575,273.19528657169394,33.34880030451502,517.1155239445823,1834.6012150046938,1931.1120467195058,189.3907482052295,931.1273446873256,272.4538835293906,32.038332068352474,517.1155239445823,1834.6012150046938,1931.1120467195058,189.3907482052295,931.1273446873256,272.4538835293906,32.038332068352474
2026-02-16 08:00:00+00:00,646.25,3883.74,2145.51,160.34,433.1,281.32,28.71,525.538152093089,2033.6983641262455,1937.7916097049401,162.83035445586938,932.1946334569035,273.19528657169394,33.13634646715616,517.1155239445823,1834.6012150046938,1931.1120467195058,189.3907482052295,931.1273446873256,272.4538835293906,32.038332068352474,517.1155239445823,1834.6012150046938,1931.1120467195058,189.3907482052295,931.1273446873256,272.4538835293906,32.038332068352474
2026-02-16 09:00:00+00:00,765.11,3811.8,2084.76,75.21,430.17,281.36,28.71,528.4941322011568,1994.3667879810532,1935.7221809087705,170.38753887147536,932.962214593232,273.19528657169394,32.97668362003692,517.1155239445823,1834.6012150046938,1931.1120467195058,189.3907482052295,931.1273446873256,272.4538835293906,32.038332068352474,517.1155239445823,1834.6012150046938,1931.1120467195058,189.3907482052295,931.1273446873256,272.4538835293906,32.038332068352474
2026-02-16 10:00:00+00:00,659.23,3735.2102,2042.43,110.25,492.59,290.26,28.71,528.7576945155279,1988.166900199325,1935.6000242205766,177.94472328708133,933.7297957295605,273.19528657169394,32.79684900710562,517.1155239445823,1834.6012150046938,1931.1120467195058,189.3907482052295,931.1273446873256,272.4538835293906,32.038332068352474,517.1155239445823,1834.6012150046938,1931.1120467195058,189.3907482052295,931.1273446873256,272.4538835293906,32.038332068352474
2026-02-16 11:00:00+00:00,633.42,3633.24,1979.79,119.59,572.75,293.54,28.71,530.4991738993357,1973.7511514850034,1933.4044089118056,185.5019077026873,934.497376865889,273.19528657169394,32.77109715773119,517.1155239445823,1834.6012150046938,1931.1120467195058,189.3907482052295,931.1273446873256,272.4538835293906,32.038332068352474,517.1155239445823,1834.6012150046938,1931.1120467195058,189.3907482052295,931.1273446873256,272.4538835293906,32.038332068352474
2026-02-16 12:00:00+00:00,635.76,3492.83,1962.77,2.8000042,489.37,294.73,28.71,533.3787435458838,1972.6710251889463,1942.0183860048287,193.05909211829328,935.2649580022176,273.19528657169394,32.72388478263977,517.1155239445823,1834.6012150046938,1931.1120467195058,189.3907482052295,931.1273446873256,272.4538835293906,32.038332068352474,517.1155239445823,1834.6012150046938,1931.1120467195058,189.3907482052295,931.1273446873256,272.4538835293906,32.038332068352474
2026-02-16 13:00:00+00:00,665.88,3662.37,1967.29,39.740005,539.07,294.17,28.71,540.129689211496,1991.6858114067215,1958.078508244592,200.61627653389925,936.0325391385461,273.19528657169394,32.683111346601535,517.1155239445823,1834.6012150046938,1931.1120467195058,189.3907482052295,931.1273446873256,272.4538835293906,32.038332068352474,517.1155239445823,1834.6012150046938,1931.1120467195058,189.3907482052295,931.1273446873256,272.4538835293906,32.038332068352474
2026-02-16 14:00:00+00:00,838.4,4020.59,2000.11,7.6900034,503.84,294.53,28.71,553.5952110192734,2010.8980699448691,1974.998681356247,208.17346094950523,936.8001202748746,273.19528657169394,32.6650848074828,517.1155239445823,1834.6012150046938,1931.1120467195058,189.3907482052295,931.1273446873256,272.4538835293906,32.038332068352474,517.1155239445823,1834.6012150046938,1931.1120467195058,189.3907482052295,931.1273446873256,272.4538835293906,32.038332068352474
2026-02-16 15:00:00+00:00,958.51,4183.13,2089.46,338.56,480.92,297.58,28.71,566.6885557332544,2101.4578124144796,1987.5161017639416,215.7306453651112,937.5677014112031,273.19528657169394,32.762083868223996,517.1155239445823,1834.6012150046938,1931.1120467195058,189.3907482052295,931.1273446873256,272.4538835293906,32.038332068352474,517.1155239445823,1834.6012150046938,1931.1120467195058,189.3907482052295,931.1273446873256,272.4538835293906,32.038332068352474
2026-02-16 16:00:00+00:00,1000.39,4248.84,2199.19,664.32,460.03,306.6,28.71,574.9306899863244,2177.0867246497246,1996.0432542164287,223.28782978071717,938.3352825475316,273.19528657169394,32.890414835403476,517.1155239445823,1834.6012150046938,1931.1120467195058,189.3907482052295,931.1273446873256,272.4538835293906,32.038332068352474,517.1155239445823,1834.6012150046938,1931.1120467195058,189.3907482052295,931.1273446873256,272.4538835293906,32.038332068352474
2026-02-16 17:00:00+00:00,1062.19,4254.66,2233.45,751.1,492.41,313.76,28.71,578.5988492728311,2235.2981101146024,2001.2488469388777,230.84501419632312,939.1028636838602,273.19528657169394,33.12947926806239,517.1155239445823,1834.6012150046938,1931.1120467195058,189.3907482052295,931.1273446873256,272.4538835293906,32.038332068352474,517.1155239445823,1834.6012150046938,1931.1120467195058,189.3907482052295,931.1273446873256,272.4538835293906,32.038332068352474
2026-02-16 18:00:00+00:00,1010.26,4252.54,2215.2,797.5399,491.98,305.21,28.71,574.2154935019761,2223.1216432979645,2004.034982975203,238.40219861192912,939.8704448201887,273.19528657169394,33.209738974885774,517.1155239445823,1834.6012150046938,1931.1120467195058,189.3907482052295,931.1273446873256,272.4538835293906,32.038332068352474,517.1155239445823,1834.6012150046938,1931.1120467195058,189.3907482052295,931.1273446873256,272.4538835293906,32.038332068352474
2026-02-16 19:00:00+00:00,950.6401,4213.12,2146.88,423.5,479.77,296.27,28.71,566.353877949402,2151.128029072338,2002.5228856837364,245.9593830275351,940.6380259565173,273.19528657169394,33.14965031306449,517.1155239445823,1834.6012150046938,1931.1120467195058,189.3907482052295,931.1273446873256,272.4538835293906,32.038332068352474,517.1155239445823,1834.6012150046938,1931.1120467195058,189.3907482052295,931.1273446873256,272.4538835293906,32.038332068352474
2026-02-16 20:00:00+00:00,888.71,4015.18,2070.75,203.52,486.55,293.19,28.71,562.6623879525633,2064.752168596118,1998.1456671680335,253.51656744314107,941.4056070928457,273.19528657169394,33.21531827451936,517.1155239445823,1834.6012150046938,1931.1120467195058,189.3907482052295,931.1273446873256,272.4538835293906,32.038332068352474,517.1155239445823,1834.6012150046938,1931.1120467195058,189.3907482052295,931.1273446873256,272.4538835293906,32.038332068352474
2026-02-16 21:00:00+00:00,803.83,3687.77,2018.13,64.49,475.84,293.98,28.71,560.4517645020046,1961.337053886013,1994.672414679391,261.073751858747,942.1731882291742,273.19528657169394,33.29171644568782,517.1155239445823,1834.6012150046938,1931.1120467195058,189.3907482052295,931.1273446873256,272.4538835293906,32.038332068352474,517.1155239445823,1834.6012150046938,1931.1120467195058,189.3907482052295,931.1273446873256,272.4538835293906,32.038332068352474
2026-02-16 22:00:00+00:00,691.2,3495.8,1978.08,0.28999442,498.21,293.19,28.71,558.6468727447246,1877.5318681549647,1990.037194679958,268.63093627435296,942.9407693655028,273.19528657169394,33.35867161229144,517.1155239445823,1834.6012150046938,1931.1120467195058,189.3907482052295,931.1273446873256,272.4538835293906,32.038332068352474,517.1155239445823,1834.6012150046938,1931.1120467195058,189.3907482052295,931.1273446873256,272.4538835293906,32.038332068352474
2026-02-16 23:00:00+00:00,603.41,3334.5,1943.67,0.28999442,447.26,274.35,28.71,554.9080788995432,1824.3725873077715,1986.650772699248,276.18812068995896,943.7083505018313,273.19528657169394,33.38871557282319,517.1155239445823,1834.6012150046938,1931.1120467195058,189.3907482052295,931.1273446873256,272.4538835293906,32.038332068352474,517.1155239445823,1834.6012150046938,1931.1120467195058,189.3907482052295,931.1273446873256,272.4538835293906,32.038332068352474
2026-02-17 00:00:00+00:00,601.48,3356.75,1929.95,0.22000235,443.53,273.37,28.71,539.8730651494133,1714.9699229753476,1866.2015125220455,102.37287913102162,926.0539843662754,273.19528657169394,33.386997808844534,517.1155239445823,1834.6012150046938,1931.1120467195058,189.3907482052295,931.1273446873256,272.4538835293906,32.038332068352474,517.1155239445823,1834.6012150046938,1931.1120467195058,189.3907482052295,931.1273446873256,272.4538835293906,32.038332068352474
2026-02-17 01:00:00+00:00,601.25,3326.07,1920.55,0.17999381,428.73004,273.41,28.71,534.1741892807975,1721.526085186017,1868.7061958153727,109.93006354662758,926.8215655026038,273.19528657169394,33.28699374592673,517.1155239445823,1834.6012150046938,1931.1120467195058,189.3907482052295,931.1273446873256,272.4538835293906,32.038332068352474,517.1155239445823,1834.6012150046938,1931.1120467195058,189.3907482052295,931.1273446873256,272.4538835293906,32.038332068352474
2026-02-17 02:00:00+00:00,599.2,3334.58,1907.32,0.17999381,435.02,273.41,28.71,531.4920947467859,1745.129699784316,1874.836457531297,117.48724796223355,927.5891466389323,273.19528657169394,33.26982532809171,517.1155239445823,1834.6012150046938,1931.1120467195058,189.3907482052295,931.1273446873256,272.4538835293906,32.038332068352474,517.1155239445823,1834.6012150046938,1931.1120467195058,189.3907482052295,931.1273446873256,272.4538835293906,32.038332068352474
2026-02-17 03:00:00+00:00,603.2,3320.7302,1921.05,0.17999381,469.28,273.41,28.71,529.9327426864988,1797.44948694088,1886.1214139446038,125.04443237783953,928.3567277752609,273.19528657169394,33.30759466199799,517.1155239445823,1834.6012150046938,1931.1120467195058,189.3907482052295,931.1273446873256,272.4538835293906,32.038332068352474,517.1155239445823,1834.6012150046938,1931.1120467195058,189.3907482052295,931.1273446873256,272.4538835293906,32.038332068352474
2026-02-17 04:00:00+00:00,658.94,3406.59,1957.34,1.2500012,493.4,273.41,28.71,535.3030933374723,1865.2274089747727,1901.9285015236605,132.6016167934455,929.1243089115894,273.19528657169394,33.229480936022846,517.1155239445823,1834.6012150046938,1931.1120467195058,189.3907482052295,931.1273446873256,272.4538835293906,32.038332068352474,517.1155239445823,1834.6012150046938,1931.1120467195058,189.3907482052295,931.1273446873256,272.4538835293906,32.038332068352474
2026-02-17 05:00:00+00:00,946.69,3889.81,2051.54,197.37,572.39,267.48,28.71,549.64119590445,2036.307133606403,1927.9582027932183,140.1588012090515,929.8918900479179,273.19528657169394,33.29343112694838,517.1155239445823,1834.6012150046938,1931.1120467195058,189.3907482052295,931.1273446873256,272.4538835293906,32.038332068352474,517.1155239445823,1834.6012150046938,1931.1120467195058,189.3907482052295,931.1273446873256,272.4538835293906,32.038332068352474
2026-02-17 06:00:00+00:00,1139.59,4232.92,2146.18,271.03,584.2,258.92,28.71,565.2298944692495,2142.3776215646517,1946.9034621695484,147.71598562465743,930.6594711842464,273.19528657169394,33.28871078224898,517.1155239445823,1834.6012150046938,1931.1120467195058,189.3907482052295,931.1273446873256,272.4538835293906,32.038332068352474,517.1155239445823,1834.6012150046938,1931.1120467195058,189.3907482052295,931.1273446873256,272.4538835293906,32.038332068352474
2026-02-17 07:00:00+00:00,1192.47,4238.47,2182.24,311.75,722.1,256.44,28.71,570.4086476722584,2152.6927188227937,1953.8845167904599,155.2731700402634,931.427052320575,273.19528657169394,33.283988863141325,517.1155239445823,1834.6012150046938,1931.1120467195058,189.3907482052295,931.1273446873256,272.4538835293906,32.038332068352474,517.1155239445823,1834.6012150046938,1931.1120467195058,189.3907482052295,931.1273446873256,272.4538835293906,32.038332068352474
2026-02-17 08:00:00+00:00,1197.67,4221.54,2167.28,317.73,713.36,254.36,28.71,569.312666981617,2116.7849069794247,1952.0983476780516,162.83035445586938,932.1946334569035,273.19528657169394,33.21789186426777,517.1155239445823,1834.6012150046938,1931.1120467195058,189.3907482052295,931.1273446873256,272.4538835293906,32.038332068352474,517.1155239445823,1834.6012150046938,1931.1120467195058,189.3907482052295,931.1273446873256,272.4538835293906,32.038332068352474
2026-02-17 09:00:00+00:00,1085.19,4228.74,2122.3,187.51,574.96,253.66,28.71,567.2610450455559,2077.433021262431,1950.7791785312236,170.38753887147536,932.962214593232,273.19528657169394,33.088273645493196,517.1155239445823,1834.6012150046938,1931.1120467195058,189.3907482052295,931.1273446873256,272.4538835293906,32.038332068352474,517.1155239445823,1834.6012150046938,1931.1120467195058,189.3907482052295,931.1273446873256,272.4538835293906,32.038332068352474
2026-02-17 10:00:00+00:00,957.31,4004.02,2078.28,7.949998,636.36,259.6,28.71,568.9005374983705,2027.7241036567043,1941.6480903967963,177.94472328708133,933.7297957295605,273.19528657169394,33.011446370511884,517.1155239445823,1834.6012150046938,1931.1120467195058,189.3907482052295,931.1273446873256,272.4538835293906,32.038332068352474,517.1155239445823,1834.6012150046938,1931.1120467195058,189.3907482052295,931.1273446873256,272.4538835293906,32.038332068352474
2026-02-17 11:00:00+00:00,868.2,3829.9902,2014.6,130.62,533.6699,261.62,28.71,567.4469420613847,1947.061786308839,1932.1962721875327,185.5019077026873,934.497376865889,273.19528657169394,32.90758015057257,517.1155239445823,1834.6012150046938,1931.1120467195058,189.3907482052295,931.1273446873256,272.4538835293906,32.038332068352474,517.1155239445823,1834.6012150046938,1931.1120467195058,189.3907482052295,931.1273446873256,272.4538835293906,32.038332068352474
2026-02-17 12:00:00+00:00,865.45,3687.55,1985.57,2.3600018,507.27,262.33,28.71,559.014744641775,1887.630004027454,1937.246998241407,193.05909211829328,935.2649580022176,273.19528657169394,32.92689383499656,517.1155239445823,1834.6012150046938,1931.1120467195058,189.3907482052295,931.1273446873256,272.4538835293906,32.038332068352474,517.1155239445823,1834.6012150046938,1931.1120467195058,189.3907482052295,931.1273446873256,272.4538835293906,32.038332068352474
2026-02-17 13:00:00+00:00,866.0,3788.31,1983.18,3.7500012,511.96,261.73,28.71,548.2273006357262,1874.0644141938321,1950.0178950187808,200.61627653389925,936.0325391385461,273.19528657169394,32.91187061735636,517.1155239445823,1834.6012150046938,1931.1120467195058,189.3907482052295,931.1273446873256,272.4538835293906,32.038332068352474,517.1155239445823,1834.6012150046938,1931.1120467195058,189.3907482052295,931.1273446873256,272.4538835293906,32.038332068352474
2026-02-17 14:00:00+00:00,880.47,3990.91,2009.69,1.7299969,509.93,261.55,28.71,546.583442506027,1907.3736153011616,1956.0002723240277,208.17346094950523,936.8001202748746,273.19528657169394,32.852643205983235,517.1155239445823,1834.6012150046938,1931.1120467195058,189.3907482052295,931.1273446873256,272.4538835293906,32.038332068352474,517.1155239445823,1834.6012150046938,1931.1120467195058,189.3907482052295,931.1273446873256,272.4538835293906,32.038332068352474
2026-02-17 15:00:00+00:00,1067.29,4123.3,2093.09,1.6900036,552.44,282.28,28.71,561.7638149448322,1964.8657377363031,1971.4446461859322,215.7306453651112,937.5677014112031,273.19528657169394,32.92560823105035,517.1155239445823,1834.6012150046938,1931.1120467195058,189.3907482052295,931.1273446873256,272.4538835293906,32.038332068352474,517.1155239445823,1834.6012150046938,1931.1120467195058,189.3907482052295,931.1273446873256,272.4538835293906,32.038332068352474
2026-02-17 16:00:00+00:00,1152.26,4243.41,2185.04,135.46,577.26,290.98,28.71,573.1188418809356,2031.9263298053677,1989.549894637859,223.28782978071717,938.3352825475316,273.19528657169394,33.0603765128573,517.1155239445823,1834.6012150046938,1931.1120467195058,189.3907482052295,931.1273446873256,272.4538835293906,32.038332068352474,517.1155239445823,1834.6012150046938,1931.1120467195058,189.3907482052295,931.1273446873256,272.4538835293906,32.038332068352474
2026-02-17 17:00:00+00:00,1197.45,4291.86,2229.7,588.55,485.9,293.16,28.71,568.7401708907262,2111.332522669875,2001.8187603207361,230.84501419632312,939.1028636838602,273.19528657169394,33.22175487488758,517.1155239445823,1834.6012150046938,1931.1120467195058,189.3907482052295,931.1273446873256,272.4538835293906,32.038332068352474,517.1155239445823,1834.6012150046938,1931.1120467195058,189.3907482052295,931.1273446873256,272.4538835293906,32.038332068352474
2026-02-17 18:00:00+00:00,1194.53,4281.51,2203.76,278.61,432.75,293.32,28.71,556.2996864726338,2120.446955173368,2005.2103746593025,238.40219861192912,939.8704448201887,273.19528657169394,33.26295817544429,517.1155239445823,1834.6012150046938,1931.1120467195058,189.3907482052295,931.1273446873256,272.4538835293906,32.038332068352474,517.1155239445823,1834.6012150046938,1931.1120467195058,189.3907482052295,931.1273446873256,272.4538835293906,32.038332068352474
2026-02-17 19:00:00+00:00,1062.63,4153.21,2117.73,0.30000418,397.74002,290.06,28.71,540.7554511297703,2057.717539977546,2001.409763241702,245.9593830275351,940.6380259565173,273.19528657169394,33.33420534364005,517.1155239445823,1834.6012150046938,1931.1120467195058,189.3907482052295,931.1273446873256,272.4538835293906,32.038332068352474,517.1155239445823,1834.6012150046938,1931.1120467195058,189.3907482052295,931.1273446873256,272.4538835293906,32.038332068352474
2026-02-17 20:00:00+00:00,958.28,4098.29,2036.11,0.30000418,416.70004,289.09,28.71,530.176795397485,2041.8782597966926,2002.8934559957854,253.51656744314107,941.4056070928457,273.19528657169394,33.40330649764261,517.1155239445823,1834.6012150046938,1931.1120467195058,189.3907482052295,931.1273446873256,272.4538835293906,32.038332068352474,517.1155239445823,1834.6012150046938,1931.1120467195058,189.3907482052295,931.1273446873256,272.4538835293906,32.038332068352474
2026-02-17 21:00:00+00:00,871.58,3881.24,1992.2,0.30000418,431.07,289.1,28.71,527.0985945333207,1970.4878496027784,1999.3020037296415,261.073751858747,942.1731882291742,273.19528657169394,33.40716880740029,517.1155239445823,1834.6012150046938,1931.1120467195058,189.3907482052295,931.1273446873256,272.4538835293906,32.038332068352474,517.1155239445823,1834.6012150046938,1931.1120467195058,189.3907482052295,931.1273446873256,272.4538835293906,32.038332068352474
2026-02-17 22:00:00+00:00,857.85,3765.92,1956.89,0.25000113,419.22,290.23,28.71,525.0157298004672,1907.2065160338018,1997.4135538574187,268.63093627435296,942.9407693655028,273.19528657169394,33.4140359731491,517.1155239445823,1834.6012150046938,1931.1120467195058,189.3907482052295,931.1273446873256,272.4538835293906,32.038332068352474,517.1155239445823,1834.6012150046938,1931.1120467195058,189.3907482052295,931.1273446873256,272.4538835293906,32.038332068352474
2026-02-17 23:00:00+00:00,857.71,4546.23,1892.22,0.24000663,412.39005,267.13,28.71,528.60090582991,1885.8183520131968,1997.2489866412031,276.18812068995896,943.7083505018313,273.19528657169394,33.48657030004727,517.1155239445823,1834.6012150046938,1931.1120467195058,189.3907482052295,931.1273446873256,272.4538835293906,32.038332068352474,517.1155239445823,1834.6012150046938,1931.1120467195058,189.3907482052295,931.1273446873256,272.4538835293906,32.038332068352474
2026-02-18 00:00:00+00:00,855.16,4613.43,1870.07,0.19000357,417.74002,267.13,28.71,522.3871590525926,1812.3684539370274,1882.20980243327,102.37287913102162,926.0539843662754,273.19528657169394,33.42476626920468,517.1155239445823,1834.6012150046938,1931.1120467195058,189.3907482052295,931.1273446873256,272.4538835293906,32.038332068352474,517.1155239445823,1834.6012150046938,1931.1120467195058,189.3907482052295,931.1273446873256,272.4538835293906,32.038332068352474
2026-02-18 01:00:00+00:00,858.79,4566.47,1865.08,0.039979164,425.99,266.42,28.71,526.6246422179569,1840.3589148857816,1887.2432328137675,109.93006354662758,926.8215655026038,273.19528657169394,33.48313711405027,517.1155239445823,1834.6012150046938,1931.1120467195058,189.3907482052295,931.1273446873256,272.4538835293906,32.038332068352474,517.1155239445823,1834.6012150046938,1931.1120467195058,189.3907482052295,931.1273446873256,272.4538835293906,32.038332068352474
2026-02-18 02:00:00+00:00,865.4,4597.31,1859.84,0.039979164,421.35,265.3,28.71,533.2099283698784,1886.1851172632632,1895.1959965498536,117.48724796223355,927.5891466389323,273.19528657169394,33.53077775573298,517.1155239445823,1834.6012150046938,1931.1120467195058,189.3907482052295,931.1273446873256,272.4538835293906,32.038332068352474,517.1155239445823,1834.6012150046938,1931.1120467195058,189.3907482052295,931.1273446873256,272.4538835293906,32.038332068352474
2026-02-18 03:00:00+00:00,880.59,4542.93,1872.28,0.08000296,419.56,261.71,28.71,544.7103252868471,1967.0438916002165,1908.8296789710173,125.04443237783953,928.3567277752609,273.19528657169394,33.55610057781051,517.1155239445823,1834.6012150046938,1931.1120467195058,189.3907482052295,931.1273446873256,272.4538835293906,32.038332068352474,517.1155239445823,1834.6012150046938,1931.1120467195058,189.3907482052295,931.1273446873256,272.4538835293906,32.038332068352474
2026-02-18 04:00:00+00:00,943.86,4704.5,1902.49,0.19999808,477.7,261.44,28.71,561.0288190371868,2094.7792269560923,1926.3982048848302,132.6016167934455,929.1243089115894,273.19528657169394,33.52734451673894,517.1155239445823,1834.6012150046938,1931.1120467195058,189.3907482052295,931.1273446873256,272.4538835293906,32.038332068352474,517.1155239445823,1834.6012150046938,1931.1120467195058,189.3907482052295,931.1273446873256,272.4538835293906,32.038332068352474
2026-02-18 05:00:00+00:00,1102.43,4937.31,1976.43,437.44,554.59,258.05,28.71,584.2941573281391,2280.5323214893665,1952.7218928930265,140.1588012090515,929.8918900479179,273.19528657169394,33.508459896232154,517.1155239445823,1834.6012150046938,1931.1120467195058,189.3907482052295,931.1273446873256,272.4538835293906,32.038332068352474,517.1155239445823,1834.6012150046938,1931.1120467195058,189.3907482052295,931.1273446873256,272.4538835293906,32.038332068352474
2026-02-18 06:00:00+00:00,1182.32,5122.19,2078.23,585.4733,803.2,260.75,28.71,601.5280329524533,2427.8563402586115,1973.6351533116099,147.71598562465743,930.6594711842464,273.19528657169394,33.576273190670186,517.1155239445823,1834.6012150046938,1931.1120467195058,189.3907482052295,931.1273446873256,272.4538835293906,32.038332068352474,517.1155239445823,1834.6012150046938,1931.1120467195058,189.3907482052295,931.1273446873256,272.4538835293906,32.038332068352474
2026-02-18 07:00:00+00:00,1182.11,5042.51,2157.45,733.50665,719.22,257.72,28.71,605.6645277500244,2462.8359024335964,1977.9016470335257,155.2731700402634,931.427052320575,273.19528657169394,33.582282268480235,517.1155239445823,1834.6012150046938,1931.1120467195058,189.3907482052295,931.1273446873256,272.4538835293906,32.038332068352474,517.1155239445823,1834.6012150046938,1931.1120467195058,189.3907482052295,931.1273446873256,272.4538835293906,32.038332068352474
2026-02-18 08:00:00+00:00,1173.42,5008.89,2164.86,881.54,722.77,257.85,28.71,600.4419116541549,2414.9502610090412,1977.979013028676,162.83035445586938,932.1946334569035,273.19528657169394,33.459103104874714,517.1155239445823,1834.6012150046938,1931.1120467195058,189.3907482052295,931.1273446873256,272.4538835293906,32.038332068352474,517.1155239445823,1834.6012150046938,1931.1120467195058,189.3907482052295,931.1273446873256,272.4538835293906,32.038332068352474
2026-02-18 09:00:00+00:00,1126.05,4988.63,2122.23,291.83,556.69,254.8,28.71,593.4047763536556,2309.5555455824965,1976.5336370983925,170.38753887147536,932.962214593232,273.19528657169394,33.31875552343417,517.1155239445823,1834.6012150046938,1931.1120467195058,189.3907482052295,931.1273446873256,272.4538835293906,32.038332068352474,517.1155239445823,1834.6012150046938,1931.1120467195058,189.3907482052295,931.1273446873256,272.4538835293906,32.038332068352474
2026-02-18 10:00:00+00:00,1067.4,4848.15,2083.15,154.56,492.66998,259.37,28.71,582.7128443909447,2220.2904447838077,1967.813909286197,177.94472328708133,933.7297957295605,273.19528657169394,33.22089830836004,517.1155239445823,1834.6012150046938,1931.1120467195058,189.3907482052295,931.1273446873256,272.4538835293906,32.038332068352474,517.1155239445823,1834.6012150046938,1931.1120467195058,189.3907482052295,931.1273446873256,272.4538835293906,32.038332068352474
2026-02-18 11:00:00+00:00,1035.97,4684.21,2030.9,121.34,478.13,261.51,28.71,573.9157539264089,2161.645108268874,1956.1788420578055,185.5019077026873,934.497376865889,273.19528657169394,33.18098300015621,517.1155239445823,1834.6012150046938,1931.1120467195058,189.3907482052295,931.1273446873256,272.4538835293906,32.038332068352474,517.1155239445823,1834.6012150046938,1931.1120467195058,189.3907482052295,931.1273446873256,272.4538835293906,32.038332068352474
2026-02-18 12:00:00+00:00,1030.08,4831.62,2014.58,2.9299939,499.57,261.61,28.71,570.1144394188783,2066.8683722195856,1963.6107373149566,193.05909211829328,935.2649580022176,273.19528657169394,33.155660171527984,517.1155239445823,1834.6012150046938,1931.1120467195058,189.3907482052295,931.1273446873256,272.4538835293906,32.038332068352474,517.1155239445823,1834.6012150046938,1931.1120467195058,189.3907482052295,931.1273446873256,272.4538835293906,32.038332068352474
2026-02-18 13:00:00+00:00,1080.14,4854.1396,2023.05,1.1300061,486.3,261.5,28.71,568.8536940060663,2064.102845318323,1979.451834087256,200.61627653389925,936.0325391385461,273.19528657169394,33.089134135235746,517.1155239445823,1834.6012150046938,1931.1120467195058,189.3907482052295,931.1273446873256,272.4538835293906,32.038332068352474,517.1155239445823,1834.6012150046938,1931.1120467195058,189.3907482052295,931.1273446873256,272.4538835293906,32.038332068352474
2026-02-18 14:00:00+00:00,1230.14,4895.46,2054.85,88.26,482.48,261.46,28.71,573.4290232691691,2110.2951899172795,1992.7732642953358,208.17346094950523,936.8001202748746,273.19528657169394,33.07368274717229,517.1155239445823,1834.6012150046938,1931.1120467195058,189.3907482052295,931.1273446873256,272.4538835293906,32.038332068352474,517.1155239445823,1834.6012150046938,1931.1120467195058,189.3907482052295,931.1273446873256,272.4538835293906,32.038332068352474
2026-02-18 15:00:00+00:00,1373.3,4948.47,2158.23,472.72,550.42,261.46,28.71,586.5719228009173,2180.4834211119924,2004.4780060709181,215.7306453651112,937.5677014112031,273.19528657169394,33.10844779316122,517.1155239445823,1834.6012150046938,1931.1120467195058,189.3907482052295,931.1273446873256,272.4538835293906,32.038332068352474,517.1155239445823,1834.6012150046938,1931.1120467195058,189.3907482052295,931.1273446873256,272.4538835293906,32.038332068352474
2026-02-18 16:00:00+00:00,1445.97,4975.18,2260.32,731.5,747.84,261.5,28.71,592.1258448436721,2218.122259445133,2013.2234776636828,223.28782978071717,938.3352825475316,273.19528657169394,33.23763690812294,517.1155239445823,1834.6012150046938,1931.1120467195058,189.3907482052295,931.1273446873256,272.4538835293906,32.038332068352474,517.1155239445823,1834.6012150046938,1931.1120467195058,189.3907482052295,931.1273446873256,272.4538835293906,32.038332068352474
2026-02-18 17:00:00+00:00,1320.92,4974.07,2293.77,990.28,679.77,261.67,28.71,581.7642931698234,2210.692543000959,2017.0484229006618,230.84501419632312,939.1028636838602,273.19528657169394,33.36639693266893,517.1155239445823,1834.6012150046938,1931.1120467195058,189.3907482052295,931.1273446873256,272.4538835293906,32.038332068352474,517.1155239445823,1834.6012150046938,1931.1120467195058,189.3907482052295,931.1273446873256,272.4538835293906,32.038332068352474
2026-02-18 18:00:00+00:00,1432.0798,5005.6396,2278.32,230.61,502.42,261.5,28.71,564.8334316255438,2136.939462822478,2014.228861120603,238.40219861192912,939.8704448201887,273.19528657169394,33.4050250422747,517.1155239445823,1834.6012150046938,1931.1120467195058,189.3907482052295,931.1273446873256,272.4538835293906,32.038332068352474,517.1155239445823,1834.6012150046938,1931.1120467195058,189.3907482052295,931.1273446873256,272.4538835293906,32.038332068352474
2026-02-18 19:00:00+00:00,1170.1,4748.1694,2200.89,16.28,397.51004,261.69,28.71,540.8996313906009,2043.4199799617638,2006.385158712014,245.9593830275351,940.6380259565173,273.19528657169394,33.45309558837153,517.1155239445823,1834.6012150046938,1931.1120467195058,189.3907482052295,931.1273446873256,272.4538835293906,32.038332068352474,517.1155239445823,1834.6012150046938,1931.1120467195058,189.3907482052295,931.1273446873256,272.4538835293906,32.038332068352474
2026-02-18 20:00:00+00:00,892.01,4469.05,2115.18,0.3099987,406.14005,261.5,28.71,521.0268015788979,1946.9291234398818,2000.0854954878068,253.51656744314107,941.4056070928457,273.19528657169394,33.47455614058704,517.1155239445823,1834.6012150046938,1931.1120467195058,189.3907482052295,931.1273446873256,272.4538835293906,32.038332068352474,517.1155239445823,1834.6012150046938,1931.1120467195058,189.3907482052295,931.1273446873256,272.4538835293906,32.038332068352474
2026-02-18 21:00:00+00:00,838.41,4374.22,2043.69,0.3099987,409.24002,261.54,28.71,510.3029611852189,1906.9708824596892,1996.8518719109072,261.073751858747,942.1731882291742,273.19528657169394,33.49429970947734,517.1155239445823,1834.6012150046938,1931.1120467195058,189.3907482052295,931.1273446873256,272.4538835293906,32.038332068352474,517.1155239445823,1834.6012150046938,1931.1120467195058,189.3907482052295,931.1273446873256,272.4538835293906,32.038332068352474
2026-02-18 22:00:00+00:00,750.45,4180.32,1990.41,0.25000113,418.61002,261.58,28.71,499.83657913704354,1817.355737623782,1991.5739873571824,268.63093627435296,942.9407693655028,273.19528657169394,33.48571544071635,517.1155239445823,1834.6012150046938,1931.1120467195058,189.3907482052295,931.1273446873256,272.4538835293906,32.038332068352474,517.1155239445823,1834.6012150046938,1931.1120467195058,189.3907482052295,931.1273446873256,272.4538835293906,32.038332068352474
2026-02-18 23:00:00+00:00,426.78,3162.02,1926.44,0.25000113,432.42,274.24,28.71,489.29825205604044,1745.7183795452916,1987.789870938079,276.18812068995896,943.7083505018313,273.19528657169394,33.517905508334,517.1155239445823,1834.6012150046938,1931.1120467195058,189.3907482052295,931.1273446873256,272.4538835293906,32.038332068352474,517.1155239445823,1834.6012150046938,1931.1120467195058,189.3907482052295,931.1273446873256,272.4538835293906,32.038332068352474
2026-02-19 00:00:00+00:00,414.27,2677.65,1911.96,0.25000113,437.28003,265.33,28.71,472.20081582337286,1645.2076543038834,1869.9369767377793,102.37287913102162,926.0539843662754,273.19528657169394,33.503741973284384,517.1155239445823,1834.6012150046938,1931.1120467195058,189.3907482052295,931.1273446873256,272.4538835293906,32.038332068352474,517.1155239445823,1834.6012150046938,1931.1120467195058,189.3907482052295,931.1273446873256,272.4538835293906,32.038332068352474
2026-02-19 01:00:00+00:00,414.81,2437.78,1896.97,0.25000113,426.33,265.33,28.71,465.04622047823625,1664.1086649826618,1874.4821388661453,109.93006354662758,926.8215655026038,273.19528657169394,33.5333569428438,517.1155239445823,1834.6012150046938,1931.1120467195058,189.3907482052295,931.1273446873256,272.4538835293906,32.038332068352474,517.1155239445823,1834.6012150046938,1931.1120467195058,189.3907482052295,931.1273446873256,272.4538835293906,32.038332068352474
2026-02-19 02:00:00+00:00,415.25,2472.51,1885.66,0.25000113,406.28,265.33,28.71,460.9786386213346,1675.9704287952236,1879.5499535356334,117.48724796223355,927.5891466389323,273.19528657169394,33.56511775391241,517.1155239445823,1834.6012150046938,1931.1120467195058,189.3907482052295,931.1273446873256,272.4538835293906,32.038332068352474,517.1155239445823,1834.6012150046938,1931.1120467195058,189.3907482052295,931.1273446873256,272.4538835293906,32.038332068352474
2026-02-19 03:00:00+00:00,418.09,2501.27,1896.91,0.25000113,393.58,265.33,28.71,461.4431624152833,1739.4988263765886,1889.5530539827384,125.04443237783953,928.3567277752609,273.19528657169394,33.60202895998429,517.1155239445823,1834.6012150046938,1931.1120467195058,189.3907482052295,931.1273446873256,272.4538835293906,32.038332068352474,517.1155239445823,1834.6012150046938,1931.1120467195058,189.3907482052295,931.1273446873256,272.4538835293906,32.038332068352474
2026-02-19 04:00:00+00:00,447.08,2619.1,1932.68,0.22999686,381.65,265.33,28.71,466.683756861779,1834.937031514027,1906.9461979921946,132.6016167934455,929.1243089115894,273.19528657169394,33.60760817327587,517.1155239445823,1834.6012150046938,1931.1120467195058,189.3907482052295,931.1273446873256,272.4538835293906,32.038332068352474,517.1155239445823,1834.6012150046938,1931.1120467195058,189.3907482052295,931.1273446873256,272.4538835293906,32.038332068352474
2026-02-19 05:00:00+00:00,738.5,3291.05,2033.04,0.20999259,374.33,259.4,28.71,481.81529242960937,1971.916254275358,1932.9029907841664,140.1588012090515,929.8918900479179,273.19528657169394,33.61061236830052,517.1155239445823,1834.6012150046938,1931.1120467195058,189.3907482052295,931.1273446873256,272.4538835293906,32.038332068352474,517.1155239445823,1834.6012150046938,1931.1120467195058,189.3907482052295,931.1273446873256,272.4538835293906,32.038332068352474
2026-02-19 06:00:00+00:00,679.14,3511.33,2131.46,0.30000418,378.13004,257.42,28.71,496.43664924679655,2149.6949330876764,1957.5912511187325,147.71598562465743,930.6594711842464,273.19528657169394,33.62992607267235,517.1155239445823,1834.6012150046938,1931.1120467195058,189.3907482052295,931.1273446873256,272.4538835293906,32.038332068352474,517.1155239445823,1834.6012150046938,1931.1120467195058,189.3907482052295,931.1273446873256,272.4538835293906,32.038332068352474
2026-02-19 07:00:00+00:00,469.63,3691.46,2179.64,49.259995,428.24,257.42,28.71,500.091587330578,2194.793851903466,1969.6700078417732,155.2731700402634,931.427052320575,273.19528657169394,33.63507624199456,517.1155239445823,1834.6012150046938,1931.1120467195058,189.3907482052295,931.1273446873256,272.4538835293906,32.038332068352474,517.1155239445823,1834.6012150046938,1931.1120467195058,189.3907482052295,931.1273446873256,272.4538835293906,32.038332068352474
2026-02-19 08:00:00+00:00,417.39,3518.75,2161.84,128.73,450.63998,257.42,28.71,498.72626471679376,2174.9660206102685,1973.720552678227,162.83035445586938,932.1946334569035,273.19528657169394,33.556103700424266,517.1155239445823,1834.6012150046938,1931.1120467195058,189.3907482052295,931.1273446873256,272.4538835293906,32.038332068352474,517.1155239445823,1834.6012150046938,1931.1120467195058,189.3907482052295,931.1273446873256,272.4538835293906,32.038332068352474
2026-02-19 09:00:00+00:00,396.33,3568.83,2109.2,139.24,407.76004,257.46,28.71,498.4934789307325,2147.503988117953,1976.4207049203198,170.38753887147536,932.962214593232,273.19528657169394,33.48614452458138,517.1155239445823,1834.6012150046938,1931.1120467195058,189.3907482052295,931.1273446873256,272.4538835293906,32.038332068352474,517.1155239445823,1834.6012150046938,1931.1120467195058,189.3907482052295,931.1273446873256,272.4538835293906,32.038332068352474
2026-02-19 10:00:00+00:00,374.31,3489.7402,2051.49,0.33000296,394.59,263.4,28.71,495.13011976388316,2148.8199239343066,1981.989481010883,177.94472328708133,933.7297957295605,273.19528657169394,33.393866615691536,517.1155239445823,1834.6012150046938,1931.1120467195058,189.3907482052295,931.1273446873256,272.4538835293906,32.038332068352474,517.1155239445823,1834.6012150046938,1931.1120467195058,189.3907482052295,931.1273446873256,272.4538835293906,32.038332068352474
2026-02-19 11:00:00+00:00,389.01,3623.53,1993.05,0.30000418,385.42,265.41,28.71,491.51813277617293,2135.688546036904,1984.871857239892,185.5019077026873,934.497376865889,273.19528657169394,33.35437947791094,517.1155239445823,1834.6012150046938,1931.1120467195058,189.3907482052295,931.1273446873256,272.4538835293906,32.038332068352474,517.1155239445823,1834.6012150046938,1931.1120467195058,189.3907482052295,931.1273446873256,272.4538835293906,32.038332068352474
2026-02-19 12:00:00+00:00,372.93,3427.34,1970.12,0.30000418,362.39005,265.45,28.71,483.5953886007938,2130.104405878643,1987.5803120073062,193.05909211829328,935.2649580022176,273.19528657169394,33.39601108167925,517.1155239445823,1834.6012150046938,1931.1120467195058,189.3907482052295,931.1273446873256,272.4538835293906,32.038332068352474,517.1155239445823,1834.6012150046938,1931.1120467195058,189.3907482052295,931.1273446873256,272.4538835293906,32.038332068352474
2026-02-19 13:00:00+00:00,362.26,3378.02,1969.71,0.30000418,369.62003,265.45,28.71,481.4596086092477,2082.705544822534,1987.6714497722471,200.61627653389925,936.0325391385461,273.19528657169394,33.40416544602611,517.1155239445823,1834.6012150046938,1931.1120467195058,189.3907482052295,931.1273446873256,272.4538835293906,32.038332068352474,517.1155239445823,1834.6012150046938,1931.1120467195058,189.3907482052295,931.1273446873256,272.4538835293906,32.038332068352474
2026-02-19 14:00:00+00:00,370.19,3608.51,2000.0,35.36,373.68002,265.45,28.71,490.951239420354,2107.032808988589,1993.6785487790698,208.17346094950523,936.8001202748746,273.19528657169394,33.41618204033934,517.1155239445823,1834.6012150046938,1931.1120467195058,189.3907482052295,931.1273446873256,272.4538835293906,32.038332068352474,517.1155239445823,1834.6012150046938,1931.1120467195058,189.3907482052295,931.1273446873256,272.4538835293906,32.038332068352474
2026-02-19 15:00:00+00:00,372.93,4045.8,2095.67,136.89,428.69998,265.45,28.71,504.2159514554722,2162.7945796705753,2003.4982396195885,215.7306453651112,937.5677014112031,273.19528657169394,33.43506656795344,517.1155239445823,1834.6012150046938,1931.1120467195058,189.3907482052295,931.1273446873256,272.4538835293906,32.038332068352474,517.1155239445823,1834.6012150046938,1931.1120467195058,189.3907482052295,931.1273446873256,272.4538835293906,32.038332068352474
2026-02-19 16:00:00+00:00,290.0,4235.81,2176.45,217.54,612.68,265.41,28.71,511.4602542414826,2244.0201934018023,2017.3960681082726,223.28782978071717,938.3352825475316,273.19528657169394,33.47369475735053,517.1155239445823,1834.6012150046938,1931.1120467195058,189.3907482052295,931.1273446873256,272.4538835293906,32.038332068352474,517.1155239445823,1834.6012150046938,1931.1120467195058,189.3907482052295,931.1273446873256,272.4538835293906,32.038332068352474
2026-02-19 17:00:00+00:00,419.0,4287.99,2218.38,226.46,492.47,265.37,28.71,511.716952724731,2286.5746731122244,2025.667057248705,230.84501419632312,939.1028636838602,273.19528657169394,33.52734529739238,517.1155239445823,1834.6012150046938,1931.1120467195058,189.3907482052295,931.1273446873256,272.4538835293906,32.038332068352474,517.1155239445823,1834.6012150046938,1931.1120467195058,189.3907482052295,931.1273446873256,272.4538835293906,32.038332068352474
2026-02-19 18:00:00+00:00,413.5,4268.02,2203.87,124.57,442.76,265.37,28.71,505.75243054479506,2287.5498831681157,2029.0161134756477,238.40219861192912,939.8704448201887,273.19528657169394,33.53936354590519,517.1155239445823,1834.6012150046938,1931.1120467195058,189.3907482052295,931.1273446873256,272.4538835293906,32.038332068352474,517.1155239445823,1834.6012150046938,1931.1120467195058,189.3907482052295,931.1273446873256,272.4538835293906,32.038332068352474
2026-02-19 19:00:00+00:00,291.0,4159.45,2116.28,0.39000052,399.30002,265.33,28.71,499.57247362090646,2226.691285350188,2025.800731016946,245.9593830275351,940.6380259565173,273.19528657169394,33.57842159982074,517.1155239445823,1834.6012150046938,1931.1120467195058,189.3907482052295,931.1273446873256,272.4538835293906,32.038332068352474,517.1155239445823,1834.6012150046938,1931.1120467195058,189.3907482052295,931.1273446873256,272.4538835293906,32.038332068352474
2026-02-19 20:00:00+00:00,188.25002,4229.07,2033.99,0.30000418,396.99002,265.41,28.71,496.83602652348605,2139.4845004942263,2021.0329196291273,253.51656744314107,941.4056070928457,273.19528657169394,33.601599095465815,517.1155239445823,1834.6012150046938,1931.1120467195058,189.3907482052295,931.1273446873256,272.4538835293906,32.038332068352474,517.1155239445823,1834.6012150046938,1931.1120467195058,189.3907482052295,931.1273446873256,272.4538835293906,32.038332068352474
2026-02-19 21:00:00+00:00,175.05,4163.39,1972.54,0.30000418,401.94003,265.49,28.71,493.55060939439943,2080.9025702497224,2017.1116503207172,261.073751858747,942.1731882291742,273.19528657169394,33.6161924021412,517.1155239445823,1834.6012150046938,1931.1120467195058,189.3907482052295,931.1273446873256,272.4538835293906,32.038332068352474,517.1155239445823,1834.6012150046938,1931.1120467195058,189.3907482052295,931.1273446873256,272.4538835293906,32.038332068352474
2026-02-19 22:00:00+00:00,174.00002,4058.45,1931.1,0.30000418,403.22,265.53,28.71,485.3970157198433,2028.2514073919033,2011.850767749596,268.63093627435296,942.9407693655028,273.19528657169394,33.611471223791334,517.1155239445823,1834.6012150046938,1931.1120467195058,189.3907482052295,931.1273446873256,272.4538835293906,32.038332068352474,517.1155239445823,1834.6012150046938,1931.1120467195058,189.3907482052295,931.1273446873256,272.4538835293906,32.038332068352474
2026-02-19 23:00:00+00:00,200.10002,3559.62,1884.03,0.24000663,407.35,307.11,28.71,477.83713014053933,1994.6812816611575,2009.0167108502185,276.18812068995896,943.7083505018313,273.19528657169394,33.633789863945594,517.1155239445823,1834.6012150046938,1931.1120467195058,189.3907482052295,931.1273446873256,272.4538835293906,32.038332068352474,517.1155239445823,1834.6012150046938,1931.1120467195058,189.3907482052295,931.1273446873256,272.4538835293906,32.038332068352474
2026-02-20 00:00:00+00:00,197.60002,3394.6,1867.08,0.24000663,401.87003,309.13,28.71,468.6604597119534,1923.2342043210974,1892.7126499664998,102.37287913102162,926.0539843662754,273.19528657169394,33.65396238391257,517.1155239445823,1834.6012150046938,1931.1120467195058,189.3907482052295,931.1273446873256,272.4538835293906,32.038332068352474,517.1155239445823,1834.6012150046938,1931.1120467195058,189.3907482052295,931.1273446873256,272.4538835293906,32.038332068352474
2026-02-20 01:00:00+00:00,198.2,3364.51,1860.31,0.28999442,398.09,309.17,28.71,473.572061853007,1927.8496574491062,1896.2918836320225,109.93006354662758,926.8215655026038,273.19528657169394,33.691303454502915,517.1155239445823,1834.6012150046938,1931.1120467195058,189.3907482052295,931.1273446873256,272.4538835293906,32.038332068352474,517.1155239445823,1834.6012150046938,1931.1120467195058,189.3907482052295,931.1273446873256,272.4538835293906,32.038332068352474
2026-02-20 02:00:00+00:00,199.8,3345.26,1864.53,0.30000418,382.28,309.72,28.71,476.8555404407565,1953.36320739194,1903.2758276641164,117.48724796223355,927.5891466389323,273.19528657169394,33.7089009163073,517.1155239445823,1834.6012150046938,1931.1120467195058,189.3907482052295,931.1273446873256,272.4538835293906,32.038332068352474,517.1155239445823,1834.6012150046938,1931.1120467195058,189.3907482052295,931.1273446873256,272.4538835293906,32.038332068352474
2026-02-20 03:00:00+00:00,313.5,3348.42,1877.21,0.2700054,383.66,309.21,28.71,478.3463012382743,1988.3813815931842,1914.146818507712,125.04443237783953,928.3567277752609,273.19528657169394,33.7170560613076,517.1155239445823,1834.6012150046938,1931.1120467195058,189.3907482052295,931.1273446873256,272.4538835293906,32.038332068352474,517.1155239445823,1834.6012150046938,1931.1120467195058,189.3907482052295,931.1273446873256,272.4538835293906,32.038332068352474
2026-02-20 04:00:00+00:00,508.98,3577.25,1916.91,0.25999564,386.19003,309.25,28.71,483.8623611296987,2062.055054724635,1928.6273423460561,132.6016167934455,929.1243089115894,273.19528657169394,33.73465356300765,517.1155239445823,1834.6012150046938,1931.1120467195058,189.3907482052295,931.1273446873256,272.4538835293906,32.038332068352474,517.1155239445823,1834.6012150046938,1931.1120467195058,189.3907482052295,931.1273446873256,272.4538835293906,32.038332068352474
2026-02-20 05:00:00+00:00,641.43,4045.51,2022.24,46.660004,398.02,304.1,28.71,494.98029127243007,2234.179638927659,1953.8596456422836,140.1588012090515,929.8918900479179,273.19528657169394,33.76212241237978,517.1155239445823,1834.6012150046938,1931.1120467195058,189.3907482052295,931.1273446873256,272.4538835293906,32.038332068352474,517.1155239445823,1834.6012150046938,1931.1120467195058,189.3907482052295,931.1273446873256,272.4538835293906,32.038332068352474
2026-02-20 06:00:00+00:00,814.81,3845.66,2149.86,496.56003,393.54,304.82,28.71,504.9021841538026,2351.7190113850465,1974.5048402804553,147.71598562465743,930.6594711842464,273.19528657169394,33.765985422999584,517.1155239445823,1834.6012150046938,1931.1120467195058,189.3907482052295,931.1273446873256,272.4538835293906,32.038332068352474,517.1155239445823,1834.6012150046938,1931.1120467195058,189.3907482052295,931.1273446873256,272.4538835293906,32.038332068352474
2026-02-20 07:00:00+00:00,906.76,3877.87,2203.64,667.12,399.06003,304.98,28.71,506.52636174409764,2361.640740489344,1981.8024610359867,155.2731700402634,931.427052320575,273.19528657169394,33.768989657919896,517.1155239445823,1834.6012150046938,1931.1120467195058,189.3907482052295,931.1273446873256,272.4538835293906,32.038332068352474,517.1155239445823,1834.6012150046938,1931.1120467195058,189.3907482052295,931.1273446873256,272.4538835293906,32.038332068352474
2026-02-20 08:00:00+00:00,784.02,3887.44,2175.6,332.8,402.79,305.21,28.71,493.83986830512015,2302.407154069213,1981.3485147749032,162.83035445586938,932.1946334569035,273.19528657169394,33.6792852988828,517.1155239445823,1834.6012150046938,1931.1120467195058,189.3907482052295,931.1273446873256,272.4538835293906,32.038332068352474,517.1155239445823,1834.6012150046938,1931.1120467195058,189.3907482052295,931.1273446873256,272.4538835293906,32.038332068352474
2026-02-20 09:00:00+00:00,539.35,3284.86,2111.79,210.53,454.66,305.33,28.71,476.6503247921409,2271.6999130828635,1981.1742574197092,170.38753887147536,932.962214593232,273.19528657169394,33.55696182825867,517.1155239445823,1834.6012150046938,1931.1120467195058,189.3907482052295,931.1273446873256,272.4538835293906,32.038332068352474,517.1155239445823,1834.6012150046938,1931.1120467195058,189.3907482052295,931.1273446873256,272.4538835293906,32.038332068352474
2026-02-20 10:00:00+00:00,475.24,2682.1,2061.21,41.910004,401.77,306.99,28.71,465.1138618167925,2253.551488506942,1981.8784106253077,177.94472328708133,933.7297957295605,273.19528657169394,33.409744699213356,517.1155239445823,1834.6012150046938,1931.1120467195058,189.3907482052295,931.1273446873256,272.4538835293906,32.038332068352474,517.1155239445823,1834.6012150046938,1931.1120467195058,189.3907482052295,931.1273446873256,272.4538835293906,32.038332068352474
2026-02-20 11:00:00+00:00,522.14,2640.04,1995.93,0.30000418,371.15,313.05,28.71,465.5520695916749,2231.61395118325,1983.6297944571563,185.5019077026873,934.497376865889,273.19528657169394,33.27368687029734,517.1155239445823,1834.6012150046938,1931.1120467195058,189.3907482052295,931.1273446873256,272.4538835293906,32.038332068352474,517.1155239445823,1834.6012150046938,1931.1120467195058,189.3907482052295,931.1273446873256,272.4538835293906,32.038332068352474
2026-02-20 12:00:00+00:00,684.49,2523.78,1981.08,0.30000418,367.39005,312.89,28.71,474.50032436700184,2231.991100702102,1986.2374406868694,193.05909211829328,935.2649580022176,273.19528657169394,33.22518647962987,517.1155239445823,1834.6012150046938,1931.1120467195058,189.3907482052295,931.1273446873256,272.4538835293906,32.038332068352474,517.1155239445823,1834.6012150046938,1931.1120467195058,189.3907482052295,931.1273446873256,272.4538835293906,32.038332068352474
2026-02-20 13:00:00+00:00,692.12,2645.09,1990.03,0.30000418,463.3,310.91,28.71,490.22835323410067,2225.9255829503795,1989.9391494923505,200.61627653389925,936.0325391385461,273.19528657169394,33.11659828073942,517.1155239445823,1834.6012150046938,1931.1120467195058,189.3907482052295,931.1273446873256,272.4538835293906,32.038332068352474,517.1155239445823,1834.6012150046938,1931.1120467195058,189.3907482052295,931.1273446873256,272.4538835293906,32.038332068352474
2026-02-20 14:00:00+00:00,696.67,2788.25,2041.98,24.990007,391.66,309.17,28.71,504.71705871364986,2237.530761237909,1998.2235478114549,208.17346094950523,936.8001202748746,273.19528657169394,33.09470946520797,517.1155239445823,1834.6012150046938,1931.1120467195058,189.3907482052295,931.1273446873256,272.4538835293906,32.038332068352474,517.1155239445823,1834.6012150046938,1931.1120467195058,189.3907482052295,931.1273446873256,272.4538835293906,32.038332068352474
2026-02-20 15:00:00+00:00,707.75,2977.35,2159.3,196.4,453.09,312.73,28.71,513.5033451924162,2274.3949551547616,2008.3637389009461,215.7306453651112,937.5677014112031,273.19528657169394,33.16252342745891,517.1155239445823,1834.6012150046938,1931.1120467195058,189.3907482052295,931.1273446873256,272.4538835293906,32.038332068352474,517.1155239445823,1834.6012150046938,1931.1120467195058,189.3907482052295,931.1273446873256,272.4538835293906,32.038332068352474
2026-02-20 16:00:00+00:00,724.12,3043.58,2250.13,323.23,460.79,313.32,28.71,519.4066969230114,2301.9449362738033,2019.7521952822108,223.28782978071717,938.3352825475316,273.19528657169394,33.27497476975752,517.1155239445823,1834.6012150046938,1931.1120467195058,189.3907482052295,931.1273446873256,272.4538835293906,32.038332068352474,517.1155239445823,1834.6012150046938,1931.1120467195058,189.3907482052295,931.1273446873256,272.4538835293906,32.038332068352474
2026-02-20 17:00:00+00:00,730.73,2751.05,2285.71,45.58998,373.98,316.29,28.71,513.1999862600782,2266.1221216341105,2022.9765838796634,230.84501419632312,939.1028636838602,273.19528657169394,33.322187148124286,517.1155239445823,1834.6012150046938,1931.1120467195058,189.3907482052295,931.1273446873256,272.4538835293906,32.038332068352474,517.1155239445823,1834.6012150046938,1931.1120467195058,189.3907482052295,931.1273446873256,272.4538835293906,32.038332068352474
2026-02-20 18:00:00+00:00,726.53,2511.84,2254.58,0.30000418,373.26004,312.97,28.71,498.67260324858177,2155.4142378801816,2017.2596961807312,238.40219861192912,939.8704448201887,273.19528657169394,33.31703692580504,517.1155239445823,1834.6012150046938,1931.1120467195058,189.3907482052295,931.1273446873256,272.4538835293906,32.038332068352474,517.1155239445823,1834.6012150046938,1931.1120467195058,189.3907482052295,931.1273446873256,272.4538835293906,32.038332068352474
2026-02-20 19:00:00+00:00,742.35,2392.02,2175.42,0.30000418,360.46,312.97,28.71,479.59462777379645,2003.1359316828525,2007.3584982798614,245.9593830275351,940.6380259565173,273.19528657169394,33.271971355386306,517.1155239445823,1834.6012150046938,1931.1120467195058,189.3907482052295,931.1273446873256,272.4538835293906,32.038332068352474,517.1155239445823,1834.6012150046938,1931.1120467195058,189.3907482052295,931.1273446873256,272.4538835293906,32.038332068352474
2026-02-20 20:00:00+00:00,561.05,2381.68,2089.46,0.14999503,371.55002,312.97,28.71,465.481620523165,1850.501152455256,1996.1293283782866,253.51656744314107,941.4056070928457,273.19528657169394,33.253515818744546,517.1155239445823,1834.6012150046938,1931.1120467195058,189.3907482052295,931.1273446873256,272.4538835293906,32.038332068352474,517.1155239445823,1834.6012150046938,1931.1120467195058,189.3907482052295,931.1273446873256,272.4538835293906,32.038332068352474
2026-02-20 21:00:00+00:00,378.47,2359.51,2014.6,0.11000174,379.51004,312.97,28.71,460.2814065031851,1755.9061600686907,1988.8820943132503,261.073751858747,942.1731882291742,273.19528657169394,33.2646751587695,517.1155239445823,1834.6012150046938,1931.1120467195058,189.3907482052295,931.1273446873256,272.4538835293906,32.038332068352474,517.1155239445823,1834.6012150046938,1931.1120467195058,189.3907482052295,931.1273446873256,272.4538835293906,32.038332068352474
2026-02-20 22:00:00+00:00,354.85,2095.89,1953.85,0.11000174,377.39005,313.01,28.71,448.6906140189662,1670.151244149892,1981.1981954067253,268.63093627435296,942.9407693655028,273.19528657169394,33.23763530036971,517.1155239445823,1834.6012150046938,1931.1120467195058,189.3907482052295,931.1273446873256,272.4538835293906,32.038332068352474,517.1155239445823,1834.6012150046938,1931.1120467195058,189.3907482052295,931.1273446873256,272.4538835293906,32.038332068352474
2026-02-20 23:00:00+00:00,410.87,1276.15,1900.04,0.059998695,379.97,283.33,28.71,438.1693652781372,1600.5779647220302,1977.2218530002006,276.18812068995896,943.7083505018313,273.19528657169394,33.18527275268074,517.1155239445823,1834.6012150046938,1931.1120467195058,189.3907482052295,931.1273446873256,272.4538835293906,32.038332068352474,517.1155239445823,1834.6012150046938,1931.1120467195058,189.3907482052295,931.1273446873256,272.4538835293906,32.038332068352474
2026-02-21 00:00:00+00:00,409.73,1176.15,1887.82,0.029984655,366.26004,273.52,28.71,421.75480327792206,1499.4784429115334,1858.3533342249111,102.10598642049511,911.8256479913814,274.0725966822179,32.96824766047702,517.1155239445823,1834.6012150046938,1931.1120467195058,189.3907482052295,931.1273446873256,272.4538835293906,32.038332068352474,517.1155239445823,1834.6012150046938,1931.1120467195058,189.3907482052295,931.1273446873256,272.4538835293906,32.038332068352474
2026-02-21 01:00:00+00:00,362.2,1180.6,1883.41,1.134917e-06,363.02,273.48,28.71,418.59160260754584,1473.8547673805692,1857.8837506969385,109.593067434265,912.6915161673587,274.0725966822179,32.98899532432929,517.1155239445823,1834.6012150046938,1931.1120467195058,189.3907482052295,931.1273446873256,272.4538835293906,32.038332068352474,517.1155239445823,1834.6012150046938,1931.1120467195058,189.3907482052295,931.1273446873256,272.4538835293906,32.038332068352474
2026-02-21 02:00:00+00:00,204.50002,1187.89,1889.16,1.134917e-06,359.91,273.52,28.71,419.2565819261012,1462.403132351642,1863.3520938507063,117.08014844803489,913.53931944354,274.0725966822179,32.981180383719725,517.1155239445823,1834.6012150046938,1931.1120467195058,189.3907482052295,931.1273446873256,272.4538835293906,32.038332068352474,517.1155239445823,1834.6012150046938,1931.1120467195058,189.3907482052295,931.1273446873256,272.4538835293906,32.038332068352474
2026-02-21 03:00:00+00:00,213.95,1193.24,1907.5,1.134917e-06,358.35,273.52,28.71,420.7816903716898,1476.6595947382295,1868.6938705892417,124.56722946180477,914.5431884365476,274.0725966822179,32.9596232564419,517.1155239445823,1834.6012150046938,1931.1120467195058,189.3907482052295,931.1273446873256,272.4538835293906,32.038332068352474,517.1155239445823,1834.6012150046938,1931.1120467195058,189.3907482052295,931.1273446873256,272.4538835293906,32.038332068352474
2026-02-21 04:00:00+00:00,236.00002,1202.55,1948.17,1.134917e-06,365.21,273.48,28.71,419.4265553175729,1529.7994248321713,1874.9738643296655,132.05431047557465,915.3871435838356,274.0725966822179,32.95746713978359,517.1155239445823,1834.6012150046938,1931.1120467195058,189.3907482052295,931.1273446873256,272.4538835293906,32.038332068352474,517.1155239445823,1834.6012150046938,1931.1120467195058,189.3907482052295,931.1273446873256,272.4538835293906,32.038332068352474
2026-02-21 05:00:00+00:00,280.7,1204.35,2081.9,1.134917e-06,364.70004,270.52,28.71,421.51060840601383,1567.9364519081423,1885.8020128497328,139.54139148934456,915.8370829982347,274.0725966822179,32.874204103092985,517.1155239445823,1834.6012150046938,1931.1120467195058,189.3907482052295,931.1273446873256,272.4538835293906,32.038332068352474,517.1155239445823,1834.6012150046938,1931.1120467195058,189.3907482052295,931.1273446873256,272.4538835293906,32.038332068352474
2026-02-21 06:00:00+00:00,286.4,1268.1,2231.85,0.029984655,364.21,269.53,28.71,428.49538236909615,1637.5490095592752,1896.3875111408072,147.02847250311444,916.8970723243798,274.0725966822179,32.831899266897864,517.1155239445823,1834.6012150046938,1931.1120467195058,189.3907482052295,931.1273446873256,272.4538835293906,32.038332068352474,517.1155239445823,1834.6012150046938,1931.1120467195058,189.3907482052295,931.1273446873256,272.4538835293906,32.038332068352474
2026-02-21 07:00:00+00:00,284.25,1346.51,2278.44,0.059998695,374.44003,269.53,28.71,431.3785419203577,1713.7346026953282,1903.8253622432483,154.51555351688432,917.3679628541983,274.0725966822179,32.84160045293601,517.1155239445823,1834.6012150046938,1931.1120467195058,189.3907482052295,931.1273446873256,272.4538835293906,32.038332068352474,517.1155239445823,1834.6012150046938,1931.1120467195058,189.3907482052295,931.1273446873256,272.4538835293906,32.038332068352474
2026-02-21 08:00:00+00:00,274.25,1353.5,2256.95,0.059998695,382.94003,269.49,28.71,431.204944722393,1716.8425654677799,1910.897801165851,162.00263453065423,918.2605547501657,274.0725966822179,32.78932463960424,517.1155239445823,1834.6012150046938,1931.1120467195058,189.3907482052295,931.1273446873256,272.4538835293906,32.038332068352474,517.1155239445823,1834.6012150046938,1931.1120467195058,189.3907482052295,931.1273446873256,272.4538835293906,32.038332068352474
2026-02-21 09:00:00+00:00,261.89996,1340.63,2186.51,0.22999686,389.84,269.49,28.71,432.4325965490252,1733.2179186145172,1917.0436430416612,169.48971554442412,919.7412840326034,274.0725966822179,32.706060312821535,517.1155239445823,1834.6012150046938,1931.1120467195058,189.3907482052295,931.1273446873256,272.4538835293906,32.038332068352474,517.1155239445823,1834.6012150046938,1931.1120467195058,189.3907482052295,931.1273446873256,272.4538835293906,32.038332068352474
2026-02-21 10:00:00+00:00,246.3,1333.27,2116.06,31.020021,389.79,272.46,28.71,433.1499588903426,1770.6890741733732,1925.2010353833753,176.976796558194,921.4770643315759,274.0725966822179,32.64597087527195,517.1155239445823,1834.6012150046938,1931.1120467195058,189.3907482052295,931.1273446873256,272.4538835293906,32.038332068352474,517.1155239445823,1834.6012150046938,1931.1120467195058,189.3907482052295,931.1273446873256,272.4538835293906,32.038332068352474
2026-02-21 11:00:00+00:00,232.85002,1330.3,2045.05,0.5599987,390.37003,273.41,28.71,433.975641719647,1750.1995836499016,1932.112188463516,184.46387757196388,923.2118826388962,274.0725966822179,32.512589378168414,517.1155239445823,1834.6012150046938,1931.1120467195058,189.3907482052295,931.1273446873256,272.4538835293906,32.038332068352474,517.1155239445823,1834.6012150046938,1931.1120467195058,189.3907482052295,931.1273446873256,272.4538835293906,32.038332068352474
2026-02-21 12:00:00+00:00,222.40001,1274.13,2028.02,29.020006,394.68002,273.41,28.71,438.74544212328584,1760.1970035205775,1937.5194115231823,191.9509585857338,923.7217902636191,274.0725966822179,32.64543118541179,517.1155239445823,1834.6012150046938,1931.1120467195058,189.3907482052295,931.1273446873256,272.4538835293906,32.038332068352474,517.1155239445823,1834.6012150046938,1931.1120467195058,189.3907482052295,931.1273446873256,272.4538835293906,32.038332068352474
2026-02-21 13:00:00+00:00,216.50002,1330.05,2033.08,75.24,388.05002,273.41,28.71,448.6676421078941,1770.5683432139315,1941.8703757894177,199.43803959950367,924.3944987776674,274.0725966822179,32.616867406055285,517.1155239445823,1834.6012150046938,1931.1120467195058,189.3907482052295,931.1273446873256,272.4538835293906,32.038332068352474,517.1155239445823,1834.6012150046938,1931.1120467195058,189.3907482052295,931.1273446873256,272.4538835293906,32.038332068352474
2026-02-21 14:00:00+00:00,215.35002,1365.35,2068.07,236.72,393.88004,273.37,28.71,463.7854006609966,1799.461104215938,1948.8543053956287,206.92512061327355,924.5103910779727,274.0725966822179,32.6085140854024,517.1155239445823,1834.6012150046938,1931.1120467195058,189.3907482052295,931.1273446873256,272.4538835293906,32.038332068352474,517.1155239445823,1834.6012150046938,1931.1120467195058,189.3907482052295,931.1273446873256,272.4538835293906,32.038332068352474
2026-02-21 15:00:00+00:00,219.8,1413.29,2156.85,974.21,438.72,277.14,28.71,486.98342654441706,1865.760105037339,1959.59714931649,214.41220162704346,924.707202625639,274.0725966822179,32.59773615585135,517.1155239445823,1834.6012150046938,1931.1120467195058,189.3907482052295,931.1273446873256,272.4538835293906,32.038332068352474,517.1155239445823,1834.6012150046938,1931.1120467195058,189.3907482052295,931.1273446873256,272.4538835293906,32.038332068352474
2026-02-21 16:00:00+00:00,264.89996,1471.04,2242.56,975.5125,469.15,277.04,28.71,513.6576513954874,1917.3497948365236,1968.1886712664673,221.89928264081334,925.0220265267463,274.0725966822179,32.62252742243431,517.1155239445823,1834.6012150046938,1931.1120467195058,189.3907482052295,931.1273446873256,272.4538835293906,32.038332068352474,517.1155239445823,1834.6012150046938,1931.1120467195058,189.3907482052295,931.1273446873256,272.4538835293906,32.038332068352474
2026-02-21 17:00:00+00:00,280.2,1521.42,2258.97,976.815,441.69,277.95,28.71,527.5550052074233,1922.64150325063,1972.5713472677894,229.38636365458322,925.357802208971,274.0725966822179,32.609056290656994,517.1155239445823,1834.6012150046938,1931.1120467195058,189.3907482052295,931.1273446873256,272.4538835293906,32.038332068352474,517.1155239445823,1834.6012150046938,1931.1120467195058,189.3907482052295,931.1273446873256,272.4538835293906,32.038332068352474
2026-02-21 18:00:00+00:00,282.3,1501.64,2230.65,978.1175,502.14996,277.24,28.71,527.2453460054127,1885.80773151105,1971.5248515984938,236.87344466835313,925.4089156021314,274.0725966822179,32.59181133409766,517.1155239445823,1834.6012150046938,1931.1120467195058,189.3907482052295,931.1273446873256,272.4538835293906,32.038332068352474,517.1155239445823,1834.6012150046938,1931.1120467195058,189.3907482052295,931.1273446873256,272.4538835293906,32.038332068352474
2026-02-21 19:00:00+00:00,274.3,1447.28,2129.94,979.42,527.47,277.84,28.71,515.9014169203762,1802.956717309135,1964.0062858138508,244.360525682123,925.5705589278664,274.0725966822179,32.569177416050266,517.1155239445823,1834.6012150046938,1931.1120467195058,189.3907482052295,931.1273446873256,272.4538835293906,32.038332068352474,517.1155239445823,1834.6012150046938,1931.1120467195058,189.3907482052295,931.1273446873256,272.4538835293906,32.038332068352474
2026-02-21 20:00:00+00:00,227.2,1416.06,2040.3,546.14,447.87,275.72,28.71,504.5550582985966,1750.3707626420075,1963.4017322244747,251.8476066958929,925.9063348562777,274.0725966822179,32.55274074925411,517.1155239445823,1834.6012150046938,1931.1120467195058,189.3907482052295,931.1273446873256,272.4538835293906,32.038332068352474,517.1155239445823,1834.6012150046938,1931.1120467195058,189.3907482052295,931.1273446873256,272.4538835293906,32.038332068352474
2026-02-21 21:00:00+00:00,198.3,1390.31,1976.79,741.45,456.95,273.41,28.71,501.03371944346287,1708.4628503559527,1962.5599182185074,259.3346877096628,926.4619932547237,274.0725966822179,32.527142469850254,517.1155239445823,1834.6012150046938,1931.1120467195058,189.3907482052295,931.1273446873256,272.4538835293906,32.038332068352474,517.1155239445823,1834.6012150046938,1931.1120467195058,189.3907482052295,931.1273446873256,272.4538835293906,32.038332068352474
2026-02-21 22:00:00+00:00,169.3,1341.57,1930.07,503.77,622.64996,276.29,28.71,499.6883053801784,1612.4017184333893,1957.16679757845,266.8217687234327,927.1337397826397,274.0725966822179,32.49831007305764,517.1155239445823,1834.6012150046938,1931.1120467195058,189.3907482052295,931.1273446873256,272.4538835293906,32.038332068352474,517.1155239445823,1834.6012150046938,1931.1120467195058,189.3907482052295,931.1273446873256,272.4538835293906,32.038332068352474
2026-02-21 23:00:00+00:00,164.90001,1305.58,1887.45,1.9799969,639.7,281.67,28.71,488.4023261944764,1534.608919795056,1953.6331530798793,274.30884973720254,928.2004639511946,274.0725966822179,32.513400203050765,517.1155239445823,1834.6012150046938,1931.1120467195058,189.3907482052295,931.1273446873256,272.4538835293906,32.038332068352474,517.1155239445823,1834.6012150046938,1931.1120467195058,189.3907482052295,931.1273446873256,272.4538835293906,32.038332068352474
2026-02-22 00:00:00+00:00,163.15001,1229.19,1878.59,0.25000113,620.9,278.63,28.71,469.24834584365544,1398.1181869119691,1836.493260709201,102.10598642049511,914.1555334448618,274.0725966822179,32.46974750366201,517.1155239445823,1834.6012150046938,1931.1120467195058,189.3907482052295,931.1273446873256,272.4538835293906,32.038332068352474,517.1155239445823,1834.6012150046938,1931.1120467195058,189.3907482052295,931.1273446873256,272.4538835293906,32.038332068352474
2026-02-22 01:00:00+00:00,141.90001,1143.1101,1871.83,0.20999259,621.17,278.9,28.71,457.0450595405833,1368.1882462590002,1836.5466259387674,109.593067434265,914.5103361808192,274.0725966822179,32.54169163742421,517.1155239445823,1834.6012150046938,1931.1120467195058,189.3907482052295,931.1273446873256,272.4538835293906,32.038332068352474,517.1155239445823,1834.6012150046938,1931.1120467195058,189.3907482052295,931.1273446873256,272.4538835293906,32.038332068352474
2026-02-22 02:00:00+00:00,128.10002,1147.32,1870.53,0.08000296,642.53,278.47,28.71,445.35779595200654,1381.996805078179,1841.6525821926484,117.08014844803489,915.1991865232437,274.0725966822179,32.56243930127647,517.1155239445823,1834.6012150046938,1931.1120467195058,189.3907482052295,931.1273446873256,272.4538835293906,32.038332068352474,517.1155239445823,1834.6012150046938,1931.1120467195058,189.3907482052295,931.1273446873256,272.4538835293906,32.038332068352474
2026-02-22 03:00:00+00:00,114.500015,1155.88,1887.88,0.009995642,666.76,277.8,28.71,438.3661825708547,1395.3895511404673,1848.9119507014711,124.56722946180477,916.1211740365716,274.0725966822179,32.54869703447697,517.1155239445823,1834.6012150046938,1931.1120467195058,189.3907482052295,931.1273446873256,272.4538835293906,32.038332068352474,517.1155239445823,1834.6012150046938,1931.1120467195058,189.3907482052295,931.1273446873256,272.4538835293906,32.038332068352474
2026-02-22 04:00:00+00:00,136.3,1155.75,1929.45,1.134917e-06,675.28,274.2,28.71,430.4041991083855,1421.5305221205551,1855.3646667800458,132.05431047557465,917.1060163898377,274.0725966822179,32.5354931411459,517.1155239445823,1834.6012150046938,1931.1120467195058,189.3907482052295,931.1273446873256,272.4538835293906,32.038332068352474,517.1155239445823,1834.6012150046938,1931.1120467195058,189.3907482052295,931.1273446873256,272.4538835293906,32.038332068352474
2026-02-22 05:00:00+00:00,140.7,1148.84,2060.35,1.134917e-06,682.99,270.36,28.71,422.84241340611305,1369.2871006514624,1857.819251556046,139.54139148934456,917.9786194082249,274.0725966822179,32.49453495380025,517.1155239445823,1834.6012150046938,1931.1120467195058,189.3907482052295,931.1273446873256,272.4538835293906,32.038332068352474,517.1155239445823,1834.6012150046938,1931.1120467195058,189.3907482052295,931.1273446873256,272.4538835293906,32.038332068352474
2026-02-22 06:00:00+00:00,148.65001,1148.33,2209.98,1.134917e-06,683.17,269.37,28.71,423.99446735374,1394.3771256195214,1867.1517265159978,147.02847250311444,920.063625830033,274.0725966822179,32.44737956903493,517.1155239445823,1834.6012150046938,1931.1120467195058,189.3907482052295,931.1273446873256,272.4538835293906,32.038332068352474,517.1155239445823,1834.6012150046938,1931.1120467195058,189.3907482052295,931.1273446873256,272.4538835293906,32.038332068352474
2026-02-22 07:00:00+00:00,209.8,1157.79,2252.96,1.134917e-06,682.85,269.37,28.71,428.6339765876678,1433.6251378335505,1875.669025203533,154.51555351688432,921.2796826128715,274.0725966822179,32.415044442416864,517.1155239445823,1834.6012150046938,1931.1120467195058,189.3907482052295,931.1273446873256,272.4538835293906,32.038332068352474,517.1155239445823,1834.6012150046938,1931.1120467195058,189.3907482052295,931.1273446873256,272.4538835293906,32.038332068352474
2026-02-22 08:00:00+00:00,204.2,1157.78,2209.64,0.13000602,702.94,269.92,28.71,433.7000605256539,1455.683708750063,1880.6957733439197,162.00263453065423,922.0456035758705,274.0725966822179,32.40103237794396,517.1155239445823,1834.6012150046938,1931.1120467195058,189.3907482052295,931.1273446873256,272.4538835293906,32.038332068352474,517.1155239445823,1834.6012150046938,1931.1120467195058,189.3907482052295,931.1273446873256,272.4538835293906,32.038332068352474
2026-02-22 09:00:00+00:00,196.90001,1157.1,2135.17,0.25999564,709.8,271.59,28.71,442.61190563074365,1438.3427200228493,1882.078774340833,169.48971554442412,922.5793489511473,274.0725966822179,32.307261231360336,517.1155239445823,1834.6012150046938,1931.1120467195058,189.3907482052295,931.1273446873256,272.4538835293906,32.038332068352474,517.1155239445823,1834.6012150046938,1931.1120467195058,189.3907482052295,931.1273446873256,272.4538835293906,32.038332068352474
2026-02-22 10:00:00+00:00,184.40001,1145.61,2074.91,0.25999564,701.59,275.62,28.71,443.47323053599746,1444.7170693931894,1884.1800837194978,176.976796558194,923.2672365578395,274.0725966822179,32.18843020185346,517.1155239445823,1834.6012150046938,1931.1120467195058,189.3907482052295,931.1273446873256,272.4538835293906,32.038332068352474,517.1155239445823,1834.6012150046938,1931.1120467195058,189.3907482052295,931.1273446873256,272.4538835293906,32.038332068352474
2026-02-22 11:00:00+00:00,166.7,1145.24,2004.91,0.22999686,704.22,277.36,28.71,438.40071744508725,1422.2847125925525,1887.370656264971,184.46387757196388,924.0331578983986,274.0725966822179,32.02810390325956,517.1155239445823,1834.6012150046938,1931.1120467195058,189.3907482052295,931.1273446873256,272.4538835293906,32.038332068352474,517.1155239445823,1834.6012150046938,1931.1120467195058,189.3907482052295,931.1273446873256,272.4538835293906,32.038332068352474
2026-02-22 12:00:00+00:00,156.8,1145.54,1978.11,0.19999808,696.94,279.42,28.71,430.5458235166004,1422.773863383583,1891.63744763878,191.9509585857338,925.3168791648028,274.0725966822179,32.14747326782175,517.1155239445823,1834.6012150046938,1931.1120467195058,189.3907482052295,931.1273446873256,272.4538835293906,32.038332068352474,517.1155239445823,1834.6012150046938,1931.1120467195058,189.3907482052295,931.1273446873256,272.4538835293906,32.038332068352474
2026-02-22 13:00:00+00:00,150.10002,1145.88,1981.17,0.19999808,699.53,278.83,28.71,423.0355308415038,1417.611819870962,1898.465320184327,199.43803959950367,926.452977780048,274.0725966822179,32.001697518920736,517.1155239445823,1834.6012150046938,1931.1120467195058,189.3907482052295,931.1273446873256,272.4538835293906,32.038332068352474,517.1155239445823,1834.6012150046938,1931.1120467195058,189.3907482052295,931.1273446873256,272.4538835293906,32.038332068352474
2026-02-22 14:00:00+00:00,153.45,1146.3301,2022.76,0.19999808,676.06,277.4,28.71,420.24563014578445,1496.566362430019,1912.9949698004568,206.92512061327355,927.297894504997,274.0725966822179,31.965051454552825,517.1155239445823,1834.6012150046938,1931.1120467195058,189.3907482052295,931.1273446873256,272.4538835293906,32.038332068352474,517.1155239445823,1834.6012150046938,1931.1120467195058,189.3907482052295,931.1273446873256,272.4538835293906,32.038332068352474
2026-02-22 15:00:00+00:00,160.35002,1201.93,2139.81,44.740005,678.92,275.66,28.71,422.14181178053207,1580.495119516115,1928.6044405782857,214.41220162704346,928.0628537490261,274.0725966822179,31.975291014059387,517.1155239445823,1834.6012150046938,1931.1120467195058,189.3907482052295,931.1273446873256,272.4538835293906,32.038332068352474,517.1155239445823,1834.6012150046938,1931.1120467195058,189.3907482052295,931.1273446873256,272.4538835293906,32.038332068352474
2026-02-22 16:00:00+00:00,177.10002,1229.27,2249.9,447.99,661.39,275.5,28.71,434.8759253328931,1671.9046412016519,1946.288184635007,221.89928264081334,927.9294665157272,274.0725966822179,32.03484074766599,517.1155239445823,1834.6012150046938,1931.1120467195058,189.3907482052295,931.1273446873256,272.4538835293906,32.038332068352474,517.1155239445823,1834.6012150046938,1931.1120467195058,189.3907482052295,931.1273446873256,272.4538835293906,32.038332068352474
2026-02-22 17:00:00+00:00,220.00002,1333.84,2295.62,882.15,653.69,274.16,28.71,448.2845288543874,1689.683105911172,1954.2066539140508,229.38636365458322,927.5143037963031,274.0725966822179,32.13804328159555,517.1155239445823,1834.6012150046938,1931.1120467195058,189.3907482052295,931.1273446873256,272.4538835293906,32.038332068352474,517.1155239445823,1834.6012150046938,1931.1120467195058,189.3907482052295,931.1273446873256,272.4538835293906,32.038332068352474
2026-02-22 18:00:00+00:00,225.05,1343.4,2290.3,686.78,645.94,273.29,28.71,457.50661222118043,1701.872847122452,1957.0649992282122,236.87344466835313,927.959432760068,274.0725966822179,32.160677157317465,517.1155239445823,1834.6012150046938,1931.1120467195058,189.3907482052295,931.1273446873256,272.4538835293906,32.038332068352474,517.1155239445823,1834.6012150046938,1931.1120467195058,189.3907482052295,931.1273446873256,272.4538835293906,32.038332068352474
2026-02-22 19:00:00+00:00,222.2,1341.96,2224.81,838.79,624.72,273.33,28.71,457.8676449364236,1680.38303396787,1957.1639571571336,244.360525682123,927.9773019985038,274.0725966822179,32.142624052217066,517.1155239445823,1834.6012150046938,1931.1120467195058,189.3907482052295,931.1273446873256,272.4538835293906,32.038332068352474,517.1155239445823,1834.6012150046938,1931.1120467195058,189.3907482052295,931.1273446873256,272.4538835293906,32.038332068352474
2026-02-22 20:00:00+00:00,179.7,1267.16,2139.05,434.83,621.06,273.88,28.71,452.50133197256747,1700.3755852097438,1961.2835921839126,251.8476066958929,927.9761440993046,274.0725966822179,32.18196579509499,517.1155239445823,1834.6012150046938,1931.1120467195058,189.3907482052295,931.1273446873256,272.4538835293906,32.038332068352474,517.1155239445823,1834.6012150046938,1931.1120467195058,189.3907482052295,931.1273446873256,272.4538835293906,32.038332068352474
2026-02-22 21:00:00+00:00,175.85002,1215.43,2067.63,507.05,614.42,277.32,28.71,457.6536295372291,1644.8467139241836,1962.9913330415038,259.3346877096628,928.2319618656425,274.0725966822179,32.16202633775882,517.1155239445823,1834.6012150046938,1931.1120467195058,189.3907482052295,931.1273446873256,272.4538835293906,32.038332068352474,517.1155239445823,1834.6012150046938,1931.1120467195058,189.3907482052295,931.1273446873256,272.4538835293906,32.038332068352474
2026-02-22 22:00:00+00:00,172.40001,1216.98,2011.73,13.270005,605.65,279.34,28.71,456.76941807912976,1558.2951566765396,1959.6481259620018,266.8217687234327,928.412632491297,274.0725966822179,32.170918072253805,517.1155239445823,1834.6012150046938,1931.1120467195058,189.3907482052295,931.1273446873256,272.4538835293906,32.038332068352474,517.1155239445823,1834.6012150046938,1931.1120467195058,189.3907482052295,931.1273446873256,272.4538835293906,32.038332068352474
2026-02-22 23:00:00+00:00,147.2,1212.13,1957.98,0.20999259,607.99,287.61,28.71,448.77745271146784,1512.629450446192,1958.6432157748977,274.30884973720254,928.9473397743236,274.0725966822179,32.20918176070618,517.1155239445823,1834.6012150046938,1931.1120467195058,189.3907482052295,931.1273446873256,272.4538835293906,32.038332068352474,517.1155239445823,1834.6012150046938,1931.1120467195058,189.3907482052295,931.1273446873256,272.4538835293906,32.038332068352474
2026-02-23 00:00:00+00:00,147.05,1214.7,1934.67,0.039979164,605.99,278.03,28.71,428.4012611192468,1402.816932169316,1839.0492300827661,102.10598642049511,914.9329814469631,274.0725966822179,32.27034920525305,517.1155239445823,1834.6012150046938,1931.1120467195058,189.3907482052295,931.1273446873256,272.4538835293906,32.038332068352474,517.1155239445823,1834.6012150046938,1931.1120467195058,189.3907482052295,931.1273446873256,272.4538835293906,32.038332068352474
2026-02-23 01:00:00+00:00,150.8,1220.84,1915.42,0.019990148,610.35,276.93,28.71,425.73187004395766,1436.1496530895795,1845.3757449570867,109.593067434265,915.0746352349399,274.0725966822179,32.28624634995063,517.1155239445823,1834.6012150046938,1931.1120467195058,189.3907482052295,931.1273446873256,272.4538835293906,32.038332068352474,517.1155239445823,1834.6012150046938,1931.1120467195058,189.3907482052295,931.1273446873256,272.4538835293906,32.038332068352474
2026-02-23 02:00:00+00:00,150.65001,1198.34,1909.09,1.134917e-06,611.94,275.82,28.71,427.8206720266695,1485.8780597089285,1854.9352230577272,117.08014844803489,915.2353164851205,274.0725966822179,32.35307259464881,517.1155239445823,1834.6012150046938,1931.1120467195058,189.3907482052295,931.1273446873256,272.4538835293906,32.038332068352474,517.1155239445823,1834.6012150046938,1931.1120467195058,189.3907482052295,931.1273446873256,272.4538835293906,32.038332068352474
2026-02-23 03:00:00+00:00,151.50002,1240.06,1922.94,0.050004188,613.74,271.82,28.71,433.48180419987443,1532.7213157521164,1864.2880423064762,124.56722946180477,915.5872331677391,274.0725966822179,32.399688334002846,517.1155239445823,1834.6012150046938,1931.1120467195058,189.3907482052295,931.1273446873256,272.4538835293906,32.038332068352474,517.1155239445823,1834.6012150046938,1931.1120467195058,189.3907482052295,931.1273446873256,272.4538835293906,32.038332068352474
2026-02-23 04:00:00+00:00,195.75002,1304.73,1964.77,0.11000174,617.52,263.51,28.71,437.31947968949936,1636.0881302377022,1882.5075193102562,132.05431047557465,916.0200692600031,274.0725966822179,32.38998846935587,517.1155239445823,1834.6012150046938,1931.1120467195058,189.3907482052295,931.1273446873256,272.4538835293906,32.038332068352474,517.1155239445823,1834.6012150046938,1931.1120467195058,189.3907482052295,931.1273446873256,272.4538835293906,32.038332068352474
2026-02-23 05:00:00+00:00,216.7,1422.1,2089.26,51.020004,615.94,261.54,28.71,445.68556629435784,1780.8276162079824,1912.1978267902382,139.54139148934456,916.6479889080782,274.0725966822179,32.430407002523694,517.1155239445823,1834.6012150046938,1931.1120467195058,189.3907482052295,931.1273446873256,272.4538835293906,32.038332068352474,517.1155239445823,1834.6012150046938,1931.1120467195058,189.3907482052295,931.1273446873256,272.4538835293906,32.038332068352474
2026-02-23 06:00:00+00:00,221.8,1501.89,2221.2,380.63,615.36,261.54,28.71,461.4559667871683,1896.012575232063,1932.2024502277136,147.02847250311444,918.7729744109231,274.0725966822179,32.44980807574134,517.1155239445823,1834.6012150046938,1931.1120467195058,189.3907482052295,931.1273446873256,272.4538835293906,32.038332068352474,517.1155239445823,1834.6012150046938,1931.1120467195058,189.3907482052295,931.1273446873256,272.4538835293906,32.038332068352474
2026-02-23 07:00:00+00:00,221.45,1555.32,2255.21,627.99,654.28,261.54,28.71,465.1142953992605,1894.1495098382081,1935.7174145072001,154.51555351688432,919.2857680050826,274.0725966822179,32.41935925215057,517.1155239445823,1834.6012150046938,1931.1120467195058,189.3907482052295,931.1273446873256,272.4538835293906,32.038332068352474,517.1155239445823,1834.6012150046938,1931.1120467195058,189.3907482052295,931.1273446873256,272.4538835293906,32.038332068352474
2026-02-23 08:00:00+00:00,201.2,1502.45,2225.69,345.26,642.16,261.5,28.71,456.66115515963645,1802.1382185502582,1930.609904162269,162.00263453065423,920.1697015732294,274.0725966822179,32.329899031806285,517.1155239445823,1834.6012150046938,1931.1120467195058,189.3907482052295,931.1273446873256,272.4538835293906,32.038332068352474,517.1155239445823,1834.6012150046938,1931.1120467195058,189.3907482052295,931.1273446873256,272.4538835293906,32.038332068352474
2026-02-23 09:00:00+00:00,174.15001,1469.45,2148.52,33.14998,655.71,261.5,28.71,449.7587590015567,1699.9623829417408,1922.9682016235797,169.48971554442412,921.7426807311699,274.0725966822179,32.24367166255858,517.1155239445823,1834.6012150046938,1931.1120467195058,189.3907482052295,931.1273446873256,272.4538835293906,32.038332068352474,517.1155239445823,1834.6012150046938,1931.1120467195058,189.3907482052295,931.1273446873256,272.4538835293906,32.038332068352474
2026-02-23 10:00:00+00:00,149.50002,1356.98,2072.06,0.22000235,641.73,267.39,28.71,443.20850996575587,1624.8194218605079,1917.4465258361654,176.976796558194,923.024477914912,274.0725966822179,32.15259500103403,517.1155239445823,1834.6012150046938,1931.1120467195058,189.3907482052295,931.1273446873256,272.4538835293906,32.038332068352474,517.1155239445823,1834.6012150046938,1931.1120467195058,189.3907482052295,931.1273446873256,272.4538835293906,32.038332068352474
2026-02-23 11:00:00+00:00,132.40001,1305.27,2002.55,0.19999808,643.69,269.33,28.71,438.4446069566611,1593.3547607533242,1916.8016813623244,184.46387757196388,924.3443295362086,274.0725966822179,32.03349552537114,517.1155239445823,1834.6012150046938,1931.1120467195058,189.3907482052295,931.1273446873256,272.4538835293906,32.038332068352474,517.1155239445823,1834.6012150046938,1931.1120467195058,189.3907482052295,931.1273446873256,272.4538835293906,32.038332068352474
2026-02-23 12:00:00+00:00,130.45,1291.96,1978.36,0.19999808,607.12,269.33,28.71,433.36206959409367,1560.97413999839,1918.923974034046,191.9509585857338,925.3205131476628,274.0725966822179,32.033764050635206,517.1155239445823,1834.6012150046938,1931.1120467195058,189.3907482052295,931.1273446873256,272.4538835293906,32.038332068352474,517.1155239445823,1834.6012150046938,1931.1120467195058,189.3907482052295,931.1273446873256,272.4538835293906,32.038332068352474
2026-02-23 13:00:00+00:00,132.3,1271.35,1980.9,0.19999808,629.38,269.33,28.71,428.4365653248128,1551.6995181211096,1920.5594678154125,199.43803959950367,926.0580003646203,274.0725966822179,31.99307567081214,517.1155239445823,1834.6012150046938,1931.1120467195058,189.3907482052295,931.1273446873256,272.4538835293906,32.038332068352474,517.1155239445823,1834.6012150046938,1931.1120467195058,189.3907482052295,931.1273446873256,272.4538835293906,32.038332068352474
2026-02-23 14:00:00+00:00,150.8,1400.93,2020.05,0.22000235,625.67,269.37,28.71,436.0795232375978,1660.7773110577723,1932.5504846643048,206.92512061327355,926.2909429063812,274.0725966822179,31.969903346104914,517.1155239445823,1834.6012150046938,1931.1120467195058,189.3907482052295,931.1273446873256,272.4538835293906,32.038332068352474,517.1155239445823,1834.6012150046938,1931.1120467195058,189.3907482052295,931.1273446873256,272.4538835293906,32.038332068352474
2026-02-23 15:00:00+00:00,175.40001,1469.24,2132.54,0.30000418,622.64996,269.37,28.71,448.2464803639526,1813.5512239526258,1959.0979297881931,214.41220162704346,926.2546163767796,274.0725966822179,31.997657671744186,517.1155239445823,1834.6012150046938,1931.1120467195058,189.3907482052295,931.1273446873256,272.4538835293906,32.038332068352474,517.1155239445823,1834.6012150046938,1931.1120467195058,189.3907482052295,931.1273446873256,272.4538835293906,32.038332068352474
2026-02-23 16:00:00+00:00,179.40001,1557.29,2248.69,426.81,648.46,275.54,28.71,468.4702097628489,1981.1474860099786,1983.0948575493774,221.89928264081334,925.7975505510634,274.0725966822179,32.07526195852394,517.1155239445823,1834.6012150046938,1931.1120467195058,189.3907482052295,931.1273446873256,272.4538835293906,32.038332068352474,517.1155239445823,1834.6012150046938,1931.1120467195058,189.3907482052295,931.1273446873256,272.4538835293906,32.038332068352474
2026-02-23 17:00:00+00:00,225.50002,1636.34,2280.81,814.31,648.21,275.62,28.71,473.10013336478005,2024.7855173821936,1993.1908404827757,229.38636365458322,925.7135489288255,274.0725966822179,32.17118910962923,517.1155239445823,1834.6012150046938,1931.1120467195058,189.3907482052295,931.1273446873256,272.4538835293906,32.038332068352474,517.1155239445823,1834.6012150046938,1931.1120467195058,189.3907482052295,931.1273446873256,272.4538835293906,32.038332068352474
2026-02-23 18:00:00+00:00,193.10002,1634.03,2255.76,727.26,643.35,275.78,28.71,472.0867312589069,1987.8674126094522,1993.9247918559145,236.87344466835313,926.5871135248735,274.0725966822179,32.17065076055933,517.1155239445823,1834.6012150046938,1931.1120467195058,189.3907482052295,931.1273446873256,272.4538835293906,32.038332068352474,517.1155239445823,1834.6012150046938,1931.1120467195058,189.3907482052295,931.1273446873256,272.4538835293906,32.038332068352474
2026-02-23 19:00:00+00:00,185.90001,1591.06,2171.99,355.36,632.01,276.77,28.71,475.0592407501186,1935.5261548701076,1990.1316627414099,244.360525682123,926.7249193462416,274.0725966822179,32.23370448810069,517.1155239445823,1834.6012150046938,1931.1120467195058,189.3907482052295,931.1273446873256,272.4538835293906,32.038332068352474,517.1155239445823,1834.6012150046938,1931.1120467195058,189.3907482052295,931.1273446873256,272.4538835293906,32.038332068352474
2026-02-23 20:00:00+00:00,187.60002,1509.2,2087.77,108.65,629.3,269.45,28.71,478.0564244663094,1871.3791065900955,1985.1597967131054,251.8476066958929,926.9588234237123,274.0725966822179,32.31023072264212,517.1155239445823,1834.6012150046938,1931.1120467195058,189.3907482052295,931.1273446873256,272.4538835293906,32.038332068352474,517.1155239445823,1834.6012150046938,1931.1120467195058,189.3907482052295,931.1273446873256,272.4538835293906,32.038332068352474
2026-02-23 21:00:00+00:00,168.05,1494.24,2022.81,55.95999,642.47,273.56,28.71,483.8450405520424,1829.9509748261912,1979.130538120291,259.3346877096628,926.8625290138758,274.0725966822179,32.36573936077084,517.1155239445823,1834.6012150046938,1931.1120467195058,189.3907482052295,931.1273446873256,272.4538835293906,32.038332068352474,517.1155239445823,1834.6012150046938,1931.1120467195058,189.3907482052295,931.1273446873256,272.4538835293906,32.038332068352474
2026-02-23 22:00:00+00:00,167.45,1492.51,1972.17,1.1300061,651.63,255.76,28.71,484.20839284057166,1802.1388547585261,1974.8134665039258,266.8217687234327,926.7871857194586,274.0725966822179,32.415319430182265,517.1155239445823,1834.6012150046938,1931.1120467195058,189.3907482052295,931.1273446873256,272.4538835293906,32.038332068352474,517.1155239445823,1834.6012150046938,1931.1120467195058,189.3907482052295,931.1273446873256,272.4538835293906,32.038332068352474
2026-02-23 23:00:00+00:00,160.40001,1769.72,1930.55,0.25999564,677.48,265.1,28.71,492.0662268493219,1818.6308018963937,1976.4599924640056,274.30884973720254,926.7498970304003,274.0725966822179,32.42097823660041,517.1155239445823,1834.6012150046938,1931.1120467195058,189.3907482052295,931.1273446873256,272.4538835293906,32.038332068352474,517.1155239445823,1834.6012150046938,1931.1120467195058,189.3907482052295,931.1273446873256,272.4538835293906,32.038332068352474
2026-02-24 00:00:00+00:00,161.06001,1812.13,1915.44,0.25999564,712.34,266.01,28.71,497.3114424369068,1747.682149707719,1862.8526605778434,102.10598642049511,913.3330826614855,274.0725966822179,32.40507989820764,517.1155239445823,1834.6012150046938,1931.1120467195058,189.3907482052295,931.1273446873256,272.4538835293906,32.038332068352474,517.1155239445823,1834.6012150046938,1931.1120467195058,189.3907482052295,931.1273446873256,272.4538835293906,32.038332068352474
2026-02-24 01:00:00+00:00,305.87,2357.39,1899.77,0.28999442,746.75,265.41,28.71,512.7253015790342,1780.0076223242268,1871.9352586507205,109.593067434265,913.7391946981503,274.0725966822179,32.39618695686763,517.1155239445823,1834.6012150046938,1931.1120467195058,189.3907482052295,931.1273446873256,272.4538835293906,32.038332068352474,517.1155239445823,1834.6012150046938,1931.1120467195058,189.3907482052295,931.1273446873256,272.4538835293906,32.038332068352474
2026-02-24 02:00:00+00:00,416.9,2749.53,1895.09,0.8700115,798.53,264.35,28.71,528.1005927480858,1831.9643783139477,1884.2444086432033,117.08014844803489,914.2681297066949,274.0725966822179,32.456006535721166,517.1155239445823,1834.6012150046938,1931.1120467195058,189.3907482052295,931.1273446873256,272.4538835293906,32.038332068352474,517.1155239445823,1834.6012150046938,1931.1120467195058,189.3907482052295,931.1273446873256,272.4538835293906,32.038332068352474
2026-02-24 03:00:00+00:00,515.76,3053.17,1916.01,37.319992,864.91,254.3,28.71,545.0144698182178,1883.7851307600108,1897.069677075129,124.56722946180477,914.7609339253805,274.0725966822179,32.48834161350707,517.1155239445823,1834.6012150046938,1931.1120467195058,189.3907482052295,931.1273446873256,272.4538835293906,32.038332068352474,517.1155239445823,1834.6012150046938,1931.1120467195058,189.3907482052295,931.1273446873256,272.4538835293906,32.038332068352474
2026-02-24 04:00:00+00:00,676.01,3827.49,1946.97,54.25,935.52,249.71,28.71,561.4895342263416,1964.9329651820847,1912.6833498191104,132.05431047557465,914.9587075430812,274.0725966822179,32.502623570166726,517.1155239445823,1834.6012150046938,1931.1120467195058,189.3907482052295,931.1273446873256,272.4538835293906,32.038332068352474,517.1155239445823,1834.6012150046938,1931.1120467195058,189.3907482052295,931.1273446873256,272.4538835293906,32.038332068352474
2026-02-24 05:00:00+00:00,929.68,4715.9,2024.0,350.19,1052.98,256.63,28.71,587.3494438270468,2204.873284407055,1941.6529949804356,139.54139148934456,915.4105711030692,274.0725966822179,32.524719105979166,517.1155239445823,1834.6012150046938,1931.1120467195058,189.3907482052295,931.1273446873256,272.4538835293906,32.038332068352474,517.1155239445823,1834.6012150046938,1931.1120467195058,189.3907482052295,931.1273446873256,272.4538835293906,32.038332068352474
2026-02-24 06:00:00+00:00,1199.75,4813.84,2138.06,748.59,1186.18,265.49,28.71,604.5877615603566,2369.5001765322127,1964.162880687754,147.02847250311444,916.2545259202683,274.0725966822179,32.603941061908415,517.1155239445823,1834.6012150046938,1931.1120467195058,189.3907482052295,931.1273446873256,272.4538835293906,32.038332068352474,517.1155239445823,1834.6012150046938,1931.1120467195058,189.3907482052295,931.1273446873256,272.4538835293906,32.038332068352474
2026-02-24 07:00:00+00:00,1340.08,4826.61,2179.44,707.32,1290.77,270.28,28.71,608.6002724983981,2405.7416936694676,1974.8694272934297,154.51555351688432,916.5874151351629,274.0725966822179,32.57941957327413,517.1155239445823,1834.6012150046938,1931.1120467195058,189.3907482052295,931.1273446873256,272.4538835293906,32.038332068352474,517.1155239445823,1834.6012150046938,1931.1120467195058,189.3907482052295,931.1273446873256,272.4538835293906,32.038332068352474
2026-02-24 08:00:00+00:00,1417.26,4815.35,2142.72,666.05,1266.74,270.28,28.71,599.7112806475259,2368.2463588247983,1975.3260164275466,162.00263453065423,917.9901102277914,274.0725966822179,32.52175350336277,517.1155239445823,1834.6012150046938,1931.1120467195058,189.3907482052295,931.1273446873256,272.4538835293906,32.038332068352474,517.1155239445823,1834.6012150046938,1931.1120467195058,189.3907482052295,931.1273446873256,272.4538835293906,32.038332068352474
2026-02-24 09:00:00+00:00,1491.18,4777.74,2069.83,79.5,1274.24,270.28,28.71,592.0631928804885,2345.8950245172487,1976.6503429517998,169.48971554442412,919.4566220736282,274.0725966822179,32.452771101940655,517.1155239445823,1834.6012150046938,1931.1120467195058,189.3907482052295,931.1273446873256,272.4538835293906,32.038332068352474,517.1155239445823,1834.6012150046938,1931.1120467195058,189.3907482052295,931.1273446873256,272.4538835293906,32.038332068352474
2026-02-24 10:00:00+00:00,1476.28,4726.8193,2020.18,98.71,1218.41,276.21,28.71,581.2953975760713,2273.37116937636,1972.4124498846752,176.976796558194,921.0792007998828,274.0725966822179,32.400225452445355,517.1155239445823,1834.6012150046938,1931.1120467195058,189.3907482052295,931.1273446873256,272.4538835293906,32.038332068352474,517.1155239445823,1834.6012150046938,1931.1120467195058,189.3907482052295,931.1273446873256,272.4538835293906,32.038332068352474
2026-02-24 11:00:00+00:00,1305.39,4576.1,1962.14,0.24000663,1111.72,274.87,28.71,573.9109471208363,2267.646624804571,1974.6276305800636,184.46387757196388,922.6798659211724,274.0725966822179,32.36681102411479,517.1155239445823,1834.6012150046938,1931.1120467195058,189.3907482052295,931.1273446873256,272.4538835293906,32.038332068352474,517.1155239445823,1834.6012150046938,1931.1120467195058,189.3907482052295,931.1273446873256,272.4538835293906,32.038332068352474
2026-02-24 12:00:00+00:00,1163.81,4529.43,1955.69,4.2499857,1155.41,265.81,28.71,567.5406996183413,2276.8322831698124,1981.9743130905422,191.9509585857338,923.2678065665932,274.0725966822179,32.34309773127825,517.1155239445823,1834.6012150046938,1931.1120467195058,189.3907482052295,931.1273446873256,272.4538835293906,32.038332068352474,517.1155239445823,1834.6012150046938,1931.1120467195058,189.3907482052295,931.1273446873256,272.4538835293906,32.038332068352474
2026-02-24 13:00:00+00:00,1164.37,4594.08,1964.72,0.75999564,1079.4,274.87,28.71,566.3432678467908,2295.9054276593256,1990.544929785031,199.43803959950367,924.7827418276031,274.0725966822179,32.342558066142246,517.1155239445823,1834.6012150046938,1931.1120467195058,189.3907482052295,931.1273446873256,272.4538835293906,32.038332068352474,517.1155239445823,1834.6012150046938,1931.1120467195058,189.3907482052295,931.1273446873256,272.4538835293906,32.038332068352474
2026-02-24 14:00:00+00:00,1186.68,4607.57,1999.71,23.089998,1139.76,278.19,28.71,573.178658693815,2341.4432653603794,2000.6561881938421,206.92512061327355,925.8636830132476,274.0725966822179,32.3099531440424,517.1155239445823,1834.6012150046938,1931.1120467195058,189.3907482052295,931.1273446873256,272.4538835293906,32.038332068352474,517.1155239445823,1834.6012150046938,1931.1120467195058,189.3907482052295,931.1273446873256,272.4538835293906,32.038332068352474
2026-02-24 15:00:00+00:00,1180.52,4721.64,2124.93,645.52,1227.37,278.19,28.71,591.2300318306852,2396.9474988541615,2010.061850982759,214.41220162704346,927.123566633976,274.0725966822179,32.29594103669611,517.1155239445823,1834.6012150046938,1931.1120467195058,189.3907482052295,931.1273446873256,272.4538835293906,32.038332068352474,517.1155239445823,1834.6012150046938,1931.1120467195058,189.3907482052295,931.1273446873256,272.4538835293906,32.038332068352474
2026-02-24 16:00:00+00:00,1118.24,4799.93,2255.55,1068.86,1431.13,278.19,28.71,609.0135009267709,2484.5452796672507,2024.4827322620226,221.89928264081334,926.9482767558474,274.0725966822179,32.357648196135365,517.1155239445823,1834.6012150046938,1931.1120467195058,189.3907482052295,931.1273446873256,272.4538835293906,32.038332068352474,517.1155239445823,1834.6012150046938,1931.1120467195058,189.3907482052295,931.1273446873256,272.4538835293906,32.038332068352474
2026-02-24 17:00:00+00:00,1117.41,4799.93,2295.8,1048.02,1357.39,278.19,28.71,611.3992184718071,2516.9487100011956,2032.4755119037288,229.38636365458322,926.3522470417594,274.0725966822179,32.44657135625201,517.1155239445823,1834.6012150046938,1931.1120467195058,189.3907482052295,931.1273446873256,272.4538835293906,32.038332068352474,517.1155239445823,1834.6012150046938,1931.1120467195058,189.3907482052295,931.1273446873256,272.4538835293906,32.038332068352474
2026-02-24 18:00:00+00:00,1113.37,4785.5,2282.92,1004.8,1373.46,278.19,28.71,604.0832854001443,2494.891419028477,2034.1666818453534,236.87344466835313,926.8621545825802,274.0725966822179,32.45977652652537,517.1155239445823,1834.6012150046938,1931.1120467195058,189.3907482052295,931.1273446873256,272.4538835293906,32.038332068352474,517.1155239445823,1834.6012150046938,1931.1120467195058,189.3907482052295,931.1273446873256,272.4538835293906,32.038332068352474
2026-02-24 19:00:00+00:00,1113.01,4770.3794,2220.21,370.06,1186.97,278.19,28.71,590.6866980295068,2427.4017061055583,2030.183321029017,244.360525682123,927.3807206974084,274.0725966822179,32.46624352381007,517.1155239445823,1834.6012150046938,1931.1120467195058,189.3907482052295,931.1273446873256,272.4538835293906,32.038332068352474,517.1155239445823,1834.6012150046938,1931.1120467195058,189.3907482052295,931.1273446873256,272.4538835293906,32.038332068352474
2026-02-24 20:00:00+00:00,1071.83,4737.9497,2137.26,63.729996,1230.01,272.85,28.71,578.4462262588579,2339.536412501249,2024.3075264797628,251.8476066958929,927.9135036670417,274.0725966822179,32.50235116258553,517.1155239445823,1834.6012150046938,1931.1120467195058,189.3907482052295,931.1273446873256,272.4538835293906,32.038332068352474,517.1155239445823,1834.6012150046938,1931.1120467195058,189.3907482052295,931.1273446873256,272.4538835293906,32.038332068352474
2026-02-24 21:00:00+00:00,995.06,4707.1094,2077.08,0.3199932,1261.02,263.83,28.71,570.4163356544502,2242.1376936773604,2017.3580887998144,259.3346877096628,927.9874929869083,274.0725966822179,32.563250117392265,517.1155239445823,1834.6012150046938,1931.1120467195058,189.3907482052295,931.1273446873256,272.4538835293906,32.038332068352474,517.1155239445823,1834.6012150046938,1931.1120467195058,189.3907482052295,931.1273446873256,272.4538835293906,32.038332068352474
2026-02-24 22:00:00+00:00,929.04,4530.11,2014.24,0.3199932,1115.87,266.16,28.71,561.3870001340521,2172.5007936438997,2012.0658525327567,266.8217687234327,928.2842517420328,274.0725966822179,32.59046609615328,517.1155239445823,1834.6012150046938,1931.1120467195058,189.3907482052295,931.1273446873256,272.4538835293906,32.038332068352474,517.1155239445823,1834.6012150046938,1931.1120467195058,189.3907482052295,931.1273446873256,272.4538835293906,32.038332068352474
2026-02-24 23:00:00+00:00,696.93,4077.08,1943.68,0.3199932,1046.98,291.02,28.71,554.5087638138754,2099.9400707085897,2008.116032173982,274.30884973720254,928.7038328033393,274.0725966822179,32.67615374174204,517.1155239445823,1834.6012150046938,1931.1120467195058,189.3907482052295,931.1273446873256,272.4538835293906,32.038332068352474,517.1155239445823,1834.6012150046938,1931.1120467195058,189.3907482052295,931.1273446873256,272.4538835293906,32.038332068352474
2026-02-25 00:00:00+00:00,602.38,3949.8,1930.41,0.3099987,1042.27,290.02,28.71,543.3800965756242,1969.6394162961215,1889.5317018564099,102.10598642049511,913.427471258057,274.0725966822179,32.56810067911228,517.1155239445823,1834.6012150046938,1931.1120467195058,189.3907482052295,931.1273446873256,272.4538835293906,32.038332068352474,517.1155239445823,1834.6012150046938,1931.1120467195058,189.3907482052295,931.1273446873256,272.4538835293906,32.038332068352474
2026-02-25 01:00:00+00:00,602.51,3949.46,1923.7,0.20999259,1041.82,289.07,28.71,541.6476630752995,1956.8349137311075,1892.869212016818,109.593067434265,914.4132753567885,274.0725966822179,32.581842945911774,517.1155239445823,1834.6012150046938,1931.1120467195058,189.3907482052295,931.1273446873256,272.4538835293906,32.038332068352474,517.1155239445823,1834.6012150046938,1931.1120467195058,189.3907482052295,931.1273446873256,272.4538835293906,32.038332068352474
2026-02-25 02:00:00+00:00,602.94,3958.1,1921.5,0.2700054,1029.38,287.43,28.71,542.9441450601025,1966.9506195636363,1898.9158282131818,117.08014844803489,915.0231296071742,274.0725966822179,32.64112285743766,517.1155239445823,1834.6012150046938,1931.1120467195058,189.3907482052295,931.1273446873256,272.4538835293906,32.038332068352474,517.1155239445823,1834.6012150046938,1931.1120467195058,189.3907482052295,931.1273446873256,272.4538835293906,32.038332068352474
2026-02-25 03:00:00+00:00,629.27,3969.8,1936.69,1.2099926,1155.16,278.09,28.71,549.4413498548092,2005.5556629714943,1909.0317162589745,124.56722946180477,915.5958914955597,274.0725966822179,32.760492234045074,517.1155239445823,1834.6012150046938,1931.1120467195058,189.3907482052295,931.1273446873256,272.4538835293906,32.038332068352474,517.1155239445823,1834.6012150046938,1931.1120467195058,189.3907482052295,931.1273446873256,272.4538835293906,32.038332068352474
2026-02-25 04:00:00+00:00,780.27,3987.44,1970.6,71.19,1255.28,270.45,28.71,558.1199966031063,2079.8119907190794,1922.7412765951617,132.05431047557465,916.4027536990521,274.0725966822179,32.85830442077653,517.1155239445823,1834.6012150046938,1931.1120467195058,189.3907482052295,931.1273446873256,272.4538835293906,32.038332068352474,517.1155239445823,1834.6012150046938,1931.1120467195058,189.3907482052295,931.1273446873256,272.4538835293906,32.038332068352474
2026-02-25 05:00:00+00:00,928.02,4028.53,2066.06,379.67,1392.04,263.9,28.71,569.9245407755,2250.4951429951125,1948.7843358693087,139.54139148934456,916.5595865741528,274.0725966822179,32.966356264678865,517.1155239445823,1834.6012150046938,1931.1120467195058,189.3907482052295,931.1273446873256,272.4538835293906,32.038332068352474,517.1155239445823,1834.6012150046938,1931.1120467195058,189.3907482052295,931.1273446873256,272.4538835293906,32.038332068352474
2026-02-25 06:00:00+00:00,1000.5,4079.32,2181.71,697.25,1362.21,261.97,28.71,576.5475793219301,2349.8913739347404,1966.2303064165683,147.02847250311444,918.0526083141001,274.0725966822179,32.91084751638727,517.1155239445823,1834.6012150046938,1931.1120467195058,189.3907482052295,931.1273446873256,272.4538835293906,32.038332068352474,517.1155239445823,1834.6012150046938,1931.1120467195058,189.3907482052295,931.1273446873256,272.4538835293906,32.038332068352474
2026-02-25 07:00:00+00:00,959.79,4013.88,2230.17,284.28,1224.32,275.44,28.71,570.835313771756,2302.7975700195557,1965.142026301191,154.51555351688432,919.3924494786751,274.0725966822179,32.86288391883903,517.1155239445823,1834.6012150046938,1931.1120467195058,189.3907482052295,931.1273446873256,272.4538835293906,32.038332068352474,517.1155239445823,1834.6012150046938,1931.1120467195058,189.3907482052295,931.1273446873256,272.4538835293906,32.038332068352474
2026-02-25 08:00:00+00:00,868.74,3831.03,2204.0,95.92999,1140.83,282.58,28.71,557.4627213576124,2202.14086941566,1952.4383817526932,162.00263453065423,920.8303133750305,274.0725966822179,32.66806641985094,517.1155239445823,1834.6012150046938,1931.1120467195058,189.3907482052295,931.1273446873256,272.4538835293906,32.038332068352474,517.1155239445823,1834.6012150046938,1931.1120467195058,189.3907482052295,931.1273446873256,272.4538835293906,32.038332068352474
2026-02-25 09:00:00+00:00,746.71,3443.33,2139.88,36.449997,1158.71,277.83,28.71,545.4104315691972,2060.9982083269983,1938.9393628602782,169.48971554442412,922.6373928480778,274.0725966822179,32.399956888840826,517.1155239445823,1834.6012150046938,1931.1120467195058,189.3907482052295,931.1273446873256,272.4538835293906,32.038332068352474,517.1155239445823,1834.6012150046938,1931.1120467195058,189.3907482052295,931.1273446873256,272.4538835293906,32.038332068352474
2026-02-25 10:00:00+00:00,401.49,2975.48,2088.67,0.39000052,1173.49,284.98,28.71,532.3913233291438,1905.6210825952041,1921.7070872511993,176.976796558194,925.4275865569588,274.0725966822179,32.180619208843645,517.1155239445823,1834.6012150046938,1931.1120467195058,189.3907482052295,931.1273446873256,272.4538835293906,32.038332068352474,517.1155239445823,1834.6012150046938,1931.1120467195058,189.3907482052295,931.1273446873256,272.4538835293906,32.038332068352474
2026-02-25 11:00:00+00:00,330.46,2549.82,2027.62,0.45997733,1110.52,290.53,28.71,516.1251520007901,1767.2265509580493,1904.4115008464958,184.46387757196388,928.1455195259718,274.0725966822179,31.943227073795377,517.1155239445823,1834.6012150046938,1931.1120467195058,189.3907482052295,931.1273446873256,272.4538835293906,32.038332068352474,517.1155239445823,1834.6012150046938,1931.1120467195058,189.3907482052295,931.1273446873256,272.4538835293906,32.038332068352474
2026-02-25 12:00:00+00:00,334.55,2410.29,2008.43,1.0799878,1119.92,292.2,28.71,505.1186911668897,1684.7350719520075,1897.2049985581427,191.9509585857338,929.7423362206052,274.0725966822179,31.880173232597972,517.1155239445823,1834.6012150046938,1931.1120467195058,189.3907482052295,931.1273446873256,272.4538835293906,32.038332068352474,517.1155239445823,1834.6012150046938,1931.1120467195058,189.3907482052295,931.1273446873256,272.4538835293906,32.038332068352474
2026-02-25 13:00:00+00:00,335.14,2523.47,2007.5,0.19000357,1100.43,292.55,28.71,502.63292828987073,1700.8911224902838,1904.4955791820828,199.43803959950367,931.9595719875184,274.0725966822179,31.750831608520663,517.1155239445823,1834.6012150046938,1931.1120467195058,189.3907482052295,931.1273446873256,272.4538835293906,32.038332068352474,517.1155239445823,1834.6012150046938,1931.1120467195058,189.3907482052295,931.1273446873256,272.4538835293906,32.038332068352474
2026-02-25 14:00:00+00:00,334.97,3130.51,2033.55,0.7099926,1084.77,281.08,28.71,515.0208963092438,1840.6058631133203,1929.1466238174712,206.92512061327355,933.2546236176623,274.0725966822179,31.70421460160704,517.1155239445823,1834.6012150046938,1931.1120467195058,189.3907482052295,931.1273446873256,272.4538835293906,32.038332068352474,517.1155239445823,1834.6012150046938,1931.1120467195058,189.3907482052295,931.1273446873256,272.4538835293906,32.038332068352474
2026-02-25 15:00:00+00:00,361.22,3683.56,2139.23,168.98,1150.73,276.69,28.71,541.4287566060706,2073.866845137669,1965.9680992991684,214.41220162704346,933.297292925633,274.0725966822179,31.724154074592743,517.1155239445823,1834.6012150046938,1931.1120467195058,189.3907482052295,931.1273446873256,272.4538835293906,32.038332068352474,517.1155239445823,1834.6012150046938,1931.1120467195058,189.3907482052295,931.1273446873256,272.4538835293906,32.038332068352474
2026-02-25 16:00:00+00:00,434.67,3990.96,2239.87,832.65,1301.81,283.3,28.71,563.0539135932203,2275.69601069468,2002.6742750070418,221.89928264081334,932.102758199845,274.0725966822179,31.87882282024525,517.1155239445823,1834.6012150046938,1931.1120467195058,189.3907482052295,931.1273446873256,272.4538835293906,32.038332068352474,517.1155239445823,1834.6012150046938,1931.1120467195058,189.3907482052295,931.1273446873256,272.4538835293906,32.038332068352474
2026-02-25 17:00:00+00:00,313.5,4139.66,2300.39,619.37,1279.57,282.5,28.71,556.3232640125177,2291.6713754784446,2014.4986304443084,229.38636365458322,930.4513536215396,274.0725966822179,32.14370075395239,517.1155239445823,1834.6012150046938,1931.1120467195058,189.3907482052295,931.1273446873256,272.4538835293906,32.038332068352474,517.1155239445823,1834.6012150046938,1931.1120467195058,189.3907482052295,931.1273446873256,272.4538835293906,32.038332068352474
2026-02-25 18:00:00+00:00,254.25002,4093.01,2302.85,297.81,1087.83,279.59,28.71,540.7402854339556,2257.3655281966567,2016.6310489622495,236.87344466835313,930.7652156778238,274.0725966822179,32.235585671201754,517.1155239445823,1834.6012150046938,1931.1120467195058,189.3907482052295,931.1273446873256,272.4538835293906,32.038332068352474,517.1155239445823,1834.6012150046938,1931.1120467195058,189.3907482052295,931.1273446873256,272.4538835293906,32.038332068352474
2026-02-25 19:00:00+00:00,192.17,3741.33,2234.49,0.30000418,1016.94,272.57,28.71,520.9728821603678,2184.8724721302733,2013.1904325884025,244.360525682123,931.1190563365363,274.0725966822179,32.35845901163501,517.1155239445823,1834.6012150046938,1931.1120467195058,189.3907482052295,931.1273446873256,272.4538835293906,32.038332068352474,517.1155239445823,1834.6012150046938,1931.1120467195058,189.3907482052295,931.1273446873256,272.4538835293906,32.038332068352474
2026-02-25 20:00:00+00:00,188.3,3106.66,2137.94,0.33000296,991.94,273.84,28.71,509.4162527286415,2111.7300801785073,2010.550901076037,251.8476066958929,931.3158678229662,274.0725966822179,32.55839690412338,517.1155239445823,1834.6012150046938,1931.1120467195058,189.3907482052295,931.1273446873256,272.4538835293906,32.038332068352474,517.1155239445823,1834.6012150046938,1931.1120467195058,189.3907482052295,931.1273446873256,272.4538835293906,32.038332068352474
2026-02-25 21:00:00+00:00,189.55,2615.0,2066.91,0.33000296,984.17,276.49,28.71,503.77406698773245,2017.2598035370127,2005.3018787293533,259.3346877096628,931.6497193386265,274.0725966822179,32.65001325489195,517.1155239445823,1834.6012150046938,1931.1120467195058,189.3907482052295,931.1273446873256,272.4538835293906,32.038332068352474,517.1155239445823,1834.6012150046938,1931.1120467195058,189.3907482052295,931.1273446873256,272.4538835293906,32.038332068352474
2026-02-25 22:00:00+00:00,191.95,2318.35,2009.64,0.33000296,995.19,279.06,28.71,495.03103899622874,1952.8916780515976,2001.1435320665173,266.8217687234327,931.9645431138805,274.0725966822179,32.68666054722909,517.1155239445823,1834.6012150046938,1931.1120467195058,189.3907482052295,931.1273446873256,272.4538835293906,32.038332068352474,517.1155239445823,1834.6012150046938,1931.1120467195058,189.3907482052295,931.1273446873256,272.4538835293906,32.038332068352474
2026-02-25 23:00:00+00:00,148.00002,1590.32,1946.81,0.30000418,980.1,287.09,28.71,481.443530276008,1894.844093509583,1998.404784708607,274.30884973720254,932.3193458078866,274.0725966822179,32.74163085068759,517.1155239445823,1834.6012150046938,1931.1120467195058,189.3907482052295,931.1273446873256,272.4538835293906,32.038332068352474,517.1155239445823,1834.6012150046938,1931.1120467195058,189.3907482052295,931.1273446873256,272.4538835293906,32.038332068352474
2026-02-26 00:00:00+00:00,148.25002,1302.75,1938.01,0.2700054,1005.41,286.1,28.71,466.14426234946217,1748.0214588865463,1879.7107738615098,102.10598642049511,917.4131618364684,274.0725966822179,32.69393704423785,517.1155239445823,1834.6012150046938,1931.1120467195058,189.3907482052295,931.1273446873256,272.4538835293906,32.038332068352474,517.1155239445823,1834.6012150046938,1931.1120467195058,189.3907482052295,931.1273446873256,272.4538835293906,32.038332068352474
2026-02-26 01:00:00+00:00,149.00002,1299.14,1930.3,0.20999259,987.68,286.1,28.71,462.6979340384576,1720.0734632163153,1882.3235091353833,109.593067434265,918.0800979137501,274.0725966822179,32.706332737935824,517.1155239445823,1834.6012150046938,1931.1120467195058,189.3907482052295,931.1273446873256,272.4538835293906,32.038332068352474,517.1155239445823,1834.6012150046938,1931.1120467195058,189.3907482052295,931.1273446873256,272.4538835293906,32.038332068352474
2026-02-26 02:00:00+00:00,154.50002,1359.07,1928.85,0.050004188,979.61,285.43,28.71,464.7319681211139,1725.9326183375756,1888.0365601085846,117.08014844803489,918.5319613898359,274.0725966822179,32.71953661373381,517.1155239445823,1834.6012150046938,1931.1120467195058,189.3907482052295,931.1273446873256,272.4538835293906,32.038332068352474,517.1155239445823,1834.6012150046938,1931.1120467195058,189.3907482052295,931.1273446873256,272.4538835293906,32.038332068352474
2026-02-26 03:00:00+00:00,160.75002,1762.87,1943.16,0.029984655,984.1,274.55,28.71,468.97901263507475,1776.5539526776438,1897.4310317465558,124.56722946180477,918.8667744986126,274.0725966822179,32.72896794607532,517.1155239445823,1834.6012150046938,1931.1120467195058,189.3907482052295,931.1273446873256,272.4538835293906,32.038332068352474,517.1155239445823,1834.6012150046938,1931.1120467195058,189.3907482052295,931.1273446873256,272.4538835293906,32.038332068352474
2026-02-26 04:00:00+00:00,152.00002,2316.5,1978.07,0.1600048,963.03,265.85,28.71,487.8064254925898,1855.758872361335,1912.1519316857632,132.05431047557465,919.2796214671096,274.0725966822179,32.725195420151955,517.1155239445823,1834.6012150046938,1931.1120467195058,189.3907482052295,931.1273446873256,272.4538835293906,32.038332068352474,517.1155239445823,1834.6012150046938,1931.1120467195058,189.3907482052295,931.1273446873256,272.4538835293906,32.038332068352474
2026-02-26 05:00:00+00:00,155.40001,2878.24,2091.0,33.75,942.96,260.35,28.71,503.9762127706945,1994.4265849611734,1936.5436613583292,139.54139148934456,919.7524363887035,274.0725966822179,32.77369739116861,517.1155239445823,1834.6012150046938,1931.1120467195058,189.3907482052295,931.1273446873256,272.4538835293906,32.038332068352474,517.1155239445823,1834.6012150046938,1931.1120467195058,189.3907482052295,931.1273446873256,272.4538835293906,32.038332068352474
2026-02-26 06:00:00+00:00,165.25002,3080.02,2193.33,349.57,950.42,260.27,28.71,510.58212948547964,2102.772886517905,1953.642593093258,147.02847250311444,920.9314001438441,274.0725966822179,32.836479992454336,517.1155239445823,1834.6012150046938,1931.1120467195058,189.3907482052295,931.1273446873256,272.4538835293906,32.038332068352474,517.1155239445823,1834.6012150046938,1931.1120467195058,189.3907482052295,931.1273446873256,272.4538835293906,32.038332068352474
2026-02-26 07:00:00+00:00,166.50002,2689.52,2230.76,242.51,949.94,262.57,28.71,507.5310908416132,2097.9521740920823,1951.0438428184505,154.51555351688432,921.8362852469214,274.0725966822179,32.861000227295,517.1155239445823,1834.6012150046938,1931.1120467195058,189.3907482052295,931.1273446873256,272.4538835293906,32.038332068352474,517.1155239445823,1834.6012150046938,1931.1120467195058,189.3907482052295,931.1273446873256,272.4538835293906,32.038332068352474
2026-02-26 08:00:00+00:00,148.50002,2668.83,2189.28,124.1,932.34,266.24,28.71,498.0154808976048,2010.473872369581,1933.9102177769053,162.00263453065423,923.7832905999925,274.0725966822179,32.664296456578676,517.1155239445823,1834.6012150046938,1931.1120467195058,189.3907482052295,931.1273446873256,272.4538835293906,32.038332068352474,517.1155239445823,1834.6012150046938,1931.1120467195058,189.3907482052295,931.1273446873256,272.4538835293906,32.038332068352474
2026-02-26 09:00:00+00:00,155.35002,2388.91,2126.23,0.5500042,1016.93,270.64,28.71,493.63313317708224,1876.9287593586837,1913.2469609476707,169.48971554442412,926.0034126889592,274.0725966822179,32.33825359967788,517.1155239445823,1834.6012150046938,1931.1120467195058,189.3907482052295,931.1273446873256,272.4538835293906,32.038332068352474,517.1155239445823,1834.6012150046938,1931.1120467195058,189.3907482052295,931.1273446873256,272.4538835293906,32.038332068352474
2026-02-26 10:00:00+00:00,151.65001,1899.36,2079.14,1.134917e-06,1041.96,280.64,28.71,487.65904550268226,1746.719912706476,1895.612809010794,176.976796558194,927.8162648609673,274.0725966822179,31.997928839948997,517.1155239445823,1834.6012150046938,1931.1120467195058,189.3907482052295,931.1273446873256,272.4538835293906,32.038332068352474,517.1155239445823,1834.6012150046938,1931.1120467195058,189.3907482052295,931.1273446873256,272.4538835293906,32.038332068352474
2026-02-26 11:00:00+00:00,143.8,1336.22,2009.65,1.134917e-06,989.08,286.06,28.71,481.2654260728567,1661.7857516066308,1883.5731715924567,184.46387757196388,929.8061347673081,274.0725966822179,31.701523933198413,517.1155239445823,1834.6012150046938,1931.1120467195058,189.3907482052295,931.1273446873256,272.4538835293906,32.038332068352474,517.1155239445823,1834.6012150046938,1931.1120467195058,189.3907482052295,931.1273446873256,272.4538835293906,32.038332068352474
2026-02-26 12:00:00+00:00,127.750015,1159.05,1996.88,1.134917e-06,995.97,286.06,28.71,472.69625006202574,1619.6295623052565,1882.4046639952082,191.9509585857338,932.1871338628957,274.0725966822179,31.64224402797348,517.1155239445823,1834.6012150046938,1931.1120467195058,189.3907482052295,931.1273446873256,272.4538835293906,32.038332068352474,517.1155239445823,1834.6012150046938,1931.1120467195058,189.3907482052295,931.1273446873256,272.4538835293906,32.038332068352474
2026-02-26 13:00:00+00:00,131.25002,1125.16,2001.09,1.134917e-06,1016.53,286.06,28.71,467.7221814391718,1651.9319746550038,1896.3023635724687,199.43803959950367,934.0551430400255,274.0725966822179,31.510747581679112,517.1155239445823,1834.6012150046938,1931.1120467195058,189.3907482052295,931.1273446873256,272.4538835293906,32.038332068352474,517.1155239445823,1834.6012150046938,1931.1120467195058,189.3907482052295,931.1273446873256,272.4538835293906,32.038332068352474
2026-02-26 14:00:00+00:00,138.00002,1162.5,2032.89,0.029984655,989.85,286.06,28.71,472.4894879550012,1746.0435144190665,1918.873314237346,206.92512061327355,934.9039083917611,274.0725966822179,31.44634726788641,517.1155239445823,1834.6012150046938,1931.1120467195058,189.3907482052295,931.1273446873256,272.4538835293906,32.038332068352474,517.1155239445823,1834.6012150046938,1931.1120467195058,189.3907482052295,931.1273446873256,272.4538835293906,32.038332068352474
2026-02-26 15:00:00+00:00,160.00002,1389.35,2155.93,325.54,1019.31,286.06,28.71,501.0030440918278,1965.9657029773475,1957.4214014628628,214.41220162704346,935.043638028629,274.0725966822179,31.459551119576386,517.1155239445823,1834.6012150046938,1931.1120467195058,189.3907482052295,931.1273446873256,272.4538835293906,32.038332068352474,517.1155239445823,1834.6012150046938,1931.1120467195058,189.3907482052295,931.1273446873256,272.4538835293906,32.038332068352474
2026-02-26 16:00:00+00:00,160.00002,1719.53,2270.33,1023.89,1033.87,284.52,28.71,523.7093176801237,2171.772596494861,1995.1511760532594,221.89928264081334,934.5762038070897,274.0725966822179,31.649787841847733,517.1155239445823,1834.6012150046938,1931.1120467195058,189.3907482052295,931.1273446873256,272.4538835293906,32.038332068352474,517.1155239445823,1834.6012150046938,1931.1120467195058,189.3907482052295,931.1273446873256,272.4538835293906,32.038332068352474
2026-02-26 17:00:00+00:00,160.00002,1735.75,2311.07,1074.54,941.72,283.29,28.71,529.2565290114505,2177.6152996136175,2006.4772235683704,229.38636365458322,933.884075845179,274.0725966822179,31.915742551462646,517.1155239445823,1834.6012150046938,1931.1120467195058,189.3907482052295,931.1273446873256,272.4538835293906,32.038332068352474,517.1155239445823,1834.6012150046938,1931.1120467195058,189.3907482052295,931.1273446873256,272.4538835293906,32.038332068352474
2026-02-26 18:00:00+00:00,160.00002,1716.47,2303.06,350.41,913.76,283.77,28.71,517.4778472168458,2086.5383410913114,2005.7586976390853,236.87344466835313,933.7401063832773,274.0725966822179,32.04750754117909,517.1155239445823,1834.6012150046938,1931.1120467195058,189.3907482052295,931.1273446873256,272.4538835293906,32.038332068352474,517.1155239445823,1834.6012150046938,1931.1120467195058,189.3907482052295,931.1273446873256,272.4538835293906,32.038332068352474
2026-02-26 19:00:00+00:00,145.00002,1685.87,2237.72,86.35,894.38,284.6,28.71,501.48274837422906,1973.0116408934007,2000.9388844187795,244.360525682123,933.8846463036649,274.0725966822179,32.14074028290504,517.1155239445823,1834.6012150046938,1931.1120467195058,189.3907482052295,931.1273446873256,272.4538835293906,32.038332068352474,517.1155239445823,1834.6012150046938,1931.1120467195058,189.3907482052295,931.1273446873256,272.4538835293906,32.038332068352474
2026-02-26 20:00:00+00:00,146.00002,1633.72,2148.83,3.5500042,854.19,286.1,28.71,489.71634733637194,1888.1877019027963,1997.1341770867555,251.8476066958929,933.8531297900759,274.0725966822179,32.24475104477862,517.1155239445823,1834.6012150046938,1931.1120467195058,189.3907482052295,931.1273446873256,272.4538835293906,32.038332068352474,517.1155239445823,1834.6012150046938,1931.1120467195058,189.3907482052295,931.1273446873256,272.4538835293906,32.038332068352474
2026-02-26 21:00:00+00:00,146.00002,1622.29,2072.83,1.5399945,855.86,286.1,28.71,481.5486403169926,1854.6058488064646,1994.4038789520082,259.3346877096628,934.5048874967831,274.0725966822179,32.28516955291422,517.1155239445823,1834.6012150046938,1931.1120467195058,189.3907482052295,931.1273446873256,272.4538835293906,32.038332068352474,517.1155239445823,1834.6012150046938,1931.1120467195058,189.3907482052295,931.1273446873256,272.4538835293906,32.038332068352474
2026-02-26 22:00:00+00:00,146.00002,1213.27,2007.93,0.3099987,866.78,286.1,28.71,467.39341221631395,1805.054292374018,1990.5321688476622,266.8217687234327,935.8931513709523,274.0725966822179,32.325318261184776,517.1155239445823,1834.6012150046938,1931.1120467195058,189.3907482052295,931.1273446873256,272.4538835293906,32.038332068352474,517.1155239445823,1834.6012150046938,1931.1120467195058,189.3907482052295,931.1273446873256,272.4538835293906,32.038332068352474
2026-02-26 23:00:00+00:00,121.000015,1326.75,1936.57,0.3099987,885.57,301.97,28.71,463.15283782237816,1787.3509722620995,1990.000405489538,274.30884973720254,936.1431968418327,274.0725966822179,32.39753223487763,517.1155239445823,1834.6012150046938,1931.1120467195058,189.3907482052295,931.1273446873256,272.4538835293906,32.038332068352474,517.1155239445823,1834.6012150046938,1931.1120467195058,189.3907482052295,931.1273446873256,272.4538835293906,32.038332068352474
2026-02-27 00:00:00+00:00,121.000015,1326.62,1921.27,0.25000113,899.08,296.11,28.71,452.36680214637585,1630.927846490903,1871.0395008909604,102.10598642049511,920.5079889017927,274.0725966822179,32.472710543627294,517.1155239445823,1834.6012150046938,1931.1120467195058,189.3907482052295,931.1273446873256,272.4538835293906,32.038332068352474,517.1155239445823,1834.6012150046938,1931.1120467195058,189.3907482052295,931.1273446873256,272.4538835293906,32.038332068352474
2026-02-27 01:00:00+00:00,120.500015,1401.91,1912.12,0.20999259,885.64,295.52,28.71,451.1633006138813,1590.7968594864083,1874.1564385003576,109.593067434265,920.6067772396458,274.0725966822179,32.57294866064808,517.1155239445823,1834.6012150046938,1931.1120467195058,189.3907482052295,931.1273446873256,272.4538835293906,32.038332068352474,517.1155239445823,1834.6012150046938,1931.1120467195058,189.3907482052295,931.1273446873256,272.4538835293906,32.038332068352474
2026-02-27 02:00:00+00:00,120.250015,1664.49,1911.91,0.24000663,863.14,296.98,28.71,450.831162089175,1605.83364028195,1881.0231545908355,117.08014844803489,920.5885165557411,274.0725966822179,32.637349023889094,517.1155239445823,1834.6012150046938,1931.1120467195058,189.3907482052295,931.1273446873256,272.4538835293906,32.038332068352474,517.1155239445823,1834.6012150046938,1931.1120467195058,189.3907482052295,931.1273446873256,272.4538835293906,32.038332068352474
2026-02-27 03:00:00+00:00,126.000015,1751.94,1934.81,0.25000113,862.9,286.42,28.71,452.33713929632654,1671.7171971046332,1891.9233725900467,124.56722946180477,920.827231078326,274.0725966822179,32.68531266650237,517.1155239445823,1834.6012150046938,1931.1120467195058,189.3907482052295,931.1273446873256,272.4538835293906,32.038332068352474,517.1155239445823,1834.6012150046938,1931.1120467195058,189.3907482052295,931.1273446873256,272.4538835293906,32.038332068352474
2026-02-27 04:00:00+00:00,141.00002,2058.01,1990.23,0.3099987,858.52,287.13,28.71,461.64097728414913,1759.161098888157,1907.1024914621053,132.05431047557465,921.163968464065,274.0725966822179,32.73974328886726,517.1155239445823,1834.6012150046938,1931.1120467195058,189.3907482052295,931.1273446873256,272.4538835293906,32.038332068352474,517.1155239445823,1834.6012150046938,1931.1120467195058,189.3907482052295,931.1273446873256,272.4538835293906,32.038332068352474
2026-02-27 05:00:00+00:00,148.00002,2188.82,2121.6,160.75,826.41,280.92,28.71,474.9878504642398,1910.1043031108632,1932.1459780091345,139.54139148934456,921.8138016332028,274.0725966822179,32.79120957617533,517.1155239445823,1834.6012150046938,1931.1120467195058,189.3907482052295,931.1273446873256,272.4538835293906,32.038332068352474,517.1155239445823,1834.6012150046938,1931.1120467195058,189.3907482052295,931.1273446873256,272.4538835293906,32.038332068352474
2026-02-27 06:00:00+00:00,152.65001,2201.71,2226.98,447.54,845.39,280.45,28.71,487.97149563826747,2008.3731464811262,1945.6506656264175,147.02847250311444,923.2658821759879,274.0725966822179,32.86261536400105,517.1155239445823,1834.6012150046938,1931.1120467195058,189.3907482052295,931.1273446873256,272.4538835293906,32.038332068352474,517.1155239445823,1834.6012150046938,1931.1120467195058,189.3907482052295,931.1273446873256,272.4538835293906,32.038332068352474
2026-02-27 07:00:00+00:00,146.50002,2093.05,2251.56,175.93,867.28,282.78,28.71,471.98772869223325,1970.5208813144602,1934.8373035936734,154.51555351688432,923.9537701127691,274.0725966822179,32.779083772472475,517.1155239445823,1834.6012150046938,1931.1120467195058,189.3907482052295,931.1273446873256,272.4538835293906,32.038332068352474,517.1155239445823,1834.6012150046938,1931.1120467195058,189.3907482052295,931.1273446873256,272.4538835293906,32.038332068352474
2026-02-27 08:00:00+00:00,133.25002,1440.01,2194.05,0.08000296,850.27,287.25,28.71,450.9231869559618,1804.0997254608076,1912.1696257327449,162.00263453065423,925.4715917834262,274.0725966822179,32.46866817777327,517.1155239445823,1834.6012150046938,1931.1120467195058,189.3907482052295,931.1273446873256,272.4538835293906,32.038332068352474,517.1155239445823,1834.6012150046938,1931.1120467195058,189.3907482052295,931.1273446873256,272.4538835293906,32.038332068352474
2026-02-27 09:00:00+00:00,129.10002,1105.38,2102.15,1.134917e-06,858.08,280.84,28.71,437.39764675297425,1675.1315805643799,1892.7037861301928,169.48971554442412,927.7935846327426,274.0725966822179,32.05855272278391,517.1155239445823,1834.6012150046938,1931.1120467195058,189.3907482052295,931.1273446873256,272.4538835293906,32.038332068352474,517.1155239445823,1834.6012150046938,1931.1120467195058,189.3907482052295,931.1273446873256,272.4538835293906,32.038332068352474
2026-02-27 10:00:00+00:00,134.60002,1131.1702,2041.91,1.134917e-06,859.58,289.27,28.71,430.8837258230574,1565.121655720699,1877.7676790433995,176.976796558194,929.8005577429553,274.0725966822179,31.744633103475802,517.1155239445823,1834.6012150046938,1931.1120467195058,189.3907482052295,931.1273446873256,272.4538835293906,32.038332068352474,517.1155239445823,1834.6012150046938,1931.1120467195058,189.3907482052295,931.1273446873256,272.4538835293906,32.038332068352474
2026-02-27 11:00:00+00:00,138.35002,1123.3201,1987.67,1.134917e-06,854.94,295.01,28.71,438.2634095042511,1494.7665405504415,1870.9789164733918,184.46387757196388,931.7133569496496,274.0725966822179,31.51289851228552,517.1155239445823,1834.6012150046938,1931.1120467195058,189.3907482052295,931.1273446873256,272.4538835293906,32.038332068352474,517.1155239445823,1834.6012150046938,1931.1120467195058,189.3907482052295,931.1273446873256,272.4538835293906,32.038332068352474
2026-02-27 12:00:00+00:00,122.500015,1107.95,1962.99,1.134917e-06,860.36,296.23,28.71,445.2482556743374,1475.49544628174,1874.2011571392193,191.9509585857338,932.755280878105,274.0725966822179,31.351492831788445,517.1155239445823,1834.6012150046938,1931.1120467195058,189.3907482052295,931.1273446873256,272.4538835293906,32.038332068352474,517.1155239445823,1834.6012150046938,1931.1120467195058,189.3907482052295,931.1273446873256,272.4538835293906,32.038332068352474
2026-02-27 13:00:00+00:00,121.000015,1068.08,1980.03,1.134917e-06,847.5,296.03,28.71,445.48161789740664,1478.8816560370808,1882.8739282503334,199.43803959950367,933.7059175828878,274.0725966822179,31.244517850020355,517.1155239445823,1834.6012150046938,1931.1120467195058,189.3907482052295,931.1273446873256,272.4538835293906,32.038332068352474,517.1155239445823,1834.6012150046938,1931.1120467195058,189.3907482052295,931.1273446873256,272.4538835293906,32.038332068352474
2026-02-27 14:00:00+00:00,121.000015,1316.87,2023.08,0.22000235,837.77,296.27,28.71,461.30037727618435,1572.2270916693146,1906.042978290147,206.92512061327355,935.1999005648871,274.0725966822179,31.197632190604434,517.1155239445823,1834.6012150046938,1931.1120467195058,189.3907482052295,931.1273446873256,272.4538835293906,32.038332068352474,517.1155239445823,1834.6012150046938,1931.1120467195058,189.3907482052295,931.1273446873256,272.4538835293906,32.038332068352474
2026-02-27 15:00:00+00:00,132.75002,2153.97,2146.06,468.44,867.89,294.69,28.71,503.2397912784959,1841.7068409285846,1946.0870618759382,214.41220162704346,935.7507495923879,274.0725966822179,31.234548101609978,517.1155239445823,1834.6012150046938,1931.1120467195058,189.3907482052295,931.1273446873256,272.4538835293906,32.038332068352474,517.1155239445823,1834.6012150046938,1931.1120467195058,189.3907482052295,931.1273446873256,272.4538835293906,32.038332068352474
2026-02-27 16:00:00+00:00,173.75002,2759.06,2271.05,921.99,916.68,301.1,28.71,543.3033326700581,2111.118601466131,1986.4481136781342,221.89928264081334,935.3204077383685,274.0725966822179,31.462778753013936,517.1155239445823,1834.6012150046938,1931.1120467195058,189.3907482052295,931.1273446873256,272.4538835293906,32.038332068352474,517.1155239445823,1834.6012150046938,1931.1120467195058,189.3907482052295,931.1273446873256,272.4538835293906,32.038332068352474
2026-02-27 17:00:00+00:00,181.50002,2603.93,2315.11,988.87,835.83,301.1,28.71,546.1395230270654,2163.154910123797,1998.0172171418535,229.38636365458322,933.4187611376209,274.0725966822179,31.843791954706266,517.1155239445823,1834.6012150046938,1931.1120467195058,189.3907482052295,931.1273446873256,272.4538835293906,32.038332068352474,517.1155239445823,1834.6012150046938,1931.1120467195058,189.3907482052295,931.1273446873256,272.4538835293906,32.038332068352474
2026-02-27 18:00:00+00:00,174.75002,2784.61,2286.34,960.8,845.58,301.1,28.71,543.4844841652948,2107.687190353917,1997.4211706962371,236.87344466835313,933.7639433491797,274.0725966822179,31.893911711161287,517.1155239445823,1834.6012150046938,1931.1120467195058,189.3907482052295,931.1273446873256,272.4538835293906,32.038332068352474,517.1155239445823,1834.6012150046938,1931.1120467195058,189.3907482052295,931.1273446873256,272.4538835293906,32.038332068352474
2026-02-27 19:00:00+00:00,167.50002,2476.59,2199.08,892.8599,808.59,301.1,28.71,536.0690403650324,2077.8409857716574,1994.337825132328,244.360525682123,933.8075746515626,274.0725966822179,31.984989645103987,517.1155239445823,1834.6012150046938,1931.1120467195058,189.3907482052295,931.1273446873256,272.4538835293906,32.038332068352474,517.1155239445823,1834.6012150046938,1931.1120467195058,189.3907482052295,931.1273446873256,272.4538835293906,32.038332068352474
2026-02-27 20:00:00+00:00,147.50002,2387.25,2116.54,655.9,817.54,301.1,28.71,528.6414576620963,2001.3929286959763,1989.7994184554877,251.8476066958929,934.0747237634893,274.0725966822179,32.060169193397236,517.1155239445823,1834.6012150046938,1931.1120467195058,189.3907482052295,931.1273446873256,272.4538835293906,32.038332068352474,517.1155239445823,1834.6012150046938,1931.1120467195058,189.3907482052295,931.1273446873256,272.4538835293906,32.038332068352474
2026-02-27 21:00:00+00:00,143.00002,2035.28,2050.04,568.71,821.79,294.93,28.71,523.9920333726199,1917.216522767166,1985.9538184914406,259.3346877096628,934.0393593766465,274.0725966822179,32.160677157317465,517.1155239445823,1834.6012150046938,1931.1120467195058,189.3907482052295,931.1273446873256,272.4538835293906,32.038332068352474,517.1155239445823,1834.6012150046938,1931.1120467195058,189.3907482052295,931.1273446873256,272.4538835293906,32.038332068352474
2026-02-27 22:00:00+00:00,140.50002,1969.68,1995.74,325.04,791.73,298.09,28.71,518.3052785100161,1872.2362528705332,1984.997187547255,266.8217687234327,934.4151132195019,274.0725966822179,32.27762190961702,517.1155239445823,1834.6012150046938,1931.1120467195058,189.3907482052295,931.1273446873256,272.4538835293906,32.038332068352474,517.1155239445823,1834.6012150046938,1931.1120467195058,189.3907482052295,931.1273446873256,272.4538835293906,32.038332068352474
2026-02-27 23:00:00+00:00,166.8,1761.14,1940.25,310.07,798.43,308.5,28.71,511.026126369727,1770.7205564071317,1981.9610546069298,274.30884973720254,934.9469341204464,274.0725966822179,32.43794950048587,517.1155239445823,1834.6012150046938,1931.1120467195058,189.3907482052295,931.1273446873256,272.4538835293906,32.038332068352474,517.1155239445823,1834.6012150046938,1931.1120467195058,189.3907482052295,931.1273446873256,272.4538835293906,32.038332068352474
