date,hard_coal_50hz_actual,lignite_50hz_actual,gas_50hz_actual,biomass_50hz_actual,pumped_storage_50hz_actual,hydro_50hz_actual,other_conv_50hz_actual,hard_coal_50hz_fitted,lignite_50hz_fitted,gas_50hz_fitted,biomass_50hz_fitted,pumped_storage_50hz_fitted,hydro_50hz_fitted,other_conv_50hz_fitted,hard_coal_50hz_lower,lignite_50hz_lower,gas_50hz_lower,biomass_50hz_lower,pumped_storage_50hz_lower,hydro_50hz_lower,other_conv_50hz_lower,hard_coal_50hz_upper,lignite_50hz_upper,gas_50hz_upper,biomass_50hz_upper,pumped_storage_50hz_upper,hydro_50hz_upper,other_conv_50hz_upper
2026-01-24 00:00:00+00:00,1133.54,4713.77,3863.35,1029.76,-5.431801e-06,120.56,1027.88,547.2522482577214,4283.038325456099,2123.687108205285,988.4874465868663,233.52905840875775,116.76559475642132,713.5722255980027,485.40961665471394,4427.640215661185,1769.5389932032995,988.6486797514416,408.8096869510114,116.93271488280523,711.2412697147188,485.40961665471394,4427.640215661185,1769.5389932032995,988.6486797514416,408.8096869510114,116.93271488280523,711.2412697147188
2026-01-24 01:00:00+00:00,1132.55,4451.55,3808.48,1040.11,-5.431801e-06,121.77,1021.79,546.4850758769197,4271.70825286856,2121.4684594525397,988.4874465868663,249.3586861024425,116.76559475642132,713.5322417909773,485.40961665471394,4427.640215661185,1769.5389932032995,988.6486797514416,408.8096869510114,116.93271488280523,711.2412697147188,485.40961665471394,4427.640215661185,1769.5389932032995,988.6486797514416,408.8096869510114,116.93271488280523,711.2412697147188
2026-01-24 02:00:00+00:00,1132.96,4431.28,3802.45,1038.58,-5.431801e-06,121.58,1029.4,546.3881559612537,4310.251569170166,2121.908396770759,988.4874465868663,265.18831379612726,116.76559475642132,713.4963677300905,485.40961665471394,4427.640215661185,1769.5389932032995,988.6486797514416,408.8096869510114,116.93271488280523,711.2412697147188,485.40961665471394,4427.640215661185,1769.5389932032995,988.6486797514416,408.8096869510114,116.93271488280523,711.2412697147188
2026-01-24 03:00:00+00:00,1129.07,4477.25,3836.81,1038.9,-5.431801e-06,121.62,1022.11,546.0739249734036,4335.9042952401305,2122.0812119093325,988.4874465868663,281.017941489812,116.76559475642132,713.4510245278115,485.40961665471394,4427.640215661185,1769.5389932032995,988.6486797514416,408.8096869510114,116.93271488280523,711.2412697147188,485.40961665471394,4427.640215661185,1769.5389932032995,988.6486797514416,408.8096869510114,116.93271488280523,711.2412697147188
2026-01-24 04:00:00+00:00,1126.55,4630.12,3823.58,1048.05,-5.431801e-06,122.7,1029.53,546.2125974310815,4362.9601897424445,2124.324282209653,988.4874465868663,296.8475691834968,116.76559475642132,713.4048718577525,485.40961665471394,4427.640215661185,1769.5389932032995,988.6486797514416,408.8096869510114,116.93271488280523,711.2412697147188,485.40961665471394,4427.640215661185,1769.5389932032995,988.6486797514416,408.8096869510114,116.93271488280523,711.2412697147188
2026-01-24 05:00:00+00:00,1127.69,4618.09,3786.08,1050.33,-5.431801e-06,122.96,1031.11,545.9844762202135,4393.10405288033,2125.3108884126104,988.4874465868663,312.6771968771815,116.76559475642132,713.3323678786629,485.40961665471394,4427.640215661185,1769.5389932032995,988.6486797514416,408.8096869510114,116.93271488280523,711.2412697147188,485.40961665471394,4427.640215661185,1769.5389932032995,988.6486797514416,408.8096869510114,116.93271488280523,711.2412697147188
2026-01-24 06:00:00+00:00,1131.94,4830.18,3877.44,1056.9,76.46999,123.73,1030.61,547.2733685520966,4474.886167584563,2135.11994927714,988.4874465868663,328.50682457086623,116.76559475642132,713.2760520721254,485.40961665471394,4427.640215661185,1769.5389932032995,988.6486797514416,408.8096869510114,116.93271488280523,711.2412697147188,485.40961665471394,4427.640215661185,1769.5389932032995,988.6486797514416,408.8096869510114,116.93271488280523,711.2412697147188
2026-01-24 07:00:00+00:00,1131.42,5176.02,3998.75,1061.24,182.54,124.25,1034.9,548.3521511909653,4569.230216949537,2143.81619942646,988.4874465868663,344.336452264551,116.76559475642132,713.2217823223491,485.40961665471394,4427.640215661185,1769.5389932032995,988.6486797514416,408.8096869510114,116.93271488280523,711.2412697147188,485.40961665471394,4427.640215661185,1769.5389932032995,988.6486797514416,408.8096869510114,116.93271488280523,711.2412697147188
2026-01-24 08:00:00+00:00,1130.5,5241.71,4005.07,1051.13,284.55,123.07,1030.99,546.3714023437545,4579.987782154462,2134.524319522153,988.4874465868663,360.16607995823574,116.76559475642132,712.9171627531149,485.40961665471394,4427.640215661185,1769.5389932032995,988.6486797514416,408.8096869510114,116.93271488280523,711.2412697147188,485.40961665471394,4427.640215661185,1769.5389932032995,988.6486797514416,408.8096869510114,116.93271488280523,711.2412697147188
2026-01-24 09:00:00+00:00,1133.01,5164.36,3986.75,1052.31,227.41,123.2,1017.55,541.8264703873364,4549.1673624289615,2109.398563635459,988.4874465868663,375.9957076519205,116.76559475642132,712.3786987903895,485.40961665471394,4427.640215661185,1769.5389932032995,988.6486797514416,408.8096869510114,116.93271488280523,711.2412697147188,485.40961665471394,4427.640215661185,1769.5389932032995,988.6486797514416,408.8096869510114,116.93271488280523,711.2412697147188
2026-01-24 10:00:00+00:00,1136.08,4892.6,3882.76,1047.1,157.74,122.59,1017.21,537.2899297712137,4528.925504254356,2083.117650750304,988.4874465868663,391.82533534560525,116.76559475642132,711.8218435825152,485.40961665471394,4427.640215661185,1769.5389932032995,988.6486797514416,408.8096869510114,116.93271488280523,711.2412697147188,485.40961665471394,4427.640215661185,1769.5389932032995,988.6486797514416,408.8096869510114,116.93271488280523,711.2412697147188
2026-01-24 11:00:00+00:00,1053.08,4898.5,3772.28,1045.51,93.89999,122.4,1029.83,531.6980107266329,4506.457442220682,2052.5903234270245,988.4874465868663,407.65496303929,116.76559475642132,711.1475805404957,485.40961665471394,4427.640215661185,1769.5389932032995,988.6486797514416,408.8096869510114,116.93271488280523,711.2412697147188,485.40961665471394,4427.640215661185,1769.5389932032995,988.6486797514416,408.8096869510114,116.93271488280523,711.2412697147188
2026-01-24 12:00:00+00:00,1117.58,4903.13,3822.02,1038.78,76.420006,121.61,1024.92,531.9772745912187,4493.063880602775,2055.6572487219373,988.4874465868663,423.48459073297477,116.76559475642132,711.3128702642304,485.40961665471394,4427.640215661185,1769.5389932032995,988.6486797514416,408.8096869510114,116.93271488280523,711.2412697147188,485.40961665471394,4427.640215661185,1769.5389932032995,988.6486797514416,408.8096869510114,116.93271488280523,711.2412697147188
2026-01-24 13:00:00+00:00,1132.61,4955.26,3773.31,1040.76,128.42001,121.85,1026.46,530.9151200752066,4524.071197380878,2053.1192631218655,988.4874465868663,439.3142184266595,116.76559475642132,710.9557781874635,485.40961665471394,4427.640215661185,1769.5389932032995,988.6486797514416,408.8096869510114,116.93271488280523,711.2412697147188,485.40961665471394,4427.640215661185,1769.5389932032995,988.6486797514416,408.8096869510114,116.93271488280523,711.2412697147188
2026-01-24 14:00:00+00:00,1132.72,5233.09,3978.47,1037.75,443.2,121.5,1027.13,531.2968230610708,4599.679961570199,2060.2667103734757,988.4874465868663,455.1438461203443,116.76559475642132,710.7678727147716,485.40961665471394,4427.640215661185,1769.5389932032995,988.6486797514416,408.8096869510114,116.93271488280523,711.2412697147188,485.40961665471394,4427.640215661185,1769.5389932032995,988.6486797514416,408.8096869510114,116.93271488280523,711.2412697147188
2026-01-24 15:00:00+00:00,1128.89,5330.25,4104.29,1072.12,991.16,137.34,1032.92,534.387207956596,4697.233544889408,2080.9060254249175,988.4874465868663,470.97347381402903,116.76559475642132,710.930622917084,485.40961665471394,4427.640215661185,1769.5389932032995,988.6486797514416,408.8096869510114,116.93271488280523,711.2412697147188,485.40961665471394,4427.640215661185,1769.5389932032995,988.6486797514416,408.8096869510114,116.93271488280523,711.2412697147188
2026-01-24 16:00:00+00:00,1131.29,5319.2,4198.09,1068.65,1359.05,149.27,1042.19,536.5976175305722,4743.912462420705,2096.8826447591296,988.4874465868663,486.8031015077138,116.76559475642132,711.2049946646114,485.40961665471394,4427.640215661185,1769.5389932032995,988.6486797514416,408.8096869510114,116.93271488280523,711.2412697147188,485.40961665471394,4427.640215661185,1769.5389932032995,988.6486797514416,408.8096869510114,116.93271488280523,711.2412697147188
2026-01-24 17:00:00+00:00,1134.75,5295.43,4197.12,1069.36,1265.13,137.67,1041.18,537.7738737727572,4746.146176237692,2105.617949142462,988.4874465868663,502.6327292013985,116.76559475642132,711.4047004071886,485.40961665471394,4427.640215661185,1769.5389932032995,988.6486797514416,408.8096869510114,116.93271488280523,711.2412697147188,485.40961665471394,4427.640215661185,1769.5389932032995,988.6486797514416,408.8096869510114,116.93271488280523,711.2412697147188
2026-01-24 18:00:00+00:00,1134.49,5306.42,4177.77,1078.57,864.91,126.29,1041.06,537.2877105456174,4698.066481311069,2104.4759337776604,988.4874465868663,518.4623568950833,116.76559475642132,711.4843964760887,485.40961665471394,4427.640215661185,1769.5389932032995,988.6486797514416,408.8096869510114,116.93271488280523,711.2412697147188,485.40961665471394,4427.640215661185,1769.5389932032995,988.6486797514416,408.8096869510114,116.93271488280523,711.2412697147188
2026-01-24 19:00:00+00:00,1136.04,5324.25,4136.61,1087.33,239.09,127.3,1026.39,535.9742303536104,4631.833095450178,2097.7638127340397,988.4874465868663,534.2919845887681,116.76559475642132,711.509285002155,485.40961665471394,4427.640215661185,1769.5389932032995,988.6486797514416,408.8096869510114,116.93271488280523,711.2412697147188,485.40961665471394,4427.640215661185,1769.5389932032995,988.6486797514416,408.8096869510114,116.93271488280523,711.2412697147188
2026-01-24 20:00:00+00:00,1134.35,5403.11,4074.15,1048.23,106.64999,122.73,1038.41,535.0309829402576,4584.366383189077,2093.818390174046,988.4874465868663,550.1216122824527,116.76559475642132,711.4835291533309,485.40961665471394,4427.640215661185,1769.5389932032995,988.6486797514416,408.8096869510114,116.93271488280523,711.2412697147188,485.40961665471394,4427.640215661185,1769.5389932032995,988.6486797514416,408.8096869510114,116.93271488280523,711.2412697147188
2026-01-24 21:00:00+00:00,1118.93,5522.56,3934.82,1043.75,115.98998,122.2,1029.81,535.2758444826309,4564.130321939126,2096.1838305709916,988.4874465868663,565.9512399761375,116.76559475642132,711.7267279305444,485.40961665471394,4427.640215661185,1769.5389932032995,988.6486797514416,408.8096869510114,116.93271488280523,711.2412697147188,485.40961665471394,4427.640215661185,1769.5389932032995,988.6486797514416,408.8096869510114,116.93271488280523,711.2412697147188
2026-01-24 22:00:00+00:00,1123.29,5535.05,3832.48,1031.39,50.249996,120.75,1020.84,533.9574838785011,4501.0905372139805,2089.5879273743926,988.4874465868663,581.7808676698223,116.76559475642132,711.6610458616218,485.40961665471394,4427.640215661185,1769.5389932032995,988.6486797514416,408.8096869510114,116.93271488280523,711.2412697147188,485.40961665471394,4427.640215661185,1769.5389932032995,988.6486797514416,408.8096869510114,116.93271488280523,711.2412697147188
2026-01-24 23:00:00+00:00,1113.55,5461.42,3860.2,1029.68,0.8900092,120.56,702.55,533.9203468228711,4451.853680563725,2089.1772945401385,988.4874465868663,597.610495363507,116.76559475642132,711.8148121279064,485.40961665471394,4427.640215661185,1769.5389932032995,988.6486797514416,408.8096869510114,116.93271488280523,711.2412697147188,485.40961665471394,4427.640215661185,1769.5389932032995,988.6486797514416,408.8096869510114,116.93271488280523,711.2412697147188
2026-01-25 00:00:00+00:00,1084.83,5131.97,3883.45,1030.55,-5.431801e-06,120.66,710.26,534.6087415211945,4412.6454344712265,2052.3589504629053,988.4874465868663,233.52905840875775,116.76559475642132,711.9119963988335,485.40961665471394,4427.640215661185,1769.5389932032995,988.6486797514416,408.8096869510114,116.93271488280523,711.2412697147188,485.40961665471394,4427.640215661185,1769.5389932032995,988.6486797514416,408.8096869510114,116.93271488280523,711.2412697147188
2026-01-25 01:00:00+00:00,1132.38,5005.17,3856.31,1030.69,-5.431801e-06,120.67,701.54,533.6373128853645,4392.020911514038,2048.575473064175,988.4874465868663,249.3586861024425,116.76559475642132,711.7788979725694,485.40961665471394,4427.640215661185,1769.5389932032995,988.6486797514416,408.8096869510114,116.93271488280523,711.2412697147188,485.40961665471394,4427.640215661185,1769.5389932032995,988.6486797514416,408.8096869510114,116.93271488280523,711.2412697147188
2026-01-25 02:00:00+00:00,1129.49,5091.53,3827.45,1030.72,-5.431801e-06,120.67,708.27,533.4975579384222,4391.862149475851,2049.59768030965,988.4874465868663,265.18831379612726,116.76559475642132,711.7768919106451,485.40961665471394,4427.640215661185,1769.5389932032995,988.6486797514416,408.8096869510114,116.93271488280523,711.2412697147188,485.40961665471394,4427.640215661185,1769.5389932032995,988.6486797514416,408.8096869510114,116.93271488280523,711.2412697147188
2026-01-25 03:00:00+00:00,1130.79,5320.83,3832.12,1027.65,-5.431801e-06,120.31,701.34,533.5226772831066,4417.731443059837,2052.2004496644818,988.4874465868663,281.017941489812,116.76559475642132,711.7497258365912,485.40961665471394,4427.640215661185,1769.5389932032995,988.6486797514416,408.8096869510114,116.93271488280523,711.2412697147188,485.40961665471394,4427.640215661185,1769.5389932032995,988.6486797514416,408.8096869510114,116.93271488280523,711.2412697147188
2026-01-25 04:00:00+00:00,1127.85,5391.06,3842.93,1031.42,-5.431801e-06,120.76,699.22,532.7401860275746,4418.571275987872,2049.825377815709,988.4874465868663,296.8475691834968,116.76559475642132,711.6414585778216,485.40961665471394,4427.640215661185,1769.5389932032995,988.6486797514416,408.8096869510114,116.93271488280523,711.2412697147188,485.40961665471394,4427.640215661185,1769.5389932032995,988.6486797514416,408.8096869510114,116.93271488280523,711.2412697147188
2026-01-25 05:00:00+00:00,1124.72,5414.7,3880.86,1035.98,-5.431801e-06,121.28,705.77,532.1414302080723,4432.937919612966,2048.096388256283,988.4874465868663,312.6771968771815,116.76559475642132,711.5558072664056,485.40961665471394,4427.640215661185,1769.5389932032995,988.6486797514416,408.8096869510114,116.93271488280523,711.2412697147188,485.40961665471394,4427.640215661185,1769.5389932032995,988.6486797514416,408.8096869510114,116.93271488280523,711.2412697147188
2026-01-25 06:00:00+00:00,1126.1,5638.53,3944.62,1030.96,-5.431801e-06,120.7,706.92,534.0745286228665,4462.789502997801,2061.4938000717393,988.4874465868663,328.50682457086623,116.76559475642132,711.7292716567846,485.40961665471394,4427.640215661185,1769.5389932032995,988.6486797514416,408.8096869510114,116.93271488280523,711.2412697147188,485.40961665471394,4427.640215661185,1769.5389932032995,988.6486797514416,408.8096869510114,116.93271488280523,711.2412697147188
2026-01-25 07:00:00+00:00,1127.54,6077.01,3989.32,1031.04,0.08999091,120.72,709.51,535.4423382731752,4528.324463164806,2071.5047948410515,988.4874465868663,344.336452264551,116.76559475642132,711.7292716567846,485.40961665471394,4427.640215661185,1769.5389932032995,988.6486797514416,408.8096869510114,116.93271488280523,711.2412697147188,485.40961665471394,4427.640215661185,1769.5389932032995,988.6486797514416,408.8096869510114,116.93271488280523,711.2412697147188
2026-01-25 08:00:00+00:00,1130.92,6220.25,3997.52,1034.9,-5.431801e-06,121.18,715.92,535.2646447235926,4568.737011293586,2073.195152637043,988.4874465868663,360.16607995823574,116.76559475642132,711.430068940989,485.40961665471394,4427.640215661185,1769.5389932032995,988.6486797514416,408.8096869510114,116.93271488280523,711.2412697147188,485.40961665471394,4427.640215661185,1769.5389932032995,988.6486797514416,408.8096869510114,116.93271488280523,711.2412697147188
2026-01-25 09:00:00+00:00,1132.77,6358.44,4010.32,1042.31,-5.431801e-06,122.04,703.25,533.0143252868697,4562.083261600309,2063.64776862069,988.4874465868663,375.9957076519205,116.76559475642132,710.9297511505857,485.40961665471394,4427.640215661185,1769.5389932032995,988.6486797514416,408.8096869510114,116.93271488280523,711.2412697147188,485.40961665471394,4427.640215661185,1769.5389932032995,988.6486797514416,408.8096869510114,116.93271488280523,711.2412697147188
2026-01-25 10:00:00+00:00,1132.39,6395.21,3992.78,1042.63,0.04003363,122.07,709.91,529.5660969148686,4556.4130312385105,2047.0445712260725,988.4874465868663,391.82533534560525,116.76559475642132,710.4256973839249,485.40961665471394,4427.640215661185,1769.5389932032995,988.6486797514416,408.8096869510114,116.93271488280523,711.2412697147188,485.40961665471394,4427.640215661185,1769.5389932032995,988.6486797514416,408.8096869510114,116.93271488280523,711.2412697147188
2026-01-25 11:00:00+00:00,1155.27,6181.27,3989.07,1037.53,-5.431801e-06,121.48,711.93,526.4001333606275,4520.725981661831,2031.1461048654826,988.4874465868663,407.65496303929,116.76559475642132,710.0495566407898,485.40961665471394,4427.640215661185,1769.5389932032995,988.6486797514416,408.8096869510114,116.93271488280523,711.2412697147188,485.40961665471394,4427.640215661185,1769.5389932032995,988.6486797514416,408.8096869510114,116.93271488280523,711.2412697147188
2026-01-25 12:00:00+00:00,1175.63,6188.65,3988.57,1044.47,-5.431801e-06,122.28,710.12,529.6063285228335,4507.631695109429,2047.7685288262255,988.4874465868663,423.48459073297477,116.76559475642132,710.5526896329292,485.40961665471394,4427.640215661185,1769.5389932032995,988.6486797514416,408.8096869510114,116.93271488280523,711.2412697147188,485.40961665471394,4427.640215661185,1769.5389932032995,988.6486797514416,408.8096869510114,116.93271488280523,711.2412697147188
2026-01-25 13:00:00+00:00,1181.31,6271.59,4019.16,1047.64,-5.431801e-06,122.66,714.56,529.250020149569,4508.881776795151,2047.4415683352165,988.4874465868663,439.3142184266595,116.76559475642132,710.505242289726,485.40961665471394,4427.640215661185,1769.5389932032995,988.6486797514416,408.8096869510114,116.93271488280523,711.2412697147188,485.40961665471394,4427.640215661185,1769.5389932032995,988.6486797514416,408.8096869510114,116.93271488280523,711.2412697147188
2026-01-25 14:00:00+00:00,1177.52,6689.62,4039.6,1043.59,0.020044617,122.18,705.24,530.551272727534,4534.679195880362,2057.970552961022,988.4874465868663,455.1438461203443,116.76559475642132,710.7020750346763,485.40961665471394,4427.640215661185,1769.5389932032995,988.6486797514416,408.8096869510114,116.93271488280523,711.2412697147188,485.40961665471394,4427.640215661185,1769.5389932032995,988.6486797514416,408.8096869510114,116.93271488280523,711.2412697147188
2026-01-25 15:00:00+00:00,1185.09,6840.08,4136.34,1080.71,204.24,126.53,711.34,532.5355542943847,4571.8450140468,2071.485916017462,988.4874465868663,470.97347381402903,116.76559475642132,710.9118450711051,485.40961665471394,4427.640215661185,1769.5389932032995,988.6486797514416,408.8096869510114,116.93271488280523,711.2412697147188,485.40961665471394,4427.640215661185,1769.5389932032995,988.6486797514416,408.8096869510114,116.93271488280523,711.2412697147188
2026-01-25 16:00:00+00:00,1189.76,6836.75,4215.28,1082.32,834.63,126.72,714.29,535.4429808911872,4650.841036833903,2090.449782147927,988.4874465868663,486.8031015077138,116.76559475642132,711.1071165670356,485.40961665471394,4427.640215661185,1769.5389932032995,988.6486797514416,408.8096869510114,116.93271488280523,711.2412697147188,485.40961665471394,4427.640215661185,1769.5389932032995,988.6486797514416,408.8096869510114,116.93271488280523,711.2412697147188
2026-01-25 17:00:00+00:00,1194.61,6834.08,4221.24,1086.71,1198.0898,127.22,720.89,536.1836578604167,4676.140762707832,2096.7135720778374,988.4874465868663,502.6327292013985,116.76559475642132,711.1247559022031,485.40961665471394,4427.640215661185,1769.5389932032995,988.6486797514416,408.8096869510114,116.93271488280523,711.2412697147188,485.40961665471394,4427.640215661185,1769.5389932032995,988.6486797514416,408.8096869510114,116.93271488280523,711.2412697147188
2026-01-25 18:00:00+00:00,1193.41,6818.39,4208.61,1083.34,840.0,126.83,719.53,539.440444750868,4660.180137850326,2115.263437502169,988.4874465868663,518.4623568950833,116.76559475642132,711.6922137630474,485.40961665471394,4427.640215661185,1769.5389932032995,988.6486797514416,408.8096869510114,116.93271488280523,711.2412697147188,485.40961665471394,4427.640215661185,1769.5389932032995,988.6486797514416,408.8096869510114,116.93271488280523,711.2412697147188
2026-01-25 19:00:00+00:00,1199.63,6823.03,4160.77,1085.93,174.69,127.14,715.23,539.2265134155233,4619.6575949645385,2114.6618891350263,988.4874465868663,534.2919845887681,116.76559475642132,711.803239034249,485.40961665471394,4427.640215661185,1769.5389932032995,988.6486797514416,408.8096869510114,116.93271488280523,711.2412697147188,485.40961665471394,4427.640215661185,1769.5389932032995,988.6486797514416,408.8096869510114,116.93271488280523,711.2412697147188
2026-01-25 20:00:00+00:00,1219.82,6838.62,4028.82,1051.42,-5.431801e-06,123.1,707.07,538.7450746713437,4600.789397326329,2113.508271853582,988.4874465868663,550.1216122824527,116.76559475642132,711.8829351031493,485.40961665471394,4427.640215661185,1769.5389932032995,988.6486797514416,408.8096869510114,116.93271488280523,711.2412697147188,485.40961665471394,4427.640215661185,1769.5389932032995,988.6486797514416,408.8096869510114,116.93271488280523,711.2412697147188
2026-01-25 21:00:00+00:00,1221.82,6822.36,3988.29,1037.86,-5.431801e-06,121.51,715.53,536.973254379353,4604.7530230506,2105.1202242970035,988.4874465868663,565.9512399761375,116.76559475642132,711.7704471583339,485.40961665471394,4427.640215661185,1769.5389932032995,988.6486797514416,408.8096869510114,116.93271488280523,711.2412697147188,485.40961665471394,4427.640215661185,1769.5389932032995,988.6486797514416,408.8096869510114,116.93271488280523,711.2412697147188
2026-01-25 22:00:00+00:00,1229.49,6799.96,3891.43,1032.45,-5.431801e-06,120.88,712.14,535.1302805655813,4558.08545532232,2095.6200460904815,988.4874465868663,581.7808676698223,116.76559475642132,711.7248326392595,485.40961665471394,4427.640215661185,1769.5389932032995,988.6486797514416,408.8096869510114,116.93271488280523,711.2412697147188,485.40961665471394,4427.640215661185,1769.5389932032995,988.6486797514416,408.8096869510114,116.93271488280523,711.2412697147188
2026-01-25 23:00:00+00:00,1225.0,7078.26,3764.84,1019.89,0.1200202,119.4,689.62,533.6330126096316,4513.45977747634,2088.0751471358185,988.4874465868663,597.610495363507,116.76559475642132,711.6350138255103,485.40961665471394,4427.640215661185,1769.5389932032995,988.6486797514416,408.8096869510114,116.93271488280523,711.2412697147188,485.40961665471394,4427.640215661185,1769.5389932032995,988.6486797514416,408.8096869510114,116.93271488280523,711.2412697147188
2026-01-26 00:00:00+00:00,1220.61,7243.63,3700.15,1002.45,-5.431801e-06,117.36,691.98,533.6706256760402,4471.634603654945,2048.8769826934504,988.4874465868663,233.52905840875775,116.76559475642132,711.7678406070107,485.40961665471394,4427.640215661185,1769.5389932032995,988.6486797514416,408.8096869510114,116.93271488280523,711.2412697147188,485.40961665471394,4427.640215661185,1769.5389932032995,988.6486797514416,408.8096869510114,116.93271488280523,711.2412697147188
2026-01-26 01:00:00+00:00,1222.76,7243.74,3708.8,1001.82,49.61999,117.28,677.56,532.2908301863705,4437.761371861238,2043.0199637006058,988.4874465868663,249.3586861024425,116.76559475642132,711.7459760432739,485.40961665471394,4427.640215661185,1769.5389932032995,988.6486797514416,408.8096869510114,116.93271488280523,711.2412697147188,485.40961665471394,4427.640215661185,1769.5389932032995,988.6486797514416,408.8096869510114,116.93271488280523,711.2412697147188
2026-01-26 02:00:00+00:00,1218.36,7395.01,3761.56,1006.05,-5.431801e-06,117.79,677.02,529.9749403051036,4431.458337992311,2032.6466189330254,988.4874465868663,265.18831379612726,116.76559475642132,711.5971243293798,485.40961665471394,4427.640215661185,1769.5389932032995,988.6486797514416,408.8096869510114,116.93271488280523,711.2412697147188,485.40961665471394,4427.640215661185,1769.5389932032995,988.6486797514416,408.8096869510114,116.93271488280523,711.2412697147188
2026-01-26 03:00:00+00:00,1208.53,7610.94,3819.8,1005.55,-5.431801e-06,117.73,701.01,530.2094655694159,4452.436378636784,2035.3946481278797,988.4874465868663,281.017941489812,116.76559475642132,711.6550180935654,485.40961665471394,4427.640215661185,1769.5389932032995,988.6486797514416,408.8096869510114,116.93271488280523,711.2412697147188,485.40961665471394,4427.640215661185,1769.5389932032995,988.6486797514416,408.8096869510114,116.93271488280523,711.2412697147188
2026-01-26 04:00:00+00:00,1195.79,7586.69,4021.44,978.92,29.570002,114.61,712.65,532.3122278023486,4555.174158311468,2048.9370506378255,988.4874465868663,296.8475691834968,116.76559475642132,711.750681934684,485.40961665471394,4427.640215661185,1769.5389932032995,988.6486797514416,408.8096869510114,116.93271488280523,711.2412697147188,485.40961665471394,4427.640215661185,1769.5389932032995,988.6486797514416,408.8096869510114,116.93271488280523,711.2412697147188
2026-01-26 05:00:00+00:00,1199.67,7416.25,4418.86,989.09,66.48,131.11,759.08,537.9443908294563,4749.866612414632,2083.059793998449,988.4874465868663,312.6771968771815,116.76559475642132,712.0838776638927,485.40961665471394,4427.640215661185,1769.5389932032995,988.6486797514416,408.8096869510114,116.93271488280523,711.2412697147188,485.40961665471394,4427.640215661185,1769.5389932032995,988.6486797514416,408.8096869510114,116.93271488280523,711.2412697147188
2026-01-26 06:00:00+00:00,1207.23,7099.56,4539.67,990.24,440.62,123.22,882.14,538.8930047838202,4882.67568354637,2094.058335925718,988.4874465868663,328.50682457086623,116.76559475642132,711.893907578666,485.40961665471394,4427.640215661185,1769.5389932032995,988.6486797514416,408.8096869510114,116.93271488280523,711.2412697147188,485.40961665471394,4427.640215661185,1769.5389932032995,988.6486797514416,408.8096869510114,116.93271488280523,711.2412697147188
2026-01-26 07:00:00+00:00,1210.55,7183.59,4473.78,1022.8,1044.3799,122.75,883.47,540.1614689181198,4948.243786195465,2103.6772131809253,988.4874465868663,344.336452264551,116.76559475642132,711.9537500162456,485.40961665471394,4427.640215661185,1769.5389932032995,988.6486797514416,408.8096869510114,116.93271488280523,711.2412697147188,485.40961665471394,4427.640215661185,1769.5389932032995,988.6486797514416,408.8096869510114,116.93271488280523,711.2412697147188
2026-01-26 08:00:00+00:00,1209.15,7515.07,4529.85,1028.09,1074.38,123.37,905.4,539.7483431345498,4996.281124388688,2102.5522856892258,988.4874465868663,360.16607995823574,116.76559475642132,711.8784881939919,485.40961665471394,4427.640215661185,1769.5389932032995,988.6486797514416,408.8096869510114,116.93271488280523,711.2412697147188,485.40961665471394,4427.640215661185,1769.5389932032995,988.6486797514416,408.8096869510114,116.93271488280523,711.2412697147188
2026-01-26 09:00:00+00:00,1208.78,7565.9,4526.2,1041.15,739.11,122.72,918.45,537.86366357446,4991.869950645583,2093.852760827395,988.4874465868663,375.9957076519205,116.76559475642132,711.6236460736832,485.40961665471394,4427.640215661185,1769.5389932032995,988.6486797514416,408.8096869510114,116.93271488280523,711.2412697147188,485.40961665471394,4427.640215661185,1769.5389932032995,988.6486797514416,408.8096869510114,116.93271488280523,711.2412697147188
2026-01-26 10:00:00+00:00,1206.71,7608.61,4520.54,1057.45,544.63,123.8,926.78,535.3792229838331,4984.073765041716,2081.709947780624,988.4874465868663,391.82533534560525,116.76559475642132,711.3450538984235,485.40961665471394,4427.640215661185,1769.5389932032995,988.6486797514416,408.8096869510114,116.93271488280523,711.2412697147188,485.40961665471394,4427.640215661185,1769.5389932032995,988.6486797514416,408.8096869510114,116.93271488280523,711.2412697147188
2026-01-26 11:00:00+00:00,1210.47,7579.12,4593.03,1037.18,307.29,121.42,934.1,533.2179260622362,4976.080769235463,2070.137320773679,988.4874465868663,407.65496303929,116.76559475642132,711.1319301019141,485.40961665471394,4427.640215661185,1769.5389932032995,988.6486797514416,408.8096869510114,116.93271488280523,711.2412697147188,485.40961665471394,4427.640215661185,1769.5389932032995,988.6486797514416,408.8096869510114,116.93271488280523,711.2412697147188
2026-01-26 12:00:00+00:00,1209.07,7561.8,4575.0,1054.64,344.01,123.48,919.46,531.1933718845165,4955.139706469251,2059.909364281434,988.4874465868663,423.48459073297477,116.76559475642132,710.894188798954,485.40961665471394,4427.640215661185,1769.5389932032995,988.6486797514416,408.8096869510114,116.93271488280523,711.2412697147188,485.40961665471394,4427.640215661185,1769.5389932032995,988.6486797514416,408.8096869510114,116.93271488280523,711.2412697147188
2026-01-26 13:00:00+00:00,1203.67,7534.32,4572.76,981.49,394.51,114.91,919.99,531.374926446824,4948.710819641256,2061.2453810592674,988.4874465868663,439.3142184266595,116.76559475642132,710.8875397297898,485.40961665471394,4427.640215661185,1769.5389932032995,988.6486797514416,408.8096869510114,116.93271488280523,711.2412697147188,485.40961665471394,4427.640215661185,1769.5389932032995,988.6486797514416,408.8096869510114,116.93271488280523,711.2412697147188
2026-01-26 14:00:00+00:00,1197.27,7487.72,4515.43,909.76,849.65,106.52,924.08,532.2247024693486,4960.367027184886,2067.602105799054,988.4874465868663,455.1438461203443,116.76559475642132,710.9703228144575,485.40961665471394,4427.640215661185,1769.5389932032995,988.6486797514416,408.8096869510114,116.93271488280523,711.2412697147188,485.40961665471394,4427.640215661185,1769.5389932032995,988.6486797514416,408.8096869510114,116.93271488280523,711.2412697147188
2026-01-26 15:00:00+00:00,1205.4,7495.63,4531.89,931.72,1059.44,109.08,804.06,534.5650336592855,4995.995866222223,2082.1446370399067,988.4874465868663,470.97347381402903,116.76559475642132,711.2659582492676,485.40961665471394,4427.640215661185,1769.5389932032995,988.6486797514416,408.8096869510114,116.93271488280523,711.2412697147188,485.40961665471394,4427.640215661185,1769.5389932032995,988.6486797514416,408.8096869510114,116.93271488280523,711.2412697147188
2026-01-26 16:00:00+00:00,1205.08,7474.46,4613.15,938.08,1198.08,109.83,865.99,537.5970022988785,5040.087589016718,2100.783351997117,988.4874465868663,486.8031015077138,116.76559475642132,711.6055894862097,485.40961665471394,4427.640215661185,1769.5389932032995,988.6486797514416,408.8096869510114,116.93271488280523,711.2412697147188,485.40961665471394,4427.640215661185,1769.5389932032995,988.6486797514416,408.8096869510114,116.93271488280523,711.2412697147188
2026-01-26 17:00:00+00:00,1200.61,7504.19,4592.49,946.72,1299.61,110.85,855.23,538.5109700938698,5073.7201274839545,2107.9999050426845,988.4874465868663,502.6327292013985,116.76559475642132,711.6196035858006,485.40961665471394,4427.640215661185,1769.5389932032995,988.6486797514416,408.8096869510114,116.93271488280523,711.2412697147188,485.40961665471394,4427.640215661185,1769.5389932032995,988.6486797514416,408.8096869510114,116.93271488280523,711.2412697147188
2026-01-26 18:00:00+00:00,1204.52,7494.15,4551.67,951.56,1245.04,111.42,833.63,538.7193922850455,5055.396328992304,2110.3943155978095,988.4874465868663,518.4623568950833,116.76559475642132,711.6274490507129,485.40961665471394,4427.640215661185,1769.5389932032995,988.6486797514416,408.8096869510114,116.93271488280523,711.2412697147188,485.40961665471394,4427.640215661185,1769.5389932032995,988.6486797514416,408.8096869510114,116.93271488280523,711.2412697147188
2026-01-26 19:00:00+00:00,1200.47,7433.07,4480.21,933.0,872.0,109.24,692.67,538.6484215723212,5000.055727143087,2110.2387631923034,988.4874465868663,534.2919845887681,116.76559475642132,711.6314028628736,485.40961665471394,4427.640215661185,1769.5389932032995,988.6486797514416,408.8096869510114,116.93271488280523,711.2412697147188,485.40961665471394,4427.640215661185,1769.5389932032995,988.6486797514416,408.8096869510114,116.93271488280523,711.2412697147188
2026-01-26 20:00:00+00:00,1189.5,7410.48,4311.89,909.48,140.01001,106.48,614.39,536.9940950317947,4929.219349167231,2101.402328733683,988.4874465868663,550.1216122824527,116.76559475642132,711.5349350795734,485.40961665471394,4427.640215661185,1769.5389932032995,988.6486797514416,408.8096869510114,116.93271488280523,711.2412697147188,485.40961665471394,4427.640215661185,1769.5389932032995,988.6486797514416,408.8096869510114,116.93271488280523,711.2412697147188
2026-01-26 21:00:00+00:00,1176.95,7395.63,4194.99,910.24,167.5,106.57,715.08,536.0128164221602,4890.608648874014,2096.3881983395054,988.4874465868663,565.9512399761375,116.76559475642132,711.4418203315929,485.40961665471394,4427.640215661185,1769.5389932032995,988.6486797514416,408.8096869510114,116.93271488280523,711.2412697147188,485.40961665471394,4427.640215661185,1769.5389932032995,988.6486797514416,408.8096869510114,116.93271488280523,711.2412697147188
2026-01-26 22:00:00+00:00,1170.5,7374.65,4019.44,901.02,0.43999702,105.49,723.61,533.9703031690117,4799.968516355719,2086.1469356846674,988.4874465868663,581.7808676698223,116.76559475642132,711.2600252409787,485.40961665471394,4427.640215661185,1769.5389932032995,988.6486797514416,408.8096869510114,116.93271488280523,711.2412697147188,485.40961665471394,4427.640215661185,1769.5389932032995,988.6486797514416,408.8096869510114,116.93271488280523,711.2412697147188
2026-01-26 23:00:00+00:00,1175.0,7268.36,4010.89,893.18,-5.431801e-06,104.57,728.61,532.4666627293957,4744.09827178526,2078.967972800944,988.4874465868663,597.610495363507,116.76559475642132,711.1439703722747,485.40961665471394,4427.640215661185,1769.5389932032995,988.6486797514416,408.8096869510114,116.93271488280523,711.2412697147188,485.40961665471394,4427.640215661185,1769.5389932032995,988.6486797514416,408.8096869510114,116.93271488280523,711.2412697147188
2026-01-27 00:00:00+00:00,1181.54,7136.75,3924.25,884.74,-5.431801e-06,103.59,725.42,531.5647118373083,4741.298521169927,2035.1327331764162,988.4874465868663,233.52905840875775,116.76559475642132,711.093383485528,485.40961665471394,4427.640215661185,1769.5389932032995,988.6486797514416,408.8096869510114,116.93271488280523,711.2412697147188,485.40961665471394,4427.640215661185,1769.5389932032995,988.6486797514416,408.8096869510114,116.93271488280523,711.2412697147188
2026-01-27 01:00:00+00:00,1174.09,6556.59,3877.97,892.76,-5.431801e-06,104.52,722.29,531.0854073303158,4741.638994254651,2034.3897822226147,988.4874465868663,249.3586861024425,116.76559475642132,711.0595682135679,485.40961665471394,4427.640215661185,1769.5389932032995,988.6486797514416,408.8096869510114,116.93271488280523,711.2412697147188,485.40961665471394,4427.640215661185,1769.5389932032995,988.6486797514416,408.8096869510114,116.93271488280523,711.2412697147188
2026-01-27 02:00:00+00:00,1175.19,6524.43,3897.11,954.32,-5.431801e-06,111.73,725.79,531.0196952419993,4744.8838002055545,2036.3835450740553,988.4874465868663,265.18831379612726,116.76559475642132,710.9698070564003,485.40961665471394,4427.640215661185,1769.5389932032995,988.6486797514416,408.8096869510114,116.93271488280523,711.2412697147188,485.40961665471394,4427.640215661185,1769.5389932032995,988.6486797514416,408.8096869510114,116.93271488280523,711.2412697147188
2026-01-27 03:00:00+00:00,1185.7,6541.4,3951.54,915.99,3.4999945,107.23,730.32,531.5438309312003,4761.681160296614,2042.626974533589,988.4874465868663,281.017941489812,116.76559475642132,710.9518966028338,485.40961665471394,4427.640215661185,1769.5389932032995,988.6486797514416,408.8096869510114,116.93271488280523,711.2412697147188,485.40961665471394,4427.640215661185,1769.5389932032995,988.6486797514416,408.8096869510114,116.93271488280523,711.2412697147188
2026-01-27 04:00:00+00:00,1212.68,6787.13,4123.95,868.81,41.320004,101.71,733.72,532.8667239558617,4854.07161441239,2054.264493836118,988.4874465868663,296.8475691834968,116.76559475642132,710.9818155208183,485.40961665471394,4427.640215661185,1769.5389932032995,988.6486797514416,408.8096869510114,116.93271488280523,711.2412697147188,485.40961665471394,4427.640215661185,1769.5389932032995,988.6486797514416,408.8096869510114,116.93271488280523,711.2412697147188
2026-01-27 05:00:00+00:00,1215.28,7314.34,4526.13,878.27,763.1,105.03,766.31,536.0755698683723,4999.959667224734,2077.979472526091,988.4874465868663,312.6771968771815,116.76559475642132,711.0483646841436,485.40961665471394,4427.640215661185,1769.5389932032995,988.6486797514416,408.8096869510114,116.93271488280523,711.2412697147188,485.40961665471394,4427.640215661185,1769.5389932032995,988.6486797514416,408.8096869510114,116.93271488280523,711.2412697147188
2026-01-27 06:00:00+00:00,1212.22,7402.93,4635.93,910.05,1270.31,109.55,915.17,537.907938953385,5104.196090889724,2093.3186234038794,988.4874465868663,328.50682457086623,116.76559475642132,711.0612399749134,485.40961665471394,4427.640215661185,1769.5389932032995,988.6486797514416,408.8096869510114,116.93271488280523,711.2412697147188,485.40961665471394,4427.640215661185,1769.5389932032995,988.6486797514416,408.8096869510114,116.93271488280523,711.2412697147188
2026-01-27 07:00:00+00:00,1211.7,7350.22,4655.21,916.04,1318.45,110.26,934.43,538.5550716789965,5127.059580151949,2099.576754181796,988.4874465868663,344.336452264551,116.76559475642132,711.0825038905509,485.40961665471394,4427.640215661185,1769.5389932032995,988.6486797514416,408.8096869510114,116.93271488280523,711.2412697147188,485.40961665471394,4427.640215661185,1769.5389932032995,988.6486797514416,408.8096869510114,116.93271488280523,711.2412697147188
2026-01-27 08:00:00+00:00,1210.0,7317.65,4548.7,916.93,1200.62,110.36,941.96,537.0178615193195,5075.010739480877,2088.085567683384,988.4874465868663,360.16607995823574,116.76559475642132,711.0648648533931,485.40961665471394,4427.640215661185,1769.5389932032995,988.6486797514416,408.8096869510114,116.93271488280523,711.2412697147188,485.40961665471394,4427.640215661185,1769.5389932032995,988.6486797514416,408.8096869510114,116.93271488280523,711.2412697147188
2026-01-27 09:00:00+00:00,1208.95,7278.41,4590.03,915.1,951.87,110.14,943.28,534.731282464226,5000.407394819024,2072.2422709080925,988.4874465868663,375.9957076519205,116.76559475642132,710.9555162140289,485.40961665471394,4427.640215661185,1769.5389932032995,988.6486797514416,408.8096869510114,116.93271488280523,711.2412697147188,485.40961665471394,4427.640215661185,1769.5389932032995,988.6486797514416,408.8096869510114,116.93271488280523,711.2412697147188
2026-01-27 10:00:00+00:00,1208.99,7290.57,4569.96,901.84,376.61,108.59,937.03,531.4624930465696,4933.790189023211,2052.090829441846,988.4874465868663,391.82533534560525,116.76559475642132,710.8179263112884,485.40961665471394,4427.640215661185,1769.5389932032995,988.6486797514416,408.8096869510114,116.93271488280523,711.2412697147188,485.40961665471394,4427.640215661185,1769.5389932032995,988.6486797514416,408.8096869510114,116.93271488280523,711.2412697147188
2026-01-27 11:00:00+00:00,1207.69,7196.54,4518.47,886.84,63.260036,104.65,925.89,529.9581257975565,4882.585803016196,2045.492590871419,988.4874465868663,407.65496303929,116.76559475642132,710.7284363721329,485.40961665471394,4427.640215661185,1769.5389932032995,988.6486797514416,408.8096869510114,116.93271488280523,711.2412697147188,485.40961665471394,4427.640215661185,1769.5389932032995,988.6486797514416,408.8096869510114,116.93271488280523,711.2412697147188
2026-01-27 12:00:00+00:00,1209.96,7226.08,4451.99,868.18,33.490017,101.65,906.52,528.5427103712433,4812.823436703846,2041.6904562761354,988.4874465868663,423.48459073297477,116.76559475642132,710.7496423331794,485.40961665471394,4427.640215661185,1769.5389932032995,988.6486797514416,408.8096869510114,116.93271488280523,711.2412697147188,485.40961665471394,4427.640215661185,1769.5389932032995,988.6486797514416,408.8096869510114,116.93271488280523,711.2412697147188
2026-01-27 13:00:00+00:00,1211.9,7223.33,4462.16,838.25,0.05001288,98.21,911.71,528.1968161630922,4781.426621306045,2045.5236849529067,988.4874465868663,439.3142184266595,116.76559475642132,710.7457461776002,485.40961665471394,4427.640215661185,1769.5389932032995,988.6486797514416,408.8096869510114,116.93271488280523,711.2412697147188,485.40961665471394,4427.640215661185,1769.5389932032995,988.6486797514416,408.8096869510114,116.93271488280523,711.2412697147188
2026-01-27 14:00:00+00:00,1210.33,7372.17,4513.9,824.86,4.580012,99.57,914.19,528.7683796909549,4783.70516372349,2052.9558651693824,988.4874465868663,455.1438461203443,116.76559475642132,710.7234017057423,485.40961665471394,4427.640215661185,1769.5389932032995,988.6486797514416,408.8096869510114,116.93271488280523,711.2412697147188,485.40961665471394,4427.640215661185,1769.5389932032995,988.6486797514416,408.8096869510114,116.93271488280523,711.2412697147188
2026-01-27 15:00:00+00:00,1206.95,7393.08,4538.7,871.27,70.73,105.01,802.91,530.4462869517968,4772.924717559807,2065.4923481400306,988.4874465868663,470.97347381402903,116.76559475642132,710.9091455396289,485.40961665471394,4427.640215661185,1769.5389932032995,988.6486797514416,408.8096869510114,116.93271488280523,711.2412697147188,485.40961665471394,4427.640215661185,1769.5389932032995,988.6486797514416,408.8096869510114,116.93271488280523,711.2412697147188
2026-01-27 16:00:00+00:00,1210.39,7396.25,4570.99,911.19,187.21,109.67,754.3,536.1757303789179,4811.959947948013,2100.762604874081,988.4874465868663,486.8031015077138,116.76559475642132,711.2974103583546,485.40961665471394,4427.640215661185,1769.5389932032995,988.6486797514416,408.8096869510114,116.93271488280523,711.2412697147188,485.40961665471394,4427.640215661185,1769.5389932032995,988.6486797514416,408.8096869510114,116.93271488280523,711.2412697147188
2026-01-27 17:00:00+00:00,1210.86,7403.62,4572.99,937.85,328.42,112.8,778.48,538.2660582888014,4824.078837385236,2112.8789262159344,988.4874465868663,502.6327292013985,116.76559475642132,711.6209590063215,485.40961665471394,4427.640215661185,1769.5389932032995,988.6486797514416,408.8096869510114,116.93271488280523,711.2412697147188,485.40961665471394,4427.640215661185,1769.5389932032995,988.6486797514416,408.8096869510114,116.93271488280523,711.2412697147188
2026-01-27 18:00:00+00:00,1198.21,7399.25,4486.61,946.11,187.35,113.77,774.98,535.5519874939563,4794.543905178178,2098.296973420552,988.4874465868663,518.4623568950833,116.76559475642132,711.3866290503692,485.40961665471394,4427.640215661185,1769.5389932032995,988.6486797514416,408.8096869510114,116.93271488280523,711.2412697147188,485.40961665471394,4427.640215661185,1769.5389932032995,988.6486797514416,408.8096869510114,116.93271488280523,711.2412697147188
2026-01-27 19:00:00+00:00,1196.36,7379.2,4344.91,927.43,97.37997,111.58,742.07,535.5254828190001,4738.849524913848,2097.5780349411243,988.4874465868663,534.2919845887681,116.76559475642132,711.4792056773239,485.40961665471394,4427.640215661185,1769.5389932032995,988.6486797514416,408.8096869510114,116.93271488280523,711.2412697147188,485.40961665471394,4427.640215661185,1769.5389932032995,988.6486797514416,408.8096869510114,116.93271488280523,711.2412697147188
2026-01-27 20:00:00+00:00,1197.45,7366.86,4089.89,926.79,37.469997,108.68,729.66,537.5894172272388,4695.91761846227,2108.351414739906,988.4874465868663,550.1216122824527,116.76559475642132,711.8458243237093,485.40961665471394,4427.640215661185,1769.5389932032995,988.6486797514416,408.8096869510114,116.93271488280523,711.2412697147188,485.40961665471394,4427.640215661185,1769.5389932032995,988.6486797514416,408.8096869510114,116.93271488280523,711.2412697147188
2026-01-27 21:00:00+00:00,1209.35,7344.2,3958.52,915.6,-5.431801e-06,107.2,731.08,541.3814431032196,4645.635897351242,2125.879761837123,988.4874465868663,565.9512399761375,116.76559475642132,712.618254143835,485.40961665471394,4427.640215661185,1769.5389932032995,988.6486797514416,408.8096869510114,116.93271488280523,711.2412697147188,485.40961665471394,4427.640215661185,1769.5389932032995,988.6486797514416,408.8096869510114,116.93271488280523,711.2412697147188
2026-01-27 22:00:00+00:00,1206.09,7305.59,3846.8,907.68,-5.431801e-06,106.27,728.11,542.7762145651941,4569.934470438845,2132.8379549219835,988.4874465868663,581.7808676698223,116.76559475642132,713.0132310155084,485.40961665471394,4427.640215661185,1769.5389932032995,988.6486797514416,408.8096869510114,116.93271488280523,711.2412697147188,485.40961665471394,4427.640215661185,1769.5389932032995,988.6486797514416,408.8096869510114,116.93271488280523,711.2412697147188
2026-01-27 23:00:00+00:00,1202.13,7155.96,3717.6,911.22,-5.431801e-06,106.69,688.07,542.2264596401587,4502.984777184882,2129.7805574542367,988.4874465868663,597.610495363507,116.76559475642132,713.0400673905942,485.40961665471394,4427.640215661185,1769.5389932032995,988.6486797514416,408.8096869510114,116.93271488280523,711.2412697147188,485.40961665471394,4427.640215661185,1769.5389932032995,988.6486797514416,408.8096869510114,116.93271488280523,711.2412697147188
2026-01-28 00:00:00+00:00,1204.98,6589.18,3687.2,905.99,-5.431801e-06,106.07,686.21,538.9523233213941,4447.211338410672,2073.2162747025304,988.4874465868663,233.52905840875775,116.76559475642132,712.4352147710035,485.40961665471394,4427.640215661185,1769.5389932032995,988.6486797514416,408.8096869510114,116.93271488280523,711.2412697147188,485.40961665471394,4427.640215661185,1769.5389932032995,988.6486797514416,408.8096869510114,116.93271488280523,711.2412697147188
2026-01-28 01:00:00+00:00,1200.8,6601.77,3648.41,907.09,-5.431801e-06,106.2,673.67,537.4647965998164,4408.155197849167,2065.793092841107,988.4874465868663,249.3586861024425,116.76559475642132,712.3607619598196,485.40961665471394,4427.640215661185,1769.5389932032995,988.6486797514416,408.8096869510114,116.93271488280523,711.2412697147188,485.40961665471394,4427.640215661185,1769.5389932032995,988.6486797514416,408.8096869510114,116.93271488280523,711.2412697147188
2026-01-28 02:00:00+00:00,1203.36,6620.4,3640.59,918.29,-5.431801e-06,107.51,675.39,538.050452452381,4407.6759382664495,2070.8153682453635,988.4874465868663,265.18831379612726,116.76559475642132,712.4183848736574,485.40961665471394,4427.640215661185,1769.5389932032995,988.6486797514416,408.8096869510114,116.93271488280523,711.2412697147188,485.40961665471394,4427.640215661185,1769.5389932032995,988.6486797514416,408.8096869510114,116.93271488280523,711.2412697147188
2026-01-28 03:00:00+00:00,1208.96,6815.18,3566.43,927.76,-5.431801e-06,108.62,665.98,537.3757693154768,4461.015444732885,2071.0251235122905,988.4874465868663,281.017941489812,116.76559475642132,712.1780949739654,485.40961665471394,4427.640215661185,1769.5389932032995,988.6486797514416,408.8096869510114,116.93271488280523,711.2412697147188,485.40961665471394,4427.640215661185,1769.5389932032995,988.6486797514416,408.8096869510114,116.93271488280523,711.2412697147188
2026-01-28 04:00:00+00:00,1196.18,7429.49,3682.51,930.12,14.499994,108.9,677.03,538.2991861908138,4543.728137460626,2079.95159549252,988.4874465868663,296.8475691834968,116.76559475642132,712.1191196307885,485.40961665471394,4427.640215661185,1769.5389932032995,988.6486797514416,408.8096869510114,116.93271488280523,711.2412697147188,485.40961665471394,4427.640215661185,1769.5389932032995,988.6486797514416,408.8096869510114,116.93271488280523,711.2412697147188
2026-01-28 05:00:00+00:00,1112.34,7442.12,3691.2,929.62,128.72,108.84,670.73,541.1815628769406,4715.35855859913,2102.310409714132,988.4874465868663,312.6771968771815,116.76559475642132,712.0950985270933,485.40961665471394,4427.640215661185,1769.5389932032995,988.6486797514416,408.8096869510114,116.93271488280523,711.2412697147188,485.40961665471394,4427.640215661185,1769.5389932032995,988.6486797514416,408.8096869510114,116.93271488280523,711.2412697147188
2026-01-28 06:00:00+00:00,1033.7,7444.36,4128.09,916.27,651.08,107.32,686.0,543.2438214341196,4837.861256224616,2118.1578930063315,988.4874465868663,328.50682457086623,116.76559475642132,712.20504271571,485.40961665471394,4427.640215661185,1769.5389932032995,988.6486797514416,408.8096869510114,116.93271488280523,711.2412697147188,485.40961665471394,4427.640215661185,1769.5389932032995,988.6486797514416,408.8096869510114,116.93271488280523,711.2412697147188
2026-01-28 07:00:00+00:00,1066.9,7472.02,4253.91,920.56,1079.47,110.77,682.51,542.6076886587539,4867.688170907772,2117.9941693905193,988.4874465868663,344.336452264551,116.76559475642132,711.958317337413,485.40961665471394,4427.640215661185,1769.5389932032995,988.6486797514416,408.8096869510114,116.93271488280523,711.2412697147188,485.40961665471394,4427.640215661185,1769.5389932032995,988.6486797514416,408.8096869510114,116.93271488280523,711.2412697147188
2026-01-28 08:00:00+00:00,1025.73,7406.48,4166.46,930.33,978.93,111.93,689.93,539.7909522477413,4834.343271917902,2104.0782672035916,988.4874465868663,360.16607995823574,116.76559475642132,711.5244378409124,485.40961665471394,4427.640215661185,1769.5389932032995,988.6486797514416,408.8096869510114,116.93271488280523,711.2412697147188,485.40961665471394,4427.640215661185,1769.5389932032995,988.6486797514416,408.8096869510114,116.93271488280523,711.2412697147188
2026-01-28 09:00:00+00:00,1060.16,7418.29,4262.1,924.8,844.34,111.31,698.54,536.6199802303138,4805.843577149031,2087.6245474152565,988.4874465868663,375.9957076519205,116.76559475642132,711.091425637211,485.40961665471394,4427.640215661185,1769.5389932032995,988.6486797514416,408.8096869510114,116.93271488280523,711.2412697147188,485.40961665471394,4427.640215661185,1769.5389932032995,988.6486797514416,408.8096869510114,116.93271488280523,711.2412697147188
2026-01-28 10:00:00+00:00,1075.3,7413.94,4171.39,911.25,585.02,109.71,697.76,533.8210582448947,4775.270133286988,2073.113620551542,988.4874465868663,391.82533534560525,116.76559475642132,710.7121445958127,485.40961665471394,4427.640215661185,1769.5389932032995,988.6486797514416,408.8096869510114,116.93271488280523,711.2412697147188,485.40961665471394,4427.640215661185,1769.5389932032995,988.6486797514416,408.8096869510114,116.93271488280523,711.2412697147188
2026-01-28 11:00:00+00:00,1009.99,7368.49,4004.27,910.36,381.34,109.58,697.48,532.5529991666343,4763.868105413662,2068.3562155797986,988.4874465868663,407.65496303929,116.76559475642132,710.4755423591574,485.40961665471394,4427.640215661185,1769.5389932032995,988.6486797514416,408.8096869510114,116.93271488280523,711.2412697147188,485.40961665471394,4427.640215661185,1769.5389932032995,988.6486797514416,408.8096869510114,116.93271488280523,711.2412697147188
2026-01-28 12:00:00+00:00,984.09,7384.94,3908.85,908.84,366.7,109.4,685.05,532.6751584511043,4762.5798873260865,2072.437738924064,988.4874465868663,423.48459073297477,116.76559475642132,710.521365499516,485.40961665471394,4427.640215661185,1769.5389932032995,988.6486797514416,408.8096869510114,116.93271488280523,711.2412697147188,485.40961665471394,4427.640215661185,1769.5389932032995,988.6486797514416,408.8096869510114,116.93271488280523,711.2412697147188
2026-01-28 13:00:00+00:00,1015.97,7374.29,4006.41,912.57,451.95,109.83,686.2,532.2353378070281,4793.972006731811,2071.526761263307,988.4874465868663,439.3142184266595,116.76559475642132,710.4817109638773,485.40961665471394,4427.640215661185,1769.5389932032995,988.6486797514416,408.8096869510114,116.93271488280523,711.2412697147188,485.40961665471394,4427.640215661185,1769.5389932032995,988.6486797514416,408.8096869510114,116.93271488280523,711.2412697147188
2026-01-28 14:00:00+00:00,987.18005,7371.84,4099.95,913.27,486.07,109.92,675.26,531.8286123307254,4801.7260505208205,2071.7837533992974,988.4874465868663,455.1438461203443,116.76559475642132,710.4392408191422,485.40961665471394,4427.640215661185,1769.5389932032995,988.6486797514416,408.8096869510114,116.93271488280523,711.2412697147188,485.40961665471394,4427.640215661185,1769.5389932032995,988.6486797514416,408.8096869510114,116.93271488280523,711.2412697147188
2026-01-28 15:00:00+00:00,946.44,7415.03,4173.77,944.96,770.58,113.62,677.08,533.1721830563541,4795.816284227416,2081.0154955688163,988.4874465868663,470.97347381402903,116.76559475642132,710.5357667853887,485.40961665471394,4427.640215661185,1769.5389932032995,988.6486797514416,408.8096869510114,116.93271488280523,711.2412697147188,485.40961665471394,4427.640215661185,1769.5389932032995,988.6486797514416,408.8096869510114,116.93271488280523,711.2412697147188
2026-01-28 16:00:00+00:00,976.6,7467.52,4228.15,937.89,1049.3,112.81,691.76,535.4787575234129,4819.307770102756,2096.576386061592,988.4874465868663,486.8031015077138,116.76559475642132,710.7265460800817,485.40961665471394,4427.640215661185,1769.5389932032995,988.6486797514416,408.8096869510114,116.93271488280523,711.2412697147188,485.40961665471394,4427.640215661185,1769.5389932032995,988.6486797514416,408.8096869510114,116.93271488280523,711.2412697147188
2026-01-28 17:00:00+00:00,909.56,7441.04,4230.07,930.2,1051.62,111.9,697.77,535.990156419075,4778.671972996071,2100.2524533895735,988.4874465868663,502.6327292013985,116.76559475642132,710.9511400507154,485.40961665471394,4427.640215661185,1769.5389932032995,988.6486797514416,408.8096869510114,116.93271488280523,711.2412697147188,485.40961665471394,4427.640215661185,1769.5389932032995,988.6486797514416,408.8096869510114,116.93271488280523,711.2412697147188
2026-01-28 18:00:00+00:00,952.63,7442.11,4226.18,926.52,809.61,111.47,686.29,537.3589502124913,4727.824937575811,2108.1711448336905,988.4874465868663,518.4623568950833,116.76559475642132,711.1793541289503,485.40961665471394,4427.640215661185,1769.5389932032995,988.6486797514416,408.8096869510114,116.93271488280523,711.2412697147188,485.40961665471394,4427.640215661185,1769.5389932032995,988.6486797514416,408.8096869510114,116.93271488280523,711.2412697147188
2026-01-28 19:00:00+00:00,900.89,7389.79,4163.17,915.94,219.94002,110.22,686.58,537.5148055906437,4647.81858033022,2108.8745988872333,988.4874465868663,534.2919845887681,116.76559475642132,711.3586054236697,485.40961665471394,4427.640215661185,1769.5389932032995,988.6486797514416,408.8096869510114,116.93271488280523,711.2412697147188,485.40961665471394,4427.640215661185,1769.5389932032995,988.6486797514416,408.8096869510114,116.93271488280523,711.2412697147188
2026-01-28 20:00:00+00:00,903.05,7336.97,3976.91,911.67,46.350002,109.72,683.1,536.6633077523959,4568.593130439541,2104.2336502540907,988.4874465868663,550.1216122824527,116.76559475642132,711.5146443974087,485.40961665471394,4427.640215661185,1769.5389932032995,988.6486797514416,408.8096869510114,116.93271488280523,711.2412697147188,485.40961665471394,4427.640215661185,1769.5389932032995,988.6486797514416,408.8096869510114,116.93271488280523,711.2412697147188
2026-01-28 21:00:00+00:00,957.0,7296.89,3800.51,906.27,28.049982,109.1,677.72,535.4104908741571,4507.69495054941,2096.7995818010904,988.4874465868663,565.9512399761375,116.76559475642132,711.5893103724004,485.40961665471394,4427.640215661185,1769.5389932032995,988.6486797514416,408.8096869510114,116.93271488280523,711.2412697147188,485.40961665471394,4427.640215661185,1769.5389932032995,988.6486797514416,408.8096869510114,116.93271488280523,711.2412697147188
2026-01-28 22:00:00+00:00,867.05,7091.78,3588.89,903.09,2.790003,108.72,682.07,533.7491622671557,4438.586720589513,2087.532385230339,988.4874465868663,581.7808676698223,116.76559475642132,711.601052260943,485.40961665471394,4427.640215661185,1769.5389932032995,988.6486797514416,408.8096869510114,116.93271488280523,711.2412697147188,485.40961665471394,4427.640215661185,1769.5389932032995,988.6486797514416,408.8096869510114,116.93271488280523,711.2412697147188
2026-01-28 23:00:00+00:00,1048.84,6603.53,3704.56,908.43,0.020044617,106.37,684.84,533.4194470581917,4397.873509245349,2086.1811053964043,988.4874465868663,597.610495363507,116.76559475642132,711.6295655261798,485.40961665471394,4427.640215661185,1769.5389932032995,988.6486797514416,408.8096869510114,116.93271488280523,711.2412697147188,485.40961665471394,4427.640215661185,1769.5389932032995,988.6486797514416,408.8096869510114,116.93271488280523,711.2412697147188
2026-01-29 00:00:00+00:00,1044.81,6431.77,3700.12,911.1,-5.431801e-06,106.66,686.61,532.8629980322781,4382.22386250763,2043.6559170053627,988.4874465868663,233.52905840875775,116.76559475642132,711.5859568803708,485.40961665471394,4427.640215661185,1769.5389932032995,988.6486797514416,408.8096869510114,116.93271488280523,711.2412697147188,485.40961665471394,4427.640215661185,1769.5389932032995,988.6486797514416,408.8096869510114,116.93271488280523,711.2412697147188
2026-01-29 01:00:00+00:00,1044.41,6359.81,3706.92,934.74,-5.431801e-06,109.43,681.49,533.7329207502326,4387.624698375453,2048.9411572001286,988.4874465868663,249.3586861024425,116.76559475642132,711.7369661869527,485.40961665471394,4427.640215661185,1769.5389932032995,988.6486797514416,408.8096869510114,116.93271488280523,711.2412697147188,485.40961665471394,4427.640215661185,1769.5389932032995,988.6486797514416,408.8096869510114,116.93271488280523,711.2412697147188
2026-01-29 02:00:00+00:00,1042.75,6394.96,3711.94,919.23,-5.431801e-06,107.61,674.76,533.9569887251434,4404.997174552774,2051.536821329038,988.4874465868663,265.18831379612726,116.76559475642132,711.7903680179519,485.40961665471394,4427.640215661185,1769.5389932032995,988.6486797514416,408.8096869510114,116.93271488280523,711.2412697147188,485.40961665471394,4427.640215661185,1769.5389932032995,988.6486797514416,408.8096869510114,116.93271488280523,711.2412697147188
2026-01-29 03:00:00+00:00,998.02,6487.74,3688.51,914.74,-5.431801e-06,107.08,677.53,535.107629907793,4414.644637639602,2059.593834252294,988.4874465868663,281.017941489812,116.76559475642132,711.8989072194948,485.40961665471394,4427.640215661185,1769.5389932032995,988.6486797514416,408.8096869510114,116.93271488280523,711.2412697147188,485.40961665471394,4427.640215661185,1769.5389932032995,988.6486797514416,408.8096869510114,116.93271488280523,711.2412697147188
2026-01-29 04:00:00+00:00,1041.13,6697.07,3907.47,904.55,24.08999,105.89,687.55,538.1240549778431,4493.273366996164,2079.04845287145,988.4874465868663,296.8475691834968,116.76559475642132,712.0642016744121,485.40961665471394,4427.640215661185,1769.5389932032995,988.6486797514416,408.8096869510114,116.93271488280523,711.2412697147188,485.40961665471394,4427.640215661185,1769.5389932032995,988.6486797514416,408.8096869510114,116.93271488280523,711.2412697147188
2026-01-29 05:00:00+00:00,1060.94,7156.49,4170.0,913.5,245.81,106.94,690.58,541.9266436163974,4671.685725951073,2106.1347935155163,988.4874465868663,312.6771968771815,116.76559475642132,712.1290742059001,485.40961665471394,4427.640215661185,1769.5389932032995,988.6486797514416,408.8096869510114,116.93271488280523,711.2412697147188,485.40961665471394,4427.640215661185,1769.5389932032995,988.6486797514416,408.8096869510114,116.93271488280523,711.2412697147188
2026-01-29 06:00:00+00:00,1059.28,7536.45,4213.56,917.43,498.55,110.34,673.69,544.453207597277,4828.838352540457,2124.8895137284276,988.4874465868663,328.50682457086623,116.76559475642132,712.1654333037136,485.40961665471394,4427.640215661185,1769.5389932032995,988.6486797514416,408.8096869510114,116.93271488280523,711.2412697147188,485.40961665471394,4427.640215661185,1769.5389932032995,988.6486797514416,408.8096869510114,116.93271488280523,711.2412697147188
2026-01-29 07:00:00+00:00,1047.03,7584.98,4188.58,925.55,1020.19,111.35,657.09,546.3698900083398,4910.574845098401,2138.7162478468604,988.4874465868663,344.336452264551,116.76559475642132,712.2135341208017,485.40961665471394,4427.640215661185,1769.5389932032995,988.6486797514416,408.8096869510114,116.93271488280523,711.2412697147188,485.40961665471394,4427.640215661185,1769.5389932032995,988.6486797514416,408.8096869510114,116.93271488280523,711.2412697147188
2026-01-29 08:00:00+00:00,1048.3,7518.22,4085.98,935.66,1096.93,112.53,646.2,546.232894578655,4939.278682922006,2139.597127523632,988.4874465868663,360.16607995823574,116.76559475642132,712.0860082535991,485.40961665471394,4427.640215661185,1769.5389932032995,988.6486797514416,408.8096869510114,116.93271488280523,711.2412697147188,485.40961665471394,4427.640215661185,1769.5389932032995,988.6486797514416,408.8096869510114,116.93271488280523,711.2412697147188
2026-01-29 09:00:00+00:00,1046.52,7505.26,4083.83,913.58,1106.56,109.95,657.5,545.4048224366749,4949.964853613687,2136.2124265995067,988.4874465868663,375.9957076519205,116.76559475642132,711.9458738998572,485.40961665471394,4427.640215661185,1769.5389932032995,988.6486797514416,408.8096869510114,116.93271488280523,711.2412697147188,485.40961665471394,4427.640215661185,1769.5389932032995,988.6486797514416,408.8096869510114,116.93271488280523,711.2412697147188
2026-01-29 10:00:00+00:00,1046.64,7478.51,4077.08,918.28,966.44,110.5,655.24,544.1799889115849,4953.094135746191,2130.2399425021704,988.4874465868663,391.82533534560525,116.76559475642132,711.782799197037,485.40961665471394,4427.640215661185,1769.5389932032995,988.6486797514416,408.8096869510114,116.93271488280523,711.2412697147188,485.40961665471394,4427.640215661185,1769.5389932032995,988.6486797514416,408.8096869510114,116.93271488280523,711.2412697147188
2026-01-29 11:00:00+00:00,1047.34,7467.55,4046.32,915.03,855.64,110.12,663.03,543.6688770651921,4946.360768808956,2127.9855547331517,988.4874465868663,407.65496303929,116.76559475642132,711.6941189240579,485.40961665471394,4427.640215661185,1769.5389932032995,988.6486797514416,408.8096869510114,116.93271488280523,711.2412697147188,485.40961665471394,4427.640215661185,1769.5389932032995,988.6486797514416,408.8096869510114,116.93271488280523,711.2412697147188
2026-01-29 12:00:00+00:00,1048.83,7416.56,4023.56,911.36,847.22,109.69,635.22,544.0304144821754,4931.575557635144,2132.635216930921,988.4874465868663,423.48459073297477,116.76559475642132,711.6578125832056,485.40961665471394,4427.640215661185,1769.5389932032995,988.6486797514416,408.8096869510114,116.93271488280523,711.2412697147188,485.40961665471394,4427.640215661185,1769.5389932032995,988.6486797514416,408.8096869510114,116.93271488280523,711.2412697147188
2026-01-29 13:00:00+00:00,1059.38,7508.83,4047.23,918.16,648.64,110.48,662.61,543.0282648375097,4929.390036833447,2128.9539198159164,988.4874465868663,439.3142184266595,116.76559475642132,711.5848236668025,485.40961665471394,4427.640215661185,1769.5389932032995,988.6486797514416,408.8096869510114,116.93271488280523,711.2412697147188,485.40961665471394,4427.640215661185,1769.5389932032995,988.6486797514416,408.8096869510114,116.93271488280523,711.2412697147188
2026-01-29 14:00:00+00:00,1053.76,7503.51,4061.52,919.06,460.78,110.59,661.04,542.6930873287006,4937.126552937726,2129.546708297763,988.4874465868663,455.1438461203443,116.76559475642132,711.5403476585396,485.40961665471394,4427.640215661185,1769.5389932032995,988.6486797514416,408.8096869510114,116.93271488280523,711.2412697147188,485.40961665471394,4427.640215661185,1769.5389932032995,988.6486797514416,408.8096869510114,116.93271488280523,711.2412697147188
2026-01-29 15:00:00+00:00,1049.27,7488.6,4104.35,941.44,852.83,113.22,670.89,543.0532441822886,4939.742719858187,2134.5053688257085,988.4874465868663,470.97347381402903,116.76559475642132,711.610249559175,485.40961665471394,4427.640215661185,1769.5389932032995,988.6486797514416,408.8096869510114,116.93271488280523,711.2412697147188,485.40961665471394,4427.640215661185,1769.5389932032995,988.6486797514416,408.8096869510114,116.93271488280523,711.2412697147188
2026-01-29 16:00:00+00:00,1054.85,7505.41,4158.81,943.12,1225.3198,113.42,669.72,544.2812882703045,4989.330102807354,2145.089186989762,988.4874465868663,486.8031015077138,116.76559475642132,711.7095334382402,485.40961665471394,4427.640215661185,1769.5389932032995,988.6486797514416,408.8096869510114,116.93271488280523,711.2412697147188,485.40961665471394,4427.640215661185,1769.5389932032995,988.6486797514416,408.8096869510114,116.93271488280523,711.2412697147188
2026-01-29 17:00:00+00:00,1051.84,7524.82,4195.92,930.16,1226.84,111.9,686.46,544.9643366172359,4995.610411901545,2151.1090280480785,988.4874465868663,502.6327292013985,116.76559475642132,711.7341506175525,485.40961665471394,4427.640215661185,1769.5389932032995,988.6486797514416,408.8096869510114,116.93271488280523,711.2412697147188,485.40961665471394,4427.640215661185,1769.5389932032995,988.6486797514416,408.8096869510114,116.93271488280523,711.2412697147188
2026-01-29 18:00:00+00:00,1046.38,7468.8,4152.66,929.69,742.95,111.85,682.84,545.5082926627263,4959.496103036156,2155.0539611517106,988.4874465868663,518.4623568950833,116.76559475642132,711.7534663562022,485.40961665471394,4427.640215661185,1769.5389932032995,988.6486797514416,408.8096869510114,116.93271488280523,711.2412697147188,485.40961665471394,4427.640215661185,1769.5389932032995,988.6486797514416,408.8096869510114,116.93271488280523,711.2412697147188
2026-01-29 19:00:00+00:00,1045.78,7474.9,4105.06,917.82,411.73,110.45,674.75,545.0093574173357,4858.420714107511,2152.971650769112,988.4874465868663,534.2919845887681,116.76559475642132,711.795722642327,485.40961665471394,4427.640215661185,1769.5389932032995,988.6486797514416,408.8096869510114,116.93271488280523,711.2412697147188,485.40961665471394,4427.640215661185,1769.5389932032995,988.6486797514416,408.8096869510114,116.93271488280523,711.2412697147188
2026-01-29 20:00:00+00:00,1058.54,7600.56,4025.45,1150.97,190.45,137.75,671.36,543.8635913859358,4768.6046519160345,2147.761523573493,988.4874465868663,550.1216122824527,116.76559475642132,711.8035680375846,485.40961665471394,4427.640215661185,1769.5389932032995,988.6486797514416,408.8096869510114,116.93271488280523,711.2412697147188,485.40961665471394,4427.640215661185,1769.5389932032995,988.6486797514416,408.8096869510114,116.93271488280523,711.2412697147188
2026-01-29 21:00:00+00:00,1047.67,7579.25,4063.5,1097.28,148.70001,128.49,687.59,542.5724162945222,4701.148948280891,2140.772396807988,988.4874465868663,565.9512399761375,116.76559475642132,711.8566990481944,485.40961665471394,4427.640215661185,1769.5389932032995,988.6486797514416,408.8096869510114,116.93271488280523,711.2412697147188,485.40961665471394,4427.640215661185,1769.5389932032995,988.6486797514416,408.8096869510114,116.93271488280523,711.2412697147188
2026-01-29 22:00:00+00:00,955.34,7431.59,3910.45,1022.76,37.70001,119.76,684.33,541.6223629089286,4619.261666716026,2135.6322297244524,988.4874465868663,581.7808676698223,116.76559475642132,711.9294170445949,485.40961665471394,4427.640215661185,1769.5389932032995,988.6486797514416,408.8096869510114,116.93271488280523,711.2412697147188,485.40961665471394,4427.640215661185,1769.5389932032995,988.6486797514416,408.8096869510114,116.93271488280523,711.2412697147188
2026-01-29 23:00:00+00:00,974.78,6718.89,3846.49,1020.41,3.1400092,122.47,1001.99,540.9097663258095,4532.003732932158,2132.321812796638,988.4874465868663,597.610495363507,116.76559475642132,711.982547757195,485.40961665471394,4427.640215661185,1769.5389932032995,988.6486797514416,408.8096869510114,116.93271488280523,711.2412697147188,485.40961665471394,4427.640215661185,1769.5389932032995,988.6486797514416,408.8096869510114,116.93271488280523,711.2412697147188
2026-01-30 00:00:00+00:00,1051.88,6215.09,3800.89,1012.94,1.4099982,121.59,1004.23,540.6737907597554,4472.0696936302,2090.296175410247,988.4874465868663,233.52905840875775,116.76559475642132,712.2440387183129,485.40961665471394,4427.640215661185,1769.5389932032995,988.6486797514416,408.8096869510114,116.93271488280523,711.2412697147188,485.40961665471394,4427.640215661185,1769.5389932032995,988.6486797514416,408.8096869510114,116.93271488280523,711.2412697147188
2026-01-30 01:00:00+00:00,1060.6,6023.69,3798.92,1010.52,-5.431801e-06,121.3,999.73,540.9263583556797,4449.495157464035,2092.959166490017,988.4874465868663,249.3586861024425,116.76559475642132,712.3203818515067,485.40961665471394,4427.640215661185,1769.5389932032995,988.6486797514416,408.8096869510114,116.93271488280523,711.2412697147188,485.40961665471394,4427.640215661185,1769.5389932032995,988.6486797514416,408.8096869510114,116.93271488280523,711.2412697147188
2026-01-30 02:00:00+00:00,1063.31,6033.06,3699.05,1022.05,-5.431801e-06,122.66,996.64,541.3160241148271,4451.737336526728,2096.7963869086084,988.4874465868663,265.18831379612726,116.76559475642132,712.343593715777,485.40961665471394,4427.640215661185,1769.5389932032995,988.6486797514416,408.8096869510114,116.93271488280523,711.2412697147188,485.40961665471394,4427.640215661185,1769.5389932032995,988.6486797514416,408.8096869510114,116.93271488280523,711.2412697147188
2026-01-30 03:00:00+00:00,1060.43,6132.37,3740.2,1017.12,1.459986,122.07,995.69,541.9345591751215,4481.228228949675,2102.9734661660127,988.4874465868663,281.017941489812,116.76559475642132,712.3391012165298,485.40961665471394,4427.640215661185,1769.5389932032995,988.6486797514416,408.8096869510114,116.93271488280523,711.2412697147188,485.40961665471394,4427.640215661185,1769.5389932032995,988.6486797514416,408.8096869510114,116.93271488280523,711.2412697147188
2026-01-30 04:00:00+00:00,988.66,6490.29,3952.64,1011.11,26.300013,121.37,1007.49,542.7019045373133,4570.633515151838,2110.7044412170476,988.4874465868663,296.8475691834968,116.76559475642132,712.294625704673,485.40961665471394,4427.640215661185,1769.5389932032995,988.6486797514416,408.8096869510114,116.93271488280523,711.2412697147188,485.40961665471394,4427.640215661185,1769.5389932032995,988.6486797514416,408.8096869510114,116.93271488280523,711.2412697147188
2026-01-30 05:00:00+00:00,1057.89,7156.68,4203.83,1020.69,229.47,122.49,996.76,545.0322739553224,4719.607137526098,2128.590637866222,988.4874465868663,312.6771968771815,116.76559475642132,712.2929490728355,485.40961665471394,4427.640215661185,1769.5389932032995,988.6486797514416,408.8096869510114,116.93271488280523,711.2412697147188,485.40961665471394,4427.640215661185,1769.5389932032995,988.6486797514416,408.8096869510114,116.93271488280523,711.2412697147188
2026-01-30 06:00:00+00:00,1060.38,7549.82,4313.26,1027.23,1178.2399,123.26,999.96,547.8722651456193,4843.421683391261,2149.4428875954136,988.4874465868663,328.50682457086623,116.76559475642132,712.4062464554722,485.40961665471394,4427.640215661185,1769.5389932032995,988.6486797514416,408.8096869510114,116.93271488280523,711.2412697147188,485.40961665471394,4427.640215661185,1769.5389932032995,988.6486797514416,408.8096869510114,116.93271488280523,711.2412697147188
2026-01-30 07:00:00+00:00,1059.13,7609.73,4363.13,1003.55,1587.92,120.5,1009.79,548.2547385586545,4884.29160676895,2154.42094730719,988.4874465868663,344.336452264551,116.76559475642132,712.3796811688268,485.40961665471394,4427.640215661185,1769.5389932032995,988.6486797514416,408.8096869510114,116.93271488280523,711.2412697147188,485.40961665471394,4427.640215661185,1769.5389932032995,988.6486797514416,408.8096869510114,116.93271488280523,711.2412697147188
2026-01-30 08:00:00+00:00,1060.73,7596.15,4333.38,970.09,1425.91,116.57,1007.41,546.4839163624858,4865.864928833956,2144.799165577386,988.4874465868663,360.16607995823574,116.76559475642132,712.276715677858,485.40961665471394,4427.640215661185,1769.5389932032995,988.6486797514416,408.8096869510114,116.93271488280523,711.2412697147188,485.40961665471394,4427.640215661185,1769.5389932032995,988.6486797514416,408.8096869510114,116.93271488280523,711.2412697147188
2026-01-30 09:00:00+00:00,1062.67,7592.68,4293.42,1031.85,1186.93,124.18,993.45,542.8808381952908,4830.57312469241,2124.081240553891,988.4874465868663,375.9957076519205,116.76559475642132,711.9900062641806,485.40961665471394,4427.640215661185,1769.5389932032995,988.6486797514416,408.8096869510114,116.93271488280523,711.2412697147188,485.40961665471394,4427.640215661185,1769.5389932032995,988.6486797514416,408.8096869510114,116.93271488280523,711.2412697147188
2026-01-30 10:00:00+00:00,1068.75,7589.22,4120.03,1042.62,267.95,123.1,972.81,539.3199385666042,4791.957163225656,2104.1350275032087,988.4874465868663,391.82533534560525,116.76559475642132,711.6060193313721,485.40961665471394,4427.640215661185,1769.5389932032995,988.6486797514416,408.8096869510114,116.93271488280523,711.2412697147188,485.40961665471394,4427.640215661185,1769.5389932032995,988.6486797514416,408.8096869510114,116.93271488280523,711.2412697147188
2026-01-30 11:00:00+00:00,1064.0,7541.54,4169.42,1034.37,69.05996,121.1,991.2,536.8800636177014,4733.663464338062,2091.0928851146728,988.4874465868663,407.65496303929,116.76559475642132,711.26201693035,485.40961665471394,4427.640215661185,1769.5389932032995,988.6486797514416,408.8096869510114,116.93271488280523,711.2412697147188,485.40961665471394,4427.640215661185,1769.5389932032995,988.6486797514416,408.8096869510114,116.93271488280523,711.2412697147188
2026-01-30 12:00:00+00:00,1062.02,7581.23,4127.05,1030.56,86.14999,120.67,996.34,537.3086709315698,4690.01040106545,2096.2872621172514,988.4874465868663,423.48459073297477,116.76559475642132,711.3633014453543,485.40961665471394,4427.640215661185,1769.5389932032995,988.6486797514416,408.8096869510114,116.93271488280523,711.2412697147188,485.40961665471394,4427.640215661185,1769.5389932032995,988.6486797514416,408.8096869510114,116.93271488280523,711.2412697147188
2026-01-30 13:00:00+00:00,1059.7,7559.28,4095.07,1036.25,60.230007,121.34,1015.24,535.7722566598899,4661.047805135711,2090.2237863276423,988.4874465868663,439.3142184266595,116.76559475642132,711.2296070430865,485.40961665471394,4427.640215661185,1769.5389932032995,988.6486797514416,408.8096869510114,116.93271488280523,711.2412697147188,485.40961665471394,4427.640215661185,1769.5389932032995,988.6486797514416,408.8096869510114,116.93271488280523,711.2412697147188
2026-01-30 14:00:00+00:00,1059.36,7553.15,4163.7,1042.56,100.63,122.07,1017.74,535.0289916688172,4669.881968835683,2089.596507730977,988.4874465868663,455.1438461203443,116.76559475642132,711.0897439364854,485.40961665471394,4427.640215661185,1769.5389932032995,988.6486797514416,408.8096869510114,116.93271488280523,711.2412697147188,485.40961665471394,4427.640215661185,1769.5389932032995,988.6486797514416,408.8096869510114,116.93271488280523,711.2412697147188
2026-01-30 15:00:00+00:00,1062.93,7538.3,3995.13,1047.72,116.89999,122.67,987.32,535.782640591534,4695.244110122622,2096.5818442016307,988.4874465868663,470.97347381402903,116.76559475642132,711.0712956898614,485.40961665471394,4427.640215661185,1769.5389932032995,988.6486797514416,408.8096869510114,116.93271488280523,711.2412697147188,485.40961665471394,4427.640215661185,1769.5389932032995,988.6486797514416,408.8096869510114,116.93271488280523,711.2412697147188
2026-01-30 16:00:00+00:00,1064.79,7442.22,3887.95,1043.42,138.19,140.31,982.57,536.9261914039554,4717.144135425021,2105.3225451868725,988.4874465868663,486.8031015077138,116.76559475642132,711.2240388281521,485.40961665471394,4427.640215661185,1769.5389932032995,988.6486797514416,408.8096869510114,116.93271488280523,711.2412697147188,485.40961665471394,4427.640215661185,1769.5389932032995,988.6486797514416,408.8096869510114,116.93271488280523,711.2412697147188
2026-01-30 17:00:00+00:00,1060.74,7419.43,3851.34,1066.9,115.77999,149.22,987.97,537.8356221141175,4715.00843978824,2111.314656195039,988.4874465868663,502.6327292013985,116.76559475642132,711.2634847724652,485.40961665471394,4427.640215661185,1769.5389932032995,988.6486797514416,408.8096869510114,116.93271488280523,711.2412697147188,485.40961665471394,4427.640215661185,1769.5389932032995,988.6486797514416,408.8096869510114,116.93271488280523,711.2412697147188
2026-01-30 18:00:00+00:00,1055.64,7264.42,3817.76,1046.35,86.35,129.02,981.02,537.8038109525558,4651.633671145843,2112.0935523476123,988.4874465868663,518.4623568950833,116.76559475642132,711.2769029948355,485.40961665471394,4427.640215661185,1769.5389932032995,988.6486797514416,408.8096869510114,116.93271488280523,711.2412697147188,485.40961665471394,4427.640215661185,1769.5389932032995,988.6486797514416,408.8096869510114,116.93271488280523,711.2412697147188
2026-01-30 19:00:00+00:00,1055.16,7138.57,3800.72,1036.14,66.689995,121.3,976.95,536.7837780529068,4559.7941114149025,2106.315129661684,988.4874465868663,534.2919845887681,116.76559475642132,711.3001153854705,485.40961665471394,4427.640215661185,1769.5389932032995,988.6486797514416,408.8096869510114,116.93271488280523,711.2412697147188,485.40961665471394,4427.640215661185,1769.5389932032995,988.6486797514416,408.8096869510114,116.93271488280523,711.2412697147188
2026-01-30 20:00:00+00:00,950.31006,6708.3,3588.01,1025.62,-5.431801e-06,120.07,975.26,535.2793740409963,4448.826373521081,2097.9927568006733,988.4874465868663,550.1216122824527,116.76559475642132,711.32695201887,485.40961665471394,4427.640215661185,1769.5389932032995,988.6486797514416,408.8096869510114,116.93271488280523,711.2412697147188,485.40961665471394,4427.640215661185,1769.5389932032995,988.6486797514416,408.8096869510114,116.93271488280523,711.2412697147188
2026-01-30 21:00:00+00:00,843.92,6318.56,3405.6,1022.35,-5.431801e-06,119.69,969.21,533.2570208421207,4379.262645082906,2087.3256418820374,988.4874465868663,565.9512399761375,116.76559475642132,711.320783453846,485.40961665471394,4427.640215661185,1769.5389932032995,988.6486797514416,408.8096869510114,116.93271488280523,711.2412697147188,485.40961665471394,4427.640215661185,1769.5389932032995,988.6486797514416,408.8096869510114,116.93271488280523,711.2412697147188
2026-01-30 22:00:00+00:00,801.86,5198.01,3287.03,1017.01,-5.431801e-06,119.07,972.2,531.6948777791678,4303.852145868308,2079.0126432505294,988.4874465868663,581.7808676698223,116.76559475642132,711.3126666721383,485.40961665471394,4427.640215661185,1769.5389932032995,988.6486797514416,408.8096869510114,116.93271488280523,711.2412697147188,485.40961665471394,4427.640215661185,1769.5389932032995,988.6486797514416,408.8096869510114,116.93271488280523,711.2412697147188
2026-01-30 23:00:00+00:00,918.59,5483.17,3495.72,1015.4,-5.431801e-06,118.88,988.54,530.1991337883766,4239.596908713845,2071.327862848443,988.4874465868663,597.610495363507,116.76559475642132,711.3037401246411,485.40961665471394,4427.640215661185,1769.5389932032995,988.6486797514416,408.8096869510114,116.93271488280523,711.2412697147188,485.40961665471394,4427.640215661185,1769.5389932032995,988.6486797514416,408.8096869510114,116.93271488280523,711.2412697147188
2026-01-31 00:00:00+00:00,917.34,4695.32,3604.33,1016.39,-5.431801e-06,118.99,996.13,549.5910787912879,4267.551139143233,2101.1489404914305,987.3080875626988,233.83087713253502,116.6457864836912,713.6072754802096,485.40961665471394,4427.640215661185,1769.5389932032995,988.6486797514416,408.8096869510114,116.93271488280523,711.2412697147188,485.40961665471394,4427.640215661185,1769.5389932032995,988.6486797514416,408.8096869510114,116.93271488280523,711.2412697147188
2026-01-31 01:00:00+00:00,943.21,4373.56,3627.0803,1008.56,-5.431801e-06,118.09,994.16,549.4999269261901,4239.024166970133,2102.6767900657187,987.3080875626988,249.49475465342113,116.6457864836912,713.5083668921089,485.40961665471394,4427.640215661185,1769.5389932032995,988.6486797514416,408.8096869510114,116.93271488280523,711.2412697147188,485.40961665471394,4427.640215661185,1769.5389932032995,988.6486797514416,408.8096869510114,116.93271488280523,711.2412697147188
2026-01-31 02:00:00+00:00,903.41,4140.25,3627.7,1011.33,-5.431801e-06,118.41,987.68,549.2274000215002,4210.235403324669,2102.7939773556277,987.3080875626988,265.1586321743073,116.6457864836912,713.4495745533965,485.40961665471394,4427.640215661185,1769.5389932032995,988.6486797514416,408.8096869510114,116.93271488280523,711.2412697147188,485.40961665471394,4427.640215661185,1769.5389932032995,988.6486797514416,408.8096869510114,116.93271488280523,711.2412697147188
2026-01-31 03:00:00+00:00,978.36,3950.0,3620.2803,1023.44,-5.431801e-06,119.83,994.25,549.5295619303216,4204.189375012901,2106.167547608687,987.3080875626988,280.8225096951934,116.6457864836912,713.4055076544299,485.40961665471394,4427.640215661185,1769.5389932032995,988.6486797514416,408.8096869510114,116.93271488280523,711.2412697147188,485.40961665471394,4427.640215661185,1769.5389932032995,988.6486797514416,408.8096869510114,116.93271488280523,711.2412697147188
2026-01-31 04:00:00+00:00,1000.91,3703.06,3666.01,1022.78,-5.431801e-06,119.75,1001.78,550.2313270644979,4208.222680107271,2110.939779731813,987.3080875626988,296.48638721607955,116.6457864836912,713.4435908991644,485.40961665471394,4427.640215661185,1769.5389932032995,988.6486797514416,408.8096869510114,116.93271488280523,711.2412697147188,485.40961665471394,4427.640215661185,1769.5389932032995,988.6486797514416,408.8096869510114,116.93271488280523,711.2412697147188
2026-01-31 05:00:00+00:00,921.41,4177.23,3667.22,1027.05,-5.431801e-06,120.24,996.28,553.0877768297669,4217.575348294153,2126.531015395578,987.3080875626988,312.15026473696565,116.6457864836912,713.5984185057391,485.40961665471394,4427.640215661185,1769.5389932032995,988.6486797514416,408.8096869510114,116.93271488280523,711.2412697147188,485.40961665471394,4427.640215661185,1769.5389932032995,988.6486797514416,408.8096869510114,116.93271488280523,711.2412697147188
2026-01-31 06:00:00+00:00,834.66,5784.95,3714.79,1029.32,0.12999944,144.53,990.37,556.5957465162876,4297.0275607474,2146.2595951696203,987.3080875626988,327.81414225785176,116.6457864836912,713.7368312146973,485.40961665471394,4427.640215661185,1769.5389932032995,988.6486797514416,408.8096869510114,116.93271488280523,711.2412697147188,485.40961665471394,4427.640215661185,1769.5389932032995,988.6486797514416,408.8096869510114,116.93271488280523,711.2412697147188
2026-01-31 07:00:00+00:00,836.24,5666.99,3708.89,1034.7,0.029993348,121.75,990.58,560.0761005691621,4366.4781212776725,2165.8203556170483,987.3080875626988,343.4780197787379,116.6457864836912,713.9800989369518,485.40961665471394,4427.640215661185,1769.5389932032995,988.6486797514416,408.8096869510114,116.93271488280523,711.2412697147188,485.40961665471394,4427.640215661185,1769.5389932032995,988.6486797514416,408.8096869510114,116.93271488280523,711.2412697147188
2026-01-31 08:00:00+00:00,827.06,5617.81,3763.61,1023.24,-5.431801e-06,119.79,984.83,562.828918805579,4447.185836504886,2179.89158500585,987.3080875626988,359.141897299624,116.6457864836912,714.0350193174124,485.40961665471394,4427.640215661185,1769.5389932032995,988.6486797514416,408.8096869510114,116.93271488280523,711.2412697147188,485.40961665471394,4427.640215661185,1769.5389932032995,988.6486797514416,408.8096869510114,116.93271488280523,711.2412697147188
2026-01-31 09:00:00+00:00,868.82,5233.47,3820.48,1025.68,-5.431801e-06,120.08,985.95,562.7576827229753,4479.998825202018,2178.89918809299,987.3080875626988,374.8057748205101,116.6457864836912,713.8645050462538,485.40961665471394,4427.640215661185,1769.5389932032995,988.6486797514416,408.8096869510114,116.93271488280523,711.2412697147188,485.40961665471394,4427.640215661185,1769.5389932032995,988.6486797514416,408.8096869510114,116.93271488280523,711.2412697147188
2026-01-31 10:00:00+00:00,867.12,4940.88,3751.57,1016.53,-5.431801e-06,119.01,986.14,562.2167296564382,4486.168110275512,2175.207708239858,987.3080875626988,390.4696523413963,116.6457864836912,713.7428906379905,485.40961665471394,4427.640215661185,1769.5389932032995,988.6486797514416,408.8096869510114,116.93271488280523,711.2412697147188,485.40961665471394,4427.640215661185,1769.5389932032995,988.6486797514416,408.8096869510114,116.93271488280523,711.2412697147188
2026-01-31 11:00:00+00:00,749.83,4594.69,3713.17,1024.83,-5.431801e-06,119.99,987.66,560.0424375300097,4477.094483894462,2164.73336768673,987.3080875626988,406.1335298622824,116.6457864836912,713.4572816065669,485.40961665471394,4427.640215661185,1769.5389932032995,988.6486797514416,408.8096869510114,116.93271488280523,711.2412697147188,485.40961665471394,4427.640215661185,1769.5389932032995,988.6486797514416,408.8096869510114,116.93271488280523,711.2412697147188
2026-01-31 12:00:00+00:00,739.99,4474.0,3715.37,1023.77,-5.431801e-06,119.87,983.1,560.6468757188751,4474.284060053129,2168.3755498603605,987.3080875626988,421.79740738316855,116.6457864836912,713.37413377542,485.40961665471394,4427.640215661185,1769.5389932032995,988.6486797514416,408.8096869510114,116.93271488280523,711.2412697147188,485.40961665471394,4427.640215661185,1769.5389932032995,988.6486797514416,408.8096869510114,116.93271488280523,711.2412697147188
2026-01-31 13:00:00+00:00,743.58,4689.26,3710.53,1026.72,-5.431801e-06,120.22,982.24,560.986003043593,4491.089155592637,2170.9989444751704,987.3080875626988,437.46128490405465,116.6457864836912,713.4307039014234,485.40961665471394,4427.640215661185,1769.5389932032995,988.6486797514416,408.8096869510114,116.93271488280523,711.2412697147188,485.40961665471394,4427.640215661185,1769.5389932032995,988.6486797514416,408.8096869510114,116.93271488280523,711.2412697147188
2026-01-31 14:00:00+00:00,743.57,5561.58,3712.8,1029.87,-5.431801e-06,120.58,976.16,564.5868581281256,4535.371263810762,2193.372635910418,987.3080875626988,453.1251624249408,116.6457864836912,713.7015478559669,485.40961665471394,4427.640215661185,1769.5389932032995,988.6486797514416,408.8096869510114,116.93271488280523,711.2412697147188,485.40961665471394,4427.640215661185,1769.5389932032995,988.6486797514416,408.8096869510114,116.93271488280523,711.2412697147188
2026-01-31 15:00:00+00:00,744.62,5807.65,3803.49,1065.21,299.27,124.71,988.16,569.3302261335266,4597.00000896619,2222.654645132753,987.3080875626988,468.7890399458269,116.6457864836912,714.1657246074972,485.40961665471394,4427.640215661185,1769.5389932032995,988.6486797514416,408.8096869510114,116.93271488280523,711.2412697147188,485.40961665471394,4427.640215661185,1769.5389932032995,988.6486797514416,408.8096869510114,116.93271488280523,711.2412697147188
2026-01-31 16:00:00+00:00,758.81,5591.5,3879.54,1069.92,1395.2799,143.47,989.52,574.888136395517,4645.381918955793,2255.4595661136827,987.3080875626988,484.4529174667131,116.6457864836912,714.8917699488127,485.40961665471394,4427.640215661185,1769.5389932032995,988.6486797514416,408.8096869510114,116.93271488280523,711.2412697147188,485.40961665471394,4427.640215661185,1769.5389932032995,988.6486797514416,408.8096869510114,116.93271488280523,711.2412697147188
2026-01-31 17:00:00+00:00,796.13,5598.16,3879.48,1075.39,1524.17,150.14,985.11,577.9341238077527,4661.23746328709,2272.6015152604264,987.3080875626988,500.1167949875992,116.6457864836912,715.411211212451,485.40961665471394,4427.640215661185,1769.5389932032995,988.6486797514416,408.8096869510114,116.93271488280523,711.2412697147188,485.40961665471394,4427.640215661185,1769.5389932032995,988.6486797514416,408.8096869510114,116.93271488280523,711.2412697147188
2026-01-31 18:00:00+00:00,805.84,5941.34,3876.95,1073.43,1358.66,149.83,985.29,578.9084534127886,4623.447137406544,2280.1036757939273,987.3080875626988,515.7806725084853,116.6457864836912,715.5570651685556,485.40961665471394,4427.640215661185,1769.5389932032995,988.6486797514416,408.8096869510114,116.93271488280523,711.2412697147188,485.40961665471394,4427.640215661185,1769.5389932032995,988.6486797514416,408.8096869510114,116.93271488280523,711.2412697147188
2026-01-31 19:00:00+00:00,797.21,5938.46,3762.78,1043.34,350.18,128.58,980.0,578.8221435672688,4551.074211112686,2280.7439136147195,987.3080875626988,531.4445500293714,116.6457864836912,715.9513255840305,485.40961665471394,4427.640215661185,1769.5389932032995,988.6486797514416,408.8096869510114,116.93271488280523,711.2412697147188,485.40961665471394,4427.640215661185,1769.5389932032995,988.6486797514416,408.8096869510114,116.93271488280523,711.2412697147188
2026-01-31 20:00:00+00:00,796.92,6068.28,3719.9001,1031.2,49.70001,120.72,982.98,578.0606510771663,4500.198127293852,2279.133806309895,987.3080875626988,547.1084275502576,116.6457864836912,716.2215548534812,485.40961665471394,4427.640215661185,1769.5389932032995,988.6486797514416,408.8096869510114,116.93271488280523,711.2412697147188,485.40961665471394,4427.640215661185,1769.5389932032995,988.6486797514416,408.8096869510114,116.93271488280523,711.2412697147188
2026-01-31 21:00:00+00:00,794.14,5907.03,3694.72,1029.51,66.11999,120.52,974.34,578.01288245059,4486.875552358245,2281.088702482187,987.3080875626988,562.7723050711436,116.6457864836912,716.4372470391787,485.40961665471394,4427.640215661185,1769.5389932032995,988.6486797514416,408.8096869510114,116.93271488280523,711.2412697147188,485.40961665471394,4427.640215661185,1769.5389932032995,988.6486797514416,408.8096869510114,116.93271488280523,711.2412697147188
2026-01-31 22:00:00+00:00,884.27,5521.34,3627.6802,1005.26,57.86999,117.69,976.12,576.7805295468196,4445.75846948084,2276.2161263375147,987.3080875626988,578.4361825920298,116.6457864836912,716.5200869438762,485.40961665471394,4427.640215661185,1769.5389932032995,988.6486797514416,408.8096869510114,116.93271488280523,711.2412697147188,485.40961665471394,4427.640215661185,1769.5389932032995,988.6486797514416,408.8096869510114,116.93271488280523,711.2412697147188
2026-01-31 23:00:00+00:00,912.99,5267.04,3744.34,1029.59,0.98000556,120.54,987.93,574.2494153797302,4371.421919706018,2265.2275878349897,987.3080875626988,594.100060112916,116.6457864836912,716.5850945800413,485.40961665471394,4427.640215661185,1769.5389932032995,988.6486797514416,408.8096869510114,116.93271488280523,711.2412697147188,485.40961665471394,4427.640215661185,1769.5389932032995,988.6486797514416,408.8096869510114,116.93271488280523,711.2412697147188
2026-02-01 00:00:00+00:00,1007.89,4789.19,3814.29,1019.72,-5.431801e-06,119.37,994.76,574.1517407429922,4329.564716306979,2224.434827864912,987.3080875626988,233.83087713253502,116.6457864836912,716.690409682945,485.40961665471394,4427.640215661185,1769.5389932032995,988.6486797514416,408.8096869510114,116.93271488280523,711.2412697147188,485.40961665471394,4427.640215661185,1769.5389932032995,988.6486797514416,408.8096869510114,116.93271488280523,711.2412697147188
2026-02-01 01:00:00+00:00,1092.32,4354.27,3825.78,1033.76,0.05001288,121.02,988.93,575.4979756520275,4313.049268181218,2232.5239853585367,987.3080875626988,249.49475465342113,116.6457864836912,716.8855077068632,485.40961665471394,4427.640215661185,1769.5389932032995,988.6486797514416,408.8096869510114,116.93271488280523,711.2412697147188,485.40961665471394,4427.640215661185,1769.5389932032995,988.6486797514416,408.8096869510114,116.93271488280523,711.2412697147188
2026-02-01 02:00:00+00:00,1022.28,4251.01,3760.52,1022.0,-5.431801e-06,119.64,983.22,575.8843709942754,4306.184161189512,2235.850189462407,987.3080875626988,265.1586321743073,116.6457864836912,717.0075056290729,485.40961665471394,4427.640215661185,1769.5389932032995,988.6486797514416,408.8096869510114,116.93271488280523,711.2412697147188,485.40961665471394,4427.640215661185,1769.5389932032995,988.6486797514416,408.8096869510114,116.93271488280523,711.2412697147188
2026-02-01 03:00:00+00:00,1074.38,4252.99,3727.71,1006.72,-5.431801e-06,117.86,986.14,576.5258716808859,4312.860155804193,2240.7578514656593,987.3080875626988,280.8225096951934,116.6457864836912,717.0151754532068,485.40961665471394,4427.640215661185,1769.5389932032995,988.6486797514416,408.8096869510114,116.93271488280523,711.2412697147188,485.40961665471394,4427.640215661185,1769.5389932032995,988.6486797514416,408.8096869510114,116.93271488280523,711.2412697147188
2026-02-01 04:00:00+00:00,1065.58,4276.6,3785.17,1022.86,-5.431801e-06,119.75,995.55,576.3265175990588,4315.127860613902,2241.459188687039,987.3080875626988,296.48638721607955,116.6457864836912,717.0766923478365,485.40961665471394,4427.640215661185,1769.5389932032995,988.6486797514416,408.8096869510114,116.93271488280523,711.2412697147188,485.40961665471394,4427.640215661185,1769.5389932032995,988.6486797514416,408.8096869510114,116.93271488280523,711.2412697147188
2026-02-01 05:00:00+00:00,1123.14,4275.64,3783.23,1033.43,0.14000921,120.98,995.37,576.972430081689,4325.528732445557,2246.5403329456194,987.3080875626988,312.15026473696565,116.6457864836912,717.1469534736746,485.40961665471394,4427.640215661185,1769.5389932032995,988.6486797514416,408.8096869510114,116.93271488280523,711.2412697147188,485.40961665471394,4427.640215661185,1769.5389932032995,988.6486797514416,408.8096869510114,116.93271488280523,711.2412697147188
2026-02-01 06:00:00+00:00,1155.47,4513.93,3848.1,1033.64,-5.431801e-06,121.01,992.59,579.9407832419654,4366.093163391599,2264.4008251562477,987.3080875626988,327.81414225785176,116.6457864836912,717.516476743599,485.40961665471394,4427.640215661185,1769.5389932032995,988.6486797514416,408.8096869510114,116.93271488280523,711.2412697147188,485.40961665471394,4427.640215661185,1769.5389932032995,988.6486797514416,408.8096869510114,116.93271488280523,711.2412697147188
2026-02-01 07:00:00+00:00,1185.15,5110.39,3899.39,1034.23,0.05001288,121.08,1004.07,581.9531499972697,4434.773855467848,2276.376802231848,987.3080875626988,343.4780197787379,116.6457864836912,717.5322006372194,485.40961665471394,4427.640215661185,1769.5389932032995,988.6486797514416,408.8096869510114,116.93271488280523,711.2412697147188,485.40961665471394,4427.640215661185,1769.5389932032995,988.6486797514416,408.8096869510114,116.93271488280523,711.2412697147188
2026-02-01 08:00:00+00:00,1199.18,5103.7,3918.12,1023.06,-5.431801e-06,119.77,1006.82,582.7237824038803,4474.978921732997,2282.425805503119,987.3080875626988,359.141897299624,116.6457864836912,717.3682452854902,485.40961665471394,4427.640215661185,1769.5389932032995,988.6486797514416,408.8096869510114,116.93271488280523,711.2412697147188,485.40961665471394,4427.640215661185,1769.5389932032995,988.6486797514416,408.8096869510114,116.93271488280523,711.2412697147188
2026-02-01 09:00:00+00:00,1213.57,4805.9,3897.21,1031.41,-5.431801e-06,120.76,1009.73,582.030574588496,4482.651496025535,2279.917016619553,987.3080875626988,374.8057748205101,116.6457864836912,717.1388992933202,485.40961665471394,4427.640215661185,1769.5389932032995,988.6486797514416,408.8096869510114,116.93271488280523,711.2412697147188,485.40961665471394,4427.640215661185,1769.5389932032995,988.6486797514416,408.8096869510114,116.93271488280523,711.2412697147188
2026-02-01 10:00:00+00:00,1220.74,4676.9,3912.48,1007.04,-5.431801e-06,117.91,1008.98,578.9063742003932,4479.067723755433,2264.7580866819176,987.3080875626988,390.4696523413963,116.6457864836912,716.8665977834592,485.40961665471394,4427.640215661185,1769.5389932032995,988.6486797514416,408.8096869510114,116.93271488280523,711.2412697147188,485.40961665471394,4427.640215661185,1769.5389932032995,988.6486797514416,408.8096869510114,116.93271488280523,711.2412697147188
2026-02-01 11:00:00+00:00,1225.71,4490.39,3806.15,980.95,-5.431801e-06,114.85,999.93,575.4401391534442,4449.532739799343,2247.272928560013,987.3080875626988,406.1335298622824,116.6457864836912,716.4146168441096,485.40961665471394,4427.640215661185,1769.5389932032995,988.6486797514416,408.8096869510114,116.93271488280523,711.2412697147188,485.40961665471394,4427.640215661185,1769.5389932032995,988.6486797514416,408.8096869510114,116.93271488280523,711.2412697147188
2026-02-01 12:00:00+00:00,1216.3,4361.39,3791.85,975.82,-5.431801e-06,114.26,1009.74,577.2062546341042,4410.7537713614265,2256.637112068677,987.3080875626988,421.79740738316855,116.6457864836912,716.8963193979608,485.40961665471394,4427.640215661185,1769.5389932032995,988.6486797514416,408.8096869510114,116.93271488280523,711.2412697147188,485.40961665471394,4427.640215661185,1769.5389932032995,988.6486797514416,408.8096869510114,116.93271488280523,711.2412697147188
2026-02-01 13:00:00+00:00,1218.19,4687.36,3805.09,983.83,0.05001288,115.19,1008.85,575.4112396733162,4408.196657626231,2249.015055104809,987.3080875626988,437.46128490405465,116.6457864836912,716.5447050786005,485.40961665471394,4427.640215661185,1769.5389932032995,988.6486797514416,408.8096869510114,116.93271488280523,711.2412697147188,485.40961665471394,4427.640215661185,1769.5389932032995,988.6486797514416,408.8096869510114,116.93271488280523,711.2412697147188
2026-02-01 14:00:00+00:00,1222.81,5439.14,3935.0,981.76,-5.431801e-06,114.94,1007.71,575.2047123844545,4445.553457928922,2251.0588375584143,987.3080875626988,453.1251624249408,116.6457864836912,716.3182355837698,485.40961665471394,4427.640215661185,1769.5389932032995,988.6486797514416,408.8096869510114,116.93271488280523,711.2412697147188,485.40961665471394,4427.640215661185,1769.5389932032995,988.6486797514416,408.8096869510114,116.93271488280523,711.2412697147188
2026-02-01 15:00:00+00:00,1152.12,5797.62,3982.35,1001.68,-5.431801e-06,117.27,1015.08,578.3517364058737,4496.660841136146,2270.9089086361564,987.3080875626988,468.7890399458269,116.6457864836912,716.4255077738013,485.40961665471394,4427.640215661185,1769.5389932032995,988.6486797514416,408.8096869510114,116.93271488280523,711.2412697147188,485.40961665471394,4427.640215661185,1769.5389932032995,988.6486797514416,408.8096869510114,116.93271488280523,711.2412697147188
2026-02-01 16:00:00+00:00,1054.78,5851.65,4018.42,1000.81,559.23,129.19,1016.75,581.7478482144264,4576.54584046478,2292.298698071334,987.3080875626988,484.4529174667131,116.6457864836912,716.5904609945408,485.40961665471394,4427.640215661185,1769.5389932032995,988.6486797514416,408.8096869510114,116.93271488280523,711.2412697147188,485.40961665471394,4427.640215661185,1769.5389932032995,988.6486797514416,408.8096869510114,116.93271488280523,711.2412697147188
2026-02-01 17:00:00+00:00,1065.31,5835.59,4036.2,1025.59,864.1599,144.15,1016.0,582.8777759326806,4598.2616690775585,2300.543082283902,987.3080875626988,500.1167949875992,116.6457864836912,716.6027334180567,485.40961665471394,4427.640215661185,1769.5389932032995,988.6486797514416,408.8096869510114,116.93271488280523,711.2412697147188,485.40961665471394,4427.640215661185,1769.5389932032995,988.6486797514416,408.8096869510114,116.93271488280523,711.2412697147188
2026-02-01 18:00:00+00:00,1129.68,5835.14,4066.94,1080.65,793.38,150.67,1005.28,586.9448199304343,4562.71459307443,2321.004494156844,987.3080875626988,515.7806725084853,116.6457864836912,717.5503779503698,485.40961665471394,4427.640215661185,1769.5389932032995,988.6486797514416,408.8096869510114,116.93271488280523,711.2412697147188,485.40961665471394,4427.640215661185,1769.5389932032995,988.6486797514416,408.8096869510114,116.93271488280523,711.2412697147188
2026-02-01 19:00:00+00:00,1092.96,5847.26,4008.97,1075.92,231.18,138.28,996.09,584.6922589412443,4516.114302149437,2312.8462747768717,987.3080875626988,531.4445500293714,116.6457864836912,717.439961412006,485.40961665471394,4427.640215661185,1769.5389932032995,988.6486797514416,408.8096869510114,116.93271488280523,711.2412697147188,485.40961665471394,4427.640215661185,1769.5389932032995,988.6486797514416,408.8096869510114,116.93271488280523,711.2412697147188
2026-02-01 20:00:00+00:00,1145.86,5650.89,3913.82,1000.71,57.17004,117.15,984.14,582.9020827711398,4431.33562641661,2306.9359985782025,987.3080875626988,547.1084275502576,116.6457864836912,717.6185291677867,485.40961665471394,4427.640215661185,1769.5389932032995,988.6486797514416,408.8096869510114,116.93271488280523,711.2412697147188,485.40961665471394,4427.640215661185,1769.5389932032995,988.6486797514416,408.8096869510114,116.93271488280523,711.2412697147188
2026-02-01 21:00:00+00:00,1207.09,5557.2,3917.4,888.07,89.05999,103.98,998.52,580.673771828712,4400.528668881235,2298.4385287487585,987.3080875626988,562.7723050711436,116.6457864836912,717.5027831515278,485.40961665471394,4427.640215661185,1769.5389932032995,988.6486797514416,408.8096869510114,116.93271488280523,711.2412697147188,485.40961665471394,4427.640215661185,1769.5389932032995,988.6486797514416,408.8096869510114,116.93271488280523,711.2412697147188
2026-02-01 22:00:00+00:00,1144.76,5452.16,3721.89,882.67,30.969995,103.35,982.3,578.1837150730167,4308.599091350056,2287.2412860695617,987.3080875626988,578.4361825920298,116.6457864836912,717.4982207767188,485.40961665471394,4427.640215661185,1769.5389932032995,988.6486797514416,408.8096869510114,116.93271488280523,711.2412697147188,485.40961665471394,4427.640215661185,1769.5389932032995,988.6486797514416,408.8096869510114,116.93271488280523,711.2412697147188
2026-02-01 23:00:00+00:00,1133.2,3558.23,3826.12,877.78,55.220028,102.77,991.39,574.6068988546696,4219.493360790598,2271.5277382996032,987.3080875626988,594.100060112916,116.6457864836912,717.2996710609602,485.40961665471394,4427.640215661185,1769.5389932032995,988.6486797514416,408.8096869510114,116.93271488280523,711.2412697147188,485.40961665471394,4427.640215661185,1769.5389932032995,988.6486797514416,408.8096869510114,116.93271488280523,711.2412697147188
2026-02-02 00:00:00+00:00,1180.0,3015.61,3849.19,880.59,-5.431801e-06,103.09,997.73,574.392194037562,4171.515293198371,2227.511563228779,987.3080875626988,233.83087713253502,116.6457864836912,717.528055389318,485.40961665471394,4427.640215661185,1769.5389932032995,988.6486797514416,408.8096869510114,116.93271488280523,711.2412697147188,485.40961665471394,4427.640215661185,1769.5389932032995,988.6486797514416,408.8096869510114,116.93271488280523,711.2412697147188
2026-02-02 01:00:00+00:00,1220.44,2899.79,3832.25,877.06,-5.431801e-06,102.68,992.97,573.7203779858706,4148.282757604684,2226.6202328113477,987.3080875626988,249.49475465342113,116.6457864836912,717.4305257028051,485.40961665471394,4427.640215661185,1769.5389932032995,988.6486797514416,408.8096869510114,116.93271488280523,711.2412697147188,485.40961665471394,4427.640215661185,1769.5389932032995,988.6486797514416,408.8096869510114,116.93271488280523,711.2412697147188
2026-02-02 02:00:00+00:00,1223.14,3029.99,3828.87,877.72,-5.431801e-06,102.75,986.3,573.113757030816,4157.7552045733955,2226.577263662854,987.3080875626988,265.1586321743073,116.6457864836912,717.2228882090551,485.40961665471394,4427.640215661185,1769.5389932032995,988.6486797514416,408.8096869510114,116.93271488280523,711.2412697147188,485.40961665471394,4427.640215661185,1769.5389932032995,988.6486797514416,408.8096869510114,116.93271488280523,711.2412697147188
2026-02-02 03:00:00+00:00,1225.08,3073.28,3873.4,875.17,-5.431801e-06,102.46,988.35,574.7544553539353,4191.997456643525,2237.3507490365337,987.3080875626988,280.8225096951934,116.6457864836912,717.1456085507514,485.40961665471394,4427.640215661185,1769.5389932032995,988.6486797514416,408.8096869510114,116.93271488280523,711.2412697147188,485.40961665471394,4427.640215661185,1769.5389932032995,988.6486797514416,408.8096869510114,116.93271488280523,711.2412697147188
2026-02-02 04:00:00+00:00,1225.37,3797.79,3947.16,878.94,4.11999,102.91,997.6,578.6833438930265,4287.07127089534,2261.1732633865877,987.3080875626988,296.48638721607955,116.6457864836912,717.2144506612966,485.40961665471394,4427.640215661185,1769.5389932032995,988.6486797514416,408.8096869510114,116.93271488280523,711.2412697147188,485.40961665471394,4427.640215661185,1769.5389932032995,988.6486797514416,408.8096869510114,116.93271488280523,711.2412697147188
2026-02-02 05:00:00+00:00,1216.0,5159.95,4083.9001,889.03,160.88,104.13,995.22,585.3896085479238,4468.617908955061,2301.262584277191,987.3080875626988,312.15026473696565,116.6457864836912,717.2592081609591,485.40961665471394,4427.640215661185,1769.5389932032995,988.6486797514416,408.8096869510114,116.93271488280523,711.2412697147188,485.40961665471394,4427.640215661185,1769.5389932032995,988.6486797514416,408.8096869510114,116.93271488280523,711.2412697147188
2026-02-02 06:00:00+00:00,1213.62,5440.14,4217.4,883.52,514.58,118.29,996.94,593.192890905436,4632.569650501902,2344.036447077955,987.3080875626988,327.81414225785176,116.6457864836912,718.1561878582806,485.40961665471394,4427.640215661185,1769.5389932032995,988.6486797514416,408.8096869510114,116.93271488280523,711.2412697147188,485.40961665471394,4427.640215661185,1769.5389932032995,988.6486797514416,408.8096869510114,116.93271488280523,711.2412697147188
2026-02-02 07:00:00+00:00,1210.05,5401.28,4225.17,883.77,1053.32,130.63,1008.75,596.4455261813589,4691.343891073553,2362.02176636488,987.3080875626988,343.4780197787379,116.6457864836912,718.3547364769296,485.40961665471394,4427.640215661185,1769.5389932032995,988.6486797514416,408.8096869510114,116.93271488280523,711.2412697147188,485.40961665471394,4427.640215661185,1769.5389932032995,988.6486797514416,408.8096869510114,116.93271488280523,711.2412697147188
2026-02-02 08:00:00+00:00,1150.81,5649.98,4158.5894,880.72,503.07,127.27,1004.8,594.8274415252309,4644.88317736316,2355.6612820828705,987.3080875626988,359.141897299624,116.6457864836912,718.2034375366591,485.40961665471394,4427.640215661185,1769.5389932032995,988.6486797514416,408.8096869510114,116.93271488280523,711.2412697147188,485.40961665471394,4427.640215661185,1769.5389932032995,988.6486797514416,408.8096869510114,116.93271488280523,711.2412697147188
2026-02-02 09:00:00+00:00,1064.93,5600.27,4017.5,878.64,313.84,115.18,1006.61,591.3620879574835,4602.107711462859,2342.9262941083425,987.3080875626988,374.8057748205101,116.6457864836912,717.8291560506029,485.40961665471394,4427.640215661185,1769.5389932032995,988.6486797514416,408.8096869510114,116.93271488280523,711.2412697147188,485.40961665471394,4427.640215661185,1769.5389932032995,988.6486797514416,408.8096869510114,116.93271488280523,711.2412697147188
2026-02-02 10:00:00+00:00,1065.16,5241.04,3966.27,873.87,88.58999,102.31,1003.71,584.7748286182072,4530.627189723395,2313.0396674060958,987.3080875626988,390.4696523413963,116.6457864836912,717.2144078604282,485.40961665471394,4427.640215661185,1769.5389932032995,988.6486797514416,408.8096869510114,116.93271488280523,711.2412697147188,485.40961665471394,4427.640215661185,1769.5389932032995,988.6486797514416,408.8096869510114,116.93271488280523,711.2412697147188
2026-02-02 11:00:00+00:00,1082.76,5100.0,3944.98,871.19,71.00997,101.99,1001.81,580.9249809107246,4493.281769863959,2293.0015148634106,987.3080875626988,406.1335298622824,116.6457864836912,716.6142711237375,485.40961665471394,4427.640215661185,1769.5389932032995,988.6486797514416,408.8096869510114,116.93271488280523,711.2412697147188,485.40961665471394,4427.640215661185,1769.5389932032995,988.6486797514416,408.8096869510114,116.93271488280523,711.2412697147188
2026-02-02 12:00:00+00:00,1070.52,5307.98,3897.41,864.43,82.670006,101.2,1012.33,584.4723745951194,4496.001419511235,2310.319706669723,987.3080875626988,421.79740738316855,116.6457864836912,717.0344577335267,485.40961665471394,4427.640215661185,1769.5389932032995,988.6486797514416,408.8096869510114,116.93271488280523,711.2412697147188,485.40961665471394,4427.640215661185,1769.5389932032995,988.6486797514416,408.8096869510114,116.93271488280523,711.2412697147188
2026-02-02 13:00:00+00:00,1016.15,5376.92,3895.77,860.26,98.51003,100.72,1006.17,583.3364828293954,4496.87083334836,2305.8331509132404,987.3080875626988,437.46128490405465,116.6457864836912,716.778573821812,485.40961665471394,4427.640215661185,1769.5389932032995,988.6486797514416,408.8096869510114,116.93271488280523,711.2412697147188,485.40961665471394,4427.640215661185,1769.5389932032995,988.6486797514416,408.8096869510114,116.93271488280523,711.2412697147188
2026-02-02 14:00:00+00:00,937.8401,5563.36,3946.34,865.65,61.339993,101.35,997.98,584.1328394233744,4532.110198130768,2313.9472938488025,987.3080875626988,453.1251624249408,116.6457864836912,716.7358883058017,485.40961665471394,4427.640215661185,1769.5389932032995,988.6486797514416,408.8096869510114,116.93271488280523,711.2412697147188,485.40961665471394,4427.640215661185,1769.5389932032995,988.6486797514416,408.8096869510114,116.93271488280523,711.2412697147188
2026-02-02 15:00:00+00:00,937.73004,5431.51,4035.55,895.38,75.64001,104.83,1001.61,586.9712014809131,4596.051613987585,2331.2256521920394,987.3080875626988,468.7890399458269,116.6457864836912,716.905023930208,485.40961665471394,4427.640215661185,1769.5389932032995,988.6486797514416,408.8096869510114,116.93271488280523,711.2412697147188,485.40961665471394,4427.640215661185,1769.5389932032995,988.6486797514416,408.8096869510114,116.93271488280523,711.2412697147188
2026-02-02 16:00:00+00:00,934.78,5676.48,4147.86,898.51,225.5,116.35,1003.04,588.2052321353391,4640.0978512283555,2340.6633994252256,987.3080875626988,484.4529174667131,116.6457864836912,717.2003760500146,485.40961665471394,4427.640215661185,1769.5389932032995,988.6486797514416,408.8096869510114,116.93271488280523,711.2412697147188,485.40961665471394,4427.640215661185,1769.5389932032995,988.6486797514416,408.8096869510114,116.93271488280523,711.2412697147188
2026-02-02 17:00:00+00:00,1016.03,5693.39,4163.48,898.13,160.04,117.63,1005.43,590.2893590258478,4636.033385333703,2353.6238810706463,987.3080875626988,500.1167949875992,116.6457864836912,717.3510233329138,485.40961665471394,4427.640215661185,1769.5389932032995,988.6486797514416,408.8096869510114,116.93271488280523,711.2412697147188,485.40961665471394,4427.640215661185,1769.5389932032995,988.6486797514416,408.8096869510114,116.93271488280523,711.2412697147188
2026-02-02 18:00:00+00:00,1037.5,5694.96,4083.69,905.09,143.33002,105.97,1004.69,594.0173655030133,4589.1182037466215,2371.9980670663745,987.3080875626988,515.7806725084853,116.6457864836912,718.1193343959017,485.40961665471394,4427.640215661185,1769.5389932032995,988.6486797514416,408.8096869510114,116.93271488280523,711.2412697147188,485.40961665471394,4427.640215661185,1769.5389932032995,988.6486797514416,408.8096869510114,116.93271488280523,711.2412697147188
2026-02-02 19:00:00+00:00,1041.22,5420.56,3971.72,902.41,230.48999,105.66,1006.23,592.7301227029005,4508.380496709159,2365.326036934866,987.3080875626988,531.4445500293714,116.6457864836912,718.0651791065242,485.40961665471394,4427.640215661185,1769.5389932032995,988.6486797514416,408.8096869510114,116.93271488280523,711.2412697147188,485.40961665471394,4427.640215661185,1769.5389932032995,988.6486797514416,408.8096869510114,116.93271488280523,711.2412697147188
2026-02-02 20:00:00+00:00,1124.43,4195.48,4029.69,873.85,59.66998,102.31,999.7,589.1567006106508,4398.677188069183,2347.5051809733945,987.3080875626988,547.1084275502576,116.6457864836912,717.8201464497702,485.40961665471394,4427.640215661185,1769.5389932032995,988.6486797514416,408.8096869510114,116.93271488280523,711.2412697147188,485.40961665471394,4427.640215661185,1769.5389932032995,988.6486797514416,408.8096869510114,116.93271488280523,711.2412697147188
2026-02-02 21:00:00+00:00,1188.25,3427.33,4018.14,870.74,69.64999,101.94,998.81,584.1967376322386,4341.088828019048,2321.5696766232622,987.3080875626988,562.7723050711436,116.6457864836912,717.5919113623048,485.40961665471394,4427.640215661185,1769.5389932032995,988.6486797514416,408.8096869510114,116.93271488280523,711.2412697147188,485.40961665471394,4427.640215661185,1769.5389932032995,988.6486797514416,408.8096869510114,116.93271488280523,711.2412697147188
2026-02-02 22:00:00+00:00,1194.07,2986.5,3917.51,862.37,44.490017,100.97,993.62,579.9756330084385,4222.86345719089,2302.7897880727814,987.3080875626988,578.4361825920298,116.6457864836912,717.3930542342646,485.40961665471394,4427.640215661185,1769.5389932032995,988.6486797514416,408.8096869510114,116.93271488280523,711.2412697147188,485.40961665471394,4427.640215661185,1769.5389932032995,988.6486797514416,408.8096869510114,116.93271488280523,711.2412697147188
2026-02-02 23:00:00+00:00,1079.38,2747.16,3795.68,861.32,-5.431801e-06,100.84,982.54,576.7426757498774,4147.522621254296,2287.9011528478395,987.3080875626988,594.100060112916,116.6457864836912,717.2759268331266,485.40961665471394,4427.640215661185,1769.5389932032995,988.6486797514416,408.8096869510114,116.93271488280523,711.2412697147188,485.40961665471394,4427.640215661185,1769.5389932032995,988.6486797514416,408.8096869510114,116.93271488280523,711.2412697147188
2026-02-03 00:00:00+00:00,941.67004,2763.01,3705.74,859.53,-5.431801e-06,100.63,977.79,579.6867553416764,4095.0516166372436,2259.197480459829,987.3080875626988,233.83087713253502,116.6457864836912,718.2252981606401,485.40961665471394,4427.640215661185,1769.5389932032995,988.6486797514416,408.8096869510114,116.93271488280523,711.2412697147188,485.40961665471394,4427.640215661185,1769.5389932032995,988.6486797514416,408.8096869510114,116.93271488280523,711.2412697147188
2026-02-03 01:00:00+00:00,938.7,2755.07,3589.8303,861.46,-5.431801e-06,100.85,979.38,577.3572022925453,4056.634104365821,2248.394596443967,987.3080875626988,249.49475465342113,116.6457864836912,717.9923476222372,485.40961665471394,4427.640215661185,1769.5389932032995,988.6486797514416,408.8096869510114,116.93271488280523,711.2412697147188,485.40961665471394,4427.640215661185,1769.5389932032995,988.6486797514416,408.8096869510114,116.93271488280523,711.2412697147188
2026-02-03 02:00:00+00:00,985.46,2781.05,3667.15,863.1,-5.431801e-06,101.04,971.44,576.799071662651,4043.5071862357113,2247.052769177401,987.3080875626988,265.1586321743073,116.6457864836912,717.6592198184424,485.40961665471394,4427.640215661185,1769.5389932032995,988.6486797514416,408.8096869510114,116.93271488280523,711.2412697147188,485.40961665471394,4427.640215661185,1769.5389932032995,988.6486797514416,408.8096869510114,116.93271488280523,711.2412697147188
2026-02-03 03:00:00+00:00,948.08,2770.58,3611.67,864.19,-5.431801e-06,101.17,987.45,575.4580081047293,4047.895839707929,2243.5052758982483,987.3080875626988,280.8225096951934,116.6457864836912,717.1772472253135,485.40961665471394,4427.640215661185,1769.5389932032995,988.6486797514416,408.8096869510114,116.93271488280523,711.2412697147188,485.40961665471394,4427.640215661185,1769.5389932032995,988.6486797514416,408.8096869510114,116.93271488280523,711.2412697147188
2026-02-03 04:00:00+00:00,943.33,2760.28,3786.84,864.46,-5.431801e-06,101.21,988.48,575.6559894390087,4105.310175445034,2248.479904679553,987.3080875626988,296.48638721607955,116.6457864836912,716.8501017265141,485.40961665471394,4427.640215661185,1769.5389932032995,988.6486797514416,408.8096869510114,116.93271488280523,711.2412697147188,485.40961665471394,4427.640215661185,1769.5389932032995,988.6486797514416,408.8096869510114,116.93271488280523,711.2412697147188
2026-02-03 05:00:00+00:00,1131.35,3257.91,3915.46,871.68,0.07998114,102.04,978.19,578.532185936998,4232.3288074897455,2269.0944872894065,987.3080875626988,312.15026473696565,116.6457864836912,716.5771476819851,485.40961665471394,4427.640215661185,1769.5389932032995,988.6486797514416,408.8096869510114,116.93271488280523,711.2412697147188,485.40961665471394,4427.640215661185,1769.5389932032995,988.6486797514416,408.8096869510114,116.93271488280523,711.2412697147188
2026-02-03 06:00:00+00:00,1195.57,3861.6,3831.57,877.33,-5.431801e-06,102.71,986.75,587.9306623963263,4341.688808765341,2319.4220680693115,987.3080875626988,327.81414225785176,116.6457864836912,717.9005679374408,485.40961665471394,4427.640215661185,1769.5389932032995,988.6486797514416,408.8096869510114,116.93271488280523,711.2412697147188,485.40961665471394,4427.640215661185,1769.5389932032995,988.6486797514416,408.8096869510114,116.93271488280523,711.2412697147188
2026-02-03 07:00:00+00:00,1190.55,4259.92,3922.32,881.74,103.27999,103.22,983.48,591.1454672884314,4408.483586105318,2338.427183755514,987.3080875626988,343.4780197787379,116.6457864836912,717.9492371076831,485.40961665471394,4427.640215661185,1769.5389932032995,988.6486797514416,408.8096869510114,116.93271488280523,711.2412697147188,485.40961665471394,4427.640215661185,1769.5389932032995,988.6486797514416,408.8096869510114,116.93271488280523,711.2412697147188
2026-02-03 08:00:00+00:00,1188.18,4333.06,3830.85,872.16,114.88,102.1,976.52,590.5008101119024,4367.63499700443,2336.9506955855322,987.3080875626988,359.141897299624,116.6457864836912,717.4977149773442,485.40961665471394,4427.640215661185,1769.5389932032995,988.6486797514416,408.8096869510114,116.93271488280523,711.2412697147188,485.40961665471394,4427.640215661185,1769.5389932032995,988.6486797514416,408.8096869510114,116.93271488280523,711.2412697147188
2026-02-03 09:00:00+00:00,1181.05,3872.01,3918.87,858.22,106.86001,100.47,1003.49,582.3604006266238,4302.2708414385415,2300.247530938956,987.3080875626988,374.8057748205101,116.6457864836912,716.0449341329913,485.40961665471394,4427.640215661185,1769.5389932032995,988.6486797514416,408.8096869510114,116.93271488280523,711.2412697147188,485.40961665471394,4427.640215661185,1769.5389932032995,988.6486797514416,408.8096869510114,116.93271488280523,711.2412697147188
2026-02-03 10:00:00+00:00,1162.56,3713.58,3980.56,868.01,102.58001,101.61,980.42,575.3127025897671,4285.051888726025,2265.2905285655784,987.3080875626988,390.4696523413963,116.6457864836912,715.022505409059,485.40961665471394,4427.640215661185,1769.5389932032995,988.6486797514416,408.8096869510114,116.93271488280523,711.2412697147188,485.40961665471394,4427.640215661185,1769.5389932032995,988.6486797514416,408.8096869510114,116.93271488280523,711.2412697147188
2026-02-03 11:00:00+00:00,1158.34,3706.56,3976.77,864.24,80.920006,101.17,990.33,572.1765741334327,4295.870896459205,2246.6579406007386,987.3080875626988,406.1335298622824,116.6457864836912,714.6116007875736,485.40961665471394,4427.640215661185,1769.5389932032995,988.6486797514416,408.8096869510114,116.93271488280523,711.2412697147188,485.40961665471394,4427.640215661185,1769.5389932032995,988.6486797514416,408.8096869510114,116.93271488280523,711.2412697147188
2026-02-03 12:00:00+00:00,1158.0,4296.85,3944.31,864.06,126.36999,101.16,995.68,579.675809651053,4305.814642943249,2280.1632113667047,987.3080875626988,421.79740738316855,116.6457864836912,716.4915851930684,485.40961665471394,4427.640215661185,1769.5389932032995,988.6486797514416,408.8096869510114,116.93271488280523,711.2412697147188,485.40961665471394,4427.640215661185,1769.5389932032995,988.6486797514416,408.8096869510114,116.93271488280523,711.2412697147188
2026-02-03 13:00:00+00:00,1160.5,3931.7,3880.37,863.69,159.69,101.11,993.41,576.2530227680038,4332.634783034958,2265.1753642626304,987.3080875626988,437.46128490405465,116.6457864836912,715.9729105916193,485.40961665471394,4427.640215661185,1769.5389932032995,988.6486797514416,408.8096869510114,116.93271488280523,711.2412697147188,485.40961665471394,4427.640215661185,1769.5389932032995,988.6486797514416,408.8096869510114,116.93271488280523,711.2412697147188
2026-02-03 14:00:00+00:00,1164.55,4656.8,4132.8,866.11,83.27999,101.4,1007.58,572.0008643842102,4386.9439977600605,2249.60286221338,987.3080875626988,453.1251624249408,116.6457864836912,714.9220991876099,485.40961665471394,4427.640215661185,1769.5389932032995,988.6486797514416,408.8096869510114,116.93271488280523,711.2412697147188,485.40961665471394,4427.640215661185,1769.5389932032995,988.6486797514416,408.8096869510114,116.93271488280523,711.2412697147188
2026-02-03 15:00:00+00:00,1165.92,5226.5,4306.59,892.09,104.450005,104.43,1006.93,573.2565311390523,4464.314093426152,2257.8346280288133,987.3080875626988,468.7890399458269,116.6457864836912,714.7318716490889,485.40961665471394,4427.640215661185,1769.5389932032995,988.6486797514416,408.8096869510114,116.93271488280523,711.2412697147188,485.40961665471394,4427.640215661185,1769.5389932032995,988.6486797514416,408.8096869510114,116.93271488280523,711.2412697147188
2026-02-03 16:00:00+00:00,1105.17,5368.55,4396.0,897.18,391.73,105.03,1009.55,577.4522438052987,4533.587079152649,2282.048748142567,987.3080875626988,484.4529174667131,116.6457864836912,714.9118582736206,485.40961665471394,4427.640215661185,1769.5389932032995,988.6486797514416,408.8096869510114,116.93271488280523,711.2412697147188,485.40961665471394,4427.640215661185,1769.5389932032995,988.6486797514416,408.8096869510114,116.93271488280523,711.2412697147188
2026-02-03 17:00:00+00:00,1039.11,5342.37,4410.67,897.71,801.15,105.09,1012.01,578.4820081618136,4557.547359990906,2290.0386711193305,987.3080875626988,500.1167949875992,116.6457864836912,714.968504571985,485.40961665471394,4427.640215661185,1769.5389932032995,988.6486797514416,408.8096869510114,116.93271488280523,711.2412697147188,485.40961665471394,4427.640215661185,1769.5389932032995,988.6486797514416,408.8096869510114,116.93271488280523,711.2412697147188
2026-02-03 18:00:00+00:00,1049.79,5393.84,4375.75,895.55,638.56,104.84,1013.29,582.4723893855579,4548.849062094184,2308.3513043212697,987.3080875626988,515.7806725084853,116.6457864836912,716.1089859365087,485.40961665471394,4427.640215661185,1769.5389932032995,988.6486797514416,408.8096869510114,116.93271488280523,711.2412697147188,485.40961665471394,4427.640215661185,1769.5389932032995,988.6486797514416,408.8096869510114,116.93271488280523,711.2412697147188
2026-02-03 19:00:00+00:00,1051.85,5449.46,4313.8,882.7,177.28,103.34,1011.97,580.5646480202308,4496.730600457018,2299.5768997920804,987.3080875626988,531.4445500293714,116.6457864836912,716.1701947205501,485.40961665471394,4427.640215661185,1769.5389932032995,988.6486797514416,408.8096869510114,116.93271488280523,711.2412697147188,485.40961665471394,4427.640215661185,1769.5389932032995,988.6486797514416,408.8096869510114,116.93271488280523,711.2412697147188
2026-02-03 20:00:00+00:00,1052.44,5492.56,4130.13,851.02,181.18,99.62,1007.11,577.0592860626401,4449.057667209698,2283.239215426026,987.3080875626988,547.1084275502576,116.6457864836912,715.9381249038693,485.40961665471394,4427.640215661185,1769.5389932032995,988.6486797514416,408.8096869510114,116.93271488280523,711.2412697147188,485.40961665471394,4427.640215661185,1769.5389932032995,988.6486797514416,408.8096869510114,116.93271488280523,711.2412697147188
2026-02-03 21:00:00+00:00,1046.28,5283.18,4083.11,846.44,170.09,99.1,1002.94,575.1831551053721,4456.158405505603,2275.483737948325,987.3080875626988,562.7723050711436,116.6457864836912,715.6973499101725,485.40961665471394,4427.640215661185,1769.5389932032995,988.6486797514416,408.8096869510114,116.93271488280523,711.2412697147188,485.40961665471394,4427.640215661185,1769.5389932032995,988.6486797514416,408.8096869510114,116.93271488280523,711.2412697147188
2026-02-03 22:00:00+00:00,1063.2,5186.62,4057.88,833.95,17.830011,97.64,1002.61,572.470811367398,4387.829179128594,2262.7170593747996,987.3080875626988,578.4361825920298,116.6457864836912,715.4757131244353,485.40961665471394,4427.640215661185,1769.5389932032995,988.6486797514416,408.8096869510114,116.93271488280523,711.2412697147188,485.40961665471394,4427.640215661185,1769.5389932032995,988.6486797514416,408.8096869510114,116.93271488280523,711.2412697147188
2026-02-03 23:00:00+00:00,1135.48,5117.66,3870.72,848.3,-5.431801e-06,99.32,1001.58,569.5700653932071,4368.396699588808,2248.555586760901,987.3080875626988,594.100060112916,116.6457864836912,715.1914858416712,485.40961665471394,4427.640215661185,1769.5389932032995,988.6486797514416,408.8096869510114,116.93271488280523,711.2412697147188,485.40961665471394,4427.640215661185,1769.5389932032995,988.6486797514416,408.8096869510114,116.93271488280523,711.2412697147188
2026-02-04 00:00:00+00:00,1164.93,5154.3,3873.44,931.72,-5.431801e-06,109.08,1005.7,572.2915592451884,4370.130979901407,2219.876881126334,987.3080875626988,233.83087713253502,116.6457864836912,715.671118782371,485.40961665471394,4427.640215661185,1769.5389932032995,988.6486797514416,408.8096869510114,116.93271488280523,711.2412697147188,485.40961665471394,4427.640215661185,1769.5389932032995,988.6486797514416,408.8096869510114,116.93271488280523,711.2412697147188
2026-02-04 01:00:00+00:00,1168.32,5205.62,3863.19,987.15,-5.431801e-06,115.57,999.36,572.4238053244469,4391.222342349797,2222.3175888147043,987.3080875626988,249.49475465342113,116.6457864836912,715.3600064904751,485.40961665471394,4427.640215661185,1769.5389932032995,988.6486797514416,408.8096869510114,116.93271488280523,711.2412697147188,485.40961665471394,4427.640215661185,1769.5389932032995,988.6486797514416,408.8096869510114,116.93271488280523,711.2412697147188
2026-02-04 02:00:00+00:00,1180.17,5350.66,3866.42,983.87,-5.431801e-06,115.19,983.88,570.7215962152854,4397.182774418123,2216.0757161899483,987.3080875626988,265.1586321743073,116.6457864836912,715.137679543016,485.40961665471394,4427.640215661185,1769.5389932032995,988.6486797514416,408.8096869510114,116.93271488280523,711.2412697147188,485.40961665471394,4427.640215661185,1769.5389932032995,988.6486797514416,408.8096869510114,116.93271488280523,711.2412697147188
2026-02-04 03:00:00+00:00,1196.08,5634.88,4001.41,975.97,-5.431801e-06,114.25,1000.71,569.689008380044,4450.9500642160365,2212.3379980318177,987.3080875626988,280.8225096951934,116.6457864836912,714.9174611144363,485.40961665471394,4427.640215661185,1769.5389932032995,988.6486797514416,408.8096869510114,116.93271488280523,711.2412697147188,485.40961665471394,4427.640215661185,1769.5389932032995,988.6486797514416,408.8096869510114,116.93271488280523,711.2412697147188
2026-02-04 04:00:00+00:00,1198.19,6074.08,4230.88,976.85,24.779993,114.36,1010.52,571.1421866093592,4548.117669667571,2222.6521591535407,987.3080875626988,296.48638721607955,116.6457864836912,714.7549240089967,485.40961665471394,4427.640215661185,1769.5389932032995,988.6486797514416,408.8096869510114,116.93271488280523,711.2412697147188,485.40961665471394,4427.640215661185,1769.5389932032995,988.6486797514416,408.8096869510114,116.93271488280523,711.2412697147188
2026-02-04 05:00:00+00:00,1196.73,6367.77,4462.98,981.99,139.05002,114.97,1017.75,577.4473060901427,4737.456825471122,2257.5956497161983,987.3080875626988,312.15026473696565,116.6457864836912,714.8185128516046,485.40961665471394,4427.640215661185,1769.5389932032995,988.6486797514416,408.8096869510114,116.93271488280523,711.2412697147188,485.40961665471394,4427.640215661185,1769.5389932032995,988.6486797514416,408.8096869510114,116.93271488280523,711.2412697147188
2026-02-04 06:00:00+00:00,1194.35,6511.01,4491.22,997.75,1087.59,122.36,1005.49,583.4650364071789,4866.293300854376,2292.1429496097585,987.3080875626988,327.81414225785176,116.6457864836912,715.2636271642365,485.40961665471394,4427.640215661185,1769.5389932032995,988.6486797514416,408.8096869510114,116.93271488280523,711.2412697147188,485.40961665471394,4427.640215661185,1769.5389932032995,988.6486797514416,408.8096869510114,116.93271488280523,711.2412697147188
2026-02-04 07:00:00+00:00,1192.07,6633.54,4522.27,998.76,1145.2699,135.38,1000.42,584.0497097820592,4924.2570685248265,2297.7708897895686,987.3080875626988,343.4780197787379,116.6457864836912,715.1517917571217,485.40961665471394,4427.640215661185,1769.5389932032995,988.6486797514416,408.8096869510114,116.93271488280523,711.2412697147188,485.40961665471394,4427.640215661185,1769.5389932032995,988.6486797514416,408.8096869510114,116.93271488280523,711.2412697147188
2026-02-04 08:00:00+00:00,1192.17,6636.21,4479.62,1004.41,918.17,117.59,991.56,579.6269358404686,4868.304603616826,2276.4128755393635,987.3080875626988,359.141897299624,116.6457864836912,714.8165557268799,485.40961665471394,4427.640215661185,1769.5389932032995,988.6486797514416,408.8096869510114,116.93271488280523,711.2412697147188,485.40961665471394,4427.640215661185,1769.5389932032995,988.6486797514416,408.8096869510114,116.93271488280523,711.2412697147188
2026-02-04 09:00:00+00:00,1181.75,6641.31,4434.53,998.14,375.3,116.85,986.81,572.7085923299123,4790.35193015234,2242.4278688017343,987.3080875626988,374.8057748205101,116.6457864836912,714.238050950545,485.40961665471394,4427.640215661185,1769.5389932032995,988.6486797514416,408.8096869510114,116.93271488280523,711.2412697147188,485.40961665471394,4427.640215661185,1769.5389932032995,988.6486797514416,408.8096869510114,116.93271488280523,711.2412697147188
2026-02-04 10:00:00+00:00,1173.68,6550.23,4455.23,992.86,170.69,116.23,998.07,565.5823277765373,4739.211142817928,2209.737583637251,987.3080875626988,390.4696523413963,116.6457864836912,713.553656173735,485.40961665471394,4427.640215661185,1769.5389932032995,988.6486797514416,408.8096869510114,116.93271488280523,711.2412697147188,485.40961665471394,4427.640215661185,1769.5389932032995,988.6486797514416,408.8096869510114,116.93271488280523,711.2412697147188
2026-02-04 11:00:00+00:00,1158.78,6454.21,4365.49,990.03,126.52999,115.9,1003.39,560.4495684181867,4706.863491755706,2185.0676136058655,987.3080875626988,406.1335298622824,116.6457864836912,712.8849848872455,485.40961665471394,4427.640215661185,1769.5389932032995,988.6486797514416,408.8096869510114,116.93271488280523,711.2412697147188,485.40961665471394,4427.640215661185,1769.5389932032995,988.6486797514416,408.8096869510114,116.93271488280523,711.2412697147188
2026-02-04 12:00:00+00:00,1155.82,6689.26,4315.58,985.95,114.57,115.42,1005.67,562.4636309079942,4700.88044896093,2197.087375443554,987.3080875626988,421.79740738316855,116.6457864836912,713.4395563735815,485.40961665471394,4427.640215661185,1769.5389932032995,988.6486797514416,408.8096869510114,116.93271488280523,711.2412697147188,485.40961665471394,4427.640215661185,1769.5389932032995,988.6486797514416,408.8096869510114,116.93271488280523,711.2412697147188
2026-02-04 13:00:00+00:00,1157.82,6715.71,4347.36,995.91,160.83,116.59,995.31,561.5172172872315,4726.513119023303,2195.8667956639442,987.3080875626988,437.46128490405465,116.6457864836912,713.0689981687021,485.40961665471394,4427.640215661185,1769.5389932032995,988.6486797514416,408.8096869510114,116.93271488280523,711.2412697147188,485.40961665471394,4427.640215661185,1769.5389932032995,988.6486797514416,408.8096869510114,116.93271488280523,711.2412697147188
2026-02-04 14:00:00+00:00,1158.15,6679.78,4356.78,998.42,130.04001,116.88,1001.58,562.6606476452971,4763.523905059536,2201.906133647685,987.3080875626988,453.1251624249408,116.6457864836912,712.7756424093773,485.40961665471394,4427.640215661185,1769.5389932032995,988.6486797514416,408.8096869510114,116.93271488280523,711.2412697147188,485.40961665471394,4427.640215661185,1769.5389932032995,988.6486797514416,408.8096869510114,116.93271488280523,711.2412697147188
2026-02-04 15:00:00+00:00,1158.62,6694.41,4410.45,1019.45,171.23,119.35,1013.6,564.6005367435434,4761.3745209685685,2214.0853038342893,987.3080875626988,468.7890399458269,116.6457864836912,713.1345807610827,485.40961665471394,4427.640215661185,1769.5389932032995,988.6486797514416,408.8096869510114,116.93271488280523,711.2412697147188,485.40961665471394,4427.640215661185,1769.5389932032995,988.6486797514416,408.8096869510114,116.93271488280523,711.2412697147188
2026-02-04 16:00:00+00:00,1159.96,6675.8,4414.47,1031.41,711.19,120.75,1013.59,569.0329362184443,4783.955800334014,2238.8632126811303,987.3080875626988,484.4529174667131,116.6457864836912,713.869638696193,485.40961665471394,4427.640215661185,1769.5389932032995,988.6486797514416,408.8096869510114,116.93271488280523,711.2412697147188,485.40961665471394,4427.640215661185,1769.5389932032995,988.6486797514416,408.8096869510114,116.93271488280523,711.2412697147188
2026-02-04 17:00:00+00:00,1160.08,6656.68,4389.85,1055.34,499.93,123.55,1016.69,572.6693524764034,4792.1645398985065,2257.745938832542,987.3080875626988,500.1167949875992,116.6457864836912,714.2913622706658,485.40961665471394,4427.640215661185,1769.5389932032995,988.6486797514416,408.8096869510114,116.93271488280523,711.2412697147188,485.40961665471394,4427.640215661185,1769.5389932032995,988.6486797514416,408.8096869510114,116.93271488280523,711.2412697147188
2026-02-04 18:00:00+00:00,1158.57,6620.29,4317.99,1047.67,245.52,122.65,1015.15,576.0243125085401,4740.060034044773,2275.7201175342448,987.3080875626988,515.7806725084853,116.6457864836912,715.1071902048897,485.40961665471394,4427.640215661185,1769.5389932032995,988.6486797514416,408.8096869510114,116.93271488280523,711.2412697147188,485.40961665471394,4427.640215661185,1769.5389932032995,988.6486797514416,408.8096869510114,116.93271488280523,711.2412697147188
2026-02-04 19:00:00+00:00,1163.75,6599.74,4199.66,1035.94,0.7000068,121.27,1004.13,574.5010048413832,4659.387891323736,2270.254637390071,987.3080875626988,531.4445500293714,116.6457864836912,715.2857189084007,485.40961665471394,4427.640215661185,1769.5389932032995,988.6486797514416,408.8096869510114,116.93271488280523,711.2412697147188,485.40961665471394,4427.640215661185,1769.5389932032995,988.6486797514416,408.8096869510114,116.93271488280523,711.2412697147188
2026-02-04 20:00:00+00:00,1163.37,6565.26,4108.41,999.09,10.2399845,116.96,1004.64,570.794928733141,4552.554832546021,2253.6158129539476,987.3080875626988,547.1084275502576,116.6457864836912,715.1056935221087,485.40961665471394,4427.640215661185,1769.5389932032995,988.6486797514416,408.8096869510114,116.93271488280523,711.2412697147188,485.40961665471394,4427.640215661185,1769.5389932032995,988.6486797514416,408.8096869510114,116.93271488280523,711.2412697147188
2026-02-04 21:00:00+00:00,1166.8,6542.41,3978.61,1005.25,30.070002,117.68,1004.92,568.3407023142668,4508.4724198526665,2242.519756917168,987.3080875626988,562.7723050711436,116.6457864836912,715.0508877833372,485.40961665471394,4427.640215661185,1769.5389932032995,988.6486797514416,408.8096869510114,116.93271488280523,711.2412697147188,485.40961665471394,4427.640215661185,1769.5389932032995,988.6486797514416,408.8096869510114,116.93271488280523,711.2412697147188
2026-02-04 22:00:00+00:00,1167.58,6333.41,3848.62,1003.88,-5.431801e-06,117.52,1007.06,564.9871351894616,4441.811560339218,2226.2658700824536,987.3080875626988,578.4361825920298,116.6457864836912,714.8835570962677,485.40961665471394,4427.640215661185,1769.5389932032995,988.6486797514416,408.8096869510114,116.93271488280523,711.2412697147188,485.40961665471394,4427.640215661185,1769.5389932032995,988.6486797514416,408.8096869510114,116.93271488280523,711.2412697147188
2026-02-04 23:00:00+00:00,1166.42,6283.86,3753.6104,1011.87,-5.431801e-06,118.47,1030.31,561.9525073720671,4388.254502589795,2211.620873028831,987.3080875626988,594.100060112916,116.6457864836912,714.5567576632169,485.40961665471394,4427.640215661185,1769.5389932032995,988.6486797514416,408.8096869510114,116.93271488280523,711.2412697147188,485.40961665471394,4427.640215661185,1769.5389932032995,988.6486797514416,408.8096869510114,116.93271488280523,711.2412697147188
2026-02-05 00:00:00+00:00,1163.78,6482.87,3689.95,1003.12,-5.431801e-06,117.44,1036.09,565.6200160156612,4385.545466186779,2186.2253141094016,987.3080875626988,233.83087713253502,116.6457864836912,715.0572524325501,485.40961665471394,4427.640215661185,1769.5389932032995,988.6486797514416,408.8096869510114,116.93271488280523,711.2412697147188,485.40961665471394,4427.640215661185,1769.5389932032995,988.6486797514416,408.8096869510114,116.93271488280523,711.2412697147188
2026-02-05 01:00:00+00:00,1160.1,6389.64,3627.3704,997.87,-5.431801e-06,116.83,1021.32,565.0283359467112,4391.220386380524,2184.2414066175575,987.3080875626988,249.49475465342113,116.6457864836912,714.9730305976287,485.40961665471394,4427.640215661185,1769.5389932032995,988.6486797514416,408.8096869510114,116.93271488280523,711.2412697147188,485.40961665471394,4427.640215661185,1769.5389932032995,988.6486797514416,408.8096869510114,116.93271488280523,711.2412697147188
2026-02-05 02:00:00+00:00,1158.64,6454.62,3538.76,1001.58,-5.431801e-06,117.27,1025.78,565.4580191256108,4442.539570838725,2187.3776216389633,987.3080875626988,265.1586321743073,116.6457864836912,714.9171116524257,485.40961665471394,4427.640215661185,1769.5389932032995,988.6486797514416,408.8096869510114,116.93271488280523,711.2412697147188,485.40961665471394,4427.640215661185,1769.5389932032995,988.6486797514416,408.8096869510114,116.93271488280523,711.2412697147188
2026-02-05 03:00:00+00:00,1158.02,6470.05,3588.99,1009.83,-5.431801e-06,118.23,1031.17,566.1276734584512,4488.853023599782,2193.959811040389,987.3080875626988,280.8225096951934,116.6457864836912,714.9454908629697,485.40961665471394,4427.640215661185,1769.5389932032995,988.6486797514416,408.8096869510114,116.93271488280523,711.2412697147188,485.40961665471394,4427.640215661185,1769.5389932032995,988.6486797514416,408.8096869510114,116.93271488280523,711.2412697147188
2026-02-05 04:00:00+00:00,1157.47,6549.35,3753.59,1009.92,11.080011,118.24,1039.72,567.0554569147264,4605.237840865981,2202.699291180497,987.3080875626988,296.48638721607955,116.6457864836912,714.6743398592732,485.40961665471394,4427.640215661185,1769.5389932032995,988.6486797514416,408.8096869510114,116.93271488280523,711.2412697147188,485.40961665471394,4427.640215661185,1769.5389932032995,988.6486797514416,408.8096869510114,116.93271488280523,711.2412697147188
2026-02-05 05:00:00+00:00,1156.43,6620.73,3916.69,1008.56,87.02999,118.07,1035.3,570.6796545729102,4788.0095531605075,2225.7818253490896,987.3080875626988,312.15026473696565,116.6457864836912,714.3496495656402,485.40961665471394,4427.640215661185,1769.5389932032995,988.6486797514416,408.8096869510114,116.93271488280523,711.2412697147188,485.40961665471394,4427.640215661185,1769.5389932032995,988.6486797514416,408.8096869510114,116.93271488280523,711.2412697147188
2026-02-05 06:00:00+00:00,1159.66,6412.89,4040.69,1028.63,272.88,120.42,1114.11,575.1877147890765,4969.105591785059,2252.2284605626173,987.3080875626988,327.81414225785176,116.6457864836912,714.7180232066968,485.40961665471394,4427.640215661185,1769.5389932032995,988.6486797514416,408.8096869510114,116.93271488280523,711.2412697147188,485.40961665471394,4427.640215661185,1769.5389932032995,988.6486797514416,408.8096869510114,116.93271488280523,711.2412697147188
2026-02-05 07:00:00+00:00,1167.06,6609.63,4058.77,1040.98,889.63,121.88,1166.38,574.1871677578104,5039.689542547487,2250.273653993023,987.3080875626988,343.4780197787379,116.6457864836912,714.4230177751,485.40961665471394,4427.640215661185,1769.5389932032995,988.6486797514416,408.8096869510114,116.93271488280523,711.2412697147188,485.40961665471394,4427.640215661185,1769.5389932032995,988.6486797514416,408.8096869510114,116.93271488280523,711.2412697147188
2026-02-05 08:00:00+00:00,1164.09,6374.34,4063.09,1039.01,606.61,121.63,1222.78,570.9657352695148,5048.839451713639,2233.0488550582186,987.3080875626988,359.141897299624,116.6457864836912,714.0025240052901,485.40961665471394,4427.640215661185,1769.5389932032995,988.6486797514416,408.8096869510114,116.93271488280523,711.2412697147188,485.40961665471394,4427.640215661185,1769.5389932032995,988.6486797514416,408.8096869510114,116.93271488280523,711.2412697147188
2026-02-05 09:00:00+00:00,1164.53,5877.43,4029.55,1033.13,406.79,120.94,1234.83,566.0263969103715,5001.519533796031,2206.3559519790933,987.3080875626988,374.8057748205101,116.6457864836912,713.6172766767307,485.40961665471394,4427.640215661185,1769.5389932032995,988.6486797514416,408.8096869510114,116.93271488280523,711.2412697147188,485.40961665471394,4427.640215661185,1769.5389932032995,988.6486797514416,408.8096869510114,116.93271488280523,711.2412697147188
2026-02-05 10:00:00+00:00,1168.48,6094.3,4012.37,1028.55,193.62001,120.41,1223.01,561.4700034579811,4969.3387309997015,2179.8779240964454,987.3080875626988,390.4696523413963,116.6457864836912,713.121920023975,485.40961665471394,4427.640215661185,1769.5389932032995,988.6486797514416,408.8096869510114,116.93271488280523,711.2412697147188,485.40961665471394,4427.640215661185,1769.5389932032995,988.6486797514416,408.8096869510114,116.93271488280523,711.2412697147188
2026-02-05 11:00:00+00:00,1158.61,6067.3,4020.09,1012.61,53.730007,118.55,1223.57,556.0620483238096,4919.8457105991165,2148.7851902503726,987.3080875626988,406.1335298622824,116.6457864836912,712.4539397414815,485.40961665471394,4427.640215661185,1769.5389932032995,988.6486797514416,408.8096869510114,116.93271488280523,711.2412697147188,485.40961665471394,4427.640215661185,1769.5389932032995,988.6486797514416,408.8096869510114,116.93271488280523,711.2412697147188
2026-02-05 12:00:00+00:00,1157.07,6066.3,3991.87,986.18,40.45001,115.45,1191.2,557.1434484630315,4879.905354408289,2152.499450753126,987.3080875626988,421.79740738316855,116.6457864836912,712.8230435470972,485.40961665471394,4427.640215661185,1769.5389932032995,988.6486797514416,408.8096869510114,116.93271488280523,711.2412697147188,485.40961665471394,4427.640215661185,1769.5389932032995,988.6486797514416,408.8096869510114,116.93271488280523,711.2412697147188
2026-02-05 13:00:00+00:00,1165.86,6065.66,3979.04,999.41,92.33999,117.0,1135.51,557.232514206079,4890.920519694857,2153.7636946133252,987.3080875626988,437.46128490405465,116.6457864836912,712.7607235824689,485.40961665471394,4427.640215661185,1769.5389932032995,988.6486797514416,408.8096869510114,116.93271488280523,711.2412697147188,485.40961665471394,4427.640215661185,1769.5389932032995,988.6486797514416,408.8096869510114,116.93271488280523,711.2412697147188
2026-02-05 14:00:00+00:00,1167.1,6259.77,4055.94,1010.32,152.91,118.29,1135.52,557.8106808201645,4932.5508226396,2162.6165630366622,987.3080875626988,453.1251624249408,116.6457864836912,712.6400675169494,485.40961665471394,4427.640215661185,1769.5389932032995,988.6486797514416,408.8096869510114,116.93271488280523,711.2412697147188,485.40961665471394,4427.640215661185,1769.5389932032995,988.6486797514416,408.8096869510114,116.93271488280523,711.2412697147188
2026-02-05 15:00:00+00:00,1163.47,6613.17,4227.89,1046.59,797.67,122.53,1142.95,560.7906970159725,5004.913432349791,2184.9885896798273,987.3080875626988,468.7890399458269,116.6457864836912,712.6913848114153,485.40961665471394,4427.640215661185,1769.5389932032995,988.6486797514416,408.8096869510114,116.93271488280523,711.2412697147188,485.40961665471394,4427.640215661185,1769.5389932032995,988.6486797514416,408.8096869510114,116.93271488280523,711.2412697147188
2026-02-05 16:00:00+00:00,1168.43,6823.13,4373.31,1052.56,1108.5,141.18,1196.9,562.9161693199869,5081.948648041788,2201.036578447941,987.3080875626988,484.4529174667131,116.6457864836912,712.6773865808634,485.40961665471394,4427.640215661185,1769.5389932032995,988.6486797514416,408.8096869510114,116.93271488280523,711.2412697147188,485.40961665471394,4427.640215661185,1769.5389932032995,988.6486797514416,408.8096869510114,116.93271488280523,711.2412697147188
2026-02-05 17:00:00+00:00,1167.82,7074.47,4436.83,1059.67,1120.6,148.14,1247.13,562.176767693851,5093.822661559015,2200.4477450175436,987.3080875626988,500.1167949875992,116.6457864836912,712.6319016904424,485.40961665471394,4427.640215661185,1769.5389932032995,988.6486797514416,408.8096869510114,116.93271488280523,711.2412697147188,485.40961665471394,4427.640215661185,1769.5389932032995,988.6486797514416,408.8096869510114,116.93271488280523,711.2412697147188
2026-02-05 18:00:00+00:00,1172.59,7094.08,4390.8696,1037.33,980.13,127.89,1242.62,562.3400917463254,5073.914503073411,2201.4149736481427,987.3080875626988,515.7806725084853,116.6457864836912,712.7003609075799,485.40961665471394,4427.640215661185,1769.5389932032995,988.6486797514416,408.8096869510114,116.93271488280523,711.2412697147188,485.40961665471394,4427.640215661185,1769.5389932032995,988.6486797514416,408.8096869510114,116.93271488280523,711.2412697147188
2026-02-05 19:00:00+00:00,1176.07,7039.44,4270.58,1019.72,444.38,119.38,1098.23,559.9114369263455,5008.074180082684,2189.211390357278,987.3080875626988,531.4445500293714,116.6457864836912,712.6444054647468,485.40961665471394,4427.640215661185,1769.5389932032995,988.6486797514416,408.8096869510114,116.93271488280523,711.2412697147188,485.40961665471394,4427.640215661185,1769.5389932032995,988.6486797514416,408.8096869510114,116.93271488280523,711.2412697147188
2026-02-05 20:00:00+00:00,1174.66,7036.57,4134.99,995.33,155.85,116.53,1030.17,557.7211945054255,4940.57244276122,2179.54330761949,987.3080875626988,547.1084275502576,116.6457864836912,712.5412757488159,485.40961665471394,4427.640215661185,1769.5389932032995,988.6486797514416,408.8096869510114,116.93271488280523,711.2412697147188,485.40961665471394,4427.640215661185,1769.5389932032995,988.6486797514416,408.8096869510114,116.93271488280523,711.2412697147188
2026-02-05 21:00:00+00:00,1169.98,6956.11,4029.38,995.6,108.39999,116.56,1025.83,555.4873365325765,4882.126600338597,2168.9863897445157,987.3080875626988,562.7723050711436,116.6457864836912,712.5153495920986,485.40961665471394,4427.640215661185,1769.5389932032995,988.6486797514416,408.8096869510114,116.93271488280523,711.2412697147188,485.40961665471394,4427.640215661185,1769.5389932032995,988.6486797514416,408.8096869510114,116.93271488280523,711.2412697147188
2026-02-05 22:00:00+00:00,1166.56,6621.71,3935.89,1001.29,61.860012,117.23,1022.84,552.413607164829,4804.494963244867,2154.9004707928643,987.3080875626988,578.4361825920298,116.6457864836912,712.4419049554424,485.40961665471394,4427.640215661185,1769.5389932032995,988.6486797514416,408.8096869510114,116.93271488280523,711.2412697147188,485.40961665471394,4427.640215661185,1769.5389932032995,988.6486797514416,408.8096869510114,116.93271488280523,711.2412697147188
2026-02-05 23:00:00+00:00,1165.86,6504.34,3857.47,1004.26,0.55999213,117.58,1024.64,550.537437913832,4742.592791140702,2145.4533752626858,987.3080875626988,594.100060112916,116.6457864836912,712.3943106331714,485.40961665471394,4427.640215661185,1769.5389932032995,988.6486797514416,408.8096869510114,116.93271488280523,711.2412697147188,485.40961665471394,4427.640215661185,1769.5389932032995,988.6486797514416,408.8096869510114,116.93271488280523,711.2412697147188
2026-02-06 00:00:00+00:00,1160.08,6282.61,3840.29,996.96,-5.431801e-06,116.73,1028.47,549.3210653759115,4722.03913944703,2096.7258361383715,987.3080875626988,233.83087713253502,116.6457864836912,712.3597918942357,485.40961665471394,4427.640215661185,1769.5389932032995,988.6486797514416,408.8096869510114,116.93271488280523,711.2412697147188,485.40961665471394,4427.640215661185,1769.5389932032995,988.6486797514416,408.8096869510114,116.93271488280523,711.2412697147188
2026-02-06 01:00:00+00:00,1159.88,6256.34,3789.82,1000.04,-5.431801e-06,117.09,1025.73,549.8034394378535,4722.278463234525,2099.559556853456,987.3080875626988,249.49475465342113,116.6457864836912,712.4837865050332,485.40961665471394,4427.640215661185,1769.5389932032995,988.6486797514416,408.8096869510114,116.93271488280523,711.2412697147188,485.40961665471394,4427.640215661185,1769.5389932032995,988.6486797514416,408.8096869510114,116.93271488280523,711.2412697147188
2026-02-06 02:00:00+00:00,1159.99,6349.36,3793.89,996.8,-5.431801e-06,116.7,1015.25,550.144400807292,4752.736354836241,2102.578952868664,987.3080875626988,265.1586321743073,116.6457864836912,712.4498825244615,485.40961665471394,4427.640215661185,1769.5389932032995,988.6486797514416,408.8096869510114,116.93271488280523,711.2412697147188,485.40961665471394,4427.640215661185,1769.5389932032995,988.6486797514416,408.8096869510114,116.93271488280523,711.2412697147188
2026-02-06 03:00:00+00:00,1160.76,6518.68,3887.58,994.86,-5.431801e-06,116.47,1010.47,549.938613972113,4794.629368857001,2102.9399976829495,987.3080875626988,280.8225096951934,116.6457864836912,712.2569701047543,485.40961665471394,4427.640215661185,1769.5389932032995,988.6486797514416,408.8096869510114,116.93271488280523,711.2412697147188,485.40961665471394,4427.640215661185,1769.5389932032995,988.6486797514416,408.8096869510114,116.93271488280523,711.2412697147188
2026-02-06 04:00:00+00:00,1164.86,6907.18,4031.4,993.54,1.8099921,116.32,1018.22,551.5532969246462,4882.729570906059,2112.7742773312125,987.3080875626988,296.48638721607955,116.6457864836912,712.1793829939975,485.40961665471394,4427.640215661185,1769.5389932032995,988.6486797514416,408.8096869510114,116.93271488280523,711.2412697147188,485.40961665471394,4427.640215661185,1769.5389932032995,988.6486797514416,408.8096869510114,116.93271488280523,711.2412697147188
2026-02-06 05:00:00+00:00,1163.15,6987.89,4313.07,997.5,254.73,116.78,1021.07,556.7336016370133,5041.302528151131,2143.127316362922,987.3080875626988,312.15026473696565,116.6457864836912,712.2548606353074,485.40961665471394,4427.640215661185,1769.5389932032995,988.6486797514416,408.8096869510114,116.93271488280523,711.2412697147188,485.40961665471394,4427.640215661185,1769.5389932032995,988.6486797514416,408.8096869510114,116.93271488280523,711.2412697147188
2026-02-06 06:00:00+00:00,1164.74,6973.8,4393.26,998.9,1159.38,129.08,1021.0,560.0098323104819,5171.873289996064,2164.326258923507,987.3080875626988,327.81414225785176,116.6457864836912,712.1968721878206,485.40961665471394,4427.640215661185,1769.5389932032995,988.6486797514416,408.8096869510114,116.93271488280523,711.2412697147188,485.40961665471394,4427.640215661185,1769.5389932032995,988.6486797514416,408.8096869510114,116.93271488280523,711.2412697147188
2026-02-06 07:00:00+00:00,1165.67,7052.39,4425.06,1000.06,1072.34,141.24,1039.95,560.8224620851845,5214.160160993852,2170.4146545585454,987.3080875626988,343.4780197787379,116.6457864836912,712.2538256105317,485.40961665471394,4427.640215661185,1769.5389932032995,988.6486797514416,408.8096869510114,116.93271488280523,711.2412697147188,485.40961665471394,4427.640215661185,1769.5389932032995,988.6486797514416,408.8096869510114,116.93271488280523,711.2412697147188
2026-02-06 08:00:00+00:00,1165.23,7053.21,4385.37,979.92,982.08,138.87,1044.1,557.1470973188428,5193.779598009032,2151.522788051143,987.3080875626988,359.141897299624,116.6457864836912,711.9731626520022,485.40961665471394,4427.640215661185,1769.5389932032995,988.6486797514416,408.8096869510114,116.93271488280523,711.2412697147188,485.40961665471394,4427.640215661185,1769.5389932032995,988.6486797514416,408.8096869510114,116.93271488280523,711.2412697147188
2026-02-06 09:00:00+00:00,1163.47,6919.89,4326.55,999.02,785.65,129.39,1037.85,552.2031842189725,5156.52244849017,2127.5653063293107,987.3080875626988,374.8057748205101,116.6457864836912,711.620513324416,485.40961665471394,4427.640215661185,1769.5389932032995,988.6486797514416,408.8096869510114,116.93271488280523,711.2412697147188,485.40961665471394,4427.640215661185,1769.5389932032995,988.6486797514416,408.8096869510114,116.93271488280523,711.2412697147188
2026-02-06 10:00:00+00:00,1161.36,6270.77,4351.62,1004.75,686.4,117.64,1031.13,547.8956462075382,5123.54057430798,2106.405979176423,987.3080875626988,390.4696523413963,116.6457864836912,711.2237975387601,485.40961665471394,4427.640215661185,1769.5389932032995,988.6486797514416,408.8096869510114,116.93271488280523,711.2412697147188,485.40961665471394,4427.640215661185,1769.5389932032995,988.6486797514416,408.8096869510114,116.93271488280523,711.2412697147188
2026-02-06 11:00:00+00:00,1160.89,6231.68,4400.15,1018.74,509.05,119.27,1032.34,544.4695126237002,5107.387225539209,2087.3221776552446,987.3080875626988,406.1335298622824,116.6457864836912,710.8585679720762,485.40961665471394,4427.640215661185,1769.5389932032995,988.6486797514416,408.8096869510114,116.93271488280523,711.2412697147188,485.40961665471394,4427.640215661185,1769.5389932032995,988.6486797514416,408.8096869510114,116.93271488280523,711.2412697147188
2026-02-06 12:00:00+00:00,1160.61,6260.48,4376.1,1014.87,391.28,118.82,1029.61,544.8005768451026,5074.600606741194,2089.460939338165,987.3080875626988,421.79740738316855,116.6457864836912,710.969060243827,485.40961665471394,4427.640215661185,1769.5389932032995,988.6486797514416,408.8096869510114,116.93271488280523,711.2412697147188,485.40961665471394,4427.640215661185,1769.5389932032995,988.6486797514416,408.8096869510114,116.93271488280523,711.2412697147188
2026-02-06 13:00:00+00:00,1168.38,6243.7,4370.89,1016.93,403.16,119.06,1014.91,543.2198989642933,5065.127489549592,2084.525072476345,987.3080875626988,437.46128490405465,116.6457864836912,710.7534053247626,485.40961665471394,4427.640215661185,1769.5389932032995,988.6486797514416,408.8096869510114,116.93271488280523,711.2412697147188,485.40961665471394,4427.640215661185,1769.5389932032995,988.6486797514416,408.8096869510114,116.93271488280523,711.2412697147188
2026-02-06 14:00:00+00:00,1167.5,6223.41,4401.03,1032.81,578.38,120.96,1023.03,543.376674701123,5094.249728509016,2089.436205331465,987.3080875626988,453.1251624249408,116.6457864836912,710.5265520235537,485.40961665471394,4427.640215661185,1769.5389932032995,988.6486797514416,408.8096869510114,116.93271488280523,711.2412697147188,485.40961665471394,4427.640215661185,1769.5389932032995,988.6486797514416,408.8096869510114,116.93271488280523,711.2412697147188
2026-02-06 15:00:00+00:00,1165.57,6152.84,4454.74,1072.16,1055.55,149.6,1027.63,545.7271076604897,5114.131590837613,2104.579974095054,987.3080875626988,468.7890399458269,116.6457864836912,710.6781980884336,485.40961665471394,4427.640215661185,1769.5389932032995,988.6486797514416,408.8096869510114,116.93271488280523,711.2412697147188,485.40961665471394,4427.640215661185,1769.5389932032995,988.6486797514416,408.8096869510114,116.93271488280523,711.2412697147188
2026-02-06 16:00:00+00:00,1165.27,6132.2,4521.7397,1075.31,1364.53,150.05,1072.21,548.9981800394748,5155.042175889984,2124.104435749302,987.3080875626988,484.4529174667131,116.6457864836912,711.0643681374808,485.40961665471394,4427.640215661185,1769.5389932032995,988.6486797514416,408.8096869510114,116.93271488280523,711.2412697147188,485.40961665471394,4427.640215661185,1769.5389932032995,988.6486797514416,408.8096869510114,116.93271488280523,711.2412697147188
2026-02-06 17:00:00+00:00,1167.8,6121.42,4524.74,1074.65,1216.77,149.97,1133.31,550.5268646259489,5153.6104584996765,2133.236058553039,987.3080875626988,500.1167949875992,116.6457864836912,711.2824401058626,485.40961665471394,4427.640215661185,1769.5389932032995,988.6486797514416,408.8096869510114,116.93271488280523,711.2412697147188,485.40961665471394,4427.640215661185,1769.5389932032995,988.6486797514416,408.8096869510114,116.93271488280523,711.2412697147188
2026-02-06 18:00:00+00:00,1167.26,6114.28,4453.19,1067.09,456.77,125.07,1058.37,550.193054833303,5098.7872610150325,2131.924316652976,987.3080875626988,515.7806725084853,116.6457864836912,711.3785141520349,485.40961665471394,4427.640215661185,1769.5389932032995,988.6486797514416,408.8096869510114,116.93271488280523,711.2412697147188,485.40961665471394,4427.640215661185,1769.5389932032995,988.6486797514416,408.8096869510114,116.93271488280523,711.2412697147188
2026-02-06 19:00:00+00:00,1171.68,6148.37,4308.98,1038.22,91.459984,121.54,1026.79,548.1265165431045,4988.3290337628,2122.045702717211,987.3080875626988,531.4445500293714,116.6457864836912,711.5438125282603,485.40961665471394,4427.640215661185,1769.5389932032995,988.6486797514416,408.8096869510114,116.93271488280523,711.2412697147188,485.40961665471394,4427.640215661185,1769.5389932032995,988.6486797514416,408.8096869510114,116.93271488280523,711.2412697147188
2026-02-06 20:00:00+00:00,1174.26,6168.74,4158.41,1023.01,69.54,119.77,1012.06,548.8356657597378,4893.062576360789,2125.042770176359,987.3080875626988,547.1084275502576,116.6457864836912,712.2837002877952,485.40961665471394,4427.640215661185,1769.5389932032995,988.6486797514416,408.8096869510114,116.93271488280523,711.2412697147188,485.40961665471394,4427.640215661185,1769.5389932032995,988.6486797514416,408.8096869510114,116.93271488280523,711.2412697147188
2026-02-06 21:00:00+00:00,1171.98,6061.72,3950.39,1024.81,38.770016,119.98,1012.05,545.4239666778294,4836.266321514063,2109.260141846658,987.3080875626988,562.7723050711436,116.6457864836912,711.8730284066401,485.40961665471394,4427.640215661185,1769.5389932032995,988.6486797514416,408.8096869510114,116.93271488280523,711.2412697147188,485.40961665471394,4427.640215661185,1769.5389932032995,988.6486797514416,408.8096869510114,116.93271488280523,711.2412697147188
2026-02-06 22:00:00+00:00,1142.44,5987.2,3834.96,1025.08,29.11001,120.01,1012.29,543.3038091425615,4761.602564831286,2098.3724252180946,987.3080875626988,578.4361825920298,116.6457864836912,712.0016617863433,485.40961665471394,4427.640215661185,1769.5389932032995,988.6486797514416,408.8096869510114,116.93271488280523,711.2412697147188,485.40961665471394,4427.640215661185,1769.5389932032995,988.6486797514416,408.8096869510114,116.93271488280523,711.2412697147188
2026-02-06 23:00:00+00:00,1111.04,6133.77,3756.83,1015.26,61.800014,118.86,698.87,541.5964104223351,4678.370337151568,2090.964589853162,987.3080875626988,594.100060112916,116.6457864836912,712.2306238988639,485.40961665471394,4427.640215661185,1769.5389932032995,988.6486797514416,408.8096869510114,116.93271488280523,711.2412697147188,485.40961665471394,4427.640215661185,1769.5389932032995,988.6486797514416,408.8096869510114,116.93271488280523,711.2412697147188
2026-02-07 00:00:00+00:00,1110.83,5970.57,3736.85,1001.24,19.899988,117.23,694.66,557.4758543181358,4675.662277649497,2093.1850278140246,988.4315819479938,233.52092876460907,116.80792933666962,721.0159875090177,485.40961665471394,4427.640215661185,1769.5389932032995,988.6486797514416,408.8096869510114,116.93271488280523,711.2412697147188,485.40961665471394,4427.640215661185,1769.5389932032995,988.6486797514416,408.8096869510114,116.93271488280523,711.2412697147188
2026-02-07 01:00:00+00:00,1117.68,5892.37,3724.46,955.56,-5.431801e-06,111.88,686.89,559.3613874101663,4646.841763507851,2104.191734831139,988.4315819479938,248.95113681993206,116.80792933666962,721.5785542961188,485.40961665471394,4427.640215661185,1769.5389932032995,988.6486797514416,408.8096869510114,116.93271488280523,711.2412697147188,485.40961665471394,4427.640215661185,1769.5389932032995,988.6486797514416,408.8096869510114,116.93271488280523,711.2412697147188
2026-02-07 02:00:00+00:00,1116.22,5791.78,3726.75,986.37,-5.431801e-06,115.48,684.06,561.1306269504862,4648.926390611209,2114.6049318891737,988.4315819479938,264.381344875255,116.80792933666962,721.9689888051786,485.40961665471394,4427.640215661185,1769.5389932032995,988.6486797514416,408.8096869510114,116.93271488280523,711.2412697147188,485.40961665471394,4427.640215661185,1769.5389932032995,988.6486797514416,408.8096869510114,116.93271488280523,711.2412697147188
2026-02-07 03:00:00+00:00,1125.88,5835.66,3728.78,1004.63,9.459986,117.61,686.88,562.2564812702958,4658.923081473902,2122.6412432508187,988.4315819479938,279.81155293057805,116.80792933666962,722.0152520862584,485.40961665471394,4427.640215661185,1769.5389932032995,988.6486797514416,408.8096869510114,116.93271488280523,711.2412697147188,485.40961665471394,4427.640215661185,1769.5389932032995,988.6486797514416,408.8096869510114,116.93271488280523,711.2412697147188
2026-02-07 04:00:00+00:00,1151.56,5873.78,3794.46,1008.07,9.540003,118.01,699.08,562.7753262600452,4680.88190272331,2127.5422221521294,988.4315819479938,295.24176098590095,116.80792933666962,722.0523694668664,485.40961665471394,4427.640215661185,1769.5389932032995,988.6486797514416,408.8096869510114,116.93271488280523,711.2412697147188,485.40961665471394,4427.640215661185,1769.5389932032995,988.6486797514416,408.8096869510114,116.93271488280523,711.2412697147188
2026-02-07 05:00:00+00:00,1155.01,6124.22,3832.94,1010.24,9.640009,118.28,697.64,564.2673954709367,4722.852952506627,2137.335324523085,988.4315819479938,310.671969041224,116.80792933666962,722.04021787426,485.40961665471394,4427.640215661185,1769.5389932032995,988.6486797514416,408.8096869510114,116.93271488280523,711.2412697147188,485.40961665471394,4427.640215661185,1769.5389932032995,988.6486797514416,408.8096869510114,116.93271488280523,711.2412697147188
2026-02-07 06:00:00+00:00,1148.91,6305.09,3914.69,1017.29,29.059992,119.1,697.13,563.7522064980532,4782.601300185703,2139.3286721388745,988.4315819479938,326.10217709654694,116.80792933666962,721.5217992327874,485.40961665471394,4427.640215661185,1769.5389932032995,988.6486797514416,408.8096869510114,116.93271488280523,711.2412697147188,485.40961665471394,4427.640215661185,1769.5389932032995,988.6486797514416,408.8096869510114,116.93271488280523,711.2412697147188
2026-02-07 07:00:00+00:00,1149.77,6305.09,3976.63,1011.07,38.67999,118.37,703.28,564.4145248965469,4844.386144695497,2144.1121209108455,988.4315819479938,341.5323851518699,116.80792933666962,721.3366322191546,485.40961665471394,4427.640215661185,1769.5389932032995,988.6486797514416,408.8096869510114,116.93271488280523,711.2412697147188,485.40961665471394,4427.640215661185,1769.5389932032995,988.6486797514416,408.8096869510114,116.93271488280523,711.2412697147188
2026-02-07 08:00:00+00:00,1150.94,6270.36,3979.77,1002.99,0.21999578,117.43,710.55,561.2442754371334,4855.392246563683,2128.4803602345505,988.4315819479938,356.96259320719287,116.80792933666962,720.8532276720238,485.40961665471394,4427.640215661185,1769.5389932032995,988.6486797514416,408.8096869510114,116.93271488280523,711.2412697147188,485.40961665471394,4427.640215661185,1769.5389932032995,988.6486797514416,408.8096869510114,116.93271488280523,711.2412697147188
2026-02-07 09:00:00+00:00,1156.33,6191.42,3926.02,1007.67,-5.431801e-06,117.98,702.84,556.8575042436036,4831.99835209141,2104.968685645752,988.4315819479938,372.39280126251583,116.80792933666962,720.3805105524725,485.40961665471394,4427.640215661185,1769.5389932032995,988.6486797514416,408.8096869510114,116.93271488280523,711.2412697147188,485.40961665471394,4427.640215661185,1769.5389932032995,988.6486797514416,408.8096869510114,116.93271488280523,711.2412697147188
2026-02-07 10:00:00+00:00,1151.93,6113.53,3878.75,1009.39,-5.431801e-06,118.18,714.27,551.947169571005,4801.627439374624,2079.1627583662676,988.4315819479938,387.82300931783885,116.80792933666962,719.8772796115452,485.40961665471394,4427.640215661185,1769.5389932032995,988.6486797514416,408.8096869510114,116.93271488280523,711.2412697147188,485.40961665471394,4427.640215661185,1769.5389932032995,988.6486797514416,408.8096869510114,116.93271488280523,711.2412697147188
2026-02-07 11:00:00+00:00,1141.01,6048.02,3820.23,1002.2,-5.431801e-06,117.33,720.87,546.9629679456522,4770.067791421109,2054.5492870904,988.4315819479938,403.2532173731618,116.80792933666962,719.1481957376104,485.40961665471394,4427.640215661185,1769.5389932032995,988.6486797514416,408.8096869510114,116.93271488280523,711.2412697147188,485.40961665471394,4427.640215661185,1769.5389932032995,988.6486797514416,408.8096869510114,116.93271488280523,711.2412697147188
2026-02-07 12:00:00+00:00,1143.68,6092.87,3793.49,1002.4,-5.431801e-06,117.36,721.64,545.750525131848,4744.106576832072,2050.1943062253863,988.4315819479938,418.6834254284848,116.80792933666962,719.0866640122878,485.40961665471394,4427.640215661185,1769.5389932032995,988.6486797514416,408.8096869510114,116.93271488280523,711.2412697147188,485.40961665471394,4427.640215661185,1769.5389932032995,988.6486797514416,408.8096869510114,116.93271488280523,711.2412697147188
2026-02-07 13:00:00+00:00,1146.68,6135.99,3820.75,997.18,10.809992,116.75,716.66,545.5522356688263,4759.78572184175,2052.0437556499774,988.4315819479938,434.11363348380775,116.80792933666962,718.8852226175164,485.40961665471394,4427.640215661185,1769.5389932032995,988.6486797514416,408.8096869510114,116.93271488280523,711.2412697147188,485.40961665471394,4427.640215661185,1769.5389932032995,988.6486797514416,408.8096869510114,116.93271488280523,711.2412697147188
2026-02-07 14:00:00+00:00,1146.39,6259.75,3882.17,1002.35,1.7400153,117.35,709.12,548.8315296302686,4840.209101122219,2073.2124606708367,988.4315819479938,449.54384153913077,116.80792933666962,718.8382675914238,485.40961665471394,4427.640215661185,1769.5389932032995,988.6486797514416,408.8096869510114,116.93271488280523,711.2412697147188,485.40961665471394,4427.640215661185,1769.5389932032995,988.6486797514416,408.8096869510114,116.93271488280523,711.2412697147188
2026-02-07 15:00:00+00:00,1147.37,6269.97,3958.48,1024.83,291.56,119.99,720.29,555.790486157784,4936.981968078964,2113.592683539232,988.4315819479938,464.9740495944537,116.80792933666962,719.2417218436352,485.40961665471394,4427.640215661185,1769.5389932032995,988.6486797514416,408.8096869510114,116.93271488280523,711.2412697147188,485.40961665471394,4427.640215661185,1769.5389932032995,988.6486797514416,408.8096869510114,116.93271488280523,711.2412697147188
2026-02-07 16:00:00+00:00,1145.68,6297.81,4042.56,1021.22,1061.18,119.56,738.19,562.4638545536774,5026.594032520335,2152.960240465963,988.4315819479938,480.4042576497767,116.80792933666962,719.6445432633972,485.40961665471394,4427.640215661185,1769.5389932032995,988.6486797514416,408.8096869510114,116.93271488280523,711.2412697147188,485.40961665471394,4427.640215661185,1769.5389932032995,988.6486797514416,408.8096869510114,116.93271488280523,711.2412697147188
2026-02-07 17:00:00+00:00,1147.21,6327.39,4059.48,1035.96,1138.91,121.3,740.35,566.4961525267947,5044.133004214602,2175.9626265882675,988.4315819479938,495.83446570509966,116.80792933666962,720.122408551024,485.40961665471394,4427.640215661185,1769.5389932032995,988.6486797514416,408.8096869510114,116.93271488280523,711.2412697147188,485.40961665471394,4427.640215661185,1769.5389932032995,988.6486797514416,408.8096869510114,116.93271488280523,711.2412697147188
2026-02-07 18:00:00+00:00,1152.46,6342.6,4054.48,1035.89,740.25,121.28,736.39,565.2034996094777,4983.772637156545,2171.7831886467366,988.4315819479938,511.2646737604226,116.80792933666962,720.0751527054006,485.40961665471394,4427.640215661185,1769.5389932032995,988.6486797514416,408.8096869510114,116.93271488280523,711.2412697147188,485.40961665471394,4427.640215661185,1769.5389932032995,988.6486797514416,408.8096869510114,116.93271488280523,711.2412697147188
2026-02-07 19:00:00+00:00,1151.77,6339.6,4016.86,1028.77,62.240017,120.45,731.88,563.1968445783704,4884.206424599214,2164.111402474795,988.4315819479938,526.6948818157456,116.80792933666962,720.3133308644244,485.40961665471394,4427.640215661185,1769.5389932032995,988.6486797514416,408.8096869510114,116.93271488280523,711.2412697147188,485.40961665471394,4427.640215661185,1769.5389932032995,988.6486797514416,408.8096869510114,116.93271488280523,711.2412697147188
2026-02-07 20:00:00+00:00,1153.75,6361.78,3951.15,1001.12,-5.431801e-06,117.21,723.52,561.9099287355276,4809.765748595967,2160.267867006796,988.4315819479938,542.1250898710687,116.80792933666962,720.6004831096998,485.40961665471394,4427.640215661185,1769.5389932032995,988.6486797514416,408.8096869510114,116.93271488280523,711.2412697147188,485.40961665471394,4427.640215661185,1769.5389932032995,988.6486797514416,408.8096869510114,116.93271488280523,711.2412697147188
2026-02-07 21:00:00+00:00,1159.21,6347.16,3854.01,995.46,-5.431801e-06,116.55,719.89,560.7486712320751,4771.301811300119,2157.13798301075,988.4315819479938,557.5552979263915,116.80792933666962,720.7526156813155,485.40961665471394,4427.640215661185,1769.5389932032995,988.6486797514416,408.8096869510114,116.93271488280523,711.2412697147188,485.40961665471394,4427.640215661185,1769.5389932032995,988.6486797514416,408.8096869510114,116.93271488280523,711.2412697147188
2026-02-07 22:00:00+00:00,1139.07,6344.14,3727.3303,997.66,-5.431801e-06,116.8,726.67,559.3850404663567,4710.219842356004,2152.124799184498,988.4315819479938,572.9855059817146,116.80792933666962,720.9122027857064,485.40961665471394,4427.640215661185,1769.5389932032995,988.6486797514416,408.8096869510114,116.93271488280523,711.2412697147188,485.40961665471394,4427.640215661185,1769.5389932032995,988.6486797514416,408.8096869510114,116.93271488280523,711.2412697147188
2026-02-07 23:00:00+00:00,1125.15,6347.59,3679.01,991.2,33.39001,116.05,724.14,558.0635257722845,4646.33746137982,2147.4865741443955,988.4315819479938,588.4157140370376,116.80792933666962,721.0537918179723,485.40961665471394,4427.640215661185,1769.5389932032995,988.6486797514416,408.8096869510114,116.93271488280523,711.2412697147188,485.40961665471394,4427.640215661185,1769.5389932032995,988.6486797514416,408.8096869510114,116.93271488280523,711.2412697147188
2026-02-08 00:00:00+00:00,1127.13,6342.37,3640.58,974.39,-5.431801e-06,114.08,722.85,557.0016191214839,4596.98022236006,2092.312948728309,988.4315819479938,233.52092876460907,116.80792933666962,720.9844620087825,485.40961665471394,4427.640215661185,1769.5389932032995,988.6486797514416,408.8096869510114,116.93271488280523,711.2412697147188,485.40961665471394,4427.640215661185,1769.5389932032995,988.6486797514416,408.8096869510114,116.93271488280523,711.2412697147188
2026-02-08 01:00:00+00:00,1128.58,6170.29,3637.17,991.25,-5.431801e-06,116.05,716.76,557.4541245564587,4576.839522723079,2095.993659019628,988.4315819479938,248.95113681993206,116.80792933666962,721.0839019508055,485.40961665471394,4427.640215661185,1769.5389932032995,988.6486797514416,408.8096869510114,116.93271488280523,711.2412697147188,485.40961665471394,4427.640215661185,1769.5389932032995,988.6486797514416,408.8096869510114,116.93271488280523,711.2412697147188
2026-02-08 02:00:00+00:00,1137.62,6057.08,3622.07,992.76,-5.431801e-06,116.24,711.88,558.2766302618231,4577.221065741322,2101.819770218168,988.4315819479938,264.381344875255,116.80792933666962,721.2975161817578,485.40961665471394,4427.640215661185,1769.5389932032995,988.6486797514416,408.8096869510114,116.93271488280523,711.2412697147188,485.40961665471394,4427.640215661185,1769.5389932032995,988.6486797514416,408.8096869510114,116.93271488280523,711.2412697147188
2026-02-08 03:00:00+00:00,1142.8,6072.62,3626.81,1000.61,-5.431801e-06,117.15,712.32,559.5036937764958,4587.718167569108,2109.7316626602633,988.4315819479938,279.81155293057805,116.80792933666962,721.450530808583,485.40961665471394,4427.640215661185,1769.5389932032995,988.6486797514416,408.8096869510114,116.93271488280523,711.2412697147188,485.40961665471394,4427.640215661185,1769.5389932032995,988.6486797514416,408.8096869510114,116.93271488280523,711.2412697147188
2026-02-08 04:00:00+00:00,1150.33,6103.34,3658.69,997.11,-5.431801e-06,116.74,718.2,559.8982517296369,4585.377263888375,2113.9580867926943,988.4315819479938,295.24176098590095,116.80792933666962,721.5879066610314,485.40961665471394,4427.640215661185,1769.5389932032995,988.6486797514416,408.8096869510114,116.93271488280523,711.2412697147188,485.40961665471394,4427.640215661185,1769.5389932032995,988.6486797514416,408.8096869510114,116.93271488280523,711.2412697147188
2026-02-08 05:00:00+00:00,1155.54,6097.14,3702.13,997.44,-5.431801e-06,116.78,723.37,560.5723317330209,4589.432670563208,2119.4263980298606,988.4315819479938,310.671969041224,116.80792933666962,721.6942612649244,485.40961665471394,4427.640215661185,1769.5389932032995,988.6486797514416,408.8096869510114,116.93271488280523,711.2412697147188,485.40961665471394,4427.640215661185,1769.5389932032995,988.6486797514416,408.8096869510114,116.93271488280523,711.2412697147188
2026-02-08 06:00:00+00:00,1140.65,6171.13,3779.26,1010.22,-5.431801e-06,118.28,718.14,561.9678931036811,4632.8715815057685,2128.8352448493633,988.4315819479938,326.10217709654694,116.80792933666962,721.7178131901043,485.40961665471394,4427.640215661185,1769.5389932032995,988.6486797514416,408.8096869510114,116.93271488280523,711.2412697147188,485.40961665471394,4427.640215661185,1769.5389932032995,988.6486797514416,408.8096869510114,116.93271488280523,711.2412697147188
2026-02-08 07:00:00+00:00,1141.96,6413.7,3838.81,1015.74,-5.431801e-06,118.93,727.16,563.450146277491,4677.526320998108,2137.003362289305,988.4315819479938,341.5323851518699,116.80792933666962,721.7731083802926,485.40961665471394,4427.640215661185,1769.5389932032995,988.6486797514416,408.8096869510114,116.93271488280523,711.2412697147188,485.40961665471394,4427.640215661185,1769.5389932032995,988.6486797514416,408.8096869510114,116.93271488280523,711.2412697147188
2026-02-08 08:00:00+00:00,1139.63,6423.94,3837.16,1004.62,-5.431801e-06,117.62,723.59,563.532940790781,4687.757489790775,2137.2822176816767,988.4315819479938,356.96259320719287,116.80792933666962,721.6441849704526,485.40961665471394,4427.640215661185,1769.5389932032995,988.6486797514416,408.8096869510114,116.93271488280523,711.2412697147188,485.40961665471394,4427.640215661185,1769.5389932032995,988.6486797514416,408.8096869510114,116.93271488280523,711.2412697147188
2026-02-08 09:00:00+00:00,1137.63,6410.75,3780.69,1016.26,-5.431801e-06,119.0,723.09,561.7017046281295,4661.406017252281,2128.839245574422,988.4315819479938,372.39280126251583,116.80792933666962,721.3970321021086,485.40961665471394,4427.640215661185,1769.5389932032995,988.6486797514416,408.8096869510114,116.93271488280523,711.2412697147188,485.40961665471394,4427.640215661185,1769.5389932032995,988.6486797514416,408.8096869510114,116.93271488280523,711.2412697147188
2026-02-08 10:00:00+00:00,1141.38,6285.72,3660.54,1022.66,-5.431801e-06,119.74,721.81,559.8793483637337,4663.1859109951465,2120.6742925233557,988.4315819479938,387.82300931783885,116.80792933666962,721.0561917694022,485.40961665471394,4427.640215661185,1769.5389932032995,988.6486797514416,408.8096869510114,116.93271488280523,711.2412697147188,485.40961665471394,4427.640215661185,1769.5389932032995,988.6486797514416,408.8096869510114,116.93271488280523,711.2412697147188
2026-02-08 11:00:00+00:00,1141.74,6124.02,3620.06,1030.39,-5.431801e-06,120.64,719.76,557.5358359665141,4621.575166405091,2110.2851787507343,988.4315819479938,403.2532173731618,116.80792933666962,720.7730747994483,485.40961665471394,4427.640215661185,1769.5389932032995,988.6486797514416,408.8096869510114,116.93271488280523,711.2412697147188,485.40961665471394,4427.640215661185,1769.5389932032995,988.6486797514416,408.8096869510114,116.93271488280523,711.2412697147188
2026-02-08 12:00:00+00:00,1134.86,6098.21,3609.59,1036.75,-5.431801e-06,121.39,721.64,557.8011553583724,4583.90782753876,2111.8187784771285,988.4315819479938,418.6834254284848,116.80792933666962,720.9370811443926,485.40961665471394,4427.640215661185,1769.5389932032995,988.6486797514416,408.8096869510114,116.93271488280523,711.2412697147188,485.40961665471394,4427.640215661185,1769.5389932032995,988.6486797514416,408.8096869510114,116.93271488280523,711.2412697147188
2026-02-08 13:00:00+00:00,1134.62,6254.3,3681.19,1033.55,-5.431801e-06,121.01,719.15,557.1204042925117,4587.043004156809,2111.1319493524334,988.4315819479938,434.11363348380775,116.80792933666962,720.8066928194804,485.40961665471394,4427.640215661185,1769.5389932032995,988.6486797514416,408.8096869510114,116.93271488280523,711.2412697147188,485.40961665471394,4427.640215661185,1769.5389932032995,988.6486797514416,408.8096869510114,116.93271488280523,711.2412697147188
2026-02-08 14:00:00+00:00,1139.7,6317.14,3747.98,1034.14,24.140009,121.08,711.54,558.3300157148456,4650.585168267509,2121.967261406797,988.4315819479938,449.54384153913077,116.80792933666962,720.7861148712907,485.40961665471394,4427.640215661185,1769.5389932032995,988.6486797514416,408.8096869510114,116.93271488280523,711.2412697147188,485.40961665471394,4427.640215661185,1769.5389932032995,988.6486797514416,408.8096869510114,116.93271488280523,711.2412697147188
2026-02-08 15:00:00+00:00,1154.79,6403.96,3953.11,1072.17,146.52002,125.53,738.4,562.7095610496119,4765.019032638547,2149.2636261642965,988.4315819479938,464.9740495944537,116.80792933666962,721.0450512686382,485.40961665471394,4427.640215661185,1769.5389932032995,988.6486797514416,408.8096869510114,116.93271488280523,711.2412697147188,485.40961665471394,4427.640215661185,1769.5389932032995,988.6486797514416,408.8096869510114,116.93271488280523,711.2412697147188
2026-02-08 16:00:00+00:00,1158.85,6418.71,4081.47,1074.62,523.02,137.85,728.15,568.4585961358639,4876.1072284187285,2182.6787938585358,988.4315819479938,480.4042576497767,116.80792933666962,721.5105164679263,485.40961665471394,4427.640215661185,1769.5389932032995,988.6486797514416,408.8096869510114,116.93271488280523,711.2412697147188,485.40961665471394,4427.640215661185,1769.5389932032995,988.6486797514416,408.8096869510114,116.93271488280523,711.2412697147188
2026-02-08 17:00:00+00:00,1163.54,6416.74,4141.18,1077.98,519.18,138.66,728.43,571.8657637047515,4916.589264183708,2202.3327274645126,988.4315819479938,495.83446570509966,116.80792933666962,721.8113564523704,485.40961665471394,4427.640215661185,1769.5389932032995,988.6486797514416,408.8096869510114,116.93271488280523,711.2412697147188,485.40961665471394,4427.640215661185,1769.5389932032995,988.6486797514416,408.8096869510114,116.93271488280523,711.2412697147188
2026-02-08 18:00:00+00:00,1162.03,6419.72,4149.55,1077.3,415.73,126.13,726.9,571.5003273050589,4869.534370871424,2202.6536145663254,988.4315819479938,511.2646737604226,116.80792933666962,721.8911979194436,485.40961665471394,4427.640215661185,1769.5389932032995,988.6486797514416,408.8096869510114,116.93271488280523,711.2412697147188,485.40961665471394,4427.640215661185,1769.5389932032995,988.6486797514416,408.8096869510114,116.93271488280523,711.2412697147188
2026-02-08 19:00:00+00:00,1165.85,6411.26,4075.93,1057.28,36.800014,123.79,722.03,570.9803018400819,4816.457965160821,2202.1548750975217,988.4315819479938,526.6948818157456,116.80792933666962,722.0451153031464,485.40961665471394,4427.640215661185,1769.5389932032995,988.6486797514416,408.8096869510114,116.93271488280523,711.2412697147188,485.40961665471394,4427.640215661185,1769.5389932032995,988.6486797514416,408.8096869510114,116.93271488280523,711.2412697147188
2026-02-08 20:00:00+00:00,1168.36,6428.36,3918.37,1046.68,-5.431801e-06,122.55,713.9,571.0177410184511,4781.701522979233,2204.6278550596453,988.4315819479938,542.1250898710687,116.80792933666962,722.2612403839669,485.40961665471394,4427.640215661185,1769.5389932032995,988.6486797514416,408.8096869510114,116.93271488280523,711.2412697147188,485.40961665471394,4427.640215661185,1769.5389932032995,988.6486797514416,408.8096869510114,116.93271488280523,711.2412697147188
2026-02-08 21:00:00+00:00,1173.11,6401.95,3866.56,1026.8,58.17999,120.22,708.58,569.816765141525,4761.47228749949,2201.400876415629,988.4315819479938,557.5552979263915,116.80792933666962,722.3765966444989,485.40961665471394,4427.640215661185,1769.5389932032995,988.6486797514416,408.8096869510114,116.93271488280523,711.2412697147188,485.40961665471394,4427.640215661185,1769.5389932032995,988.6486797514416,408.8096869510114,116.93271488280523,711.2412697147188
2026-02-08 22:00:00+00:00,1140.34,6261.42,3794.31,1017.07,-5.431801e-06,119.08,711.5,567.2465500870753,4713.015631507553,2191.2583781847866,988.4315819479938,572.9855059817146,116.80792933666962,722.425593796976,485.40961665471394,4427.640215661185,1769.5389932032995,988.6486797514416,408.8096869510114,116.93271488280523,711.2412697147188,485.40961665471394,4427.640215661185,1769.5389932032995,988.6486797514416,408.8096869510114,116.93271488280523,711.2412697147188
2026-02-08 23:00:00+00:00,1130.28,5945.43,3785.83,1024.0,-5.431801e-06,119.89,681.12,565.6051432023348,4679.323091445614,2185.435625500926,988.4315819479938,588.4157140370376,116.80792933666962,722.5783335763159,485.40961665471394,4427.640215661185,1769.5389932032995,988.6486797514416,408.8096869510114,116.93271488280523,711.2412697147188,485.40961665471394,4427.640215661185,1769.5389932032995,988.6486797514416,408.8096869510114,116.93271488280523,711.2412697147188
2026-02-09 00:00:00+00:00,1132.13,5934.36,3791.76,1017.86,-5.431801e-06,119.18,649.82,564.1710655173497,4666.098692316752,2128.7484917636652,988.4315819479938,233.52092876460907,116.80792933666962,722.4285706001176,485.40961665471394,4427.640215661185,1769.5389932032995,988.6486797514416,408.8096869510114,116.93271488280523,711.2412697147188,485.40961665471394,4427.640215661185,1769.5389932032995,988.6486797514416,408.8096869510114,116.93271488280523,711.2412697147188
2026-02-09 01:00:00+00:00,1126.08,5922.89,3792.32,1021.68,-5.431801e-06,119.63,673.02,564.6366402067188,4663.765583364575,2132.9219462855785,988.4315819479938,248.95113681993206,116.80792933666962,722.5903046585939,485.40961665471394,4427.640215661185,1769.5389932032995,988.6486797514416,408.8096869510114,116.93271488280523,711.2412697147188,485.40961665471394,4427.640215661185,1769.5389932032995,988.6486797514416,408.8096869510114,116.93271488280523,711.2412697147188
2026-02-09 02:00:00+00:00,1126.27,5935.46,3779.4,1022.17,0.029993348,119.68,670.7,564.9784342326817,4670.488887839768,2137.432666530214,988.4315819479938,264.381344875255,116.80792933666962,722.6918974967217,485.40961665471394,4427.640215661185,1769.5389932032995,988.6486797514416,408.8096869510114,116.93271488280523,711.2412697147188,485.40961665471394,4427.640215661185,1769.5389932032995,988.6486797514416,408.8096869510114,116.93271488280523,711.2412697147188
2026-02-09 03:00:00+00:00,1124.39,5950.34,3827.71,1022.53,55.790005,119.72,674.25,566.2461734734314,4710.957562734934,2146.976594374163,988.4315819479938,279.81155293057805,116.80792933666962,722.8178512332795,485.40961665471394,4427.640215661185,1769.5389932032995,988.6486797514416,408.8096869510114,116.93271488280523,711.2412697147188,485.40961665471394,4427.640215661185,1769.5389932032995,988.6486797514416,408.8096869510114,116.93271488280523,711.2412697147188
2026-02-09 04:00:00+00:00,1152.31,6122.62,3971.63,1027.24,71.81002,120.28,681.82,569.9003011338992,4826.279089259595,2168.2505445535407,988.4315819479938,295.24176098590095,116.80792933666962,722.8781801803859,485.40961665471394,4427.640215661185,1769.5389932032995,988.6486797514416,408.8096869510114,116.93271488280523,711.2412697147188,485.40961665471394,4427.640215661185,1769.5389932032995,988.6486797514416,408.8096869510114,116.93271488280523,711.2412697147188
2026-02-09 05:00:00+00:00,1161.74,6307.91,4221.85,1039.06,352.68,121.8,672.1,577.0034887214805,5029.488920409582,2208.4773412671375,988.4315819479938,310.671969041224,116.80792933666962,722.9371683351545,485.40961665471394,4427.640215661185,1769.5389932032995,988.6486797514416,408.8096869510114,116.93271488280523,711.2412697147188,485.40961665471394,4427.640215661185,1769.5389932032995,988.6486797514416,408.8096869510114,116.93271488280523,711.2412697147188
2026-02-09 06:00:00+00:00,1155.17,6284.03,4370.4194,1039.59,779.88,136.03,673.02,580.5025532870202,5159.797326559598,2230.947966696671,988.4315819479938,326.10217709654694,116.80792933666962,722.849335997126,485.40961665471394,4427.640215661185,1769.5389932032995,988.6486797514416,408.8096869510114,116.93271488280523,711.2412697147188,485.40961665471394,4427.640215661185,1769.5389932032995,988.6486797514416,408.8096869510114,116.93271488280523,711.2412697147188
2026-02-09 07:00:00+00:00,1156.95,6183.67,4433.61,1055.16,1235.14,150.69,666.75,582.0010739471419,5192.890083940994,2241.5479825960133,988.4315819479938,341.5323851518699,116.80792933666962,722.9960402997913,485.40961665471394,4427.640215661185,1769.5389932032995,988.6486797514416,408.8096869510114,116.93271488280523,711.2412697147188,485.40961665471394,4427.640215661185,1769.5389932032995,988.6486797514416,408.8096869510114,116.93271488280523,711.2412697147188
2026-02-09 08:00:00+00:00,1155.52,6135.91,4351.86,1049.4,1143.8,147.03,665.43,577.4128405375483,5145.4322333211185,2221.248579141966,988.4315819479938,356.96259320719287,116.80792933666962,722.4163829710693,485.40961665471394,4427.640215661185,1769.5389932032995,988.6486797514416,408.8096869510114,116.93271488280523,711.2412697147188,485.40961665471394,4427.640215661185,1769.5389932032995,988.6486797514416,408.8096869510114,116.93271488280523,711.2412697147188
2026-02-09 09:00:00+00:00,1155.52,6135.25,4257.9,1035.25,277.96,135.7,663.62,569.2371856098614,5074.230011504979,2184.325514661006,988.4315819479938,372.39280126251583,116.80792933666962,721.4509206732594,485.40961665471394,4427.640215661185,1769.5389932032995,988.6486797514416,408.8096869510114,116.93271488280523,711.2412697147188,485.40961665471394,4427.640215661185,1769.5389932032995,988.6486797514416,408.8096869510114,116.93271488280523,711.2412697147188
2026-02-09 10:00:00+00:00,1159.05,6168.37,4247.83,1034.45,67.27999,121.1,659.08,560.6704950478967,4998.150329885862,2145.608148083559,988.4315819479938,387.82300931783885,116.80792933666962,720.423850239567,485.40961665471394,4427.640215661185,1769.5389932032995,988.6486797514416,408.8096869510114,116.93271488280523,711.2412697147188,485.40961665471394,4427.640215661185,1769.5389932032995,988.6486797514416,408.8096869510114,116.93271488280523,711.2412697147188
2026-02-09 11:00:00+00:00,1159.38,6147.53,4238.59,1033.6,338.26,121.0,659.63,555.4818221820955,4981.43192624964,2121.3342030879785,988.4315819479938,403.2532173731618,116.80792933666962,719.3805525013918,485.40961665471394,4427.640215661185,1769.5389932032995,988.6486797514416,408.8096869510114,116.93271488280523,711.2412697147188,485.40961665471394,4427.640215661185,1769.5389932032995,988.6486797514416,408.8096869510114,116.93271488280523,711.2412697147188
2026-02-09 12:00:00+00:00,1163.13,6206.06,4241.78,1031.0,375.61,120.7,666.39,556.18168575088,4985.015918814487,2124.696225862899,988.4315819479938,418.6834254284848,116.80792933666962,719.4952109100632,485.40961665471394,4427.640215661185,1769.5389932032995,988.6486797514416,408.8096869510114,116.93271488280523,711.2412697147188,485.40961665471394,4427.640215661185,1769.5389932032995,988.6486797514416,408.8096869510114,116.93271488280523,711.2412697147188
2026-02-09 13:00:00+00:00,1111.09,6194.56,4252.22,1032.45,421.47,120.87,664.11,555.2862825431454,5035.422219495103,2119.7467320061132,988.4315819479938,434.11363348380775,116.80792933666962,718.7556817894143,485.40961665471394,4427.640215661185,1769.5389932032995,988.6486797514416,408.8096869510114,116.93271488280523,711.2412697147188,485.40961665471394,4427.640215661185,1769.5389932032995,988.6486797514416,408.8096869510114,116.93271488280523,711.2412697147188
2026-02-09 14:00:00+00:00,1080.19,6236.32,4257.49,1029.9,706.94,120.56,666.3,556.7229833609016,5104.546232408707,2128.1732717607533,988.4315819479938,449.54384153913077,116.80792933666962,718.327421834678,485.40961665471394,4427.640215661185,1769.5389932032995,988.6486797514416,408.8096869510114,116.93271488280523,711.2412697147188,485.40961665471394,4427.640215661185,1769.5389932032995,988.6486797514416,408.8096869510114,116.93271488280523,711.2412697147188
2026-02-09 15:00:00+00:00,1080.31,6206.89,4299.37,1056.63,1293.99,135.92,657.14,559.7360241328116,5136.7644944053945,2146.6363030046195,988.4315819479938,464.9740495944537,116.80792933666962,718.7109051858432,485.40961665471394,4427.640215661185,1769.5389932032995,988.6486797514416,408.8096869510114,116.93271488280523,711.2412697147188,485.40961665471394,4427.640215661185,1769.5389932032995,988.6486797514416,408.8096869510114,116.93271488280523,711.2412697147188
2026-02-09 16:00:00+00:00,1077.4,6225.45,4367.27,1054.93,1389.4,147.58,681.75,565.4558975551623,5173.932555883204,2180.101259175188,988.4315819479938,480.4042576497767,116.80792933666962,719.6302351510024,485.40961665471394,4427.640215661185,1769.5389932032995,988.6486797514416,408.8096869510114,116.93271488280523,711.2412697147188,485.40961665471394,4427.640215661185,1769.5389932032995,988.6486797514416,408.8096869510114,116.93271488280523,711.2412697147188
2026-02-09 17:00:00+00:00,1049.92,6235.32,4389.31,1037.66,1341.17,145.64,676.0,570.1630676631873,5168.858507548337,2206.2709789648743,988.4315819479938,495.83446570509966,116.80792933666962,720.2703390819196,485.40961665471394,4427.640215661185,1769.5389932032995,988.6486797514416,408.8096869510114,116.93271488280523,711.2412697147188,485.40961665471394,4427.640215661185,1769.5389932032995,988.6486797514416,408.8096869510114,116.93271488280523,711.2412697147188
2026-02-09 18:00:00+00:00,951.65,6249.47,4421.96,1035.03,1255.72,133.57,663.4,569.8997779270776,5133.542400308902,2206.0398423084966,988.4315819479938,511.2646737604226,116.80792933666962,720.5137883259451,485.40961665471394,4427.640215661185,1769.5389932032995,988.6486797514416,408.8096869510114,116.93271488280523,711.2412697147188,485.40961665471394,4427.640215661185,1769.5389932032995,988.6486797514416,408.8096869510114,116.93271488280523,711.2412697147188
2026-02-09 19:00:00+00:00,983.3401,6249.56,4373.64,1028.75,521.0,120.43,647.1,567.1994826869574,5046.9111015757335,2194.5698872892794,988.4315819479938,526.6948818157456,116.80792933666962,720.7766440097744,485.40961665471394,4427.640215661185,1769.5389932032995,988.6486797514416,408.8096869510114,116.93271488280523,711.2412697147188,485.40961665471394,4427.640215661185,1769.5389932032995,988.6486797514416,408.8096869510114,116.93271488280523,711.2412697147188
2026-02-09 20:00:00+00:00,984.44,6239.3,4247.45,1018.58,218.44,119.24,651.71,565.6676632960327,4969.94291390349,2188.292579657177,988.4315819479938,542.1250898710687,116.80792933666962,720.9229407373805,485.40961665471394,4427.640215661185,1769.5389932032995,988.6486797514416,408.8096869510114,116.93271488280523,711.2412697147188,485.40961665471394,4427.640215661185,1769.5389932032995,988.6486797514416,408.8096869510114,116.93271488280523,711.2412697147188
2026-02-09 21:00:00+00:00,979.82007,6229.92,4084.27,1020.62,70.02999,119.48,642.04,563.9021067577864,4904.515475130221,2180.2115097107276,988.4315819479938,557.5552979263915,116.80792933666962,721.1964319818114,485.40961665471394,4427.640215661185,1769.5389932032995,988.6486797514416,408.8096869510114,116.93271488280523,711.2412697147188,485.40961665471394,4427.640215661185,1769.5389932032995,988.6486797514416,408.8096869510114,116.93271488280523,711.2412697147188
2026-02-09 22:00:00+00:00,976.48,6259.93,4003.54,1009.45,55.41,118.17,640.13,560.912658130683,4821.159395672022,2166.6691324103003,988.4315819479938,572.9855059817146,116.80792933666962,721.2101275699715,485.40961665471394,4427.640215661185,1769.5389932032995,988.6486797514416,408.8096869510114,116.93271488280523,711.2412697147188,485.40961665471394,4427.640215661185,1769.5389932032995,988.6486797514416,408.8096869510114,116.93271488280523,711.2412697147188
2026-02-09 23:00:00+00:00,977.74,6281.25,3920.0,1013.45,43.64001,118.64,947.96,558.7100045042237,4742.423322142781,2157.7539915924003,988.4315819479938,588.4157140370376,116.80792933666962,721.3053645891595,485.40961665471394,4427.640215661185,1769.5389932032995,988.6486797514416,408.8096869510114,116.93271488280523,711.2412697147188,485.40961665471394,4427.640215661185,1769.5389932032995,988.6486797514416,408.8096869510114,116.93271488280523,711.2412697147188
2026-02-10 00:00:00+00:00,984.6,6284.63,3898.22,1011.02,-5.431801e-06,118.35,947.1,556.9503350284799,4705.581281639578,2099.1051224037483,988.4315819479938,233.52092876460907,116.80792933666962,721.1671105656867,485.40961665471394,4427.640215661185,1769.5389932032995,988.6486797514416,408.8096869510114,116.93271488280523,711.2412697147188,485.40961665471394,4427.640215661185,1769.5389932032995,988.6486797514416,408.8096869510114,116.93271488280523,711.2412697147188
2026-02-10 01:00:00+00:00,982.37,6276.61,3874.32,1013.55,-5.431801e-06,118.65,942.53,557.8927765751846,4690.064914991475,2105.4472086586084,988.4315819479938,248.95113681993206,116.80792933666962,721.7048584795654,485.40961665471394,4427.640215661185,1769.5389932032995,988.6486797514416,408.8096869510114,116.93271488280523,711.2412697147188,485.40961665471394,4427.640215661185,1769.5389932032995,988.6486797514416,408.8096869510114,116.93271488280523,711.2412697147188
2026-02-10 02:00:00+00:00,984.53,6297.55,3870.02,1015.11,-5.431801e-06,118.84,939.69,558.7248794521466,4694.99613701727,2111.538390665144,988.4315819479938,264.381344875255,116.80792933666962,721.5708092957452,485.40961665471394,4427.640215661185,1769.5389932032995,988.6486797514416,408.8096869510114,116.93271488280523,711.2412697147188,485.40961665471394,4427.640215661185,1769.5389932032995,988.6486797514416,408.8096869510114,116.93271488280523,711.2412697147188
2026-02-10 03:00:00+00:00,986.15,6631.1,3867.87,1014.39,-5.431801e-06,118.75,941.79,559.3382547237014,4709.414485010422,2117.6689667606806,988.4315819479938,279.81155293057805,116.80792933666962,721.6360673978326,485.40961665471394,4427.640215661185,1769.5389932032995,988.6486797514416,408.8096869510114,116.93271488280523,711.2412697147188,485.40961665471394,4427.640215661185,1769.5389932032995,988.6486797514416,408.8096869510114,116.93271488280523,711.2412697147188
2026-02-10 04:00:00+00:00,989.22,6725.89,3941.38,1019.33,-5.431801e-06,119.33,948.92,561.6914609906751,4769.591834296514,2132.43544523041,988.4315819479938,295.24176098590095,116.80792933666962,721.7920417474377,485.40961665471394,4427.640215661185,1769.5389932032995,988.6486797514416,408.8096869510114,116.93271488280523,711.2412697147188,485.40961665471394,4427.640215661185,1769.5389932032995,988.6486797514416,408.8096869510114,116.93271488280523,711.2412697147188
2026-02-10 05:00:00+00:00,993.95,6788.64,4093.53,1029.1,290.71,120.47,948.09,568.2823498354413,4925.355847702594,2170.0674836973653,988.4315819479938,310.671969041224,116.80792933666962,722.1653756053349,485.40961665471394,4427.640215661185,1769.5389932032995,988.6486797514416,408.8096869510114,116.93271488280523,711.2412697147188,485.40961665471394,4427.640215661185,1769.5389932032995,988.6486797514416,408.8096869510114,116.93271488280523,711.2412697147188
2026-02-10 06:00:00+00:00,993.23,6860.11,4162.23,1025.81,1044.25,120.09,947.49,569.0118098455193,5031.518819330086,2178.3454346469366,988.4315819479938,326.10217709654694,116.80792933666962,721.4554771553924,485.40961665471394,4427.640215661185,1769.5389932032995,988.6486797514416,408.8096869510114,116.93271488280523,711.2412697147188,485.40961665471394,4427.640215661185,1769.5389932032995,988.6486797514416,408.8096869510114,116.93271488280523,711.2412697147188
2026-02-10 07:00:00+00:00,991.38007,6918.71,4173.26,1045.43,1031.84,122.38,946.09,567.7477481698048,5012.208707859638,2174.7038758238104,988.4315819479938,341.5323851518699,116.80792933666962,720.9812486202838,485.40961665471394,4427.640215661185,1769.5389932032995,988.6486797514416,408.8096869510114,116.93271488280523,711.2412697147188,485.40961665471394,4427.640215661185,1769.5389932032995,988.6486797514416,408.8096869510114,116.93271488280523,711.2412697147188
2026-02-10 08:00:00+00:00,988.44006,6940.69,4149.76,1048.81,711.54,122.78,952.63,563.237166354559,4916.741106539366,2151.8449877929547,988.4315819479938,356.96259320719287,116.80792933666962,720.1265269677425,485.40961665471394,4427.640215661185,1769.5389932032995,988.6486797514416,408.8096869510114,116.93271488280523,711.2412697147188,485.40961665471394,4427.640215661185,1769.5389932032995,988.6486797514416,408.8096869510114,116.93271488280523,711.2412697147188
2026-02-10 09:00:00+00:00,989.98,6977.43,4134.91,1048.19,290.72,122.71,957.5,555.7844025358208,4821.217975133284,2115.8716794061056,988.4315819479938,372.39280126251583,116.80792933666962,718.3816312786014,485.40961665471394,4427.640215661185,1769.5389932032995,988.6486797514416,408.8096869510114,116.93271488280523,711.2412697147188,485.40961665471394,4427.640215661185,1769.5389932032995,988.6486797514416,408.8096869510114,116.93271488280523,711.2412697147188
2026-02-10 10:00:00+00:00,990.36005,6931.77,4089.52,1040.93,48.14001,121.86,957.52,548.4218041895664,4753.872439531945,2079.0196886270423,988.4315819479938,387.82300931783885,116.80792933666962,716.4136925066919,485.40961665471394,4427.640215661185,1769.5389932032995,988.6486797514416,408.8096869510114,116.93271488280523,711.2412697147188,485.40961665471394,4427.640215661185,1769.5389932032995,988.6486797514416,408.8096869510114,116.93271488280523,711.2412697147188
2026-02-10 11:00:00+00:00,991.08,6536.31,4044.51,1027.81,38.740017,120.32,967.36,542.7542978492908,4715.269389644061,2049.5434005791135,988.4315819479938,403.2532173731618,116.80792933666962,714.7822530474218,485.40961665471394,4427.640215661185,1769.5389932032995,988.6486797514416,408.8096869510114,116.93271488280523,711.2412697147188,485.40961665471394,4427.640215661185,1769.5389932032995,988.6486797514416,408.8096869510114,116.93271488280523,711.2412697147188
2026-02-10 12:00:00+00:00,990.89,6720.21,4016.01,1020.93,45.14001,119.52,950.66,540.8490824701978,4713.01034535862,2042.7289250616038,988.4315819479938,418.6834254284848,116.80792933666962,714.3261962469545,485.40961665471394,4427.640215661185,1769.5389932032995,988.6486797514416,408.8096869510114,116.93271488280523,711.2412697147188,485.40961665471394,4427.640215661185,1769.5389932032995,988.6486797514416,408.8096869510114,116.93271488280523,711.2412697147188
2026-02-10 13:00:00+00:00,992.6501,7142.68,4029.37,1025.82,64.709984,120.09,948.4,537.3982427285273,4789.323828566384,2025.014963449186,988.4315819479938,434.11363348380775,116.80792933666962,713.1030071559467,485.40961665471394,4427.640215661185,1769.5389932032995,988.6486797514416,408.8096869510114,116.93271488280523,711.2412697147188,485.40961665471394,4427.640215661185,1769.5389932032995,988.6486797514416,408.8096869510114,116.93271488280523,711.2412697147188
2026-02-10 14:00:00+00:00,992.06,7156.23,4055.78,1037.97,171.61,121.51,950.07,537.3632705529043,4908.883671103124,2026.9122192432371,988.4315819479938,449.54384153913077,116.80792933666962,712.8331296315575,485.40961665471394,4427.640215661185,1769.5389932032995,988.6486797514416,408.8096869510114,116.93271488280523,711.2412697147188,485.40961665471394,4427.640215661185,1769.5389932032995,988.6486797514416,408.8096869510114,116.93271488280523,711.2412697147188
2026-02-10 15:00:00+00:00,992.96,7138.15,4117.69,1039.06,770.77997,121.64,950.23,541.7067602826356,4957.378273787786,2053.848453588164,988.4315819479938,464.9740495944537,116.80792933666962,713.8148092693468,485.40961665471394,4427.640215661185,1769.5389932032995,988.6486797514416,408.8096869510114,116.93271488280523,711.2412697147188,485.40961665471394,4427.640215661185,1769.5389932032995,988.6486797514416,408.8096869510114,116.93271488280523,711.2412697147188
2026-02-10 16:00:00+00:00,993.6501,7128.54,4132.3,1036.38,1082.91,133.68,952.88,550.595030521118,4967.498856113032,2104.290077395869,988.4315819479938,480.4042576497767,116.80792933666962,715.6254303520112,485.40961665471394,4427.640215661185,1769.5389932032995,988.6486797514416,408.8096869510114,116.93271488280523,711.2412697147188,485.40961665471394,4427.640215661185,1769.5389932032995,988.6486797514416,408.8096869510114,116.93271488280523,711.2412697147188
2026-02-10 17:00:00+00:00,994.85,7110.78,4158.24,1047.58,943.02,135.28,953.23,553.0695161850736,4912.301887527341,2121.195750372869,988.4315819479938,495.83446570509966,116.80792933666962,716.3696600872594,485.40961665471394,4427.640215661185,1769.5389932032995,988.6486797514416,408.8096869510114,116.93271488280523,711.2412697147188,485.40961665471394,4427.640215661185,1769.5389932032995,988.6486797514416,408.8096869510114,116.93271488280523,711.2412697147188
2026-02-10 18:00:00+00:00,993.85,7119.51,4132.34,1039.22,386.12,121.66,955.47,552.2080728694626,4877.11924740984,2118.6545384612054,988.4315819479938,511.2646737604226,116.80792933666962,716.3983997143313,485.40961665471394,4427.640215661185,1769.5389932032995,988.6486797514416,408.8096869510114,116.93271488280523,711.2412697147188,485.40961665471394,4427.640215661185,1769.5389932032995,988.6486797514416,408.8096869510114,116.93271488280523,711.2412697147188
2026-02-10 19:00:00+00:00,995.86,7154.42,4066.37,1037.03,52.61999,121.4,946.26,549.7371982938372,4803.11517501987,2107.425487693906,988.4315819479938,526.6948818157456,116.80792933666962,716.6307785009625,485.40961665471394,4427.640215661185,1769.5389932032995,988.6486797514416,408.8096869510114,116.93271488280523,711.2412697147188,485.40961665471394,4427.640215661185,1769.5389932032995,988.6486797514416,408.8096869510114,116.93271488280523,711.2412697147188
2026-02-10 20:00:00+00:00,975.42,7156.06,3955.36,1036.26,64.88,121.31,950.77,547.9303786450818,4719.758726125736,2099.4822055723625,988.4315819479938,542.1250898710687,116.80792933666962,716.8767999340628,485.40961665471394,4427.640215661185,1769.5389932032995,988.6486797514416,408.8096869510114,116.93271488280523,711.2412697147188,485.40961665471394,4427.640215661185,1769.5389932032995,988.6486797514416,408.8096869510114,116.93271488280523,711.2412697147188
2026-02-10 21:00:00+00:00,962.76,7118.75,3857.2,1041.83,42.559994,121.96,945.55,544.6143665259808,4649.273427725972,2082.3517141240686,988.4315819479938,557.5552979263915,116.80792933666962,716.7496626468492,485.40961665471394,4427.640215661185,1769.5389932032995,988.6486797514416,408.8096869510114,116.93271488280523,711.2412697147188,485.40961665471394,4427.640215661185,1769.5389932032995,988.6486797514416,408.8096869510114,116.93271488280523,711.2412697147188
2026-02-10 22:00:00+00:00,956.48,6889.86,3729.46,1038.11,39.490017,121.53,939.51,542.7969776926317,4576.186942359109,2073.3938224846115,988.4315819479938,572.9855059817146,116.80792933666962,716.9309054224634,485.40961665471394,4427.640215661185,1769.5389932032995,988.6486797514416,408.8096869510114,116.93271488280523,711.2412697147188,485.40961665471394,4427.640215661185,1769.5389932032995,988.6486797514416,408.8096869510114,116.93271488280523,711.2412697147188
2026-02-10 23:00:00+00:00,905.23,6711.07,3687.44,1035.69,0.36001045,121.24,930.52,542.8012559257148,4536.019794260665,2072.7744836372844,988.4315819479938,588.4157140370376,116.80792933666962,717.2112446762944,485.40961665471394,4427.640215661185,1769.5389932032995,988.6486797514416,408.8096869510114,116.93271488280523,711.2412697147188,485.40961665471394,4427.640215661185,1769.5389932032995,988.6486797514416,408.8096869510114,116.93271488280523,711.2412697147188
2026-02-11 00:00:00+00:00,902.73,6591.37,3652.13,1027.31,-5.431801e-06,120.26,935.85,540.0573644107585,4517.80324824291,2008.0698215811333,988.4315819479938,233.52092876460907,116.80792933666962,717.1868639790171,485.40961665471394,4427.640215661185,1769.5389932032995,988.6486797514416,408.8096869510114,116.93271488280523,711.2412697147188,485.40961665471394,4427.640215661185,1769.5389932032995,988.6486797514416,408.8096869510114,116.93271488280523,711.2412697147188
2026-02-11 01:00:00+00:00,900.44,6425.9,3610.85,1036.93,-5.431801e-06,121.39,941.51,540.3966304300127,4516.795494018709,2009.5558250592385,988.4315819479938,248.95113681993206,116.80792933666962,717.1996331345667,485.40961665471394,4427.640215661185,1769.5389932032995,988.6486797514416,408.8096869510114,116.93271488280523,711.2412697147188,485.40961665471394,4427.640215661185,1769.5389932032995,988.6486797514416,408.8096869510114,116.93271488280523,711.2412697147188
2026-02-11 02:00:00+00:00,900.61005,6426.7,3621.98,1031.47,-5.431801e-06,120.75,934.71,542.3042219658004,4521.140051830652,2021.684194944189,988.4315819479938,264.381344875255,116.80792933666962,717.7617160513071,485.40961665471394,4427.640215661185,1769.5389932032995,988.6486797514416,408.8096869510114,116.93271488280523,711.2412697147188,485.40961665471394,4427.640215661185,1769.5389932032995,988.6486797514416,408.8096869510114,116.93271488280523,711.2412697147188
2026-02-11 03:00:00+00:00,902.1,6445.31,3678.84,1029.06,-5.431801e-06,120.47,941.2,543.0174328291071,4527.172532352767,2029.537906080313,988.4315819479938,279.81155293057805,116.80792933666962,718.1466325100761,485.40961665471394,4427.640215661185,1769.5389932032995,988.6486797514416,408.8096869510114,116.93271488280523,711.2412697147188,485.40961665471394,4427.640215661185,1769.5389932032995,988.6486797514416,408.8096869510114,116.93271488280523,711.2412697147188
2026-02-11 04:00:00+00:00,902.94,6455.85,3803.3003,1033.48,-5.431801e-06,120.98,940.79,545.670164748677,4619.184056024622,2045.9682260025306,988.4315819479938,295.24176098590095,116.80792933666962,717.9428303877957,485.40961665471394,4427.640215661185,1769.5389932032995,988.6486797514416,408.8096869510114,116.93271488280523,711.2412697147188,485.40961665471394,4427.640215661185,1769.5389932032995,988.6486797514416,408.8096869510114,116.93271488280523,711.2412697147188
2026-02-11 05:00:00+00:00,902.69,6656.3,3920.53,1051.56,100.01,123.1,937.35,552.9455039038364,4811.479095126719,2085.955973313785,988.4315819479938,310.671969041224,116.80792933666962,718.3164276025747,485.40961665471394,4427.640215661185,1769.5389932032995,988.6486797514416,408.8096869510114,116.93271488280523,711.2412697147188,485.40961665471394,4427.640215661185,1769.5389932032995,988.6486797514416,408.8096869510114,116.93271488280523,711.2412697147188
2026-02-11 06:00:00+00:00,902.36,6872.44,4000.35,1070.92,501.95,131.39,942.76,554.6135983187833,4949.208042030715,2098.0086005546714,988.4315819479938,326.10217709654694,116.80792933666962,717.5371100270416,485.40961665471394,4427.640215661185,1769.5389932032995,988.6486797514416,408.8096869510114,116.93271488280523,711.2412697147188,485.40961665471394,4427.640215661185,1769.5389932032995,988.6486797514416,408.8096869510114,116.93271488280523,711.2412697147188
2026-02-11 07:00:00+00:00,900.07,6866.5,4058.4902,1079.92,691.41,144.71,950.7,555.6550537610702,4958.481411349933,2104.997947512862,988.4315819479938,341.5323851518699,116.80792933666962,717.6170727766336,485.40961665471394,4427.640215661185,1769.5389932032995,988.6486797514416,408.8096869510114,116.93271488280523,711.2412697147188,485.40961665471394,4427.640215661185,1769.5389932032995,988.6486797514416,408.8096869510114,116.93271488280523,711.2412697147188
2026-02-11 08:00:00+00:00,902.69,6858.89,4055.19,1081.7,580.63,126.63,949.79,549.7048584605519,4899.061055913578,2077.1275277899645,988.4315819479938,356.96259320719287,116.80792933666962,716.3193285430625,485.40961665471394,4427.640215661185,1769.5389932032995,988.6486797514416,408.8096869510114,116.93271488280523,711.2412697147188,485.40961665471394,4427.640215661185,1769.5389932032995,988.6486797514416,408.8096869510114,116.93271488280523,711.2412697147188
2026-02-11 09:00:00+00:00,907.55,6852.36,3997.08,1087.53,135.5,127.31,948.1,542.6762332820117,4851.766906290835,2043.124006885649,988.4315819479938,372.39280126251583,116.80792933666962,714.7659555282162,485.40961665471394,4427.640215661185,1769.5389932032995,988.6486797514416,408.8096869510114,116.93271488280523,711.2412697147188,485.40961665471394,4427.640215661185,1769.5389932032995,988.6486797514416,408.8096869510114,116.93271488280523,711.2412697147188
2026-02-11 10:00:00+00:00,908.63,6778.39,3900.72,1082.53,124.23998,126.73,948.18,537.4053664638328,4856.146811779153,2018.35245499915,988.4315819479938,387.82300931783885,116.80792933666962,713.4825212185507,485.40961665471394,4427.640215661185,1769.5389932032995,988.6486797514416,408.8096869510114,116.93271488280523,711.2412697147188,485.40961665471394,4427.640215661185,1769.5389932032995,988.6486797514416,408.8096869510114,116.93271488280523,711.2412697147188
2026-02-11 11:00:00+00:00,910.48,6803.61,3863.59,1064.48,123.200005,124.62,955.09,527.8889084528305,4840.162741081022,1975.1236695563157,988.4315819479938,403.2532173731618,116.80792933666962,711.8727318743685,485.40961665471394,4427.640215661185,1769.5389932032995,988.6486797514416,408.8096869510114,116.93271488280523,711.2412697147188,485.40961665471394,4427.640215661185,1769.5389932032995,988.6486797514416,408.8096869510114,116.93271488280523,711.2412697147188
2026-02-11 12:00:00+00:00,907.76,6746.02,3754.65,1057.1,134.49002,123.75,954.27,523.8758982666994,4834.5504750820155,1961.2309795063911,988.4315819479938,418.6834254284848,116.80792933666962,712.1872736561858,485.40961665471394,4427.640215661185,1769.5389932032995,988.6486797514416,408.8096869510114,116.93271488280523,711.2412697147188,485.40961665471394,4427.640215661185,1769.5389932032995,988.6486797514416,408.8096869510114,116.93271488280523,711.2412697147188
2026-02-11 13:00:00+00:00,907.16,6749.2,3755.71,1051.99,165.28998,123.15,948.65,521.8777667811285,4872.7196966177235,1952.731722722011,988.4315819479938,434.11363348380775,116.80792933666962,711.9245493094858,485.40961665471394,4427.640215661185,1769.5389932032995,988.6486797514416,408.8096869510114,116.93271488280523,711.2412697147188,485.40961665471394,4427.640215661185,1769.5389932032995,988.6486797514416,408.8096869510114,116.93271488280523,711.2412697147188
2026-02-11 14:00:00+00:00,907.69,6823.56,3848.29,1053.44,124.11999,123.32,941.86,525.4505594841754,4905.92891059005,1971.309941457267,988.4315819479938,449.54384153913077,116.80792933666962,712.7863168413129,485.40961665471394,4427.640215661185,1769.5389932032995,988.6486797514416,408.8096869510114,116.93271488280523,711.2412697147188,485.40961665471394,4427.640215661185,1769.5389932032995,988.6486797514416,408.8096869510114,116.93271488280523,711.2412697147188
2026-02-11 15:00:00+00:00,907.25,6798.91,3948.6,1087.09,140.43,127.26,937.49,530.7715933859349,4936.555158632052,2001.066976619982,988.4315819479938,464.9740495944537,116.80792933666962,713.5424389895613,485.40961665471394,4427.640215661185,1769.5389932032995,988.6486797514416,408.8096869510114,116.93271488280523,711.2412697147188,485.40961665471394,4427.640215661185,1769.5389932032995,988.6486797514416,408.8096869510114,116.93271488280523,711.2412697147188
2026-02-11 16:00:00+00:00,908.3401,6822.96,4022.64,1083.77,392.74,145.15,939.78,535.518532729574,4979.799646203779,2028.7349183828137,988.4315819479938,480.4042576497767,116.80792933666962,714.1740901343668,485.40961665471394,4427.640215661185,1769.5389932032995,988.6486797514416,408.8096869510114,116.93271488280523,711.2412697147188,485.40961665471394,4427.640215661185,1769.5389932032995,988.6486797514416,408.8096869510114,116.93271488280523,711.2412697147188
2026-02-11 17:00:00+00:00,900.14,6821.98,4015.61,1069.57,507.83,134.47,943.14,541.440360369017,4981.846469246747,2060.1717059283196,988.4315819479938,495.83446570509966,116.80792933666962,714.9958423204143,485.40961665471394,4427.640215661185,1769.5389932032995,988.6486797514416,408.8096869510114,116.93271488280523,711.2412697147188,485.40961665471394,4427.640215661185,1769.5389932032995,988.6486797514416,408.8096869510114,116.93271488280523,711.2412697147188
2026-02-11 18:00:00+00:00,891.26,6824.47,3955.92,1053.73,151.30002,123.35,939.16,539.2151981226551,4908.411646666169,2050.880385828958,988.4315819479938,511.2646737604226,116.80792933666962,714.340378362157,485.40961665471394,4427.640215661185,1769.5389932032995,988.6486797514416,408.8096869510114,116.93271488280523,711.2412697147188,485.40961665471394,4427.640215661185,1769.5389932032995,988.6486797514416,408.8096869510114,116.93271488280523,711.2412697147188
2026-02-11 19:00:00+00:00,893.49005,6854.34,3872.69,1023.0,108.61001,119.76,931.27,537.1259513854974,4789.317701939962,2042.784982690819,988.4315819479938,526.6948818157456,116.80792933666962,714.5269189659139,485.40961665471394,4427.640215661185,1769.5389932032995,988.6486797514416,408.8096869510114,116.93271488280523,711.2412697147188,485.40961665471394,4427.640215661185,1769.5389932032995,988.6486797514416,408.8096869510114,116.93271488280523,711.2412697147188
2026-02-11 20:00:00+00:00,907.03,6837.96,3822.31,1011.59,25.36999,118.42,935.47,535.65774659785,4674.54686701431,2037.3494810434404,988.4315819479938,542.1250898710687,116.80792933666962,714.7894892839772,485.40961665471394,4427.640215661185,1769.5389932032995,988.6486797514416,408.8096869510114,116.93271488280523,711.2412697147188,485.40961665471394,4427.640215661185,1769.5389932032995,988.6486797514416,408.8096869510114,116.93271488280523,711.2412697147188
2026-02-11 21:00:00+00:00,907.1,6592.84,3680.38,1008.1,-5.431801e-06,118.01,935.25,534.6130129420508,4589.916916623569,2033.9637777054768,988.4315819479938,557.5552979263915,116.80792933666962,714.9807313393383,485.40961665471394,4427.640215661185,1769.5389932032995,988.6486797514416,408.8096869510114,116.93271488280523,711.2412697147188,485.40961665471394,4427.640215661185,1769.5389932032995,988.6486797514416,408.8096869510114,116.93271488280523,711.2412697147188
2026-02-11 22:00:00+00:00,902.34,6150.76,3562.89,1010.25,-5.431801e-06,118.26,935.85,533.3879226267264,4485.275393139764,2029.9441526684166,988.4315819479938,572.9855059817146,116.80792933666962,715.5365377793369,485.40961665471394,4427.640215661185,1769.5389932032995,988.6486797514416,408.8096869510114,116.93271488280523,711.2412697147188,485.40961665471394,4427.640215661185,1769.5389932032995,988.6486797514416,408.8096869510114,116.93271488280523,711.2412697147188
2026-02-11 23:00:00+00:00,901.73,6127.84,3511.01,1001.8,0.010004334,117.28,938.28,530.0897697124236,4397.273746650352,2015.4753956687036,988.4315819479938,588.4157140370376,116.80792933666962,715.4490967238017,485.40961665471394,4427.640215661185,1769.5389932032995,988.6486797514416,408.8096869510114,116.93271488280523,711.2412697147188,485.40961665471394,4427.640215661185,1769.5389932032995,988.6486797514416,408.8096869510114,116.93271488280523,711.2412697147188
2026-02-12 00:00:00+00:00,899.52,6249.07,3495.96,1017.81,-5.431801e-06,119.15,949.14,522.569589127707,4340.378866435392,1929.059879053706,988.4315819479938,233.52092876460907,116.80792933666962,713.7891345235362,485.40961665471394,4427.640215661185,1769.5389932032995,988.6486797514416,408.8096869510114,116.93271488280523,711.2412697147188,485.40961665471394,4427.640215661185,1769.5389932032995,988.6486797514416,408.8096869510114,116.93271488280523,711.2412697147188
2026-02-12 01:00:00+00:00,738.71,6399.69,3496.47,1023.09,-5.431801e-06,119.77,940.53,522.736162998644,4318.45556999139,1929.3269143765788,988.4315819479938,248.95113681993206,116.80792933666962,714.1602284242697,485.40961665471394,4427.640215661185,1769.5389932032995,988.6486797514416,408.8096869510114,116.93271488280523,711.2412697147188,485.40961665471394,4427.640215661185,1769.5389932032995,988.6486797514416,408.8096869510114,116.93271488280523,711.2412697147188
2026-02-12 02:00:00+00:00,627.21,6393.86,3465.09,994.15,-5.431801e-06,116.38,939.1,526.9526007935358,4318.96558278831,1949.826265521224,988.4315819479938,264.381344875255,116.80792933666962,715.2215754641852,485.40961665471394,4427.640215661185,1769.5389932032995,988.6486797514416,408.8096869510114,116.93271488280523,711.2412697147188,485.40961665471394,4427.640215661185,1769.5389932032995,988.6486797514416,408.8096869510114,116.93271488280523,711.2412697147188
2026-02-12 03:00:00+00:00,678.65,6393.23,3486.18,990.68,-5.431801e-06,115.98,939.87,530.6752323311264,4373.828358340427,1969.6920235570824,988.4315819479938,279.81155293057805,116.80792933666962,715.93470070341,485.40961665471394,4427.640215661185,1769.5389932032995,988.6486797514416,408.8096869510114,116.93271488280523,711.2412697147188,485.40961665471394,4427.640215661185,1769.5389932032995,988.6486797514416,408.8096869510114,116.93271488280523,711.2412697147188
2026-02-12 04:00:00+00:00,867.98,6428.74,3571.94,990.73,-5.431801e-06,115.98,943.36,535.288247739105,4444.682183166614,1995.7374650136217,988.4315819479938,295.24176098590095,116.80792933666962,716.2550628632669,485.40961665471394,4427.640215661185,1769.5389932032995,988.6486797514416,408.8096869510114,116.93271488280523,711.2412697147188,485.40961665471394,4427.640215661185,1769.5389932032995,988.6486797514416,408.8096869510114,116.93271488280523,711.2412697147188
2026-02-12 05:00:00+00:00,904.81006,6728.45,3678.29,997.95,94.53002,116.83,937.42,544.1991392087422,4616.2448786433115,2043.4480799225134,988.4315819479938,310.671969041224,116.80792933666962,716.6644486858017,485.40961665471394,4427.640215661185,1769.5389932032995,988.6486797514416,408.8096869510114,116.93271488280523,711.2412697147188,485.40961665471394,4427.640215661185,1769.5389932032995,988.6486797514416,408.8096869510114,116.93271488280523,711.2412697147188
2026-02-12 06:00:00+00:00,906.31006,6811.59,3866.22,1027.46,422.09,120.28,941.68,541.7435773431596,4755.937525139274,2035.70322583306,988.4315819479938,326.10217709654694,116.80792933666962,714.7765419363539,485.40961665471394,4427.640215661185,1769.5389932032995,988.6486797514416,408.8096869510114,116.93271488280523,711.2412697147188,485.40961665471394,4427.640215661185,1769.5389932032995,988.6486797514416,408.8096869510114,116.93271488280523,711.2412697147188
2026-02-12 07:00:00+00:00,906.69,6808.35,3873.05,1030.38,756.91,120.62,949.63,544.4249373994558,4778.9604302652415,2049.3234784057563,988.4315819479938,341.5323851518699,116.80792933666962,714.8830304637014,485.40961665471394,4427.640215661185,1769.5389932032995,988.6486797514416,408.8096869510114,116.93271488280523,711.2412697147188,485.40961665471394,4427.640215661185,1769.5389932032995,988.6486797514416,408.8096869510114,116.93271488280523,711.2412697147188
2026-02-12 08:00:00+00:00,905.08,6828.26,3806.66,1021.94,568.04,119.64,944.4,540.3495240789775,4727.942502271301,2028.9376211722852,988.4315819479938,356.96259320719287,116.80792933666962,714.093367383316,485.40961665471394,4427.640215661185,1769.5389932032995,988.6486797514416,408.8096869510114,116.93271488280523,711.2412697147188,485.40961665471394,4427.640215661185,1769.5389932032995,988.6486797514416,408.8096869510114,116.93271488280523,711.2412697147188
2026-02-12 09:00:00+00:00,907.0,6573.58,3659.42,1023.78,144.46002,119.85,947.01,534.4108430457774,4653.203947571479,2003.1406562058257,988.4315819479938,372.39280126251583,116.80792933666962,713.5722278372566,485.40961665471394,4427.640215661185,1769.5389932032995,988.6486797514416,408.8096869510114,116.93271488280523,711.2412697147188,485.40961665471394,4427.640215661185,1769.5389932032995,988.6486797514416,408.8096869510114,116.93271488280523,711.2412697147188
2026-02-12 10:00:00+00:00,893.03,6450.51,3573.41,1011.21,73.07,118.38,946.9,530.0716190650884,4618.120720422284,1987.1651071596546,988.4315819479938,387.82300931783885,116.80792933666962,713.2538581673413,485.40961665471394,4427.640215661185,1769.5389932032995,988.6486797514416,408.8096869510114,116.93271488280523,711.2412697147188,485.40961665471394,4427.640215661185,1769.5389932032995,988.6486797514416,408.8096869510114,116.93271488280523,711.2412697147188
2026-02-12 11:00:00+00:00,834.13,6428.93,3513.03,1005.81,38.41,117.74,947.25,522.4767185791399,4580.591912700298,1955.7831877328897,988.4315819479938,403.2532173731618,116.80792933666962,712.2875098249707,485.40961665471394,4427.640215661185,1769.5389932032995,988.6486797514416,408.8096869510114,116.93271488280523,711.2412697147188,485.40961665471394,4427.640215661185,1769.5389932032995,988.6486797514416,408.8096869510114,116.93271488280523,711.2412697147188
2026-02-12 12:00:00+00:00,859.4,6367.73,3499.15,990.21,95.98998,115.92,936.31,515.481601204375,4589.609883468523,1923.7552171592142,988.4315819479938,418.6834254284848,116.80792933666962,710.5859476649598,485.40961665471394,4427.640215661185,1769.5389932032995,988.6486797514416,408.8096869510114,116.93271488280523,711.2412697147188,485.40961665471394,4427.640215661185,1769.5389932032995,988.6486797514416,408.8096869510114,116.93271488280523,711.2412697147188
2026-02-12 13:00:00+00:00,711.75,6425.72,3519.59,999.31,81.940025,116.98,930.13,510.8697880962436,4595.191562420247,1902.3504508828987,988.4315819479938,434.11363348380775,116.80792933666962,709.4463804785797,485.40961665471394,4427.640215661185,1769.5389932032995,988.6486797514416,408.8096869510114,116.93271488280523,711.2412697147188,485.40961665471394,4427.640215661185,1769.5389932032995,988.6486797514416,408.8096869510114,116.93271488280523,711.2412697147188
2026-02-12 14:00:00+00:00,657.69,6437.85,3533.4,1003.95,114.409996,117.53,914.12,514.6706157224595,4652.015914402159,1918.3234793328156,988.4315819479938,449.54384153913077,116.80792933666962,709.6143079121988,485.40961665471394,4427.640215661185,1769.5389932032995,988.6486797514416,408.8096869510114,116.93271488280523,711.2412697147188,485.40961665471394,4427.640215661185,1769.5389932032995,988.6486797514416,408.8096869510114,116.93271488280523,711.2412697147188
2026-02-12 15:00:00+00:00,871.9,6539.72,3614.53,1033.97,144.4,121.04,915.69,518.6067106844107,4671.732943775879,1939.3965866247925,988.4315819479938,464.9740495944537,116.80792933666962,709.8622783315591,485.40961665471394,4427.640215661185,1769.5389932032995,988.6486797514416,408.8096869510114,116.93271488280523,711.2412697147188,485.40961665471394,4427.640215661185,1769.5389932032995,988.6486797514416,408.8096869510114,116.93271488280523,711.2412697147188
2026-02-12 16:00:00+00:00,901.68,6811.63,3738.28,1035.61,388.67,121.24,929.32,525.9491538778852,4718.344168968898,1978.592310855368,988.4315819479938,480.4042576497767,116.80792933666962,710.7273857449981,485.40961665471394,4427.640215661185,1769.5389932032995,988.6486797514416,408.8096869510114,116.93271488280523,711.2412697147188,485.40961665471394,4427.640215661185,1769.5389932032995,988.6486797514416,408.8096869510114,116.93271488280523,711.2412697147188
2026-02-12 17:00:00+00:00,905.02,6817.11,3834.64,1034.77,545.42,121.14,941.01,531.8652841111061,4697.324454817522,2009.675930068897,988.4315819479938,495.83446570509966,116.80792933666962,711.7122132685138,485.40961665471394,4427.640215661185,1769.5389932032995,988.6486797514416,408.8096869510114,116.93271488280523,711.2412697147188,485.40961665471394,4427.640215661185,1769.5389932032995,988.6486797514416,408.8096869510114,116.93271488280523,711.2412697147188
2026-02-12 18:00:00+00:00,903.22,6846.95,3851.88,1027.98,228.51,120.34,944.65,535.0183584089696,4604.694062419323,2027.952645973434,988.4315819479938,511.2646737604226,116.80792933666962,713.1211074116827,485.40961665471394,4427.640215661185,1769.5389932032995,988.6486797514416,408.8096869510114,116.93271488280523,711.2412697147188,485.40961665471394,4427.640215661185,1769.5389932032995,988.6486797514416,408.8096869510114,116.93271488280523,711.2412697147188
2026-02-12 19:00:00+00:00,906.71,6776.27,3766.15,1025.41,0.67998725,120.04,947.48,533.130763551902,4502.188373705196,2021.3249350877277,988.4315819479938,526.6948818157456,116.80792933666962,713.6092203582655,485.40961665471394,4427.640215661185,1769.5389932032995,988.6486797514416,408.8096869510114,116.93271488280523,711.2412697147188,485.40961665471394,4427.640215661185,1769.5389932032995,988.6486797514416,408.8096869510114,116.93271488280523,711.2412697147188
2026-02-12 20:00:00+00:00,905.6,6502.83,3694.34,1011.14,0.010004334,118.37,950.74,530.4932480200639,4392.987891278433,2010.8614589210222,988.4315819479938,542.1250898710687,116.80792933666962,714.1372500076334,485.40961665471394,4427.640215661185,1769.5389932032995,988.6486797514416,408.8096869510114,116.93271488280523,711.2412697147188,485.40961665471394,4427.640215661185,1769.5389932032995,988.6486797514416,408.8096869510114,116.93271488280523,711.2412697147188
2026-02-12 21:00:00+00:00,904.86,6377.16,3598.07,993.43,0.059992127,116.3,950.99,530.5352243830279,4329.162412628807,2012.523491293579,988.4315819479938,557.5552979263915,116.80792933666962,714.8834534683696,485.40961665471394,4427.640215661185,1769.5389932032995,988.6486797514416,408.8096869510114,116.93271488280523,711.2412697147188,485.40961665471394,4427.640215661185,1769.5389932032995,988.6486797514416,408.8096869510114,116.93271488280523,711.2412697147188
2026-02-12 22:00:00+00:00,837.17,6312.49,3467.43,988.7,-5.431801e-06,115.74,950.51,532.5191711601107,4262.490994900945,2024.6210195941935,988.4315819479938,572.9855059817146,116.80792933666962,715.5538497045947,485.40961665471394,4427.640215661185,1769.5389932032995,988.6486797514416,408.8096869510114,116.93271488280523,711.2412697147188,485.40961665471394,4427.640215661185,1769.5389932032995,988.6486797514416,408.8096869510114,116.93271488280523,711.2412697147188
2026-02-12 23:00:00+00:00,665.66,6317.11,3492.52,989.71,-5.431801e-06,115.86,947.98,530.855067755041,4213.037164539524,2018.4753152336732,988.4315819479938,588.4157140370376,116.80792933666962,715.9579452485189,485.40961665471394,4427.640215661185,1769.5389932032995,988.6486797514416,408.8096869510114,116.93271488280523,711.2412697147188,485.40961665471394,4427.640215661185,1769.5389932032995,988.6486797514416,408.8096869510114,116.93271488280523,711.2412697147188
2026-02-13 00:00:00+00:00,663.43,6305.44,3457.91,992.87,-5.431801e-06,116.24,945.18,528.9846696378593,4176.693891662957,1959.914704706089,988.4315819479938,233.52092876460907,116.80792933666962,716.1227338472198,485.40961665471394,4427.640215661185,1769.5389932032995,988.6486797514416,408.8096869510114,116.93271488280523,711.2412697147188,485.40961665471394,4427.640215661185,1769.5389932032995,988.6486797514416,408.8096869510114,116.93271488280523,711.2412697147188
2026-02-13 01:00:00+00:00,684.09,6218.21,3426.64,1006.48,-5.431801e-06,117.83,948.98,528.3096991921443,4157.556588439101,1958.8870872839452,988.4315819479938,248.95113681993206,116.80792933666962,716.7723214763023,485.40961665471394,4427.640215661185,1769.5389932032995,988.6486797514416,408.8096869510114,116.93271488280523,711.2412697147188,485.40961665471394,4427.640215661185,1769.5389932032995,988.6486797514416,408.8096869510114,116.93271488280523,711.2412697147188
2026-02-13 02:00:00+00:00,688.88,6196.82,3401.16,1005.52,-5.431801e-06,117.72,945.54,529.388948905775,4168.451476753921,1967.2412787606336,988.4315819479938,264.381344875255,116.80792933666962,717.1564271488287,485.40961665471394,4427.640215661185,1769.5389932032995,988.6486797514416,408.8096869510114,116.93271488280523,711.2412697147188,485.40961665471394,4427.640215661185,1769.5389932032995,988.6486797514416,408.8096869510114,116.93271488280523,711.2412697147188
2026-02-13 03:00:00+00:00,687.14,6267.28,3480.56,1012.83,-5.431801e-06,118.57,955.9,532.5003752175787,4211.39239836068,1985.3299527292952,988.4315819479938,279.81155293057805,116.80792933666962,717.4231304932027,485.40961665471394,4427.640215661185,1769.5389932032995,988.6486797514416,408.8096869510114,116.93271488280523,711.2412697147188,485.40961665471394,4427.640215661185,1769.5389932032995,988.6486797514416,408.8096869510114,116.93271488280523,711.2412697147188
2026-02-13 04:00:00+00:00,846.68,6445.83,3566.77,1003.29,-5.431801e-06,117.46,953.69,538.7744924397356,4355.679034323652,2017.264731103362,988.4315819479938,295.24176098590095,116.80792933666962,717.861986143419,485.40961665471394,4427.640215661185,1769.5389932032995,988.6486797514416,408.8096869510114,116.93271488280523,711.2412697147188,485.40961665471394,4427.640215661185,1769.5389932032995,988.6486797514416,408.8096869510114,116.93271488280523,711.2412697147188
2026-02-13 05:00:00+00:00,926.71,6715.58,3595.85,1002.02,82.86999,117.31,943.2,548.049274484463,4594.852070836407,2066.2242914938142,988.4315819479938,310.671969041224,116.80792933666962,718.1492959959481,485.40961665471394,4427.640215661185,1769.5389932032995,988.6486797514416,408.8096869510114,116.93271488280523,711.2412697147188,485.40961665471394,4427.640215661185,1769.5389932032995,988.6486797514416,408.8096869510114,116.93271488280523,711.2412697147188
2026-02-13 06:00:00+00:00,940.42004,6891.3,3770.79,1010.43,563.83,118.3,952.84,555.8790014642625,4790.280529804066,2108.0909382203704,988.4315819479938,326.10217709654694,116.80792933666962,718.3610933553457,485.40961665471394,4427.640215661185,1769.5389932032995,988.6486797514416,408.8096869510114,116.93271488280523,711.2412697147188,485.40961665471394,4427.640215661185,1769.5389932032995,988.6486797514416,408.8096869510114,116.93271488280523,711.2412697147188
2026-02-13 07:00:00+00:00,946.64,6916.09,3785.15,1028.22,737.83,120.39,958.77,561.114828405445,4886.732506197666,2132.7735327757023,988.4315819479938,341.5323851518699,116.80792933666962,718.6809186867847,485.40961665471394,4427.640215661185,1769.5389932032995,988.6486797514416,408.8096869510114,116.93271488280523,711.2412697147188,485.40961665471394,4427.640215661185,1769.5389932032995,988.6486797514416,408.8096869510114,116.93271488280523,711.2412697147188
2026-02-13 08:00:00+00:00,954.94,6889.65,3805.56,1014.32,473.2,118.75,974.21,561.0468634343672,4898.7949443441485,2129.6199344601946,988.4315819479938,356.96259320719287,116.80792933666962,718.7664123610805,485.40961665471394,4427.640215661185,1769.5389932032995,988.6486797514416,408.8096869510114,116.93271488280523,711.2412697147188,485.40961665471394,4427.640215661185,1769.5389932032995,988.6486797514416,408.8096869510114,116.93271488280523,711.2412697147188
2026-02-13 09:00:00+00:00,954.32,6779.32,3752.65,1006.27,67.29,117.81,972.06,561.4498734293026,4891.537809447429,2130.8938299054626,988.4315819479938,372.39280126251583,116.80792933666962,718.9647405797789,485.40961665471394,4427.640215661185,1769.5389932032995,988.6486797514416,408.8096869510114,116.93271488280523,711.2412697147188,485.40961665471394,4427.640215661185,1769.5389932032995,988.6486797514416,408.8096869510114,116.93271488280523,711.2412697147188
2026-02-13 10:00:00+00:00,958.84,6503.6,3727.17,1008.65,57.779995,118.08,971.19,560.026245914829,4873.031032886176,2127.2140025429835,988.4315819479938,387.82300931783885,116.80792933666962,718.9033709785433,485.40961665471394,4427.640215661185,1769.5389932032995,988.6486797514416,408.8096869510114,116.93271488280523,711.2412697147188,485.40961665471394,4427.640215661185,1769.5389932032995,988.6486797514416,408.8096869510114,116.93271488280523,711.2412697147188
2026-02-13 11:00:00+00:00,961.74,6449.0,3791.93,1009.4,82.929985,118.18,966.27,558.8227770796657,4884.412995995844,2122.541822605702,988.4315819479938,403.2532173731618,116.80792933666962,718.7516278298258,485.40961665471394,4427.640215661185,1769.5389932032995,988.6486797514416,408.8096869510114,116.93271488280523,711.2412697147188,485.40961665471394,4427.640215661185,1769.5389932032995,988.6486797514416,408.8096869510114,116.93271488280523,711.2412697147188
2026-02-13 12:00:00+00:00,967.92,6449.75,3796.9,1006.64,68.14999,117.86,981.2,559.7357672476727,4902.486110255789,2130.0155973271676,988.4315819479938,418.6834254284848,116.80792933666962,718.9357886004793,485.40961665471394,4427.640215661185,1769.5389932032995,988.6486797514416,408.8096869510114,116.93271488280523,711.2412697147188,485.40961665471394,4427.640215661185,1769.5389932032995,988.6486797514416,408.8096869510114,116.93271488280523,711.2412697147188
2026-02-13 13:00:00+00:00,961.43,6693.02,3918.49,1015.69,118.83001,118.92,979.76,560.8989471066819,4950.6809906554945,2138.7648473603567,988.4315819479938,434.11363348380775,116.80792933666962,718.7542899890317,485.40961665471394,4427.640215661185,1769.5389932032995,988.6486797514416,408.8096869510114,116.93271488280523,711.2412697147188,485.40961665471394,4427.640215661185,1769.5389932032995,988.6486797514416,408.8096869510114,116.93271488280523,711.2412697147188
2026-02-13 14:00:00+00:00,957.76,6884.3,3978.94,1036.65,300.08,121.37,976.67,562.9459404902443,5020.768749164055,2154.240447673934,988.4315819479938,449.54384153913077,116.80792933666962,718.8532263047514,485.40961665471394,4427.640215661185,1769.5389932032995,988.6486797514416,408.8096869510114,116.93271488280523,711.2412697147188,485.40961665471394,4427.640215661185,1769.5389932032995,988.6486797514416,408.8096869510114,116.93271488280523,711.2412697147188
2026-02-13 15:00:00+00:00,967.57,6875.56,4033.52,1072.72,909.71,137.58,1021.47,566.4847170048487,5091.699763806298,2176.4012156435156,988.4315819479938,464.9740495944537,116.80792933666962,719.2560817051939,485.40961665471394,4427.640215661185,1769.5389932032995,988.6486797514416,408.8096869510114,116.93271488280523,711.2412697147188,485.40961665471394,4427.640215661185,1769.5389932032995,988.6486797514416,408.8096869510114,116.93271488280523,711.2412697147188
2026-02-13 16:00:00+00:00,965.44,6863.39,4131.34,1069.75,1397.87,149.48,1088.55,570.265558470127,5164.48357542346,2198.9796058891116,988.4315819479938,480.4042576497767,116.80792933666962,719.7453833962851,485.40961665471394,4427.640215661185,1769.5389932032995,988.6486797514416,408.8096869510114,116.93271488280523,711.2412697147188,485.40961665471394,4427.640215661185,1769.5389932032995,988.6486797514416,408.8096869510114,116.93271488280523,711.2412697147188
2026-02-13 17:00:00+00:00,967.16,6880.13,4139.46,1068.79,1465.68,149.12,1055.42,573.3479516103109,5173.004522738112,2216.309171070269,988.4315819479938,495.83446570509966,116.80792933666962,720.3880272397562,485.40961665471394,4427.640215661185,1769.5389932032995,988.6486797514416,408.8096869510114,116.93271488280523,711.2412697147188,485.40961665471394,4427.640215661185,1769.5389932032995,988.6486797514416,408.8096869510114,116.93271488280523,711.2412697147188
2026-02-13 18:00:00+00:00,968.58,6875.97,4105.55,1063.99,1329.13,148.72,976.96,573.5181851677276,5130.496006221662,2217.8407872857283,988.4315819479938,511.2646737604226,116.80792933666962,720.5502859233055,485.40961665471394,4427.640215661185,1769.5389932032995,988.6486797514416,408.8096869510114,116.93271488280523,711.2412697147188,485.40961665471394,4427.640215661185,1769.5389932032995,988.6486797514416,408.8096869510114,116.93271488280523,711.2412697147188
2026-02-13 19:00:00+00:00,971.63,6916.78,4071.49,1042.95,816.14,134.48,978.17,572.3828571479305,5044.057801133699,2212.9191760830977,988.4315819479938,526.6948818157456,116.80792933666962,720.9055447177664,485.40961665471394,4427.640215661185,1769.5389932032995,988.6486797514416,408.8096869510114,116.93271488280523,711.2412697147188,485.40961665471394,4427.640215661185,1769.5389932032995,988.6486797514416,408.8096869510114,116.93271488280523,711.2412697147188
2026-02-13 20:00:00+00:00,974.03,6885.55,3918.77,1023.8,164.36,119.86,968.94,571.9675840915536,4967.5679155597645,2211.4375342805406,988.4315819479938,542.1250898710687,116.80792933666962,721.2904382336552,485.40961665471394,4427.640215661185,1769.5389932032995,988.6486797514416,408.8096869510114,116.93271488280523,711.2412697147188,485.40961665471394,4427.640215661185,1769.5389932032995,988.6486797514416,408.8096869510114,116.93271488280523,711.2412697147188
2026-02-13 21:00:00+00:00,983.45,6856.52,3774.77,1014.71,-5.431801e-06,118.81,968.17,570.2928290230419,4891.837669898186,2204.1664898463,988.4315819479938,557.5552979263915,116.80792933666962,721.5995864057988,485.40961665471394,4427.640215661185,1769.5389932032995,988.6486797514416,408.8096869510114,116.93271488280523,711.2412697147188,485.40961665471394,4427.640215661185,1769.5389932032995,988.6486797514416,408.8096869510114,116.93271488280523,711.2412697147188
2026-02-13 22:00:00+00:00,986.23,6831.94,3702.78,1011.57,-5.431801e-06,118.43,981.79,568.3459439367516,4817.222114096724,2195.485906580313,988.4315819479938,572.9855059817146,116.80792933666962,721.8769142623448,485.40961665471394,4427.640215661185,1769.5389932032995,988.6486797514416,408.8096869510114,116.93271488280523,711.2412697147188,485.40961665471394,4427.640215661185,1769.5389932032995,988.6486797514416,408.8096869510114,116.93271488280523,711.2412697147188
2026-02-13 23:00:00+00:00,985.56,6869.87,3694.73,1018.16,-5.431801e-06,119.2,1017.59,565.6836297972894,4738.125932491224,2184.325195482892,988.4315819479938,588.4157140370376,116.80792933666962,722.0806710281593,485.40961665471394,4427.640215661185,1769.5389932032995,988.6486797514416,408.8096869510114,116.93271488280523,711.2412697147188,485.40961665471394,4427.640215661185,1769.5389932032995,988.6486797514416,408.8096869510114,116.93271488280523,711.2412697147188
2026-02-14 00:00:00+00:00,987.38,6619.64,3690.82,1013.28,0.07998114,118.63,1019.24,577.7908877823246,4716.372636771146,2174.51300551905,989.8253833552747,232.08630095121316,116.9934424926989,725.1570701337599,485.40961665471394,4427.640215661185,1769.5389932032995,988.6486797514416,408.8096869510114,116.93271488280523,711.2412697147188,485.40961665471394,4427.640215661185,1769.5389932032995,988.6486797514416,408.8096869510114,116.93271488280523,711.2412697147188
2026-02-14 01:00:00+00:00,980.62,6458.48,3648.3704,1016.85,-5.431801e-06,119.05,1011.85,577.1898310809911,4674.556779794582,2173.217132331698,989.8253833552747,247.4125142953923,116.9934424926989,725.3134046658423,485.40961665471394,4427.640215661185,1769.5389932032995,988.6486797514416,408.8096869510114,116.93271488280523,711.2412697147188,485.40961665471394,4427.640215661185,1769.5389932032995,988.6486797514416,408.8096869510114,116.93271488280523,711.2412697147188
2026-02-14 02:00:00+00:00,976.36,6455.04,3621.86,1016.31,-5.431801e-06,118.99,1019.28,577.0135476771502,4648.5876893470995,2174.6439138837127,989.8253833552747,262.7387276395715,116.9934424926989,725.4452476508494,485.40961665471394,4427.640215661185,1769.5389932032995,988.6486797514416,408.8096869510114,116.93271488280523,711.2412697147188,485.40961665471394,4427.640215661185,1769.5389932032995,988.6486797514416,408.8096869510114,116.93271488280523,711.2412697147188
2026-02-14 03:00:00+00:00,972.98,6459.8,3614.29,1011.48,-5.431801e-06,118.42,1016.66,577.0523777183187,4632.20935423782,2177.430921315836,989.8253833552747,278.0649409837506,116.9934424926989,725.5444565359858,485.40961665471394,4427.640215661185,1769.5389932032995,988.6486797514416,408.8096869510114,116.93271488280523,711.2412697147188,485.40961665471394,4427.640215661185,1769.5389932032995,988.6486797514416,408.8096869510114,116.93271488280523,711.2412697147188
2026-02-14 04:00:00+00:00,974.05,6492.23,3700.19,1010.64,-5.431801e-06,118.33,1012.24,578.0158473978736,4641.421957467786,2183.944670322869,989.8253833552747,293.39115432792977,116.9934424926989,725.6374152404522,485.40961665471394,4427.640215661185,1769.5389932032995,988.6486797514416,408.8096869510114,116.93271488280523,711.2412697147188,485.40961665471394,4427.640215661185,1769.5389932032995,988.6486797514416,408.8096869510114,116.93271488280523,711.2412697147188
2026-02-14 05:00:00+00:00,973.83,6497.16,3741.92,1001.26,-5.431801e-06,117.23,1016.18,579.3566329634509,4662.974668548855,2193.2517181826465,989.8253833552747,308.7173676721089,116.9934424926989,725.7160451976373,485.40961665471394,4427.640215661185,1769.5389932032995,988.6486797514416,408.8096869510114,116.93271488280523,711.2412697147188,485.40961665471394,4427.640215661185,1769.5389932032995,988.6486797514416,408.8096869510114,116.93271488280523,711.2412697147188
2026-02-14 06:00:00+00:00,970.22,6776.49,3787.44,1010.13,-5.431801e-06,118.27,1015.93,581.376155705332,4733.5737164013135,2205.4807403951104,989.8253833552747,324.04358101628804,116.9934424926989,725.7079353163364,485.40961665471394,4427.640215661185,1769.5389932032995,988.6486797514416,408.8096869510114,116.93271488280523,711.2412697147188,485.40961665471394,4427.640215661185,1769.5389932032995,988.6486797514416,408.8096869510114,116.93271488280523,711.2412697147188
2026-02-14 07:00:00+00:00,968.9,6953.86,3786.49,1022.24,-5.431801e-06,119.68,1015.65,584.6986078629773,4820.873303303619,2223.357376049208,989.8253833552747,339.3697943604672,116.9934424926989,725.8137551698952,485.40961665471394,4427.640215661185,1769.5389932032995,988.6486797514416,408.8096869510114,116.93271488280523,711.2412697147188,485.40961665471394,4427.640215661185,1769.5389932032995,988.6486797514416,408.8096869510114,116.93271488280523,711.2412697147188
2026-02-14 08:00:00+00:00,969.33,6949.12,3871.68,1014.26,32.570004,118.76,1016.75,584.9794258023,4876.92519747341,2227.075596429495,989.8253833552747,354.6960077046464,116.9934424926989,725.4319486106033,485.40961665471394,4427.640215661185,1769.5389932032995,988.6486797514416,408.8096869510114,116.93271488280523,711.2412697147188,485.40961665471394,4427.640215661185,1769.5389932032995,988.6486797514416,408.8096869510114,116.93271488280523,711.2412697147188
2026-02-14 09:00:00+00:00,886.92,6926.91,3906.75,1014.63,99.6,118.8,1019.71,583.6170591533019,4901.047009130703,2222.1221866164615,989.8253833552747,370.0222210488255,116.9934424926989,724.8680038896135,485.40961665471394,4427.640215661185,1769.5389932032995,988.6486797514416,408.8096869510114,116.93271488280523,711.2412697147188,485.40961665471394,4427.640215661185,1769.5389932032995,988.6486797514416,408.8096869510114,116.93271488280523,711.2412697147188
2026-02-14 10:00:00+00:00,851.84,6921.63,3945.65,1014.83,110.429985,118.83,1021.37,581.9744998214288,4906.598961568465,2216.4679231563236,989.8253833552747,385.34843439300465,116.9934424926989,724.4665445997593,485.40961665471394,4427.640215661185,1769.5389932032995,988.6486797514416,408.8096869510114,116.93271488280523,711.2412697147188,485.40961665471394,4427.640215661185,1769.5389932032995,988.6486797514416,408.8096869510114,116.93271488280523,711.2412697147188
2026-02-14 11:00:00+00:00,873.94,6911.23,3923.69,1024.86,0.35000068,119.99,1019.94,580.1439526864746,4899.028656055364,2209.9497144568827,989.8253833552747,400.6746477371838,116.9934424926989,723.8915596271302,485.40961665471394,4427.640215661185,1769.5389932032995,988.6486797514416,408.8096869510114,116.93271488280523,711.2412697147188,485.40961665471394,4427.640215661185,1769.5389932032995,988.6486797514416,408.8096869510114,116.93271488280523,711.2412697147188
2026-02-14 12:00:00+00:00,871.29,6909.03,3861.37,1014.66,-5.431801e-06,118.79,1020.48,579.4604896051411,4886.1385332640775,2208.2633984323315,989.8253833552747,416.0008610813629,116.9934424926989,723.947147679441,485.40961665471394,4427.640215661185,1769.5389932032995,988.6486797514416,408.8096869510114,116.93271488280523,711.2412697147188,485.40961665471394,4427.640215661185,1769.5389932032995,988.6486797514416,408.8096869510114,116.93271488280523,711.2412697147188
2026-02-14 13:00:00+00:00,872.78,6906.13,3824.0,1014.59,-5.431801e-06,118.79,1017.79,579.8309457652182,4883.66863351381,2211.6638229620603,989.8253833552747,431.3270744255421,116.9934424926989,723.958687439071,485.40961665471394,4427.640215661185,1769.5389932032995,988.6486797514416,408.8096869510114,116.93271488280523,711.2412697147188,485.40961665471394,4427.640215661185,1769.5389932032995,988.6486797514416,408.8096869510114,116.93271488280523,711.2412697147188
2026-02-14 14:00:00+00:00,873.61,6915.59,3854.78,1017.94,123.36001,119.18,1024.0,581.8931629042921,4927.958616819882,2224.0950439629996,989.8253833552747,446.65328776972126,116.9934424926989,724.151562201652,485.40961665471394,4427.640215661185,1769.5389932032995,988.6486797514416,408.8096869510114,116.93271488280523,711.2412697147188,485.40961665471394,4427.640215661185,1769.5389932032995,988.6486797514416,408.8096869510114,116.93271488280523,711.2412697147188
2026-02-14 15:00:00+00:00,873.01,6927.15,3891.0,1042.63,648.78,122.07,1022.58,584.7779601176009,4987.450732467968,2240.862869420017,989.8253833552747,461.9795011139004,116.9934424926989,724.4939223657668,485.40961665471394,4427.640215661185,1769.5389932032995,988.6486797514416,408.8096869510114,116.93271488280523,711.2412697147188,485.40961665471394,4427.640215661185,1769.5389932032995,988.6486797514416,408.8096869510114,116.93271488280523,711.2412697147188
2026-02-14 16:00:00+00:00,869.98,6937.41,3904.33,1065.69,1445.16,136.88,1026.19,590.8659239869029,5082.450493379301,2272.385880299615,989.8253833552747,477.30571445807954,116.9934424926989,725.0981532203581,485.40961665471394,4427.640215661185,1769.5389932032995,988.6486797514416,408.8096869510114,116.93271488280523,711.2412697147188,485.40961665471394,4427.640215661185,1769.5389932032995,988.6486797514416,408.8096869510114,116.93271488280523,711.2412697147188
2026-02-14 17:00:00+00:00,872.23,6908.11,3914.79,1068.35,1572.81,149.07,1030.51,597.1405861110169,5139.191209947132,2303.8930642993364,989.8253833552747,492.6319278022587,116.9934424926989,725.8315633789665,485.40961665471394,4427.640215661185,1769.5389932032995,988.6486797514416,408.8096869510114,116.93271488280523,711.2412697147188,485.40961665471394,4427.640215661185,1769.5389932032995,988.6486797514416,408.8096869510114,116.93271488280523,711.2412697147188
2026-02-14 18:00:00+00:00,873.05,6913.56,3916.39,1049.06,1492.84,146.97,1028.31,599.5411107665647,5114.11661668003,2316.5706535563195,989.8253833552747,507.95814114643787,116.9934424926989,726.3901818848516,485.40961665471394,4427.640215661185,1769.5389932032995,988.6486797514416,408.8096869510114,116.93271488280523,711.2412697147188,485.40961665471394,4427.640215661185,1769.5389932032995,988.6486797514416,408.8096869510114,116.93271488280523,711.2412697147188
2026-02-14 19:00:00+00:00,870.79,6922.69,3907.48,1036.31,965.3,133.8,1024.73,598.9114177087416,5043.385679586809,2317.1026350489456,989.8253833552747,523.284354490617,116.9934424926989,726.9477532009223,485.40961665471394,4427.640215661185,1769.5389932032995,988.6486797514416,408.8096869510114,116.93271488280523,711.2412697147188,485.40961665471394,4427.640215661185,1769.5389932032995,988.6486797514416,408.8096869510114,116.93271488280523,711.2412697147188
2026-02-14 20:00:00+00:00,869.12,6929.01,3890.98,1033.11,179.48,120.95,1018.44,600.030568440948,4996.812072922548,2325.5980475247293,989.8253833552747,538.6105678347961,116.9934424926989,727.520447394657,485.40961665471394,4427.640215661185,1769.5389932032995,988.6486797514416,408.8096869510114,116.93271488280523,711.2412697147188,485.40961665471394,4427.640215661185,1769.5389932032995,988.6486797514416,408.8096869510114,116.93271488280523,711.2412697147188
2026-02-14 21:00:00+00:00,868.42,6739.85,3851.05,1039.32,100.51998,121.68,1020.18,603.8077906264987,4979.000633406257,2345.2519676075835,989.8253833552747,553.9367811789754,116.9934424926989,728.3682806887232,485.40961665471394,4427.640215661185,1769.5389932032995,988.6486797514416,408.8096869510114,116.93271488280523,711.2412697147188,485.40961665471394,4427.640215661185,1769.5389932032995,988.6486797514416,408.8096869510114,116.93271488280523,711.2412697147188
2026-02-14 22:00:00+00:00,862.09,6605.08,3843.53,1034.72,115.39001,121.14,1026.24,605.4188659809483,4930.439265000337,2354.1060915095463,989.8253833552747,569.2629945231545,116.9934424926989,728.9897741931594,485.40961665471394,4427.640215661185,1769.5389932032995,988.6486797514416,408.8096869510114,116.93271488280523,711.2412697147188,485.40961665471394,4427.640215661185,1769.5389932032995,988.6486797514416,408.8096869510114,116.93271488280523,711.2412697147188
2026-02-14 23:00:00+00:00,864.69,6487.85,3845.68,1033.81,0.5400031,121.04,1026.53,604.8280755382074,4860.289987855768,2353.8465879633036,989.8253833552747,584.5892078673336,116.9934424926989,729.47837399489,485.40961665471394,4427.640215661185,1769.5389932032995,988.6486797514416,408.8096869510114,116.93271488280523,711.2412697147188,485.40961665471394,4427.640215661185,1769.5389932032995,988.6486797514416,408.8096869510114,116.93271488280523,711.2412697147188
2026-02-15 00:00:00+00:00,716.08,6474.01,3837.12,1022.73,-5.431801e-06,119.73,1028.95,606.8018964813748,4827.369337199148,2309.771875383444,989.8253833552747,232.08630095121316,116.9934424926989,730.1113137823028,485.40961665471394,4427.640215661185,1769.5389932032995,988.6486797514416,408.8096869510114,116.93271488280523,711.2412697147188,485.40961665471394,4427.640215661185,1769.5389932032995,988.6486797514416,408.8096869510114,116.93271488280523,711.2412697147188
2026-02-15 01:00:00+00:00,417.75,6474.51,3843.73,1025.62,-5.431801e-06,120.08,1021.07,613.2500240093502,4809.129541382588,2342.822170257939,989.8253833552747,247.4125142953923,116.9934424926989,731.3764711394012,485.40961665471394,4427.640215661185,1769.5389932032995,988.6486797514416,408.8096869510114,116.93271488280523,711.2412697147188,485.40961665471394,4427.640215661185,1769.5389932032995,988.6486797514416,408.8096869510114,116.93271488280523,711.2412697147188
2026-02-15 02:00:00+00:00,419.33,6483.73,3854.5,1044.58,39.790005,122.29,1029.23,617.5230774998064,4800.644867997335,2365.844012536458,989.8253833552747,262.7387276395715,116.9934424926989,732.3505519572514,485.40961665471394,4427.640215661185,1769.5389932032995,988.6486797514416,408.8096869510114,116.93271488280523,711.2412697147188,485.40961665471394,4427.640215661185,1769.5389932032995,988.6486797514416,408.8096869510114,116.93271488280523,711.2412697147188
2026-02-15 03:00:00+00:00,420.12,6501.24,3850.6,1044.47,90.76,122.28,1027.57,618.7116529844294,4788.73568874765,2374.5468958697,989.8253833552747,278.0649409837506,116.9934424926989,732.941061021898,485.40961665471394,4427.640215661185,1769.5389932032995,988.6486797514416,408.8096869510114,116.93271488280523,711.2412697147188,485.40961665471394,4427.640215661185,1769.5389932032995,988.6486797514416,408.8096869510114,116.93271488280523,711.2412697147188
2026-02-15 04:00:00+00:00,420.02,6505.05,3833.25,1038.83,29.980005,121.62,1022.93,619.9576869895318,4784.011160635415,2383.118669727961,989.8253833552747,293.39115432792977,116.9934424926989,733.4482006128015,485.40961665471394,4427.640215661185,1769.5389932032995,988.6486797514416,408.8096869510114,116.93271488280523,711.2412697147188,485.40961665471394,4427.640215661185,1769.5389932032995,988.6486797514416,408.8096869510114,116.93271488280523,711.2412697147188
2026-02-15 05:00:00+00:00,412.84,6497.21,3844.65,1033.53,29.899988,120.99,1027.76,618.8312326673199,4769.796405428825,2381.141887800689,989.8253833552747,308.7173676721089,116.9934424926989,733.4122255167891,485.40961665471394,4427.640215661185,1769.5389932032995,988.6486797514416,408.8096869510114,116.93271488280523,711.2412697147188,485.40961665471394,4427.640215661185,1769.5389932032995,988.6486797514416,408.8096869510114,116.93271488280523,711.2412697147188
2026-02-15 06:00:00+00:00,368.08,6495.4,3880.09,1021.49,31.020014,119.59,1029.78,616.6501463650295,4774.90414554012,2375.2944280169913,989.8253833552747,324.04358101628804,116.9934424926989,733.1836915146596,485.40961665471394,4427.640215661185,1769.5389932032995,988.6486797514416,408.8096869510114,116.93271488280523,711.2412697147188,485.40961665471394,4427.640215661185,1769.5389932032995,988.6486797514416,408.8096869510114,116.93271488280523,711.2412697147188
2026-02-15 07:00:00+00:00,370.18,6497.68,3887.84,1026.98,73.51,120.24,1028.1,617.1213818750527,4765.625868434494,2381.1261468414027,989.8253833552747,339.3697943604672,116.9934424926989,733.1518109359494,485.40961665471394,4427.640215661185,1769.5389932032995,988.6486797514416,408.8096869510114,116.93271488280523,711.2412697147188,485.40961665471394,4427.640215661185,1769.5389932032995,988.6486797514416,408.8096869510114,116.93271488280523,711.2412697147188
2026-02-15 08:00:00+00:00,370.06,6429.04,3718.34,1032.41,40.64001,120.88,1029.87,611.2455575497039,4658.526063047299,2356.826865987553,989.8253833552747,354.6960077046464,116.9934424926989,732.0267912351604,485.40961665471394,4427.640215661185,1769.5389932032995,988.6486797514416,408.8096869510114,116.93271488280523,711.2412697147188,485.40961665471394,4427.640215661185,1769.5389932032995,988.6486797514416,408.8096869510114,116.93271488280523,711.2412697147188
2026-02-15 09:00:00+00:00,368.81,6318.74,3691.64,1041.35,29.929987,121.92,1027.39,600.5493569369964,4545.9880058242225,2307.633210046529,989.8253833552747,370.0222210488255,116.9934424926989,730.0935674218274,485.40961665471394,4427.640215661185,1769.5389932032995,988.6486797514416,408.8096869510114,116.93271488280523,711.2412697147188,485.40961665471394,4427.640215661185,1769.5389932032995,988.6486797514416,408.8096869510114,116.93271488280523,711.2412697147188
2026-02-15 10:00:00+00:00,369.41,5581.64,3702.3,1043.96,-5.431801e-06,122.22,1023.62,587.7254140311612,4428.280866983944,2248.653628807065,989.8253833552747,385.34843439300465,116.9934424926989,728.0675527620831,485.40961665471394,4427.640215661185,1769.5389932032995,988.6486797514416,408.8096869510114,116.93271488280523,711.2412697147188,485.40961665471394,4427.640215661185,1769.5389932032995,988.6486797514416,408.8096869510114,116.93271488280523,711.2412697147188
2026-02-15 11:00:00+00:00,367.99,5081.18,3681.34,1039.6,-5.431801e-06,121.71,1027.72,574.853413124699,4278.170169739462,2190.6163754708928,989.8253833552747,400.6746477371838,116.9934424926989,726.1930212529502,485.40961665471394,4427.640215661185,1769.5389932032995,988.6486797514416,408.8096869510114,116.93271488280523,711.2412697147188,485.40961665471394,4427.640215661185,1769.5389932032995,988.6486797514416,408.8096869510114,116.93271488280523,711.2412697147188
2026-02-15 12:00:00+00:00,368.84,4319.76,3517.73,1031.89,-5.431801e-06,120.8,1009.43,570.0903871569001,4153.313287642119,2171.506632438086,989.8253833552747,416.0008610813629,116.9934424926989,726.3217580324015,485.40961665471394,4427.640215661185,1769.5389932032995,988.6486797514416,408.8096869510114,116.93271488280523,711.2412697147188,485.40961665471394,4427.640215661185,1769.5389932032995,988.6486797514416,408.8096869510114,116.93271488280523,711.2412697147188
2026-02-15 13:00:00+00:00,366.01,4285.28,3450.57,1030.81,-5.431801e-06,120.68,1004.33,569.0766901980314,4147.63064925177,2166.3854538102682,989.8253833552747,431.3270744255421,116.9934424926989,725.8833828249535,485.40961665471394,4427.640215661185,1769.5389932032995,988.6486797514416,408.8096869510114,116.93271488280523,711.2412697147188,485.40961665471394,4427.640215661185,1769.5389932032995,988.6486797514416,408.8096869510114,116.93271488280523,711.2412697147188
2026-02-15 14:00:00+00:00,368.7,5536.93,3678.88,1030.38,-5.431801e-06,120.63,1013.61,575.3852254476913,4287.840215998904,2197.425626355246,989.8253833552747,446.65328776972126,116.9934424926989,726.0195966311321,485.40961665471394,4427.640215661185,1769.5389932032995,988.6486797514416,408.8096869510114,116.93271488280523,711.2412697147188,485.40961665471394,4427.640215661185,1769.5389932032995,988.6486797514416,408.8096869510114,116.93271488280523,711.2412697147188
2026-02-15 15:00:00+00:00,364.23,6318.38,3782.21,1048.06,124.98,122.71,1012.64,581.355133683489,4437.7790379378885,2230.9932169344293,989.8253833552747,461.9795011139004,116.9934424926989,726.5632515533399,485.40961665471394,4427.640215661185,1769.5389932032995,988.6486797514416,408.8096869510114,116.93271488280523,711.2412697147188,485.40961665471394,4427.640215661185,1769.5389932032995,988.6486797514416,408.8096869510114,116.93271488280523,711.2412697147188
2026-02-15 16:00:00+00:00,352.19,6322.87,3834.99,1041.81,551.92,127.93,1020.38,588.3300858124124,4504.098449266202,2270.077160869721,989.8253833552747,477.30571445807954,116.9934424926989,727.8783570862087,485.40961665471394,4427.640215661185,1769.5389932032995,988.6486797514416,408.8096869510114,116.93271488280523,711.2412697147188,485.40961665471394,4427.640215661185,1769.5389932032995,988.6486797514416,408.8096869510114,116.93271488280523,711.2412697147188
2026-02-15 17:00:00+00:00,376.61,6394.33,3897.52,913.11,373.47,125.74,1025.38,595.5608249478362,4447.935062460653,2307.3431776428424,989.8253833552747,492.6319278022587,116.9934424926989,729.1324375283684,485.40961665471394,4427.640215661185,1769.5389932032995,988.6486797514416,408.8096869510114,116.93271488280523,711.2412697147188,485.40961665471394,4427.640215661185,1769.5389932032995,988.6486797514416,408.8096869510114,116.93271488280523,711.2412697147188
2026-02-15 18:00:00+00:00,403.38,6407.04,3792.85,915.23,119.23,107.16,1023.46,595.5041473872249,4335.059415563221,2307.6790648471974,989.8253833552747,507.95814114643787,116.9934424926989,728.998281678531,485.40961665471394,4427.640215661185,1769.5389932032995,988.6486797514416,408.8096869510114,116.93271488280523,711.2412697147188,485.40961665471394,4427.640215661185,1769.5389932032995,988.6486797514416,408.8096869510114,116.93271488280523,711.2412697147188
2026-02-15 19:00:00+00:00,407.68,6025.32,3742.34,917.73,22.38,107.44,1018.98,599.9307092639201,4259.373302083878,2329.252332682915,989.8253833552747,523.284354490617,116.9934424926989,729.8672420358929,485.40961665471394,4427.640215661185,1769.5389932032995,988.6486797514416,408.8096869510114,116.93271488280523,711.2412697147188,485.40961665471394,4427.640215661185,1769.5389932032995,988.6486797514416,408.8096869510114,116.93271488280523,711.2412697147188
2026-02-15 20:00:00+00:00,408.47,5482.69,3715.53,969.19,-5.431801e-06,113.46,1020.56,600.923648647328,4184.944940620141,2336.6349763872167,989.8253833552747,538.6105678347961,116.9934424926989,730.1846712102137,485.40961665471394,4427.640215661185,1769.5389932032995,988.6486797514416,408.8096869510114,116.93271488280523,711.2412697147188,485.40961665471394,4427.640215661185,1769.5389932032995,988.6486797514416,408.8096869510114,116.93271488280523,711.2412697147188
2026-02-15 21:00:00+00:00,408.77,5592.68,3766.54,1034.07,-5.431801e-06,121.05,1021.46,603.5601834319997,4208.7305014811645,2348.902721282564,989.8253833552747,553.9367811789754,116.9934424926989,730.4174248698138,485.40961665471394,4427.640215661185,1769.5389932032995,988.6486797514416,408.8096869510114,116.93271488280523,711.2412697147188,485.40961665471394,4427.640215661185,1769.5389932032995,988.6486797514416,408.8096869510114,116.93271488280523,711.2412697147188
2026-02-15 22:00:00+00:00,406.74,5499.33,3719.44,1013.22,31.409998,118.61,1017.26,600.9472471231688,4149.827483894097,2338.336441759984,989.8253833552747,569.2629945231545,116.9934424926989,730.30197255819,485.40961665471394,4427.640215661185,1769.5389932032995,988.6486797514416,408.8096869510114,116.93271488280523,711.2412697147188,485.40961665471394,4427.640215661185,1769.5389932032995,988.6486797514416,408.8096869510114,116.93271488280523,711.2412697147188
2026-02-15 23:00:00+00:00,408.14,4911.2,3482.5,1024.01,-5.431801e-06,119.88,997.62,598.2335391028405,4088.1817302810214,2328.5082550313323,989.8253833552747,584.5892078673336,116.9934424926989,730.253649929532,485.40961665471394,4427.640215661185,1769.5389932032995,988.6486797514416,408.8096869510114,116.93271488280523,711.2412697147188,485.40961665471394,4427.640215661185,1769.5389932032995,988.6486797514416,408.8096869510114,116.93271488280523,711.2412697147188
2026-02-16 00:00:00+00:00,407.51,4708.43,3320.56,1029.01,-5.431801e-06,120.47,980.85,598.3315132556704,4060.798284085098,2274.0820324278175,989.8253833552747,232.08630095121316,116.9934424926989,730.5937302404451,485.40961665471394,4427.640215661185,1769.5389932032995,988.6486797514416,408.8096869510114,116.93271488280523,711.2412697147188,485.40961665471394,4427.640215661185,1769.5389932032995,988.6486797514416,408.8096869510114,116.93271488280523,711.2412697147188
2026-02-16 01:00:00+00:00,406.78,4379.26,3218.09,1027.02,-5.431801e-06,120.23,955.77,599.2526723042872,4058.29896935753,2278.5906109094076,989.8253833552747,247.4125142953923,116.9934424926989,730.8618312146548,485.40961665471394,4427.640215661185,1769.5389932032995,988.6486797514416,408.8096869510114,116.93271488280523,711.2412697147188,485.40961665471394,4427.640215661185,1769.5389932032995,988.6486797514416,408.8096869510114,116.93271488280523,711.2412697147188
2026-02-16 02:00:00+00:00,405.18,5006.96,3198.27,1041.78,-5.431801e-06,121.96,951.22,598.1722061029877,4078.0064196039725,2275.7178398609035,989.8253833552747,262.7387276395715,116.9934424926989,730.7669324488378,485.40961665471394,4427.640215661185,1769.5389932032995,988.6486797514416,408.8096869510114,116.93271488280523,711.2412697147188,485.40961665471394,4427.640215661185,1769.5389932032995,988.6486797514416,408.8096869510114,116.93271488280523,711.2412697147188
2026-02-16 03:00:00+00:00,405.75,5357.77,3351.11,1059.43,-5.431801e-06,124.03,971.2,596.6638677033006,4087.4577692955904,2274.294267991776,989.8253833552747,278.0649409837506,116.9934424926989,730.6513153359235,485.40961665471394,4427.640215661185,1769.5389932032995,988.6486797514416,408.8096869510114,116.93271488280523,711.2412697147188,485.40961665471394,4427.640215661185,1769.5389932032995,988.6486797514416,408.8096869510114,116.93271488280523,711.2412697147188
2026-02-16 04:00:00+00:00,418.76,5904.82,3645.95,1043.3,-5.431801e-06,122.13,977.37,598.3623033744777,4199.287653835787,2286.956419489161,989.8253833552747,293.39115432792977,116.9934424926989,730.720730158072,485.40961665471394,4427.640215661185,1769.5389932032995,988.6486797514416,408.8096869510114,116.93271488280523,711.2412697147188,485.40961665471394,4427.640215661185,1769.5389932032995,988.6486797514416,408.8096869510114,116.93271488280523,711.2412697147188
2026-02-16 05:00:00+00:00,603.08,6882.39,3759.55,1034.76,71.58999,121.13,993.63,604.0946555378056,4390.33026931061,2317.7553901699957,989.8253833552747,308.7173676721089,116.9934424926989,730.6262325883619,485.40961665471394,4427.640215661185,1769.5389932032995,988.6486797514416,408.8096869510114,116.93271488280523,711.2412697147188,485.40961665471394,4427.640215661185,1769.5389932032995,988.6486797514416,408.8096869510114,116.93271488280523,711.2412697147188
2026-02-16 06:00:00+00:00,706.17,7056.95,4009.95,1045.71,66.38,125.34,991.53,611.5882252829249,4536.651278137268,2357.56905295431,989.8253833552747,324.04358101628804,116.9934424926989,731.583589240473,485.40961665471394,4427.640215661185,1769.5389932032995,988.6486797514416,408.8096869510114,116.93271488280523,711.2412697147188,485.40961665471394,4427.640215661185,1769.5389932032995,988.6486797514416,408.8096869510114,116.93271488280523,711.2412697147188
2026-02-16 07:00:00+00:00,850.1,7048.54,3922.48,1059.19,76.420006,126.99,1007.77,614.1667404790317,4624.972884062844,2370.8573839013484,989.8253833552747,339.3697943604672,116.9934424926989,731.4641896554884,485.40961665471394,4427.640215661185,1769.5389932032995,988.6486797514416,408.8096869510114,116.93271488280523,711.2412697147188,485.40961665471394,4427.640215661185,1769.5389932032995,988.6486797514416,408.8096869510114,116.93271488280523,711.2412697147188
2026-02-16 08:00:00+00:00,894.9,6977.6,3858.26,1065.52,165.36,148.33,1000.87,612.0583653095947,4647.902741641372,2359.4600616530297,989.8253833552747,354.6960077046464,116.9934424926989,730.9168049116316,485.40961665471394,4427.640215661185,1769.5389932032995,988.6486797514416,408.8096869510114,116.93271488280523,711.2412697147188,485.40961665471394,4427.640215661185,1769.5389932032995,988.6486797514416,408.8096869510114,116.93271488280523,711.2412697147188
2026-02-16 09:00:00+00:00,536.6,6970.19,3779.16,1066.51,118.39001,125.12,1008.01,606.4933182716884,4643.0363421148795,2333.959464674659,989.8253833552747,370.0222210488255,116.9934424926989,730.1506672955518,485.40961665471394,4427.640215661185,1769.5389932032995,988.6486797514416,408.8096869510114,116.93271488280523,711.2412697147188,485.40961665471394,4427.640215661185,1769.5389932032995,988.6486797514416,408.8096869510114,116.93271488280523,711.2412697147188
2026-02-16 10:00:00+00:00,408.69,7002.43,3720.81,1055.95,117.159996,123.62,1010.52,601.7939093152161,4655.007991794269,2311.6377677762944,989.8253833552747,385.34843439300465,116.9934424926989,729.1654538971544,485.40961665471394,4427.640215661185,1769.5389932032995,988.6486797514416,408.8096869510114,116.93271488280523,711.2412697147188,485.40961665471394,4427.640215661185,1769.5389932032995,988.6486797514416,408.8096869510114,116.93271488280523,711.2412697147188
2026-02-16 11:00:00+00:00,407.49,7038.92,3838.09,1042.83,26.730005,122.08,1017.12,597.6947118361924,4675.974508305783,2291.404898161573,989.8253833552747,400.6746477371838,116.9934424926989,728.4196989085439,485.40961665471394,4427.640215661185,1769.5389932032995,988.6486797514416,408.8096869510114,116.93271488280523,711.2412697147188,485.40961665471394,4427.640215661185,1769.5389932032995,988.6486797514416,408.8096869510114,116.93271488280523,711.2412697147188
2026-02-16 12:00:00+00:00,408.71,7066.86,3852.67,1045.9,-5.431801e-06,122.44,1019.45,597.2135574719537,4695.344163403023,2295.2860275468765,989.8253833552747,416.0008610813629,116.9934424926989,728.455866746954,485.40961665471394,4427.640215661185,1769.5389932032995,988.6486797514416,408.8096869510114,116.93271488280523,711.2412697147188,485.40961665471394,4427.640215661185,1769.5389932032995,988.6486797514416,408.8096869510114,116.93271488280523,711.2412697147188
2026-02-16 13:00:00+00:00,407.18,7239.67,3984.04,1051.7,-5.431801e-06,123.12,1011.54,592.6679183737386,4733.628938056413,2281.172766417824,989.8253833552747,431.3270744255421,116.9934424926989,727.5322042994338,485.40961665471394,4427.640215661185,1769.5389932032995,988.6486797514416,408.8096869510114,116.93271488280523,711.2412697147188,485.40961665471394,4427.640215661185,1769.5389932032995,988.6486797514416,408.8096869510114,116.93271488280523,711.2412697147188
2026-02-16 14:00:00+00:00,410.51,7434.21,4143.6,1053.83,37.990017,123.37,1010.07,591.2985373835585,4799.501069470779,2282.9200216025943,989.8253833552747,446.65328776972126,116.9934424926989,727.260884832512,485.40961665471394,4427.640215661185,1769.5389932032995,988.6486797514416,408.8096869510114,116.93271488280523,711.2412697147188,485.40961665471394,4427.640215661185,1769.5389932032995,988.6486797514416,408.8096869510114,116.93271488280523,711.2412697147188
2026-02-16 15:00:00+00:00,423.55,7518.97,4249.61,1072.15,374.48,137.66,1012.84,595.5436753926865,4914.629890733522,2304.5949987233726,989.8253833552747,461.9795011139004,116.9934424926989,727.2655824326404,485.40961665471394,4427.640215661185,1769.5389932032995,988.6486797514416,408.8096869510114,116.93271488280523,711.2412697147188,485.40961665471394,4427.640215661185,1769.5389932032995,988.6486797514416,408.8096869510114,116.93271488280523,711.2412697147188
2026-02-16 16:00:00+00:00,424.73,7539.8,4358.93,1076.64,762.46,150.11,1037.93,600.4764038675322,5008.991394449133,2328.3056580819,989.8253833552747,477.30571445807954,116.9934424926989,727.6324732052128,485.40961665471394,4427.640215661185,1769.5389932032995,988.6486797514416,408.8096869510114,116.93271488280523,711.2412697147188,485.40961665471394,4427.640215661185,1769.5389932032995,988.6486797514416,408.8096869510114,116.93271488280523,711.2412697147188
2026-02-16 17:00:00+00:00,423.52,7547.71,4391.91,1071.54,851.26,149.69,1049.32,604.823446340503,5064.788500881265,2348.391072157638,989.8253833552747,492.6319278022587,116.9934424926989,728.002718073267,485.40961665471394,4427.640215661185,1769.5389932032995,988.6486797514416,408.8096869510114,116.93271488280523,711.2412697147188,485.40961665471394,4427.640215661185,1769.5389932032995,988.6486797514416,408.8096869510114,116.93271488280523,711.2412697147188
2026-02-16 18:00:00+00:00,421.7,7575.19,4362.99,1074.47,668.03,149.95,1045.05,603.9916784913689,5037.302017693306,2346.900590600634,989.8253833552747,507.95814114643787,116.9934424926989,728.064693959281,485.40961665471394,4427.640215661185,1769.5389932032995,988.6486797514416,408.8096869510114,116.93271488280523,711.2412697147188,485.40961665471394,4427.640215661185,1769.5389932032995,988.6486797514416,408.8096869510114,116.93271488280523,711.2412697147188
2026-02-16 19:00:00+00:00,421.36,7604.38,4287.98,1053.15,575.2,135.67,1028.5,602.6683306275787,4949.681752131713,2344.082983254434,989.8253833552747,523.284354490617,116.9934424926989,728.4934989492579,485.40961665471394,4427.640215661185,1769.5389932032995,988.6486797514416,408.8096869510114,116.93271488280523,711.2412697147188,485.40961665471394,4427.640215661185,1769.5389932032995,988.6486797514416,408.8096869510114,116.93271488280523,711.2412697147188
2026-02-16 20:00:00+00:00,422.08,7587.19,4106.13,1063.61,119.13,124.51,1024.59,600.7675158883973,4862.67994682469,2336.7538471672565,989.8253833552747,538.6105678347961,116.9934424926989,728.9567917128109,485.40961665471394,4427.640215661185,1769.5389932032995,988.6486797514416,408.8096869510114,116.93271488280523,711.2412697147188,485.40961665471394,4427.640215661185,1769.5389932032995,988.6486797514416,408.8096869510114,116.93271488280523,711.2412697147188
2026-02-16 21:00:00+00:00,547.3,7550.23,4001.01,1052.92,108.409996,123.28,1022.57,597.037316434303,4781.68983509791,2322.680722968287,989.8253833552747,553.9367811789754,116.9934424926989,728.9629253966908,485.40961665471394,4427.640215661185,1769.5389932032995,988.6486797514416,408.8096869510114,116.93271488280523,711.2412697147188,485.40961665471394,4427.640215661185,1769.5389932032995,988.6486797514416,408.8096869510114,116.93271488280523,711.2412697147188
2026-02-16 22:00:00+00:00,811.61,7489.46,3928.17,1032.34,100.970024,120.87,1023.01,591.4872692431989,4713.2454479491935,2298.1348240884377,989.8253833552747,569.2629945231545,116.9934424926989,728.548866119234,485.40961665471394,4427.640215661185,1769.5389932032995,988.6486797514416,408.8096869510114,116.93271488280523,711.2412697147188,485.40961665471394,4427.640215661185,1769.5389932032995,988.6486797514416,408.8096869510114,116.93271488280523,711.2412697147188
2026-02-16 23:00:00+00:00,920.16,7245.5,3734.66,1030.86,17.509974,120.69,1022.28,586.4621175845714,4662.38518780042,2275.4714091800365,989.8253833552747,584.5892078673336,116.9934424926989,727.9840334156435,485.40961665471394,4427.640215661185,1769.5389932032995,988.6486797514416,408.8096869510114,116.93271488280523,711.2412697147188,485.40961665471394,4427.640215661185,1769.5389932032995,988.6486797514416,408.8096869510114,116.93271488280523,711.2412697147188
2026-02-17 00:00:00+00:00,969.89,6978.16,3625.13,1026.73,-5.431801e-06,120.21,1027.78,585.3502510090841,4628.051900376516,2214.8865144098663,989.8253833552747,232.08630095121316,116.9934424926989,727.9690030292895,485.40961665471394,4427.640215661185,1769.5389932032995,988.6486797514416,408.8096869510114,116.93271488280523,711.2412697147188,485.40961665471394,4427.640215661185,1769.5389932032995,988.6486797514416,408.8096869510114,116.93271488280523,711.2412697147188
2026-02-17 01:00:00+00:00,968.91003,6514.71,3655.41,1023.04,-5.431801e-06,119.77,1031.41,584.3420071063084,4621.376966726036,2211.536030210077,989.8253833552747,247.4125142953923,116.9934424926989,727.8895830047414,485.40961665471394,4427.640215661185,1769.5389932032995,988.6486797514416,408.8096869510114,116.93271488280523,711.2412697147188,485.40961665471394,4427.640215661185,1769.5389932032995,988.6486797514416,408.8096869510114,116.93271488280523,711.2412697147188
2026-02-17 02:00:00+00:00,967.93,6446.07,3701.25,1021.55,-5.431801e-06,119.6,1028.93,583.828465609162,4643.933713674017,2211.3963114753956,989.8253833552747,262.7387276395715,116.9934424926989,727.7370038780426,485.40961665471394,4427.640215661185,1769.5389932032995,988.6486797514416,408.8096869510114,116.93271488280523,711.2412697147188,485.40961665471394,4427.640215661185,1769.5389932032995,988.6486797514416,408.8096869510114,116.93271488280523,711.2412697147188
2026-02-17 03:00:00+00:00,962.63007,7067.58,3746.11,1031.29,-5.431801e-06,120.73,1023.4,585.5755715864861,4685.048130118353,2222.8558810311747,989.8253833552747,278.0649409837506,116.9934424926989,727.7502602873932,485.40961665471394,4427.640215661185,1769.5389932032995,988.6486797514416,408.8096869510114,116.93271488280523,711.2412697147188,485.40961665471394,4427.640215661185,1769.5389932032995,988.6486797514416,408.8096869510114,116.93271488280523,711.2412697147188
2026-02-17 04:00:00+00:00,961.03,7150.91,3871.9,1027.32,-5.431801e-06,120.27,1027.4,588.1878493216612,4758.902528174663,2240.09886033791,989.8253833552747,293.39115432792977,116.9934424926989,727.8466863479903,485.40961665471394,4427.640215661185,1769.5389932032995,988.6486797514416,408.8096869510114,116.93271488280523,711.2412697147188,485.40961665471394,4427.640215661185,1769.5389932032995,988.6486797514416,408.8096869510114,116.93271488280523,711.2412697147188
2026-02-17 05:00:00+00:00,967.48004,7438.14,4036.3,1038.45,178.94,121.58,1021.36,595.191151825234,4946.448994392899,2277.8130493804324,989.8253833552747,308.7173676721089,116.9934424926989,727.947441783354,485.40961665471394,4427.640215661185,1769.5389932032995,988.6486797514416,408.8096869510114,116.93271488280523,711.2412697147188,485.40961665471394,4427.640215661185,1769.5389932032995,988.6486797514416,408.8096869510114,116.93271488280523,711.2412697147188
2026-02-17 06:00:00+00:00,968.77,7624.94,4087.99,1035.19,734.9,139.03,1025.76,599.30295669181,5073.530942968651,2301.8755995057304,989.8253833552747,324.04358101628804,116.9934424926989,727.8984147056127,485.40961665471394,4427.640215661185,1769.5389932032995,988.6486797514416,408.8096869510114,116.93271488280523,711.2412697147188,485.40961665471394,4427.640215661185,1769.5389932032995,988.6486797514416,408.8096869510114,116.93271488280523,711.2412697147188
2026-02-17 07:00:00+00:00,965.29,7628.82,4100.78,1041.24,894.07,146.05,1026.89,599.9089416548741,5100.684145525652,2307.8247685314786,989.8253833552747,339.3697943604672,116.9934424926989,728.0156970119824,485.40961665471394,4427.640215661185,1769.5389932032995,988.6486797514416,408.8096869510114,116.93271488280523,711.2412697147188,485.40961665471394,4427.640215661185,1769.5389932032995,988.6486797514416,408.8096869510114,116.93271488280523,711.2412697147188
2026-02-17 08:00:00+00:00,960.06,7610.26,4119.8193,1045.82,802.3,128.87,1038.32,596.707792285603,5062.253625415396,2293.0364416417383,989.8253833552747,354.6960077046464,116.9934424926989,727.6244221585382,485.40961665471394,4427.640215661185,1769.5389932032995,988.6486797514416,408.8096869510114,116.93271488280523,711.2412697147188,485.40961665471394,4427.640215661185,1769.5389932032995,988.6486797514416,408.8096869510114,116.93271488280523,711.2412697147188
2026-02-17 09:00:00+00:00,966.79,7596.72,4102.25,1038.27,512.11,121.56,1038.44,591.2415176403871,5012.3530799094815,2267.9540478190356,989.8253833552747,370.0222210488255,116.9934424926989,726.7142012315121,485.40961665471394,4427.640215661185,1769.5389932032995,988.6486797514416,408.8096869510114,116.93271488280523,711.2412697147188,485.40961665471394,4427.640215661185,1769.5389932032995,988.6486797514416,408.8096869510114,116.93271488280523,711.2412697147188
2026-02-17 10:00:00+00:00,964.35,7580.51,4064.39,1037.17,336.85,121.42,1037.49,584.4736234227643,4972.984339773694,2233.005201088354,989.8253833552747,385.34843439300465,116.9934424926989,725.4381135960843,485.40961665471394,4427.640215661185,1769.5389932032995,988.6486797514416,408.8096869510114,116.93271488280523,711.2412697147188,485.40961665471394,4427.640215661185,1769.5389932032995,988.6486797514416,408.8096869510114,116.93271488280523,711.2412697147188
2026-02-17 11:00:00+00:00,959.57,7607.84,3998.53,1033.6,88.48,121.0,1043.87,575.2046778820977,4903.608493273652,2187.499614803207,989.8253833552747,400.6746477371838,116.9934424926989,724.0807552768409,485.40961665471394,4427.640215661185,1769.5389932032995,988.6486797514416,408.8096869510114,116.93271488280523,711.2412697147188,485.40961665471394,4427.640215661185,1769.5389932032995,988.6486797514416,408.8096869510114,116.93271488280523,711.2412697147188
2026-02-17 12:00:00+00:00,960.58,7585.84,3999.78,1040.66,89.64001,121.83,1023.92,568.5093269103976,4844.366233949206,2162.0244827705883,989.8253833552747,416.0008610813629,116.9934424926989,723.397376657234,485.40961665471394,4427.640215661185,1769.5389932032995,988.6486797514416,408.8096869510114,116.93271488280523,711.2412697147188,485.40961665471394,4427.640215661185,1769.5389932032995,988.6486797514416,408.8096869510114,116.93271488280523,711.2412697147188
2026-02-17 13:00:00+00:00,959.49,7516.89,3949.85,1027.36,101.700005,120.28,1034.02,564.9386410625267,4811.4688109718045,2153.404820335805,989.8253833552747,431.3270744255421,116.9934424926989,723.097450056613,485.40961665471394,4427.640215661185,1769.5389932032995,988.6486797514416,408.8096869510114,116.93271488280523,711.2412697147188,485.40961665471394,4427.640215661185,1769.5389932032995,988.6486797514416,408.8096869510114,116.93271488280523,711.2412697147188
2026-02-17 14:00:00+00:00,960.55,7508.55,3974.59,1005.43,69.61999,117.71,1033.13,563.1785601776137,4850.275771138765,2146.528345879981,989.8253833552747,446.65328776972126,116.9934424926989,722.3494567286554,485.40961665471394,4427.640215661185,1769.5389932032995,988.6486797514416,408.8096869510114,116.93271488280523,711.2412697147188,485.40961665471394,4427.640215661185,1769.5389932032995,988.6486797514416,408.8096869510114,116.93271488280523,711.2412697147188
2026-02-17 15:00:00+00:00,960.2,7447.33,4051.83,1011.17,262.72,118.57,1038.38,565.1115598710896,4933.683074506038,2160.421449176117,989.8253833552747,461.9795011139004,116.9934424926989,722.2913013017024,485.40961665471394,4427.640215661185,1769.5389932032995,988.6486797514416,408.8096869510114,116.93271488280523,711.2412697147188,485.40961665471394,4427.640215661185,1769.5389932032995,988.6486797514416,408.8096869510114,116.93271488280523,711.2412697147188
2026-02-17 16:00:00+00:00,961.19,7514.7,4153.1895,1015.35,915.84,143.03,1053.49,570.4430347474445,5005.583885853186,2191.1034932616276,989.8253833552747,477.30571445807954,116.9934424926989,723.107204919405,485.40961665471394,4427.640215661185,1769.5389932032995,988.6486797514416,408.8096869510114,116.93271488280523,711.2412697147188,485.40961665471394,4427.640215661185,1769.5389932032995,988.6486797514416,408.8096869510114,116.93271488280523,711.2412697147188
2026-02-17 17:00:00+00:00,959.87006,7535.57,4206.3,1011.06,1102.64,142.45,1052.12,576.0921016575908,5036.35248643898,2218.9216439152083,989.8253833552747,492.6319278022587,116.9934424926989,723.5563882119767,485.40961665471394,4427.640215661185,1769.5389932032995,988.6486797514416,408.8096869510114,116.93271488280523,711.2412697147188,485.40961665471394,4427.640215661185,1769.5389932032995,988.6486797514416,408.8096869510114,116.93271488280523,711.2412697147188
2026-02-17 18:00:00+00:00,960.24,7601.22,4189.07,1012.19,858.44,142.66,1047.41,585.8214398526322,4984.587371545751,2267.1181851343617,989.8253833552747,507.95814114643787,116.9934424926989,725.8548945963489,485.40961665471394,4427.640215661185,1769.5389932032995,988.6486797514416,408.8096869510114,116.93271488280523,711.2412697147188,485.40961665471394,4427.640215661185,1769.5389932032995,988.6486797514416,408.8096869510114,116.93271488280523,711.2412697147188
2026-02-17 19:00:00+00:00,961.49,7577.73,4143.46,1011.55,402.6,118.66,1044.91,583.1824571280491,4862.559150689835,2255.5564371288488,989.8253833552747,523.284354490617,116.9934424926989,725.6498814092251,485.40961665471394,4427.640215661185,1769.5389932032995,988.6486797514416,408.8096869510114,116.93271488280523,711.2412697147188,485.40961665471394,4427.640215661185,1769.5389932032995,988.6486797514416,408.8096869510114,116.93271488280523,711.2412697147188
2026-02-17 20:00:00+00:00,961.72,7518.97,3926.71,1007.17,55.709988,117.91,1040.14,579.803805678216,4781.6099266897945,2240.529620794103,989.8253833552747,538.6105678347961,116.9934424926989,724.9950260996441,485.40961665471394,4427.640215661185,1769.5389932032995,988.6486797514416,408.8096869510114,116.93271488280523,711.2412697147188,485.40961665471394,4427.640215661185,1769.5389932032995,988.6486797514416,408.8096869510114,116.93271488280523,711.2412697147188
2026-02-17 21:00:00+00:00,959.52,7372.54,3823.31,1000.44,106.23998,117.12,1039.07,575.7578228481124,4706.948152726933,2222.7666035486036,989.8253833552747,553.9367811789754,116.9934424926989,724.6712161520076,485.40961665471394,4427.640215661185,1769.5389932032995,988.6486797514416,408.8096869510114,116.93271488280523,711.2412697147188,485.40961665471394,4427.640215661185,1769.5389932032995,988.6486797514416,408.8096869510114,116.93271488280523,711.2412697147188
2026-02-17 22:00:00+00:00,959.58,7345.76,3730.28,1007.83,129.15,117.99,1041.31,573.9026618569827,4628.923336698652,2216.1567328026963,989.8253833552747,569.2629945231545,116.9934424926989,724.8476864179502,485.40961665471394,4427.640215661185,1769.5389932032995,988.6486797514416,408.8096869510114,116.93271488280523,711.2412697147188,485.40961665471394,4427.640215661185,1769.5389932032995,988.6486797514416,408.8096869510114,116.93271488280523,711.2412697147188
2026-02-17 23:00:00+00:00,966.65,7329.37,3839.12,1001.98,0.55999213,117.3,1037.63,574.1623534502822,4601.901695276056,2218.0869054142045,989.8253833552747,584.5892078673336,116.9934424926989,725.0850418782222,485.40961665471394,4427.640215661185,1769.5389932032995,988.6486797514416,408.8096869510114,116.93271488280523,711.2412697147188,485.40961665471394,4427.640215661185,1769.5389932032995,988.6486797514416,408.8096869510114,116.93271488280523,711.2412697147188
2026-02-18 00:00:00+00:00,1033.23,7330.07,3844.97,962.2,-5.431801e-06,112.65,1040.13,575.7156270143037,4599.396262188254,2169.4577045323567,989.8253833552747,232.08630095121316,116.9934424926989,725.2281560479962,485.40961665471394,4427.640215661185,1769.5389932032995,988.6486797514416,408.8096869510114,116.93271488280523,711.2412697147188,485.40961665471394,4427.640215661185,1769.5389932032995,988.6486797514416,408.8096869510114,116.93271488280523,711.2412697147188
2026-02-18 01:00:00+00:00,1036.59,6690.07,3836.79,969.86,-5.431801e-06,113.54,1041.1,578.694059066596,4625.752337152882,2184.602691366225,989.8253833552747,247.4125142953923,116.9934424926989,725.4329362146829,485.40961665471394,4427.640215661185,1769.5389932032995,988.6486797514416,408.8096869510114,116.93271488280523,711.2412697147188,485.40961665471394,4427.640215661185,1769.5389932032995,988.6486797514416,408.8096869510114,116.93271488280523,711.2412697147188
2026-02-18 02:00:00+00:00,1037.02,6497.18,3841.09,971.37,-5.431801e-06,113.72,1032.86,581.6178662104195,4684.883907195971,2200.215760374193,989.8253833552747,262.7387276395715,116.9934424926989,725.6904531296713,485.40961665471394,4427.640215661185,1769.5389932032995,988.6486797514416,408.8096869510114,116.93271488280523,711.2412697147188,485.40961665471394,4427.640215661185,1769.5389932032995,988.6486797514416,408.8096869510114,116.93271488280523,711.2412697147188
2026-02-18 03:00:00+00:00,1030.9,7150.85,3922.09,976.13,-5.431801e-06,114.29,1034.51,586.1754578546771,4788.021100732881,2225.0964008207393,989.8253833552747,278.0649409837506,116.9934424926989,725.9238820238519,485.40961665471394,4427.640215661185,1769.5389932032995,988.6486797514416,408.8096869510114,116.93271488280523,711.2412697147188,485.40961665471394,4427.640215661185,1769.5389932032995,988.6486797514416,408.8096869510114,116.93271488280523,711.2412697147188
2026-02-18 04:00:00+00:00,1029.49,7367.72,4100.96,987.5,-5.431801e-06,115.62,1027.86,593.8323994354738,4939.477322811903,2263.795540413588,989.8253833552747,293.39115432792977,116.9934424926989,726.5339182214593,485.40961665471394,4427.640215661185,1769.5389932032995,988.6486797514416,408.8096869510114,116.93271488280523,711.2412697147188,485.40961665471394,4427.640215661185,1769.5389932032995,988.6486797514416,408.8096869510114,116.93271488280523,711.2412697147188
2026-02-18 05:00:00+00:00,1028.08,7473.54,4326.13,995.23,807.67,128.61,1036.97,602.4990453384758,5165.197855403205,2309.122311899884,989.8253833552747,308.7173676721089,116.9934424926989,726.7082666674054,485.40961665471394,4427.640215661185,1769.5389932032995,988.6486797514416,408.8096869510114,116.93271488280523,711.2412697147188,485.40961665471394,4427.640215661185,1769.5389932032995,988.6486797514416,408.8096869510114,116.93271488280523,711.2412697147188
2026-02-18 06:00:00+00:00,1033.33,7450.36,4369.06,1013.93,1612.61,142.86,1041.81,609.16385048896,5329.402406583873,2344.229578284831,989.8253833552747,324.04358101628804,116.9934424926989,726.6390509803019,485.40961665471394,4427.640215661185,1769.5389932032995,988.6486797514416,408.8096869510114,116.93271488280523,711.2412697147188,485.40961665471394,4427.640215661185,1769.5389932032995,988.6486797514416,408.8096869510114,116.93271488280523,711.2412697147188
2026-02-18 07:00:00+00:00,1046.67,7513.83,4359.8594,1051.69,1592.0698,147.2,1038.16,612.9354250086237,5384.369392331077,2362.844523076554,989.8253833552747,339.3697943604672,116.9934424926989,727.1405400595636,485.40961665471394,4427.640215661185,1769.5389932032995,988.6486797514416,408.8096869510114,116.93271488280523,711.2412697147188,485.40961665471394,4427.640215661185,1769.5389932032995,988.6486797514416,408.8096869510114,116.93271488280523,711.2412697147188
2026-02-18 08:00:00+00:00,1046.45,7434.01,4215.34,1042.89,1332.6,143.7,1028.53,608.2138440870788,5328.295635661752,2343.4892923797834,989.8253833552747,354.6960077046464,116.9934424926989,726.8395820003404,485.40961665471394,4427.640215661185,1769.5389932032995,988.6486797514416,408.8096869510114,116.93271488280523,711.2412697147188,485.40961665471394,4427.640215661185,1769.5389932032995,988.6486797514416,408.8096869510114,116.93271488280523,711.2412697147188
2026-02-18 09:00:00+00:00,1055.54,7557.36,4272.32,1035.93,442.93,134.24,1024.64,602.0133018797912,5244.916143763354,2319.4327135843237,989.8253833552747,370.0222210488255,116.9934424926989,726.8774613510742,485.40961665471394,4427.640215661185,1769.5389932032995,988.6486797514416,408.8096869510114,116.93271488280523,711.2412697147188,485.40961665471394,4427.640215661185,1769.5389932032995,988.6486797514416,408.8096869510114,116.93271488280523,711.2412697147188
2026-02-18 10:00:00+00:00,1053.53,7483.76,4206.3296,1018.12,25.020014,119.19,1049.42,597.0173860059916,5153.976186792497,2295.8947491073677,989.8253833552747,385.34843439300465,116.9934424926989,726.6203004535193,485.40961665471394,4427.640215661185,1769.5389932032995,988.6486797514416,408.8096869510114,116.93271488280523,711.2412697147188,485.40961665471394,4427.640215661185,1769.5389932032995,988.6486797514416,408.8096869510114,116.93271488280523,711.2412697147188
2026-02-18 11:00:00+00:00,1043.91,7320.25,4179.76,1006.05,49.760006,117.78,1037.14,593.0931985062141,5086.328327542317,2273.7386947307214,989.8253833552747,400.6746477371838,116.9934424926989,726.1724140020003,485.40961665471394,4427.640215661185,1769.5389932032995,988.6486797514416,408.8096869510114,116.93271488280523,711.2412697147188,485.40961665471394,4427.640215661185,1769.5389932032995,988.6486797514416,408.8096869510114,116.93271488280523,711.2412697147188
2026-02-18 12:00:00+00:00,1036.43,7266.69,4145.42,1001.65,40.63,117.26,1036.03,586.2990476036159,4977.849636447474,2250.2164813676145,989.8253833552747,416.0008610813629,116.9934424926989,725.962490551746,485.40961665471394,4427.640215661185,1769.5389932032995,988.6486797514416,408.8096869510114,116.93271488280523,711.2412697147188,485.40961665471394,4427.640215661185,1769.5389932032995,988.6486797514416,408.8096869510114,116.93271488280523,711.2412697147188
2026-02-18 13:00:00+00:00,1039.11,7366.83,4149.11,1004.58,77.52996,117.6,1029.9,581.8523047254139,4957.998892925615,2236.782815697496,989.8253833552747,431.3270744255421,116.9934424926989,725.300635160166,485.40961665471394,4427.640215661185,1769.5389932032995,988.6486797514416,408.8096869510114,116.93271488280523,711.2412697147188,485.40961665471394,4427.640215661185,1769.5389932032995,988.6486797514416,408.8096869510114,116.93271488280523,711.2412697147188
2026-02-18 14:00:00+00:00,1046.01,7608.53,4220.3594,1002.4,143.26001,117.35,1028.86,583.4451970798491,5005.384633243115,2249.034260969752,989.8253833552747,446.65328776972126,116.9934424926989,725.1970168845613,485.40961665471394,4427.640215661185,1769.5389932032995,988.6486797514416,408.8096869510114,116.93271488280523,711.2412697147188,485.40961665471394,4427.640215661185,1769.5389932032995,988.6486797514416,408.8096869510114,116.93271488280523,711.2412697147188
2026-02-18 15:00:00+00:00,1030.34,7552.87,4312.0,1015.2,705.7,130.37,1041.56,588.8636646549993,5122.618828151313,2277.615463278173,989.8253833552747,461.9795011139004,116.9934424926989,725.785088920663,485.40961665471394,4427.640215661185,1769.5389932032995,988.6486797514416,408.8096869510114,116.93271488280523,711.2412697147188,485.40961665471394,4427.640215661185,1769.5389932032995,988.6486797514416,408.8096869510114,116.93271488280523,711.2412697147188
2026-02-18 16:00:00+00:00,1036.5,7553.85,4396.35,1015.51,983.89,142.97,1065.47,597.6283737869963,5199.970927438465,2321.8110527131817,989.8253833552747,477.30571445807954,116.9934424926989,727.3706249424232,485.40961665471394,4427.640215661185,1769.5389932032995,988.6486797514416,408.8096869510114,116.93271488280523,711.2412697147188,485.40961665471394,4427.640215661185,1769.5389932032995,988.6486797514416,408.8096869510114,116.93271488280523,711.2412697147188
2026-02-18 17:00:00+00:00,1042.04,7538.74,4420.38,1022.77,920.93,143.82,1129.11,604.193675555604,5179.579767364915,2355.348617213359,989.8253833552747,492.6319278022587,116.9934424926989,728.8153199312158,485.40961665471394,4427.640215661185,1769.5389932032995,988.6486797514416,408.8096869510114,116.93271488280523,711.2412697147188,485.40961665471394,4427.640215661185,1769.5389932032995,988.6486797514416,408.8096869510114,116.93271488280523,711.2412697147188
2026-02-18 18:00:00+00:00,1046.25,7526.63,4395.28,1019.08,410.08,131.74,1167.71,600.3717655664916,5088.669260012538,2340.551162779654,989.8253833552747,507.95814114643787,116.9934424926989,728.9222278117087,485.40961665471394,4427.640215661185,1769.5389932032995,988.6486797514416,408.8096869510114,116.93271488280523,711.2412697147188,485.40961665471394,4427.640215661185,1769.5389932032995,988.6486797514416,408.8096869510114,116.93271488280523,711.2412697147188
2026-02-18 19:00:00+00:00,1049.98,7422.9,4286.84,1017.63,168.45,119.13,1137.69,600.4808419236201,4940.607523529622,2342.2773655370383,989.8253833552747,523.284354490617,116.9934424926989,729.7040548946582,485.40961665471394,4427.640215661185,1769.5389932032995,988.6486797514416,408.8096869510114,116.93271488280523,711.2412697147188,485.40961665471394,4427.640215661185,1769.5389932032995,988.6486797514416,408.8096869510114,116.93271488280523,711.2412697147188
2026-02-18 20:00:00+00:00,1047.15,7153.82,4101.48,1011.32,124.63,118.41,1047.01,599.3483225175647,4798.336696081772,2339.118768164652,989.8253833552747,538.6105678347961,116.9934424926989,730.290627725809,485.40961665471394,4427.640215661185,1769.5389932032995,988.6486797514416,408.8096869510114,116.93271488280523,711.2412697147188,485.40961665471394,4427.640215661185,1769.5389932032995,988.6486797514416,408.8096869510114,116.93271488280523,711.2412697147188
2026-02-18 21:00:00+00:00,1049.4,7016.93,3966.11,1011.23,109.88998,118.39,1031.4,601.2859948959391,4718.06891163236,2348.934953118559,989.8253833552747,553.9367811789754,116.9934424926989,730.8742013761795,485.40961665471394,4427.640215661185,1769.5389932032995,988.6486797514416,408.8096869510114,116.93271488280523,711.2412697147188,485.40961665471394,4427.640215661185,1769.5389932032995,988.6486797514416,408.8096869510114,116.93271488280523,711.2412697147188
2026-02-18 22:00:00+00:00,963.24,7015.21,3895.55,1004.81,52.790005,117.64,1034.5,600.6176802458758,4596.577426147617,2348.0217890807994,989.8253833552747,569.2629945231545,116.9934424926989,731.4340300131666,485.40961665471394,4427.640215661185,1769.5389932032995,988.6486797514416,408.8096869510114,116.93271488280523,711.2412697147188,485.40961665471394,4427.640215661185,1769.5389932032995,988.6486797514416,408.8096869510114,116.93271488280523,711.2412697147188
2026-02-18 23:00:00+00:00,803.79,6950.64,3709.46,1026.05,55.13,120.13,1035.71,599.4114935786705,4492.94088545148,2344.1093725113615,989.8253833552747,584.5892078673336,116.9934424926989,731.8338171703693,485.40961665471394,4427.640215661185,1769.5389932032995,988.6486797514416,408.8096869510114,116.93271488280523,711.2412697147188,485.40961665471394,4427.640215661185,1769.5389932032995,988.6486797514416,408.8096869510114,116.93271488280523,711.2412697147188
2026-02-19 00:00:00+00:00,797.64,6956.5,3543.4,1025.72,30.11001,120.09,1030.97,605.6492081856813,4439.286352592274,2320.0941478343,989.8253833552747,232.08630095121316,116.9934424926989,733.4861130764851,485.40961665471394,4427.640215661185,1769.5389932032995,988.6486797514416,408.8096869510114,116.93271488280523,711.2412697147188,485.40961665471394,4427.640215661185,1769.5389932032995,988.6486797514416,408.8096869510114,116.93271488280523,711.2412697147188
2026-02-19 01:00:00+00:00,797.53,6466.76,3612.52,1002.0,0.099970154,117.32,1031.29,609.9114928477579,4397.788286927178,2341.3005042275195,989.8253833552747,247.4125142953923,116.9934424926989,734.0929080497249,485.40961665471394,4427.640215661185,1769.5389932032995,988.6486797514416,408.8096869510114,116.93271488280523,711.2412697147188,485.40961665471394,4427.640215661185,1769.5389932032995,988.6486797514416,408.8096869510114,116.93271488280523,711.2412697147188
2026-02-19 02:00:00+00:00,793.52,6342.07,3499.05,1004.51,0.12999944,117.6,1031.01,611.1581465462849,4371.082409244822,2348.6013343173486,989.8253833552747,262.7387276395715,116.9934424926989,734.0941525967744,485.40961665471394,4427.640215661185,1769.5389932032995,988.6486797514416,408.8096869510114,116.93271488280523,711.2412697147188,485.40961665471394,4427.640215661185,1769.5389932032995,988.6486797514416,408.8096869510114,116.93271488280523,711.2412697147188
2026-02-19 03:00:00+00:00,794.89,7051.01,3497.0303,1004.2,0.08999091,117.58,1032.55,614.2994163550976,4393.160434361805,2364.5511062811556,989.8253833552747,278.0649409837506,116.9934424926989,734.0373054711148,485.40961665471394,4427.640215661185,1769.5389932032995,988.6486797514416,408.8096869510114,116.93271488280523,711.2412697147188,485.40961665471394,4427.640215661185,1769.5389932032995,988.6486797514416,408.8096869510114,116.93271488280523,711.2412697147188
2026-02-19 04:00:00+00:00,793.09,7100.29,3585.27,988.92,1.3499701,115.78,1026.45,616.7143850719675,4456.5078323625785,2379.195868924921,989.8253833552747,293.39115432792977,116.9934424926989,733.6258376856862,485.40961665471394,4427.640215661185,1769.5389932032995,988.6486797514416,408.8096869510114,116.93271488280523,711.2412697147188,485.40961665471394,4427.640215661185,1769.5389932032995,988.6486797514416,408.8096869510114,116.93271488280523,711.2412697147188
2026-02-19 05:00:00+00:00,858.7,7095.42,3722.65,1010.42,34.800014,118.3,1019.84,621.5080133648721,4596.84414765394,2407.9103943128994,989.8253833552747,308.7173676721089,116.9934424926989,733.4548490596704,485.40961665471394,4427.640215661185,1769.5389932032995,988.6486797514416,408.8096869510114,116.93271488280523,711.2412697147188,485.40961665471394,4427.640215661185,1769.5389932032995,988.6486797514416,408.8096869510114,116.93271488280523,711.2412697147188
2026-02-19 06:00:00+00:00,1025.73,7240.15,3821.72,1017.69,42.020016,137.51,1029.0,632.2914519387668,4748.853674624684,2462.667392982834,989.8253833552747,324.04358101628804,116.9934424926989,734.1852580913937,485.40961665471394,4427.640215661185,1769.5389932032995,988.6486797514416,408.8096869510114,116.93271488280523,711.2412697147188,485.40961665471394,4427.640215661185,1769.5389932032995,988.6486797514416,408.8096869510114,116.93271488280523,711.2412697147188
2026-02-19 07:00:00+00:00,1027.79,7478.49,3893.29,1018.38,182.26999,143.3,1030.55,634.5934807387353,4775.671498189952,2477.2264985053916,989.8253833552747,339.3697943604672,116.9934424926989,734.4638549810278,485.40961665471394,4427.640215661185,1769.5389932032995,988.6486797514416,408.8096869510114,116.93271488280523,711.2412697147188,485.40961665471394,4427.640215661185,1769.5389932032995,988.6486797514416,408.8096869510114,116.93271488280523,711.2412697147188
2026-02-19 08:00:00+00:00,1052.18,7515.38,3932.22,1035.67,239.51,145.41,1023.97,626.2333556351651,4748.783607269886,2440.0769657208957,989.8253833552747,354.6960077046464,116.9934424926989,732.9309096925844,485.40961665471394,4427.640215661185,1769.5389932032995,988.6486797514416,408.8096869510114,116.93271488280523,711.2412697147188,485.40961665471394,4427.640215661185,1769.5389932032995,988.6486797514416,408.8096869510114,116.93271488280523,711.2412697147188
2026-02-19 09:00:00+00:00,1054.78,7429.41,3913.26,1020.19,123.709984,127.67,1029.85,616.758370158213,4724.421446830717,2397.4846846555033,989.8253833552747,370.0222210488255,116.9934424926989,731.4540860944767,485.40961665471394,4427.640215661185,1769.5389932032995,988.6486797514416,408.8096869510114,116.93271488280523,711.2412697147188,485.40961665471394,4427.640215661185,1769.5389932032995,988.6486797514416,408.8096869510114,116.93271488280523,711.2412697147188
2026-02-19 10:00:00+00:00,1048.58,7238.31,3903.48,1021.7,91.82,119.61,1035.21,607.2754258056699,4683.372308974924,2353.687208666305,989.8253833552747,385.34843439300465,116.9934424926989,729.3509868008512,485.40961665471394,4427.640215661185,1769.5389932032995,988.6486797514416,408.8096869510114,116.93271488280523,711.2412697147188,485.40961665471394,4427.640215661185,1769.5389932032995,988.6486797514416,408.8096869510114,116.93271488280523,711.2412697147188
2026-02-19 11:00:00+00:00,1052.42,6905.76,3868.6,1043.34,71.700005,122.14,1047.64,597.3872444130428,4617.700048213169,2307.588941393462,989.8253833552747,400.6746477371838,116.9934424926989,727.2823986774184,485.40961665471394,4427.640215661185,1769.5389932032995,988.6486797514416,408.8096869510114,116.93271488280523,711.2412697147188,485.40961665471394,4427.640215661185,1769.5389932032995,988.6486797514416,408.8096869510114,116.93271488280523,711.2412697147188
2026-02-19 12:00:00+00:00,1051.96,6924.52,3859.66,1093.16,58.240017,127.97,1041.43,590.4446700568964,4563.602714610438,2276.173528568572,989.8253833552747,416.0008610813629,116.9934424926989,725.9626485965471,485.40961665471394,4427.640215661185,1769.5389932032995,988.6486797514416,408.8096869510114,116.93271488280523,711.2412697147188,485.40961665471394,4427.640215661185,1769.5389932032995,988.6486797514416,408.8096869510114,116.93271488280523,711.2412697147188
2026-02-19 13:00:00+00:00,882.58,6861.95,3869.28,1106.53,50.340023,129.54,1031.79,584.9439567984679,4522.467857255273,2252.2293078559496,989.8253833552747,431.3270744255421,116.9934424926989,725.1402978606509,485.40961665471394,4427.640215661185,1769.5389932032995,988.6486797514416,408.8096869510114,116.93271488280523,711.2412697147188,485.40961665471394,4427.640215661185,1769.5389932032995,988.6486797514416,408.8096869510114,116.93271488280523,711.2412697147188
2026-02-19 14:00:00+00:00,792.16,7057.22,3894.28,1086.29,75.04,127.17,1033.1,585.1730623715536,4594.797808276599,2255.209624818355,989.8253833552747,446.65328776972126,116.9934424926989,724.9352687156597,485.40961665471394,4427.640215661185,1769.5389932032995,988.6486797514416,408.8096869510114,116.93271488280523,711.2412697147188,485.40961665471394,4427.640215661185,1769.5389932032995,988.6486797514416,408.8096869510114,116.93271488280523,711.2412697147188
2026-02-19 15:00:00+00:00,999.58,7341.75,3954.55,1071.05,117.189995,137.29,1024.08,589.4117562718817,4709.951382775842,2277.713487366818,989.8253833552747,461.9795011139004,116.9934424926989,725.4761983814668,485.40961665471394,4427.640215661185,1769.5389932032995,988.6486797514416,408.8096869510114,116.93271488280523,711.2412697147188,485.40961665471394,4427.640215661185,1769.5389932032995,988.6486797514416,408.8096869510114,116.93271488280523,711.2412697147188
2026-02-19 16:00:00+00:00,1046.67,7573.58,4054.32,1028.6,463.53,144.5,1047.68,599.8141979764089,4799.174780721131,2330.179844985522,989.8253833552747,477.30571445807954,116.9934424926989,727.0910621999014,485.40961665471394,4427.640215661185,1769.5389932032995,988.6486797514416,408.8096869510114,116.93271488280523,711.2412697147188,485.40961665471394,4427.640215661185,1769.5389932032995,988.6486797514416,408.8096869510114,116.93271488280523,711.2412697147188
2026-02-19 17:00:00+00:00,1047.42,7565.98,4055.66,1035.64,763.13,145.48,1056.09,610.8448616917178,4820.573435344868,2385.1211814833796,989.8253833552747,492.6319278022587,116.9934424926989,729.1581829044596,485.40961665471394,4427.640215661185,1769.5389932032995,988.6486797514416,408.8096869510114,116.93271488280523,711.2412697147188,485.40961665471394,4427.640215661185,1769.5389932032995,988.6486797514416,408.8096869510114,116.93271488280523,711.2412697147188
2026-02-19 18:00:00+00:00,1048.45,7473.13,4075.65,1037.47,677.26,145.7,1053.6,615.1499015403512,4772.3016032896285,2407.5671813103695,989.8253833552747,507.95814114643787,116.9934424926989,730.1607715334529,485.40961665471394,4427.640215661185,1769.5389932032995,988.6486797514416,408.8096869510114,116.93271488280523,711.2412697147188,485.40961665471394,4427.640215661185,1769.5389932032995,988.6486797514416,408.8096869510114,116.93271488280523,711.2412697147188
2026-02-19 19:00:00+00:00,1042.86,7246.41,4011.88,1019.12,163.2,143.47,1040.63,615.3342353483915,4709.602892174167,2409.922836931343,989.8253833552747,523.284354490617,116.9934424926989,730.7160244172971,485.40961665471394,4427.640215661185,1769.5389932032995,988.6486797514416,408.8096869510114,116.93271488280523,711.2412697147188,485.40961665471394,4427.640215661185,1769.5389932032995,988.6486797514416,408.8096869510114,116.93271488280523,711.2412697147188
2026-02-19 20:00:00+00:00,1018.67,7170.61,3983.15,1021.62,0.20998602,132.0,1043.65,613.764312840002,4636.408889610013,2404.758586860853,989.8253833552747,538.6105678347961,116.9934424926989,731.217224242353,485.40961665471394,4427.640215661185,1769.5389932032995,988.6486797514416,408.8096869510114,116.93271488280523,711.2412697147188,485.40961665471394,4427.640215661185,1769.5389932032995,988.6486797514416,408.8096869510114,116.93271488280523,711.2412697147188
2026-02-19 21:00:00+00:00,986.31,7000.98,3875.33,999.0,0.17000799,116.95,1042.64,615.0610574304991,4605.265955076762,2412.496007043458,989.8253833552747,553.9367811789754,116.9934424926989,731.9243129344454,485.40961665471394,4427.640215661185,1769.5389932032995,988.6486797514416,408.8096869510114,116.93271488280523,711.2412697147188,485.40961665471394,4427.640215661185,1769.5389932032995,988.6486797514416,408.8096869510114,116.93271488280523,711.2412697147188
2026-02-19 22:00:00+00:00,863.14,7034.96,3827.99,991.93,0.14998846,116.13,1037.95,616.4570195028973,4555.742736376118,2419.544814098198,989.8253833552747,569.2629945231545,116.9934424926989,732.6088756380278,485.40961665471394,4427.640215661185,1769.5389932032995,988.6486797514416,408.8096869510114,116.93271488280523,711.2412697147188,485.40961665471394,4427.640215661185,1769.5389932032995,988.6486797514416,408.8096869510114,116.93271488280523,711.2412697147188
2026-02-19 23:00:00+00:00,732.97,6973.14,3654.97,995.27,0.14000921,116.51,1019.06,618.0061824927096,4494.643379852933,2427.0974772597738,989.8253833552747,584.5892078673336,116.9934424926989,733.1338131251031,485.40961665471394,4427.640215661185,1769.5389932032995,988.6486797514416,408.8096869510114,116.93271488280523,711.2412697147188,485.40961665471394,4427.640215661185,1769.5389932032995,988.6486797514416,408.8096869510114,116.93271488280523,711.2412697147188
2026-02-20 00:00:00+00:00,729.07,6951.44,3626.63,1000.16,9.459986,117.09,1018.16,621.2589190469448,4501.990462849488,2387.4941121824086,989.8253833552747,232.08630095121316,116.9934424926989,733.849133775362,485.40961665471394,4427.640215661185,1769.5389932032995,988.6486797514416,408.8096869510114,116.93271488280523,711.2412697147188,485.40961665471394,4427.640215661185,1769.5389932032995,988.6486797514416,408.8096869510114,116.93271488280523,711.2412697147188
2026-02-20 01:00:00+00:00,730.41,6895.59,3652.94,991.08,0.029993348,116.02,1014.35,627.3613418916592,4520.939483131905,2418.4758372472334,989.8253833552747,247.4125142953923,116.9934424926989,735.0455282259048,485.40961665471394,4427.640215661185,1769.5389932032995,988.6486797514416,408.8096869510114,116.93271488280523,711.2412697147188,485.40961665471394,4427.640215661185,1769.5389932032995,988.6486797514416,408.8096869510114,116.93271488280523,711.2412697147188
2026-02-20 02:00:00+00:00,729.39,6768.44,3679.84,992.78,-5.431801e-06,116.22,1006.88,630.9410892505377,4548.842655156004,2438.0543692895117,989.8253833552747,262.7387276395715,116.9934424926989,735.6907405320127,485.40961665471394,4427.640215661185,1769.5389932032995,988.6486797514416,408.8096869510114,116.93271488280523,711.2412697147188,485.40961665471394,4427.640215661185,1769.5389932032995,988.6486797514416,408.8096869510114,116.93271488280523,711.2412697147188
2026-02-20 03:00:00+00:00,751.3,6801.22,3806.71,1000.49,0.04003363,117.13,1001.35,634.1848276625875,4575.473697647684,2457.3090122048857,989.8253833552747,278.0649409837506,116.9934424926989,736.2014046300188,485.40961665471394,4427.640215661185,1769.5389932032995,988.6486797514416,408.8096869510114,116.93271488280523,711.2412697147188,485.40961665471394,4427.640215661185,1769.5389932032995,988.6486797514416,408.8096869510114,116.93271488280523,711.2412697147188
2026-02-20 04:00:00+00:00,909.32,6994.59,4065.85,1001.97,-5.431801e-06,117.3,1001.02,639.192455370732,4646.559039666427,2484.695232539876,989.8253833552747,293.39115432792977,116.9934424926989,736.6512983701076,485.40961665471394,4427.640215661185,1769.5389932032995,988.6486797514416,408.8096869510114,116.93271488280523,711.2412697147188,485.40961665471394,4427.640215661185,1769.5389932032995,988.6486797514416,408.8096869510114,116.93271488280523,711.2412697147188
2026-02-20 05:00:00+00:00,990.74,7062.33,4163.2695,1007.63,238.0,136.0,998.19,648.5661278050288,4792.589537981489,2532.7617104426317,989.8253833552747,308.7173676721089,116.9934424926989,737.0925172860502,485.40961665471394,4427.640215661185,1769.5389932032995,988.6486797514416,408.8096869510114,116.93271488280523,711.2412697147188,485.40961665471394,4427.640215661185,1769.5389932032995,988.6486797514416,408.8096869510114,116.93271488280523,711.2412697147188
2026-02-20 06:00:00+00:00,987.0301,6961.14,4165.67,1005.57,1322.62,141.72,1011.01,652.4921738248745,4909.781135089198,2556.6315039358005,989.8253833552747,324.04358101628804,116.9934424926989,737.3303705049235,485.40961665471394,4427.640215661185,1769.5389932032995,988.6486797514416,408.8096869510114,116.93271488280523,711.2412697147188,485.40961665471394,4427.640215661185,1769.5389932032995,988.6486797514416,408.8096869510114,116.93271488280523,711.2412697147188
2026-02-20 07:00:00+00:00,979.88,6945.36,4194.31,1018.21,1391.13,143.36,1015.27,651.6827171809082,4876.1978535721655,2555.3302474041056,989.8253833552747,339.3697943604672,116.9934424926989,737.0032990147145,485.40961665471394,4427.640215661185,1769.5389932032995,988.6486797514416,408.8096869510114,116.93271488280523,711.2412697147188,485.40961665471394,4427.640215661185,1769.5389932032995,988.6486797514416,408.8096869510114,116.93271488280523,711.2412697147188
2026-02-20 08:00:00+00:00,959.2101,6886.32,4133.96,1027.65,683.26,144.47,1005.05,638.3582328265147,4722.764277020322,2493.347516974869,989.8253833552747,354.6960077046464,116.9934424926989,734.4423409530859,485.40961665471394,4427.640215661185,1769.5389932032995,988.6486797514416,408.8096869510114,116.93271488280523,711.2412697147188,485.40961665471394,4427.640215661185,1769.5389932032995,988.6486797514416,408.8096869510114,116.93271488280523,711.2412697147188
2026-02-20 09:00:00+00:00,956.33,6707.24,3715.48,1033.11,172.89,127.14,988.85,624.542284814276,4599.617660411139,2427.7683672322164,989.8253833552747,370.0222210488255,116.9934424926989,731.4806367545744,485.40961665471394,4427.640215661185,1769.5389932032995,988.6486797514416,408.8096869510114,116.93271488280523,711.2412697147188,485.40961665471394,4427.640215661185,1769.5389932032995,988.6486797514416,408.8096869510114,116.93271488280523,711.2412697147188
2026-02-20 10:00:00+00:00,962.1401,6620.91,3535.66,1021.26,216.18,119.55,972.19,612.5094466029387,4495.794028650471,2370.5386819589066,989.8253833552747,385.34843439300465,116.9934424926989,728.7504723256014,485.40961665471394,4427.640215661185,1769.5389932032995,988.6486797514416,408.8096869510114,116.93271488280523,711.2412697147188,485.40961665471394,4427.640215661185,1769.5389932032995,988.6486797514416,408.8096869510114,116.93271488280523,711.2412697147188
2026-02-20 11:00:00+00:00,979.19,6392.76,3628.31,1030.94,1.0400031,120.69,974.9,601.4241834309302,4426.856995245392,2318.9030585645237,989.8253833552747,400.6746477371838,116.9934424926989,726.2992308475418,485.40961665471394,4427.640215661185,1769.5389932032995,988.6486797514416,408.8096869510114,116.93271488280523,711.2412697147188,485.40961665471394,4427.640215661185,1769.5389932032995,988.6486797514416,408.8096869510114,116.93271488280523,711.2412697147188
2026-02-20 12:00:00+00:00,951.98004,6359.09,3618.79,1020.6,0.35000068,119.48,980.03,593.3148636973402,4436.217051247866,2280.983286046317,989.8253833552747,416.0008610813629,116.9934424926989,724.5750213847545,485.40961665471394,4427.640215661185,1769.5389932032995,988.6486797514416,408.8096869510114,116.93271488280523,711.2412697147188,485.40961665471394,4427.640215661185,1769.5389932032995,988.6486797514416,408.8096869510114,116.93271488280523,711.2412697147188
2026-02-20 13:00:00+00:00,956.61,6367.19,3592.45,1009.37,0.36001045,118.16,981.96,584.4397912603742,4485.545143389341,2240.752256775299,989.8253833552747,431.3270744255421,116.9934424926989,722.6752301893755,485.40961665471394,4427.640215661185,1769.5389932032995,988.6486797514416,408.8096869510114,116.93271488280523,711.2412697147188,485.40961665471394,4427.640215661185,1769.5389932032995,988.6486797514416,408.8096869510114,116.93271488280523,711.2412697147188
2026-02-20 14:00:00+00:00,802.25,6029.64,3659.06,1046.21,0.37999946,134.49,952.73,580.7971343431149,4572.448682032427,2227.697167530245,989.8253833552747,446.65328776972126,116.9934424926989,721.9777468359878,485.40961665471394,4427.640215661185,1769.5389932032995,988.6486797514416,408.8096869510114,116.93271488280523,711.2412697147188,485.40961665471394,4427.640215661185,1769.5389932032995,988.6486797514416,408.8096869510114,116.93271488280523,711.2412697147188
2026-02-20 15:00:00+00:00,803.04,6164.92,3789.97,915.01,10.179987,131.04,962.84,582.244464626376,4692.931859079062,2239.223595610052,989.8253833552747,461.9795011139004,116.9934424926989,722.1281620779048,485.40961665471394,4427.640215661185,1769.5389932032995,988.6486797514416,408.8096869510114,116.93271488280523,711.2412697147188,485.40961665471394,4427.640215661185,1769.5389932032995,988.6486797514416,408.8096869510114,116.93271488280523,711.2412697147188
2026-02-20 16:00:00+00:00,809.12,6319.62,3931.25,921.46,75.409996,131.96,981.09,588.139844223517,4751.269893604686,2272.3347843681368,989.8253833552747,477.30571445807954,116.9934424926989,723.5413157808866,485.40961665471394,4427.640215661185,1769.5389932032995,988.6486797514416,408.8096869510114,116.93271488280523,711.2412697147188,485.40961665471394,4427.640215661185,1769.5389932032995,988.6486797514416,408.8096869510114,116.93271488280523,711.2412697147188
2026-02-20 17:00:00+00:00,794.83,5978.12,3684.01,936.08,0.4700263,133.67,964.84,593.2962888605778,4666.880796365176,2300.312233778285,989.8253833552747,492.6319278022587,116.9934424926989,725.0974267435915,485.40961665471394,4427.640215661185,1769.5389932032995,988.6486797514416,408.8096869510114,116.93271488280523,711.2412697147188,485.40961665471394,4427.640215661185,1769.5389932032995,988.6486797514416,408.8096869510114,116.93271488280523,711.2412697147188
2026-02-20 18:00:00+00:00,665.65,6291.45,3604.4,926.82,0.42998725,132.5,970.38,589.1851123548852,4515.592278552018,2283.7173014335885,989.8253833552747,507.95814114643787,116.9934424926989,725.3182775151253,485.40961665471394,4427.640215661185,1769.5389932032995,988.6486797514416,408.8096869510114,116.93271488280523,711.2412697147188,485.40961665471394,4427.640215661185,1769.5389932032995,988.6486797514416,408.8096869510114,116.93271488280523,711.2412697147188
2026-02-20 19:00:00+00:00,445.26,5942.96,3326.08,919.88,0.5200141,120.07,947.52,579.6862284636895,4325.546577697642,2242.007512397692,989.8253833552747,523.284354490617,116.9934424926989,724.5842195301125,485.40961665471394,4427.640215661185,1769.5389932032995,988.6486797514416,408.8096869510114,116.93271488280523,711.2412697147188,485.40961665471394,4427.640215661185,1769.5389932032995,988.6486797514416,408.8096869510114,116.93271488280523,711.2412697147188
2026-02-20 20:00:00+00:00,441.44,4866.74,3131.24,909.43,29.010004,106.46,944.29,571.305403624832,4154.968920766907,2204.593365518164,989.8253833552747,538.6105678347961,116.9934424926989,724.197311294055,485.40961665471394,4427.640215661185,1769.5389932032995,988.6486797514416,408.8096869510114,116.93271488280523,711.2412697147188,485.40961665471394,4427.640215661185,1769.5389932032995,988.6486797514416,408.8096869510114,116.93271488280523,711.2412697147188
2026-02-20 21:00:00+00:00,442.44,3649.26,2793.39,902.85,0.67998725,105.69,944.46,565.5893187385105,4078.422852065514,2178.054291965405,989.8253833552747,553.9367811789754,116.9934424926989,723.4757969915603,485.40961665471394,4427.640215661185,1769.5389932032995,988.6486797514416,408.8096869510114,116.93271488280523,711.2412697147188,485.40961665471394,4427.640215661185,1769.5389932032995,988.6486797514416,408.8096869510114,116.93271488280523,711.2412697147188
2026-02-20 22:00:00+00:00,438.96,2404.31,2442.02,895.88,-5.431801e-06,104.88,931.72,559.8846242858478,3980.995003648429,2151.352503939131,989.8253833552747,569.2629945231545,116.9934424926989,722.8787017089453,485.40961665471394,4427.640215661185,1769.5389932032995,988.6486797514416,408.8096869510114,116.93271488280523,711.2412697147188,485.40961665471394,4427.640215661185,1769.5389932032995,988.6486797514416,408.8096869510114,116.93271488280523,711.2412697147188
2026-02-20 23:00:00+00:00,430.57,2124.3,2097.31,901.01,-5.431801e-06,105.48,907.84,552.8199786674156,3893.7491159519013,2119.267483961287,989.8253833552747,584.5892078673336,116.9934424926989,722.2904627581767,485.40961665471394,4427.640215661185,1769.5389932032995,988.6486797514416,408.8096869510114,116.93271488280523,711.2412697147188,485.40961665471394,4427.640215661185,1769.5389932032995,988.6486797514416,408.8096869510114,116.93271488280523,711.2412697147188
2026-02-21 00:00:00+00:00,423.36,1557.43,1958.41,898.01,-5.431801e-06,105.13,888.61,554.1476371167381,3855.361647509798,2078.851515912848,988.822642118743,231.59983392586966,116.93416429568956,728.0510942355493,485.40961665471394,4427.640215661185,1769.5389932032995,988.6486797514416,408.8096869510114,116.93271488280523,711.2412697147188,485.40961665471394,4427.640215661185,1769.5389932032995,988.6486797514416,408.8096869510114,116.93271488280523,711.2412697147188
2026-02-21 01:00:00+00:00,420.83,1558.7701,1954.06,901.18,-5.431801e-06,105.5,888.01,549.406926969236,3810.9631722614695,2057.0617582613827,988.822642118743,246.82725188074022,116.93416429568956,727.3002872267904,485.40961665471394,4427.640215661185,1769.5389932032995,988.6486797514416,408.8096869510114,116.93271488280523,711.2412697147188,485.40961665471394,4427.640215661185,1769.5389932032995,988.6486797514416,408.8096869510114,116.93271488280523,711.2412697147188
2026-02-21 02:00:00+00:00,416.78,1554.9501,1933.89,891.72,-5.431801e-06,104.39,880.12,545.791823508916,3790.3899856443013,2043.1079489631295,988.822642118743,262.05466983561075,116.93416429568956,726.6275609160293,485.40961665471394,4427.640215661185,1769.5389932032995,988.6486797514416,408.8096869510114,116.93271488280523,711.2412697147188,485.40961665471394,4427.640215661185,1769.5389932032995,988.6486797514416,408.8096869510114,116.93271488280523,711.2412697147188
2026-02-21 03:00:00+00:00,413.08,1592.7001,1932.11,893.79,-5.431801e-06,104.63,879.83,542.0553094217526,3777.7179666122806,2026.203266230542,988.822642118743,277.28208779048134,116.93416429568956,725.4130372395264,485.40961665471394,4427.640215661185,1769.5389932032995,988.6486797514416,408.8096869510114,116.93271488280523,711.2412697147188,485.40961665471394,4427.640215661185,1769.5389932032995,988.6486797514416,408.8096869510114,116.93271488280523,711.2412697147188
2026-02-21 04:00:00+00:00,410.62,1627.12,1941.93,890.69,-5.431801e-06,104.27,885.96,542.4117047578701,3791.4728851007476,2027.096596634502,988.822642118743,292.50950574535193,116.93416429568956,724.6983946975192,485.40961665471394,4427.640215661185,1769.5389932032995,988.6486797514416,408.8096869510114,116.93271488280523,711.2412697147188,485.40961665471394,4427.640215661185,1769.5389932032995,988.6486797514416,408.8096869510114,116.93271488280523,711.2412697147188
2026-02-21 05:00:00+00:00,414.29,1715.0001,2004.14,889.48,-5.431801e-06,104.13,891.7,541.2028067487947,3786.0355371605942,2024.7665716846145,988.822642118743,307.7369237002225,116.93416429568956,723.8979857750327,485.40961665471394,4427.640215661185,1769.5389932032995,988.6486797514416,408.8096869510114,116.93271488280523,711.2412697147188,485.40961665471394,4427.640215661185,1769.5389932032995,988.6486797514416,408.8096869510114,116.93271488280523,711.2412697147188
2026-02-21 06:00:00+00:00,412.15,1733.38,1972.75,897.09,71.46999,105.02,896.6,539.9422043846939,3840.7227608390185,2019.145723171851,988.822642118743,322.96434165509305,116.93416429568956,722.7007628067405,485.40961665471394,4427.640215661185,1769.5389932032995,988.6486797514416,408.8096869510114,116.93271488280523,711.2412697147188,485.40961665471394,4427.640215661185,1769.5389932032995,988.6486797514416,408.8096869510114,116.93271488280523,711.2412697147188
2026-02-21 07:00:00+00:00,412.21,1720.7401,2040.71,906.9,67.24999,118.0,901.39,541.0542143013465,3885.254605541576,2022.8073460554535,988.822642118743,338.19175960996364,116.93416429568956,721.8436566542966,485.40961665471394,4427.640215661185,1769.5389932032995,988.6486797514416,408.8096869510114,116.93271488280523,711.2412697147188,485.40961665471394,4427.640215661185,1769.5389932032995,988.6486797514416,408.8096869510114,116.93271488280523,711.2412697147188
2026-02-21 08:00:00+00:00,410.33,1709.66,2135.38,908.19,279.17,130.56,900.08,536.7198414320419,3868.0034308907134,2005.2317825054333,988.822642118743,353.4191775648342,116.93416429568956,720.6421224266941,485.40961665471394,4427.640215661185,1769.5389932032995,988.6486797514416,408.8096869510114,116.93271488280523,711.2412697147188,485.40961665471394,4427.640215661185,1769.5389932032995,988.6486797514416,408.8096869510114,116.93271488280523,711.2412697147188
2026-02-21 09:00:00+00:00,411.96,1707.3002,2130.8,905.92,161.12,118.48,899.46,528.1240170324943,3882.6878537629036,1965.5007832130184,988.822642118743,368.64659551970476,116.93416429568956,718.1406674037478,485.40961665471394,4427.640215661185,1769.5389932032995,988.6486797514416,408.8096869510114,116.93271488280523,711.2412697147188,485.40961665471394,4427.640215661185,1769.5389932032995,988.6486797514416,408.8096869510114,116.93271488280523,711.2412697147188
2026-02-21 10:00:00+00:00,411.94,1859.89,2285.38,904.28,19.779993,105.86,903.86,519.0200783327192,3923.430727570692,1922.7369355064252,988.822642118743,383.87401347457535,116.93416429568956,715.5297361803412,485.40961665471394,4427.640215661185,1769.5389932032995,988.6486797514416,408.8096869510114,116.93271488280523,711.2412697147188,485.40961665471394,4427.640215661185,1769.5389932032995,988.6486797514416,408.8096869510114,116.93271488280523,711.2412697147188
2026-02-21 11:00:00+00:00,412.59,1998.5302,2634.31,902.14,24.459955,105.61,937.1,512.0700425591426,3915.694609021506,1894.7134100871815,988.822642118743,399.1014314294459,116.93416429568956,714.1071549327826,485.40961665471394,4427.640215661185,1769.5389932032995,988.6486797514416,408.8096869510114,116.93271488280523,711.2412697147188,485.40961665471394,4427.640215661185,1769.5389932032995,988.6486797514416,408.8096869510114,116.93271488280523,711.2412697147188
2026-02-21 12:00:00+00:00,416.97,2113.05,2641.53,899.46,0.14998846,105.3,938.04,510.233278197343,3932.1642724602643,1887.385750017058,988.822642118743,414.32884938431647,116.93416429568956,713.6417473044783,485.40961665471394,4427.640215661185,1769.5389932032995,988.6486797514416,408.8096869510114,116.93271488280523,711.2412697147188,485.40961665471394,4427.640215661185,1769.5389932032995,988.6486797514416,408.8096869510114,116.93271488280523,711.2412697147188
2026-02-21 13:00:00+00:00,415.14,2524.98,2860.03,901.6,36.41,105.54,987.58,507.19559428972906,3989.7611047368973,1875.3479487761485,988.822642118743,429.556267339187,116.93416429568956,712.8725694801017,485.40961665471394,4427.640215661185,1769.5389932032995,988.6486797514416,408.8096869510114,116.93271488280523,711.2412697147188,485.40961665471394,4427.640215661185,1769.5389932032995,988.6486797514416,408.8096869510114,116.93271488280523,711.2412697147188
2026-02-21 14:00:00+00:00,415.18,2786.69,3161.3,906.07,506.88,106.07,1019.32,506.8315059748292,4090.819276208766,1875.7770626882561,988.822642118743,444.7836852940576,116.93416429568956,712.5973018366279,485.40961665471394,4427.640215661185,1769.5389932032995,988.6486797514416,408.8096869510114,116.93271488280523,711.2412697147188,485.40961665471394,4427.640215661185,1769.5389932032995,988.6486797514416,408.8096869510114,116.93271488280523,711.2412697147188
2026-02-21 15:00:00+00:00,415.01,2995.37,3366.6902,915.09,1247.14,118.97,1026.77,512.0042214777982,4227.156883829438,1902.759911897062,988.822642118743,460.0111032489282,116.93416429568956,713.2399788550599,485.40961665471394,4427.640215661185,1769.5389932032995,988.6486797514416,408.8096869510114,116.93271488280523,711.2412697147188,485.40961665471394,4427.640215661185,1769.5389932032995,988.6486797514416,408.8096869510114,116.93271488280523,711.2412697147188
2026-02-21 16:00:00+00:00,415.04,3011.61,3274.85,940.65,1566.26,134.44,1013.66,522.1137944730167,4355.368757495857,1953.8514203906122,988.822642118743,475.2385212037987,116.93416429568956,715.2128561034654,485.40961665471394,4427.640215661185,1769.5389932032995,988.6486797514416,408.8096869510114,116.93271488280523,711.2412697147188,485.40961665471394,4427.640215661185,1769.5389932032995,988.6486797514416,408.8096869510114,116.93271488280523,711.2412697147188
2026-02-21 17:00:00+00:00,413.67,3012.29,3226.39,919.47,1609.03,131.72,1024.51,530.343659889658,4378.601588320035,1996.3505260287586,988.822642118743,490.46593915866924,116.93416429568956,717.2838079970363,485.40961665471394,4427.640215661185,1769.5389932032995,988.6486797514416,408.8096869510114,116.93271488280523,711.2412697147188,485.40961665471394,4427.640215661185,1769.5389932032995,988.6486797514416,408.8096869510114,116.93271488280523,711.2412697147188
2026-02-21 18:00:00+00:00,417.84,3017.88,3204.54,918.55,1544.85,131.7,1018.77,536.0908575890076,4330.339079353614,2027.174823194513,988.822642118743,505.69335711353983,116.93416429568956,719.2996411957184,485.40961665471394,4427.640215661185,1769.5389932032995,988.6486797514416,408.8096869510114,116.93271488280523,711.2412697147188,485.40961665471394,4427.640215661185,1769.5389932032995,988.6486797514416,408.8096869510114,116.93271488280523,711.2412697147188
2026-02-21 19:00:00+00:00,415.29,2975.66,3261.55,916.85,1464.11,131.5,1018.88,534.6439642070945,4230.802370722159,2021.9825173815848,988.822642118743,520.9207750684104,116.93416429568956,719.956240280836,485.40961665471394,4427.640215661185,1769.5389932032995,988.6486797514416,408.8096869510114,116.93271488280523,711.2412697147188,485.40961665471394,4427.640215661185,1769.5389932032995,988.6486797514416,408.8096869510114,116.93271488280523,711.2412697147188
2026-02-21 20:00:00+00:00,403.98,2922.43,3200.14,901.7,1227.66,118.0,1004.91,534.5352758811214,4168.295204720233,2025.781415259982,988.822642118743,536.148193023281,116.93416429568956,720.7031240038897,485.40961665471394,4427.640215661185,1769.5389932032995,988.6486797514416,408.8096869510114,116.93271488280523,711.2412697147188,485.40961665471394,4427.640215661185,1769.5389932032995,988.6486797514416,408.8096869510114,116.93271488280523,711.2412697147188
2026-02-21 21:00:00+00:00,405.61,2796.41,3048.3,905.61,951.82,106.02,993.21,534.4303946571825,4140.75563080215,2028.3300494234732,988.822642118743,551.3756109781515,116.93416429568956,721.2647604781456,485.40961665471394,4427.640215661185,1769.5389932032995,988.6486797514416,408.8096869510114,116.93271488280523,711.2412697147188,485.40961665471394,4427.640215661185,1769.5389932032995,988.6486797514416,408.8096869510114,116.93271488280523,711.2412697147188
2026-02-21 22:00:00+00:00,406.02,2272.26,2985.23,899.11,357.56,105.27,997.63,528.2964295749725,4074.1896975813224,2002.6575919368724,988.822642118743,566.6030289330221,116.93416429568956,720.7940037330903,485.40961665471394,4427.640215661185,1769.5389932032995,988.6486797514416,408.8096869510114,116.93271488280523,711.2412697147188,485.40961665471394,4427.640215661185,1769.5389932032995,988.6486797514416,408.8096869510114,116.93271488280523,711.2412697147188
2026-02-21 23:00:00+00:00,405.01,1749.9401,2713.25,892.99,45.860012,128.69,661.2,523.6515631960266,4001.541719425396,1984.799593848403,988.822642118743,581.8304468878927,116.93416429568956,720.3743283912603,485.40961665471394,4427.640215661185,1769.5389932032995,988.6486797514416,408.8096869510114,116.93271488280523,711.2412697147188,485.40961665471394,4427.640215661185,1769.5389932032995,988.6486797514416,408.8096869510114,116.93271488280523,711.2412697147188
2026-02-22 00:00:00+00:00,405.9,1663.3102,2236.3,886.66,111.189995,127.96,630.4,511.00400473392966,3969.9015604319666,1862.9248448403341,988.822642118743,231.59983392586966,116.93416429568956,717.8706860809713,485.40961665471394,4427.640215661185,1769.5389932032995,988.6486797514416,408.8096869510114,116.93271488280523,711.2412697147188,485.40961665471394,4427.640215661185,1769.5389932032995,988.6486797514416,408.8096869510114,116.93271488280523,711.2412697147188
2026-02-22 01:00:00+00:00,408.15,1658.0201,2052.04,889.58,89.74999,104.51,617.26,506.55731299049455,3977.3931681209187,1844.8137506813819,988.822642118743,246.82725188074022,116.93416429568956,717.3624548933327,485.40961665471394,4427.640215661185,1769.5389932032995,988.6486797514416,408.8096869510114,116.93271488280523,711.2412697147188,485.40961665471394,4427.640215661185,1769.5389932032995,988.6486797514416,408.8096869510114,116.93271488280523,711.2412697147188
2026-02-22 02:00:00+00:00,400.63,1608.5001,1919.86,887.27,35.510006,103.88,611.36,507.97556732779,3989.0783923248864,1854.5647903456756,988.822642118743,262.05466983561075,116.93416429568956,717.8879309729292,485.40961665471394,4427.640215661185,1769.5389932032995,988.6486797514416,408.8096869510114,116.93271488280523,711.2412697147188,485.40961665471394,4427.640215661185,1769.5389932032995,988.6486797514416,408.8096869510114,116.93271488280523,711.2412697147188
2026-02-22 03:00:00+00:00,398.03,1611.7701,1836.46,893.46,-5.431801e-06,104.59,600.97,508.9797007400362,3981.6954416429353,1862.9150654568982,988.822642118743,277.28208779048134,116.93416429568956,718.2130160072313,485.40961665471394,4427.640215661185,1769.5389932032995,988.6486797514416,408.8096869510114,116.93271488280523,711.2412697147188,485.40961665471394,4427.640215661185,1769.5389932032995,988.6486797514416,408.8096869510114,116.93271488280523,711.2412697147188
2026-02-22 04:00:00+00:00,405.13,1618.09,1838.65,895.55,-5.431801e-06,104.84,607.2,511.0637747022983,3984.4469400925254,1874.56691285031,988.822642118743,292.50950574535193,116.93416429568956,718.523762204993,485.40961665471394,4427.640215661185,1769.5389932032995,988.6486797514416,408.8096869510114,116.93271488280523,711.2412697147188,485.40961665471394,4427.640215661185,1769.5389932032995,988.6486797514416,408.8096869510114,116.93271488280523,711.2412697147188
2026-02-22 05:00:00+00:00,410.33,1621.0602,1769.96,886.27,-5.431801e-06,103.75,597.86,505.90948842774026,3920.966418801,1855.2220349240442,988.822642118743,307.7369237002225,116.93416429568956,717.7686697965438,485.40961665471394,4427.640215661185,1769.5389932032995,988.6486797514416,408.8096869510114,116.93271488280523,711.2412697147188,485.40961665471394,4427.640215661185,1769.5389932032995,988.6486797514416,408.8096869510114,116.93271488280523,711.2412697147188
2026-02-22 06:00:00+00:00,408.4,1721.0302,1721.67,893.78,-5.431801e-06,104.63,597.42,500.90689710639873,3909.526937906696,1833.4875725917234,988.822642118743,322.96434165509305,116.93416429568956,716.1251584974293,485.40961665471394,4427.640215661185,1769.5389932032995,988.6486797514416,408.8096869510114,116.93271488280523,711.2412697147188,485.40961665471394,4427.640215661185,1769.5389932032995,988.6486797514416,408.8096869510114,116.93271488280523,711.2412697147188
2026-02-22 07:00:00+00:00,408.98,1759.4801,1749.97,896.09,-5.431801e-06,104.9,599.9,500.05307670623296,3904.6072939258634,1830.6441089911239,988.822642118743,338.19175960996364,116.93416429568956,715.2823850713218,485.40961665471394,4427.640215661185,1769.5389932032995,988.6486797514416,408.8096869510114,116.93271488280523,711.2412697147188,485.40961665471394,4427.640215661185,1769.5389932032995,988.6486797514416,408.8096869510114,116.93271488280523,711.2412697147188
2026-02-22 08:00:00+00:00,409.71,1768.7301,1769.76,900.93,32.580013,105.47,597.15,494.68621277666176,3894.8515707393963,1805.2387653402209,988.822642118743,353.4191775648342,116.93416429568956,713.3289389547514,485.40961665471394,4427.640215661185,1769.5389932032995,988.6486797514416,408.8096869510114,116.93271488280523,711.2412697147188,485.40961665471394,4427.640215661185,1769.5389932032995,988.6486797514416,408.8096869510114,116.93271488280523,711.2412697147188
2026-02-22 09:00:00+00:00,409.97,1770.2001,1741.51,896.01,-5.431801e-06,104.9,602.63,489.5331729085083,3866.6555862136256,1781.5294326462738,988.822642118743,368.64659551970476,116.93416429568956,712.1249786649718,485.40961665471394,4427.640215661185,1769.5389932032995,988.6486797514416,408.8096869510114,116.93271488280523,711.2412697147188,485.40961665471394,4427.640215661185,1769.5389932032995,988.6486797514416,408.8096869510114,116.93271488280523,711.2412697147188
2026-02-22 10:00:00+00:00,408.91,1764.7902,1712.6,898.03,-5.431801e-06,105.13,605.94,483.88668784447736,3849.6839893911274,1753.9121626513959,988.822642118743,383.87401347457535,116.93416429568956,710.5566007319277,485.40961665471394,4427.640215661185,1769.5389932032995,988.6486797514416,408.8096869510114,116.93271488280523,711.2412697147188,485.40961665471394,4427.640215661185,1769.5389932032995,988.6486797514416,408.8096869510114,116.93271488280523,711.2412697147188
2026-02-22 11:00:00+00:00,410.34,1651.63,1692.89,894.41,-5.431801e-06,104.71,600.36,479.408184412118,3802.699364326606,1735.1858485541782,988.822642118743,399.1014314294459,116.93416429568956,709.6517286742142,485.40961665471394,4427.640215661185,1769.5389932032995,988.6486797514416,408.8096869510114,116.93271488280523,711.2412697147188,485.40961665471394,4427.640215661185,1769.5389932032995,988.6486797514416,408.8096869510114,116.93271488280523,711.2412697147188
2026-02-22 12:00:00+00:00,410.65,1654.37,1687.38,892.58,-5.431801e-06,104.5,602.43,472.6147761507573,3785.868945526836,1704.6929346859604,988.822642118743,414.32884938431647,116.93416429568956,707.9099686783866,485.40961665471394,4427.640215661185,1769.5389932032995,988.6486797514416,408.8096869510114,116.93271488280523,711.2412697147188,485.40961665471394,4427.640215661185,1769.5389932032995,988.6486797514416,408.8096869510114,116.93271488280523,711.2412697147188
2026-02-22 13:00:00+00:00,411.19,1648.5402,1637.82,885.25,-5.431801e-06,103.63,592.2,471.63863140691313,3769.0667669938807,1704.102807497447,988.822642118743,429.556267339187,116.93416429568956,708.2782000247248,485.40961665471394,4427.640215661185,1769.5389932032995,988.6486797514416,408.8096869510114,116.93271488280523,711.2412697147188,485.40961665471394,4427.640215661185,1769.5389932032995,988.6486797514416,408.8096869510114,116.93271488280523,711.2412697147188
2026-02-22 14:00:00+00:00,411.7,1658.5302,1695.49,889.03,-5.431801e-06,116.21,598.16,478.52651942764186,3822.6410991411212,1740.2255051667669,988.822642118743,444.7836852940576,116.93416429568956,709.0295258887409,485.40961665471394,4427.640215661185,1769.5389932032995,988.6486797514416,408.8096869510114,116.93271488280523,711.2412697147188,485.40961665471394,4427.640215661185,1769.5389932032995,988.6486797514416,408.8096869510114,116.93271488280523,711.2412697147188
2026-02-22 15:00:00+00:00,413.66,1704.7902,2079.31,901.39,43.339993,129.77,606.71,485.78043090660475,3880.6362339749066,1778.2327231746003,988.822642118743,460.0111032489282,116.93416429568956,709.9352602906197,485.40961665471394,4427.640215661185,1769.5389932032995,988.6486797514416,408.8096869510114,116.93271488280523,711.2412697147188,485.40961665471394,4427.640215661185,1769.5389932032995,988.6486797514416,408.8096869510114,116.93271488280523,711.2412697147188
2026-02-22 16:00:00+00:00,410.19,2141.65,2692.52,910.2,568.24,130.87,645.53,489.37592602543305,3979.4429906286637,1799.3336699589595,988.822642118743,475.2385212037987,116.93416429568956,709.9664876946189,485.40961665471394,4427.640215661185,1769.5389932032995,988.6486797514416,408.8096869510114,116.93271488280523,711.2412697147188,485.40961665471394,4427.640215661185,1769.5389932032995,988.6486797514416,408.8096869510114,116.93271488280523,711.2412697147188
2026-02-22 17:00:00+00:00,410.34,2524.62,2958.38,921.5,981.59,132.11,671.27,491.23871502383713,4000.25409005846,1811.816893381894,988.822642118743,490.46593915866924,116.93416429568956,710.287940954467,485.40961665471394,4427.640215661185,1769.5389932032995,988.6486797514416,408.8096869510114,116.93271488280523,711.2412697147188,485.40961665471394,4427.640215661185,1769.5389932032995,988.6486797514416,408.8096869510114,116.93271488280523,711.2412697147188
2026-02-22 18:00:00+00:00,410.93,2394.39,2983.05,917.69,959.96,131.6,689.11,493.4305969618774,3994.5412848646733,1822.9645770074078,988.822642118743,505.69335711353983,116.93416429568956,710.6527537634904,485.40961665471394,4427.640215661185,1769.5389932032995,988.6486797514416,408.8096869510114,116.93271488280523,711.2412697147188,485.40961665471394,4427.640215661185,1769.5389932032995,988.6486797514416,408.8096869510114,116.93271488280523,711.2412697147188
2026-02-22 19:00:00+00:00,409.03,2177.39,2961.52,916.8,547.41,131.49,692.4,494.61993111730095,3947.4295393815787,1830.245894552582,988.822642118743,520.9207750684104,116.93416429568956,711.2027415140769,485.40961665471394,4427.640215661185,1769.5389932032995,988.6486797514416,408.8096869510114,116.93271488280523,711.2412697147188,485.40961665471394,4427.640215661185,1769.5389932032995,988.6486797514416,408.8096869510114,116.93271488280523,711.2412697147188
2026-02-22 20:00:00+00:00,407.18,2155.27,2958.0,921.55,250.56,132.05,680.0,500.34435992816356,3911.5382530345682,1858.8660852376715,988.822642118743,536.148193023281,116.93416429568956,712.424975613696,485.40961665471394,4427.640215661185,1769.5389932032995,988.6486797514416,408.8096869510114,116.93271488280523,711.2412697147188,485.40961665471394,4427.640215661185,1769.5389932032995,988.6486797514416,408.8096869510114,116.93271488280523,711.2412697147188
2026-02-22 21:00:00+00:00,408.65,1970.0101,2805.67,913.44,120.08999,131.1,679.23,500.4068589843705,3890.3191638876424,1865.2734098679184,988.822642118743,551.3756109781515,116.93416429568956,713.3064541739944,485.40961665471394,4427.640215661185,1769.5389932032995,988.6486797514416,408.8096869510114,116.93271488280523,711.2412697147188,485.40961665471394,4427.640215661185,1769.5389932032995,988.6486797514416,408.8096869510114,116.93271488280523,711.2412697147188
2026-02-22 22:00:00+00:00,410.79,1619.9,2122.54,898.24,0.11001044,123.55,642.48,498.2225021003454,3841.5359010366983,1859.934482400554,988.822642118743,566.6030289330221,116.93416429568956,713.9023665516628,485.40961665471394,4427.640215661185,1769.5389932032995,988.6486797514416,408.8096869510114,116.93271488280523,711.2412697147188,485.40961665471394,4427.640215661185,1769.5389932032995,988.6486797514416,408.8096869510114,116.93271488280523,711.2412697147188
2026-02-22 23:00:00+00:00,410.83,1588.7501,1856.14,888.88,-5.431801e-06,104.07,582.64,500.06488986384204,3830.1047265040693,1872.7927382702676,988.822642118743,581.8304468878927,116.93416429568956,715.1598908191775,485.40961665471394,4427.640215661185,1769.5389932032995,988.6486797514416,408.8096869510114,116.93271488280523,711.2412697147188,485.40961665471394,4427.640215661185,1769.5389932032995,988.6486797514416,408.8096869510114,116.93271488280523,711.2412697147188
2026-02-23 00:00:00+00:00,409.76,1577.64,1805.29,879.16,-5.431801e-06,102.92,592.67,500.47391577019596,3837.7286855593243,1811.4188393552968,988.822642118743,231.59983392586966,116.93416429568956,715.5826580298343,485.40961665471394,4427.640215661185,1769.5389932032995,988.6486797514416,408.8096869510114,116.93271488280523,711.2412697147188,485.40961665471394,4427.640215661185,1769.5389932032995,988.6486797514416,408.8096869510114,116.93271488280523,711.2412697147188
2026-02-23 01:00:00+00:00,411.17,1579.0502,1804.74,892.18,-5.431801e-06,104.44,592.91,506.5169878321043,3880.2721430680076,1843.0018713460283,988.822642118743,246.82725188074022,116.93416429568956,716.7410527273415,485.40961665471394,4427.640215661185,1769.5389932032995,988.6486797514416,408.8096869510114,116.93271488280523,711.2412697147188,485.40961665471394,4427.640215661185,1769.5389932032995,988.6486797514416,408.8096869510114,116.93271488280523,711.2412697147188
2026-02-23 02:00:00+00:00,411.77,1577.18,1835.22,891.68,-5.431801e-06,104.39,597.46,511.13403195705854,3905.649108869072,1867.5011592622923,988.822642118743,262.05466983561075,116.93416429568956,717.4237472633588,485.40961665471394,4427.640215661185,1769.5389932032995,988.6486797514416,408.8096869510114,116.93271488280523,711.2412697147188,485.40961665471394,4427.640215661185,1769.5389932032995,988.6486797514416,408.8096869510114,116.93271488280523,711.2412697147188
2026-02-23 03:00:00+00:00,413.29,1617.0402,1883.72,892.08,-5.431801e-06,104.43,613.64,515.3912342018623,3927.566892248229,1890.4098966401289,988.822642118743,277.28208779048134,116.93416429568956,717.989987192476,485.40961665471394,4427.640215661185,1769.5389932032995,988.6486797514416,408.8096869510114,116.93271488280523,711.2412697147188,485.40961665471394,4427.640215661185,1769.5389932032995,988.6486797514416,408.8096869510114,116.93271488280523,711.2412697147188
2026-02-23 04:00:00+00:00,412.59,1934.1,2088.25,889.14,-5.431801e-06,104.09,601.88,522.6074626220778,4004.1129814078577,1927.9558441551808,988.822642118743,292.50950574535193,116.93416429568956,718.6851734382825,485.40961665471394,4427.640215661185,1769.5389932032995,988.6486797514416,408.8096869510114,116.93271488280523,711.2412697147188,485.40961665471394,4427.640215661185,1769.5389932032995,988.6486797514416,408.8096869510114,116.93271488280523,711.2412697147188
2026-02-23 05:00:00+00:00,414.85,2258.86,2774.6,853.42,500.06,99.96,637.69,528.5499643686708,4128.532143397181,1963.0720998821434,988.822642118743,307.7369237002225,116.93416429568956,718.7115285194667,485.40961665471394,4427.640215661185,1769.5389932032995,988.6486797514416,408.8096869510114,116.93271488280523,711.2412697147188,485.40961665471394,4427.640215661185,1769.5389932032995,988.6486797514416,408.8096869510114,116.93271488280523,711.2412697147188
2026-02-23 06:00:00+00:00,413.18,3039.02,3200.2603,886.67,1287.18,106.8,693.67,530.2558576314176,4248.903311735382,1973.8263760144616,988.822642118743,322.96434165509305,116.93416429568956,717.7650655260537,485.40961665471394,4427.640215661185,1769.5389932032995,988.6486797514416,408.8096869510114,116.93271488280523,711.2412697147188,485.40961665471394,4427.640215661185,1769.5389932032995,988.6486797514416,408.8096869510114,116.93271488280523,711.2412697147188
2026-02-23 07:00:00+00:00,414.25,3164.77,3232.88,905.63,1245.57,109.02,708.61,527.8171352669144,4225.420926852545,1964.0531857117885,988.822642118743,338.19175960996364,116.93416429568956,717.3019783414784,485.40961665471394,4427.640215661185,1769.5389932032995,988.6486797514416,408.8096869510114,116.93271488280523,711.2412697147188,485.40961665471394,4427.640215661185,1769.5389932032995,988.6486797514416,408.8096869510114,116.93271488280523,711.2412697147188
2026-02-23 08:00:00+00:00,413.79,3076.11,3003.6401,899.85,1077.77,105.36,707.07,517.4662881483049,4070.515675939775,1916.4156848180992,988.822642118743,353.4191775648342,116.93416429568956,715.5914683064111,485.40961665471394,4427.640215661185,1769.5389932032995,988.6486797514416,408.8096869510114,116.93271488280523,711.2412697147188,485.40961665471394,4427.640215661185,1769.5389932032995,988.6486797514416,408.8096869510114,116.93271488280523,711.2412697147188
2026-02-23 09:00:00+00:00,410.82,2499.1797,2669.39,886.65,304.09,103.8,671.69,504.9092205126194,3902.8880683946254,1857.1192240713158,988.822642118743,368.64659551970476,116.93416429568956,713.3407217130133,485.40961665471394,4427.640215661185,1769.5389932032995,988.6486797514416,408.8096869510114,116.93271488280523,711.2412697147188,485.40961665471394,4427.640215661185,1769.5389932032995,988.6486797514416,408.8096869510114,116.93271488280523,711.2412697147188
2026-02-23 10:00:00+00:00,409.47,2389.07,2149.52,879.11,31.189997,102.91,573.79,493.80105146707496,3816.203989416046,1804.7437833775764,988.822642118743,383.87401347457535,116.93416429568956,711.196041206108,485.40961665471394,4427.640215661185,1769.5389932032995,988.6486797514416,408.8096869510114,116.93271488280523,711.2412697147188,485.40961665471394,4427.640215661185,1769.5389932032995,988.6486797514416,408.8096869510114,116.93271488280523,711.2412697147188
2026-02-23 11:00:00+00:00,410.25,2377.95,1931.29,830.89,-5.431801e-06,97.27,559.22,486.5815609442187,3768.923226867334,1771.087062220525,988.822642118743,399.1014314294459,116.93416429568956,709.6129836184268,485.40961665471394,4427.640215661185,1769.5389932032995,988.6486797514416,408.8096869510114,116.93271488280523,711.2412697147188,485.40961665471394,4427.640215661185,1769.5389932032995,988.6486797514416,408.8096869510114,116.93271488280523,711.2412697147188
2026-02-23 12:00:00+00:00,408.4,2386.4,1927.55,825.34,-5.431801e-06,96.62,563.76,484.6563287199423,3727.1435965555165,1765.8243880132627,988.822642118743,414.32884938431647,116.93416429568956,709.5263139722596,485.40961665471394,4427.640215661185,1769.5389932032995,988.6486797514416,408.8096869510114,116.93271488280523,711.2412697147188,485.40961665471394,4427.640215661185,1769.5389932032995,988.6486797514416,408.8096869510114,116.93271488280523,711.2412697147188
2026-02-23 13:00:00+00:00,409.74,2409.0,2094.41,849.23,19.020014,99.41,560.4,484.52336681407184,3780.3545927573405,1768.1248389729224,988.822642118743,429.556267339187,116.93416429568956,709.8703498363006,485.40961665471394,4427.640215661185,1769.5389932032995,988.6486797514416,408.8096869510114,116.93271488280523,711.2412697147188,485.40961665471394,4427.640215661185,1769.5389932032995,988.6486797514416,408.8096869510114,116.93271488280523,711.2412697147188
2026-02-23 14:00:00+00:00,410.21,2934.54,2583.34,878.02,60.550014,102.79,604.31,494.86304994266544,3919.5408552444833,1818.6007585000143,988.822642118743,444.7836852940576,116.93416429568956,711.2133086905848,485.40961665471394,4427.640215661185,1769.5389932032995,988.6486797514416,408.8096869510114,116.93271488280523,711.2412697147188,485.40961665471394,4427.640215661185,1769.5389932032995,988.6486797514416,408.8096869510114,116.93271488280523,711.2412697147188
2026-02-23 15:00:00+00:00,558.34,4381.71,2968.62,911.44,80.659996,106.7,646.51,508.78231284220146,4089.4434782301223,1891.0172471373085,988.822642118743,460.0111032489282,116.93416429568956,713.537614460781,485.40961665471394,4427.640215661185,1769.5389932032995,988.6486797514416,408.8096869510114,116.93271488280523,711.2412697147188,485.40961665471394,4427.640215661185,1769.5389932032995,988.6486797514416,408.8096869510114,116.93271488280523,711.2412697147188
2026-02-23 16:00:00+00:00,705.38,4852.65,3199.2,912.73,125.99999,119.37,687.32,522.6459047069159,4288.685926428343,1960.0825909606708,988.822642118743,475.2385212037987,116.93416429568956,715.4432847109549,485.40961665471394,4427.640215661185,1769.5389932032995,988.6486797514416,408.8096869510114,116.93271488280523,711.2412697147188,485.40961665471394,4427.640215661185,1769.5389932032995,988.6486797514416,408.8096869510114,116.93271488280523,711.2412697147188
2026-02-23 17:00:00+00:00,836.98,5185.75,3240.05,909.83,272.94,130.67,699.02,530.5294802989926,4351.03680394221,2002.4823154605292,988.822642118743,490.46593915866924,116.93416429568956,716.9812082149541,485.40961665471394,4427.640215661185,1769.5389932032995,988.6486797514416,408.8096869510114,116.93271488280523,711.2412697147188,485.40961665471394,4427.640215661185,1769.5389932032995,988.6486797514416,408.8096869510114,116.93271488280523,711.2412697147188
2026-02-23 18:00:00+00:00,948.93,5282.68,3293.94,907.04,312.63,130.34,702.83,530.3545978705099,4317.762015649003,2005.218388040282,988.822642118743,505.69335711353983,116.93416429568956,717.6979611790375,485.40961665471394,4427.640215661185,1769.5389932032995,988.6486797514416,408.8096869510114,116.93271488280523,711.2412697147188,485.40961665471394,4427.640215661185,1769.5389932032995,988.6486797514416,408.8096869510114,116.93271488280523,711.2412697147188
2026-02-23 19:00:00+00:00,952.44,5278.34,3253.53,906.56,116.670006,130.35,705.37,530.6118240549333,4280.136340137852,2008.5122738118787,988.822642118743,520.9207750684104,116.93416429568956,718.0936982301164,485.40961665471394,4427.640215661185,1769.5389932032995,988.6486797514416,408.8096869510114,116.93271488280523,711.2412697147188,485.40961665471394,4427.640215661185,1769.5389932032995,988.6486797514416,408.8096869510114,116.93271488280523,711.2412697147188
2026-02-23 20:00:00+00:00,959.51,5380.4,3206.98,902.66,101.08001,118.06,696.62,534.9994903302512,4243.165652140913,2032.3490769746254,988.822642118743,536.148193023281,116.93416429568956,719.6003114724707,485.40961665471394,4427.640215661185,1769.5389932032995,988.6486797514416,408.8096869510114,116.93271488280523,711.2412697147188,485.40961665471394,4427.640215661185,1769.5389932032995,988.6486797514416,408.8096869510114,116.93271488280523,711.2412697147188
2026-02-23 21:00:00+00:00,962.57,5529.89,3179.45,901.96,77.409996,105.59,700.48,534.5186409836706,4247.445028659249,2031.0326789059732,988.822642118743,551.3756109781515,116.93416429568956,720.1141701575928,485.40961665471394,4427.640215661185,1769.5389932032995,988.6486797514416,408.8096869510114,116.93271488280523,711.2412697147188,485.40961665471394,4427.640215661185,1769.5389932032995,988.6486797514416,408.8096869510114,116.93271488280523,711.2412697147188
2026-02-23 22:00:00+00:00,963.51,5551.09,3122.43,898.76,43.64001,105.22,699.17,533.5930883120524,4221.273300722657,2025.7095464304616,988.822642118743,566.6030289330221,116.93416429568956,720.0870070739492,485.40961665471394,4427.640215661185,1769.5389932032995,988.6486797514416,408.8096869510114,116.93271488280523,711.2412697147188,485.40961665471394,4427.640215661185,1769.5389932032995,988.6486797514416,408.8096869510114,116.93271488280523,711.2412697147188
2026-02-23 23:00:00+00:00,964.79,5574.53,3017.87,897.65,0.7199958,105.08,659.55,535.1433225356021,4233.250242349772,2032.5154145546421,988.822642118743,581.8304468878927,116.93416429568956,720.2246176438392,485.40961665471394,4427.640215661185,1769.5389932032995,988.6486797514416,408.8096869510114,116.93271488280523,711.2412697147188,485.40961665471394,4427.640215661185,1769.5389932032995,988.6486797514416,408.8096869510114,116.93271488280523,711.2412697147188
2026-02-24 00:00:00+00:00,966.97003,5790.87,2946.43,896.94,-5.431801e-06,105.0,653.57,534.5226174183429,4286.685320697481,1965.2162184222148,988.822642118743,231.59983392586966,116.93416429568956,719.9680658711782,485.40961665471394,4427.640215661185,1769.5389932032995,988.6486797514416,408.8096869510114,116.93271488280523,711.2412697147188,485.40961665471394,4427.640215661185,1769.5389932032995,988.6486797514416,408.8096869510114,116.93271488280523,711.2412697147188
2026-02-24 01:00:00+00:00,965.61,5959.71,2976.65,891.98,-5.431801e-06,104.43,650.01,537.690912227219,4352.158153290122,1984.1472863372246,988.822642118743,246.82725188074022,116.93416429568956,720.4561953845546,485.40961665471394,4427.640215661185,1769.5389932032995,988.6486797514416,408.8096869510114,116.93271488280523,711.2412697147188,485.40961665471394,4427.640215661185,1769.5389932032995,988.6486797514416,408.8096869510114,116.93271488280523,711.2412697147188
2026-02-24 02:00:00+00:00,964.37,6159.46,2997.09,896.53,0.099970154,104.96,645.87,543.1978516477108,4445.649790613372,2015.144304797614,988.822642118743,262.05466983561075,116.93416429568956,721.5215759812726,485.40961665471394,4427.640215661185,1769.5389932032995,988.6486797514416,408.8096869510114,116.93271488280523,711.2412697147188,485.40961665471394,4427.640215661185,1769.5389932032995,988.6486797514416,408.8096869510114,116.93271488280523,711.2412697147188
2026-02-24 03:00:00+00:00,962.73,6346.32,3023.97,897.75,139.31,105.11,655.45,547.3650435602171,4555.4759557311745,2039.7902173389027,988.822642118743,277.28208779048134,116.93416429568956,722.2399408419722,485.40961665471394,4427.640215661185,1769.5389932032995,988.6486797514416,408.8096869510114,116.93271488280523,711.2412697147188,485.40961665471394,4427.640215661185,1769.5389932032995,988.6486797514416,408.8096869510114,116.93271488280523,711.2412697147188
2026-02-24 04:00:00+00:00,960.69,6644.98,3105.13,898.85,129.53,105.4,661.3,551.6367747535073,4701.55952726016,2064.626122983639,988.822642118743,292.50950574535193,116.93416429568956,722.7082476121772,485.40961665471394,4427.640215661185,1769.5389932032995,988.6486797514416,408.8096869510114,116.93271488280523,711.2412697147188,485.40961665471394,4427.640215661185,1769.5389932032995,988.6486797514416,408.8096869510114,116.93271488280523,711.2412697147188
2026-02-24 05:00:00+00:00,970.54,7110.38,3271.23,914.8,626.75,131.26,670.5,563.4849601087531,4977.430412559985,2121.4403783487974,988.822642118743,307.7369237002225,116.93416429568956,723.2153092204559,485.40961665471394,4427.640215661185,1769.5389932032995,988.6486797514416,408.8096869510114,116.93271488280523,711.2412697147188,485.40961665471394,4427.640215661185,1769.5389932032995,988.6486797514416,408.8096869510114,116.93271488280523,711.2412697147188
2026-02-24 06:00:00+00:00,980.84,7165.28,3369.04,912.33,1486.94,130.95,685.04,565.743642375722,5174.5792384823335,2133.1834459249008,988.822642118743,322.96434165509305,116.93416429568956,722.0455629651907,485.40961665471394,4427.640215661185,1769.5389932032995,988.6486797514416,408.8096869510114,116.93271488280523,711.2412697147188,485.40961665471394,4427.640215661185,1769.5389932032995,988.6486797514416,408.8096869510114,116.93271488280523,711.2412697147188
2026-02-24 07:00:00+00:00,981.72003,7207.11,3353.47,914.54,1461.06,131.39,680.93,563.0199509932452,5220.155404120409,2123.61512706459,988.822642118743,338.19175960996364,116.93416429568956,721.0558162759929,485.40961665471394,4427.640215661185,1769.5389932032995,988.6486797514416,408.8096869510114,116.93271488280523,711.2412697147188,485.40961665471394,4427.640215661185,1769.5389932032995,988.6486797514416,408.8096869510114,116.93271488280523,711.2412697147188
2026-02-24 08:00:00+00:00,961.22,7220.27,3349.36,912.72,1279.08,131.01,684.81,553.7176791411149,5165.250943737712,2081.218776798223,988.822642118743,353.4191775648342,116.93416429568956,718.9993951558616,485.40961665471394,4427.640215661185,1769.5389932032995,988.6486797514416,408.8096869510114,116.93271488280523,711.2412697147188,485.40961665471394,4427.640215661185,1769.5389932032995,988.6486797514416,408.8096869510114,116.93271488280523,711.2412697147188
2026-02-24 09:00:00+00:00,948.5,7227.18,3253.08,916.81,358.63,107.57,685.9,547.0299923652339,5125.522529479336,2051.260040719642,988.822642118743,368.64659551970476,116.93416429568956,717.592878262194,485.40961665471394,4427.640215661185,1769.5389932032995,988.6486797514416,408.8096869510114,116.93271488280523,711.2412697147188,485.40961665471394,4427.640215661185,1769.5389932032995,988.6486797514416,408.8096869510114,116.93271488280523,711.2412697147188
2026-02-24 10:00:00+00:00,974.77,7263.96,3243.45,921.58,192.92,107.9,660.82,538.4116219170411,5066.739121541673,2012.560079188402,988.822642118743,383.87401347457535,116.93416429568956,716.2713163198002,485.40961665471394,4427.640215661185,1769.5389932032995,988.6486797514416,408.8096869510114,116.93271488280523,711.2412697147188,485.40961665471394,4427.640215661185,1769.5389932032995,988.6486797514416,408.8096869510114,116.93271488280523,711.2412697147188
2026-02-24 11:00:00+00:00,937.5,7211.36,3226.95,914.01,123.670006,107.02,657.49,533.358075053619,5044.486550574156,1989.3908349925246,988.822642118743,399.1014314294459,116.93416429568956,714.9139067528478,485.40961665471394,4427.640215661185,1769.5389932032995,988.6486797514416,408.8096869510114,116.93271488280523,711.2412697147188,485.40961665471394,4427.640215661185,1769.5389932032995,988.6486797514416,408.8096869510114,116.93271488280523,711.2412697147188
2026-02-24 12:00:00+00:00,922.78,7147.24,3224.15,907.63,100.709984,106.26,654.98,531.2593121751396,5011.959109916233,1982.8256369833518,988.822642118743,414.32884938431647,116.93416429568956,714.0990861273908,485.40961665471394,4427.640215661185,1769.5389932032995,988.6486797514416,408.8096869510114,116.93271488280523,711.2412697147188,485.40961665471394,4427.640215661185,1769.5389932032995,988.6486797514416,408.8096869510114,116.93271488280523,711.2412697147188
2026-02-24 13:00:00+00:00,922.73004,7183.47,3244.59,900.3,148.99002,105.4,654.22,527.7630791768321,5033.556784554594,1969.349194342906,988.822642118743,429.556267339187,116.93416429568956,713.0185288881291,485.40961665471394,4427.640215661185,1769.5389932032995,988.6486797514416,408.8096869510114,116.93271488280523,711.2412697147188,485.40961665471394,4427.640215661185,1769.5389932032995,988.6486797514416,408.8096869510114,116.93271488280523,711.2412697147188
2026-02-24 14:00:00+00:00,983.14,7269.71,3256.72,1129.77,301.05,132.27,683.64,526.9366656550825,5112.078800272337,1968.3412977170635,988.822642118743,444.7836852940576,116.93416429568956,712.3720851180668,485.40961665471394,4427.640215661185,1769.5389932032995,988.6486797514416,408.8096869510114,116.93271488280523,711.2412697147188,485.40961665471394,4427.640215661185,1769.5389932032995,988.6486797514416,408.8096869510114,116.93271488280523,711.2412697147188
2026-02-24 15:00:00+00:00,1017.17,7284.64,3460.65,1065.15,1062.17,136.68,689.4,529.154119810113,5221.79347238925,1980.8209952225366,988.822642118743,460.0111032489282,116.93416429568956,712.361127452455,485.40961665471394,4427.640215661185,1769.5389932032995,988.6486797514416,408.8096869510114,116.93271488280523,711.2412697147188,485.40961665471394,4427.640215661185,1769.5389932032995,988.6486797514416,408.8096869510114,116.93271488280523,711.2412697147188
2026-02-24 16:00:00+00:00,1022.89,7287.65,3616.2,1037.63,1545.26,145.64,724.29,538.4210014833135,5378.448271449504,2028.802312090516,988.822642118743,475.2385212037987,116.93416429568956,714.0540800660181,485.40961665471394,4427.640215661185,1769.5389932032995,988.6486797514416,408.8096869510114,116.93271488280523,711.2412697147188,485.40961665471394,4427.640215661185,1769.5389932032995,988.6486797514416,408.8096869510114,116.93271488280523,711.2412697147188
2026-02-24 17:00:00+00:00,1019.33,7291.36,3692.4402,1032.24,1580.08,144.93,834.34,551.0429644478319,5425.998179792634,2093.6373733327014,988.822642118743,490.46593915866924,116.93416429568956,717.1977419634723,485.40961665471394,4427.640215661185,1769.5389932032995,988.6486797514416,408.8096869510114,116.93271488280523,711.2412697147188,485.40961665471394,4427.640215661185,1769.5389932032995,988.6486797514416,408.8096869510114,116.93271488280523,711.2412697147188
2026-02-24 18:00:00+00:00,1017.91,7284.52,3677.23,1027.71,1548.89,144.48,875.93,552.0288454663379,5391.243630859579,2101.408705462419,988.822642118743,505.69335711353983,116.93416429568956,717.9743283495686,485.40961665471394,4427.640215661185,1769.5389932032995,988.6486797514416,408.8096869510114,116.93271488280523,711.2412697147188,485.40961665471394,4427.640215661185,1769.5389932032995,988.6486797514416,408.8096869510114,116.93271488280523,711.2412697147188
2026-02-24 19:00:00+00:00,1018.65,7277.89,3661.45,1034.02,909.42,133.53,803.91,553.5764966077338,5296.353947882973,2111.4798772917084,988.822642118743,520.9207750684104,116.93416429568956,719.2663323401041,485.40961665471394,4427.640215661185,1769.5389932032995,988.6486797514416,408.8096869510114,116.93271488280523,711.2412697147188,485.40961665471394,4427.640215661185,1769.5389932032995,988.6486797514416,408.8096869510114,116.93271488280523,711.2412697147188
2026-02-24 20:00:00+00:00,1021.86,7147.48,3518.73,1035.55,429.15,121.23,715.69,555.1564294902485,5184.6466350393985,2121.576662194697,988.822642118743,536.148193023281,116.93416429568956,720.678067421608,485.40961665471394,4427.640215661185,1769.5389932032995,988.6486797514416,408.8096869510114,116.93271488280523,711.2412697147188,485.40961665471394,4427.640215661185,1769.5389932032995,988.6486797514416,408.8096869510114,116.93271488280523,711.2412697147188
2026-02-24 21:00:00+00:00,989.4501,7037.33,3228.35,1018.64,323.73,119.26,696.0,556.0442904032825,5073.987724456711,2129.311681557637,988.822642118743,551.3756109781515,116.93416429568956,721.9647005692003,485.40961665471394,4427.640215661185,1769.5389932032995,988.6486797514416,408.8096869510114,116.93271488280523,711.2412697147188,485.40961665471394,4427.640215661185,1769.5389932032995,988.6486797514416,408.8096869510114,116.93271488280523,711.2412697147188
2026-02-24 22:00:00+00:00,954.63,6978.62,3046.86,1017.07,0.3399909,119.07,685.91,559.2757597315596,4979.114345825669,2147.211156017979,988.822642118743,566.6030289330221,116.93416429568956,723.4113587903207,485.40961665471394,4427.640215661185,1769.5389932032995,988.6486797514416,408.8096869510114,116.93271488280523,711.2412697147188,485.40961665471394,4427.640215661185,1769.5389932032995,988.6486797514416,408.8096869510114,116.93271488280523,711.2412697147188
2026-02-24 23:00:00+00:00,930.88007,6996.2,3000.86,1019.43,0.48000556,119.35,675.24,561.2219471739448,4894.357855388598,2160.3116888107597,988.822642118743,581.8304468878927,116.93416429568956,724.7457105273056,485.40961665471394,4427.640215661185,1769.5389932032995,988.6486797514416,408.8096869510114,116.93271488280523,711.2412697147188,485.40961665471394,4427.640215661185,1769.5389932032995,988.6486797514416,408.8096869510114,116.93271488280523,711.2412697147188
2026-02-25 00:00:00+00:00,921.72003,6857.35,2927.97,1010.81,0.21999578,118.34,675.8,559.3838067536253,4850.656679456266,2089.584031737203,988.822642118743,231.59983392586966,116.93416429568956,724.6822168359191,485.40961665471394,4427.640215661185,1769.5389932032995,988.6486797514416,408.8096869510114,116.93271488280523,711.2412697147188,485.40961665471394,4427.640215661185,1769.5389932032995,988.6486797514416,408.8096869510114,116.93271488280523,711.2412697147188
2026-02-25 01:00:00+00:00,924.73,6871.4,2919.93,1019.13,0.23000555,119.31,673.47,564.4758243085487,4834.690471963725,2118.1166062062557,988.822642118743,246.82725188074022,116.93416429568956,726.3135072684075,485.40961665471394,4427.640215661185,1769.5389932032995,988.6486797514416,408.8096869510114,116.93271488280523,711.2412697147188,485.40961665471394,4427.640215661185,1769.5389932032995,988.6486797514416,408.8096869510114,116.93271488280523,711.2412697147188
2026-02-25 02:00:00+00:00,922.3401,6882.08,3040.2,1016.91,0.17995672,119.06,671.71,568.4558308174451,4844.984510546683,2141.10019269821,988.822642118743,262.05466983561075,116.93416429568956,727.3101260415516,485.40961665471394,4427.640215661185,1769.5389932032995,988.6486797514416,408.8096869510114,116.93271488280523,711.2412697147188,485.40961665471394,4427.640215661185,1769.5389932032995,988.6486797514416,408.8096869510114,116.93271488280523,711.2412697147188
2026-02-25 03:00:00+00:00,936.81,6906.02,3106.13,1018.31,0.14000921,119.22,679.87,571.3602754595547,4899.725835376547,2158.929118462911,988.822642118743,277.28208779048134,116.93416429568956,727.6709454192172,485.40961665471394,4427.640215661185,1769.5389932032995,988.6486797514416,408.8096869510114,116.93271488280523,711.2412697147188,485.40961665471394,4427.640215661185,1769.5389932032995,988.6486797514416,408.8096869510114,116.93271488280523,711.2412697147188
2026-02-25 04:00:00+00:00,994.69,7068.5,3258.92,1018.08,155.62,131.35,685.96,573.2936803620952,4991.582099076031,2170.7794099424154,988.822642118743,292.50950574535193,116.93416429568956,727.2737910524936,485.40961665471394,4427.640215661185,1769.5389932032995,988.6486797514416,408.8096869510114,116.93271488280523,711.2412697147188,485.40961665471394,4427.640215661185,1769.5389932032995,988.6486797514416,408.8096869510114,116.93271488280523,711.2412697147188
2026-02-25 05:00:00+00:00,1008.3,7052.32,3441.22,1019.94,735.34,143.57,743.68,580.8143341910342,5155.009190918277,2210.0567006005444,988.822642118743,307.7369237002225,116.93416429568956,727.3830684035096,485.40961665471394,4427.640215661185,1769.5389932032995,988.6486797514416,408.8096869510114,116.93271488280523,711.2412697147188,485.40961665471394,4427.640215661185,1769.5389932032995,988.6486797514416,408.8096869510114,116.93271488280523,711.2412697147188
2026-02-25 06:00:00+00:00,1005.72,7030.64,3496.91,1019.95,1259.26,143.57,799.77,579.8890154278866,5224.620765869899,2207.3333149102446,988.822642118743,322.96434165509305,116.93416429568956,725.9828459645361,485.40961665471394,4427.640215661185,1769.5389932032995,988.6486797514416,408.8096869510114,116.93271488280523,711.2412697147188,485.40961665471394,4427.640215661185,1769.5389932032995,988.6486797514416,408.8096869510114,116.93271488280523,711.2412697147188
2026-02-25 07:00:00+00:00,1005.66,7028.43,3524.22,1018.44,458.95,143.31,703.99,573.6142142715584,5119.2481808418,2178.7231641407234,988.822642118743,338.19175960996364,116.93416429568956,724.8638997738894,485.40961665471394,4427.640215661185,1769.5389932032995,988.6486797514416,408.8096869510114,116.93271488280523,711.2412697147188,485.40961665471394,4427.640215661185,1769.5389932032995,988.6486797514416,408.8096869510114,116.93271488280523,711.2412697147188
2026-02-25 08:00:00+00:00,895.58,6923.3,3324.5,1012.72,79.32,138.17,691.22,560.0323009362628,4938.935929934506,2112.193995394912,988.822642118743,353.4191775648342,116.93416429568956,722.4074316473308,485.40961665471394,4427.640215661185,1769.5389932032995,988.6486797514416,408.8096869510114,116.93271488280523,711.2412697147188,485.40961665471394,4427.640215661185,1769.5389932032995,988.6486797514416,408.8096869510114,116.93271488280523,711.2412697147188
2026-02-25 09:00:00+00:00,542.95,6897.37,3156.28,1042.5,114.85,122.04,692.65,538.552707134412,4742.138026529183,2009.4492096076199,988.822642118743,368.64659551970476,116.93416429568956,718.3275750130257,485.40961665471394,4427.640215661185,1769.5389932032995,988.6486797514416,408.8096869510114,116.93271488280523,711.2412697147188,485.40961665471394,4427.640215661185,1769.5389932032995,988.6486797514416,408.8096869510114,116.93271488280523,711.2412697147188
2026-02-25 10:00:00+00:00,408.12,6689.56,3044.97,1039.91,3.170008,121.74,686.86,513.9715252773716,4547.09164495144,1890.0395583448667,988.822642118743,383.87401347457535,116.93416429568956,713.3113409233767,485.40961665471394,4427.640215661185,1769.5389932032995,988.6486797514416,408.8096869510114,116.93271488280523,711.2412697147188,485.40961665471394,4427.640215661185,1769.5389932032995,988.6486797514416,408.8096869510114,116.93271488280523,711.2412697147188
2026-02-25 11:00:00+00:00,397.51,5601.51,2708.0,1029.83,0.07998114,120.56,679.24,491.42404238623806,4386.713946127753,1779.4708597714432,988.822642118743,399.1014314294459,116.93416429568956,708.5388819484853,485.40961665471394,4427.640215661185,1769.5389932032995,988.6486797514416,408.8096869510114,116.93271488280523,711.2412697147188,485.40961665471394,4427.640215661185,1769.5389932032995,988.6486797514416,408.8096869510114,116.93271488280523,711.2412697147188
2026-02-25 12:00:00+00:00,366.35,5385.5,2592.59,1016.51,-5.431801e-06,119.0,665.67,480.41914677513995,4299.821420231473,1727.500567378839,988.822642118743,414.32884938431647,116.93416429568956,706.3852941774035,485.40961665471394,4427.640215661185,1769.5389932032995,988.6486797514416,408.8096869510114,116.93271488280523,711.2412697147188,485.40961665471394,4427.640215661185,1769.5389932032995,988.6486797514416,408.8096869510114,116.93271488280523,711.2412697147188
2026-02-25 13:00:00+00:00,362.47,6059.9,2566.91,1020.09,-5.431801e-06,119.42,649.69,472.6557930809446,4340.101391061629,1693.145426561432,988.822642118743,429.556267339187,116.93416429568956,704.2726012310364,485.40961665471394,4427.640215661185,1769.5389932032995,988.6486797514416,408.8096869510114,116.93271488280523,711.2412697147188,485.40961665471394,4427.640215661185,1769.5389932032995,988.6486797514416,408.8096869510114,116.93271488280523,711.2412697147188
2026-02-25 14:00:00+00:00,493.61,6608.66,2685.33,1023.67,115.85,119.85,660.1,474.20541615841586,4524.4483161295675,1705.3059262165139,988.822642118743,444.7836852940576,116.93416429568956,703.3787698229202,485.40961665471394,4427.640215661185,1769.5389932032995,988.6486797514416,408.8096869510114,116.93271488280523,711.2412697147188,485.40961665471394,4427.640215661185,1769.5389932032995,988.6486797514416,408.8096869510114,116.93271488280523,711.2412697147188
2026-02-25 15:00:00+00:00,762.93,6958.98,3065.3,1043.84,546.1,134.43,670.17,485.2085588372173,4808.774966449031,1763.6785235770196,988.822642118743,460.0111032489282,116.93416429568956,703.9178792968387,485.40961665471394,4427.640215661185,1769.5389932032995,988.6486797514416,408.8096869510114,116.93271488280523,711.2412697147188,485.40961665471394,4427.640215661185,1769.5389932032995,988.6486797514416,408.8096869510114,116.93271488280523,711.2412697147188
2026-02-25 16:00:00+00:00,989.75,6996.1,3453.07,1045.28,1164.21,146.45,709.05,505.4877349655364,5039.713700481247,1869.594928069888,988.822642118743,475.2385212037987,116.93416429568956,707.2698771525096,485.40961665471394,4427.640215661185,1769.5389932032995,988.6486797514416,408.8096869510114,116.93271488280523,711.2412697147188,485.40961665471394,4427.640215661185,1769.5389932032995,988.6486797514416,408.8096869510114,116.93271488280523,711.2412697147188
2026-02-25 17:00:00+00:00,1021.3,6948.36,3496.18,1050.02,1114.74,147.09,702.92,523.4976464519506,4984.950711364205,1963.3973627252583,988.822642118743,490.46593915866924,116.93416429568956,711.806223319417,485.40961665471394,4427.640215661185,1769.5389932032995,988.6486797514416,408.8096869510114,116.93271488280523,711.2412697147188,485.40961665471394,4427.640215661185,1769.5389932032995,988.6486797514416,408.8096869510114,116.93271488280523,711.2412697147188
2026-02-25 18:00:00+00:00,1019.53,6973.28,3350.7302,1045.45,578.84,146.63,706.06,524.9652825845178,4846.049821136855,1973.3948460283136,988.822642118743,505.69335711353983,116.93416429568956,712.3149513869055,485.40961665471394,4427.640215661185,1769.5389932032995,988.6486797514416,408.8096869510114,116.93271488280523,711.2412697147188,485.40961665471394,4427.640215661185,1769.5389932032995,988.6486797514416,408.8096869510114,116.93271488280523,711.2412697147188
2026-02-25 19:00:00+00:00,1019.84,6930.54,3064.67,1033.99,129.95001,133.52,683.07,527.4350329043557,4668.094773282021,1987.9182391702095,988.822642118743,520.9207750684104,116.93416429568956,713.7757665963311,485.40961665471394,4427.640215661185,1769.5389932032995,988.6486797514416,408.8096869510114,116.93271488280523,711.2412697147188,485.40961665471394,4427.640215661185,1769.5389932032995,988.6486797514416,408.8096869510114,116.93271488280523,711.2412697147188
2026-02-25 20:00:00+00:00,978.29004,6688.08,2822.3,1028.54,118.23998,120.41,667.22,531.2457388199716,4528.986864645808,2009.8400596787567,988.822642118743,536.148193023281,116.93416429568956,715.5062322524624,485.40961665471394,4427.640215661185,1769.5389932032995,988.6486797514416,408.8096869510114,116.93271488280523,711.2412697147188,485.40961665471394,4427.640215661185,1769.5389932032995,988.6486797514416,408.8096869510114,116.93271488280523,711.2412697147188
2026-02-25 21:00:00+00:00,737.32,6590.87,2726.8,1038.95,87.33001,121.63,644.07,532.3612401048563,4429.073663501965,2019.4015886519069,988.822642118743,551.3756109781515,116.93416429568956,716.871014865341,485.40961665471394,4427.640215661185,1769.5389932032995,988.6486797514416,408.8096869510114,116.93271488280523,711.2412697147188,485.40961665471394,4427.640215661185,1769.5389932032995,988.6486797514416,408.8096869510114,116.93271488280523,711.2412697147188
2026-02-25 22:00:00+00:00,433.43,6490.48,2468.36,1022.49,0.5200141,119.7,627.39,533.3155037414973,4349.215525755143,2026.8405095710352,988.822642118743,566.6030289330221,116.93416429568956,717.9054134451312,485.40961665471394,4427.640215661185,1769.5389932032995,988.6486797514416,408.8096869510114,116.93271488280523,711.2412697147188,485.40961665471394,4427.640215661185,1769.5389932032995,988.6486797514416,408.8096869510114,116.93271488280523,711.2412697147188
2026-02-25 23:00:00+00:00,386.33,6507.21,2377.77,1007.82,0.39998847,117.98,641.93,533.9356222936287,4262.686326939401,2033.099169852642,988.822642118743,581.8304468878927,116.93416429568956,718.8210724503907,485.40961665471394,4427.640215661185,1769.5389932032995,988.6486797514416,408.8096869510114,116.93271488280523,711.2412697147188,485.40961665471394,4427.640215661185,1769.5389932032995,988.6486797514416,408.8096869510114,116.93271488280523,711.2412697147188
2026-02-26 00:00:00+00:00,370.63,6327.11,2317.86,997.77,-5.431801e-06,116.8,666.55,531.8053705087913,4207.091503685482,1961.8841032556604,988.822642118743,231.59983392586966,116.93416429568956,719.0208762823852,485.40961665471394,4427.640215661185,1769.5389932032995,988.6486797514416,408.8096869510114,116.93271488280523,711.2412697147188,485.40961665471394,4427.640215661185,1769.5389932032995,988.6486797514416,408.8096869510114,116.93271488280523,711.2412697147188
2026-02-26 01:00:00+00:00,370.72,6114.74,2351.55,1012.16,-5.431801e-06,118.49,668.37,533.1208272342611,4191.614979300551,1972.3253761432104,988.822642118743,246.82725188074022,116.93416429568956,719.8766536751576,485.40961665471394,4427.640215661185,1769.5389932032995,988.6486797514416,408.8096869510114,116.93271488280523,711.2412697147188,485.40961665471394,4427.640215661185,1769.5389932032995,988.6486797514416,408.8096869510114,116.93271488280523,711.2412697147188
2026-02-26 02:00:00+00:00,362.09,5778.82,2378.78,1033.72,0.42998725,121.02,666.99,535.2847945881102,4204.330733322158,1986.115424671003,988.822642118743,262.05466983561075,116.93416429568956,720.5311441484142,485.40961665471394,4427.640215661185,1769.5389932032995,988.6486797514416,408.8096869510114,116.93271488280523,711.2412697147188,485.40961665471394,4427.640215661185,1769.5389932032995,988.6486797514416,408.8096869510114,116.93271488280523,711.2412697147188
2026-02-26 03:00:00+00:00,374.11,5737.07,2483.64,1024.62,49.330013,119.95,684.45,540.0035178101981,4248.0700315063805,2010.9723413357594,988.822642118743,277.28208779048134,116.93416429568956,721.17223461258,485.40961665471394,4427.640215661185,1769.5389932032995,988.6486797514416,408.8096869510114,116.93271488280523,711.2412697147188,485.40961665471394,4427.640215661185,1769.5389932032995,988.6486797514416,408.8096869510114,116.93271488280523,711.2412697147188
2026-02-26 04:00:00+00:00,384.82,6162.69,2639.65,1027.79,86.39999,132.56,675.36,545.0992532868635,4351.984379760484,2038.5644674328648,988.822642118743,292.50950574535193,116.93416429568956,721.7212406650623,485.40961665471394,4427.640215661185,1769.5389932032995,988.6486797514416,408.8096869510114,116.93271488280523,711.2412697147188,485.40961665471394,4427.640215661185,1769.5389932032995,988.6486797514416,408.8096869510114,116.93271488280523,711.2412697147188
2026-02-26 05:00:00+00:00,384.13,6545.88,3009.43,1030.9,647.93,144.85,662.12,552.2093817668728,4502.474027050383,2077.093411612663,988.822642118743,307.7369237002225,116.93416429568956,722.1500344515194,485.40961665471394,4427.640215661185,1769.5389932032995,988.6486797514416,408.8096869510114,116.93271488280523,711.2412697147188,485.40961665471394,4427.640215661185,1769.5389932032995,988.6486797514416,408.8096869510114,116.93271488280523,711.2412697147188
2026-02-26 06:00:00+00:00,380.25,6577.95,2819.64,1036.03,1267.01,145.45,611.67,557.6762040427365,4582.447950606393,2104.9489579990627,988.822642118743,322.96434165509305,116.93416429568956,722.3287864674714,485.40961665471394,4427.640215661185,1769.5389932032995,988.6486797514416,408.8096869510114,116.93271488280523,711.2412697147188,485.40961665471394,4427.640215661185,1769.5389932032995,988.6486797514416,408.8096869510114,116.93271488280523,711.2412697147188
2026-02-26 07:00:00+00:00,383.55,5920.63,2454.08,1041.58,605.88,146.1,594.92,554.7271871901221,4493.982054122754,2088.099629039509,988.822642118743,338.19175960996364,116.93416429568956,721.4046324571613,485.40961665471394,4427.640215661185,1769.5389932032995,988.6486797514416,408.8096869510114,116.93271488280523,711.2412697147188,485.40961665471394,4427.640215661185,1769.5389932032995,988.6486797514416,408.8096869510114,116.93271488280523,711.2412697147188
2026-02-26 08:00:00+00:00,369.06,4251.7,2396.17,1036.76,19.990015,133.69,586.62,537.3721024741092,4374.820565211835,1999.4784811487432,988.822642118743,353.4191775648342,116.93416429568956,717.4866617688581,485.40961665471394,4427.640215661185,1769.5389932032995,988.6486797514416,408.8096869510114,116.93271488280523,711.2412697147188,485.40961665471394,4427.640215661185,1769.5389932032995,988.6486797514416,408.8096869510114,116.93271488280523,711.2412697147188
2026-02-26 09:00:00+00:00,379.36,3469.92,1766.88,1029.23,0.010004334,120.49,571.85,515.0780463803763,4276.72134024095,1888.4452347765125,988.822642118743,368.64659551970476,116.93416429568956,712.9356934581582,485.40961665471394,4427.640215661185,1769.5389932032995,988.6486797514416,408.8096869510114,116.93271488280523,711.2412697147188,485.40961665471394,4427.640215661185,1769.5389932032995,988.6486797514416,408.8096869510114,116.93271488280523,711.2412697147188
2026-02-26 10:00:00+00:00,396.49,3056.48,1650.46,1032.76,-5.431801e-06,120.9,560.16,494.13212680812956,4165.468691464071,1785.346288836648,988.822642118743,383.87401347457535,116.93416429568956,708.6630808837754,485.40961665471394,4427.640215661185,1769.5389932032995,988.6486797514416,408.8096869510114,116.93271488280523,711.2412697147188,485.40961665471394,4427.640215661185,1769.5389932032995,988.6486797514416,408.8096869510114,116.93271488280523,711.2412697147188
2026-02-26 11:00:00+00:00,396.49,2968.68,1594.59,1035.2,-5.431801e-06,121.18,558.44,475.6446744760249,4124.872514131976,1694.5062255963826,988.822642118743,399.1014314294459,116.93416429568956,704.7823517092139,485.40961665471394,4427.640215661185,1769.5389932032995,988.6486797514416,408.8096869510114,116.93271488280523,711.2412697147188,485.40961665471394,4427.640215661185,1769.5389932032995,988.6486797514416,408.8096869510114,116.93271488280523,711.2412697147188
2026-02-26 12:00:00+00:00,382.73,3005.19,1544.47,1031.88,0.029993348,120.8,558.12,462.537655320916,4105.940209298342,1633.0116943372323,988.822642118743,414.32884938431647,116.93416429568956,702.0932504932435,485.40961665471394,4427.640215661185,1769.5389932032995,988.6486797514416,408.8096869510114,116.93271488280523,711.2412697147188,485.40961665471394,4427.640215661185,1769.5389932032995,988.6486797514416,408.8096869510114,116.93271488280523,711.2412697147188
2026-02-26 13:00:00+00:00,362.53,3318.81,1587.16,1031.66,0.23000555,120.77,573.85,454.3048279120178,4139.696932807984,1598.355086074023,988.822642118743,429.556267339187,116.93416429568956,699.8369281559634,485.40961665471394,4427.640215661185,1769.5389932032995,988.6486797514416,408.8096869510114,116.93271488280523,711.2412697147188,485.40961665471394,4427.640215661185,1769.5389932032995,988.6486797514416,408.8096869510114,116.93271488280523,711.2412697147188
2026-02-26 14:00:00+00:00,357.44,4025.98,1928.34,1027.05,16.219995,120.24,612.94,454.35002928804073,4256.873947043,1605.1097088288511,988.822642118743,444.7836852940576,116.93416429568956,699.0891376200033,485.40961665471394,4427.640215661185,1769.5389932032995,988.6486797514416,408.8096869510114,116.93271488280523,711.2412697147188,485.40961665471394,4427.640215661185,1769.5389932032995,988.6486797514416,408.8096869510114,116.93271488280523,711.2412697147188
2026-02-26 15:00:00+00:00,362.56,6007.02,2621.6,1023.52,549.94,119.85,650.2,464.78435438479454,4561.673944748021,1663.1479912508146,988.822642118743,460.0111032489282,116.93416429568956,699.6877788590707,485.40961665471394,4427.640215661185,1769.5389932032995,988.6486797514416,408.8096869510114,116.93271488280523,711.2412697147188,485.40961665471394,4427.640215661185,1769.5389932032995,988.6486797514416,408.8096869510114,116.93271488280523,711.2412697147188
2026-02-26 16:00:00+00:00,374.42,6446.62,3053.49,1029.89,1249.08,144.88,686.46,483.3047236399629,4792.31541170291,1760.8242783358992,988.822642118743,475.2385212037987,116.93416429568956,702.5433601156233,485.40961665471394,4427.640215661185,1769.5389932032995,988.6486797514416,408.8096869510114,116.93271488280523,711.2412697147188,485.40961665471394,4427.640215661185,1769.5389932032995,988.6486797514416,408.8096869510114,116.93271488280523,711.2412697147188
2026-02-26 17:00:00+00:00,379.69,6425.55,3016.97,1041.36,1262.51,145.99,690.95,498.2611619142615,4768.643223054177,1840.0108367383327,988.822642118743,490.46593915866924,116.93416429568956,706.4573337483548,485.40961665471394,4427.640215661185,1769.5389932032995,988.6486797514416,408.8096869510114,116.93271488280523,711.2412697147188,485.40961665471394,4427.640215661185,1769.5389932032995,988.6486797514416,408.8096869510114,116.93271488280523,711.2412697147188
2026-02-26 18:00:00+00:00,363.04,6353.09,3056.33,1037.59,1012.93,145.63,702.03,498.44037984446055,4625.145043980212,1846.8945258019069,988.822642118743,505.69335711353983,116.93416429568956,707.6689390717248,485.40961665471394,4427.640215661185,1769.5389932032995,988.6486797514416,408.8096869510114,116.93271488280523,711.2412697147188,485.40961665471394,4427.640215661185,1769.5389932032995,988.6486797514416,408.8096869510114,116.93271488280523,711.2412697147188
2026-02-26 19:00:00+00:00,409.53,6248.95,2828.34,1031.05,474.44,144.95,692.12,499.28733112725695,4445.431645108616,1855.8976358982145,988.822642118743,520.9207750684104,116.93416429568956,709.174562314011,485.40961665471394,4427.640215661185,1769.5389932032995,988.6486797514416,408.8096869510114,116.93271488280523,711.2412697147188,485.40961665471394,4427.640215661185,1769.5389932032995,988.6486797514416,408.8096869510114,116.93271488280523,711.2412697147188
2026-02-26 20:00:00+00:00,406.15,5691.86,2403.3,1021.69,101.58999,121.46,668.53,499.05607760610303,4312.71117274347,1858.552433069145,988.822642118743,536.148193023281,116.93416429568956,710.0225509571699,485.40961665471394,4427.640215661185,1769.5389932032995,988.6486797514416,408.8096869510114,116.93271488280523,711.2412697147188,485.40961665471394,4427.640215661185,1769.5389932032995,988.6486797514416,408.8096869510114,116.93271488280523,711.2412697147188
2026-02-26 21:00:00+00:00,402.82,5402.68,2219.06,1020.3,81.71999,119.45,646.82,500.69369981562073,4245.492108637761,1867.586094566345,988.822642118743,551.3756109781515,116.93416429568956,710.7015896858056,485.40961665471394,4427.640215661185,1769.5389932032995,988.6486797514416,408.8096869510114,116.93271488280523,711.2412697147188,485.40961665471394,4427.640215661185,1769.5389932032995,988.6486797514416,408.8096869510114,116.93271488280523,711.2412697147188
2026-02-26 22:00:00+00:00,394.15,4252.46,1960.88,1014.97,84.409996,118.82,639.52,501.14029590985155,4169.747577074821,1871.8108174654235,988.822642118743,566.6030289330221,116.93416429568956,711.3243591674727,485.40961665471394,4427.640215661185,1769.5389932032995,988.6486797514416,408.8096869510114,116.93271488280523,711.2412697147188,485.40961665471394,4427.640215661185,1769.5389932032995,988.6486797514416,408.8096869510114,116.93271488280523,711.2412697147188
2026-02-26 23:00:00+00:00,394.17,3327.8,1919.69,1013.38,16.319971,118.64,799.65,504.37836806200863,4138.40017673015,1889.236548303118,988.822642118743,581.8304468878927,116.93416429568956,712.3694905537984,485.40961665471394,4427.640215661185,1769.5389932032995,988.6486797514416,408.8096869510114,116.93271488280523,711.2412697147188,485.40961665471394,4427.640215661185,1769.5389932032995,988.6486797514416,408.8096869510114,116.93271488280523,711.2412697147188
2026-02-27 00:00:00+00:00,386.41,3311.03,1747.11,1003.17,0.2700141,117.44,764.9,502.30092798679755,4078.295526195419,1819.4987475147689,988.822642118743,231.59983392586966,116.93416429568956,712.7259047285423,485.40961665471394,4427.640215661185,1769.5389932032995,988.6486797514416,408.8096869510114,116.93271488280523,711.2412697147188,485.40961665471394,4427.640215661185,1769.5389932032995,988.6486797514416,408.8096869510114,116.93271488280523,711.2412697147188
2026-02-27 01:00:00+00:00,375.34,3305.44,1810.83,1003.71,0.21999578,117.51,770.88,502.9959814290332,4035.3222525017345,1828.2123368984442,988.822642118743,246.82725188074022,116.93416429568956,713.4855318901922,485.40961665471394,4427.640215661185,1769.5389932032995,988.6486797514416,408.8096869510114,116.93271488280523,711.2412697147188,485.40961665471394,4427.640215661185,1769.5389932032995,988.6486797514416,408.8096869510114,116.93271488280523,711.2412697147188
2026-02-27 02:00:00+00:00,374.39,3287.41,1857.87,1007.09,0.17995672,117.89,780.79,507.5001997587751,4030.718414174509,1853.3114675926004,988.822642118743,262.05466983561075,116.93416429568956,714.4920522951641,485.40961665471394,4427.640215661185,1769.5389932032995,988.6486797514416,408.8096869510114,116.93271488280523,711.2412697147188,485.40961665471394,4427.640215661185,1769.5389932032995,988.6486797514416,408.8096869510114,116.93271488280523,711.2412697147188
2026-02-27 03:00:00+00:00,375.37,3374.12,1984.58,1007.56,2.309992,117.95,819.94,511.97344225846314,4092.741588170977,1876.7884126471417,988.822642118743,277.28208779048134,116.93416429568956,714.9537046344325,485.40961665471394,4427.640215661185,1769.5389932032995,988.6486797514416,408.8096869510114,116.93271488280523,711.2412697147188,485.40961665471394,4427.640215661185,1769.5389932032995,988.6486797514416,408.8096869510114,116.93271488280523,711.2412697147188
2026-02-27 04:00:00+00:00,377.89,4102.04,2285.84,1006.33,17.719995,117.81,830.88,516.7509653556892,4193.737418094505,1902.5413097237436,988.822642118743,292.50950574535193,116.93416429568956,715.2732213741276,485.40961665471394,4427.640215661185,1769.5389932032995,988.6486797514416,408.8096869510114,116.93271488280523,711.2412697147188,485.40961665471394,4427.640215661185,1769.5389932032995,988.6486797514416,408.8096869510114,116.93271488280523,711.2412697147188
2026-02-27 05:00:00+00:00,383.53,5669.71,2529.76,1021.02,563.34,137.5,828.51,523.5948427880098,4343.469317141847,1939.1010159596165,988.822642118743,307.7369237002225,116.93416429568956,715.4557988020622,485.40961665471394,4427.640215661185,1769.5389932032995,988.6486797514416,408.8096869510114,116.93271488280523,711.2412697147188,485.40961665471394,4427.640215661185,1769.5389932032995,988.6486797514416,408.8096869510114,116.93271488280523,711.2412697147188
2026-02-27 06:00:00+00:00,391.3,5949.25,2654.78,1028.08,943.8,144.52,847.37,528.2116548700001,4445.558488508587,1962.1890163519024,988.822642118743,322.96434165509305,116.93416429568956,715.5345810093171,485.40961665471394,4427.640215661185,1769.5389932032995,988.6486797514416,408.8096869510114,116.93271488280523,711.2412697147188,485.40961665471394,4427.640215661185,1769.5389932032995,988.6486797514416,408.8096869510114,116.93271488280523,711.2412697147188
2026-02-27 07:00:00+00:00,395.06,5430.57,2502.71,1033.89,613.33,145.12,839.32,522.6644055107623,4355.949473094139,1931.5053065134962,988.822642118743,338.19175960996364,116.93416429568956,714.5243339261832,485.40961665471394,4427.640215661185,1769.5389932032995,988.6486797514416,408.8096869510114,116.93271488280523,711.2412697147188,485.40961665471394,4427.640215661185,1769.5389932032995,988.6486797514416,408.8096869510114,116.93271488280523,711.2412697147188
2026-02-27 08:00:00+00:00,387.66,3543.3,2144.59,1029.08,52.230007,126.92,809.75,503.081406288038,4158.740046292568,1834.6720775931653,988.822642118743,353.4191775648342,116.93416429568956,711.0468974021143,485.40961665471394,4427.640215661185,1769.5389932032995,988.6486797514416,408.8096869510114,116.93271488280523,711.2412697147188,485.40961665471394,4427.640215661185,1769.5389932032995,988.6486797514416,408.8096869510114,116.93271488280523,711.2412697147188
2026-02-27 09:00:00+00:00,381.63,3040.76,1487.52,995.11,-5.431801e-06,116.5,759.04,480.56195944470136,4026.950450212594,1722.830151994717,988.822642118743,368.64659551970476,116.93416429568956,706.3799054388039,485.40961665471394,4427.640215661185,1769.5389932032995,988.6486797514416,408.8096869510114,116.93271488280523,711.2412697147188,485.40961665471394,4427.640215661185,1769.5389932032995,988.6486797514416,408.8096869510114,116.93271488280523,711.2412697147188
2026-02-27 10:00:00+00:00,379.31,2857.38,1390.7,988.88,-5.431801e-06,115.76,744.32,459.4064777962354,3937.4182146927137,1619.351996955689,988.822642118743,383.87401347457535,116.93416429568956,701.9413187128114,485.40961665471394,4427.640215661185,1769.5389932032995,988.6486797514416,408.8096869510114,116.93271488280523,711.2412697147188,485.40961665471394,4427.640215661185,1769.5389932032995,988.6486797514416,408.8096869510114,116.93271488280523,711.2412697147188
2026-02-27 11:00:00+00:00,370.69,2823.5,1328.73,970.91,-5.431801e-06,113.66,750.17,442.49685903331255,3896.9141461474123,1537.437848234824,988.822642118743,399.1014314294459,116.93416429568956,698.2147932635697,485.40961665471394,4427.640215661185,1769.5389932032995,988.6486797514416,408.8096869510114,116.93271488280523,711.2412697147188,485.40961665471394,4427.640215661185,1769.5389932032995,988.6486797514416,408.8096869510114,116.93271488280523,711.2412697147188
2026-02-27 12:00:00+00:00,364.38,2875.83,1294.48,987.37,-5.431801e-06,115.59,751.56,432.2366062692425,3893.000283524506,1490.2368782171552,988.822642118743,414.32884938431647,116.93416429568956,695.8697031832478,485.40961665471394,4427.640215661185,1769.5389932032995,988.6486797514416,408.8096869510114,116.93271488280523,711.2412697147188,485.40961665471394,4427.640215661185,1769.5389932032995,988.6486797514416,408.8096869510114,116.93271488280523,711.2412697147188
2026-02-27 13:00:00+00:00,364.27,3076.1,1305.19,993.76,0.010004334,116.34,748.85,425.1254404430181,3897.3338569300254,1460.0070643235795,988.822642118743,429.556267339187,116.93416429568956,694.0568872113168,485.40961665471394,4427.640215661185,1769.5389932032995,988.6486797514416,408.8096869510114,116.93271488280523,711.2412697147188,485.40961665471394,4427.640215661185,1769.5389932032995,988.6486797514416,408.8096869510114,116.93271488280523,711.2412697147188
2026-02-27 14:00:00+00:00,365.56,3836.94,1594.64,1007.38,0.099970154,117.93,741.33,425.73224093117415,4066.167975445543,1470.2827304862349,988.822642118743,444.7836852940576,116.93416429568956,693.5978351703902,485.40961665471394,4427.640215661185,1769.5389932032995,988.6486797514416,408.8096869510114,116.93271488280523,711.2412697147188,485.40961665471394,4427.640215661185,1769.5389932032995,988.6486797514416,408.8096869510114,116.93271488280523,711.2412697147188
2026-02-27 15:00:00+00:00,431.85,5685.56,2179.99,1037.74,798.65,133.74,755.27,438.76445088625445,4466.9736465352225,1538.2803497617922,988.822642118743,460.0111032489282,116.93416429568956,694.3464392438545,485.40961665471394,4427.640215661185,1769.5389932032995,988.6486797514416,408.8096869510114,116.93271488280523,711.2412697147188,485.40961665471394,4427.640215661185,1769.5389932032995,988.6486797514416,408.8096869510114,116.93271488280523,711.2412697147188
2026-02-27 16:00:00+00:00,497.55,6198.47,2438.9,1016.48,1377.01,143.16,776.03,461.82239122302025,4777.894269269054,1654.33071724283,988.822642118743,475.2385212037987,116.93416429568956,697.4285441655518,485.40961665471394,4427.640215661185,1769.5389932032995,988.6486797514416,408.8096869510114,116.93271488280523,711.2412697147188,485.40961665471394,4427.640215661185,1769.5389932032995,988.6486797514416,408.8096869510114,116.93271488280523,711.2412697147188
2026-02-27 17:00:00+00:00,506.69,6130.89,2607.63,1011.28,1341.99,142.55,781.76,479.5156691805754,4773.354448548914,1743.3089030319904,988.822642118743,490.46593915866924,116.93416429568956,701.3798078806389,485.40961665471394,4427.640215661185,1769.5389932032995,988.6486797514416,408.8096869510114,116.93271488280523,711.2412697147188,485.40961665471394,4427.640215661185,1769.5389932032995,988.6486797514416,408.8096869510114,116.93271488280523,711.2412697147188
2026-02-27 18:00:00+00:00,508.95,6175.87,2657.7,1021.08,1318.0898,143.7,782.23,482.86709525527357,4658.216727542173,1762.896489422349,988.822642118743,505.69335711353983,116.93416429568956,702.90857081017,485.40961665471394,4427.640215661185,1769.5389932032995,988.6486797514416,408.8096869510114,116.93271488280523,711.2412697147188,485.40961665471394,4427.640215661185,1769.5389932032995,988.6486797514416,408.8096869510114,116.93271488280523,711.2412697147188
2026-02-27 19:00:00+00:00,468.17,6078.48,2642.31,1014.7,1194.75,142.95,794.3,486.04628747820493,4562.688951345918,1778.2176199638166,988.822642118743,520.9207750684104,116.93416429568956,703.896827345007,485.40961665471394,4427.640215661185,1769.5389932032995,988.6486797514416,408.8096869510114,116.93271488280523,711.2412697147188,485.40961665471394,4427.640215661185,1769.5389932032995,988.6486797514416,408.8096869510114,116.93271488280523,711.2412697147188
2026-02-27 20:00:00+00:00,383.08,6113.64,2580.69,1012.14,1054.39,130.97,776.05,488.4608508469791,4459.976399131042,1793.1403330971004,988.822642118743,536.148193023281,116.93416429568956,705.5191463786464,485.40961665471394,4427.640215661185,1769.5389932032995,988.6486797514416,408.8096869510114,116.93271488280523,711.2412697147188,485.40961665471394,4427.640215661185,1769.5389932032995,988.6486797514416,408.8096869510114,116.93271488280523,711.2412697147188
2026-02-27 21:00:00+00:00,379.85,6101.88,2341.34,1008.54,813.72,118.07,770.03,489.88996591006537,4371.2562446517695,1804.577523451966,988.822642118743,551.3756109781515,116.93416429568956,707.0382490253467,485.40961665471394,4427.640215661185,1769.5389932032995,988.6486797514416,408.8096869510114,116.93271488280523,711.2412697147188,485.40961665471394,4427.640215661185,1769.5389932032995,988.6486797514416,408.8096869510114,116.93271488280523,711.2412697147188
2026-02-27 22:00:00+00:00,374.54,6090.99,2142.08,1002.81,445.41,117.4,771.58,493.2846285325542,4325.526860433074,1824.5826755562393,988.822642118743,566.6030289330221,116.93416429568956,708.5145348304148,485.40961665471394,4427.640215661185,1769.5389932032995,988.6486797514416,408.8096869510114,116.93271488280523,711.2412697147188,485.40961665471394,4427.640215661185,1769.5389932032995,988.6486797514416,408.8096869510114,116.93271488280523,711.2412697147188
2026-02-27 23:00:00+00:00,362.4,6101.13,1835.37,1000.24,448.87,117.1,771.16,492.1223668324381,4250.085221352699,1825.8740550105765,988.822642118743,581.8304468878927,116.93416429568956,709.5975358008529,485.40961665471394,4427.640215661185,1769.5389932032995,988.6486797514416,408.8096869510114,116.93271488280523,711.2412697147188,485.40961665471394,4427.640215661185,1769.5389932032995,988.6486797514416,408.8096869510114,116.93271488280523,711.2412697147188
